{
"type": "FeatureCollection",
"name": "roads",
"crs": { "type": "name", "properties": { "name": "urn:ogc:def:crs:OGC:1.3:CRS84" } },
"features": [
{ "type": "Feature", "properties": { "road_id": "SA-ROAD-1", "segment_id": "SA-1-33814803802036138020364" }, "geometry": { "type": "LineString", "coordinates": [ [ -84.500006906549388, 42.246843369405163 ], [ -84.499649519937634, 42.246866120434007 ], [ -84.499441477588135, 42.246871582249803 ], [ -84.49901466394418, 42.246865808781173 ] ] } },
{ "type": "Feature", "properties": { "road_id": "SA-ROAD-2", "segment_id": "SA-2-33814793802036138020363" }, "geometry": { "type": "LineString", "coordinates": [ [ -84.500006906549388, 42.246843369405163 ], [ -84.500285457522608, 42.246822307984374 ], [ -84.500587230245443, 42.246779493484745 ], [ -84.500930638674035, 42.246704138263283 ], [ -84.501371419679771, 42.246594238510063 ] ] } },
{ "type": "Feature", "properties": { "road_id": "SA-ROAD-3", "segment_id": "SA-3-33805513801670538020361" }, "geometry": { "type": "LineString", "coordinates": [ [ -84.501079474446826, 42.245408774091224 ], [ -84.50094594219064, 42.245495181710815 ], [ -84.500780909993793, 42.245580125812495 ], [ -84.500576366517478, 42.245681485536245 ], [ -84.50039451017922, 42.24578799502801 ], [ -84.5002648407132, 42.245892787537315 ], [ -84.500150689937882, 42.246029269945936 ], [ -84.500037958576698, 42.246240837418533 ], [ -84.499996724907248, 42.246460635316829 ], [ -84.499995359497532, 42.246649493794727 ], [ -84.500006906549388, 42.246843369405163 ] ] } },
{ "type": "Feature", "properties": { "road_id": "SA-ROAD-4", "segment_id": "SA-4-33813173802000838020009" }, "geometry": { "type": "LineString", "coordinates": [ [ -84.483726886353523, 42.244525504142175 ], [ -84.483127086735479, 42.24460847443077 ] ] } },
{ "type": "Feature", "properties": { "road_id": "SA-ROAD-5", "segment_id": "SA-5-33805513801670838016705" }, "geometry": { "type": "LineString", "coordinates": [ [ -84.501727328181815, 42.244741287743061 ], [ -84.501585973508327, 42.244926417912318 ], [ -84.501440051137806, 42.245088162482801 ], [ -84.501326329881493, 42.245203094505541 ], [ -84.501202392692576, 42.245312394583991 ], [ -84.501195578307289, 42.245317738689955 ], [ -84.501079474446826, 42.245408774091224 ] ] } },
{ "type": "Feature", "properties": { "road_id": "SA-ROAD-6", "segment_id": "SA-6-33813173802000738020008" }, "geometry": { "type": "LineString", "coordinates": [ [ -84.485941864539555, 42.244396583655785 ], [ -84.484865213209446, 42.24438428264861 ], [ -84.484754204790178, 42.244390153380586 ], [ -84.48462513192338, 42.244399880377763 ], [ -84.483726886353523, 42.244525504142175 ] ] } },
{ "type": "Feature", "properties": { "road_id": "SA-ROAD-7", "segment_id": "SA-7-33813183802000738020008" }, "geometry": { "type": "LineString", "coordinates": [ [ -84.485941864539555, 42.244396583655785 ], [ -84.485942602491363, 42.244784090027025 ], [ -84.485937578456543, 42.244856992533336 ], [ -84.485917000745062, 42.244897299895527 ], [ -84.485873247681965, 42.244970243279788 ], [ -84.485808832423075, 42.245039371876501 ], [ -84.485705685666929, 42.245106622574013 ], [ -84.485571527409107, 42.245158559238682 ], [ -84.485491518474788, 42.245173989418198 ], [ -84.485426990634323, 42.245183649666323 ], [ -84.484296114571322, 42.245175237056586 ], [ -84.484213476788213, 42.245165731155339 ], [ -84.484123071266438, 42.245144723357718 ], [ -84.484042961710657, 42.24510643869715 ], [ -84.483942153326396, 42.245045156311789 ], [ -84.483869728780945, 42.244974252162436 ], [ -84.483833478578646, 42.244918657264591 ], [ -84.483810144580374, 42.244866885163383 ], [ -84.483778971640504, 42.244765245204 ], [ -84.483771151147039, 42.244724967280696 ], [ -84.483726886353523, 42.244525504142175 ] ] } },
{ "type": "Feature", "properties": { "road_id": "SA-ROAD-8", "segment_id": "SA-8-33813173802000538020007" }, "geometry": { "type": "LineString", "coordinates": [ [ -84.488889339827125, 42.244379227953011 ], [ -84.488779730875891, 42.244383478620172 ], [ -84.4885785413599, 42.244392225197586 ], [ -84.48844052698422, 42.244398960317163 ], [ -84.488206147883844, 42.244401850379738 ], [ -84.485941864539555, 42.244396583655785 ] ] } },
{ "type": "Feature", "properties": { "road_id": "SA-ROAD-9", "segment_id": "SA-9- 9038023802000538007041" }, "geometry": { "type": "LineString", "coordinates": [ [ -84.488889339827125, 42.244379227953011 ], [ -84.489236148221423, 42.247113047244255 ] ] } },
{ "type": "Feature", "properties": { "road_id": "SA-ROAD-10", "segment_id": "SA-10-33805503801670838016709" }, "geometry": { "type": "LineString", "coordinates": [ [ -84.501727328181815, 42.244741287743061 ], [ -84.501020246588595, 42.24473934122171 ], [ -84.500687955687852, 42.244739692554774 ], [ -84.500507865967236, 42.244710632581473 ], [ -84.500372215256803, 42.244662809997415 ], [ -84.500262705083131, 42.24461170961149 ], [ -84.50016317299584, 42.244552271334982 ], [ -84.500082825286256, 42.244507616423661 ], [ -84.500018196855748, 42.244486168047693 ], [ -84.499925473398761, 42.244481284214018 ], [ -84.499588923522154, 42.24452157812987 ] ] } },
{ "type": "Feature", "properties": { "road_id": "SA-ROAD-11", "segment_id": "SA-11-33805513802036238016708" }, "geometry": { "type": "LineString", "coordinates": [ [ -84.501860757734391, 42.244310558943916 ], [ -84.501861089918719, 42.244326566574401 ], [ -84.501847583587363, 42.244467363356861 ], [ -84.501814456780082, 42.24458760163629 ], [ -84.501772212330707, 42.244669269050462 ], [ -84.501727328181815, 42.244741287743061 ] ] } },
{ "type": "Feature", "properties": { "road_id": "SA-ROAD-12", "segment_id": "SA-12-33805513801670338020362" }, "geometry": { "type": "LineString", "coordinates": [ [ -84.501791410689535, 42.243402263145008 ], [ -84.501849195111333, 42.243754080465173 ], [ -84.501860757734391, 42.244310558943916 ] ] } },
{ "type": "Feature", "properties": { "road_id": "SA-ROAD-13", "segment_id": "SA-13-33805523800758538007559" }, "geometry": { "type": "LineString", "coordinates": [ [ -84.590944171809014, 42.24376289133626 ], [ -84.588979635229748, 42.243764513025525 ], [ -84.588477273757064, 42.243783212101981 ], [ -84.588162998445853, 42.243807893330235 ], [ -84.587920431628106, 42.243862176364999 ], [ -84.587692173982632, 42.243923813216675 ], [ -84.58757604680028, 42.243936676460912 ], [ -84.58747023164932, 42.243920982102026 ], [ -84.587388706790477, 42.243898426628583 ], [ -84.587186560377845, 42.243874331183235 ], [ -84.586597567494209, 42.243873109764976 ] ] } },
{ "type": "Feature", "properties": { "road_id": "SA-ROAD-14", "segment_id": "SA-14- 9077013800760038007199" }, "geometry": { "type": "LineString", "coordinates": [ [ -84.599561606387823, 42.243805787639062 ], [ -84.599704952156259, 42.247515361960048 ] ] } },
{ "type": "Feature", "properties": { "road_id": "SA-ROAD-15", "segment_id": "SA-15-33805523800760038007585" }, "geometry": { "type": "LineString", "coordinates": [ [ -84.599561606387823, 42.243805787639062 ], [ -84.597633635941861, 42.243779216137852 ], [ -84.590944171809014, 42.24376289133626 ] ] } },
{ "type": "Feature", "properties": { "road_id": "SA-ROAD-16", "segment_id": "SA-16- 9038023800764838020005" }, "geometry": { "type": "LineString", "coordinates": [ [ -84.488687225331745, 42.24162776960106 ], [ -84.488652117999791, 42.242363998115167 ], [ -84.488739521819355, 42.243193366313243 ], [ -84.488889339827125, 42.244379227953011 ] ] } },
{ "type": "Feature", "properties": { "road_id": "SA-ROAD-17", "segment_id": "SA-17- 9038023800766538007648" }, "geometry": { "type": "LineString", "coordinates": [ [ -84.488680846474026, 42.241505059052237 ], [ -84.488687225331745, 42.24162776960106 ] ] } },
{ "type": "Feature", "properties": { "road_id": "SA-ROAD-18", "segment_id": "SA-18-33805493801670438016703" }, "geometry": { "type": "LineString", "coordinates": [ [ -84.498665657510813, 42.241440789444923 ], [ -84.498646912378632, 42.241641880536903 ], [ -84.498616806685774, 42.241822705376052 ], [ -84.498570602077208, 42.241961978476887 ], [ -84.498300932679186, 42.242489307267235 ], [ -84.498255429469168, 42.242599973928762 ], [ -84.498221432702678, 42.242764848217774 ], [ -84.498217458217255, 42.24292695006821 ], [ -84.498239540032841, 42.24307350595609 ], [ -84.498316997108816, 42.243230350597479 ], [ -84.498412578328853, 42.243346106645141 ], [ -84.498534372097623, 42.243439961027789 ], [ -84.498669622305172, 42.243508561306314 ], [ -84.498813818337851, 42.243561384701493 ], [ -84.498975981057697, 42.243579476633272 ], [ -84.499160157019745, 42.243572429171529 ], [ -84.499370543656696, 42.243543480524998 ], [ -84.499597963064161, 42.243517940688506 ], [ -84.499791238512827, 42.243488759853392 ], [ -84.500031334676251, 42.24346974915197 ], [ -84.500395172952864, 42.243465129638594 ], [ -84.500951278773158, 42.243470344905738 ], [ -84.501791410689535, 42.243402263145008 ] ] } },
{ "type": "Feature", "properties": { "road_id": "SA-ROAD-19", "segment_id": "SA-19-33805513801670438016703" }, "geometry": { "type": "LineString", "coordinates": [ [ -84.498665657510813, 42.241440789444923 ], [ -84.498868315032695, 42.241471205463576 ], [ -84.499106723805525, 42.241505471010349 ], [ -84.49929177685091, 42.24154748067096 ], [ -84.499442179164902, 42.241608772619877 ], [ -84.499535844771799, 42.241660832409146 ], [ -84.499676582298605, 42.241806649006968 ], [ -84.499784949458956, 42.241878659591826 ], [ -84.499908777929178, 42.241939592437845 ], [ -84.500048553712034, 42.241969700084844 ], [ -84.500192332409526, 42.24199139710084 ], [ -84.501354054175309, 42.241948561430881 ], [ -84.501581250199763, 42.241969440629248 ], [ -84.501729591568647, 42.242029328002644 ], [ -84.501859419212465, 42.242111226878045 ], [ -84.50190407532925, 42.242245406622686 ], [ -84.50188218492913, 42.242405402815507 ], [ -84.501835244288955, 42.24260958684998 ], [ -84.501792660505174, 42.24288061668242 ], [ -84.501791410689535, 42.243402263145008 ] ] } },
{ "type": "Feature", "properties": { "road_id": "SA-ROAD-20", "segment_id": "SA-20-33805493801670238016704" }, "geometry": { "type": "LineString", "coordinates": [ [ -84.498485744158543, 42.240303849265914 ], [ -84.498454910028826, 42.24068045307348 ], [ -84.498520355596469, 42.240944039957888 ], [ -84.498665657510813, 42.241440789444923 ] ] } },
{ "type": "Feature", "properties": { "road_id": "SA-ROAD-21", "segment_id": "SA-21- 9037103801670238007810" }, "geometry": { "type": "LineString", "coordinates": [ [ -84.498485744158543, 42.240303849265914 ], [ -84.498085346021227, 42.240300393760798 ], [ -84.497956033978596, 42.240286600532968 ], [ -84.497859221280279, 42.240269233366263 ], [ -84.497773184000039, 42.240231164490496 ] ] } },
{ "type": "Feature", "properties": { "road_id": "SA-ROAD-22", "segment_id": "SA-22- 9037103800784338016702" }, "geometry": { "type": "LineString", "coordinates": [ [ -84.514592062950754, 42.240281441942351 ], [ -84.505904225849562, 42.240307835424176 ], [ -84.498485744158543, 42.240303849265914 ] ] } },
{ "type": "Feature", "properties": { "road_id": "SA-ROAD-23", "segment_id": "SA-23- 9037103800785138007843" }, "geometry": { "type": "LineString", "coordinates": [ [ -84.51758746090637, 42.24026852655345 ], [ -84.514592062950754, 42.240281441942351 ] ] } },
{ "type": "Feature", "properties": { "road_id": "SA-ROAD-24", "segment_id": "SA-24- 8997053800785138007053" }, "geometry": { "type": "LineString", "coordinates": [ [ -84.51758746090637, 42.24026852655345 ], [ -84.517595471981124, 42.243366790572182 ], [ -84.517658537032645, 42.247316591216759 ], [ -84.517662587176829, 42.247402130197372 ] ] } },
{ "type": "Feature", "properties": { "road_id": "SA-ROAD-25", "segment_id": "SA-25- 9038013802001638007810" }, "geometry": { "type": "LineString", "coordinates": [ [ -84.497637774944536, 42.239860656129949 ], [ -84.497644303538138, 42.240001389781384 ], [ -84.497677289460398, 42.240088140656717 ], [ -84.497718573431783, 42.240166975281412 ], [ -84.497773184000039, 42.240231164490496 ] ] } },
{ "type": "Feature", "properties": { "road_id": "SA-ROAD-26", "segment_id": "SA-26-33813143802001038020012" }, "geometry": { "type": "LineString", "coordinates": [ [ -84.496162704930342, 42.23978168406245 ], [ -84.495996547280797, 42.239789420304319 ], [ -84.494808855294096, 42.239790662593776 ] ] } },
{ "type": "Feature", "properties": { "road_id": "SA-ROAD-27", "segment_id": "SA-27-33813143802001638020010" }, "geometry": { "type": "LineString", "coordinates": [ [ -84.497637774944536, 42.239860656129949 ], [ -84.49733438086885, 42.239851973768559 ], [ -84.497170248693692, 42.239852799575331 ], [ -84.497022597042275, 42.239850799300243 ], [ -84.496913721163779, 42.23985694566904 ], [ -84.496780462223683, 42.239853615973765 ], [ -84.496162704930342, 42.23978168406245 ] ] } },
{ "type": "Feature", "properties": { "road_id": "SA-ROAD-28", "segment_id": "SA-28-33813153802001238020013" }, "geometry": { "type": "LineString", "coordinates": [ [ -84.494808855294096, 42.239790662593776 ], [ -84.494798587600911, 42.239388982624362 ] ] } },
{ "type": "Feature", "properties": { "road_id": "SA-ROAD-29", "segment_id": "SA-29-33813143802001238020014" }, "geometry": { "type": "LineString", "coordinates": [ [ -84.494808855294096, 42.239790662593776 ], [ -84.493778483360572, 42.239790003828567 ], [ -84.493726645961118, 42.239782360480795 ], [ -84.493628123850257, 42.239751665639346 ], [ -84.493550275532996, 42.239693993040689 ], [ -84.493493109411745, 42.239613192756941 ], [ -84.493482588626975, 42.239536191170231 ], [ -84.493476806271573, 42.2392396960296 ] ] } },
{ "type": "Feature", "properties": { "road_id": "SA-ROAD-30", "segment_id": "SA-30- 8997053800798538007851" }, "geometry": { "type": "LineString", "coordinates": [ [ -84.517469751403695, 42.238897214644254 ], [ -84.51758746090637, 42.24026852655345 ] ] } },
{ "type": "Feature", "properties": { "road_id": "SA-ROAD-31", "segment_id": "SA-31-33813163802001038020011" }, "geometry": { "type": "LineString", "coordinates": [ [ -84.496162704930342, 42.23978168406245 ], [ -84.496048768322765, 42.237477688301439 ] ] } },
{ "type": "Feature", "properties": { "road_id": "SA-ROAD-32", "segment_id": "SA-32- 9042073800810538008102" }, "geometry": { "type": "LineString", "coordinates": [ [ -84.48354225601058, 42.237143560542776 ], [ -84.48287573866385, 42.237175646921173 ] ] } },
{ "type": "Feature", "properties": { "road_id": "SA-ROAD-33", "segment_id": "SA-33- 9041053800810538008069" }, "geometry": { "type": "LineString", "coordinates": [ [ -84.48354225601058, 42.237143560542776 ], [ -84.483557549728019, 42.237860454280536 ] ] } },
{ "type": "Feature", "properties": { "road_id": "SA-ROAD-34", "segment_id": "SA-34- 9042073800812238008105" }, "geometry": { "type": "LineString", "coordinates": [ [ -84.48703192687789, 42.236993885424866 ], [ -84.484545433479568, 42.237062849838225 ], [ -84.48354225601058, 42.237143560542776 ] ] } },
{ "type": "Feature", "properties": { "road_id": "SA-ROAD-35", "segment_id": "SA-35- 9042043800812238007993" }, "geometry": { "type": "LineString", "coordinates": [ [ -84.48703192687789, 42.236993885424866 ], [ -84.487085090003276, 42.23854489405209 ], [ -84.487087130102864, 42.23864823296735 ] ] } },
{ "type": "Feature", "properties": { "road_id": "SA-ROAD-36", "segment_id": "SA-36- 9041053800819138008105" }, "geometry": { "type": "LineString", "coordinates": [ [ -84.483503146315414, 42.236071508223112 ], [ -84.48354225601058, 42.237143560542776 ] ] } },
{ "type": "Feature", "properties": { "road_id": "SA-ROAD-37", "segment_id": "SA-37- 9042063800820738008191" }, "geometry": { "type": "LineString", "coordinates": [ [ -84.487016218479269, 42.235994036392903 ], [ -84.483503146315414, 42.236071508223112 ] ] } },
{ "type": "Feature", "properties": { "road_id": "SA-ROAD-38", "segment_id": "SA-38- 9042043800820738008122" }, "geometry": { "type": "LineString", "coordinates": [ [ -84.487016218479269, 42.235994036392903 ], [ -84.48703192687789, 42.236993885424866 ] ] } },
{ "type": "Feature", "properties": { "road_id": "SA-ROAD-39", "segment_id": "SA-39- 9042053800830938008308" }, "geometry": { "type": "LineString", "coordinates": [ [ -84.483491303160335, 42.235049298232234 ], [ -84.482803500700768, 42.235067874913668 ] ] } },
{ "type": "Feature", "properties": { "road_id": "SA-ROAD-40", "segment_id": "SA-40- 9041053800830938008191" }, "geometry": { "type": "LineString", "coordinates": [ [ -84.483491303160335, 42.235049298232234 ], [ -84.483503146315414, 42.236071508223112 ] ] } },
{ "type": "Feature", "properties": { "road_id": "SA-ROAD-41", "segment_id": "SA-41- 9042053800831238008309" }, "geometry": { "type": "LineString", "coordinates": [ [ -84.485076748024923, 42.235026990690848 ], [ -84.483491303160335, 42.235049298232234 ] ] } },
{ "type": "Feature", "properties": { "road_id": "SA-ROAD-42", "segment_id": "SA-42- 9042053800831738008312" }, "geometry": { "type": "LineString", "coordinates": [ [ -84.48684956520043, 42.234989076879579 ], [ -84.485076748024923, 42.235026990690848 ] ] } },
{ "type": "Feature", "properties": { "road_id": "SA-ROAD-43", "segment_id": "SA-43- 9042043800831738008207" }, "geometry": { "type": "LineString", "coordinates": [ [ -84.48684956520043, 42.234989076879579 ], [ -84.486906378836792, 42.235016738115924 ], [ -84.486941304624295, 42.235049072233544 ], [ -84.486970229948113, 42.235093006705718 ], [ -84.486983925250286, 42.235174962511906 ], [ -84.486988603026816, 42.235390600546275 ], [ -84.487016218479269, 42.235994036392903 ] ] } },
{ "type": "Feature", "properties": { "road_id": "SA-ROAD-44", "segment_id": "SA-44- 9042053800831438008317" }, "geometry": { "type": "LineString", "coordinates": [ [ -84.487438418952252, 42.234992453590827 ], [ -84.48684956520043, 42.234989076879579 ] ] } },
{ "type": "Feature", "properties": { "road_id": "SA-ROAD-45", "segment_id": "SA-45-33816513802165038021649" }, "geometry": { "type": "LineString", "coordinates": [ [ -84.494572235094353, 42.235021295450281 ], [ -84.494203722761924, 42.235032538568262 ] ] } },
{ "type": "Feature", "properties": { "road_id": "SA-ROAD-46", "segment_id": "SA-46-33816503802165038021651" }, "geometry": { "type": "LineString", "coordinates": [ [ -84.494572235094353, 42.235021295450281 ], [ -84.494966626006914, 42.235017766996862 ] ] } },
{ "type": "Feature", "properties": { "road_id": "SA-ROAD-47", "segment_id": "SA-47- 9077013800837038007600" }, "geometry": { "type": "LineString", "coordinates": [ [ -84.599131729074642, 42.236008902500629 ], [ -84.599369376124386, 42.240419747853593 ], [ -84.599561606387823, 42.243805787639062 ] ] } },
{ "type": "Feature", "properties": { "road_id": "SA-ROAD-48", "segment_id": "SA-48-33816523800840838021653" }, "geometry": { "type": "LineString", "coordinates": [ [ -84.494655740757182, 42.234136512120692 ], [ -84.494083769528373, 42.234130376753384 ], [ -84.493996499073958, 42.234157793491214 ], [ -84.493946825679046, 42.234221472426292 ], [ -84.493944429247819, 42.234514605812556 ], [ -84.493932425779249, 42.234532148520202 ], [ -84.493919227858427, 42.234542463391421 ], [ -84.493898993120837, 42.234551808071863 ], [ -84.493871322658748, 42.234552939400338 ], [ -84.492974780594054, 42.234548903199567 ] ] } },
{ "type": "Feature", "properties": { "road_id": "SA-ROAD-49", "segment_id": "SA-49-33805623800840838021650" }, "geometry": { "type": "LineString", "coordinates": [ [ -84.494655740757182, 42.234136512120692 ], [ -84.494551305542501, 42.234290456349825 ], [ -84.494572235094353, 42.235021295450281 ] ] } },
{ "type": "Feature", "properties": { "road_id": "SA-ROAD-50", "segment_id": "SA-50- 9041053800850638008309" }, "geometry": { "type": "LineString", "coordinates": [ [ -84.483545821247176, 42.232912530376389 ], [ -84.483572156301847, 42.233988104548885 ], [ -84.483500179287091, 42.234392612874423 ], [ -84.483491303160335, 42.235049298232234 ] ] } },
{ "type": "Feature", "properties": { "road_id": "SA-ROAD-51", "segment_id": "SA-51- 9035093800850838008506" }, "geometry": { "type": "LineString", "coordinates": [ [ -84.485113119161355, 42.232933871899654 ], [ -84.483545821247176, 42.232912530376389 ] ] } },
{ "type": "Feature", "properties": { "road_id": "SA-ROAD-52", "segment_id": "SA-52- 9041043800850838008312" }, "geometry": { "type": "LineString", "coordinates": [ [ -84.485113119161355, 42.232933871899654 ], [ -84.485076748024923, 42.235026990690848 ] ] } },
{ "type": "Feature", "properties": { "road_id": "SA-ROAD-53", "segment_id": "SA-53- 9035093800850638008503" }, "geometry": { "type": "LineString", "coordinates": [ [ -84.483545821247176, 42.232912530376389 ], [ -84.482637931084795, 42.232892543727175 ] ] } },
{ "type": "Feature", "properties": { "road_id": "SA-ROAD-54", "segment_id": "SA-54- 9035093800851138008508" }, "geometry": { "type": "LineString", "coordinates": [ [ -84.490354662551752, 42.23297799185621 ], [ -84.485113119161355, 42.232933871899654 ] ] } },
{ "type": "Feature", "properties": { "road_id": "SA-ROAD-55", "segment_id": "SA-55- 9035093800851238008511" }, "geometry": { "type": "LineString", "coordinates": [ [ -84.490743560169562, 42.232978846015946 ], [ -84.490354662551752, 42.23297799185621 ] ] } },
{ "type": "Feature", "properties": { "road_id": "SA-ROAD-56", "segment_id": "SA-56- 9038023800851238007665" }, "geometry": { "type": "LineString", "coordinates": [ [ -84.490743560169562, 42.232978846015946 ], [ -84.490699754714214, 42.233089756432875 ], [ -84.49061545360658, 42.233359696755066 ], [ -84.490561494480858, 42.233890748411341 ], [ -84.490560788797254, 42.233975726278189 ], [ -84.490486375289706, 42.234869706579218 ], [ -84.490394352148527, 42.235330861377847 ], [ -84.490205321128755, 42.235987646485931 ], [ -84.489545621698568, 42.237754399420645 ], [ -84.489176498321285, 42.238923623379421 ], [ -84.488931546952116, 42.239977828059175 ], [ -84.488783867576529, 42.240909803729316 ], [ -84.488680846474026, 42.241505059052237 ] ] } },
{ "type": "Feature", "properties": { "road_id": "SA-ROAD-57", "segment_id": "SA-57- 9035093800851538008512" }, "geometry": { "type": "LineString", "coordinates": [ [ -84.492659608434906, 42.232985821870038 ], [ -84.491302495801605, 42.232979865770176 ], [ -84.490743560169562, 42.232978846015946 ] ] } },
{ "type": "Feature", "properties": { "road_id": "SA-ROAD-58", "segment_id": "SA-58- 9035093800851638008515" }, "geometry": { "type": "LineString", "coordinates": [ [ -84.494786934031723, 42.232985737687983 ], [ -84.492659608434906, 42.232985821870038 ] ] } },
{ "type": "Feature", "properties": { "road_id": "SA-ROAD-59", "segment_id": "SA-59-33805623800851638008408" }, "geometry": { "type": "LineString", "coordinates": [ [ -84.494786934031723, 42.232985737687983 ], [ -84.494780832664063, 42.233122772045014 ], [ -84.494791180855486, 42.233892065908016 ], [ -84.494747394302806, 42.234032762193038 ], [ -84.494655740757182, 42.234136512120692 ] ] } },
{ "type": "Feature", "properties": { "road_id": "SA-ROAD-60", "segment_id": "SA-60- 9035093800851938008516" }, "geometry": { "type": "LineString", "coordinates": [ [ -84.497429812319623, 42.232980894188557 ], [ -84.494786934031723, 42.232985737687983 ] ] } },
{ "type": "Feature", "properties": { "road_id": "SA-ROAD-61", "segment_id": "SA-61- 9038013800851938020016" }, "geometry": { "type": "LineString", "coordinates": [ [ -84.497429812319623, 42.232980894188557 ], [ -84.497637774944536, 42.239860656129949 ] ] } },
{ "type": "Feature", "properties": { "road_id": "SA-ROAD-62", "segment_id": "SA-62- 9035093800850738008519" }, "geometry": { "type": "LineString", "coordinates": [ [ -84.502312106384437, 42.233000436910331 ], [ -84.497429812319623, 42.232980894188557 ] ] } },
{ "type": "Feature", "properties": { "road_id": "SA-ROAD-63", "segment_id": "SA-63- 9035093802540438008507" }, "geometry": { "type": "LineString", "coordinates": [ [ -84.507616104701654, 42.233011019546261 ], [ -84.502312106384437, 42.233000436910331 ] ] } },
{ "type": "Feature", "properties": { "road_id": "SA-ROAD-64", "segment_id": "SA-64- 9035093801672938025404" }, "geometry": { "type": "LineString", "coordinates": [ [ -84.511382155536893, 42.233018385347229 ], [ -84.507616104701654, 42.233011019546261 ] ] } },
{ "type": "Feature", "properties": { "road_id": "SA-ROAD-65", "segment_id": "SA-65- 9035093800853238016729" }, "geometry": { "type": "LineString", "coordinates": [ [ -84.516986082752936, 42.233007748326209 ], [ -84.515555745666461, 42.233010488861431 ], [ -84.51257207265644, 42.233016149162637 ], [ -84.511382155536893, 42.233018385347229 ] ] } },
{ "type": "Feature", "properties": { "road_id": "SA-ROAD-66", "segment_id": "SA-66- 8997053800853238007985" }, "geometry": { "type": "LineString", "coordinates": [ [ -84.516986082752936, 42.233007748326209 ], [ -84.517119189866818, 42.234439118229027 ], [ -84.517286323836885, 42.236771970645826 ], [ -84.517289216777925, 42.236813039461531 ], [ -84.517469751403695, 42.238897214644254 ] ] } },
{ "type": "Feature", "properties": { "road_id": "SA-ROAD-67", "segment_id": "SA-67- 9035093800855338008532" }, "geometry": { "type": "LineString", "coordinates": [ [ -84.540750720439178, 42.232986739664035 ], [ -84.534106207403681, 42.232967108991723 ], [ -84.529287387375689, 42.232978806022537 ], [ -84.516986082752936, 42.233007748326209 ] ] } },
{ "type": "Feature", "properties": { "road_id": "SA-ROAD-68", "segment_id": "SA-68- 8997023800855338007077" }, "geometry": { "type": "LineString", "coordinates": [ [ -84.540750720439178, 42.232986739664035 ], [ -84.540184238798787, 42.233407687196873 ], [ -84.539996242489579, 42.233568010706158 ], [ -84.539850607189479, 42.233740416460961 ], [ -84.539757471195159, 42.233906311263048 ], [ -84.539687522662661, 42.234075393084552 ], [ -84.539607047740972, 42.234397278228386 ], [ -84.539443226548059, 42.235952420499956 ], [ -84.53924584348205, 42.237688201903367 ], [ -84.538878552911612, 42.241232556468674 ], [ -84.538705149600119, 42.24263038576629 ], [ -84.538651653802532, 42.24284800179236 ], [ -84.53853637346829, 42.243124616746442 ], [ -84.538411235074875, 42.243308390296718 ], [ -84.538079995120611, 42.243700771673275 ], [ -84.537832680883838, 42.243986047499256 ], [ -84.537650192437397, 42.244236111358127 ], [ -84.537464633973258, 42.244522201094107 ], [ -84.537420375444469, 42.24461998257415 ], [ -84.53735959232786, 42.244790326073634 ], [ -84.537318031060323, 42.244962661649176 ], [ -84.537297901688518, 42.245469126272255 ], [ -84.537334088207928, 42.247492911265383 ] ] } },
{ "type": "Feature", "properties": { "road_id": "SA-ROAD-69", "segment_id": "SA-69- 9035093802031738008553" }, "geometry": { "type": "LineString", "coordinates": [ [ -84.551697147290781, 42.232933753962762 ], [ -84.54147226323478, 42.232973077107886 ], [ -84.540750720439178, 42.232986739664035 ] ] } },
{ "type": "Feature", "properties": { "road_id": "SA-ROAD-70", "segment_id": "SA-70- 9035093800857038020317" }, "geometry": { "type": "LineString", "coordinates": [ [ -84.552623724387161, 42.232930145195681 ], [ -84.551697147290781, 42.232933753962762 ] ] } },
{ "type": "Feature", "properties": { "road_id": "SA-ROAD-71", "segment_id": "SA-71- 9035093800858638008570" }, "geometry": { "type": "LineString", "coordinates": [ [ -84.561063848490619, 42.232924507449944 ], [ -84.552623724387161, 42.232930145195681 ] ] } },
{ "type": "Feature", "properties": { "road_id": "SA-ROAD-72", "segment_id": "SA-72- 8996013800858638007099" }, "geometry": { "type": "LineString", "coordinates": [ [ -84.561063848490619, 42.232924507449944 ], [ -84.560952830760783, 42.233341192686929 ], [ -84.559977130584272, 42.235407965563383 ], [ -84.559641106608723, 42.236313753050759 ], [ -84.558086132583085, 42.240218570902599 ], [ -84.55734311008942, 42.242149299556154 ], [ -84.557072649915099, 42.242796791459412 ], [ -84.557024020829573, 42.243055300070203 ], [ -84.55699792923815, 42.24380078182346 ], [ -84.556968125616294, 42.247614705864279 ] ] } },
{ "type": "Feature", "properties": { "road_id": "SA-ROAD-73", "segment_id": "SA-73- 9035093800860538008586" }, "geometry": { "type": "LineString", "coordinates": [ [ -84.570927305703833, 42.232906396061026 ], [ -84.565913265977215, 42.232893564792086 ], [ -84.561063848490619, 42.232924507449944 ] ] } },
{ "type": "Feature", "properties": { "road_id": "SA-ROAD-74", "segment_id": "SA-74- 9035103800860538007123" }, "geometry": { "type": "LineString", "coordinates": [ [ -84.570927305703833, 42.232906396061026 ], [ -84.571068822032615, 42.236468086331698 ], [ -84.571304610170486, 42.240306789152342 ], [ -84.571501033137608, 42.243818086948231 ], [ -84.571721940548471, 42.247092798591368 ], [ -84.571775476820804, 42.247617774899396 ] ] } },
{ "type": "Feature", "properties": { "road_id": "SA-ROAD-75", "segment_id": "SA-75- 9035093800861738008605" }, "geometry": { "type": "LineString", "coordinates": [ [ -84.575803041958864, 42.23289941026502 ], [ -84.570927305703833, 42.232906396061026 ] ] } },
{ "type": "Feature", "properties": { "road_id": "SA-ROAD-76", "segment_id": "SA-76- 9035093800863838008617" }, "geometry": { "type": "LineString", "coordinates": [ [ -84.598964512389912, 42.232939181758937 ], [ -84.580820855683285, 42.232885516083677 ], [ -84.575803041958864, 42.23289941026502 ] ] } },
{ "type": "Feature", "properties": { "road_id": "SA-ROAD-77", "segment_id": "SA-77- 9077013800863838008370" }, "geometry": { "type": "LineString", "coordinates": [ [ -84.598964512389912, 42.232939181758937 ], [ -84.599131729074642, 42.236008902500629 ] ] } },
{ "type": "Feature", "properties": { "road_id": "SA-ROAD-78", "segment_id": "SA-78-33805633800851538008610" }, "geometry": { "type": "LineString", "coordinates": [ [ -84.492659608434906, 42.232985821870038 ], [ -84.492671176843075, 42.232415654591414 ], [ -84.492685547468454, 42.232194590103894 ], [ -84.492750660330387, 42.232089269559573 ], [ -84.492919796626012, 42.231870308662579 ], [ -84.49330037211314, 42.231345335817018 ] ] } },
{ "type": "Feature", "properties": { "road_id": "SA-ROAD-79", "segment_id": "SA-79-33805653800861338016724" }, "geometry": { "type": "LineString", "coordinates": [ [ -84.49275379463235, 42.231120743063002 ], [ -84.492642846259059, 42.231138606737183 ], [ -84.492557775493381, 42.231149374330727 ], [ -84.492463078787807, 42.231178749022249 ], [ -84.492081761607707, 42.231492101135167 ], [ -84.49201964479704, 42.231501477881181 ], [ -84.491866509687895, 42.231540105859047 ] ] } },
{ "type": "Feature", "properties": { "road_id": "SA-ROAD-80", "segment_id": "SA-80-33805643800861038008613" }, "geometry": { "type": "LineString", "coordinates": [ [ -84.49330037211314, 42.231345335817018 ], [ -84.49275379463235, 42.231120743063002 ] ] } },
{ "type": "Feature", "properties": { "road_id": "SA-ROAD-81", "segment_id": "SA-81- 9041133801672938016730" }, "geometry": { "type": "LineString", "coordinates": [ [ -84.511382155536893, 42.233018385347229 ], [ -84.511346051603866, 42.231927661522207 ], [ -84.511330208451071, 42.231475398437134 ], [ -84.511249186298514, 42.231128625375774 ] ] } },
{ "type": "Feature", "properties": { "road_id": "SA-ROAD-82", "segment_id": "SA-82-33805633800861038008693" }, "geometry": { "type": "LineString", "coordinates": [ [ -84.49330037211314, 42.231345335817018 ], [ -84.493828590101373, 42.23065275828327 ] ] } },
{ "type": "Feature", "properties": { "road_id": "SA-ROAD-83", "segment_id": "SA-83-33805643800861338008732" }, "geometry": { "type": "LineString", "coordinates": [ [ -84.49275379463235, 42.231120743063002 ], [ -84.492784002015227, 42.231018644112183 ], [ -84.492793874013771, 42.230929031974568 ], [ -84.492805626589941, 42.230840869515944 ], [ -84.492826330328299, 42.230778470207831 ], [ -84.492877727501039, 42.230715063782867 ], [ -84.49334639577603, 42.230240937586565 ] ] } },
{ "type": "Feature", "properties": { "road_id": "SA-ROAD-84", "segment_id": "SA-84- 8997053801942938008532" }, "geometry": { "type": "LineString", "coordinates": [ [ -84.516873596642426, 42.230014392183136 ], [ -84.516986082752936, 42.233007748326209 ] ] } },
{ "type": "Feature", "properties": { "road_id": "SA-ROAD-85", "segment_id": "SA-85-33811443801942938019430" }, "geometry": { "type": "LineString", "coordinates": [ [ -84.516873596642426, 42.230014392183136 ], [ -84.519443009875033, 42.230045603377704 ] ] } },
{ "type": "Feature", "properties": { "road_id": "SA-ROAD-86", "segment_id": "SA-86-33814583802031638020317" }, "geometry": { "type": "LineString", "coordinates": [ [ -84.552488117232997, 42.22977669589914 ], [ -84.552461962527332, 42.230114707395316 ], [ -84.552484754782583, 42.230257650249818 ], [ -84.552566452391048, 42.230492138149557 ], [ -84.552621984686581, 42.230726284134427 ], [ -84.552676138729694, 42.231018767181681 ], [ -84.552698318508192, 42.231187638564023 ], [ -84.552677807635348, 42.231317048226323 ], [ -84.552613994977534, 42.231432924771227 ], [ -84.552068458656592, 42.231996379086219 ], [ -84.551790712298896, 42.232303976390725 ], [ -84.551745108931712, 42.232387671090883 ], [ -84.551697147290781, 42.232933753962762 ] ] } },
{ "type": "Feature", "properties": { "road_id": "SA-ROAD-87", "segment_id": "SA-87-33805603802031638008837" }, "geometry": { "type": "LineString", "coordinates": [ [ -84.552488117232997, 42.22977669589914 ], [ -84.55249406096722, 42.22977874623448 ], [ -84.552630466233538, 42.229816635571062 ], [ -84.552775689270845, 42.229838940512138 ], [ -84.55292973115003, 42.229845662841385 ], [ -84.553105259590936, 42.229836966173352 ], [ -84.553302354935425, 42.229808831349594 ] ] } },
{ "type": "Feature", "properties": { "road_id": "SA-ROAD-88", "segment_id": "SA-88-33805603800886638020316" }, "geometry": { "type": "LineString", "coordinates": [ [ -84.55204061990456, 42.229568410157064 ], [ -84.552171647044247, 42.229656793276192 ], [ -84.552328538450865, 42.229721637658535 ], [ -84.552488117232997, 42.22977669589914 ] ] } },
{ "type": "Feature", "properties": { "road_id": "SA-ROAD-89", "segment_id": "SA-89-33805603800883738008873" }, "geometry": { "type": "LineString", "coordinates": [ [ -84.553302354935425, 42.229808831349594 ], [ -84.553500109495786, 42.22978566710696 ], [ -84.553684396078822, 42.229776904660156 ], [ -84.553849575845561, 42.229781853438261 ], [ -84.5540330720452, 42.229806584934821 ], [ -84.554392288898541, 42.229867112344124 ], [ -84.554568866760448, 42.229866624082035 ], [ -84.55470077408809, 42.229848801244422 ], [ -84.554821941598334, 42.229808502806101 ], [ -84.554965971561927, 42.229754542433589 ], [ -84.555121730990791, 42.229681190098354 ], [ -84.555305589644803, 42.2295983856907 ] ] } },
{ "type": "Feature", "properties": { "road_id": "SA-ROAD-90", "segment_id": "SA-90-33805603800887338008808" }, "geometry": { "type": "LineString", "coordinates": [ [ -84.555305589644803, 42.2295983856907 ], [ -84.555471769685553, 42.229707465367618 ], [ -84.555563743645095, 42.229786998695516 ], [ -84.555601348805055, 42.229845435163135 ], [ -84.555611249763103, 42.229915313998781 ], [ -84.555602750526234, 42.230016376959739 ] ] } },
{ "type": "Feature", "properties": { "road_id": "SA-ROAD-91", "segment_id": "SA-91- 8997023802058738008553" }, "geometry": { "type": "LineString", "coordinates": [ [ -84.541345293942868, 42.229380502982465 ], [ -84.541410222576403, 42.231977870141272 ], [ -84.54138614061138, 42.232113177988317 ], [ -84.541338002472642, 42.232273357319571 ], [ -84.541277295166452, 42.232413995690223 ], [ -84.541187917615716, 42.232554255715222 ], [ -84.541101837349913, 42.23266549764989 ], [ -84.541002633783023, 42.232780441844604 ], [ -84.540885602026862, 42.232877713280601 ], [ -84.540750720439178, 42.232986739664035 ] ] } },
{ "type": "Feature", "properties": { "road_id": "SA-ROAD-92", "segment_id": "SA-92-33815333802058738020588" }, "geometry": { "type": "LineString", "coordinates": [ [ -84.541345293942868, 42.229380502982465 ], [ -84.546425453117607, 42.229378283174619 ] ] } },
{ "type": "Feature", "properties": { "road_id": "SA-ROAD-93", "segment_id": "SA-93-33815333802058838020573" }, "geometry": { "type": "LineString", "coordinates": [ [ -84.546425453117607, 42.229378283174619 ], [ -84.546864862281126, 42.2293780803275 ] ] } },
{ "type": "Feature", "properties": { "road_id": "SA-ROAD-94", "segment_id": "SA-94-33805603800892838008866" }, "geometry": { "type": "LineString", "coordinates": [ [ -84.551706407693629, 42.229042732947647 ], [ -84.551757564790975, 42.229213387725487 ], [ -84.55182272355087, 42.229316280824953 ], [ -84.551902663326715, 42.229419367090422 ], [ -84.55204061990456, 42.229568410157064 ] ] } },
{ "type": "Feature", "properties": { "road_id": "SA-ROAD-95", "segment_id": "SA-95-33805613800903238008873" }, "geometry": { "type": "LineString", "coordinates": [ [ -84.555573891178057, 42.228057927403391 ], [ -84.555547101330831, 42.228371717706523 ], [ -84.555550988180812, 42.228525327023497 ], [ -84.555561134022781, 42.228732064837942 ], [ -84.555627284094228, 42.228953493829344 ], [ -84.555614963335756, 42.229157147212874 ], [ -84.555570951087532, 42.22927104420048 ], [ -84.555493335210258, 42.229376127685015 ], [ -84.555400830159087, 42.229475432218813 ], [ -84.555305589644803, 42.2295983856907 ] ] } },
{ "type": "Feature", "properties": { "road_id": "SA-ROAD-96", "segment_id": "SA-96-33805573800903238008837" }, "geometry": { "type": "LineString", "coordinates": [ [ -84.555573891178057, 42.228057927403391 ], [ -84.555470090004519, 42.228047114009676 ], [ -84.555278167079152, 42.228067122976555 ], [ -84.555057438977997, 42.228108469709809 ], [ -84.554905440584548, 42.228181870079325 ], [ -84.55476431190489, 42.228272164476621 ], [ -84.55468729049386, 42.228352126571309 ], [ -84.554425639473081, 42.228886721771033 ], [ -84.554342364703047, 42.228959068050813 ], [ -84.554209337960032, 42.22902433980699 ], [ -84.55401668526865, 42.22906928925466 ], [ -84.553616882620361, 42.229136660756346 ], [ -84.553465472720077, 42.229184939231061 ], [ -84.553373888563314, 42.229245167335243 ], [ -84.553318300043628, 42.22931384350921 ], [ -84.553265578779488, 42.229399497776605 ], [ -84.553255277112711, 42.229477856745795 ], [ -84.553267164884943, 42.229600460991144 ], [ -84.553302354935425, 42.229808831349594 ] ] } },
{ "type": "Feature", "properties": { "road_id": "SA-ROAD-97", "segment_id": "SA-97-33805603800910938008928" }, "geometry": { "type": "LineString", "coordinates": [ [ -84.551922061260939, 42.227210669800073 ], [ -84.551797789018053, 42.227392833760618 ], [ -84.551710679027522, 42.227509245688104 ], [ -84.551639752223849, 42.227610196724022 ], [ -84.551608724805675, 42.227695994269837 ], [ -84.551593833291477, 42.227768289530715 ], [ -84.551584304965957, 42.227836736583001 ], [ -84.551678032759625, 42.228192977739234 ], [ -84.551702678666942, 42.228385261036465 ], [ -84.55168498182158, 42.228563636926289 ], [ -84.551653410445311, 42.228853669472201 ], [ -84.551673295893536, 42.22896242926047 ], [ -84.551706407693629, 42.229042732947647 ] ] } },
{ "type": "Feature", "properties": { "road_id": "SA-ROAD-98", "segment_id": "SA-98- 8997023802008438020587" }, "geometry": { "type": "LineString", "coordinates": [ [ -84.541287162410725, 42.227054820805797 ], [ -84.541345293942868, 42.229380502982465 ] ] } },
{ "type": "Feature", "properties": { "road_id": "SA-ROAD-99", "segment_id": "SA-99-33805613800912238009032" }, "geometry": { "type": "LineString", "coordinates": [ [ -84.555024646833246, 42.227141389593193 ], [ -84.555142846810554, 42.227202052161424 ], [ -84.555213486288849, 42.227254163057118 ], [ -84.555289534536541, 42.227330826318592 ], [ -84.555359774641786, 42.227413826318241 ], [ -84.555481758700509, 42.227560347360665 ], [ -84.555544835352208, 42.227679128550712 ], [ -84.555575297029577, 42.227784130591111 ], [ -84.555593731920297, 42.22789120158604 ], [ -84.555573891178057, 42.228057927403391 ] ] } },
{ "type": "Feature", "properties": { "road_id": "SA-ROAD-100", "segment_id": "SA-100- 9036093800913638009122" }, "geometry": { "type": "LineString", "coordinates": [ [ -84.55599078645001, 42.227055463750418 ], [ -84.555567724078074, 42.227082330320727 ], [ -84.555024646833246, 42.227141389593193 ] ] } },
{ "type": "Feature", "properties": { "road_id": "SA-ROAD-101", "segment_id": "SA-101- 9036093800913538009136" }, "geometry": { "type": "LineString", "coordinates": [ [ -84.558461302012631, 42.227076547576623 ], [ -84.55599078645001, 42.227055463750418 ] ] } },
{ "type": "Feature", "properties": { "road_id": "SA-ROAD-102", "segment_id": "SA-102- 9036093800913738009135" }, "geometry": { "type": "LineString", "coordinates": [ [ -84.560935649081955, 42.227100450868186 ], [ -84.558461302012631, 42.227076547576623 ] ] } },
{ "type": "Feature", "properties": { "road_id": "SA-ROAD-103", "segment_id": "SA-103- 8996013800913738008586" }, "geometry": { "type": "LineString", "coordinates": [ [ -84.560935649081955, 42.227100450868186 ], [ -84.56109204022691, 42.232814333945917 ], [ -84.561063848490619, 42.232924507449944 ] ] } },
{ "type": "Feature", "properties": { "road_id": "SA-ROAD-104", "segment_id": "SA-104- 9044033801725538008503" }, "geometry": { "type": "LineString", "coordinates": [ [ -84.482582266685498, 42.226036428444253 ], [ -84.482620779880293, 42.226084090340628 ], [ -84.482646570625306, 42.226148021067971 ], [ -84.482656287308487, 42.226308373083278 ], [ -84.482683222713831, 42.22864400538645 ], [ -84.482632896928664, 42.228884460469786 ], [ -84.482563753731384, 42.229268932509619 ], [ -84.482580930622959, 42.230274887394799 ], [ -84.482619476522771, 42.231705896132752 ], [ -84.482637931084795, 42.232892543727175 ] ] } },
{ "type": "Feature", "properties": { "road_id": "SA-ROAD-105", "segment_id": "SA-105-33813523802008438020083" }, "geometry": { "type": "LineString", "coordinates": [ [ -84.541287162410725, 42.227054820805797 ], [ -84.541249319510371, 42.227054322613448 ], [ -84.540876091583172, 42.227049422002096 ], [ -84.540592602068912, 42.227040546129558 ], [ -84.540371983324036, 42.227006783531479 ], [ -84.540138265347721, 42.22694199213425 ], [ -84.539822030026812, 42.226855541183788 ], [ -84.539609065264415, 42.226791021259558 ], [ -84.539429583981189, 42.226773228230698 ], [ -84.53927060830452, 42.226765989297277 ], [ -84.539145973198572, 42.226769489640482 ], [ -84.537203353823344, 42.226985572366686 ] ] } },
{ "type": "Feature", "properties": { "road_id": "SA-ROAD-106", "segment_id": "SA-106-33805593800913938009109" }, "geometry": { "type": "LineString", "coordinates": [ [ -84.554339204963568, 42.226954442569884 ], [ -84.553611136435393, 42.226984728875195 ], [ -84.553224574222483, 42.226975146437496 ], [ -84.552989130119613, 42.226953872160287 ], [ -84.552783858778398, 42.226939435655311 ], [ -84.552620103609257, 42.226952969512631 ], [ -84.55244774774674, 42.226995778203438 ], [ -84.552282971717958, 42.227052400741904 ], [ -84.551922061260939, 42.227210669800073 ] ] } },
{ "type": "Feature", "properties": { "road_id": "SA-ROAD-107", "segment_id": "SA-107-33805583800913938008928" }, "geometry": { "type": "LineString", "coordinates": [ [ -84.554339204963568, 42.226954442569884 ], [ -84.55424052563086, 42.227331805433174 ], [ -84.554177634610255, 42.227537968546351 ], [ -84.554116984193868, 42.227649293268016 ], [ -84.554063457820718, 42.227704652778336 ], [ -84.554007540116586, 42.227738420353589 ], [ -84.553940175221555, 42.22776557008315 ], [ -84.553808599374136, 42.227809129351435 ], [ -84.553522909764837, 42.227886168150626 ], [ -84.553335518038594, 42.227940942190116 ], [ -84.553157081556193, 42.228003293922313 ], [ -84.55302189046273, 42.22807699150578 ], [ -84.552825301853687, 42.228170323427499 ], [ -84.552691272665783, 42.228369804165283 ], [ -84.55262580022449, 42.228479117685438 ], [ -84.552580653466578, 42.228583688487468 ], [ -84.5525187186566, 42.228828255635079 ], [ -84.552463686641758, 42.228875944559057 ], [ -84.552397585489302, 42.228916811448784 ], [ -84.55231825021059, 42.228947489760053 ], [ -84.552221070845349, 42.228972927470728 ], [ -84.552103723276076, 42.228996432393735 ], [ -84.551966206300506, 42.229018003550834 ], [ -84.551826642713124, 42.229031203106793 ], [ -84.551706407693629, 42.229042732947647 ] ] } },
{ "type": "Feature", "properties": { "road_id": "SA-ROAD-108", "segment_id": "SA-108-33805593800912238009139" }, "geometry": { "type": "LineString", "coordinates": [ [ -84.555024646833246, 42.227141389593193 ], [ -84.554339204963568, 42.226954442569884 ] ] } },
{ "type": "Feature", "properties": { "road_id": "SA-ROAD-109", "segment_id": "SA-109- 8999013801725538009151" }, "geometry": { "type": "LineString", "coordinates": [ [ -84.482582266685498, 42.226036428444253 ], [ -84.482484269990877, 42.225975357302779 ] ] } },
{ "type": "Feature", "properties": { "road_id": "SA-ROAD-110", "segment_id": "SA-110-33805593800910938009097" }, "geometry": { "type": "LineString", "coordinates": [ [ -84.551922061260939, 42.227210669800073 ], [ -84.551095696702646, 42.226834139791876 ], [ -84.55098372156003, 42.226815985838435 ], [ -84.55088899194935, 42.226808869245957 ], [ -84.55081774854068, 42.226811855631865 ], [ -84.550756534528659, 42.226836523986321 ], [ -84.550721209943262, 42.226881122647526 ], [ -84.550714817492718, 42.227039733134717 ], [ -84.550708787325917, 42.227294348308156 ], [ -84.550714174318784, 42.22738150746116 ] ] } },
{ "type": "Feature", "properties": { "road_id": "SA-ROAD-111", "segment_id": "SA-111-33810083800919038009182" }, "geometry": { "type": "LineString", "coordinates": [ [ -84.486851811010936, 42.225663381616272 ], [ -84.482490821724312, 42.225656530959377 ] ] } },
{ "type": "Feature", "properties": { "road_id": "SA-ROAD-112", "segment_id": "SA-112- 8994073801672638009190" }, "geometry": { "type": "LineString", "coordinates": [ [ -84.490623895565307, 42.225673193430815 ], [ -84.488482169878026, 42.22565409651574 ], [ -84.486851811010936, 42.225663381616272 ] ] } },
{ "type": "Feature", "properties": { "road_id": "SA-ROAD-113", "segment_id": "SA-113- 8994073800919138016726" }, "geometry": { "type": "LineString", "coordinates": [ [ -84.490800170288011, 42.225677535797722 ], [ -84.490623895565307, 42.225673193430815 ] ] } },
{ "type": "Feature", "properties": { "road_id": "SA-ROAD-114", "segment_id": "SA-114- 8997053802540138019429" }, "geometry": { "type": "LineString", "coordinates": [ [ -84.5167635647867, 42.225959593762077 ], [ -84.516816706408278, 42.22850034603622 ], [ -84.516867431088443, 42.229850294374948 ], [ -84.516873596642426, 42.230014392183136 ] ] } },
{ "type": "Feature", "properties": { "road_id": "SA-ROAD-115", "segment_id": "SA-115- 8994073800919038009202" }, "geometry": { "type": "LineString", "coordinates": [ [ -84.486851811010936, 42.225663381616272 ], [ -84.485757913509502, 42.225571081089065 ], [ -84.484492765756031, 42.225465579069557 ], [ -84.483767504376573, 42.225416849939641 ], [ -84.483074946897247, 42.225389737122363 ], [ -84.482477295421006, 42.22539103361958 ] ] } },
{ "type": "Feature", "properties": { "road_id": "SA-ROAD-116", "segment_id": "SA-116- 8994073800921238009191" }, "geometry": { "type": "LineString", "coordinates": [ [ -84.493587769734276, 42.225269898075794 ], [ -84.493126295758131, 42.22542082985067 ], [ -84.492982452221042, 42.225468580518964 ], [ -84.492757978038796, 42.225531803388179 ], [ -84.492538366983808, 42.225578523900253 ], [ -84.492265272681351, 42.225624517912955 ], [ -84.492095258421443, 42.225648715796382 ], [ -84.491898584100539, 42.225669236993859 ], [ -84.491648588549239, 42.225682406660539 ], [ -84.490800170288011, 42.225677535797722 ] ] } },
{ "type": "Feature", "properties": { "road_id": "SA-ROAD-117", "segment_id": "SA-117- 9036083800921638009217" }, "geometry": { "type": "LineString", "coordinates": [ [ -84.55846895580774, 42.226132100228753 ], [ -84.557039225388721, 42.226120206987936 ], [ -84.556854148467366, 42.226117223808068 ] ] } },
{ "type": "Feature", "properties": { "road_id": "SA-ROAD-118", "segment_id": "SA-118- 9042103800921638009135" }, "geometry": { "type": "LineString", "coordinates": [ [ -84.55846895580774, 42.226132100228753 ], [ -84.558461302012631, 42.227076547576623 ] ] } },
{ "type": "Feature", "properties": { "road_id": "SA-ROAD-119", "segment_id": "SA-119- 9043013800922038009136" }, "geometry": { "type": "LineString", "coordinates": [ [ -84.556212114661093, 42.226098239721473 ], [ -84.556119346341916, 42.226112858723717 ], [ -84.556067901366745, 42.226131145593975 ], [ -84.556022755930144, 42.226152674444002 ], [ -84.555994349252032, 42.226185479271251 ], [ -84.555977745751008, 42.226238928547488 ], [ -84.55599078645001, 42.227055463750418 ] ] } },
{ "type": "Feature", "properties": { "road_id": "SA-ROAD-120", "segment_id": "SA-120- 9036083800921738009220" }, "geometry": { "type": "LineString", "coordinates": [ [ -84.556854148467366, 42.226117223808068 ], [ -84.556426238748784, 42.226093192070195 ], [ -84.556212114661093, 42.226098239721473 ] ] } },
{ "type": "Feature", "properties": { "road_id": "SA-ROAD-121", "segment_id": "SA-121- 9036083800921838009216" }, "geometry": { "type": "LineString", "coordinates": [ [ -84.560907876056362, 42.226145532544543 ], [ -84.55846895580774, 42.226132100228753 ] ] } },
{ "type": "Feature", "properties": { "road_id": "SA-ROAD-122", "segment_id": "SA-122- 8996013800921838009137" }, "geometry": { "type": "LineString", "coordinates": [ [ -84.560907876056362, 42.226145532544543 ], [ -84.560935649081955, 42.227100450868186 ] ] } },
{ "type": "Feature", "properties": { "road_id": "SA-ROAD-123", "segment_id": "SA-123- 8997053800926338025401" }, "geometry": { "type": "LineString", "coordinates": [ [ -84.5167434396799, 42.224997306146925 ], [ -84.5167635647867, 42.225959593762077 ] ] } },
{ "type": "Feature", "properties": { "road_id": "SA-ROAD-124", "segment_id": "SA-124- 9037093800925438018667" }, "geometry": { "type": "LineString", "coordinates": [ [ -84.521473818864663, 42.225264559008245 ], [ -84.521085271831296, 42.225012191421293 ] ] } },
{ "type": "Feature", "properties": { "road_id": "SA-ROAD-125", "segment_id": "SA-125- 9037093800926738009263" }, "geometry": { "type": "LineString", "coordinates": [ [ -84.518321232464075, 42.22497338279566 ], [ -84.517425837225943, 42.22498696218441 ], [ -84.5167434396799, 42.224997306146925 ] ] } },
{ "type": "Feature", "properties": { "road_id": "SA-ROAD-126", "segment_id": "SA-126- 8994073800926838009212" }, "geometry": { "type": "LineString", "coordinates": [ [ -84.495433211607065, 42.224640559044218 ], [ -84.493587769734276, 42.225269898075794 ] ] } },
{ "type": "Feature", "properties": { "road_id": "SA-ROAD-127", "segment_id": "SA-127- 9037093801673138009267" }, "geometry": { "type": "LineString", "coordinates": [ [ -84.518877872625495, 42.224953954852921 ], [ -84.518321232464075, 42.22497338279566 ] ] } },
{ "type": "Feature", "properties": { "road_id": "SA-ROAD-128", "segment_id": "SA-128- 9043033801673138016732" }, "geometry": { "type": "LineString", "coordinates": [ [ -84.518877872625495, 42.224953954852921 ], [ -84.518871165889379, 42.225143260789061 ] ] } },
{ "type": "Feature", "properties": { "road_id": "SA-ROAD-129", "segment_id": "SA-129- 9037093801673438016731" }, "geometry": { "type": "LineString", "coordinates": [ [ -84.520949355633761, 42.224923910195052 ], [ -84.518877872625495, 42.224953954852921 ] ] } },
{ "type": "Feature", "properties": { "road_id": "SA-ROAD-130", "segment_id": "SA-130- 9037093801866738016734" }, "geometry": { "type": "LineString", "coordinates": [ [ -84.521085271831296, 42.225012191421293 ], [ -84.520949355633761, 42.224923910195052 ] ] } },
{ "type": "Feature", "properties": { "road_id": "SA-ROAD-131", "segment_id": "SA-131-33805663800927638009191" }, "geometry": { "type": "LineString", "coordinates": [ [ -84.490807975760674, 42.224510969467758 ], [ -84.490800170288011, 42.225677535797722 ] ] } },
{ "type": "Feature", "properties": { "road_id": "SA-ROAD-132", "segment_id": "SA-132- 8997093801672538016726" }, "geometry": { "type": "LineString", "coordinates": [ [ -84.490634728606594, 42.224508475221405 ], [ -84.490623895565307, 42.225673193430815 ] ] } },
{ "type": "Feature", "properties": { "road_id": "SA-ROAD-133", "segment_id": "SA-133- 9044023800927638016725" }, "geometry": { "type": "LineString", "coordinates": [ [ -84.490807975760674, 42.224510969467758 ], [ -84.490634728606594, 42.224508475221405 ] ] } },
{ "type": "Feature", "properties": { "road_id": "SA-ROAD-134", "segment_id": "SA-134- 9044023800927438009276" }, "geometry": { "type": "LineString", "coordinates": [ [ -84.491676210990761, 42.224514149003689 ], [ -84.490807975760674, 42.224510969467758 ] ] } },
{ "type": "Feature", "properties": { "road_id": "SA-ROAD-135", "segment_id": "SA-135- 9044023800927538009274" }, "geometry": { "type": "LineString", "coordinates": [ [ -84.492595254978383, 42.224510944071618 ], [ -84.491676210990761, 42.224514149003689 ] ] } },
{ "type": "Feature", "properties": { "road_id": "SA-ROAD-136", "segment_id": "SA-136- 9042093800927938009217" }, "geometry": { "type": "LineString", "coordinates": [ [ -84.556867681734445, 42.22527752054534 ], [ -84.556854148467366, 42.226117223808068 ] ] } },
{ "type": "Feature", "properties": { "road_id": "SA-ROAD-137", "segment_id": "SA-137-33805563800927938009286" }, "geometry": { "type": "LineString", "coordinates": [ [ -84.556867681734445, 42.22527752054534 ], [ -84.559324095242857, 42.225320916799845 ] ] } },
{ "type": "Feature", "properties": { "road_id": "SA-ROAD-138", "segment_id": "SA-138- 9043123801673438016735" }, "geometry": { "type": "LineString", "coordinates": [ [ -84.520949355633761, 42.224923910195052 ], [ -84.520879254149307, 42.224774260947967 ] ] } },
{ "type": "Feature", "properties": { "road_id": "SA-ROAD-139", "segment_id": "SA-139- 9043143800926738018320" }, "geometry": { "type": "LineString", "coordinates": [ [ -84.518321232464075, 42.22497338279566 ], [ -84.518348030720887, 42.224306617851617 ] ] } },
{ "type": "Feature", "properties": { "road_id": "SA-ROAD-140", "segment_id": "SA-140- 9042093800933238009279" }, "geometry": { "type": "LineString", "coordinates": [ [ -84.556838360134421, 42.224712971920994 ], [ -84.556867681734445, 42.22527752054534 ] ] } },
{ "type": "Feature", "properties": { "road_id": "SA-ROAD-141", "segment_id": "SA-141- 9036073800933338009332" }, "geometry": { "type": "LineString", "coordinates": [ [ -84.56086019985996, 42.224737909270736 ], [ -84.557083989495922, 42.224718304160753 ], [ -84.556838360134421, 42.224712971920994 ] ] } },
{ "type": "Feature", "properties": { "road_id": "SA-ROAD-142", "segment_id": "SA-142- 8996013800933338009218" }, "geometry": { "type": "LineString", "coordinates": [ [ -84.56086019985996, 42.224737909270736 ], [ -84.560907876056362, 42.226145532544543 ] ] } },
{ "type": "Feature", "properties": { "road_id": "SA-ROAD-143", "segment_id": "SA-143- 8997083800934738009268" }, "geometry": { "type": "LineString", "coordinates": [ [ -84.49488993284929, 42.223669807541874 ], [ -84.495433211607065, 42.224640559044218 ] ] } },
{ "type": "Feature", "properties": { "road_id": "SA-ROAD-144", "segment_id": "SA-144- 9042093800938438009332" }, "geometry": { "type": "LineString", "coordinates": [ [ -84.556790335489296, 42.223771081772767 ], [ -84.556838360134421, 42.224712971920994 ] ] } },
{ "type": "Feature", "properties": { "road_id": "SA-ROAD-145", "segment_id": "SA-145- 9036063800938738009384" }, "geometry": { "type": "LineString", "coordinates": [ [ -84.560828341606424, 42.223789113997903 ], [ -84.556992878432254, 42.223772333555168 ], [ -84.556790335489296, 42.223771081772767 ] ] } },
{ "type": "Feature", "properties": { "road_id": "SA-ROAD-146", "segment_id": "SA-146- 8996013800938738009333" }, "geometry": { "type": "LineString", "coordinates": [ [ -84.560828341606424, 42.223789113997903 ], [ -84.56086019985996, 42.224737909270736 ] ] } },
{ "type": "Feature", "properties": { "road_id": "SA-ROAD-147", "segment_id": "SA-147- 9043143801832038009397" }, "geometry": { "type": "LineString", "coordinates": [ [ -84.518348030720887, 42.224306617851617 ], [ -84.518348912311694, 42.224284656182668 ], [ -84.518405334655966, 42.223927344080366 ], [ -84.518434699106251, 42.223865593119498 ], [ -84.518690383916308, 42.223664822863142 ], [ -84.51898672642551, 42.223429085893819 ], [ -84.519777836705117, 42.222983931868647 ] ] } },
{ "type": "Feature", "properties": { "road_id": "SA-ROAD-148", "segment_id": "SA-148- 9044023801672538009409" }, "geometry": { "type": "LineString", "coordinates": [ [ -84.490634728606594, 42.224508475221405 ], [ -84.490483196490786, 42.22447668023645 ], [ -84.490339679768255, 42.224418293246913 ], [ -84.49021047052598, 42.2243395792675 ], [ -84.490112627834236, 42.224248465011108 ], [ -84.490025642203818, 42.224136977812449 ], [ -84.489949512472521, 42.224005116778052 ], [ -84.489911586739964, 42.223863515023602 ], [ -84.489880750355297, 42.223714314410294 ], [ -84.489879219822569, 42.222982155481525 ], [ -84.489923967563783, 42.222795162978763 ], [ -84.490013212313798, 42.222685196540041 ], [ -84.490116413066502, 42.222619199689248 ], [ -84.49086703609666, 42.222438495827689 ] ] } },
{ "type": "Feature", "properties": { "road_id": "SA-ROAD-149", "segment_id": "SA-149- 9043103800940938009274" }, "geometry": { "type": "LineString", "coordinates": [ [ -84.49086703609666, 42.222438495827689 ], [ -84.491175850981392, 42.223321679153244 ], [ -84.491212776197912, 42.223426593437992 ], [ -84.491276353868429, 42.22351881795349 ], [ -84.491351063820545, 42.223604668602796 ], [ -84.491451581932935, 42.223712079046344 ], [ -84.491565265981578, 42.223819668445991 ], [ -84.491701802966546, 42.223979774024627 ], [ -84.491760631267184, 42.224086616353979 ], [ -84.49178722979488, 42.224165287232218 ], [ -84.491800823284223, 42.224237255126738 ], [ -84.491807231220719, 42.224333596769846 ], [ -84.491803511741054, 42.224395540488381 ], [ -84.49178491416076, 42.22443770437846 ], [ -84.491749003493226, 42.224469844986061 ], [ -84.491676210990761, 42.224514149003689 ] ] } },
{ "type": "Feature", "properties": { "road_id": "SA-ROAD-150", "segment_id": "SA-150- 8994073800942338009268" }, "geometry": { "type": "LineString", "coordinates": [ [ -84.501970207398799, 42.222427548335503 ], [ -84.495433211607065, 42.224640559044218 ] ] } },
{ "type": "Feature", "properties": { "road_id": "SA-ROAD-151", "segment_id": "SA-151- 9028083800942338008507" }, "geometry": { "type": "LineString", "coordinates": [ [ -84.501970207398799, 42.222427548335503 ], [ -84.502232000213041, 42.23074083489194 ], [ -84.502312106384437, 42.233000436910331 ] ] } },
{ "type": "Feature", "properties": { "road_id": "SA-ROAD-152", "segment_id": "SA-152- 9042093800945138009384" }, "geometry": { "type": "LineString", "coordinates": [ [ -84.556748010712724, 42.222825386126623 ], [ -84.556790335489296, 42.223771081772767 ] ] } },
{ "type": "Feature", "properties": { "road_id": "SA-ROAD-153", "segment_id": "SA-153- 8996013800945538009387" }, "geometry": { "type": "LineString", "coordinates": [ [ -84.560788912318898, 42.222840532740648 ], [ -84.560828341606424, 42.223789113997903 ] ] } },
{ "type": "Feature", "properties": { "road_id": "SA-ROAD-154", "segment_id": "SA-154- 9036053800945538009451" }, "geometry": { "type": "LineString", "coordinates": [ [ -84.560788912318898, 42.222840532740648 ], [ -84.560661101836033, 42.222838423149391 ], [ -84.556968707634113, 42.222832320577183 ], [ -84.556748010712724, 42.222825386126623 ] ] } },
{ "type": "Feature", "properties": { "road_id": "SA-ROAD-155", "segment_id": "SA-155- 8997083800946538009347" }, "geometry": { "type": "LineString", "coordinates": [ [ -84.494130718187932, 42.221791315526879 ], [ -84.494106189285745, 42.221824465319528 ], [ -84.49409851634762, 42.221869505456397 ], [ -84.494092365033737, 42.221919447572162 ], [ -84.494092626458993, 42.221975576831532 ], [ -84.49411265959526, 42.222047497663759 ], [ -84.494131409247771, 42.222113358642147 ], [ -84.494191115824989, 42.222241169155232 ], [ -84.494279344106388, 42.222451212480813 ], [ -84.494708378375691, 42.223350493975225 ], [ -84.49488993284929, 42.223669807541874 ] ] } },
{ "type": "Feature", "properties": { "road_id": "SA-ROAD-156", "segment_id": "SA-156- 8997053800947338009263" }, "geometry": { "type": "LineString", "coordinates": [ [ -84.516659307567735, 42.221987327423825 ], [ -84.5167434396799, 42.224997306146925 ] ] } },
{ "type": "Feature", "properties": { "road_id": "SA-ROAD-157", "segment_id": "SA-157- 9037183800947338018317" }, "geometry": { "type": "LineString", "coordinates": [ [ -84.516659307567735, 42.221987327423825 ], [ -84.516939976949871, 42.221986094205313 ], [ -84.517234403737987, 42.221983954381855 ], [ -84.517372078505304, 42.221983505153489 ] ] } },
{ "type": "Feature", "properties": { "road_id": "SA-ROAD-158", "segment_id": "SA-158- 9037183801831738009388" }, "geometry": { "type": "LineString", "coordinates": [ [ -84.517372078505304, 42.221983505153489 ], [ -84.517508358277027, 42.221983060523911 ], [ -84.517649624728136, 42.221974313330826 ], [ -84.517765815476963, 42.221988022939556 ], [ -84.517842848345254, 42.222014883512088 ], [ -84.517899187271667, 42.222052104585309 ], [ -84.517938956632463, 42.22209821992552 ], [ -84.517962340152224, 42.222145636686825 ], [ -84.517983643175143, 42.222194544331302 ], [ -84.518097574177716, 42.222846417533269 ], [ -84.518138939112845, 42.222901996021243 ], [ -84.518186510133546, 42.222936493789071 ], [ -84.518293905894467, 42.222969674375548 ], [ -84.51855708913449, 42.223036682861846 ] ] } },
{ "type": "Feature", "properties": { "road_id": "SA-ROAD-159", "segment_id": "SA-159- 9043103800947838009409" }, "geometry": { "type": "LineString", "coordinates": [ [ -84.490504227085992, 42.221607265887968 ], [ -84.490563001818543, 42.22167321012364 ], [ -84.49086703609666, 42.222438495827689 ] ] } },
{ "type": "Feature", "properties": { "road_id": "SA-ROAD-160", "segment_id": "SA-160- 9043093800947838009468" }, "geometry": { "type": "LineString", "coordinates": [ [ -84.490504227085992, 42.221607265887968 ], [ -84.490460331981041, 42.221585203823082 ], [ -84.490342170012511, 42.221574220295778 ], [ -84.490223700071198, 42.221586904037451 ], [ -84.489341122578082, 42.221731825495141 ] ] } },
{ "type": "Feature", "properties": { "road_id": "SA-ROAD-161", "segment_id": "SA-161- 8997083800950238009465" }, "geometry": { "type": "LineString", "coordinates": [ [ -84.49588851069889, 42.221517581331241 ], [ -84.494464835221777, 42.221649271480565 ], [ -84.494404400423761, 42.221661427691814 ], [ -84.49434488165933, 42.221675759076689 ], [ -84.49429019348824, 42.221690877536226 ], [ -84.494234341285207, 42.221713910620615 ], [ -84.49419112872252, 42.221735673142589 ], [ -84.494159462637327, 42.221761197336285 ], [ -84.494130718187932, 42.221791315526879 ] ] } },
{ "type": "Feature", "properties": { "road_id": "SA-ROAD-162", "segment_id": "SA-162- 9043073800950238009347" }, "geometry": { "type": "LineString", "coordinates": [ [ -84.49588851069889, 42.221517581331241 ], [ -84.496063149418305, 42.222960087564324 ], [ -84.496077964341737, 42.223091991205337 ], [ -84.496054635202313, 42.223179029594824 ], [ -84.496000664520452, 42.223258491270357 ], [ -84.495927925072792, 42.223317649774579 ], [ -84.495796110518668, 42.223367087527372 ], [ -84.49488993284929, 42.223669807541874 ] ] } },
{ "type": "Feature", "properties": { "road_id": "SA-ROAD-163", "segment_id": "SA-163- 8997083800951138009502" }, "geometry": { "type": "LineString", "coordinates": [ [ -84.496864764535928, 42.221420649631661 ], [ -84.496814794024743, 42.221427215482997 ], [ -84.49590067651215, 42.221516456413404 ], [ -84.49588851069889, 42.221517581331241 ] ] } },
{ "type": "Feature", "properties": { "road_id": "SA-ROAD-164", "segment_id": "SA-164- 9042093800950538009451" }, "geometry": { "type": "LineString", "coordinates": [ [ -84.556726067600792, 42.222127786863219 ], [ -84.556724779410473, 42.222265378975152 ], [ -84.556748010712724, 42.222825386126623 ] ] } },
{ "type": "Feature", "properties": { "road_id": "SA-ROAD-165", "segment_id": "SA-165- 9035083800952738008617" }, "geometry": { "type": "LineString", "coordinates": [ [ -84.575441034897338, 42.222327708346867 ], [ -84.575540147473959, 42.225751085606724 ], [ -84.575683024093195, 42.229347435451167 ], [ -84.575803041958864, 42.23289941026502 ] ] } },
{ "type": "Feature", "properties": { "road_id": "SA-ROAD-166", "segment_id": "SA-166- 8996013802008938009455" }, "geometry": { "type": "LineString", "coordinates": [ [ -84.560715128353721, 42.221582672594089 ], [ -84.560788912318898, 42.222840532740648 ] ] } },
{ "type": "Feature", "properties": { "road_id": "SA-ROAD-167", "segment_id": "SA-167-33813543802008938020088" }, "geometry": { "type": "LineString", "coordinates": [ [ -84.560715128353721, 42.221582672594089 ], [ -84.558709022010376, 42.221596842728239 ], [ -84.558392354370312, 42.221578857576091 ], [ -84.558141603162767, 42.221534000586857 ], [ -84.557853395678165, 42.221495587602014 ], [ -84.557611642073326, 42.221464711167577 ], [ -84.557406690617114, 42.22145510953095 ], [ -84.556679306638529, 42.221452565171369 ], [ -84.555784428340488, 42.221433967719051 ] ] } },
{ "type": "Feature", "properties": { "road_id": "SA-ROAD-168", "segment_id": "SA-168- 8996013801671238020089" }, "geometry": { "type": "LineString", "coordinates": [ [ -84.560697320212483, 42.221279080132113 ], [ -84.560715128353721, 42.221582672594089 ] ] } },
{ "type": "Feature", "properties": { "road_id": "SA-ROAD-169", "segment_id": "SA-169-33805533801671438016713" }, "geometry": { "type": "LineString", "coordinates": [ [ -84.561954720030428, 42.221275867581561 ], [ -84.561976585816211, 42.221291169948287 ], [ -84.562016172477868, 42.221326225565257 ], [ -84.562081451218518, 42.221385643533203 ], [ -84.562182665911692, 42.221463550516447 ], [ -84.562311593819416, 42.221565845955716 ], [ -84.562391401669629, 42.221608933258288 ], [ -84.562473828905283, 42.221626522368588 ], [ -84.562582143022638, 42.221634662440835 ], [ -84.563095992061974, 42.221634777080901 ], [ -84.563140838050188, 42.221632980054991 ] ] } },
{ "type": "Feature", "properties": { "road_id": "SA-ROAD-170", "segment_id": "SA-170-33805533801671238016714" }, "geometry": { "type": "LineString", "coordinates": [ [ -84.560697320212483, 42.221279080132113 ], [ -84.561629145987027, 42.221261086917877 ], [ -84.561807622913861, 42.221258938920855 ], [ -84.56193055238252, 42.221272550603466 ], [ -84.561954720030428, 42.221275867581561 ] ] } },
{ "type": "Feature", "properties": { "road_id": "SA-ROAD-171", "segment_id": "SA-171-33815343802059138020575" }, "geometry": { "type": "LineString", "coordinates": [ [ -84.565749298918234, 42.221099490543651 ], [ -84.565935962596114, 42.221367712382026 ] ] } },
{ "type": "Feature", "properties": { "road_id": "SA-ROAD-172", "segment_id": "SA-172- 9028083800959638009423" }, "geometry": { "type": "LineString", "coordinates": [ [ -84.501910877764601, 42.220148261393021 ], [ -84.501970207398799, 42.222427548335503 ] ] } },
{ "type": "Feature", "properties": { "road_id": "SA-ROAD-173", "segment_id": "SA-173-33805543801671438016716" }, "geometry": { "type": "LineString", "coordinates": [ [ -84.561954720030428, 42.221275867581561 ], [ -84.561951670519491, 42.220889861619185 ] ] } },
{ "type": "Feature", "properties": { "road_id": "SA-ROAD-174", "segment_id": "SA-174-33805553801671638016717" }, "geometry": { "type": "LineString", "coordinates": [ [ -84.561951670519491, 42.220889861619185 ], [ -84.563105855438607, 42.220888955094921 ], [ -84.563377225678209, 42.2208892746484 ] ] } },
{ "type": "Feature", "properties": { "road_id": "SA-ROAD-175", "segment_id": "SA-175-33805543801671638016715" }, "geometry": { "type": "LineString", "coordinates": [ [ -84.561951670519491, 42.220889861619185 ], [ -84.561952693050756, 42.220798509548686 ], [ -84.561962586654801, 42.22072070215777 ], [ -84.561972058873579, 42.220660873939266 ], [ -84.562005578490925, 42.220607353466519 ] ] } },
{ "type": "Feature", "properties": { "road_id": "SA-ROAD-176", "segment_id": "SA-176- 8997053800966338009473" }, "geometry": { "type": "LineString", "coordinates": [ [ -84.516589746839415, 42.219581292115002 ], [ -84.516659307567735, 42.221987327423825 ] ] } },
{ "type": "Feature", "properties": { "road_id": "SA-ROAD-177", "segment_id": "SA-177- 9037173800966338018318" }, "geometry": { "type": "LineString", "coordinates": [ [ -84.516589746839415, 42.219581292115002 ], [ -84.517394838279742, 42.219581294355542 ] ] } },
{ "type": "Feature", "properties": { "road_id": "SA-ROAD-178", "segment_id": "SA-178- 9037173801831838009665" }, "geometry": { "type": "LineString", "coordinates": [ [ -84.517394838279742, 42.219581294355542 ], [ -84.518321507291333, 42.219581289332162 ] ] } },
{ "type": "Feature", "properties": { "road_id": "SA-ROAD-179", "segment_id": "SA-179-33805543801671538020085" }, "geometry": { "type": "LineString", "coordinates": [ [ -84.562005578490925, 42.220607353466519 ], [ -84.562174884820905, 42.220438691394556 ], [ -84.562302186274835, 42.220341425033737 ], [ -84.562453253053491, 42.220262451691532 ], [ -84.562603826615742, 42.220204455939665 ], [ -84.562777744544036, 42.220182732261016 ], [ -84.563084490713663, 42.220171725191989 ], [ -84.563568410912282, 42.220172008914226 ], [ -84.564120868600895, 42.220173178430549 ], [ -84.564842577772637, 42.220179536746542 ] ] } },
{ "type": "Feature", "properties": { "road_id": "SA-ROAD-180", "segment_id": "SA-180-33815343802057438020591" }, "geometry": { "type": "LineString", "coordinates": [ [ -84.565724867018233, 42.220098078075516 ], [ -84.565749298918234, 42.221099490543651 ] ] } },
{ "type": "Feature", "properties": { "road_id": "SA-ROAD-181", "segment_id": "SA-181-33815353802057438020590" }, "geometry": { "type": "LineString", "coordinates": [ [ -84.565724867018233, 42.220098078075516 ], [ -84.565821839974504, 42.220100779840735 ], [ -84.565904774840405, 42.220112900042238 ], [ -84.566005640002629, 42.220120833247947 ], [ -84.567875204054644, 42.220115634201917 ] ] } },
{ "type": "Feature", "properties": { "road_id": "SA-ROAD-182", "segment_id": "SA-182-33815353802059038020576" }, "geometry": { "type": "LineString", "coordinates": [ [ -84.567875204054644, 42.220115634201917 ], [ -84.568174866945057, 42.22011807747522 ] ] } },
{ "type": "Feature", "properties": { "road_id": "SA-ROAD-183", "segment_id": "SA-183- 9028083800972038009596" }, "geometry": { "type": "LineString", "coordinates": [ [ -84.501866904321545, 42.21846578026787 ], [ -84.501910877764601, 42.220148261393021 ] ] } },
{ "type": "Feature", "properties": { "road_id": "SA-ROAD-184", "segment_id": "SA-184- 9043153800972038009729" }, "geometry": { "type": "LineString", "coordinates": [ [ -84.501866904321545, 42.21846578026787 ], [ -84.506799552161624, 42.218454333091252 ] ] } },
{ "type": "Feature", "properties": { "road_id": "SA-ROAD-185", "segment_id": "SA-185- 9043153800972938009730" }, "geometry": { "type": "LineString", "coordinates": [ [ -84.506799552161624, 42.218454333091252 ], [ -84.507820967039152, 42.218469826918962 ] ] } },
{ "type": "Feature", "properties": { "road_id": "SA-ROAD-186", "segment_id": "SA-186- 8994073800973938009423" }, "geometry": { "type": "LineString", "coordinates": [ [ -84.51250291990965, 42.218447830196411 ], [ -84.510827717818657, 42.219315516682904 ], [ -84.510198697048821, 42.219620550763409 ], [ -84.509516167237209, 42.219906255702988 ], [ -84.507882659254179, 42.220452421679909 ], [ -84.505789577397508, 42.221164378334613 ], [ -84.501970207398799, 42.222427548335503 ] ] } },
{ "type": "Feature", "properties": { "road_id": "SA-ROAD-187", "segment_id": "SA-187- 9076043800974138009739" }, "geometry": { "type": "LineString", "coordinates": [ [ -84.516571656468059, 42.218428133233083 ], [ -84.51250291990965, 42.218447830196411 ] ] } },
{ "type": "Feature", "properties": { "road_id": "SA-ROAD-188", "segment_id": "SA-188- 8997053800974138009663" }, "geometry": { "type": "LineString", "coordinates": [ [ -84.516571656468059, 42.218428133233083 ], [ -84.516589746839415, 42.219581292115002 ] ] } },
{ "type": "Feature", "properties": { "road_id": "SA-ROAD-189", "segment_id": "SA-189- 9076043800975038009741" }, "geometry": { "type": "LineString", "coordinates": [ [ -84.52236164446758, 42.218417511190857 ], [ -84.521482819750673, 42.218413815410706 ], [ -84.516571656468059, 42.218428133233083 ] ] } },
{ "type": "Feature", "properties": { "road_id": "SA-ROAD-190", "segment_id": "SA-190- 9076043800975238009750" }, "geometry": { "type": "LineString", "coordinates": [ [ -84.523864104300841, 42.218415637954173 ], [ -84.52236164446758, 42.218417511190857 ] ] } },
{ "type": "Feature", "properties": { "road_id": "SA-ROAD-191", "segment_id": "SA-191- 9076043800975438009752" }, "geometry": { "type": "LineString", "coordinates": [ [ -84.525362190593114, 42.218408760499642 ], [ -84.524084019313548, 42.218414078216568 ], [ -84.523864104300841, 42.218415637954173 ] ] } },
{ "type": "Feature", "properties": { "road_id": "SA-ROAD-192", "segment_id": "SA-192- 9076043800975638009754" }, "geometry": { "type": "LineString", "coordinates": [ [ -84.527298490585565, 42.21839874301395 ], [ -84.525362190593114, 42.218408760499642 ] ] } },
{ "type": "Feature", "properties": { "road_id": "SA-ROAD-193", "segment_id": "SA-193- 9076043800975938009756" }, "geometry": { "type": "LineString", "coordinates": [ [ -84.52888727640466, 42.218393028340834 ], [ -84.527298490585565, 42.21839874301395 ] ] } },
{ "type": "Feature", "properties": { "road_id": "SA-ROAD-194", "segment_id": "SA-194- 9076043800976038009759" }, "geometry": { "type": "LineString", "coordinates": [ [ -84.530493878545997, 42.218398725386074 ], [ -84.52888727640466, 42.218393028340834 ] ] } },
{ "type": "Feature", "properties": { "road_id": "SA-ROAD-195", "segment_id": "SA-195- 9076043800976638009760" }, "geometry": { "type": "LineString", "coordinates": [ [ -84.540990797647822, 42.218380371316528 ], [ -84.530493878545997, 42.218398725386074 ] ] } },
{ "type": "Feature", "properties": { "road_id": "SA-ROAD-196", "segment_id": "SA-196- 8997023800976638020084" }, "geometry": { "type": "LineString", "coordinates": [ [ -84.540990797647822, 42.218380371316528 ], [ -84.541240232420762, 42.225177200876942 ], [ -84.541287162410725, 42.227054820805797 ] ] } },
{ "type": "Feature", "properties": { "road_id": "SA-ROAD-197", "segment_id": "SA-197- 9076043800976838009766" }, "geometry": { "type": "LineString", "coordinates": [ [ -84.54849076285106, 42.218342813658545 ], [ -84.540990797647822, 42.218380371316528 ] ] } },
{ "type": "Feature", "properties": { "road_id": "SA-ROAD-198", "segment_id": "SA-198- 9076043801975338009768" }, "geometry": { "type": "LineString", "coordinates": [ [ -84.550156560391784, 42.218335209071547 ], [ -84.54849076285106, 42.218342813658545 ] ] } },
{ "type": "Feature", "properties": { "road_id": "SA-ROAD-199", "segment_id": "SA-199-33812233801975338019747" }, "geometry": { "type": "LineString", "coordinates": [ [ -84.550156560391784, 42.218335209071547 ], [ -84.550152757916436, 42.219056823689115 ], [ -84.550179930969406, 42.219157629227702 ], [ -84.550227470152507, 42.219290093028974 ], [ -84.550308634867847, 42.219429274331603 ], [ -84.550376836883288, 42.219580842607527 ], [ -84.550436521056909, 42.219735438536162 ], [ -84.550449692381278, 42.219892564921302 ], [ -84.55049388825779, 42.221057740255894 ], [ -84.550484166068117, 42.221289905292203 ], [ -84.550460009727544, 42.221418290641076 ], [ -84.550423854903258, 42.221518268244871 ], [ -84.549679423836267, 42.223663996897841 ], [ -84.549644629521566, 42.223765831436616 ], [ -84.549541157047258, 42.223918915703337 ], [ -84.549403600862036, 42.224143757172349 ], [ -84.549348316583888, 42.224199193295156 ], [ -84.549290334128173, 42.224254593157923 ], [ -84.549169544323902, 42.224341261144403 ], [ -84.549111182488275, 42.224412702195607 ], [ -84.54905348485886, 42.224456071440343 ], [ -84.549020161599557, 42.224495748796883 ], [ -84.548989251170781, 42.22454749198031 ], [ -84.548966338755264, 42.22460335102592 ], [ -84.548942331611443, 42.224705327554574 ], [ -84.548935795592115, 42.224753377974025 ], [ -84.548939621741695, 42.224819616370198 ], [ -84.548980266071624, 42.224926449920758 ], [ -84.549056170379856, 42.225025723046294 ], [ -84.549165303382367, 42.225089328598713 ], [ -84.549275005750374, 42.225128873937805 ], [ -84.549358064399698, 42.225154030048159 ], [ -84.549465689120183, 42.225167473528515 ], [ -84.551484138623664, 42.225175535087146 ] ] } },
{ "type": "Feature", "properties": { "road_id": "SA-ROAD-200", "segment_id": "SA-200- 9076043801975438019753" }, "geometry": { "type": "LineString", "coordinates": [ [ -84.552199129664771, 42.21832585189032 ], [ -84.550156560391784, 42.218335209071547 ] ] } },
{ "type": "Feature", "properties": { "road_id": "SA-ROAD-201", "segment_id": "SA-201-33812223801975438019749" }, "geometry": { "type": "LineString", "coordinates": [ [ -84.552199129664771, 42.21832585189032 ], [ -84.552229746115273, 42.21944801472501 ] ] } },
{ "type": "Feature", "properties": { "road_id": "SA-ROAD-202", "segment_id": "SA-202- 9076043800977438019754" }, "geometry": { "type": "LineString", "coordinates": [ [ -84.560614787776473, 42.21831430383304 ], [ -84.553286895288124, 42.218320852988946 ], [ -84.552199129664771, 42.21832585189032 ] ] } },
{ "type": "Feature", "properties": { "road_id": "SA-ROAD-203", "segment_id": "SA-203- 8996013800977438016712" }, "geometry": { "type": "LineString", "coordinates": [ [ -84.560614787776473, 42.21831430383304 ], [ -84.560697320212483, 42.221279080132113 ] ] } },
{ "type": "Feature", "properties": { "road_id": "SA-ROAD-204", "segment_id": "SA-204- 9076043802058938009774" }, "geometry": { "type": "LineString", "coordinates": [ [ -84.565651193502546, 42.218320023836071 ], [ -84.560614787776473, 42.21831430383304 ] ] } },
{ "type": "Feature", "properties": { "road_id": "SA-ROAD-205", "segment_id": "SA-205-33815343802058938020574" }, "geometry": { "type": "LineString", "coordinates": [ [ -84.565651193502546, 42.218320023836071 ], [ -84.565724867018233, 42.220098078075516 ] ] } },
{ "type": "Feature", "properties": { "road_id": "SA-ROAD-206", "segment_id": "SA-206- 9076043800978538020589" }, "geometry": { "type": "LineString", "coordinates": [ [ -84.570428262699764, 42.218325244747241 ], [ -84.565651193502546, 42.218320023836071 ] ] } },
{ "type": "Feature", "properties": { "road_id": "SA-ROAD-207", "segment_id": "SA-207- 9076043800978838009785" }, "geometry": { "type": "LineString", "coordinates": [ [ -84.575344662610703, 42.218319034591673 ], [ -84.575234528056114, 42.218319940242118 ], [ -84.570428262699764, 42.218325244747241 ] ] } },
{ "type": "Feature", "properties": { "road_id": "SA-ROAD-208", "segment_id": "SA-208- 9035083800978838009527" }, "geometry": { "type": "LineString", "coordinates": [ [ -84.575344662610703, 42.218319034591673 ], [ -84.575351938966122, 42.219035218707305 ], [ -84.575441034897338, 42.222327708346867 ] ] } },
{ "type": "Feature", "properties": { "road_id": "SA-ROAD-209", "segment_id": "SA-209- 9076043800979238009788" }, "geometry": { "type": "LineString", "coordinates": [ [ -84.580861857853549, 42.218328663429169 ], [ -84.58030134242685, 42.218330748925844 ], [ -84.575344662610703, 42.218319034591673 ] ] } },
{ "type": "Feature", "properties": { "road_id": "SA-ROAD-210", "segment_id": "SA-210- 9076043800979738009792" }, "geometry": { "type": "LineString", "coordinates": [ [ -84.598120472507148, 42.218405610064046 ], [ -84.585422529197515, 42.218370725674347 ], [ -84.580861857853549, 42.218328663429169 ] ] } },
{ "type": "Feature", "properties": { "road_id": "SA-ROAD-211", "segment_id": "SA-211- 9077013800979738008638" }, "geometry": { "type": "LineString", "coordinates": [ [ -84.598120472507148, 42.218405610064046 ], [ -84.598111818859309, 42.218738431466896 ], [ -84.598163777722064, 42.219765039706971 ], [ -84.598540091346152, 42.225682700407667 ], [ -84.598644438843408, 42.22747088931586 ], [ -84.598739481879235, 42.229099522642571 ], [ -84.598787597816852, 42.229920561295984 ], [ -84.598964512389912, 42.232939181758937 ] ] } },
{ "type": "Feature", "properties": { "road_id": "SA-ROAD-212", "segment_id": "SA-212- 9045033800981438009754" }, "geometry": { "type": "LineString", "coordinates": [ [ -84.525527861749509, 42.217300737918158 ], [ -84.525404893795596, 42.217547378947614 ], [ -84.525386401313796, 42.217623032856473 ], [ -84.525368053374223, 42.21777923573233 ], [ -84.525363972532276, 42.218043905754257 ], [ -84.525362190593114, 42.218408760499642 ] ] } },
{ "type": "Feature", "properties": { "road_id": "SA-ROAD-213", "segment_id": "SA-213- 9045043800984738009750" }, "geometry": { "type": "LineString", "coordinates": [ [ -84.522371436942663, 42.216901944607329 ], [ -84.52236164446758, 42.218417511190857 ] ] } },
{ "type": "Feature", "properties": { "road_id": "SA-ROAD-214", "segment_id": "SA-214- 9045063800984738009752" }, "geometry": { "type": "LineString", "coordinates": [ [ -84.522371436942663, 42.216901944607329 ], [ -84.523089926369707, 42.216926992238157 ], [ -84.523313590890893, 42.216957020980068 ], [ -84.523490970939704, 42.217020242268404 ], [ -84.523595382273186, 42.217091507976136 ], [ -84.523680682400524, 42.217200837876476 ], [ -84.52376863476168, 42.21732598006642 ], [ -84.523819939766554, 42.217461905428848 ], [ -84.523861010339715, 42.217645028243105 ], [ -84.523870571819884, 42.21787731979515 ], [ -84.523864104300841, 42.218415637954173 ] ] } },
{ "type": "Feature", "properties": { "road_id": "SA-ROAD-215", "segment_id": "SA-215- 9045033800986138009814" }, "geometry": { "type": "LineString", "coordinates": [ [ -84.525788058690878, 42.216842186198882 ], [ -84.525765376096913, 42.216931397797985 ], [ -84.525723209965165, 42.217027772567356 ], [ -84.525527861749509, 42.217300737918158 ] ] } },
{ "type": "Feature", "properties": { "road_id": "SA-ROAD-216", "segment_id": "SA-216-33805673800986138019439" }, "geometry": { "type": "LineString", "coordinates": [ [ -84.525788058690878, 42.216842186198882 ], [ -84.526300063338141, 42.216844655163172 ] ] } },
{ "type": "Feature", "properties": { "road_id": "SA-ROAD-217", "segment_id": "SA-217-33805673801943938009856" }, "geometry": { "type": "LineString", "coordinates": [ [ -84.526300063338141, 42.216844655163172 ], [ -84.526363481881006, 42.216844960724785 ], [ -84.527274980408905, 42.216849510319129 ] ] } },
{ "type": "Feature", "properties": { "road_id": "SA-ROAD-218", "segment_id": "SA-218- 9045123800975638009856" }, "geometry": { "type": "LineString", "coordinates": [ [ -84.527298490585565, 42.21839874301395 ], [ -84.527274980408905, 42.216849510319129 ] ] } },
{ "type": "Feature", "properties": { "road_id": "SA-ROAD-219", "segment_id": "SA-219- 9044103800985738009856" }, "geometry": { "type": "LineString", "coordinates": [ [ -84.528846217857208, 42.216852591146321 ], [ -84.527274980408905, 42.216849510319129 ] ] } },
{ "type": "Feature", "properties": { "road_id": "SA-ROAD-220", "segment_id": "SA-220- 9045113800975938009857" }, "geometry": { "type": "LineString", "coordinates": [ [ -84.52888727640466, 42.218393028340834 ], [ -84.528846217857208, 42.216852591146321 ] ] } },
{ "type": "Feature", "properties": { "road_id": "SA-ROAD-221", "segment_id": "SA-221- 8997023801832938009766" }, "geometry": { "type": "LineString", "coordinates": [ [ -84.540959497724316, 42.216989148838501 ], [ -84.540990797647822, 42.218380371316528 ] ] } },
{ "type": "Feature", "properties": { "road_id": "SA-ROAD-222", "segment_id": "SA-222- 9044103800986038009857" }, "geometry": { "type": "LineString", "coordinates": [ [ -84.530462878623737, 42.216849000710724 ], [ -84.528846217857208, 42.216852591146321 ] ] } },
{ "type": "Feature", "properties": { "road_id": "SA-ROAD-223", "segment_id": "SA-223-33801343800976038009860" }, "geometry": { "type": "LineString", "coordinates": [ [ -84.530493878545997, 42.218398725386074 ], [ -84.530462878623737, 42.216849000710724 ] ] } },
{ "type": "Feature", "properties": { "road_id": "SA-ROAD-224", "segment_id": "SA-224-33805713801975638016738" }, "geometry": { "type": "LineString", "coordinates": [ [ -84.546630373998099, 42.217051099062722 ], [ -84.546257088333249, 42.217062392085033 ] ] } },
{ "type": "Feature", "properties": { "road_id": "SA-ROAD-225", "segment_id": "SA-225-33801553801832938018331" }, "geometry": { "type": "LineString", "coordinates": [ [ -84.540959497724316, 42.216989148838501 ], [ -84.542626377757315, 42.216997557204287 ], [ -84.542757439485072, 42.217005785747638 ], [ -84.542872600667579, 42.217020309446049 ], [ -84.5430517514569, 42.217066897047609 ], [ -84.543163010680559, 42.217098281958975 ], [ -84.543298763404024, 42.217129987939551 ], [ -84.543378871627837, 42.217146652508539 ], [ -84.543460760123381, 42.21716203881796 ], [ -84.54357242197942, 42.217176516696817 ], [ -84.543721010237775, 42.217183673842236 ], [ -84.544273993665712, 42.217185738178152 ], [ -84.545130286584438, 42.217192689029616 ] ] } },
{ "type": "Feature", "properties": { "road_id": "SA-ROAD-226", "segment_id": "SA-226-33805713801673738019756" }, "geometry": { "type": "LineString", "coordinates": [ [ -84.548411361931329, 42.217038021901374 ], [ -84.547000888257713, 42.217041792497568 ], [ -84.546630373998099, 42.217051099062722 ] ] } },
{ "type": "Feature", "properties": { "road_id": "SA-ROAD-227", "segment_id": "SA-227-33805703800976838016737" }, "geometry": { "type": "LineString", "coordinates": [ [ -84.54849076285106, 42.218342813658545 ], [ -84.548411361931329, 42.217038021901374 ] ] } },
{ "type": "Feature", "properties": { "road_id": "SA-ROAD-228", "segment_id": "SA-228-33801343800986038018326" }, "geometry": { "type": "LineString", "coordinates": [ [ -84.530462878623737, 42.216849000710724 ], [ -84.530466656132305, 42.216661261637896 ] ] } },
{ "type": "Feature", "properties": { "road_id": "SA-ROAD-229", "segment_id": "SA-229- 8994073800986638009739" }, "geometry": { "type": "LineString", "coordinates": [ [ -84.516561570782372, 42.216403857800294 ], [ -84.51250291990965, 42.218447830196411 ] ] } },
{ "type": "Feature", "properties": { "road_id": "SA-ROAD-230", "segment_id": "SA-230- 8997053800986638009741" }, "geometry": { "type": "LineString", "coordinates": [ [ -84.516561570782372, 42.216403857800294 ], [ -84.516571656468059, 42.218428133233083 ] ] } },
{ "type": "Feature", "properties": { "road_id": "SA-ROAD-231", "segment_id": "SA-231- 9028083800987338009720" }, "geometry": { "type": "LineString", "coordinates": [ [ -84.501809675867932, 42.216126709392569 ], [ -84.501866904321545, 42.21846578026787 ] ] } },
{ "type": "Feature", "properties": { "road_id": "SA-ROAD-232", "segment_id": "SA-232- 9043063800987138009729" }, "geometry": { "type": "LineString", "coordinates": [ [ -84.506735615247436, 42.216167796941555 ], [ -84.506759260807982, 42.216196524111666 ], [ -84.506777843206848, 42.216230437312227 ], [ -84.506789663913082, 42.216276282103841 ], [ -84.506778818909964, 42.216654846796644 ], [ -84.506799552161624, 42.218454333091252 ] ] } },
{ "type": "Feature", "properties": { "road_id": "SA-ROAD-233", "segment_id": "SA-233-33801333800987338009877" }, "geometry": { "type": "LineString", "coordinates": [ [ -84.501809675867932, 42.216126709392569 ], [ -84.503874094376727, 42.216127997902518 ] ] } },
{ "type": "Feature", "properties": { "road_id": "SA-ROAD-234", "segment_id": "SA-234- 9044063800987738009817" }, "geometry": { "type": "LineString", "coordinates": [ [ -84.503874094376727, 42.216127997902518 ], [ -84.503888126461845, 42.216904795858653 ] ] } },
{ "type": "Feature", "properties": { "road_id": "SA-ROAD-235", "segment_id": "SA-235-33801333800987738009879" }, "geometry": { "type": "LineString", "coordinates": [ [ -84.503874094376727, 42.216127997902518 ], [ -84.505360655198871, 42.216120498535247 ] ] } },
{ "type": "Feature", "properties": { "road_id": "SA-ROAD-236", "segment_id": "SA-236- 9044053800987938009828" }, "geometry": { "type": "LineString", "coordinates": [ [ -84.505360655198871, 42.216120498535247 ], [ -84.505366597228189, 42.216897354508582 ] ] } },
{ "type": "Feature", "properties": { "road_id": "SA-ROAD-237", "segment_id": "SA-237-33801333800987938009871" }, "geometry": { "type": "LineString", "coordinates": [ [ -84.505360655198871, 42.216120498535247 ], [ -84.505761683825028, 42.216116959393219 ], [ -84.5065784663893, 42.216115942015037 ], [ -84.506660777101885, 42.216123061624458 ], [ -84.506703990815808, 42.216141678138058 ], [ -84.506735615247436, 42.216167796941555 ] ] } },
{ "type": "Feature", "properties": { "road_id": "SA-ROAD-238", "segment_id": "SA-238- 9045123800985638018325" }, "geometry": { "type": "LineString", "coordinates": [ [ -84.527274980408905, 42.216849510319129 ], [ -84.527270294813874, 42.216645539419162 ], [ -84.52726285390743, 42.216205560273266 ] ] } },
{ "type": "Feature", "properties": { "road_id": "SA-ROAD-239", "segment_id": "SA-239-33801343801832638009897" }, "geometry": { "type": "LineString", "coordinates": [ [ -84.530466656132305, 42.216661261637896 ], [ -84.530476038020453, 42.216195069414567 ] ] } },
{ "type": "Feature", "properties": { "road_id": "SA-ROAD-240", "segment_id": "SA-240-33805683800989738016736" }, "geometry": { "type": "LineString", "coordinates": [ [ -84.530476038020453, 42.216195069414567 ], [ -84.529737725306504, 42.216192050451085 ], [ -84.529545728048149, 42.216180031229669 ], [ -84.529420948362514, 42.216120049502209 ] ] } },
{ "type": "Feature", "properties": { "road_id": "SA-ROAD-241", "segment_id": "SA-241-33801343800989738016736" }, "geometry": { "type": "LineString", "coordinates": [ [ -84.530476038020453, 42.216195069414567 ], [ -84.530382018523696, 42.215942059647659 ], [ -84.530308099216128, 42.21591406152772 ], [ -84.530160826741664, 42.215891076913302 ], [ -84.529895019553848, 42.21588505926298 ], [ -84.529695711315213, 42.215895047314973 ], [ -84.529503839496883, 42.215922043887943 ], [ -84.529451053153238, 42.216010069379955 ], [ -84.529420948362514, 42.216120049502209 ] ] } },
{ "type": "Feature", "properties": { "road_id": "SA-ROAD-242", "segment_id": "SA-242-33815363802059338020582" }, "geometry": { "type": "LineString", "coordinates": [ [ -84.547007756302264, 42.215799958388274 ], [ -84.54671485984268, 42.215928078422422 ] ] } },
{ "type": "Feature", "properties": { "road_id": "SA-ROAD-243", "segment_id": "SA-243-33815363802059238020593" }, "geometry": { "type": "LineString", "coordinates": [ [ -84.548351927589479, 42.215747453347696 ], [ -84.547630275872422, 42.215745753421196 ], [ -84.547337755498461, 42.215749545213946 ], [ -84.547091167198857, 42.215763472472041 ], [ -84.547007756302264, 42.215799958388274 ] ] } },
{ "type": "Feature", "properties": { "road_id": "SA-ROAD-244", "segment_id": "SA-244-33805703801673738020592" }, "geometry": { "type": "LineString", "coordinates": [ [ -84.548411361931329, 42.217038021901374 ], [ -84.548351927589479, 42.215747453347696 ] ] } },
{ "type": "Feature", "properties": { "road_id": "SA-ROAD-245", "segment_id": "SA-245- 9045033800994738009861" }, "geometry": { "type": "LineString", "coordinates": [ [ -84.525380729010692, 42.215424014486665 ], [ -84.525430118654242, 42.215461416885212 ], [ -84.525470429416899, 42.215506940529771 ], [ -84.52568697928605, 42.216037822882228 ], [ -84.525798297254653, 42.216309223772207 ], [ -84.525805172083693, 42.216420598430872 ], [ -84.525794644124062, 42.216593302163567 ], [ -84.525788058690878, 42.216842186198882 ] ] } },
{ "type": "Feature", "properties": { "road_id": "SA-ROAD-246", "segment_id": "SA-246- 9045053800995438009814" }, "geometry": { "type": "LineString", "coordinates": [ [ -84.523150979021025, 42.215255713706107 ], [ -84.523153164170139, 42.215575528944477 ], [ -84.523168788035278, 42.21572016797915 ], [ -84.523195105248078, 42.215817594967668 ], [ -84.523260316676797, 42.2158871280323 ], [ -84.5233575987926, 42.215947617642662 ], [ -84.523537840297408, 42.216002108915241 ], [ -84.523915386449417, 42.216063963336516 ], [ -84.524095685817628, 42.21611608635709 ], [ -84.524275586206215, 42.21618477799241 ], [ -84.524442180166545, 42.216276969880276 ], [ -84.524591655817105, 42.21641865536413 ], [ -84.524715259890556, 42.216576570455551 ], [ -84.524835508769087, 42.216741544231013 ], [ -84.525016821830476, 42.216960930155814 ], [ -84.525214802597901, 42.217115931481182 ], [ -84.525527861749509, 42.217300737918158 ] ] } },
{ "type": "Feature", "properties": { "road_id": "SA-ROAD-247", "segment_id": "SA-247- 9045043800994738009954" }, "geometry": { "type": "LineString", "coordinates": [ [ -84.525380729010692, 42.215424014486665 ], [ -84.525304690989302, 42.215379245844034 ], [ -84.525212921000033, 42.215354346911425 ], [ -84.524983834986259, 42.215344195443322 ], [ -84.524320908055685, 42.215361414992941 ], [ -84.524142711522288, 42.215354306687715 ], [ -84.523951948678715, 42.215339927241772 ], [ -84.523399679417238, 42.215259170815436 ], [ -84.523150979021025, 42.215255713706107 ] ] } },
{ "type": "Feature", "properties": { "road_id": "SA-ROAD-248", "segment_id": "SA-248- 9045043800995438009847" }, "geometry": { "type": "LineString", "coordinates": [ [ -84.523150979021025, 42.215255713706107 ], [ -84.522890638613049, 42.215241904165858 ], [ -84.522628191854452, 42.215248405410811 ], [ -84.522432494628802, 42.215275792254701 ], [ -84.522310271050813, 42.215324157397582 ], [ -84.522238349806514, 42.215378191537468 ], [ -84.522186297391329, 42.215444989700757 ], [ -84.522160173633992, 42.215552128820079 ], [ -84.522143319839728, 42.215971853537752 ], [ -84.52219258366766, 42.216159988343449 ], [ -84.52234358748052, 42.216451966882019 ], [ -84.522364103947609, 42.21657722627679 ], [ -84.522371436942663, 42.216901944607329 ] ] } },
{ "type": "Feature", "properties": { "road_id": "SA-ROAD-249", "segment_id": "SA-249- 9045123801832538009960" }, "geometry": { "type": "LineString", "coordinates": [ [ -84.52726285390743, 42.216205560273266 ], [ -84.527261818001293, 42.216144337250107 ], [ -84.527260057074997, 42.215790752735238 ], [ -84.527263179775829, 42.21551862956921 ], [ -84.527242781701361, 42.215370829128766 ], [ -84.527179624216103, 42.215293681732071 ], [ -84.527074684680045, 42.215246501616242 ], [ -84.526969378273407, 42.215214579208272 ], [ -84.526842936154083, 42.215207810836581 ] ] } },
{ "type": "Feature", "properties": { "road_id": "SA-ROAD-250", "segment_id": "SA-250- 9028083801749238009873" }, "geometry": { "type": "LineString", "coordinates": [ [ -84.501793233348906, 42.214808593524936 ], [ -84.501809675867932, 42.216126709392569 ] ] } },
{ "type": "Feature", "properties": { "road_id": "SA-ROAD-251", "segment_id": "SA-251- 9044183801749238017494" }, "geometry": { "type": "LineString", "coordinates": [ [ -84.501793233348906, 42.214808593524936 ], [ -84.502380473535169, 42.214845658248187 ] ] } },
{ "type": "Feature", "properties": { "road_id": "SA-ROAD-252", "segment_id": "SA-252- 8994073801003938009866" }, "geometry": { "type": "LineString", "coordinates": [ [ -84.5213137188952, 42.214028276941058 ], [ -84.519585188946124, 42.214881528327794 ], [ -84.516561570782372, 42.216403857800294 ] ] } },
{ "type": "Feature", "properties": { "road_id": "SA-ROAD-253", "segment_id": "SA-253- 9028083802542738017492" }, "geometry": { "type": "LineString", "coordinates": [ [ -84.501769293871092, 42.213685307130831 ], [ -84.501793233348906, 42.214808593524936 ] ] } },
{ "type": "Feature", "properties": { "road_id": "SA-ROAD-254", "segment_id": "SA-254-33805703802059238010122" }, "geometry": { "type": "LineString", "coordinates": [ [ -84.548351927589479, 42.215747453347696 ], [ -84.548325763394374, 42.21517932435642 ], [ -84.548333014006062, 42.214769901691966 ], [ -84.548406919451182, 42.214246175937483 ], [ -84.548403574571623, 42.214076108629875 ], [ -84.548421364192762, 42.213870698347257 ], [ -84.548396951164463, 42.213665838403877 ], [ -84.548371919223314, 42.213487081786475 ], [ -84.548363362313168, 42.213354235223754 ], [ -84.548366044981378, 42.213241120456345 ], [ -84.548382429460005, 42.213167352444515 ], [ -84.548439368282033, 42.213111524162613 ], [ -84.548504982325625, 42.213060161151567 ], [ -84.548573160552678, 42.21302406278641 ], [ -84.548626605139091, 42.212992123822033 ], [ -84.5487088474476, 42.212980145770743 ], [ -84.548782156527125, 42.212974578474899 ], [ -84.54885505302002, 42.212986413059994 ], [ -84.548932053823236, 42.213006670401647 ] ] } },
{ "type": "Feature", "properties": { "road_id": "SA-ROAD-255", "segment_id": "SA-255- 9028083801672738025427" }, "geometry": { "type": "LineString", "coordinates": [ [ -84.501736894074256, 42.212164949453076 ], [ -84.501769293871092, 42.213685307130831 ] ] } },
{ "type": "Feature", "properties": { "road_id": "SA-ROAD-256", "segment_id": "SA-256- 8997013801012038010246" }, "geometry": { "type": "LineString", "coordinates": [ [ -84.544172590456384, 42.212436209617763 ], [ -84.54419078951922, 42.212638453389793 ], [ -84.544130758103492, 42.212759469033053 ], [ -84.543959726295512, 42.212939469903731 ] ] } },
{ "type": "Feature", "properties": { "road_id": "SA-ROAD-257", "segment_id": "SA-257-33805743802031938020318" }, "geometry": { "type": "LineString", "coordinates": [ [ -84.546611349650419, 42.212460819431499 ], [ -84.547131543028343, 42.212414645603069 ], [ -84.547473692588241, 42.212381069387291 ], [ -84.547601458750179, 42.212391203081701 ], [ -84.547634981946544, 42.212417019104251 ], [ -84.547651041333765, 42.21245952254214 ], [ -84.547640904895474, 42.212527059815429 ], [ -84.54758848304742, 42.212818197789296 ] ] } },
{ "type": "Feature", "properties": { "road_id": "SA-ROAD-258", "segment_id": "SA-258-33805743801674238020319" }, "geometry": { "type": "LineString", "coordinates": [ [ -84.546306199372225, 42.212359086974466 ], [ -84.546343128793382, 42.212433906642445 ], [ -84.546382287223892, 42.212461911099169 ], [ -84.546467347924349, 42.212473600599012 ], [ -84.546611349650419, 42.212460819431499 ] ] } },
{ "type": "Feature", "properties": { "road_id": "SA-ROAD-259", "segment_id": "SA-259- 9044173801672738016728" }, "geometry": { "type": "LineString", "coordinates": [ [ -84.501736894074256, 42.212164949453076 ], [ -84.50199070839146, 42.212174584589157 ], [ -84.502129658716825, 42.212164332043606 ], [ -84.502285661438464, 42.212123982292411 ], [ -84.502438327669537, 42.212053262569768 ], [ -84.502724009052727, 42.211881228844064 ], [ -84.502902031256525, 42.211774458617477 ], [ -84.503021330356361, 42.211733613149683 ], [ -84.503140110871058, 42.211713988292011 ], [ -84.50347057817747, 42.211712384684077 ] ] } },
{ "type": "Feature", "properties": { "road_id": "SA-ROAD-260", "segment_id": "SA-260- 9039033801020238010201" }, "geometry": { "type": "LineString", "coordinates": [ [ -84.485127967246967, 42.211092946265026 ], [ -84.482341561953874, 42.211055209790416 ] ] } },
{ "type": "Feature", "properties": { "road_id": "SA-ROAD-261", "segment_id": "SA-261- 9039033801020638010202" }, "geometry": { "type": "LineString", "coordinates": [ [ -84.501715346015189, 42.211192209530694 ], [ -84.489641852048322, 42.2111226469409 ], [ -84.489309642808564, 42.211117659833491 ], [ -84.485127967246967, 42.211092946265026 ] ] } },
{ "type": "Feature", "properties": { "road_id": "SA-ROAD-262", "segment_id": "SA-262- 9028083801020638016727" }, "geometry": { "type": "LineString", "coordinates": [ [ -84.501715346015189, 42.211192209530694 ], [ -84.501736894074256, 42.212164949453076 ] ] } },
{ "type": "Feature", "properties": { "road_id": "SA-ROAD-263", "segment_id": "SA-263-33805743801674338016742" }, "geometry": { "type": "LineString", "coordinates": [ [ -84.546672872241587, 42.211562769031765 ], [ -84.546581914197574, 42.211560116251597 ], [ -84.546493797619576, 42.211565726503764 ], [ -84.546432708713169, 42.211582968108303 ], [ -84.546377365892354, 42.211613818235747 ], [ -84.546340006176962, 42.211653926449948 ], [ -84.54631754296237, 42.211705506881167 ], [ -84.546306199372225, 42.212359086974466 ] ] } },
{ "type": "Feature", "properties": { "road_id": "SA-ROAD-264", "segment_id": "SA-264-33805733801674338016744" }, "geometry": { "type": "LineString", "coordinates": [ [ -84.546672872241587, 42.211562769031765 ], [ -84.548137022679924, 42.211572571899325 ] ] } },
{ "type": "Feature", "properties": { "road_id": "SA-ROAD-265", "segment_id": "SA-265- 8995103800978538010226" }, "geometry": { "type": "LineString", "coordinates": [ [ -84.570428262699764, 42.218325244747241 ], [ -84.570216094054217, 42.21180179601344 ] ] } },
{ "type": "Feature", "properties": { "road_id": "SA-ROAD-266", "segment_id": "SA-266- 8996013801024438009774" }, "geometry": { "type": "LineString", "coordinates": [ [ -84.560386299033667, 42.211409896810984 ], [ -84.560614787776473, 42.21831430383304 ] ] } },
{ "type": "Feature", "properties": { "road_id": "SA-ROAD-267", "segment_id": "SA-267- 8997023802543038018329" }, "geometry": { "type": "LineString", "coordinates": [ [ -84.540796995201205, 42.210895250297874 ], [ -84.54091595956082, 42.215268121221094 ], [ -84.540959497724316, 42.216989148838501 ] ] } },
{ "type": "Feature", "properties": { "road_id": "SA-ROAD-268", "segment_id": "SA-268- 9045103801027338020321" }, "geometry": { "type": "LineString", "coordinates": [ [ -84.543343482331537, 42.210688653994033 ], [ -84.542893575366875, 42.210704572956423 ] ] } },
{ "type": "Feature", "properties": { "road_id": "SA-ROAD-269", "segment_id": "SA-269- 9045103801027738010273" }, "geometry": { "type": "LineString", "coordinates": [ [ -84.544078009489326, 42.210676581949571 ], [ -84.543432955689354, 42.210684088195194 ], [ -84.543343482331537, 42.210688653994033 ] ] } },
{ "type": "Feature", "properties": { "road_id": "SA-ROAD-270", "segment_id": "SA-270- 8997013801027738010120" }, "geometry": { "type": "LineString", "coordinates": [ [ -84.544078009489326, 42.210676581949571 ], [ -84.544103966872541, 42.211192671895354 ], [ -84.544141389585292, 42.212089498100866 ], [ -84.544172590456384, 42.212436209617763 ] ] } },
{ "type": "Feature", "properties": { "road_id": "SA-ROAD-271", "segment_id": "SA-271- 8994073801027838010039" }, "geometry": { "type": "LineString", "coordinates": [ [ -84.530932540908424, 42.210499812499499 ], [ -84.529341763904952, 42.210940557561742 ], [ -84.528422972130201, 42.211205847168031 ], [ -84.527371632665762, 42.211517806180005 ], [ -84.526177581068907, 42.211861685284497 ], [ -84.525350846400798, 42.212127248985887 ], [ -84.524447805917234, 42.212473853042766 ], [ -84.523915716266799, 42.21272028230068 ], [ -84.5213137188952, 42.214028276941058 ] ] } },
{ "type": "Feature", "properties": { "road_id": "SA-ROAD-272", "segment_id": "SA-272- 9045103801674138010277" }, "geometry": { "type": "LineString", "coordinates": [ [ -84.546725887824536, 42.210673168684295 ], [ -84.544078009489326, 42.210676581949571 ] ] } },
{ "type": "Feature", "properties": { "road_id": "SA-ROAD-273", "segment_id": "SA-273-33805733801674138016743" }, "geometry": { "type": "LineString", "coordinates": [ [ -84.546725887824536, 42.210673168684295 ], [ -84.546672872241587, 42.211562769031765 ] ] } },
{ "type": "Feature", "properties": { "road_id": "SA-ROAD-274", "segment_id": "SA-274- 9045103801028138016741" }, "geometry": { "type": "LineString", "coordinates": [ [ -84.547235742692379, 42.210665608197402 ], [ -84.546725887824536, 42.210673168684295 ] ] } },
{ "type": "Feature", "properties": { "road_id": "SA-ROAD-275", "segment_id": "SA-275- 9045103801028338010281" }, "geometry": { "type": "LineString", "coordinates": [ [ -84.548585733453834, 42.210647641804314 ], [ -84.547235742692379, 42.210665608197402 ] ] } },
{ "type": "Feature", "properties": { "road_id": "SA-ROAD-276", "segment_id": "SA-276-33810013801030838010280" }, "geometry": { "type": "LineString", "coordinates": [ [ -84.552285245583775, 42.210662686029345 ], [ -84.552286231615938, 42.210716636854642 ], [ -84.552289015954429, 42.210774216057899 ], [ -84.55228057601181, 42.210838842056155 ], [ -84.552246149934135, 42.21089182461526 ], [ -84.552189834067491, 42.210935273717411 ], [ -84.552126827648038, 42.210969387145028 ], [ -84.552051652199836, 42.210992037707662 ], [ -84.551962878265428, 42.211005262240981 ], [ -84.551043282457044, 42.211001960223498 ] ] } },
{ "type": "Feature", "properties": { "road_id": "SA-ROAD-277", "segment_id": "SA-277- 9045103801028738010283" }, "geometry": { "type": "LineString", "coordinates": [ [ -84.549908042513181, 42.210630655427252 ], [ -84.548585733453834, 42.210647641804314 ] ] } },
{ "type": "Feature", "properties": { "road_id": "SA-ROAD-278", "segment_id": "SA-278- 9045093801028738010255" }, "geometry": { "type": "LineString", "coordinates": [ [ -84.549908042513181, 42.210630655427252 ], [ -84.54991083038972, 42.210767676170711 ], [ -84.54991933037212, 42.211088291391633 ] ] } },
{ "type": "Feature", "properties": { "road_id": "SA-ROAD-279", "segment_id": "SA-279- 8997023802543138025430" }, "geometry": { "type": "LineString", "coordinates": [ [ -84.54078847020655, 42.210445147686038 ], [ -84.540789555961283, 42.210621793922812 ], [ -84.540796995201205, 42.210895250297874 ] ] } },
{ "type": "Feature", "properties": { "road_id": "SA-ROAD-280", "segment_id": "SA-280- 8997023802543238025431" }, "geometry": { "type": "LineString", "coordinates": [ [ -84.54077257278152, 42.210053389865301 ], [ -84.540787659614651, 42.210313180546542 ], [ -84.54078847020655, 42.210445147686038 ] ] } },
{ "type": "Feature", "properties": { "road_id": "SA-ROAD-281", "segment_id": "SA-281- 8996013801032638010244" }, "geometry": { "type": "LineString", "coordinates": [ [ -84.560343980566586, 42.210104047584544 ], [ -84.560386299033667, 42.211409896810984 ] ] } },
{ "type": "Feature", "properties": { "road_id": "SA-ROAD-282", "segment_id": "SA-282-33810013802059438010308" }, "geometry": { "type": "LineString", "coordinates": [ [ -84.552260791492202, 42.209967746943391 ], [ -84.552285245583775, 42.210662686029345 ] ] } },
{ "type": "Feature", "properties": { "road_id": "SA-ROAD-283", "segment_id": "SA-283-33815373802059438020586" }, "geometry": { "type": "LineString", "coordinates": [ [ -84.552260791492202, 42.209967746943391 ], [ -84.552514861028342, 42.209938076621739 ], [ -84.552954861343167, 42.209878076348346 ], [ -84.553104862064941, 42.209908077186441 ], [ -84.553364862330753, 42.210018077039628 ], [ -84.553644862036251, 42.210058076780172 ] ] } },
{ "type": "Feature", "properties": { "road_id": "SA-ROAD-284", "segment_id": "SA-284- 8997023802543338025432" }, "geometry": { "type": "LineString", "coordinates": [ [ -84.540759059942118, 42.209695848545429 ], [ -84.540763024339938, 42.209888969973626 ], [ -84.54077257278152, 42.210053389865301 ] ] } },
{ "type": "Feature", "properties": { "road_id": "SA-ROAD-285", "segment_id": "SA-285- 9036143801032638010319" }, "geometry": { "type": "LineString", "coordinates": [ [ -84.560343980566586, 42.210104047584544 ], [ -84.561034480586343, 42.209952901830654 ], [ -84.561203014957883, 42.209931099266349 ], [ -84.561205573233636, 42.209930768601843 ], [ -84.561377287627693, 42.209932999888693 ], [ -84.562635842736356, 42.209932949287008 ] ] } },
{ "type": "Feature", "properties": { "road_id": "SA-ROAD-286", "segment_id": "SA-286- 9036143801031938010327" }, "geometry": { "type": "LineString", "coordinates": [ [ -84.562635842736356, 42.209932949287008 ], [ -84.562730837111701, 42.20994937660781 ], [ -84.562823322554578, 42.209975901282718 ], [ -84.562908403718751, 42.21002765477737 ], [ -84.563038413964065, 42.210100250445208 ], [ -84.563139783731827, 42.210135331233303 ], [ -84.563261862768954, 42.210158863541274 ], [ -84.56342727473114, 42.210174516023685 ], [ -84.563617819312526, 42.210183741301485 ], [ -84.564444042730187, 42.210185543607345 ] ] } },
{ "type": "Feature", "properties": { "road_id": "SA-ROAD-287", "segment_id": "SA-287-33814593802032138020320" }, "geometry": { "type": "LineString", "coordinates": [ [ -84.542893575366875, 42.210704572956423 ], [ -84.54288871859427, 42.210704744167963 ], [ -84.542831800843516, 42.210638774320842 ], [ -84.542794891192088, 42.210551328496564 ], [ -84.542788854029041, 42.21039544391288 ], [ -84.542769836066782, 42.209761102547255 ], [ -84.542760348770628, 42.209340665212842 ] ] } },
{ "type": "Feature", "properties": { "road_id": "SA-ROAD-288", "segment_id": "SA-288- 8997013801039938010277" }, "geometry": { "type": "LineString", "coordinates": [ [ -84.543967203568769, 42.20890608245584 ], [ -84.544078009489326, 42.210676581949571 ] ] } },
{ "type": "Feature", "properties": { "road_id": "SA-ROAD-289", "segment_id": "SA-289- 9036033801040238010399" }, "geometry": { "type": "LineString", "coordinates": [ [ -84.545215299496022, 42.208875799521401 ], [ -84.543967203568769, 42.20890608245584 ] ] } },
{ "type": "Feature", "properties": { "road_id": "SA-ROAD-290", "segment_id": "SA-290- 9036033801040738010402" }, "geometry": { "type": "LineString", "coordinates": [ [ -84.546017155851914, 42.208872382356901 ], [ -84.545215299496022, 42.208875799521401 ] ] } },
{ "type": "Feature", "properties": { "road_id": "SA-ROAD-291", "segment_id": "SA-291-33810003801037438010300" }, "geometry": { "type": "LineString", "coordinates": [ [ -84.551588423668079, 42.208938729657568 ], [ -84.551320756538558, 42.208968221798216 ], [ -84.551099722321638, 42.2089781543566 ], [ -84.550954442915156, 42.208994207614104 ], [ -84.550853512199851, 42.20903135961138 ], [ -84.550765832330825, 42.209091768900258 ], [ -84.550709557342216, 42.209137199501235 ], [ -84.550659693420215, 42.209203233466752 ], [ -84.550644743663341, 42.209251770248095 ], [ -84.550642315083905, 42.209354332300244 ], [ -84.550674098747081, 42.20990619279636 ], [ -84.550683318914196, 42.210626687886332 ] ] } },
{ "type": "Feature", "properties": { "road_id": "SA-ROAD-292", "segment_id": "SA-292-33810013801037438020594" }, "geometry": { "type": "LineString", "coordinates": [ [ -84.551588423668079, 42.208938729657568 ], [ -84.551673214281848, 42.208944618088502 ], [ -84.551752054793639, 42.208966168653674 ], [ -84.551898719790785, 42.209037337604954 ], [ -84.55203479717494, 42.209118627668211 ], [ -84.552161601143638, 42.209203603865838 ], [ -84.552196949766795, 42.209264379591076 ], [ -84.55222623051452, 42.209339143258873 ], [ -84.552253437772933, 42.209758764685745 ], [ -84.552260791492202, 42.209967746943391 ] ] } },
{ "type": "Feature", "properties": { "road_id": "SA-ROAD-293", "segment_id": "SA-293- 8996013802027138010326" }, "geometry": { "type": "LineString", "coordinates": [ [ -84.560311541902195, 42.20902899006542 ], [ -84.560343980566586, 42.210104047584544 ] ] } },
{ "type": "Feature", "properties": { "road_id": "SA-ROAD-294", "segment_id": "SA-294-33814373802027138020273" }, "geometry": { "type": "LineString", "coordinates": [ [ -84.560311541902195, 42.20902899006542 ], [ -84.561233240152248, 42.209065054921716 ], [ -84.561398071366398, 42.209069554971826 ] ] } },
{ "type": "Feature", "properties": { "road_id": "SA-ROAD-295", "segment_id": "SA-295- 9036033801040938010407" }, "geometry": { "type": "LineString", "coordinates": [ [ -84.547179631772366, 42.208852650488971 ], [ -84.546017155851914, 42.208872382356901 ] ] } },
{ "type": "Feature", "properties": { "road_id": "SA-ROAD-296", "segment_id": "SA-296- 9046143801028138010409" }, "geometry": { "type": "LineString", "coordinates": [ [ -84.547235742692379, 42.210665608197402 ], [ -84.547179631772366, 42.208852650488971 ] ] } },
{ "type": "Feature", "properties": { "road_id": "SA-ROAD-297", "segment_id": "SA-297- 9036033801041238010409" }, "geometry": { "type": "LineString", "coordinates": [ [ -84.54849352197752, 42.20881370173224 ], [ -84.547408867954644, 42.208831685155552 ], [ -84.547179631772366, 42.208852650488971 ] ] } },
{ "type": "Feature", "properties": { "road_id": "SA-ROAD-298", "segment_id": "SA-298- 9046113801028338010412" }, "geometry": { "type": "LineString", "coordinates": [ [ -84.548585733453834, 42.210647641804314 ], [ -84.548578795907474, 42.210510629653044 ], [ -84.548500919559601, 42.20895071365404 ], [ -84.54849352197752, 42.20881370173224 ] ] } },
{ "type": "Feature", "properties": { "road_id": "SA-ROAD-299", "segment_id": "SA-299- 9036033801041938010412" }, "geometry": { "type": "LineString", "coordinates": [ [ -84.549910777976365, 42.208779729635687 ], [ -84.54849352197752, 42.20881370173224 ] ] } },
{ "type": "Feature", "properties": { "road_id": "SA-ROAD-300", "segment_id": "SA-300- 9045093801041938010287" }, "geometry": { "type": "LineString", "coordinates": [ [ -84.549910777976365, 42.208779729635687 ], [ -84.549910796888497, 42.208916712361322 ], [ -84.549908460296322, 42.210370292197965 ], [ -84.549908042513181, 42.210630655427252 ] ] } },
{ "type": "Feature", "properties": { "road_id": "SA-ROAD-301", "segment_id": "SA-301- 9036033801042438010419" }, "geometry": { "type": "LineString", "coordinates": [ [ -84.551585653633083, 42.208692720836559 ], [ -84.549910777976365, 42.208779729635687 ] ] } },
{ "type": "Feature", "properties": { "road_id": "SA-ROAD-302", "segment_id": "SA-302-33810003801042438010374" }, "geometry": { "type": "LineString", "coordinates": [ [ -84.551585653633083, 42.208692720836559 ], [ -84.551588423668079, 42.208938729657568 ] ] } },
{ "type": "Feature", "properties": { "road_id": "SA-ROAD-303", "segment_id": "SA-303- 9036033801043238010424" }, "geometry": { "type": "LineString", "coordinates": [ [ -84.5534493450279, 42.208633279372776 ], [ -84.553305636026693, 42.208635138396225 ], [ -84.552901447554987, 42.208642222099712 ], [ -84.551585653633083, 42.208692720836559 ] ] } },
{ "type": "Feature", "properties": { "road_id": "SA-ROAD-304", "segment_id": "SA-304- 9036033801044438010432" }, "geometry": { "type": "LineString", "coordinates": [ [ -84.554897501514716, 42.208574958414381 ], [ -84.5534493450279, 42.208633279372776 ] ] } },
{ "type": "Feature", "properties": { "road_id": "SA-ROAD-305", "segment_id": "SA-305-54986213801044438010380" }, "geometry": { "type": "LineString", "coordinates": [ [ -84.554897501514716, 42.208574958414381 ], [ -84.554897090219654, 42.209328788547566 ] ] } },
{ "type": "Feature", "properties": { "road_id": "SA-ROAD-306", "segment_id": "SA-306- 9036033801044738010444" }, "geometry": { "type": "LineString", "coordinates": [ [ -84.556485992723523, 42.208529055274333 ], [ -84.554897501514716, 42.208574958414381 ] ] } },
{ "type": "Feature", "properties": { "road_id": "SA-ROAD-307", "segment_id": "SA-307- 9036033801045038010447" }, "geometry": { "type": "LineString", "coordinates": [ [ -84.557696181761244, 42.208519440104432 ], [ -84.556485992723523, 42.208529055274333 ] ] } },
{ "type": "Feature", "properties": { "road_id": "SA-ROAD-308", "segment_id": "SA-308- 9036033801045338010450" }, "geometry": { "type": "LineString", "coordinates": [ [ -84.560295669895027, 42.208502956362949 ], [ -84.559019153094169, 42.208504111706638 ], [ -84.557696181761244, 42.208519440104432 ] ] } },
{ "type": "Feature", "properties": { "road_id": "SA-ROAD-309", "segment_id": "SA-309- 8996013801045338020271" }, "geometry": { "type": "LineString", "coordinates": [ [ -84.560295669895027, 42.208502956362949 ], [ -84.560311541902195, 42.20902899006542 ] ] } },
{ "type": "Feature", "properties": { "road_id": "SA-ROAD-310", "segment_id": "SA-310- 8994073801045438010278" }, "geometry": { "type": "LineString", "coordinates": [ [ -84.540752271945024, 42.208239287087181 ], [ -84.537694287328961, 42.208936478174763 ], [ -84.534058026359588, 42.209763393292739 ], [ -84.533026442468028, 42.209981394612569 ], [ -84.530932540908424, 42.210499812499499 ] ] } },
{ "type": "Feature", "properties": { "road_id": "SA-ROAD-311", "segment_id": "SA-311- 8997023801045438025433" }, "geometry": { "type": "LineString", "coordinates": [ [ -84.540752271945024, 42.208239287087181 ], [ -84.540754782349126, 42.209487452233489 ], [ -84.540759059942118, 42.209695848545429 ] ] } },
{ "type": "Feature", "properties": { "road_id": "SA-ROAD-312", "segment_id": "SA-312-33814373802027338020274" }, "geometry": { "type": "LineString", "coordinates": [ [ -84.561398071366398, 42.209069554971826 ], [ -84.561769137546875, 42.209079684013275 ], [ -84.562562223195187, 42.209120649264932 ], [ -84.563871489886949, 42.209137640353212 ], [ -84.565442193212689, 42.209117700689475 ], [ -84.565662652910049, 42.209112681839812 ], [ -84.566037496033871, 42.209119718520775 ], [ -84.566161363559374, 42.209167969877157 ], [ -84.566298408858344, 42.209196521800351 ], [ -84.566433926075703, 42.209199852190238 ], [ -84.566572316359085, 42.209180310486737 ], [ -84.566723747899687, 42.209128000122298 ], [ -84.566833098087514, 42.209053355300838 ], [ -84.56693139386897, 42.208946401893265 ], [ -84.566961654911879, 42.208848023040787 ], [ -84.566976810457945, 42.208641221836473 ], [ -84.56697774895288, 42.208578492161557 ] ] } },
{ "type": "Feature", "properties": { "road_id": "SA-ROAD-313", "segment_id": "SA-313- 8996103801048538010402" }, "geometry": { "type": "LineString", "coordinates": [ [ -84.545622853099118, 42.207615251793428 ], [ -84.545417475579953, 42.207738412834061 ], [ -84.545286642004669, 42.207835487227001 ], [ -84.545212929475213, 42.20791225810364 ], [ -84.545188958447383, 42.208004257658729 ], [ -84.545215299496022, 42.208875799521401 ] ] } },
{ "type": "Feature", "properties": { "road_id": "SA-ROAD-314", "segment_id": "SA-314- 9046023801048538010407" }, "geometry": { "type": "LineString", "coordinates": [ [ -84.545622853099118, 42.207615251793428 ], [ -84.545790447046599, 42.207719017752453 ], [ -84.545869522626788, 42.20778321791505 ], [ -84.54593323968659, 42.207852076030072 ], [ -84.545977627206071, 42.207909343264653 ], [ -84.546017155851914, 42.208872382356901 ] ] } },
{ "type": "Feature", "properties": { "road_id": "SA-ROAD-315", "segment_id": "SA-315- 8994073801048938010454" }, "geometry": { "type": "LineString", "coordinates": [ [ -84.543850410289934, 42.207539672517107 ], [ -84.540752271945024, 42.208239287087181 ] ] } },
{ "type": "Feature", "properties": { "road_id": "SA-ROAD-316", "segment_id": "SA-316- 8997013801048938010399" }, "geometry": { "type": "LineString", "coordinates": [ [ -84.543850410289934, 42.207539672517107 ], [ -84.543967203568769, 42.20890608245584 ] ] } },
{ "type": "Feature", "properties": { "road_id": "SA-ROAD-317", "segment_id": "SA-317-33814383802027438020273" }, "geometry": { "type": "LineString", "coordinates": [ [ -84.56697774895288, 42.208578492161557 ], [ -84.566980787841544, 42.208375280378561 ], [ -84.566955038490107, 42.208249946209492 ], [ -84.566907474406264, 42.208158543354664 ], [ -84.566835099769776, 42.208087396334058 ], [ -84.566774946968692, 42.208027669753626 ], [ -84.566682977314358, 42.207978095355671 ], [ -84.566571419300701, 42.207943129852644 ], [ -84.566446948578999, 42.20792903977992 ], [ -84.566135446161326, 42.207923307567043 ], [ -84.565652397344607, 42.207923350766237 ], [ -84.565004050320709, 42.207895012838051 ], [ -84.564644134409647, 42.2078520140034 ], [ -84.564095097836159, 42.207747227866761 ], [ -84.563894111573319, 42.207735170025103 ], [ -84.563007528252939, 42.207723450553267 ], [ -84.562398447346851, 42.207731509284152 ], [ -84.562243945504918, 42.207744203453935 ], [ -84.56211308461387, 42.20779395748324 ], [ -84.561993648801987, 42.207863617148703 ], [ -84.561895356795574, 42.207953365475703 ], [ -84.56166596415558, 42.208204356372157 ], [ -84.56152136420647, 42.208361182686055 ], [ -84.561431121290198, 42.20850491899327 ], [ -84.561410059818684, 42.208589701003945 ], [ -84.561398071366398, 42.209069554971826 ] ] } },
{ "type": "Feature", "properties": { "road_id": "SA-ROAD-318", "segment_id": "SA-318- 8994073801051238010489" }, "geometry": { "type": "LineString", "coordinates": [ [ -84.545418688135001, 42.207154681735489 ], [ -84.544064166614973, 42.207487199669401 ], [ -84.543850410289934, 42.207539672517107 ] ] } },
{ "type": "Feature", "properties": { "road_id": "SA-ROAD-319", "segment_id": "SA-319- 8996103801051238010485" }, "geometry": { "type": "LineString", "coordinates": [ [ -84.545418688135001, 42.207154681735489 ], [ -84.545478675628246, 42.207291682070242 ], [ -84.545563309722098, 42.207484673561034 ], [ -84.545622853099118, 42.207615251793428 ] ] } },
{ "type": "Feature", "properties": { "road_id": "SA-ROAD-320", "segment_id": "SA-320-33801223801052238010450" }, "geometry": { "type": "LineString", "coordinates": [ [ -84.557684057491798, 42.207217931589312 ], [ -84.557696181761244, 42.208519440104432 ] ] } },
{ "type": "Feature", "properties": { "road_id": "SA-ROAD-321", "segment_id": "SA-321-54986223801044483027079" }, "geometry": { "type": "LineString", "coordinates": [ [ -84.554897501514716, 42.208574958414381 ], [ -84.554879277597152, 42.206875713783305 ] ] } },
{ "type": "Feature", "properties": { "road_id": "SA-ROAD-322", "segment_id": "SA-322- 8994073801054638010512" }, "geometry": { "type": "LineString", "coordinates": [ [ -84.547241394239322, 42.206736825468489 ], [ -84.547132904228135, 42.206763935033678 ], [ -84.545418688135001, 42.207154681735489 ] ] } },
{ "type": "Feature", "properties": { "road_id": "SA-ROAD-323", "segment_id": "SA-323- 8994073801061538010546" }, "geometry": { "type": "LineString", "coordinates": [ [ -84.551581828323151, 42.205752852190628 ], [ -84.547241394239322, 42.206736825468489 ] ] } },
{ "type": "Feature", "properties": { "road_id": "SA-ROAD-324", "segment_id": "SA-324-33801223801674538010522" }, "geometry": { "type": "LineString", "coordinates": [ [ -84.557592160128053, 42.205460582021374 ], [ -84.557610601656393, 42.205480971517893 ], [ -84.557624920842713, 42.20551095001511 ], [ -84.557637177348099, 42.205575346955101 ], [ -84.557684057491798, 42.207217931589312 ] ] } },
{ "type": "Feature", "properties": { "road_id": "SA-ROAD-325", "segment_id": "SA-325- 8996043801063938010447" }, "geometry": { "type": "LineString", "coordinates": [ [ -84.556408510306966, 42.205423821117179 ], [ -84.556485992723523, 42.208529055274333 ] ] } },
{ "type": "Feature", "properties": { "road_id": "SA-ROAD-326", "segment_id": "SA-326-33801223801063938016745" }, "geometry": { "type": "LineString", "coordinates": [ [ -84.556408510306966, 42.205423821117179 ], [ -84.557453331569079, 42.205406306376716 ], [ -84.557510673501511, 42.205417294276899 ], [ -84.557544209539259, 42.205428902498603 ], [ -84.557572650801944, 42.205444169006924 ], [ -84.557592160128053, 42.205460582021374 ] ] } },
{ "type": "Feature", "properties": { "road_id": "SA-ROAD-327", "segment_id": "SA-327- 8994073801064138010615" }, "geometry": { "type": "LineString", "coordinates": [ [ -84.553325718226148, 42.205346922374417 ], [ -84.551581828323151, 42.205752852190628 ] ] } },
{ "type": "Feature", "properties": { "road_id": "SA-ROAD-328", "segment_id": "SA-328- 8996073801064138010432" }, "geometry": { "type": "LineString", "coordinates": [ [ -84.553325718226148, 42.205346922374417 ], [ -84.55332989668112, 42.205483897245742 ], [ -84.553362702334766, 42.206533865931419 ], [ -84.5534493450279, 42.208633279372776 ] ] } },
{ "type": "Feature", "properties": { "road_id": "SA-ROAD-329", "segment_id": "SA-329- 8994073801065038010641" }, "geometry": { "type": "LineString", "coordinates": [ [ -84.553977797790637, 42.205197665935579 ], [ -84.553325718226148, 42.205346922374417 ] ] } },
{ "type": "Feature", "properties": { "road_id": "SA-ROAD-330", "segment_id": "SA-330- 8994073801066238010650" }, "geometry": { "type": "LineString", "coordinates": [ [ -84.554821123683922, 42.204992557616897 ], [ -84.553977797790637, 42.205197665935579 ] ] } },
{ "type": "Feature", "properties": { "road_id": "SA-ROAD-331", "segment_id": "SA-331- 8996053801066283027080" }, "geometry": { "type": "LineString", "coordinates": [ [ -84.554821123683922, 42.204992557616897 ], [ -84.554820732474312, 42.205147973607701 ], [ -84.554827829249234, 42.205479926919267 ] ] } },
{ "type": "Feature", "properties": { "road_id": "SA-ROAD-332", "segment_id": "SA-332- 8994073801068138010662" }, "geometry": { "type": "LineString", "coordinates": [ [ -84.55633174578017, 42.204662383737862 ], [ -84.556213027270289, 42.204692723783126 ], [ -84.554821123683922, 42.204992557616897 ] ] } },
{ "type": "Feature", "properties": { "road_id": "SA-ROAD-333", "segment_id": "SA-333- 8996043801068138010639" }, "geometry": { "type": "LineString", "coordinates": [ [ -84.55633174578017, 42.204662383737862 ], [ -84.556408510306966, 42.205423821117179 ] ] } },
{ "type": "Feature", "properties": { "road_id": "SA-ROAD-334", "segment_id": "SA-334- 9028083801080838010206" }, "geometry": { "type": "LineString", "coordinates": [ [ -84.50152826858195, 42.203882599462268 ], [ -84.501676968322585, 42.208753431974984 ], [ -84.501715346015189, 42.211192209530694 ] ] } },
{ "type": "Feature", "properties": { "road_id": "SA-ROAD-335", "segment_id": "SA-335- 8994073801071238010681" }, "geometry": { "type": "LineString", "coordinates": [ [ -84.558268601889779, 42.20419879271077 ], [ -84.55633174578017, 42.204662383737862 ] ] } },
{ "type": "Feature", "properties": { "road_id": "SA-ROAD-336", "segment_id": "SA-336- 8996033801071238010522" }, "geometry": { "type": "LineString", "coordinates": [ [ -84.558268601889779, 42.20419879271077 ], [ -84.558391730540578, 42.205775463782089 ], [ -84.558418666693683, 42.207126682056611 ], [ -84.558401378497223, 42.207165415103354 ], [ -84.558377973688863, 42.207185807273682 ], [ -84.558351322414978, 42.207204939332811 ], [ -84.558316657737407, 42.207216662731518 ], [ -84.558267345824461, 42.20722454278819 ], [ -84.558201779007462, 42.207227340713082 ], [ -84.557684057491798, 42.207217931589312 ] ] } },
{ "type": "Feature", "properties": { "road_id": "SA-ROAD-337", "segment_id": "SA-337- 8994073801071838010712" }, "geometry": { "type": "LineString", "coordinates": [ [ -84.558668944018947, 42.204096046593619 ], [ -84.558268601889779, 42.20419879271077 ] ] } },
{ "type": "Feature", "properties": { "road_id": "SA-ROAD-338", "segment_id": "SA-338- 8996063801072538010650" }, "geometry": { "type": "LineString", "coordinates": [ [ -84.553768744814604, 42.203958960880641 ], [ -84.553800976661634, 42.20471695719219 ], [ -84.553837068892918, 42.204875951067621 ], [ -84.553923108819404, 42.205068933745864 ], [ -84.553977797790637, 42.205197665935579 ] ] } },
{ "type": "Feature", "properties": { "road_id": "SA-ROAD-339", "segment_id": "SA-339-54986383801073638010762" }, "geometry": { "type": "LineString", "coordinates": [ [ -84.547151718017702, 42.203690555254376 ], [ -84.546131275741615, 42.203740833286496 ], [ -84.54546738961939, 42.203738808502841 ], [ -84.545282816968466, 42.203715522366799 ] ] } },
{ "type": "Feature", "properties": { "road_id": "SA-ROAD-340", "segment_id": "SA-340- 8996093801073638010546" }, "geometry": { "type": "LineString", "coordinates": [ [ -84.547151718017702, 42.203690555254376 ], [ -84.547241394239322, 42.206736825468489 ] ] } },
{ "type": "Feature", "properties": { "road_id": "SA-ROAD-341", "segment_id": "SA-341-33805723801072538010737" }, "geometry": { "type": "LineString", "coordinates": [ [ -84.553768744814604, 42.203958960880641 ], [ -84.553985365124561, 42.203959096738267 ], [ -84.554519150894023, 42.203929232270582 ], [ -84.554765955871446, 42.203895981923999 ], [ -84.555038763123861, 42.203809018938763 ], [ -84.555095633555155, 42.203791507049559 ] ] } },
{ "type": "Feature", "properties": { "road_id": "SA-ROAD-342", "segment_id": "SA-342- 8994073801073938010718" }, "geometry": { "type": "LineString", "coordinates": [ [ -84.560086617363552, 42.203767740264503 ], [ -84.558668944018947, 42.204096046593619 ] ] } },
{ "type": "Feature", "properties": { "road_id": "SA-ROAD-343", "segment_id": "SA-343- 8996013801073938010453" }, "geometry": { "type": "LineString", "coordinates": [ [ -84.560086617363552, 42.203767740264503 ], [ -84.560118253958805, 42.203849197281443 ], [ -84.560148466341232, 42.203937123083293 ], [ -84.560250230263577, 42.20705051578117 ], [ -84.560295669895027, 42.208502956362949 ] ] } },
{ "type": "Feature", "properties": { "road_id": "SA-ROAD-344", "segment_id": "SA-344-54986383801074138010736" }, "geometry": { "type": "LineString", "coordinates": [ [ -84.550751723237994, 42.203623930232773 ], [ -84.547151718017702, 42.203690555254376 ] ] } },
{ "type": "Feature", "properties": { "road_id": "SA-ROAD-345", "segment_id": "SA-345- 8996083801074138010615" }, "geometry": { "type": "LineString", "coordinates": [ [ -84.550751723237994, 42.203623930232773 ], [ -84.551527826798321, 42.205615886664532 ], [ -84.551581828323151, 42.205752852190628 ] ] } },
{ "type": "Feature", "properties": { "road_id": "SA-ROAD-346", "segment_id": "SA-346-54986433801074183027092" }, "geometry": { "type": "LineString", "coordinates": [ [ -84.550751723237994, 42.203623930232773 ], [ -84.551131165715276, 42.203615489536027 ] ] } },
{ "type": "Feature", "properties": { "road_id": "SA-ROAD-347", "segment_id": "SA-347- 9046073801674083027093" }, "geometry": { "type": "LineString", "coordinates": [ [ -84.552406190085549, 42.203587117165817 ], [ -84.552199538807116, 42.20359171697865 ] ] } },
{ "type": "Feature", "properties": { "road_id": "SA-ROAD-348", "segment_id": "SA-348- 8997033801076938010278" }, "geometry": { "type": "LineString", "coordinates": [ [ -84.530782872809553, 42.202953244010978 ], [ -84.530852093877172, 42.207552215609773 ], [ -84.530932540908424, 42.210499812499499 ] ] } },
{ "type": "Feature", "properties": { "road_id": "SA-ROAD-349", "segment_id": "SA-349- 8996083801079738010741" }, "geometry": { "type": "LineString", "coordinates": [ [ -84.550847572827507, 42.202755237771036 ], [ -84.550790401307736, 42.202776038628642 ], [ -84.550747297520843, 42.202810409899712 ], [ -84.550727351598212, 42.202859059676541 ], [ -84.550711687746798, 42.202925234099631 ], [ -84.550751723237994, 42.203623930232773 ] ] } },
{ "type": "Feature", "properties": { "road_id": "SA-ROAD-350", "segment_id": "SA-350- 9037033801080138010797" }, "geometry": { "type": "LineString", "coordinates": [ [ -84.552377867304202, 42.202738689000299 ], [ -84.550847572827507, 42.202755237771036 ] ] } },
{ "type": "Feature", "properties": { "road_id": "SA-ROAD-351", "segment_id": "SA-351- 9046063801080138016740" }, "geometry": { "type": "LineString", "coordinates": [ [ -84.552377867304202, 42.202738689000299 ], [ -84.552397599341816, 42.202767365307402 ], [ -84.552408557794109, 42.202800698278189 ], [ -84.552429039647663, 42.203524145033995 ], [ -84.552418612344795, 42.203567678852593 ], [ -84.552406190085549, 42.203587117165817 ] ] } },
{ "type": "Feature", "properties": { "road_id": "SA-ROAD-352", "segment_id": "SA-352- 9037033801080538010801" }, "geometry": { "type": "LineString", "coordinates": [ [ -84.553723792295912, 42.202739019659901 ], [ -84.552377867304202, 42.202738689000299 ] ] } },
{ "type": "Feature", "properties": { "road_id": "SA-ROAD-353", "segment_id": "SA-353- 8996063801080538010725" }, "geometry": { "type": "LineString", "coordinates": [ [ -84.553723792295912, 42.202739019659901 ], [ -84.553737739256647, 42.20289801351764 ], [ -84.553768744814604, 42.203958960880641 ] ] } },
{ "type": "Feature", "properties": { "road_id": "SA-ROAD-354", "segment_id": "SA-354- 9037023801088738010873" }, "geometry": { "type": "LineString", "coordinates": [ [ -84.553697504491069, 42.201535228641738 ], [ -84.550818573213206, 42.201587244121832 ] ] } },
{ "type": "Feature", "properties": { "road_id": "SA-ROAD-355", "segment_id": "SA-355- 8996063801088738010805" }, "geometry": { "type": "LineString", "coordinates": [ [ -84.553697504491069, 42.201535228641738 ], [ -84.553723792295912, 42.202739019659901 ] ] } },
{ "type": "Feature", "properties": { "road_id": "SA-ROAD-356", "segment_id": "SA-356-54986383801076238010885" }, "geometry": { "type": "LineString", "coordinates": [ [ -84.545282816968466, 42.203715522366799 ], [ -84.545092000152167, 42.203683522725193 ], [ -84.544984595665227, 42.203645001768301 ], [ -84.544901062881308, 42.203589060003765 ], [ -84.544719276475305, 42.203429373557171 ], [ -84.544670608413455, 42.203290753197905 ], [ -84.544600332981688, 42.203010823421998 ], [ -84.544594044579469, 42.202790847530949 ], [ -84.544545481797044, 42.202621280722639 ], [ -84.544471101380381, 42.202454856044568 ], [ -84.544376037361175, 42.202311874021412 ], [ -84.544325226259446, 42.202157878878545 ], [ -84.544332986322615, 42.201998886864999 ], [ -84.544416237816975, 42.201790879045518 ], [ -84.544505004818689, 42.201576902192045 ], [ -84.544565025017917, 42.201455886175971 ], [ -84.544568732637714, 42.201434920836569 ], [ -84.544572558560617, 42.201415756790453 ], [ -84.544558384984924, 42.201393251233561 ] ] } },
{ "type": "Feature", "properties": { "road_id": "SA-ROAD-357", "segment_id": "SA-357- 9046083801088538010894" }, "geometry": { "type": "LineString", "coordinates": [ [ -84.544558384984924, 42.201393251233561 ], [ -84.544533015714833, 42.201377642556373 ], [ -84.544509546207919, 42.201372321316107 ], [ -84.544483991257437, 42.201367886943473 ], [ -84.54313082307263, 42.201247826945377 ], [ -84.543039568914907, 42.201241188513826 ], [ -84.542933303860138, 42.201250665470909 ], [ -84.542498479371005, 42.201391754999001 ], [ -84.542428833405467, 42.201398993983858 ], [ -84.542330073547248, 42.201400412684613 ], [ -84.542231509015735, 42.20139367829379 ], [ -84.54204912867695, 42.201374965462442 ], [ -84.541359233005963, 42.201287723261068 ] ] } },
{ "type": "Feature", "properties": { "road_id": "SA-ROAD-358", "segment_id": "SA-358- 8997033801092638010769" }, "geometry": { "type": "LineString", "coordinates": [ [ -84.530734199149222, 42.200854981504058 ], [ -84.530782872809553, 42.202953244010978 ] ] } },
{ "type": "Feature", "properties": { "road_id": "SA-ROAD-359", "segment_id": "SA-359- 8996063801093738010887" }, "geometry": { "type": "LineString", "coordinates": [ [ -84.553661342806834, 42.200983410522241 ], [ -84.553697504491069, 42.201535228641738 ] ] } },
{ "type": "Feature", "properties": { "road_id": "SA-ROAD-360", "segment_id": "SA-360- 8994073801092338010739" }, "geometry": { "type": "LineString", "coordinates": [ [ -84.569871905442696, 42.201148790237227 ], [ -84.565648938785017, 42.202456771977218 ], [ -84.564914632675269, 42.20264324032054 ], [ -84.564861638095891, 42.202659253457909 ], [ -84.563035422080461, 42.203093181068979 ], [ -84.560086617363552, 42.203767740264503 ] ] } },
{ "type": "Feature", "properties": { "road_id": "SA-ROAD-361", "segment_id": "SA-361- 8995103801022638010923" }, "geometry": { "type": "LineString", "coordinates": [ [ -84.570216094054217, 42.21180179601344 ], [ -84.57006028722644, 42.207523900792189 ], [ -84.569961480664389, 42.203989773642213 ], [ -84.569871905442696, 42.201148790237227 ] ] } },
{ "type": "Feature", "properties": { "road_id": "SA-ROAD-362", "segment_id": "SA-362- 8996123801071838010995" }, "geometry": { "type": "LineString", "coordinates": [ [ -84.558668944018947, 42.204096046593619 ], [ -84.558550714997068, 42.203969797123655 ], [ -84.558506553404428, 42.203838024583902 ], [ -84.558485379978293, 42.203666723936031 ], [ -84.558462473466889, 42.203033867643043 ], [ -84.558401074444816, 42.201580855377493 ], [ -84.558388114733589, 42.200785155277551 ], [ -84.558404371959114, 42.20065572406763 ], [ -84.55845684823322, 42.200572066759683 ] ] } },
{ "type": "Feature", "properties": { "road_id": "SA-ROAD-363", "segment_id": "SA-363- 9028083801101938010808" }, "geometry": { "type": "LineString", "coordinates": [ [ -84.501431628613162, 42.19958322241942 ], [ -84.50152826858195, 42.203882599462268 ] ] } },
{ "type": "Feature", "properties": { "road_id": "SA-ROAD-364", "segment_id": "SA-364- 9029043801102338010039" }, "geometry": { "type": "LineString", "coordinates": [ [ -84.52091036256509, 42.199791394210884 ], [ -84.521044326528155, 42.204053900274964 ], [ -84.521229615674869, 42.211214853391013 ], [ -84.5213137188952, 42.214028276941058 ] ] } },
{ "type": "Feature", "properties": { "road_id": "SA-ROAD-365", "segment_id": "SA-365- 9037013801092638011023" }, "geometry": { "type": "LineString", "coordinates": [ [ -84.530734199149222, 42.200854981504058 ], [ -84.52946216465638, 42.200788637084564 ], [ -84.526977484144581, 42.200588895928483 ], [ -84.525551795541759, 42.200474261398277 ], [ -84.524439464976481, 42.200377678246781 ], [ -84.523485903207842, 42.200230158082377 ], [ -84.52091036256509, 42.199791394210884 ] ] } },
{ "type": "Feature", "properties": { "road_id": "SA-ROAD-366", "segment_id": "SA-366- 8994073801112938010923" }, "geometry": { "type": "LineString", "coordinates": [ [ -84.574816907476531, 42.199743269940257 ], [ -84.5746017176442, 42.19981036702174 ], [ -84.573444312211279, 42.200094256423739 ], [ -84.57252524190055, 42.200340462628631 ], [ -84.569871905442696, 42.201148790237227 ] ] } },
{ "type": "Feature", "properties": { "road_id": "SA-ROAD-367", "segment_id": "SA-367- 8996123801833338011153" }, "geometry": { "type": "LineString", "coordinates": [ [ -84.558920861792274, 42.198859833298521 ], [ -84.558726782189311, 42.198877234346952 ] ] } },
{ "type": "Feature", "properties": { "road_id": "SA-ROAD-368", "segment_id": "SA-368- 8996123801099538018333" }, "geometry": { "type": "LineString", "coordinates": [ [ -84.55845684823322, 42.200572066759683 ], [ -84.558569546317315, 42.200402184852614 ], [ -84.558713829992399, 42.200275930164601 ], [ -84.558885857071402, 42.200142348411418 ], [ -84.55901980175193, 42.200015958762222 ], [ -84.55914437433168, 42.199848444964516 ], [ -84.559203000464336, 42.199700573322247 ], [ -84.559243365650318, 42.199449957597373 ], [ -84.55924486536189, 42.199239838956203 ], [ -84.559245520783406, 42.199065585975362 ], [ -84.559230464510676, 42.198973134348059 ], [ -84.559207552443596, 42.198921582494336 ], [ -84.559139487566554, 42.198884819943331 ], [ -84.559057099338148, 42.198870934155906 ], [ -84.558929859879868, 42.198859027145751 ], [ -84.558920861792274, 42.198859833298521 ] ] } },
{ "type": "Feature", "properties": { "road_id": "SA-ROAD-369", "segment_id": "SA-369- 8994073801931138011129" }, "geometry": { "type": "LineString", "coordinates": [ [ -84.577705744923463, 42.199064926551181 ], [ -84.576542137818052, 42.199331568866619 ], [ -84.574816907476531, 42.199743269940257 ] ] } },
{ "type": "Feature", "properties": { "road_id": "SA-ROAD-370", "segment_id": "SA-370- 8994073801120038019311" }, "geometry": { "type": "LineString", "coordinates": [ [ -84.579514654709385, 42.1986450149831 ], [ -84.57811287629697, 42.198971628058409 ], [ -84.577705744923463, 42.199064926551181 ] ] } },
{ "type": "Feature", "properties": { "road_id": "SA-ROAD-371", "segment_id": "SA-371- 8996063801119338010937" }, "geometry": { "type": "LineString", "coordinates": [ [ -84.553556254687791, 42.198213326169991 ], [ -84.553661342806834, 42.200983410522241 ] ] } },
{ "type": "Feature", "properties": { "road_id": "SA-ROAD-372", "segment_id": "SA-372- 8994073801120638011200" }, "geometry": { "type": "LineString", "coordinates": [ [ -84.580028802994249, 42.198533401917622 ], [ -84.579514654709385, 42.1986450149831 ] ] } },
{ "type": "Feature", "properties": { "road_id": "SA-ROAD-373", "segment_id": "SA-373- 9028083801121438011019" }, "geometry": { "type": "LineString", "coordinates": [ [ -84.501326067315901, 42.197378665099684 ], [ -84.501431628613162, 42.19958322241942 ] ] } },
{ "type": "Feature", "properties": { "road_id": "SA-ROAD-374", "segment_id": "SA-374-33800113801121438011199" }, "geometry": { "type": "LineString", "coordinates": [ [ -84.501326067315901, 42.197378665099684 ], [ -84.501906440491112, 42.197351008367392 ], [ -84.502345610181067, 42.197350278418007 ], [ -84.502645259020341, 42.197374319709738 ], [ -84.503038166293152, 42.197432939652238 ], [ -84.503457628685467, 42.19750524563414 ], [ -84.504060270062922, 42.197600015388083 ], [ -84.504823039104082, 42.197675118141987 ] ] } },
{ "type": "Feature", "properties": { "road_id": "SA-ROAD-375", "segment_id": "SA-375-33800113801119938011226" }, "geometry": { "type": "LineString", "coordinates": [ [ -84.504823039104082, 42.197675118141987 ], [ -84.504831750820188, 42.197570439869594 ], [ -84.504873936150744, 42.197494371527455 ], [ -84.504947724497683, 42.197408733526728 ], [ -84.505025259621775, 42.197353134773323 ], [ -84.50511279072586, 42.197320597435848 ] ] } },
{ "type": "Feature", "properties": { "road_id": "SA-ROAD-376", "segment_id": "SA-376-33805773801122638011199" }, "geometry": { "type": "LineString", "coordinates": [ [ -84.50511279072586, 42.197320597435848 ], [ -84.505204527861522, 42.19735221983543 ], [ -84.505292902609256, 42.19740339327209 ], [ -84.505354642677474, 42.197444210601617 ], [ -84.505384457175467, 42.197507922152901 ], [ -84.505382344850503, 42.197594527033537 ], [ -84.505362069275222, 42.197690882921307 ], [ -84.505311086517025, 42.197760168824971 ], [ -84.505233713625472, 42.197809106894411 ], [ -84.505148192812513, 42.197824613384114 ], [ -84.50504548494483, 42.197809900136257 ], [ -84.504938947684096, 42.197768478370953 ], [ -84.504846011840073, 42.197720576022476 ], [ -84.504823039104082, 42.197675118141987 ] ] } },
{ "type": "Feature", "properties": { "road_id": "SA-ROAD-377", "segment_id": "SA-377- 8995103801092338019396" }, "geometry": { "type": "LineString", "coordinates": [ [ -84.569871905442696, 42.201148790237227 ], [ -84.569842629581188, 42.200336835703119 ], [ -84.569819773191384, 42.198709471932027 ], [ -84.569803318225141, 42.198163822744156 ] ] } },
{ "type": "Feature", "properties": { "road_id": "SA-ROAD-378", "segment_id": "SA-378-33800113801122638018336" }, "geometry": { "type": "LineString", "coordinates": [ [ -84.50511279072586, 42.197320597435848 ], [ -84.505061352430801, 42.195932091304634 ] ] } },
{ "type": "Feature", "properties": { "road_id": "SA-ROAD-379", "segment_id": "SA-379- 9029043801140138011023" }, "geometry": { "type": "LineString", "coordinates": [ [ -84.520759658781301, 42.196033804103948 ], [ -84.52091036256509, 42.199791394210884 ] ] } },
{ "type": "Feature", "properties": { "road_id": "SA-ROAD-380", "segment_id": "SA-380- 9029043801143438011401" }, "geometry": { "type": "LineString", "coordinates": [ [ -84.520750179071314, 42.195715973750083 ], [ -84.520759658781301, 42.196033804103948 ] ] } },
{ "type": "Feature", "properties": { "road_id": "SA-ROAD-381", "segment_id": "SA-381- 9037013801146138010926" }, "geometry": { "type": "LineString", "coordinates": [ [ -84.548241762166199, 42.19582321896128 ], [ -84.543690338651132, 42.196906769705215 ], [ -84.54228886910812, 42.197261108958976 ], [ -84.54205849441675, 42.197319353002207 ], [ -84.540317382036548, 42.197698543567981 ], [ -84.537503614930813, 42.198331488805273 ], [ -84.536721088317606, 42.198561730374642 ], [ -84.534334909926812, 42.199454957742546 ], [ -84.530734199149222, 42.200854981504058 ] ] } },
{ "type": "Feature", "properties": { "road_id": "SA-ROAD-382", "segment_id": "SA-382-33800113801833638011356" }, "geometry": { "type": "LineString", "coordinates": [ [ -84.505061352430801, 42.195932091304634 ], [ -84.505033968861028, 42.19519286088174 ] ] } },
{ "type": "Feature", "properties": { "road_id": "SA-ROAD-383", "segment_id": "SA-383- 9037013801148638011461" }, "geometry": { "type": "LineString", "coordinates": [ [ -84.549473689096146, 42.195536999957845 ], [ -84.548241762166199, 42.19582321896128 ] ] } },
{ "type": "Feature", "properties": { "road_id": "SA-ROAD-384", "segment_id": "SA-384- 9037013801929638011486" }, "geometry": { "type": "LineString", "coordinates": [ [ -84.550157665524637, 42.195379425286092 ], [ -84.549473689096146, 42.195536999957845 ] ] } },
{ "type": "Feature", "properties": { "road_id": "SA-ROAD-385", "segment_id": "SA-385- 9037013801151938019296" }, "geometry": { "type": "LineString", "coordinates": [ [ -84.550910266912638, 42.195206036426413 ], [ -84.550157665524637, 42.195379425286092 ] ] } },
{ "type": "Feature", "properties": { "road_id": "SA-ROAD-386", "segment_id": "SA-386- 9029043801154738011434" }, "geometry": { "type": "LineString", "coordinates": [ [ -84.520714348068992, 42.194514697387021 ], [ -84.520750179071314, 42.195715973750083 ] ] } },
{ "type": "Feature", "properties": { "road_id": "SA-ROAD-387", "segment_id": "SA-387- 8994073801157938011206" }, "geometry": { "type": "LineString", "coordinates": [ [ -84.597121946621627, 42.195238959386401 ], [ -84.595870997873376, 42.195570054173224 ], [ -84.5926417930159, 42.19640598324871 ], [ -84.591719876223024, 42.196603851673501 ], [ -84.590524537246125, 42.196835126048001 ], [ -84.588630491219291, 42.197139643059579 ], [ -84.585652692132243, 42.197626215181884 ], [ -84.582648060874519, 42.198102801647998 ], [ -84.580747497659033, 42.198404405467834 ], [ -84.580028802994249, 42.198533401917622 ] ] } },
{ "type": "Feature", "properties": { "road_id": "SA-ROAD-388", "segment_id": "SA-388- 9037013801158238011519" }, "geometry": { "type": "LineString", "coordinates": [ [ -84.553452208529563, 42.194624318973133 ], [ -84.553268307434976, 42.194666303985116 ], [ -84.552093430804646, 42.194928289658726 ], [ -84.550910266912638, 42.195206036426413 ] ] } },
{ "type": "Feature", "properties": { "road_id": "SA-ROAD-389", "segment_id": "SA-389- 8996063801158238011193" }, "geometry": { "type": "LineString", "coordinates": [ [ -84.553452208529563, 42.194624318973133 ], [ -84.553556254687791, 42.198213326169991 ] ] } },
{ "type": "Feature", "properties": { "road_id": "SA-ROAD-390", "segment_id": "SA-390- 9029043801169938011547" }, "geometry": { "type": "LineString", "coordinates": [ [ -84.520668396566293, 42.193013896295497 ], [ -84.520714348068992, 42.194514697387021 ] ] } },
{ "type": "Feature", "properties": { "road_id": "SA-ROAD-391", "segment_id": "SA-391- 8995103801939638011808" }, "geometry": { "type": "LineString", "coordinates": [ [ -84.569803318225141, 42.198163822744156 ], [ -84.569582056339627, 42.190825731963692 ] ] } },
{ "type": "Feature", "properties": { "road_id": "SA-ROAD-392", "segment_id": "SA-392- 9038083801182738011826" }, "geometry": { "type": "LineString", "coordinates": [ [ -84.490279415699845, 42.189297534774227 ], [ -84.481410647247912, 42.189230352814761 ] ] } },
{ "type": "Feature", "properties": { "road_id": "SA-ROAD-393", "segment_id": "SA-393- 9038083801182938011827" }, "geometry": { "type": "LineString", "coordinates": [ [ -84.501007580437843, 42.189348593893307 ], [ -84.490279415699845, 42.189297534774227 ] ] } },
{ "type": "Feature", "properties": { "road_id": "SA-ROAD-394", "segment_id": "SA-394- 9028083801182938011214" }, "geometry": { "type": "LineString", "coordinates": [ [ -84.501007580437843, 42.189348593893307 ], [ -84.50113271482499, 42.19306445454643 ], [ -84.501326067315901, 42.197378665099684 ] ] } },
{ "type": "Feature", "properties": { "road_id": "SA-ROAD-395", "segment_id": "SA-395- 9038083801674638011829" }, "geometry": { "type": "LineString", "coordinates": [ [ -84.503140053981966, 42.189353988007383 ], [ -84.501007580437843, 42.189348593893307 ] ] } },
{ "type": "Feature", "properties": { "road_id": "SA-ROAD-396", "segment_id": "SA-396-33805763801674638016747" }, "geometry": { "type": "LineString", "coordinates": [ [ -84.503140053981966, 42.189353988007383 ], [ -84.503161099627221, 42.190225831994141 ], [ -84.503206126291673, 42.190648459630282 ], [ -84.50326911855116, 42.190809689035618 ], [ -84.503283224353694, 42.190854464593244 ] ] } },
{ "type": "Feature", "properties": { "road_id": "SA-ROAD-397", "segment_id": "SA-397- 9038083801183838016746" }, "geometry": { "type": "LineString", "coordinates": [ [ -84.512337890590231, 42.189319079047934 ], [ -84.509563357700301, 42.189324077556208 ], [ -84.503140053981966, 42.189353988007383 ] ] } },
{ "type": "Feature", "properties": { "road_id": "SA-ROAD-398", "segment_id": "SA-398-33805753801183838011665" }, "geometry": { "type": "LineString", "coordinates": [ [ -84.512337890590231, 42.189319079047934 ], [ -84.512444711105303, 42.192908354793289 ], [ -84.514677962849646, 42.192918656715598 ] ] } },
{ "type": "Feature", "properties": { "road_id": "SA-ROAD-399", "segment_id": "SA-399- 9038083801184338011838" }, "geometry": { "type": "LineString", "coordinates": [ [ -84.520556667263605, 42.189307099743026 ], [ -84.512337890590231, 42.189319079047934 ] ] } },
{ "type": "Feature", "properties": { "road_id": "SA-ROAD-400", "segment_id": "SA-400- 9029043801184338011699" }, "geometry": { "type": "LineString", "coordinates": [ [ -84.520556667263605, 42.189307099743026 ], [ -84.520668396566293, 42.193013896295497 ] ] } },
{ "type": "Feature", "properties": { "road_id": "SA-ROAD-401", "segment_id": "SA-401- 9076103801185138011808" }, "geometry": { "type": "LineString", "coordinates": [ [ -84.573863144750803, 42.189844912841018 ], [ -84.569582056339627, 42.190825731963692 ] ] } },
{ "type": "Feature", "properties": { "road_id": "SA-ROAD-402", "segment_id": "SA-402- 8996063801673938011582" }, "geometry": { "type": "LineString", "coordinates": [ [ -84.553296842078993, 42.189381021135802 ], [ -84.553452208529563, 42.194624318973133 ] ] } },
{ "type": "Feature", "properties": { "road_id": "SA-ROAD-403", "segment_id": "SA-403- 9036023801186438016739" }, "geometry": { "type": "LineString", "coordinates": [ [ -84.559633209906778, 42.189191597689671 ], [ -84.553766293390495, 42.189158021306717 ], [ -84.553612440497474, 42.189162508349661 ], [ -84.553536877122752, 42.189181010034233 ], [ -84.553471577748255, 42.189208740869496 ], [ -84.553409587520363, 42.189244311075733 ], [ -84.553365186842143, 42.189274913679469 ], [ -84.55332565603544, 42.189321171335465 ], [ -84.553296842078993, 42.189381021135802 ] ] } },
{ "type": "Feature", "properties": { "road_id": "SA-ROAD-404", "segment_id": "SA-404- 9036023801186838011864" }, "geometry": { "type": "LineString", "coordinates": [ [ -84.569483337498696, 42.189238132889663 ], [ -84.559633209906778, 42.189191597689671 ] ] } },
{ "type": "Feature", "properties": { "road_id": "SA-ROAD-405", "segment_id": "SA-405- 8995103801180838011868" }, "geometry": { "type": "LineString", "coordinates": [ [ -84.569582056339627, 42.190825731963692 ], [ -84.569483337498696, 42.189238132889663 ] ] } },
{ "type": "Feature", "properties": { "road_id": "SA-ROAD-406", "segment_id": "SA-406- 9076103801187138011851" }, "geometry": { "type": "LineString", "coordinates": [ [ -84.58006101470842, 42.189226332085809 ], [ -84.5769828695461, 42.189215613853555 ], [ -84.576527321423058, 42.189211662249029 ], [ -84.576312820355867, 42.189218447610223 ], [ -84.576171300744093, 42.189232852795264 ], [ -84.576012966787857, 42.189252768455511 ], [ -84.575603402543365, 42.189333910270271 ], [ -84.574879643389508, 42.189551873755754 ], [ -84.573863144750803, 42.189844912841018 ] ] } },
{ "type": "Feature", "properties": { "road_id": "SA-ROAD-407", "segment_id": "SA-407- 8995093801187138011206" }, "geometry": { "type": "LineString", "coordinates": [ [ -84.58006101470842, 42.189226332085809 ], [ -84.580070749285397, 42.192857870004197 ], [ -84.579989335015895, 42.198372507420331 ], [ -84.580028802994249, 42.198533401917622 ] ] } },
{ "type": "Feature", "properties": { "road_id": "SA-ROAD-408", "segment_id": "SA-408- 9036013801198538011864" }, "geometry": { "type": "LineString", "coordinates": [ [ -84.559517894688526, 42.186343258183733 ], [ -84.559633209906778, 42.189191597689671 ] ] } },
{ "type": "Feature", "properties": { "road_id": "SA-ROAD-409", "segment_id": "SA-409- 8995103801186838012050" }, "geometry": { "type": "LineString", "coordinates": [ [ -84.569483337498696, 42.189238132889663 ], [ -84.569316298002249, 42.185585700933025 ], [ -84.569290766091882, 42.184782368735227 ] ] } },
{ "type": "Feature", "properties": { "road_id": "SA-ROAD-410", "segment_id": "SA-410- 9029013801207138011851" }, "geometry": { "type": "LineString", "coordinates": [ [ -84.573854034997936, 42.184297899498375 ], [ -84.573932212122997, 42.186629717758038 ], [ -84.573863144750803, 42.189844912841018 ] ] } },
{ "type": "Feature", "properties": { "road_id": "SA-ROAD-411", "segment_id": "SA-411- 9076103801207638011871" }, "geometry": { "type": "LineString", "coordinates": [ [ -84.596373938830965, 42.184355944504134 ], [ -84.594376521138074, 42.18465638306396 ], [ -84.590263201597082, 42.185369289084861 ], [ -84.588793158366158, 42.185666236999538 ], [ -84.588261105945122, 42.185824261026198 ], [ -84.584390457950974, 42.187291462347282 ], [ -84.583875533801802, 42.187493577951081 ], [ -84.583190210733392, 42.187892729771903 ], [ -84.582578758927056, 42.18840666446841 ], [ -84.58209746138435, 42.188808424098411 ], [ -84.581773369170094, 42.18903195007217 ], [ -84.581451692362293, 42.189151151779541 ], [ -84.580914317412251, 42.18922015341834 ], [ -84.58006101470842, 42.189226332085809 ] ] } },
{ "type": "Feature", "properties": { "road_id": "SA-ROAD-412", "segment_id": "SA-412- 8995103801210838012105" }, "geometry": { "type": "LineString", "coordinates": [ [ -84.487254577035955, 42.182025564651489 ], [ -84.481141935270713, 42.182000839270238 ] ] } },
{ "type": "Feature", "properties": { "road_id": "SA-ROAD-413", "segment_id": "SA-413- 8995103801211738012108" }, "geometry": { "type": "LineString", "coordinates": [ [ -84.494674826802324, 42.1815031713965 ], [ -84.490010956747909, 42.18194449458764 ], [ -84.489310633268516, 42.181998352378592 ], [ -84.48855949231978, 42.182038831701504 ], [ -84.487254577035955, 42.182025564651489 ] ] } },
{ "type": "Feature", "properties": { "road_id": "SA-ROAD-414", "segment_id": "SA-414- 8995103801215038012117" }, "geometry": { "type": "LineString", "coordinates": [ [ -84.500752018918263, 42.180951755997583 ], [ -84.499968646558273, 42.181009868647273 ], [ -84.494674826802324, 42.1815031713965 ] ] } },
{ "type": "Feature", "properties": { "road_id": "SA-ROAD-415", "segment_id": "SA-415- 9028083801215038011829" }, "geometry": { "type": "LineString", "coordinates": [ [ -84.500752018918263, 42.180951755997583 ], [ -84.500865007899066, 42.185758682685872 ], [ -84.501007580437843, 42.189348593893307 ] ] } },
{ "type": "Feature", "properties": { "road_id": "SA-ROAD-416", "segment_id": "SA-416-33805783801211738012174" }, "geometry": { "type": "LineString", "coordinates": [ [ -84.494674826802324, 42.1815031713965 ], [ -84.494661750860146, 42.18076018912457 ], [ -84.494705548640354, 42.180403392475469 ], [ -84.49477571235748, 42.180195867073849 ], [ -84.494763899140381, 42.180065407269488 ], [ -84.494683133639512, 42.179889337379763 ], [ -84.494631748873317, 42.179739727121465 ], [ -84.494609747034545, 42.179616574768559 ], [ -84.494604598323164, 42.179513311865037 ] ] } },
{ "type": "Feature", "properties": { "road_id": "SA-ROAD-417", "segment_id": "SA-417- 8995103801223838012150" }, "geometry": { "type": "LineString", "coordinates": [ [ -84.520240051151987, 42.179132742373341 ], [ -84.511256210028137, 42.179959106961057 ], [ -84.500752018918263, 42.180951755997583 ] ] } },
{ "type": "Feature", "properties": { "road_id": "SA-ROAD-418", "segment_id": "SA-418- 9029043801223838011843" }, "geometry": { "type": "LineString", "coordinates": [ [ -84.520240051151987, 42.179132742373341 ], [ -84.520556667263605, 42.189307099743026 ] ] } },
{ "type": "Feature", "properties": { "road_id": "SA-ROAD-419", "segment_id": "SA-419-33813613802010738020086" }, "geometry": { "type": "LineString", "coordinates": [ [ -84.491818084926521, 42.176685250459293 ], [ -84.491448926011273, 42.176681451887212 ] ] } },
{ "type": "Feature", "properties": { "road_id": "SA-ROAD-420", "segment_id": "SA-420-33813613802010638020107" }, "geometry": { "type": "LineString", "coordinates": [ [ -84.492815505167769, 42.176695507087537 ], [ -84.491818084926521, 42.176685250459293 ] ] } },
{ "type": "Feature", "properties": { "road_id": "SA-ROAD-421", "segment_id": "SA-421- 8995103801232438012238" }, "geometry": { "type": "LineString", "coordinates": [ [ -84.544636496550382, 42.177283498823954 ], [ -84.536403526340706, 42.177736641679857 ], [ -84.534093201079187, 42.177898586029649 ], [ -84.524856113480325, 42.178733642444335 ], [ -84.520240051151987, 42.179132742373341 ] ] } },
{ "type": "Feature", "properties": { "road_id": "SA-ROAD-422", "segment_id": "SA-422- 9028083802008738012150" }, "geometry": { "type": "LineString", "coordinates": [ [ -84.500583844808787, 42.176541257411415 ], [ -84.500688068700796, 42.178496506488145 ], [ -84.50069825270451, 42.179812123618937 ], [ -84.500752018918263, 42.180951755997583 ] ] } },
{ "type": "Feature", "properties": { "road_id": "SA-ROAD-423", "segment_id": "SA-423- 9036013801235038011985" }, "geometry": { "type": "LineString", "coordinates": [ [ -84.559166263312051, 42.176800327549564 ], [ -84.55920986263699, 42.178291432868185 ], [ -84.559366669778527, 42.183680122576341 ], [ -84.559517894688526, 42.186343258183733 ] ] } },
{ "type": "Feature", "properties": { "road_id": "SA-ROAD-424", "segment_id": "SA-424- 8995103801205038012350" }, "geometry": { "type": "LineString", "coordinates": [ [ -84.569290766091882, 42.184782368735227 ], [ -84.569310147258633, 42.184258304567777 ], [ -84.569232769437647, 42.18406926709978 ], [ -84.569095016478897, 42.183918162841159 ], [ -84.568611773452602, 42.183482993955813 ], [ -84.562153305484074, 42.178231659156609 ], [ -84.561312549772808, 42.177534492059735 ], [ -84.560783863472778, 42.177139593983249 ], [ -84.560517054556655, 42.176997543481242 ], [ -84.56022366078534, 42.176896720557878 ], [ -84.559999134357341, 42.176838366352875 ], [ -84.559436710068383, 42.176807071695684 ], [ -84.559166263312051, 42.176800327549564 ] ] } },
{ "type": "Feature", "properties": { "road_id": "SA-ROAD-425", "segment_id": "SA-425- 8995103801235038012324" }, "geometry": { "type": "LineString", "coordinates": [ [ -84.559166263312051, 42.176800327549564 ], [ -84.55537574402706, 42.176696004318508 ], [ -84.554314779372149, 42.176692979316982 ], [ -84.552742576192031, 42.176780945140614 ], [ -84.544636496550382, 42.177283498823954 ] ] } },
{ "type": "Feature", "properties": { "road_id": "SA-ROAD-426", "segment_id": "SA-426-33813603802008738020106" }, "geometry": { "type": "LineString", "coordinates": [ [ -84.500583844808787, 42.176541257411415 ], [ -84.500407458505705, 42.176535668011233 ], [ -84.500263313013932, 42.176532115430767 ], [ -84.500076167997932, 42.17652637989498 ], [ -84.499932335875286, 42.176510021996087 ], [ -84.499825441244482, 42.17647975239155 ], [ -84.499721246429175, 42.176427101437483 ], [ -84.499649645020057, 42.176362082588675 ], [ -84.499589195464822, 42.176281202372508 ], [ -84.49947068560499, 42.176109865529668 ], [ -84.49935226231942, 42.175991861531152 ], [ -84.499231860014532, 42.175928893713852 ], [ -84.499082351595121, 42.175881993325511 ], [ -84.498953513101767, 42.175867478499498 ], [ -84.498824512364195, 42.175860926962386 ], [ -84.493628456195211, 42.175838448877222 ], [ -84.493472273179208, 42.175838174095915 ], [ -84.493307496176385, 42.175846895499177 ], [ -84.493189065055546, 42.175880524823981 ], [ -84.493066463290518, 42.175931686948211 ], [ -84.492978615440322, 42.175995145283011 ], [ -84.492908175949268, 42.176065639431762 ], [ -84.492861508235663, 42.17613875564637 ], [ -84.492833540479992, 42.176211938808429 ], [ -84.492820966191488, 42.176344129182674 ], [ -84.492815505167769, 42.176695507087537 ] ] } },
{ "type": "Feature", "properties": { "road_id": "SA-ROAD-427", "segment_id": "SA-427- 9029043801241138012238" }, "geometry": { "type": "LineString", "coordinates": [ [ -84.520125694148959, 42.174659588805191 ], [ -84.520240051151987, 42.179132742373341 ] ] } },
{ "type": "Feature", "properties": { "road_id": "SA-ROAD-428", "segment_id": "SA-428- 9072103801267038012660" }, "geometry": { "type": "LineString", "coordinates": [ [ -84.488657880404602, 42.167467941999675 ], [ -84.488647210007471, 42.16747066006802 ], [ -84.480697063812002, 42.167414742214383 ] ] } },
{ "type": "Feature", "properties": { "road_id": "SA-ROAD-429", "segment_id": "SA-429- 9072103801267938012670" }, "geometry": { "type": "LineString", "coordinates": [ [ -84.495071335507447, 42.167489954325347 ], [ -84.488874463788818, 42.167469026661699 ], [ -84.488657880404602, 42.167467941999675 ] ] } },
{ "type": "Feature", "properties": { "road_id": "SA-ROAD-430", "segment_id": "SA-430- 9072103801268238012679" }, "geometry": { "type": "LineString", "coordinates": [ [ -84.50029792989595, 42.167508885510742 ], [ -84.495071335507447, 42.167489954325347 ] ] } },
{ "type": "Feature", "properties": { "road_id": "SA-ROAD-431", "segment_id": "SA-431- 9028083801268238020087" }, "geometry": { "type": "LineString", "coordinates": [ [ -84.50029792989595, 42.167508885510742 ], [ -84.50033278999588, 42.169212370168559 ], [ -84.50041998328679, 42.171478421497582 ], [ -84.500580309032287, 42.176407609856646 ], [ -84.500583844808787, 42.176541257411415 ] ] } },
{ "type": "Feature", "properties": { "road_id": "SA-ROAD-432", "segment_id": "SA-432- 9072103801269138012682" }, "geometry": { "type": "LineString", "coordinates": [ [ -84.514910254151729, 42.167500383235058 ], [ -84.504892106721314, 42.167509940710978 ], [ -84.50029792989595, 42.167508885510742 ] ] } },
{ "type": "Feature", "properties": { "road_id": "SA-ROAD-433", "segment_id": "SA-433- 9072103801269438012691" }, "geometry": { "type": "LineString", "coordinates": [ [ -84.519802586849707, 42.167486652582738 ], [ -84.514910254151729, 42.167500383235058 ] ] } },
{ "type": "Feature", "properties": { "road_id": "SA-ROAD-434", "segment_id": "SA-434- 9029043801269438012411" }, "geometry": { "type": "LineString", "coordinates": [ [ -84.519802586849707, 42.167486652582738 ], [ -84.520125694148959, 42.174659588805191 ] ] } },
{ "type": "Feature", "properties": { "road_id": "SA-ROAD-435", "segment_id": "SA-435- 9072103801271338012694" }, "geometry": { "type": "LineString", "coordinates": [ [ -84.544252941703192, 42.167403310047114 ], [ -84.529343909609196, 42.167470612296803 ], [ -84.523030308895102, 42.167488807662075 ], [ -84.519802586849707, 42.167486652582738 ] ] } },
{ "type": "Feature", "properties": { "road_id": "SA-ROAD-436", "segment_id": "SA-436- 9029023801271338012324" }, "geometry": { "type": "LineString", "coordinates": [ [ -84.544252941703192, 42.167403310047114 ], [ -84.544387251709438, 42.171296190421941 ], [ -84.544450886598739, 42.172869371887195 ], [ -84.544524292804894, 42.175021799671477 ], [ -84.544636496550382, 42.177283498823954 ] ] } },
{ "type": "Feature", "properties": { "road_id": "SA-ROAD-437", "segment_id": "SA-437- 9072103802543938012713" }, "geometry": { "type": "LineString", "coordinates": [ [ -84.555752343869216, 42.167373625099259 ], [ -84.544252941703192, 42.167403310047114 ] ] } },
{ "type": "Feature", "properties": { "road_id": "SA-ROAD-438", "segment_id": "SA-438- 9072103802543838025439" }, "geometry": { "type": "LineString", "coordinates": [ [ -84.56080372573912, 42.1673489791362 ], [ -84.560692381971563, 42.167348150321331 ], [ -84.557503544994816, 42.167369003400317 ], [ -84.555752343869216, 42.167373625099259 ] ] } },
{ "type": "Feature", "properties": { "road_id": "SA-ROAD-439", "segment_id": "SA-439- 9072103801272438025438" }, "geometry": { "type": "LineString", "coordinates": [ [ -84.57355502055691, 42.167433622319493 ], [ -84.568709834137536, 42.167399885466402 ], [ -84.566514838674379, 42.167377485254981 ], [ -84.561315259625417, 42.167352787094927 ], [ -84.56080372573912, 42.1673489791362 ] ] } },
{ "type": "Feature", "properties": { "road_id": "SA-ROAD-440", "segment_id": "SA-440- 9029013801272438012071" }, "geometry": { "type": "LineString", "coordinates": [ [ -84.57355502055691, 42.167433622319493 ], [ -84.57361821055666, 42.168795554681822 ], [ -84.573702593747086, 42.170932486029145 ], [ -84.573702504788301, 42.171280390188741 ], [ -84.573819547199292, 42.173854418377417 ], [ -84.573910560918378, 42.176151342783243 ], [ -84.573957995125127, 42.178387262982064 ], [ -84.573659795060379, 42.180228260390663 ], [ -84.57365843493757, 42.180584355463047 ], [ -84.573699259787062, 42.181214529235234 ], [ -84.573760902627384, 42.1820462943652 ], [ -84.573854034997936, 42.184297899498375 ] ] } },
{ "type": "Feature", "properties": { "road_id": "SA-ROAD-441", "segment_id": "SA-441- 9072103801272638012724" }, "geometry": { "type": "LineString", "coordinates": [ [ -84.573877796567302, 42.167432079499704 ], [ -84.57355502055691, 42.167433622319493 ] ] } },
{ "type": "Feature", "properties": { "road_id": "SA-ROAD-442", "segment_id": "SA-442- 9072103801878738012726" }, "geometry": { "type": "LineString", "coordinates": [ [ -84.574025288890439, 42.16743230678761 ], [ -84.573877796567302, 42.167432079499704 ] ] } },
{ "type": "Feature", "properties": { "road_id": "SA-ROAD-443", "segment_id": "SA-443- 9072103801272738018787" }, "geometry": { "type": "LineString", "coordinates": [ [ -84.57848553591775, 42.167439077910473 ], [ -84.574025288890439, 42.16743230678761 ] ] } },
{ "type": "Feature", "properties": { "road_id": "SA-ROAD-444", "segment_id": "SA-444- 9072103801273938012727" }, "geometry": { "type": "LineString", "coordinates": [ [ -84.59558158403533, 42.16743762517202 ], [ -84.590119775564176, 42.167435427900614 ], [ -84.588223132264403, 42.167438643334087 ], [ -84.580485164284767, 42.167445486034943 ], [ -84.57848553591775, 42.167439077910473 ] ] } },
{ "type": "Feature", "properties": { "road_id": "SA-ROAD-445", "segment_id": "SA-445- 9029013801275438012724" }, "geometry": { "type": "LineString", "coordinates": [ [ -84.573526114934126, 42.166543943487156 ], [ -84.57355502055691, 42.167433622319493 ] ] } },
{ "type": "Feature", "properties": { "road_id": "SA-ROAD-446", "segment_id": "SA-446- 9029013801276238012754" }, "geometry": { "type": "LineString", "coordinates": [ [ -84.573524452782394, 42.166430567557036 ], [ -84.573526114934126, 42.166543943487156 ] ] } },
{ "type": "Feature", "properties": { "road_id": "SA-ROAD-447", "segment_id": "SA-447- 9029073801302338012660" }, "geometry": { "type": "LineString", "coordinates": [ [ -84.480475626026191, 42.160136381734624 ], [ -84.480673807539532, 42.166197980317953 ], [ -84.480697063812002, 42.167414742214383 ] ] } },
{ "type": "Feature", "properties": { "road_id": "SA-ROAD-448", "segment_id": "SA-448- 9028083801303138012682" }, "geometry": { "type": "LineString", "coordinates": [ [ -84.499669670650817, 42.160074776985212 ], [ -84.499903325067621, 42.160448292485469 ], [ -84.499991541854556, 42.160641773400506 ], [ -84.500042920534881, 42.160858370401264 ], [ -84.500060262772081, 42.16107619274888 ], [ -84.500172461988527, 42.164161106307787 ], [ -84.50029792989595, 42.167508885510742 ] ] } },
{ "type": "Feature", "properties": { "road_id": "SA-ROAD-449", "segment_id": "SA-449- 9029043801304038012694" }, "geometry": { "type": "LineString", "coordinates": [ [ -84.519440759881675, 42.160041194037859 ], [ -84.51953391037074, 42.160303006887055 ], [ -84.519607836430453, 42.160685784353099 ], [ -84.519639551594508, 42.161019042609858 ], [ -84.519802586849707, 42.167486652582738 ] ] } },
{ "type": "Feature", "properties": { "road_id": "SA-ROAD-450", "segment_id": "SA-450- 9029023801305838012713" }, "geometry": { "type": "LineString", "coordinates": [ [ -84.543856417523884, 42.160013533586174 ], [ -84.543912096211173, 42.160299405974833 ], [ -84.543984256950267, 42.160640378556998 ], [ -84.544127418327349, 42.160981391630784 ], [ -84.544195162382081, 42.161108387883445 ], [ -84.544497425546652, 42.161448620849576 ], [ -84.544608775371373, 42.16161967531071 ], [ -84.544719872052866, 42.16180146086247 ], [ -84.544767407563739, 42.161986703538496 ], [ -84.544768515759429, 42.162304432431981 ], [ -84.544679310556518, 42.162742452190493 ], [ -84.544636674240536, 42.163122491591274 ], [ -84.544640228306591, 42.163758723519486 ], [ -84.544609544073012, 42.163950009463001 ], [ -84.544531482639485, 42.16414127941853 ], [ -84.544300325698316, 42.164497260993002 ], [ -84.544196836324716, 42.16474094925109 ], [ -84.544202255912211, 42.164942218602704 ], [ -84.544252941703192, 42.167403310047114 ] ] } },
{ "type": "Feature", "properties": { "road_id": "SA-ROAD-451", "segment_id": "SA-451- 9029013801306738012762" }, "geometry": { "type": "LineString", "coordinates": [ [ -84.573341981906367, 42.160151692693411 ], [ -84.573451138237871, 42.164240734563961 ], [ -84.573524452782394, 42.166430567557036 ] ] } },
{ "type": "Feature", "properties": { "road_id": "SA-ROAD-452", "segment_id": "SA-452- 9031023801306838013067" }, "geometry": { "type": "LineString", "coordinates": [ [ -84.575178627934037, 42.160160699046457 ], [ -84.573341981906367, 42.160151692693411 ] ] } },
{ "type": "Feature", "properties": { "road_id": "SA-ROAD-453", "segment_id": "SA-453- 9031023801307038013068" }, "geometry": { "type": "LineString", "coordinates": [ [ -84.577559144595099, 42.160177548599897 ], [ -84.575178627934037, 42.160160699046457 ] ] } },
{ "type": "Feature", "properties": { "road_id": "SA-ROAD-454", "segment_id": "SA-454- 9029013801307438013067" }, "geometry": { "type": "LineString", "coordinates": [ [ -84.570611299202739, 42.160024111176291 ], [ -84.570730808285788, 42.160098307408532 ], [ -84.570817984990839, 42.160142844876212 ], [ -84.570930570901652, 42.160158114037124 ], [ -84.573341981906367, 42.160151692693411 ] ] } }
]
}
