"road_id","segment_id","road_name","from_street","to_street","jurisdiction","latitude","longitude","road_length_miles","lanes","surface_type","functional_class","pci","condition_date","traffic_level","adt","age_years","freeze_thaw","recommended_treatment","treatment_cost_per_lane_mile","data_status","data_source","data_updated_at"
"SA-ROAD-1","SA-1-33814803802036138020364","Stonewood Creek Dr","","","Spring Arbor Township","42.2468433694052","-84.5000069065494","0.0155","2","Asphalt","Local","65","2026-08-16","Medium","1000","10","Moderate","Crack Seal","1","provisional","Michigan GIS Open Data + Paventra rehearsal assumptions","2026-08-16"
"SA-ROAD-2","SA-2-33814793802036138020363","Stonewood Creek Dr","","","Spring Arbor Township","42.2468433694052","-84.5000069065494","0.022","2","Asphalt","Local","65","2026-08-16","Medium","1000","10","Moderate","Crack Seal","1","provisional","Michigan GIS Open Data + Paventra rehearsal assumptions","2026-08-16"
"SA-ROAD-3","SA-3-33805513801670538020361","Indian Creek Dr","","","Spring Arbor Township","42.2454087740912","-84.5010794744468","0.0372","2","Asphalt","Local","65","2026-08-16","Medium","1000","10","Moderate","Crack Seal","1","provisional","Michigan GIS Open Data + Paventra rehearsal assumptions","2026-08-16"
"SA-ROAD-4","SA-4-33813173802000838020009","Magnolia Pkwy","","","Spring Arbor Township","42.2445255041422","-84.4837268863535","0.0095","2","Asphalt","Local","65","2026-08-16","Medium","1000","10","Moderate","Crack Seal","1","provisional","Michigan GIS Open Data + Paventra rehearsal assumptions","2026-08-16"
"SA-ROAD-5","SA-5-33805513801670838016705","Indian Creek Dr","","","Spring Arbor Township","42.2447412877431","-84.5017273281818","0.0174","2","Asphalt","Local","65","2026-08-16","Medium","1000","10","Moderate","Crack Seal","1","provisional","Michigan GIS Open Data + Paventra rehearsal assumptions","2026-08-16"
"SA-ROAD-6","SA-6-33813173802000738020008","Magnolia Pkwy","","","Spring Arbor Township","42.2443965836558","-84.4859418645396","0.0349","2","Asphalt","Local","65","2026-08-16","Medium","1000","10","Moderate","Crack Seal","1","provisional","Michigan GIS Open Data + Paventra rehearsal assumptions","2026-08-16"
"SA-ROAD-7","SA-7-33813183802000738020008","Mulberry Cir","","","Spring Arbor Township","42.2443965836558","-84.4859418645396","0.0565","2","Asphalt","Local","65","2026-08-16","Medium","1000","10","Moderate","Crack Seal","1","provisional","Michigan GIS Open Data + Paventra rehearsal assumptions","2026-08-16"
"SA-ROAD-8","SA-8-33813173802000538020007","Magnolia Pkwy","","","Spring Arbor Township","42.244379227953","-84.4888893398271","0.0461","2","Asphalt","Local","65","2026-08-16","Medium","1000","10","Moderate","Crack Seal","1","provisional","Michigan GIS Open Data + Paventra rehearsal assumptions","2026-08-16"
"SA-ROAD-9","SA-9- 9038023802000538007041","O Brien Rd","","","Spring Arbor Township","42.244379227953","-84.4888893398271","0.0577","2","Asphalt","Local","65","2026-08-16","Medium","1000","10","Moderate","Crack Seal","1","provisional","Michigan GIS Open Data + Paventra rehearsal assumptions","2026-08-16"
"SA-ROAD-10","SA-10-33805503801670838016709","Stonewood Ct","","","Spring Arbor Township","42.2447412877431","-84.5017273281818","0.0349","2","Asphalt","Local","65","2026-08-16","Medium","1000","10","Moderate","Crack Seal","1","provisional","Michigan GIS Open Data + Paventra rehearsal assumptions","2026-08-16"
"SA-ROAD-11","SA-11-33805513802036238016708","Indian Creek Dr","","","Spring Arbor Township","42.2443105589439","-84.5018607577344","0.0094","2","Asphalt","Local","65","2026-08-16","Medium","1000","10","Moderate","Crack Seal","1","provisional","Michigan GIS Open Data + Paventra rehearsal assumptions","2026-08-16"
"SA-ROAD-12","SA-12-33805513801670338020362","Indian Creek Dr","","","Spring Arbor Township","42.243402263145","-84.5017914106895","0.0192","2","Asphalt","Local","65","2026-08-16","Medium","1000","10","Moderate","Crack Seal","1","provisional","Michigan GIS Open Data + Paventra rehearsal assumptions","2026-08-16"
"SA-ROAD-13","SA-13-33805523800758538007559","Baldwin Rd","","","Spring Arbor Township","42.2437628913363","-84.590944171809","0.0685","2","Asphalt","Local","65","2026-08-16","Medium","1000","10","Moderate","Crack Seal","1","provisional","Michigan GIS Open Data + Paventra rehearsal assumptions","2026-08-16"
"SA-ROAD-14","SA-14- 9077013800760038007199","S Parma Rd","","","Spring Arbor Township","42.2438057876391","-84.5995616063878","0.078","2","Asphalt","Local","65","2026-08-16","Medium","1000","10","Moderate","Crack Seal","1","provisional","Michigan GIS Open Data + Paventra rehearsal assumptions","2026-08-16"
"SA-ROAD-15","SA-15-33805523800760038007585","Baldwin Rd","","","Spring Arbor Township","42.2438057876391","-84.5995616063878","0.1347","2","Asphalt","Local","65","2026-08-16","Medium","1000","10","Moderate","Crack Seal","1","provisional","Michigan GIS Open Data + Paventra rehearsal assumptions","2026-08-16"
"SA-ROAD-16","SA-16- 9038023800764838020005","O Brien Rd","","","Spring Arbor Township","42.2416277696011","-84.4886872253317","0.058","2","Asphalt","Local","65","2026-08-16","Medium","1000","10","Moderate","Crack Seal","1","provisional","Michigan GIS Open Data + Paventra rehearsal assumptions","2026-08-16"
"SA-ROAD-17","SA-17- 9038023800766538007648","O Brien Rd","","","Spring Arbor Township","42.2415050590522","-84.488680846474","0.0026","2","Asphalt","Local","65","2026-08-16","Medium","1000","10","Moderate","Crack Seal","1","provisional","Michigan GIS Open Data + Paventra rehearsal assumptions","2026-08-16"
"SA-ROAD-18","SA-18-33805493801670438016703","Stonewood Dr","","","Spring Arbor Township","42.2414407894449","-84.4986656575108","0.0964","2","Asphalt","Local","65","2026-08-16","Medium","1000","10","Moderate","Crack Seal","1","provisional","Michigan GIS Open Data + Paventra rehearsal assumptions","2026-08-16"
"SA-ROAD-19","SA-19-33805513801670438016703","Indian Creek Dr","","","Spring Arbor Township","42.2414407894449","-84.4986656575108","0.0819","2","Asphalt","Local","65","2026-08-16","Medium","1000","10","Moderate","Crack Seal","1","provisional","Michigan GIS Open Data + Paventra rehearsal assumptions","2026-08-16"
"SA-ROAD-20","SA-20-33805493801670238016704","Stonewood Dr","","","Spring Arbor Township","42.2403038492659","-84.4984857441585","0.0243","2","Asphalt","Local","65","2026-08-16","Medium","1000","10","Moderate","Crack Seal","1","provisional","Michigan GIS Open Data + Paventra rehearsal assumptions","2026-08-16"
"SA-ROAD-21","SA-21- 9037103801670238007810","Slayton Rd","","","Spring Arbor Township","42.2403038492659","-84.4984857441585","0.0114","2","Asphalt","Local","65","2026-08-16","Medium","1000","10","Moderate","Crack Seal","1","provisional","Michigan GIS Open Data + Paventra rehearsal assumptions","2026-08-16"
"SA-ROAD-22","SA-22- 9037103800784338016702","Slayton Rd","","","Spring Arbor Township","42.2402814419424","-84.5145920629508","0.2517","2","Asphalt","Local","65","2026-08-16","Medium","1000","10","Moderate","Crack Seal","1","provisional","Michigan GIS Open Data + Paventra rehearsal assumptions","2026-08-16"
"SA-ROAD-23","SA-23- 9037103800785138007843","Slayton Rd","","","Spring Arbor Township","42.2402685265535","-84.5175874609064","0.0468","2","Asphalt","Local","65","2026-08-16","Medium","1000","10","Moderate","Crack Seal","1","provisional","Michigan GIS Open Data + Paventra rehearsal assumptions","2026-08-16"
"SA-ROAD-24","SA-24- 8997053800785138007053","S Sandstone Rd","","","Spring Arbor Township","42.2402685265535","-84.5175874609064","0.15","2","Asphalt","Local","65","2026-08-16","Medium","1000","10","Moderate","Crack Seal","1","provisional","Michigan GIS Open Data + Paventra rehearsal assumptions","2026-08-16"
"SA-ROAD-25","SA-25- 9038013802001638007810","Bunting Rd","","","Spring Arbor Township","42.2398606561299","-84.4976377749446","0.0082","2","Asphalt","Local","65","2026-08-16","Medium","1000","10","Moderate","Crack Seal","1","provisional","Michigan GIS Open Data + Paventra rehearsal assumptions","2026-08-16"
"SA-ROAD-26","SA-26-33813143802001038020012","Aviara Oaks Pkwy","","","Spring Arbor Township","42.2397816840625","-84.4961627049303","0.0212","2","Asphalt","Local","65","2026-08-16","Medium","1000","10","Moderate","Crack Seal","1","provisional","Michigan GIS Open Data + Paventra rehearsal assumptions","2026-08-16"
"SA-ROAD-27","SA-27-33813143802001638020010","Aviara Oaks Pkwy","","","Spring Arbor Township","42.2398606561299","-84.4976377749446","0.0232","2","Asphalt","Local","65","2026-08-16","Medium","1000","10","Moderate","Crack Seal","1","provisional","Michigan GIS Open Data + Paventra rehearsal assumptions","2026-08-16"
"SA-ROAD-28","SA-28-33813153802001238020013","Unknown","","","Spring Arbor Township","42.2397906625938","-84.4948088552941","0.0084","2","Asphalt","Local","65","2026-08-16","Medium","1000","10","Moderate","Crack Seal","1","provisional","Michigan GIS Open Data + Paventra rehearsal assumptions","2026-08-16"
"SA-ROAD-29","SA-29-33813143802001238020014","Aviara Oaks Pkwy","","","Spring Arbor Township","42.2397906625938","-84.4948088552941","0.0301","2","Asphalt","Local","65","2026-08-16","Medium","1000","10","Moderate","Crack Seal","1","provisional","Michigan GIS Open Data + Paventra rehearsal assumptions","2026-08-16"
"SA-ROAD-30","SA-30- 8997053800798538007851","S Sandstone Rd","","","Spring Arbor Township","42.2388972146443","-84.5174697514037","0.0289","2","Asphalt","Local","65","2026-08-16","Medium","1000","10","Moderate","Crack Seal","1","provisional","Michigan GIS Open Data + Paventra rehearsal assumptions","2026-08-16"
"SA-ROAD-31","SA-31-33813163802001038020011","Englehardt Strasse","","","Spring Arbor Township","42.2397816840625","-84.4961627049303","0.0485","2","Asphalt","Local","65","2026-08-16","Medium","1000","10","Moderate","Crack Seal","1","provisional","Michigan GIS Open Data + Paventra rehearsal assumptions","2026-08-16"
"SA-ROAD-32","SA-32- 9042073800810538008102","Sequoia Dr","","","Spring Arbor Township","42.2371435605428","-84.4835422560106","0.0104","2","Asphalt","Local","65","2026-08-16","Medium","1000","10","Moderate","Crack Seal","1","provisional","Michigan GIS Open Data + Paventra rehearsal assumptions","2026-08-16"
"SA-ROAD-33","SA-33- 9041053800810538008069","Catalina Dr","","","Spring Arbor Township","42.2371435605428","-84.4835422560106","0.0151","2","Asphalt","Local","65","2026-08-16","Medium","1000","10","Moderate","Crack Seal","1","provisional","Michigan GIS Open Data + Paventra rehearsal assumptions","2026-08-16"
"SA-ROAD-34","SA-34- 9042073800812238008105","Sequoia Dr","","","Spring Arbor Township","42.2369938854249","-84.4870319268779","0.0547","2","Asphalt","Local","65","2026-08-16","Medium","1000","10","Moderate","Crack Seal","1","provisional","Michigan GIS Open Data + Paventra rehearsal assumptions","2026-08-16"
"SA-ROAD-35","SA-35- 9042043800812238007993","Trinity Ln","","","Spring Arbor Township","42.2369938854249","-84.4870319268779","0.0348","2","Asphalt","Local","65","2026-08-16","Medium","1000","10","Moderate","Crack Seal","1","provisional","Michigan GIS Open Data + Paventra rehearsal assumptions","2026-08-16"
"SA-ROAD-36","SA-36- 9041053800819138008105","Catalina Dr","","","Spring Arbor Township","42.2360715082231","-84.4835031463154","0.0226","2","Asphalt","Local","65","2026-08-16","Medium","1000","10","Moderate","Crack Seal","1","provisional","Michigan GIS Open Data + Paventra rehearsal assumptions","2026-08-16"
"SA-ROAD-37","SA-37- 9042063800820738008191","Fleetwood Ln","","","Spring Arbor Township","42.2359940363929","-84.4870162184793","0.0549","2","Asphalt","Local","65","2026-08-16","Medium","1000","10","Moderate","Crack Seal","1","provisional","Michigan GIS Open Data + Paventra rehearsal assumptions","2026-08-16"
"SA-ROAD-38","SA-38- 9042043800820738008122","Trinity Ln","","","Spring Arbor Township","42.2359940363929","-84.4870162184793","0.021","2","Asphalt","Local","65","2026-08-16","Medium","1000","10","Moderate","Crack Seal","1","provisional","Michigan GIS Open Data + Paventra rehearsal assumptions","2026-08-16"
"SA-ROAD-39","SA-39- 9042053800830938008308","Staten Dr","","","Spring Arbor Township","42.2350492982322","-84.4834913031603","0.0108","2","Asphalt","Local","65","2026-08-16","Medium","1000","10","Moderate","Crack Seal","1","provisional","Michigan GIS Open Data + Paventra rehearsal assumptions","2026-08-16"
"SA-ROAD-40","SA-40- 9041053800830938008191","Catalina Dr","","","Spring Arbor Township","42.2350492982322","-84.4834913031603","0.0215","2","Asphalt","Local","65","2026-08-16","Medium","1000","10","Moderate","Crack Seal","1","provisional","Michigan GIS Open Data + Paventra rehearsal assumptions","2026-08-16"
"SA-ROAD-41","SA-41- 9042053800831238008309","Staten Dr","","","Spring Arbor Township","42.2350269906908","-84.4850767480249","0.0248","2","Asphalt","Local","65","2026-08-16","Medium","1000","10","Moderate","Crack Seal","1","provisional","Michigan GIS Open Data + Paventra rehearsal assumptions","2026-08-16"
"SA-ROAD-42","SA-42- 9042053800831738008312","Staten Dr","","","Spring Arbor Township","42.2349890768796","-84.4868495652004","0.0277","2","Asphalt","Local","65","2026-08-16","Medium","1000","10","Moderate","Crack Seal","1","provisional","Michigan GIS Open Data + Paventra rehearsal assumptions","2026-08-16"
"SA-ROAD-43","SA-43- 9042043800831738008207","Trinity Ln","","","Spring Arbor Township","42.2349890768796","-84.4868495652004","0.0219","2","Asphalt","Local","65","2026-08-16","Medium","1000","10","Moderate","Crack Seal","1","provisional","Michigan GIS Open Data + Paventra rehearsal assumptions","2026-08-16"
"SA-ROAD-44","SA-44- 9042053800831438008317","Staten Dr","","","Spring Arbor Township","42.2349924535908","-84.4874384189523","0.0092","2","Asphalt","Local","65","2026-08-16","Medium","1000","10","Moderate","Crack Seal","1","provisional","Michigan GIS Open Data + Paventra rehearsal assumptions","2026-08-16"
"SA-ROAD-45","SA-45-33816513802165038021649","Westbrook Dr","","","Spring Arbor Township","42.2350212954503","-84.4945722350944","0.0058","2","Asphalt","Local","65","2026-08-16","Medium","1000","10","Moderate","Crack Seal","1","provisional","Michigan GIS Open Data + Paventra rehearsal assumptions","2026-08-16"
"SA-ROAD-46","SA-46-33816503802165038021651","Westbrook Dr","","","Spring Arbor Township","42.2350212954503","-84.4945722350944","0.0062","2","Asphalt","Local","65","2026-08-16","Medium","1000","10","Moderate","Crack Seal","1","provisional","Michigan GIS Open Data + Paventra rehearsal assumptions","2026-08-16"
"SA-ROAD-47","SA-47- 9077013800837038007600","S Parma Rd","","","Spring Arbor Township","42.2360089025006","-84.5991317290746","0.1641","2","Asphalt","Local","65","2026-08-16","Medium","1000","10","Moderate","Crack Seal","1","provisional","Michigan GIS Open Data + Paventra rehearsal assumptions","2026-08-16"
"SA-ROAD-48","SA-48-33816523800840838021653","Westbrook Dr","","","Spring Arbor Township","42.2341365121207","-84.4946557407572","0.0337","2","Asphalt","Local","65","2026-08-16","Medium","1000","10","Moderate","Crack Seal","1","provisional","Michigan GIS Open Data + Paventra rehearsal assumptions","2026-08-16"
"SA-ROAD-49","SA-49-33805623800840838021650","Westbrook Dr","","","Spring Arbor Township","42.2341365121207","-84.4946557407572","0.019","2","Asphalt","Local","65","2026-08-16","Medium","1000","10","Moderate","Crack Seal","1","provisional","Michigan GIS Open Data + Paventra rehearsal assumptions","2026-08-16"
"SA-ROAD-50","SA-50- 9041053800850638008309","Catalina Dr","","","Spring Arbor Township","42.2329125303764","-84.4835458212472","0.045","2","Asphalt","Local","65","2026-08-16","Medium","1000","10","Moderate","Crack Seal","1","provisional","Michigan GIS Open Data + Paventra rehearsal assumptions","2026-08-16"
"SA-ROAD-51","SA-51- 9035093800850838008506","McCain Rd","","","Spring Arbor Township","42.2329338718997","-84.4851131191614","0.0245","2","Asphalt","Local","65","2026-08-16","Medium","1000","10","Moderate","Crack Seal","1","provisional","Michigan GIS Open Data + Paventra rehearsal assumptions","2026-08-16"
"SA-ROAD-52","SA-52- 9041043800850838008312","Armensko Ln","","","Spring Arbor Township","42.2329338718997","-84.4851131191614","0.044","2","Asphalt","Local","65","2026-08-16","Medium","1000","10","Moderate","Crack Seal","1","provisional","Michigan GIS Open Data + Paventra rehearsal assumptions","2026-08-16"
"SA-ROAD-53","SA-53- 9035093800850638008503","McCain Rd","","","Spring Arbor Township","42.2329125303764","-84.4835458212472","0.0142","2","Asphalt","Local","65","2026-08-16","Medium","1000","10","Moderate","Crack Seal","1","provisional","Michigan GIS Open Data + Paventra rehearsal assumptions","2026-08-16"
"SA-ROAD-54","SA-54- 9035093800851138008508","McCain Rd","","","Spring Arbor Township","42.2329779918562","-84.4903546625517","0.0819","2","Asphalt","Local","65","2026-08-16","Medium","1000","10","Moderate","Crack Seal","1","provisional","Michigan GIS Open Data + Paventra rehearsal assumptions","2026-08-16"
"SA-ROAD-55","SA-55- 9035093800851238008511","McCain Rd","","","Spring Arbor Township","42.2329788460159","-84.4907435601696","0.0061","2","Asphalt","Local","65","2026-08-16","Medium","1000","10","Moderate","Crack Seal","1","provisional","Michigan GIS Open Data + Paventra rehearsal assumptions","2026-08-16"
"SA-ROAD-56","SA-56- 9038023800851238007665","O Brien Rd","","","Spring Arbor Township","42.2329788460159","-84.4907435601696","0.1827","2","Asphalt","Local","65","2026-08-16","Medium","1000","10","Moderate","Crack Seal","1","provisional","Michigan GIS Open Data + Paventra rehearsal assumptions","2026-08-16"
"SA-ROAD-57","SA-57- 9035093800851538008512","McCain Rd","","","Spring Arbor Township","42.23298582187","-84.4926596084349","0.0299","2","Asphalt","Local","65","2026-08-16","Medium","1000","10","Moderate","Crack Seal","1","provisional","Michigan GIS Open Data + Paventra rehearsal assumptions","2026-08-16"
"SA-ROAD-58","SA-58- 9035093800851638008515","McCain Rd","","","Spring Arbor Township","42.232985737688","-84.4947869340317","0.0332","2","Asphalt","Local","65","2026-08-16","Medium","1000","10","Moderate","Crack Seal","1","provisional","Michigan GIS Open Data + Paventra rehearsal assumptions","2026-08-16"
"SA-ROAD-59","SA-59-33805623800851638008408","Westbrook Dr","","","Spring Arbor Township","42.232985737688","-84.4947869340317","0.0247","2","Asphalt","Local","65","2026-08-16","Medium","1000","10","Moderate","Crack Seal","1","provisional","Michigan GIS Open Data + Paventra rehearsal assumptions","2026-08-16"
"SA-ROAD-60","SA-60- 9035093800851938008516","McCain Rd","","","Spring Arbor Township","42.2329808941886","-84.4974298123196","0.0413","2","Asphalt","Local","65","2026-08-16","Medium","1000","10","Moderate","Crack Seal","1","provisional","Michigan GIS Open Data + Paventra rehearsal assumptions","2026-08-16"
"SA-ROAD-61","SA-61- 9038013800851938020016","Bunting Rd","","","Spring Arbor Township","42.2329808941886","-84.4974298123196","0.1447","2","Asphalt","Local","65","2026-08-16","Medium","1000","10","Moderate","Crack Seal","1","provisional","Michigan GIS Open Data + Paventra rehearsal assumptions","2026-08-16"
"SA-ROAD-62","SA-62- 9035093800850738008519","McCain Rd","","","Spring Arbor Township","42.2330004369103","-84.5023121063844","0.0763","2","Asphalt","Local","65","2026-08-16","Medium","1000","10","Moderate","Crack Seal","1","provisional","Michigan GIS Open Data + Paventra rehearsal assumptions","2026-08-16"
"SA-ROAD-63","SA-63- 9035093802540438008507","McCain Rd","","","Spring Arbor Township","42.2330110195463","-84.5076161047017","0.0829","2","Asphalt","Local","65","2026-08-16","Medium","1000","10","Moderate","Crack Seal","1","provisional","Michigan GIS Open Data + Paventra rehearsal assumptions","2026-08-16"
"SA-ROAD-64","SA-64- 9035093801672938025404","McCain Rd","","","Spring Arbor Township","42.2330183853472","-84.5113821555369","0.0589","2","Asphalt","Local","65","2026-08-16","Medium","1000","10","Moderate","Crack Seal","1","provisional","Michigan GIS Open Data + Paventra rehearsal assumptions","2026-08-16"
"SA-ROAD-65","SA-65- 9035093800853238016729","McCain Rd","","","Spring Arbor Township","42.2330077483262","-84.5169860827529","0.0876","2","Asphalt","Local","65","2026-08-16","Medium","1000","10","Moderate","Crack Seal","1","provisional","Michigan GIS Open Data + Paventra rehearsal assumptions","2026-08-16"
"SA-ROAD-66","SA-66- 8997053800853238007985","S Sandstone Rd","","","Spring Arbor Township","42.2330077483262","-84.5169860827529","0.1241","2","Asphalt","Local","65","2026-08-16","Medium","1000","10","Moderate","Crack Seal","1","provisional","Michigan GIS Open Data + Paventra rehearsal assumptions","2026-08-16"
"SA-ROAD-67","SA-67- 9035093800855338008532","McCain Rd","","","Spring Arbor Township","42.232986739664","-84.5407507204392","0.3714","2","Asphalt","Local","65","2026-08-16","Medium","1000","10","Moderate","Crack Seal","1","provisional","Michigan GIS Open Data + Paventra rehearsal assumptions","2026-08-16"
"SA-ROAD-68","SA-68- 8997023800855338007077","S Dearing Rd","","","Spring Arbor Township","42.232986739664","-84.5407507204392","0.3168","2","Asphalt","Local","65","2026-08-16","Medium","1000","10","Moderate","Crack Seal","1","provisional","Michigan GIS Open Data + Paventra rehearsal assumptions","2026-08-16"
"SA-ROAD-69","SA-69- 9035093802031738008553","McCain Rd","","","Spring Arbor Township","42.2329337539628","-84.5516971472908","0.1711","2","Asphalt","Local","65","2026-08-16","Medium","1000","10","Moderate","Crack Seal","1","provisional","Michigan GIS Open Data + Paventra rehearsal assumptions","2026-08-16"
"SA-ROAD-70","SA-70- 9035093800857038020317","McCain Rd","","","Spring Arbor Township","42.2329301451957","-84.5526237243872","0.0145","2","Asphalt","Local","65","2026-08-16","Medium","1000","10","Moderate","Crack Seal","1","provisional","Michigan GIS Open Data + Paventra rehearsal assumptions","2026-08-16"
"SA-ROAD-71","SA-71- 9035093800858638008570","McCain Rd","","","Spring Arbor Township","42.2329245074499","-84.5610638484906","0.1319","2","Asphalt","Local","65","2026-08-16","Medium","1000","10","Moderate","Crack Seal","1","provisional","Michigan GIS Open Data + Paventra rehearsal assumptions","2026-08-16"
"SA-ROAD-72","SA-72- 8996013800858638007099","Chapel Rd","","","Spring Arbor Township","42.2329245074499","-84.5610638484906","0.3182","2","Asphalt","Local","65","2026-08-16","Medium","1000","10","Moderate","Crack Seal","1","provisional","Michigan GIS Open Data + Paventra rehearsal assumptions","2026-08-16"
"SA-ROAD-73","SA-73- 9035093800860538008586","McCain Rd","","","Spring Arbor Township","42.232906396061","-84.5709273057038","0.1541","2","Asphalt","Local","65","2026-08-16","Medium","1000","10","Moderate","Crack Seal","1","provisional","Michigan GIS Open Data + Paventra rehearsal assumptions","2026-08-16"
"SA-ROAD-74","SA-74- 9035103800860538007123","S Harrington Rd","","","Spring Arbor Township","42.232906396061","-84.5709273057038","0.3097","2","Asphalt","Local","65","2026-08-16","Medium","1000","10","Moderate","Crack Seal","1","provisional","Michigan GIS Open Data + Paventra rehearsal assumptions","2026-08-16"
"SA-ROAD-75","SA-75- 9035093800861738008605","McCain Rd","","","Spring Arbor Township","42.232899410265","-84.5758030419589","0.0762","2","Asphalt","Local","65","2026-08-16","Medium","1000","10","Moderate","Crack Seal","1","provisional","Michigan GIS Open Data + Paventra rehearsal assumptions","2026-08-16"
"SA-ROAD-76","SA-76- 9035093800863838008617","McCain Rd","","","Spring Arbor Township","42.2329391817589","-84.5989645123899","0.362","2","Asphalt","Local","65","2026-08-16","Medium","1000","10","Moderate","Crack Seal","1","provisional","Michigan GIS Open Data + Paventra rehearsal assumptions","2026-08-16"
"SA-ROAD-77","SA-77- 9077013800863838008370","S Parma Rd","","","Spring Arbor Township","42.2329391817589","-84.5989645123899","0.0646","2","Asphalt","Local","65","2026-08-16","Medium","1000","10","Moderate","Crack Seal","1","provisional","Michigan GIS Open Data + Paventra rehearsal assumptions","2026-08-16"
"SA-ROAD-78","SA-78-33805633800851538008610","Rendall Dr","","","Spring Arbor Township","42.23298582187","-84.4926596084349","0.0369","2","Asphalt","Local","65","2026-08-16","Medium","1000","10","Moderate","Crack Seal","1","provisional","Michigan GIS Open Data + Paventra rehearsal assumptions","2026-08-16"
"SA-ROAD-79","SA-79-33805653800861338016724","Augusta Dr","","","Spring Arbor Township","42.231120743063","-84.4927537946323","0.0171","2","Asphalt","Local","65","2026-08-16","Medium","1000","10","Moderate","Crack Seal","1","provisional","Michigan GIS Open Data + Paventra rehearsal assumptions","2026-08-16"
"SA-ROAD-80","SA-80-33805643800861038008613","Augusta Dr","","","Spring Arbor Township","42.231345335817","-84.4933003721131","0.0098","2","Asphalt","Local","65","2026-08-16","Medium","1000","10","Moderate","Crack Seal","1","provisional","Michigan GIS Open Data + Paventra rehearsal assumptions","2026-08-16"
"SA-ROAD-81","SA-81- 9041133801672938016730","Hickory Ln","","","Spring Arbor Township","42.2330183853472","-84.5113821555369","0.0399","2","Asphalt","Local","65","2026-08-16","Medium","1000","10","Moderate","Crack Seal","1","provisional","Michigan GIS Open Data + Paventra rehearsal assumptions","2026-08-16"
"SA-ROAD-82","SA-82-33805633800861038008693","Rendall Dr","","","Spring Arbor Township","42.231345335817","-84.4933003721131","0.0167","2","Asphalt","Local","65","2026-08-16","Medium","1000","10","Moderate","Crack Seal","1","provisional","Michigan GIS Open Data + Paventra rehearsal assumptions","2026-08-16"
"SA-ROAD-83","SA-83-33805643800861338008732","Augusta Dr","","","Spring Arbor Township","42.231120743063","-84.4927537946323","0.0212","2","Asphalt","Local","65","2026-08-16","Medium","1000","10","Moderate","Crack Seal","1","provisional","Michigan GIS Open Data + Paventra rehearsal assumptions","2026-08-16"
"SA-ROAD-84","SA-84- 8997053801942938008532","S Sandstone Rd","","","Spring Arbor Township","42.2300143921831","-84.5168735966424","0.063","2","Asphalt","Local","65","2026-08-16","Medium","1000","10","Moderate","Crack Seal","1","provisional","Michigan GIS Open Data + Paventra rehearsal assumptions","2026-08-16"
"SA-ROAD-85","SA-85-33811443801942938019430","Stone Creek Dr","","","Spring Arbor Township","42.2300143921831","-84.5168735966424","0.0402","2","Asphalt","Local","65","2026-08-16","Medium","1000","10","Moderate","Crack Seal","1","provisional","Michigan GIS Open Data + Paventra rehearsal assumptions","2026-08-16"
"SA-ROAD-86","SA-86-33814583802031638020317","Williams Blvd","","","Spring Arbor Township","42.2297766958991","-84.552488117233","0.0712","2","Asphalt","Local","65","2026-08-16","Medium","1000","10","Moderate","Crack Seal","1","provisional","Michigan GIS Open Data + Paventra rehearsal assumptions","2026-08-16"
"SA-ROAD-87","SA-87-33805603802031638008837","N Circle Dr","","","Spring Arbor Township","42.2297766958991","-84.552488117233","0.013","2","Asphalt","Local","65","2026-08-16","Medium","1000","10","Moderate","Crack Seal","1","provisional","Michigan GIS Open Data + Paventra rehearsal assumptions","2026-08-16"
"SA-ROAD-88","SA-88-33805603800886638020316","N Circle Dr","","","Spring Arbor Township","42.2295684101571","-84.5520406199046","0.0083","2","Asphalt","Local","65","2026-08-16","Medium","1000","10","Moderate","Crack Seal","1","provisional","Michigan GIS Open Data + Paventra rehearsal assumptions","2026-08-16"
"SA-ROAD-89","SA-89-33805603800883738008873","N Circle Dr","","","Spring Arbor Township","42.2298088313496","-84.5533023549354","0.033","2","Asphalt","Local","65","2026-08-16","Medium","1000","10","Moderate","Crack Seal","1","provisional","Michigan GIS Open Data + Paventra rehearsal assumptions","2026-08-16"
"SA-ROAD-90","SA-90-33805603800887338008808","W Circle Dr","","","Spring Arbor Township","42.2295983856907","-84.5553055896448","0.0106","2","Asphalt","Local","65","2026-08-16","Medium","1000","10","Moderate","Crack Seal","1","provisional","Michigan GIS Open Data + Paventra rehearsal assumptions","2026-08-16"
"SA-ROAD-91","SA-91- 8997023802058738008553","S Dearing Rd","","","Spring Arbor Township","42.2293805029825","-84.5413452939429","0.0787","2","Asphalt","Local","65","2026-08-16","Medium","1000","10","Moderate","Crack Seal","1","provisional","Michigan GIS Open Data + Paventra rehearsal assumptions","2026-08-16"
"SA-ROAD-92","SA-92-33815333802058738020588","Dearing Rd","","","Spring Arbor Township","42.2293805029825","-84.5413452939429","0.0794","2","Asphalt","Local","65","2026-08-16","Medium","1000","10","Moderate","Crack Seal","1","provisional","Michigan GIS Open Data + Paventra rehearsal assumptions","2026-08-16"
"SA-ROAD-93","SA-93-33815333802058838020573","Dearing Rd","","","Spring Arbor Township","42.2293782831746","-84.5464254531176","0.0069","2","Asphalt","Local","65","2026-08-16","Medium","1000","10","Moderate","Crack Seal","1","provisional","Michigan GIS Open Data + Paventra rehearsal assumptions","2026-08-16"
"SA-ROAD-94","SA-94-33805603800892838008866","E Circle Dr","","","Spring Arbor Township","42.2290427329476","-84.5517064076936","0.0124","2","Asphalt","Local","65","2026-08-16","Medium","1000","10","Moderate","Crack Seal","1","provisional","Michigan GIS Open Data + Paventra rehearsal assumptions","2026-08-16"
"SA-ROAD-95","SA-95-33805613800903238008873","W Circle Dr","","","Spring Arbor Township","42.2280579274034","-84.5555738911781","0.0338","2","Asphalt","Local","65","2026-08-16","Medium","1000","10","Moderate","Crack Seal","1","provisional","Michigan GIS Open Data + Paventra rehearsal assumptions","2026-08-16"
"SA-ROAD-96","SA-96-33805573800903238008837","Dana Ln","","","Spring Arbor Township","42.2280579274034","-84.5555738911781","0.0589","2","Asphalt","Local","65","2026-08-16","Medium","1000","10","Moderate","Crack Seal","1","provisional","Michigan GIS Open Data + Paventra rehearsal assumptions","2026-08-16"
"SA-ROAD-97","SA-97-33805603800910938008928","E Circle Dr","","","Spring Arbor Township","42.2272106698001","-84.5519220612609","0.04","2","Asphalt","Local","65","2026-08-16","Medium","1000","10","Moderate","Crack Seal","1","provisional","Michigan GIS Open Data + Paventra rehearsal assumptions","2026-08-16"
"SA-ROAD-98","SA-98- 8997023802008438020587","S Dearing Rd","","","Spring Arbor Township","42.2270548208058","-84.5412871624107","0.0489","2","Asphalt","Local","65","2026-08-16","Medium","1000","10","Moderate","Crack Seal","1","provisional","Michigan GIS Open Data + Paventra rehearsal assumptions","2026-08-16"
"SA-ROAD-99","SA-99-33805613800912238009032","W Circle Dr","","","Spring Arbor Township","42.2271413895932","-84.5550246468332","0.0222","2","Asphalt","Local","65","2026-08-16","Medium","1000","10","Moderate","Crack Seal","1","provisional","Michigan GIS Open Data + Paventra rehearsal assumptions","2026-08-16"
"SA-ROAD-100","SA-100- 9036093800913638009122","Cabot Dr","","","Spring Arbor Township","42.2270554637504","-84.55599078645","0.0152","2","Asphalt","Local","65","2026-08-16","Medium","1000","10","Moderate","Crack Seal","1","provisional","Michigan GIS Open Data + Paventra rehearsal assumptions","2026-08-16"
"SA-ROAD-101","SA-101- 9036093800913538009136","Cabot Dr","","","Spring Arbor Township","42.2270765475766","-84.5584613020126","0.0386","2","Asphalt","Local","65","2026-08-16","Medium","1000","10","Moderate","Crack Seal","1","provisional","Michigan GIS Open Data + Paventra rehearsal assumptions","2026-08-16"
"SA-ROAD-102","SA-102- 9036093800913738009135","Cabot Dr","","","Spring Arbor Township","42.2271004508682","-84.560935649082","0.0387","2","Asphalt","Local","65","2026-08-16","Medium","1000","10","Moderate","Crack Seal","1","provisional","Michigan GIS Open Data + Paventra rehearsal assumptions","2026-08-16"
"SA-ROAD-103","SA-103- 8996013800913738008586","Chapel Rd","","","Spring Arbor Township","42.2271004508682","-84.560935649082","0.1225","2","Asphalt","Local","65","2026-08-16","Medium","1000","10","Moderate","Crack Seal","1","provisional","Michigan GIS Open Data + Paventra rehearsal assumptions","2026-08-16"
"SA-ROAD-104","SA-104- 9044033801725538008503","Arbor Hills Rd","","","Spring Arbor Township","42.2260364284443","-84.4825822666855","0.1446","2","Asphalt","Local","65","2026-08-16","Medium","1000","10","Moderate","Crack Seal","1","provisional","Michigan GIS Open Data + Paventra rehearsal assumptions","2026-08-16"
"SA-ROAD-105","SA-105-33813523802008438020083","Cambria Dr","","","Spring Arbor Township","42.2270548208058","-84.5412871624107","0.0651","2","Asphalt","Local","65","2026-08-16","Medium","1000","10","Moderate","Crack Seal","1","provisional","Michigan GIS Open Data + Paventra rehearsal assumptions","2026-08-16"
"SA-ROAD-106","SA-106-33805593800913938009109","S Circle Dr","","","Spring Arbor Township","42.2269544425699","-84.5543392049636","0.0392","2","Asphalt","Local","65","2026-08-16","Medium","1000","10","Moderate","Crack Seal","1","provisional","Michigan GIS Open Data + Paventra rehearsal assumptions","2026-08-16"
"SA-ROAD-107","SA-107-33805583800913938008928","Caryn Way","","","Spring Arbor Township","42.2269544425699","-84.5543392049636","0.0669","2","Asphalt","Local","65","2026-08-16","Medium","1000","10","Moderate","Crack Seal","1","provisional","Michigan GIS Open Data + Paventra rehearsal assumptions","2026-08-16"
"SA-ROAD-108","SA-108-33805593800912238009139","S Circle Dr","","","Spring Arbor Township","42.2271413895932","-84.5550246468332","0.0114","2","Asphalt","Local","65","2026-08-16","Medium","1000","10","Moderate","Crack Seal","1","provisional","Michigan GIS Open Data + Paventra rehearsal assumptions","2026-08-16"
"SA-ROAD-109","SA-109- 8999013801725538009151","Service Dr","","","Spring Arbor Township","42.2260364284443","-84.4825822666855","0.002","2","Asphalt","Local","65","2026-08-16","Medium","1000","10","Moderate","Crack Seal","1","provisional","Michigan GIS Open Data + Paventra rehearsal assumptions","2026-08-16"
"SA-ROAD-110","SA-110-33805593800910938009097","S Circle Ct","","","Spring Arbor Township","42.2272106698001","-84.5519220612609","0.0322","2","Asphalt","Local","65","2026-08-16","Medium","1000","10","Moderate","Crack Seal","1","provisional","Michigan GIS Open Data + Paventra rehearsal assumptions","2026-08-16"
"SA-ROAD-111","SA-111-33810083800919038009182","Spring Arbor Rd","","","Spring Arbor Township","42.2256633816163","-84.486851811011","0.0682","2","Asphalt","Local","65","2026-08-16","Medium","1000","10","Moderate","Crack Seal","1","provisional","Michigan GIS Open Data + Paventra rehearsal assumptions","2026-08-16"
"SA-ROAD-112","SA-112- 8994073801672638009190","Spring Arbor Rd","","","Spring Arbor Township","42.2256731934308","-84.4906238955653","0.059","2","Asphalt","Local","65","2026-08-16","Medium","1000","10","Moderate","Crack Seal","1","provisional","Michigan GIS Open Data + Paventra rehearsal assumptions","2026-08-16"
"SA-ROAD-113","SA-113- 8994073800919138016726","Spring Arbor Rd","","","Spring Arbor Township","42.2256775357977","-84.490800170288","0.0028","2","Asphalt","Local","65","2026-08-16","Medium","1000","10","Moderate","Crack Seal","1","provisional","Michigan GIS Open Data + Paventra rehearsal assumptions","2026-08-16"
"SA-ROAD-114","SA-114- 8997053802540138019429","S Sandstone Rd","","","Spring Arbor Township","42.2259595937621","-84.5167635647867","0.0853","2","Asphalt","Local","65","2026-08-16","Medium","1000","10","Moderate","Crack Seal","1","provisional","Michigan GIS Open Data + Paventra rehearsal assumptions","2026-08-16"
"SA-ROAD-115","SA-115- 8994073800919038009202","Spring Arbor Rd","","","Spring Arbor Township","42.2256633816163","-84.486851811011","0.0687","2","Asphalt","Local","65","2026-08-16","Medium","1000","10","Moderate","Crack Seal","1","provisional","Michigan GIS Open Data + Paventra rehearsal assumptions","2026-08-16"
"SA-ROAD-116","SA-116- 8994073800921238009191","Spring Arbor Rd","","","Spring Arbor Township","42.2252698980758","-84.4935877697343","0.045","2","Asphalt","Local","65","2026-08-16","Medium","1000","10","Moderate","Crack Seal","1","provisional","Michigan GIS Open Data + Paventra rehearsal assumptions","2026-08-16"
"SA-ROAD-117","SA-117- 9036083800921638009217","Brandon Dr","","","Spring Arbor Township","42.2261321002288","-84.5584689558077","0.0252","2","Asphalt","Local","65","2026-08-16","Medium","1000","10","Moderate","Crack Seal","1","provisional","Michigan GIS Open Data + Paventra rehearsal assumptions","2026-08-16"
"SA-ROAD-118","SA-118- 9042103800921638009135","Arlington Dr","","","Spring Arbor Township","42.2261321002288","-84.5584689558077","0.0199","2","Asphalt","Local","65","2026-08-16","Medium","1000","10","Moderate","Crack Seal","1","provisional","Michigan GIS Open Data + Paventra rehearsal assumptions","2026-08-16"
"SA-ROAD-119","SA-119- 9043013800922038009136","Milford Rd","","","Spring Arbor Township","42.2260982397215","-84.5562121146611","0.0224","2","Asphalt","Local","65","2026-08-16","Medium","1000","10","Moderate","Crack Seal","1","provisional","Michigan GIS Open Data + Paventra rehearsal assumptions","2026-08-16"
"SA-ROAD-120","SA-120- 9036083800921738009220","Brandon Dr","","","Spring Arbor Township","42.2261172238081","-84.5568541484674","0.0101","2","Asphalt","Local","65","2026-08-16","Medium","1000","10","Moderate","Crack Seal","1","provisional","Michigan GIS Open Data + Paventra rehearsal assumptions","2026-08-16"
"SA-ROAD-121","SA-121- 9036083800921838009216","Brandon Dr","","","Spring Arbor Township","42.2261455325445","-84.5609078760564","0.0381","2","Asphalt","Local","65","2026-08-16","Medium","1000","10","Moderate","Crack Seal","1","provisional","Michigan GIS Open Data + Paventra rehearsal assumptions","2026-08-16"
"SA-ROAD-122","SA-122- 8996013800921838009137","Chapel Rd","","","Spring Arbor Township","42.2261455325445","-84.5609078760564","0.0201","2","Asphalt","Local","65","2026-08-16","Medium","1000","10","Moderate","Crack Seal","1","provisional","Michigan GIS Open Data + Paventra rehearsal assumptions","2026-08-16"
"SA-ROAD-123","SA-123- 8997053800926338025401","S Sandstone Rd","","","Spring Arbor Township","42.2249973061469","-84.5167434396799","0.0202","2","Asphalt","Local","65","2026-08-16","Medium","1000","10","Moderate","Crack Seal","1","provisional","Michigan GIS Open Data + Paventra rehearsal assumptions","2026-08-16"
"SA-ROAD-124","SA-124- 9037093800925438018667","Scotch Blue Dr","","","Spring Arbor Township","42.2252645590082","-84.5214738188646","0.0081","2","Asphalt","Local","65","2026-08-16","Medium","1000","10","Moderate","Crack Seal","1","provisional","Michigan GIS Open Data + Paventra rehearsal assumptions","2026-08-16"
"SA-ROAD-125","SA-125- 9037093800926738009263","Scotch Blue Dr","","","Spring Arbor Township","42.2249733827957","-84.5183212324641","0.0247","2","Asphalt","Local","65","2026-08-16","Medium","1000","10","Moderate","Crack Seal","1","provisional","Michigan GIS Open Data + Paventra rehearsal assumptions","2026-08-16"
"SA-ROAD-126","SA-126- 8994073800926838009212","Spring Arbor Rd","","","Spring Arbor Township","42.2246405590442","-84.4954332116071","0.0317","2","Asphalt","Local","65","2026-08-16","Medium","1000","10","Moderate","Crack Seal","1","provisional","Michigan GIS Open Data + Paventra rehearsal assumptions","2026-08-16"
"SA-ROAD-127","SA-127- 9037093801673138009267","Scotch Blue Dr","","","Spring Arbor Township","42.2249539548529","-84.5188778726255","0.0087","2","Asphalt","Local","65","2026-08-16","Medium","1000","10","Moderate","Crack Seal","1","provisional","Michigan GIS Open Data + Paventra rehearsal assumptions","2026-08-16"
"SA-ROAD-128","SA-128- 9043033801673138016732","Jawind Dr","","","Spring Arbor Township","42.2249539548529","-84.5188778726255","0.004","2","Asphalt","Local","65","2026-08-16","Medium","1000","10","Moderate","Crack Seal","1","provisional","Michigan GIS Open Data + Paventra rehearsal assumptions","2026-08-16"
"SA-ROAD-129","SA-129- 9037093801673438016731","Scotch Blue Dr","","","Spring Arbor Township","42.2249239101951","-84.5209493556338","0.0324","2","Asphalt","Local","65","2026-08-16","Medium","1000","10","Moderate","Crack Seal","1","provisional","Michigan GIS Open Data + Paventra rehearsal assumptions","2026-08-16"
"SA-ROAD-130","SA-130- 9037093801866738016734","Scotch Blue Dr","","","Spring Arbor Township","42.2250121914213","-84.5210852718313","0.0028","2","Asphalt","Local","65","2026-08-16","Medium","1000","10","Moderate","Crack Seal","1","provisional","Michigan GIS Open Data + Paventra rehearsal assumptions","2026-08-16"
"SA-ROAD-131","SA-131-33805663800927638009191","Renfrew Blvd","","","Spring Arbor Township","42.2245109694678","-84.4908079757607","0.0245","2","Asphalt","Local","65","2026-08-16","Medium","1000","10","Moderate","Crack Seal","1","provisional","Michigan GIS Open Data + Paventra rehearsal assumptions","2026-08-16"
"SA-ROAD-132","SA-132- 8997093801672538016726","Renfrew Blvd","","","Spring Arbor Township","42.2245084752214","-84.4906347286066","0.0245","2","Asphalt","Local","65","2026-08-16","Medium","1000","10","Moderate","Crack Seal","1","provisional","Michigan GIS Open Data + Paventra rehearsal assumptions","2026-08-16"
"SA-ROAD-133","SA-133- 9044023800927638016725","Renfrew Dr","","","Spring Arbor Township","42.2245109694678","-84.4908079757607","0.0027","2","Asphalt","Local","65","2026-08-16","Medium","1000","10","Moderate","Crack Seal","1","provisional","Michigan GIS Open Data + Paventra rehearsal assumptions","2026-08-16"
"SA-ROAD-134","SA-134- 9044023800927438009276","Renfrew Dr","","","Spring Arbor Township","42.2245141490037","-84.4916762109908","0.0136","2","Asphalt","Local","65","2026-08-16","Medium","1000","10","Moderate","Crack Seal","1","provisional","Michigan GIS Open Data + Paventra rehearsal assumptions","2026-08-16"
"SA-ROAD-135","SA-135- 9044023800927538009274","Renfrew Dr","","","Spring Arbor Township","42.2245109440716","-84.4925952549784","0.0144","2","Asphalt","Local","65","2026-08-16","Medium","1000","10","Moderate","Crack Seal","1","provisional","Michigan GIS Open Data + Paventra rehearsal assumptions","2026-08-16"
"SA-ROAD-136","SA-136- 9042093800927938009217","Wendover Dr","","","Spring Arbor Township","42.2252775205453","-84.5568676817344","0.0177","2","Asphalt","Local","65","2026-08-16","Medium","1000","10","Moderate","Crack Seal","1","provisional","Michigan GIS Open Data + Paventra rehearsal assumptions","2026-08-16"
"SA-ROAD-137","SA-137-33805563800927938009286","Ken Dr","","","Spring Arbor Township","42.2252775205453","-84.5568676817344","0.0384","2","Asphalt","Local","65","2026-08-16","Medium","1000","10","Moderate","Crack Seal","1","provisional","Michigan GIS Open Data + Paventra rehearsal assumptions","2026-08-16"
"SA-ROAD-138","SA-138- 9043123801673438016735","Balcan Cir","","","Spring Arbor Township","42.2249239101951","-84.5209493556338","0.0033","2","Asphalt","Local","65","2026-08-16","Medium","1000","10","Moderate","Crack Seal","1","provisional","Michigan GIS Open Data + Paventra rehearsal assumptions","2026-08-16"
"SA-ROAD-139","SA-139- 9043143800926738018320","Western Acres Dr","","","Spring Arbor Township","42.2249733827957","-84.5183212324641","0.014","2","Asphalt","Local","65","2026-08-16","Medium","1000","10","Moderate","Crack Seal","1","provisional","Michigan GIS Open Data + Paventra rehearsal assumptions","2026-08-16"
"SA-ROAD-140","SA-140- 9042093800933238009279","Wendover Dr","","","Spring Arbor Township","42.224712971921","-84.5568383601344","0.0119","2","Asphalt","Local","65","2026-08-16","Medium","1000","10","Moderate","Crack Seal","1","provisional","Michigan GIS Open Data + Paventra rehearsal assumptions","2026-08-16"
"SA-ROAD-141","SA-141- 9036073800933338009332","Ivan Dr","","","Spring Arbor Township","42.2247379092707","-84.56086019986","0.0629","2","Asphalt","Local","65","2026-08-16","Medium","1000","10","Moderate","Crack Seal","1","provisional","Michigan GIS Open Data + Paventra rehearsal assumptions","2026-08-16"
"SA-ROAD-142","SA-142- 8996013800933338009218","Chapel Rd","","","Spring Arbor Township","42.2247379092707","-84.56086019986","0.0296","2","Asphalt","Local","65","2026-08-16","Medium","1000","10","Moderate","Crack Seal","1","provisional","Michigan GIS Open Data + Paventra rehearsal assumptions","2026-08-16"
"SA-ROAD-143","SA-143- 8997083800934738009268","Fairway Dr","","","Spring Arbor Township","42.2236698075419","-84.4948899328493","0.0221","2","Asphalt","Local","65","2026-08-16","Medium","1000","10","Moderate","Crack Seal","1","provisional","Michigan GIS Open Data + Paventra rehearsal assumptions","2026-08-16"
"SA-ROAD-144","SA-144- 9042093800938438009332","Wendover Dr","","","Spring Arbor Township","42.2237710817728","-84.5567903354893","0.0198","2","Asphalt","Local","65","2026-08-16","Medium","1000","10","Moderate","Crack Seal","1","provisional","Michigan GIS Open Data + Paventra rehearsal assumptions","2026-08-16"
"SA-ROAD-145","SA-145- 9036063800938738009384","Sunnydell Dr","","","Spring Arbor Township","42.2237891139979","-84.5608283416064","0.0631","2","Asphalt","Local","65","2026-08-16","Medium","1000","10","Moderate","Crack Seal","1","provisional","Michigan GIS Open Data + Paventra rehearsal assumptions","2026-08-16"
"SA-ROAD-146","SA-146- 8996013800938738009333","Chapel Rd","","","Spring Arbor Township","42.2237891139979","-84.5608283416064","0.02","2","Asphalt","Local","65","2026-08-16","Medium","1000","10","Moderate","Crack Seal","1","provisional","Michigan GIS Open Data + Paventra rehearsal assumptions","2026-08-16"
"SA-ROAD-147","SA-147- 9043143801832038009397","Western Acres Dr","","","Spring Arbor Township","42.2243066178516","-84.5183480307209","0.0375","2","Asphalt","Local","65","2026-08-16","Medium","1000","10","Moderate","Crack Seal","1","provisional","Michigan GIS Open Data + Paventra rehearsal assumptions","2026-08-16"
"SA-ROAD-148","SA-148- 9044023801672538009409","Renfrew Dr","","","Spring Arbor Township","42.2245084752214","-84.4906347286066","0.0586","2","Asphalt","Local","65","2026-08-16","Medium","1000","10","Moderate","Crack Seal","1","provisional","Michigan GIS Open Data + Paventra rehearsal assumptions","2026-08-16"
"SA-ROAD-149","SA-149- 9043103800940938009274","Lucerne Dr","","","Spring Arbor Township","42.2224384958277","-84.4908670360967","0.0477","2","Asphalt","Local","65","2026-08-16","Medium","1000","10","Moderate","Crack Seal","1","provisional","Michigan GIS Open Data + Paventra rehearsal assumptions","2026-08-16"
"SA-ROAD-150","SA-150- 8994073800942338009268","Spring Arbor Rd","","","Spring Arbor Township","42.2224275483355","-84.5019702073988","0.1123","2","Asphalt","Local","65","2026-08-16","Medium","1000","10","Moderate","Crack Seal","1","provisional","Michigan GIS Open Data + Paventra rehearsal assumptions","2026-08-16"
"SA-ROAD-151","SA-151- 9028083800942338008507","Reynolds Rd","","","Spring Arbor Township","42.2224275483355","-84.5019702073988","0.2224","2","Asphalt","Local","65","2026-08-16","Medium","1000","10","Moderate","Crack Seal","1","provisional","Michigan GIS Open Data + Paventra rehearsal assumptions","2026-08-16"
"SA-ROAD-152","SA-152- 9042093800945138009384","Wendover Dr","","","Spring Arbor Township","42.2228253861266","-84.5567480107127","0.0199","2","Asphalt","Local","65","2026-08-16","Medium","1000","10","Moderate","Crack Seal","1","provisional","Michigan GIS Open Data + Paventra rehearsal assumptions","2026-08-16"
"SA-ROAD-153","SA-153- 8996013800945538009387","Chapel Rd","","","Spring Arbor Township","42.2228405327406","-84.5607889123189","0.02","2","Asphalt","Local","65","2026-08-16","Medium","1000","10","Moderate","Crack Seal","1","provisional","Michigan GIS Open Data + Paventra rehearsal assumptions","2026-08-16"
"SA-ROAD-154","SA-154- 9036053800945538009451","Kevin Dr","","","Spring Arbor Township","42.2228405327406","-84.5607889123189","0.0632","2","Asphalt","Local","65","2026-08-16","Medium","1000","10","Moderate","Crack Seal","1","provisional","Michigan GIS Open Data + Paventra rehearsal assumptions","2026-08-16"
"SA-ROAD-155","SA-155- 8997083800946538009347","Fairway Dr","","","Spring Arbor Township","42.2217913155269","-84.4941307181879","0.0418","2","Asphalt","Local","65","2026-08-16","Medium","1000","10","Moderate","Crack Seal","1","provisional","Michigan GIS Open Data + Paventra rehearsal assumptions","2026-08-16"
"SA-ROAD-156","SA-156- 8997053800947338009263","S Sandstone Rd","","","Spring Arbor Township","42.2219873274238","-84.5166593075677","0.0633","2","Asphalt","Local","65","2026-08-16","Medium","1000","10","Moderate","Crack Seal","1","provisional","Michigan GIS Open Data + Paventra rehearsal assumptions","2026-08-16"
"SA-ROAD-157","SA-157- 9037183800947338018317","Jack Pine Dr","","","Spring Arbor Township","42.2219873274238","-84.5166593075677","0.0111","2","Asphalt","Local","65","2026-08-16","Medium","1000","10","Moderate","Crack Seal","1","provisional","Michigan GIS Open Data + Paventra rehearsal assumptions","2026-08-16"
"SA-ROAD-158","SA-158- 9037183801831738009388","Jack Pine Dr","","","Spring Arbor Township","42.2219835051535","-84.5173720785053","0.0344","2","Asphalt","Local","65","2026-08-16","Medium","1000","10","Moderate","Crack Seal","1","provisional","Michigan GIS Open Data + Paventra rehearsal assumptions","2026-08-16"
"SA-ROAD-159","SA-159- 9043103800947838009409","Lucerne Dr","","","Spring Arbor Township","42.221607265888","-84.490504227086","0.0184","2","Asphalt","Local","65","2026-08-16","Medium","1000","10","Moderate","Crack Seal","1","provisional","Michigan GIS Open Data + Paventra rehearsal assumptions","2026-08-16"
"SA-ROAD-160","SA-160- 9043093800947838009468","Balomarl Dr","","","Spring Arbor Township","42.221607265888","-84.490504227086","0.0187","2","Asphalt","Local","65","2026-08-16","Medium","1000","10","Moderate","Crack Seal","1","provisional","Michigan GIS Open Data + Paventra rehearsal assumptions","2026-08-16"
"SA-ROAD-161","SA-161- 8997083800950238009465","Sherwood Dr","","","Spring Arbor Township","42.2215175813312","-84.4958885106989","0.0286","2","Asphalt","Local","65","2026-08-16","Medium","1000","10","Moderate","Crack Seal","1","provisional","Michigan GIS Open Data + Paventra rehearsal assumptions","2026-08-16"
"SA-ROAD-162","SA-162- 9043073800950238009347","Wellesley Dr","","","Spring Arbor Township","42.2215175813312","-84.4958885106989","0.0565","2","Asphalt","Local","65","2026-08-16","Medium","1000","10","Moderate","Crack Seal","1","provisional","Michigan GIS Open Data + Paventra rehearsal assumptions","2026-08-16"
"SA-ROAD-163","SA-163- 8997083800951138009502","Sherwood Dr","","","Spring Arbor Township","42.2214206496317","-84.4968647645359","0.0154","2","Asphalt","Local","65","2026-08-16","Medium","1000","10","Moderate","Crack Seal","1","provisional","Michigan GIS Open Data + Paventra rehearsal assumptions","2026-08-16"
"SA-ROAD-164","SA-164- 9042093800950538009451","Wendover Dr","","","Spring Arbor Township","42.2221277868632","-84.5567260676008","0.0147","2","Asphalt","Local","65","2026-08-16","Medium","1000","10","Moderate","Crack Seal","1","provisional","Michigan GIS Open Data + Paventra rehearsal assumptions","2026-08-16"
"SA-ROAD-165","SA-165- 9035083800952738008617","Reigel Rd","","","Spring Arbor Township","42.2223277083469","-84.5754410348973","0.2224","2","Asphalt","Local","65","2026-08-16","Medium","1000","10","Moderate","Crack Seal","1","provisional","Michigan GIS Open Data + Paventra rehearsal assumptions","2026-08-16"
"SA-ROAD-166","SA-166- 8996013802008938009455","Chapel Rd","","","Spring Arbor Township","42.2215826725941","-84.5607151283537","0.0265","2","Asphalt","Local","65","2026-08-16","Medium","1000","10","Moderate","Crack Seal","1","provisional","Michigan GIS Open Data + Paventra rehearsal assumptions","2026-08-16"
"SA-ROAD-167","SA-167-33813543802008938020088","Village Green Ln","","","Spring Arbor Township","42.2215826725941","-84.5607151283537","0.0773","2","Asphalt","Local","65","2026-08-16","Medium","1000","10","Moderate","Crack Seal","1","provisional","Michigan GIS Open Data + Paventra rehearsal assumptions","2026-08-16"
"SA-ROAD-168","SA-168- 8996013801671238020089","Chapel Rd","","","Spring Arbor Township","42.2212790801321","-84.5606973202125","0.0064","2","Asphalt","Local","65","2026-08-16","Medium","1000","10","Moderate","Crack Seal","1","provisional","Michigan GIS Open Data + Paventra rehearsal assumptions","2026-08-16"
"SA-ROAD-169","SA-169-33805533801671438016713","Stone Haven Dr","","","Spring Arbor Township","42.2212758675816","-84.5619547200304","0.0216","2","Asphalt","Local","65","2026-08-16","Medium","1000","10","Moderate","Crack Seal","1","provisional","Michigan GIS Open Data + Paventra rehearsal assumptions","2026-08-16"
"SA-ROAD-170","SA-170-33805533801671238016714","Stone Haven Dr","","","Spring Arbor Township","42.2212790801321","-84.5606973202125","0.0197","2","Asphalt","Local","65","2026-08-16","Medium","1000","10","Moderate","Crack Seal","1","provisional","Michigan GIS Open Data + Paventra rehearsal assumptions","2026-08-16"
"SA-ROAD-171","SA-171-33815343802059138020575","Zeller Dr","","","Spring Arbor Township","42.2210994905437","-84.5657492989182","0.0064","2","Asphalt","Local","65","2026-08-16","Medium","1000","10","Moderate","Crack Seal","1","provisional","Michigan GIS Open Data + Paventra rehearsal assumptions","2026-08-16"
"SA-ROAD-172","SA-172- 9028083800959638009423","Reynolds Rd","","","Spring Arbor Township","42.220148261393","-84.5019108777646","0.0479","2","Asphalt","Local","65","2026-08-16","Medium","1000","10","Moderate","Crack Seal","1","provisional","Michigan GIS Open Data + Paventra rehearsal assumptions","2026-08-16"
"SA-ROAD-173","SA-173-33805543801671438016716","Lockerbie Dr","","","Spring Arbor Township","42.2212758675816","-84.5619547200304","0.0081","2","Asphalt","Local","65","2026-08-16","Medium","1000","10","Moderate","Crack Seal","1","provisional","Michigan GIS Open Data + Paventra rehearsal assumptions","2026-08-16"
"SA-ROAD-174","SA-174-33805553801671638016717","Glenbarr Dr","","","Spring Arbor Township","42.2208898616192","-84.5619516705195","0.0223","2","Asphalt","Local","65","2026-08-16","Medium","1000","10","Moderate","Crack Seal","1","provisional","Michigan GIS Open Data + Paventra rehearsal assumptions","2026-08-16"
"SA-ROAD-175","SA-175-33805543801671638016715","Lockerbie Dr","","","Spring Arbor Township","42.2208898616192","-84.5619516705195","0.0061","2","Asphalt","Local","65","2026-08-16","Medium","1000","10","Moderate","Crack Seal","1","provisional","Michigan GIS Open Data + Paventra rehearsal assumptions","2026-08-16"
"SA-ROAD-176","SA-176- 8997053800966338009473","S Sandstone Rd","","","Spring Arbor Township","42.219581292115","-84.5165897468394","0.0506","2","Asphalt","Local","65","2026-08-16","Medium","1000","10","Moderate","Crack Seal","1","provisional","Michigan GIS Open Data + Paventra rehearsal assumptions","2026-08-16"
"SA-ROAD-177","SA-177- 9037173800966338018318","Highland Bell Dr","","","Spring Arbor Township","42.219581292115","-84.5165897468394","0.0126","2","Asphalt","Local","65","2026-08-16","Medium","1000","10","Moderate","Crack Seal","1","provisional","Michigan GIS Open Data + Paventra rehearsal assumptions","2026-08-16"
"SA-ROAD-178","SA-178- 9037173801831838009665","Highland Bell Dr","","","Spring Arbor Township","42.2195812943555","-84.5173948382797","0.0145","2","Asphalt","Local","65","2026-08-16","Medium","1000","10","Moderate","Crack Seal","1","provisional","Michigan GIS Open Data + Paventra rehearsal assumptions","2026-08-16"
"SA-ROAD-179","SA-179-33805543801671538020085","Lockerbie Dr","","","Spring Arbor Township","42.2206073534665","-84.5620055784909","0.0479","2","Asphalt","Local","65","2026-08-16","Medium","1000","10","Moderate","Crack Seal","1","provisional","Michigan GIS Open Data + Paventra rehearsal assumptions","2026-08-16"
"SA-ROAD-180","SA-180-33815343802057438020591","Zeller Dr","","","Spring Arbor Township","42.2200980780755","-84.5657248670182","0.0211","2","Asphalt","Local","65","2026-08-16","Medium","1000","10","Moderate","Crack Seal","1","provisional","Michigan GIS Open Data + Paventra rehearsal assumptions","2026-08-16"
"SA-ROAD-181","SA-181-33815353802057438020590","Laughlin Ct","","","Spring Arbor Township","42.2200980780755","-84.5657248670182","0.0336","2","Asphalt","Local","65","2026-08-16","Medium","1000","10","Moderate","Crack Seal","1","provisional","Michigan GIS Open Data + Paventra rehearsal assumptions","2026-08-16"
"SA-ROAD-182","SA-182-33815353802059038020576","Laughlin Ct","","","Spring Arbor Township","42.2201156342019","-84.5678752040546","0.0047","2","Asphalt","Local","65","2026-08-16","Medium","1000","10","Moderate","Crack Seal","1","provisional","Michigan GIS Open Data + Paventra rehearsal assumptions","2026-08-16"
"SA-ROAD-183","SA-183- 9028083800972038009596","Reynolds Rd","","","Spring Arbor Township","42.2184657802679","-84.5018669043215","0.0354","2","Asphalt","Local","65","2026-08-16","Medium","1000","10","Moderate","Crack Seal","1","provisional","Michigan GIS Open Data + Paventra rehearsal assumptions","2026-08-16"
"SA-ROAD-184","SA-184- 9043153800972038009729","Riverside Dr","","","Spring Arbor Township","42.2184657802679","-84.5018669043215","0.0771","2","Asphalt","Local","65","2026-08-16","Medium","1000","10","Moderate","Crack Seal","1","provisional","Michigan GIS Open Data + Paventra rehearsal assumptions","2026-08-16"
"SA-ROAD-185","SA-185- 9043153800972938009730","Riverside Dr","","","Spring Arbor Township","42.2184543330912","-84.5067995521616","0.016","2","Asphalt","Local","65","2026-08-16","Medium","1000","10","Moderate","Crack Seal","1","provisional","Michigan GIS Open Data + Paventra rehearsal assumptions","2026-08-16"
"SA-ROAD-186","SA-186- 8994073800973938009423","Spring Arbor Rd","","","Spring Arbor Township","42.2184478301964","-84.5125029199097","0.1852","2","Asphalt","Local","65","2026-08-16","Medium","1000","10","Moderate","Crack Seal","1","provisional","Michigan GIS Open Data + Paventra rehearsal assumptions","2026-08-16"
"SA-ROAD-187","SA-187- 9076043800974138009739","King Rd","","","Spring Arbor Township","42.2184281332331","-84.5165716564681","0.0636","2","Asphalt","Local","65","2026-08-16","Medium","1000","10","Moderate","Crack Seal","1","provisional","Michigan GIS Open Data + Paventra rehearsal assumptions","2026-08-16"
"SA-ROAD-188","SA-188- 8997053800974138009663","S Sandstone Rd","","","Spring Arbor Township","42.2184281332331","-84.5165716564681","0.0243","2","Asphalt","Local","65","2026-08-16","Medium","1000","10","Moderate","Crack Seal","1","provisional","Michigan GIS Open Data + Paventra rehearsal assumptions","2026-08-16"
"SA-ROAD-189","SA-189- 9076043800975038009741","King Rd","","","Spring Arbor Township","42.2184175111909","-84.5223616444676","0.0905","2","Asphalt","Local","65","2026-08-16","Medium","1000","10","Moderate","Crack Seal","1","provisional","Michigan GIS Open Data + Paventra rehearsal assumptions","2026-08-16"
"SA-ROAD-190","SA-190- 9076043800975238009750","King Rd","","","Spring Arbor Township","42.2184156379542","-84.5238641043008","0.0235","2","Asphalt","Local","65","2026-08-16","Medium","1000","10","Moderate","Crack Seal","1","provisional","Michigan GIS Open Data + Paventra rehearsal assumptions","2026-08-16"
"SA-ROAD-191","SA-191- 9076043800975438009752","King Rd","","","Spring Arbor Township","42.2184087604996","-84.5253621905931","0.0234","2","Asphalt","Local","65","2026-08-16","Medium","1000","10","Moderate","Crack Seal","1","provisional","Michigan GIS Open Data + Paventra rehearsal assumptions","2026-08-16"
"SA-ROAD-192","SA-192- 9076043800975638009754","King Rd","","","Spring Arbor Township","42.2183987430139","-84.5272984905856","0.0303","2","Asphalt","Local","65","2026-08-16","Medium","1000","10","Moderate","Crack Seal","1","provisional","Michigan GIS Open Data + Paventra rehearsal assumptions","2026-08-16"
"SA-ROAD-193","SA-193- 9076043800975938009756","King Rd","","","Spring Arbor Township","42.2183930283408","-84.5288872764047","0.0248","2","Asphalt","Local","65","2026-08-16","Medium","1000","10","Moderate","Crack Seal","1","provisional","Michigan GIS Open Data + Paventra rehearsal assumptions","2026-08-16"
"SA-ROAD-194","SA-194- 9076043800976038009759","King Rd","","","Spring Arbor Township","42.2183987253861","-84.530493878546","0.0251","2","Asphalt","Local","65","2026-08-16","Medium","1000","10","Moderate","Crack Seal","1","provisional","Michigan GIS Open Data + Paventra rehearsal assumptions","2026-08-16"
"SA-ROAD-195","SA-195- 9076043800976638009760","King Rd","","","Spring Arbor Township","42.2183803713165","-84.5409907976478","0.1641","2","Asphalt","Local","65","2026-08-16","Medium","1000","10","Moderate","Crack Seal","1","provisional","Michigan GIS Open Data + Paventra rehearsal assumptions","2026-08-16"
"SA-ROAD-196","SA-196- 8997023800976638020084","S Dearing Rd","","","Spring Arbor Township","42.2183803713165","-84.5409907976478","0.1825","2","Asphalt","Local","65","2026-08-16","Medium","1000","10","Moderate","Crack Seal","1","provisional","Michigan GIS Open Data + Paventra rehearsal assumptions","2026-08-16"
"SA-ROAD-197","SA-197- 9076043800976838009766","King Rd","","","Spring Arbor Township","42.2183428136585","-84.5484907628511","0.1172","2","Asphalt","Local","65","2026-08-16","Medium","1000","10","Moderate","Crack Seal","1","provisional","Michigan GIS Open Data + Paventra rehearsal assumptions","2026-08-16"
"SA-ROAD-198","SA-198- 9076043801975338009768","King Rd","","","Spring Arbor Township","42.2183352090715","-84.5501565603918","0.026","2","Asphalt","Local","65","2026-08-16","Medium","1000","10","Moderate","Crack Seal","1","provisional","Michigan GIS Open Data + Paventra rehearsal assumptions","2026-08-16"
"SA-ROAD-199","SA-199-33812233801975338019747","Elwood Blvd","","","Spring Arbor Township","42.2183352090715","-84.5501565603918","0.1854","2","Asphalt","Local","65","2026-08-16","Medium","1000","10","Moderate","Crack Seal","1","provisional","Michigan GIS Open Data + Paventra rehearsal assumptions","2026-08-16"
"SA-ROAD-200","SA-200- 9076043801975438019753","King Rd","","","Spring Arbor Township","42.2183258518903","-84.5521991296648","0.0319","2","Asphalt","Local","65","2026-08-16","Medium","1000","10","Moderate","Crack Seal","1","provisional","Michigan GIS Open Data + Paventra rehearsal assumptions","2026-08-16"
"SA-ROAD-201","SA-201-33812223801975438019749","Wardcraft Dr","","","Spring Arbor Township","42.2183258518903","-84.5521991296648","0.0236","2","Asphalt","Local","65","2026-08-16","Medium","1000","10","Moderate","Crack Seal","1","provisional","Michigan GIS Open Data + Paventra rehearsal assumptions","2026-08-16"
"SA-ROAD-202","SA-202- 9076043800977438019754","King Rd","","","Spring Arbor Township","42.218314303833","-84.5606147877765","0.1315","2","Asphalt","Local","65","2026-08-16","Medium","1000","10","Moderate","Crack Seal","1","provisional","Michigan GIS Open Data + Paventra rehearsal assumptions","2026-08-16"
"SA-ROAD-203","SA-203- 8996013800977438016712","Chapel Rd","","","Spring Arbor Township","42.218314303833","-84.5606147877765","0.0624","2","Asphalt","Local","65","2026-08-16","Medium","1000","10","Moderate","Crack Seal","1","provisional","Michigan GIS Open Data + Paventra rehearsal assumptions","2026-08-16"
"SA-ROAD-204","SA-204- 9076043802058938009774","King Rd","","","Spring Arbor Township","42.2183200238361","-84.5656511935025","0.0787","2","Asphalt","Local","65","2026-08-16","Medium","1000","10","Moderate","Crack Seal","1","provisional","Michigan GIS Open Data + Paventra rehearsal assumptions","2026-08-16"
"SA-ROAD-205","SA-205-33815343802058938020574","Zeller Dr","","","Spring Arbor Township","42.2183200238361","-84.5656511935025","0.0374","2","Asphalt","Local","65","2026-08-16","Medium","1000","10","Moderate","Crack Seal","1","provisional","Michigan GIS Open Data + Paventra rehearsal assumptions","2026-08-16"
"SA-ROAD-206","SA-206- 9076043800978538020589","King Rd","","","Spring Arbor Township","42.2183252447472","-84.5704282626998","0.0747","2","Asphalt","Local","65","2026-08-16","Medium","1000","10","Moderate","Crack Seal","1","provisional","Michigan GIS Open Data + Paventra rehearsal assumptions","2026-08-16"
"SA-ROAD-207","SA-207- 9076043800978838009785","King Rd","","","Spring Arbor Township","42.2183190345917","-84.5753446626107","0.0769","2","Asphalt","Local","65","2026-08-16","Medium","1000","10","Moderate","Crack Seal","1","provisional","Michigan GIS Open Data + Paventra rehearsal assumptions","2026-08-16"
"SA-ROAD-208","SA-208- 9035083800978838009527","Reigel Rd","","","Spring Arbor Township","42.2183190345917","-84.5753446626107","0.0843","2","Asphalt","Local","65","2026-08-16","Medium","1000","10","Moderate","Crack Seal","1","provisional","Michigan GIS Open Data + Paventra rehearsal assumptions","2026-08-16"
"SA-ROAD-209","SA-209- 9076043800979238009788","King Rd","","","Spring Arbor Township","42.2183286634292","-84.5808618578535","0.0862","2","Asphalt","Local","65","2026-08-16","Medium","1000","10","Moderate","Crack Seal","1","provisional","Michigan GIS Open Data + Paventra rehearsal assumptions","2026-08-16"
"SA-ROAD-210","SA-210- 9076043800979738009792","King Rd","","","Spring Arbor Township","42.218405610064","-84.5981204725071","0.2698","2","Asphalt","Local","65","2026-08-16","Medium","1000","10","Moderate","Crack Seal","1","provisional","Michigan GIS Open Data + Paventra rehearsal assumptions","2026-08-16"
"SA-ROAD-211","SA-211- 9077013800979738008638","S Parma Rd","","","Spring Arbor Township","42.218405610064","-84.5981204725071","0.3059","2","Asphalt","Local","65","2026-08-16","Medium","1000","10","Moderate","Crack Seal","1","provisional","Michigan GIS Open Data + Paventra rehearsal assumptions","2026-08-16"
"SA-ROAD-212","SA-212- 9045033800981438009754","Daggitt Dr","","","Spring Arbor Township","42.2173007379182","-84.5255278617495","0.0237","2","Asphalt","Local","65","2026-08-16","Medium","1000","10","Moderate","Crack Seal","1","provisional","Michigan GIS Open Data + Paventra rehearsal assumptions","2026-08-16"
"SA-ROAD-213","SA-213- 9045043800984738009750","Lorrie Dr","","","Spring Arbor Township","42.2169019446073","-84.5223714369427","0.0319","2","Asphalt","Local","65","2026-08-16","Medium","1000","10","Moderate","Crack Seal","1","provisional","Michigan GIS Open Data + Paventra rehearsal assumptions","2026-08-16"
"SA-ROAD-214","SA-214- 9045063800984738009752","Faith Dr","","","Spring Arbor Township","42.2169019446073","-84.5223714369427","0.0488","2","Asphalt","Local","65","2026-08-16","Medium","1000","10","Moderate","Crack Seal","1","provisional","Michigan GIS Open Data + Paventra rehearsal assumptions","2026-08-16"
"SA-ROAD-215","SA-215- 9045033800986138009814","Daggitt Dr","","","Spring Arbor Township","42.2168421861989","-84.5257880586909","0.0105","2","Asphalt","Local","65","2026-08-16","Medium","1000","10","Moderate","Crack Seal","1","provisional","Michigan GIS Open Data + Paventra rehearsal assumptions","2026-08-16"
"SA-ROAD-216","SA-216-33805673800986138019439","Ewers St","","","Spring Arbor Township","42.2168421861989","-84.5257880586909","0.008","2","Asphalt","Local","65","2026-08-16","Medium","1000","10","Moderate","Crack Seal","1","provisional","Michigan GIS Open Data + Paventra rehearsal assumptions","2026-08-16"
"SA-ROAD-217","SA-217-33805673801943938009856","Ewers St","","","Spring Arbor Township","42.2168446551632","-84.5263000633381","0.0152","2","Asphalt","Local","65","2026-08-16","Medium","1000","10","Moderate","Crack Seal","1","provisional","Michigan GIS Open Data + Paventra rehearsal assumptions","2026-08-16"
"SA-ROAD-218","SA-218- 9045123800975638009856","Earl Dr","","","Spring Arbor Township","42.2183987430139","-84.5272984905856","0.0326","2","Asphalt","Local","65","2026-08-16","Medium","1000","10","Moderate","Crack Seal","1","provisional","Michigan GIS Open Data + Paventra rehearsal assumptions","2026-08-16"
"SA-ROAD-219","SA-219- 9044103800985738009856","Ewers St","","","Spring Arbor Township","42.2168525911463","-84.5288462178572","0.0246","2","Asphalt","Local","65","2026-08-16","Medium","1000","10","Moderate","Crack Seal","1","provisional","Michigan GIS Open Data + Paventra rehearsal assumptions","2026-08-16"
"SA-ROAD-220","SA-220- 9045113800975938009857","Queen St","","","Spring Arbor Township","42.2183930283408","-84.5288872764047","0.0324","2","Asphalt","Local","65","2026-08-16","Medium","1000","10","Moderate","Crack Seal","1","provisional","Michigan GIS Open Data + Paventra rehearsal assumptions","2026-08-16"
"SA-ROAD-221","SA-221- 8997023801832938009766","S Dearing Rd","","","Spring Arbor Township","42.2169891488385","-84.5409594977243","0.0293","2","Asphalt","Local","65","2026-08-16","Medium","1000","10","Moderate","Crack Seal","1","provisional","Michigan GIS Open Data + Paventra rehearsal assumptions","2026-08-16"
"SA-ROAD-222","SA-222- 9044103800986038009857","Ewers St","","","Spring Arbor Township","42.2168490007107","-84.5304628786237","0.0253","2","Asphalt","Local","65","2026-08-16","Medium","1000","10","Moderate","Crack Seal","1","provisional","Michigan GIS Open Data + Paventra rehearsal assumptions","2026-08-16"
"SA-ROAD-223","SA-223-33801343800976038009860","Noble Rd","","","Spring Arbor Township","42.2183987253861","-84.530493878546","0.0326","2","Asphalt","Local","65","2026-08-16","Medium","1000","10","Moderate","Crack Seal","1","provisional","Michigan GIS Open Data + Paventra rehearsal assumptions","2026-08-16"
"SA-ROAD-224","SA-224-33805713801975638016738","Sydney Ct","","","Spring Arbor Township","42.2170510990627","-84.5466303739981","0.0058","2","Asphalt","Local","65","2026-08-16","Medium","1000","10","Moderate","Crack Seal","1","provisional","Michigan GIS Open Data + Paventra rehearsal assumptions","2026-08-16"
"SA-ROAD-225","SA-225-33801553801832938018331","Remington Dr","","","Spring Arbor Township","42.2169891488385","-84.5409594977243","0.0657","2","Asphalt","Local","65","2026-08-16","Medium","1000","10","Moderate","Crack Seal","1","provisional","Michigan GIS Open Data + Paventra rehearsal assumptions","2026-08-16"
"SA-ROAD-226","SA-226-33805713801673738019756","Sydney Ct","","","Spring Arbor Township","42.2170380219014","-84.5484113619313","0.0278","2","Asphalt","Local","65","2026-08-16","Medium","1000","10","Moderate","Crack Seal","1","provisional","Michigan GIS Open Data + Paventra rehearsal assumptions","2026-08-16"
"SA-ROAD-227","SA-227-33805703800976838016737","Concerto Ct","","","Spring Arbor Township","42.2183428136585","-84.5484907628511","0.0275","2","Asphalt","Local","65","2026-08-16","Medium","1000","10","Moderate","Crack Seal","1","provisional","Michigan GIS Open Data + Paventra rehearsal assumptions","2026-08-16"
"SA-ROAD-228","SA-228-33801343800986038018326","Noble Rd","","","Spring Arbor Township","42.2168490007107","-84.5304628786237","0.0039","2","Asphalt","Local","65","2026-08-16","Medium","1000","10","Moderate","Crack Seal","1","provisional","Michigan GIS Open Data + Paventra rehearsal assumptions","2026-08-16"
"SA-ROAD-229","SA-229- 8994073800986638009739","Spring Arbor Rd","","","Spring Arbor Township","42.2164038578003","-84.5165615707824","0.0766","2","Asphalt","Local","65","2026-08-16","Medium","1000","10","Moderate","Crack Seal","1","provisional","Michigan GIS Open Data + Paventra rehearsal assumptions","2026-08-16"
"SA-ROAD-230","SA-230- 8997053800986638009741","S Sandstone Rd","","","Spring Arbor Township","42.2164038578003","-84.5165615707824","0.0426","2","Asphalt","Local","65","2026-08-16","Medium","1000","10","Moderate","Crack Seal","1","provisional","Michigan GIS Open Data + Paventra rehearsal assumptions","2026-08-16"
"SA-ROAD-231","SA-231- 9028083800987338009720","Reynolds Rd","","","Spring Arbor Township","42.2161267093926","-84.5018096758679","0.0492","2","Asphalt","Local","65","2026-08-16","Medium","1000","10","Moderate","Crack Seal","1","provisional","Michigan GIS Open Data + Paventra rehearsal assumptions","2026-08-16"
"SA-ROAD-232","SA-232- 9043063800987138009729","Willoway Dr","","","Spring Arbor Township","42.2161677969416","-84.5067356152474","0.0483","2","Asphalt","Local","65","2026-08-16","Medium","1000","10","Moderate","Crack Seal","1","provisional","Michigan GIS Open Data + Paventra rehearsal assumptions","2026-08-16"
"SA-ROAD-233","SA-233-33801333800987338009877","Arbor Ln","","","Spring Arbor Township","42.2161267093926","-84.5018096758679","0.0323","2","Asphalt","Local","65","2026-08-16","Medium","1000","10","Moderate","Crack Seal","1","provisional","Michigan GIS Open Data + Paventra rehearsal assumptions","2026-08-16"
"SA-ROAD-234","SA-234- 9044063800987738009817","E Court St","","","Spring Arbor Township","42.2161279979025","-84.5038740943767","0.0163","2","Asphalt","Local","65","2026-08-16","Medium","1000","10","Moderate","Crack Seal","1","provisional","Michigan GIS Open Data + Paventra rehearsal assumptions","2026-08-16"
"SA-ROAD-235","SA-235-33801333800987738009879","Arbor Ln","","","Spring Arbor Township","42.2161279979025","-84.5038740943767","0.0232","2","Asphalt","Local","65","2026-08-16","Medium","1000","10","Moderate","Crack Seal","1","provisional","Michigan GIS Open Data + Paventra rehearsal assumptions","2026-08-16"
"SA-ROAD-236","SA-236- 9044053800987938009828","W Court St","","","Spring Arbor Township","42.2161204985352","-84.5053606551989","0.0163","2","Asphalt","Local","65","2026-08-16","Medium","1000","10","Moderate","Crack Seal","1","provisional","Michigan GIS Open Data + Paventra rehearsal assumptions","2026-08-16"
"SA-ROAD-237","SA-237-33801333800987938009871","Arbor Ln","","","Spring Arbor Township","42.2161204985352","-84.5053606551989","0.0219","2","Asphalt","Local","65","2026-08-16","Medium","1000","10","Moderate","Crack Seal","1","provisional","Michigan GIS Open Data + Paventra rehearsal assumptions","2026-08-16"
"SA-ROAD-238","SA-238- 9045123800985638018325","Earl Dr","","","Spring Arbor Township","42.2168495103191","-84.5272749804089","0.0135","2","Asphalt","Local","65","2026-08-16","Medium","1000","10","Moderate","Crack Seal","1","provisional","Michigan GIS Open Data + Paventra rehearsal assumptions","2026-08-16"
"SA-ROAD-239","SA-239-33801343801832638009897","Noble Rd","","","Spring Arbor Township","42.2166612616379","-84.5304666561323","0.0098","2","Asphalt","Local","65","2026-08-16","Medium","1000","10","Moderate","Crack Seal","1","provisional","Michigan GIS Open Data + Paventra rehearsal assumptions","2026-08-16"
"SA-ROAD-240","SA-240-33805683800989738016736","Noble Rd","","","Spring Arbor Township","42.2161950694146","-84.5304760380205","0.0169","2","Asphalt","Local","65","2026-08-16","Medium","1000","10","Moderate","Crack Seal","1","provisional","Michigan GIS Open Data + Paventra rehearsal assumptions","2026-08-16"
"SA-ROAD-241","SA-241-33801343800989738016736","Noble Rd","","","Spring Arbor Township","42.2161950694146","-84.5304760380205","0.0239","2","Asphalt","Local","65","2026-08-16","Medium","1000","10","Moderate","Crack Seal","1","provisional","Michigan GIS Open Data + Paventra rehearsal assumptions","2026-08-16"
"SA-ROAD-242","SA-242-33815363802059338020582","Fairfield Ct","","","Spring Arbor Township","42.2157999583883","-84.5470077563023","0.0053","2","Asphalt","Local","65","2026-08-16","Medium","1000","10","Moderate","Crack Seal","1","provisional","Michigan GIS Open Data + Paventra rehearsal assumptions","2026-08-16"
"SA-ROAD-243","SA-243-33815363802059238020593","Fairfield Ct","","","Spring Arbor Township","42.2157474533477","-84.5483519275895","0.0212","2","Asphalt","Local","65","2026-08-16","Medium","1000","10","Moderate","Crack Seal","1","provisional","Michigan GIS Open Data + Paventra rehearsal assumptions","2026-08-16"
"SA-ROAD-244","SA-244-33805703801673738020592","Concerto Ct","","","Spring Arbor Township","42.2170380219014","-84.5484113619313","0.0272","2","Asphalt","Local","65","2026-08-16","Medium","1000","10","Moderate","Crack Seal","1","provisional","Michigan GIS Open Data + Paventra rehearsal assumptions","2026-08-16"
"SA-ROAD-245","SA-245- 9045033800994738009861","Daggitt Dr","","","Spring Arbor Township","42.2154240144867","-84.5253807290107","0.0311","2","Asphalt","Local","65","2026-08-16","Medium","1000","10","Moderate","Crack Seal","1","provisional","Michigan GIS Open Data + Paventra rehearsal assumptions","2026-08-16"
"SA-ROAD-246","SA-246- 9045053800995438009814","Dorothy Ln","","","Spring Arbor Township","42.2152557137061","-84.523150979021","0.0619","2","Asphalt","Local","65","2026-08-16","Medium","1000","10","Moderate","Crack Seal","1","provisional","Michigan GIS Open Data + Paventra rehearsal assumptions","2026-08-16"
"SA-ROAD-247","SA-247- 9045043800994738009954","Lorrie Dr","","","Spring Arbor Township","42.2154240144867","-84.5253807290107","0.0355","2","Asphalt","Local","65","2026-08-16","Medium","1000","10","Moderate","Crack Seal","1","provisional","Michigan GIS Open Data + Paventra rehearsal assumptions","2026-08-16"
"SA-ROAD-248","SA-248- 9045043800995438009847","Lorrie Dr","","","Spring Arbor Township","42.2152557137061","-84.523150979021","0.0479","2","Asphalt","Local","65","2026-08-16","Medium","1000","10","Moderate","Crack Seal","1","provisional","Michigan GIS Open Data + Paventra rehearsal assumptions","2026-08-16"
"SA-ROAD-249","SA-249- 9045123801832538009960","Earl Dr","","","Spring Arbor Township","42.2162055602733","-84.5272628539074","0.0251","2","Asphalt","Local","65","2026-08-16","Medium","1000","10","Moderate","Crack Seal","1","provisional","Michigan GIS Open Data + Paventra rehearsal assumptions","2026-08-16"
"SA-ROAD-250","SA-250- 9028083801749238009873","Reynolds Rd","","","Spring Arbor Township","42.2148085935249","-84.5017932333489","0.0277","2","Asphalt","Local","65","2026-08-16","Medium","1000","10","Moderate","Crack Seal","1","provisional","Michigan GIS Open Data + Paventra rehearsal assumptions","2026-08-16"
"SA-ROAD-251","SA-251- 9044183801749238017494","Robinhill Rd","","","Spring Arbor Township","42.2148085935249","-84.5017932333489","0.0092","2","Asphalt","Local","65","2026-08-16","Medium","1000","10","Moderate","Crack Seal","1","provisional","Michigan GIS Open Data + Paventra rehearsal assumptions","2026-08-16"
"SA-ROAD-252","SA-252- 8994073801003938009866","Spring Arbor Rd","","","Spring Arbor Township","42.2140282769411","-84.5213137188952","0.0895","2","Asphalt","Local","65","2026-08-16","Medium","1000","10","Moderate","Crack Seal","1","provisional","Michigan GIS Open Data + Paventra rehearsal assumptions","2026-08-16"
"SA-ROAD-253","SA-253- 9028083802542738017492","Reynolds Rd","","","Spring Arbor Township","42.2136853071308","-84.5017692938711","0.0236","2","Asphalt","Local","65","2026-08-16","Medium","1000","10","Moderate","Crack Seal","1","provisional","Michigan GIS Open Data + Paventra rehearsal assumptions","2026-08-16"
"SA-ROAD-254","SA-254-33805703802059238010122","Concerto Ct","","","Spring Arbor Township","42.2157474533477","-84.5483519275895","0.0646","2","Asphalt","Local","65","2026-08-16","Medium","1000","10","Moderate","Crack Seal","1","provisional","Michigan GIS Open Data + Paventra rehearsal assumptions","2026-08-16"
"SA-ROAD-255","SA-255- 9028083801672738025427","Reynolds Rd","","","Spring Arbor Township","42.2121649494531","-84.5017368940743","0.032","2","Asphalt","Local","65","2026-08-16","Medium","1000","10","Moderate","Crack Seal","1","provisional","Michigan GIS Open Data + Paventra rehearsal assumptions","2026-08-16"
"SA-ROAD-256","SA-256- 8997013801012038010246","Henderson Rd","","","Spring Arbor Township","42.2124362096178","-84.5441725904564","0.0116","2","Asphalt","Local","65","2026-08-16","Medium","1000","10","Moderate","Crack Seal","1","provisional","Michigan GIS Open Data + Paventra rehearsal assumptions","2026-08-16"
"SA-ROAD-257","SA-257-33805743802031938020318","Arborwood Blvd","","","Spring Arbor Township","42.2124608194315","-84.5466113496504","0.0249","2","Asphalt","Local","65","2026-08-16","Medium","1000","10","Moderate","Crack Seal","1","provisional","Michigan GIS Open Data + Paventra rehearsal assumptions","2026-08-16"
"SA-ROAD-258","SA-258-33805743801674238020319","Arborwood Blvd","","","Spring Arbor Township","42.2123590869745","-84.5463061993722","0.0061","2","Asphalt","Local","65","2026-08-16","Medium","1000","10","Moderate","Crack Seal","1","provisional","Michigan GIS Open Data + Paventra rehearsal assumptions","2026-08-16"
"SA-ROAD-259","SA-259- 9044173801672738016728","Ridge Crest Dr","","","Spring Arbor Township","42.2121649494531","-84.5017368940743","0.03","2","Asphalt","Local","65","2026-08-16","Medium","1000","10","Moderate","Crack Seal","1","provisional","Michigan GIS Open Data + Paventra rehearsal assumptions","2026-08-16"
"SA-ROAD-260","SA-260- 9039033801020238010201","Kibby Rd","","","Spring Arbor Township","42.211092946265","-84.485127967247","0.0436","2","Asphalt","Local","65","2026-08-16","Medium","1000","10","Moderate","Crack Seal","1","provisional","Michigan GIS Open Data + Paventra rehearsal assumptions","2026-08-16"
"SA-ROAD-261","SA-261- 9039033801020638010202","Kibby Rd","","","Spring Arbor Township","42.2111922095307","-84.5017153460152","0.2593","2","Asphalt","Local","65","2026-08-16","Medium","1000","10","Moderate","Crack Seal","1","provisional","Michigan GIS Open Data + Paventra rehearsal assumptions","2026-08-16"
"SA-ROAD-262","SA-262- 9028083801020638016727","Reynolds Rd","","","Spring Arbor Township","42.2111922095307","-84.5017153460152","0.0205","2","Asphalt","Local","65","2026-08-16","Medium","1000","10","Moderate","Crack Seal","1","provisional","Michigan GIS Open Data + Paventra rehearsal assumptions","2026-08-16"
"SA-ROAD-263","SA-263-33805743801674338016742","Arborwood Blvd","","","Spring Arbor Township","42.2115627690318","-84.5466728722416","0.0208","2","Asphalt","Local","65","2026-08-16","Medium","1000","10","Moderate","Crack Seal","1","provisional","Michigan GIS Open Data + Paventra rehearsal assumptions","2026-08-16"
"SA-ROAD-264","SA-264-33805733801674338016744","Gilroy Ct","","","Spring Arbor Township","42.2115627690318","-84.5466728722416","0.0229","2","Asphalt","Local","65","2026-08-16","Medium","1000","10","Moderate","Crack Seal","1","provisional","Michigan GIS Open Data + Paventra rehearsal assumptions","2026-08-16"
"SA-ROAD-265","SA-265- 8995103800978538010226","Mathews Rd","","","Spring Arbor Township","42.2183252447472","-84.5704282626998","0.1372","2","Asphalt","Local","65","2026-08-16","Medium","1000","10","Moderate","Crack Seal","1","provisional","Michigan GIS Open Data + Paventra rehearsal assumptions","2026-08-16"
"SA-ROAD-266","SA-266- 8996013801024438009774","Chapel Rd","","","Spring Arbor Township","42.211409896811","-84.5603862990337","0.1452","2","Asphalt","Local","65","2026-08-16","Medium","1000","10","Moderate","Crack Seal","1","provisional","Michigan GIS Open Data + Paventra rehearsal assumptions","2026-08-16"
"SA-ROAD-267","SA-267- 8997023802543038018329","S Dearing Rd","","","Spring Arbor Township","42.2108952502979","-84.5407969952012","0.1282","2","Asphalt","Local","65","2026-08-16","Medium","1000","10","Moderate","Crack Seal","1","provisional","Michigan GIS Open Data + Paventra rehearsal assumptions","2026-08-16"
"SA-ROAD-268","SA-268- 9045103801027338020321","Richard Rd","","","Spring Arbor Township","42.210688653994","-84.5433434823315","0.007","2","Asphalt","Local","65","2026-08-16","Medium","1000","10","Moderate","Crack Seal","1","provisional","Michigan GIS Open Data + Paventra rehearsal assumptions","2026-08-16"
"SA-ROAD-269","SA-269- 9045103801027738010273","Richard Rd","","","Spring Arbor Township","42.2106765819496","-84.5440780094893","0.0115","2","Asphalt","Local","65","2026-08-16","Medium","1000","10","Moderate","Crack Seal","1","provisional","Michigan GIS Open Data + Paventra rehearsal assumptions","2026-08-16"
"SA-ROAD-270","SA-270- 8997013801027738010120","Henderson Rd","","","Spring Arbor Township","42.2106765819496","-84.5440780094893","0.037","2","Asphalt","Local","65","2026-08-16","Medium","1000","10","Moderate","Crack Seal","1","provisional","Michigan GIS Open Data + Paventra rehearsal assumptions","2026-08-16"
"SA-ROAD-271","SA-271- 8994073801027838010039","Spring Arbor Rd","","","Spring Arbor Township","42.2104998124995","-84.5309325409084","0.1685","2","Asphalt","Local","65","2026-08-16","Medium","1000","10","Moderate","Crack Seal","1","provisional","Michigan GIS Open Data + Paventra rehearsal assumptions","2026-08-16"
"SA-ROAD-272","SA-272- 9045103801674138010277","Richard Rd","","","Spring Arbor Township","42.2106731686843","-84.5467258878246","0.0414","2","Asphalt","Local","65","2026-08-16","Medium","1000","10","Moderate","Crack Seal","1","provisional","Michigan GIS Open Data + Paventra rehearsal assumptions","2026-08-16"
"SA-ROAD-273","SA-273-33805733801674138016743","Gilroy Ct","","","Spring Arbor Township","42.2106731686843","-84.5467258878246","0.0187","2","Asphalt","Local","65","2026-08-16","Medium","1000","10","Moderate","Crack Seal","1","provisional","Michigan GIS Open Data + Paventra rehearsal assumptions","2026-08-16"
"SA-ROAD-274","SA-274- 9045103801028138016741","Richard Rd","","","Spring Arbor Township","42.2106656081974","-84.5472357426924","0.008","2","Asphalt","Local","65","2026-08-16","Medium","1000","10","Moderate","Crack Seal","1","provisional","Michigan GIS Open Data + Paventra rehearsal assumptions","2026-08-16"
"SA-ROAD-275","SA-275- 9045103801028338010281","Richard Rd","","","Spring Arbor Township","42.2106476418043","-84.5485857334538","0.0211","2","Asphalt","Local","65","2026-08-16","Medium","1000","10","Moderate","Crack Seal","1","provisional","Michigan GIS Open Data + Paventra rehearsal assumptions","2026-08-16"
"SA-ROAD-276","SA-276-33810013801030838010280","N Arbor View Dr","","","Spring Arbor Township","42.2106626860293","-84.5522852455838","0.0245","2","Asphalt","Local","65","2026-08-16","Medium","1000","10","Moderate","Crack Seal","1","provisional","Michigan GIS Open Data + Paventra rehearsal assumptions","2026-08-16"
"SA-ROAD-277","SA-277- 9045103801028738010283","Richard Rd","","","Spring Arbor Township","42.2106306554272","-84.5499080425132","0.0207","2","Asphalt","Local","65","2026-08-16","Medium","1000","10","Moderate","Crack Seal","1","provisional","Michigan GIS Open Data + Paventra rehearsal assumptions","2026-08-16"
"SA-ROAD-278","SA-278- 9045093801028738010255","Audrey St","","","Spring Arbor Township","42.2106306554272","-84.5499080425132","0.0096","2","Asphalt","Local","65","2026-08-16","Medium","1000","10","Moderate","Crack Seal","1","provisional","Michigan GIS Open Data + Paventra rehearsal assumptions","2026-08-16"
"SA-ROAD-279","SA-279- 8997023802543138025430","S Dearing Rd","","","Spring Arbor Township","42.210445147686","-84.5407884702066","0.0095","2","Asphalt","Local","65","2026-08-16","Medium","1000","10","Moderate","Crack Seal","1","provisional","Michigan GIS Open Data + Paventra rehearsal assumptions","2026-08-16"
"SA-ROAD-280","SA-280- 8997023802543238025431","S Dearing Rd","","","Spring Arbor Township","42.2100533898653","-84.5407725727815","0.0082","2","Asphalt","Local","65","2026-08-16","Medium","1000","10","Moderate","Crack Seal","1","provisional","Michigan GIS Open Data + Paventra rehearsal assumptions","2026-08-16"
"SA-ROAD-281","SA-281- 8996013801032638010244","Chapel Rd","","","Spring Arbor Township","42.2101040475845","-84.5603439805666","0.0275","2","Asphalt","Local","65","2026-08-16","Medium","1000","10","Moderate","Crack Seal","1","provisional","Michigan GIS Open Data + Paventra rehearsal assumptions","2026-08-16"
"SA-ROAD-282","SA-282-33810013802059438010308","W Arbor View Dr","","","Spring Arbor Township","42.2099677469434","-84.5522607914922","0.0146","2","Asphalt","Local","65","2026-08-16","Medium","1000","10","Moderate","Crack Seal","1","provisional","Michigan GIS Open Data + Paventra rehearsal assumptions","2026-08-16"
"SA-ROAD-283","SA-283-33815373802059438020586","N Arbor View Dr","","","Spring Arbor Township","42.2099677469434","-84.5522607914922","0.0226","2","Asphalt","Local","65","2026-08-16","Medium","1000","10","Moderate","Crack Seal","1","provisional","Michigan GIS Open Data + Paventra rehearsal assumptions","2026-08-16"
"SA-ROAD-284","SA-284- 8997023802543338025432","S Dearing Rd","","","Spring Arbor Township","42.2096958485454","-84.5407590599421","0.0075","2","Asphalt","Local","65","2026-08-16","Medium","1000","10","Moderate","Crack Seal","1","provisional","Michigan GIS Open Data + Paventra rehearsal assumptions","2026-08-16"
"SA-ROAD-285","SA-285- 9036143801032638010319","Parks Dr","","","Spring Arbor Township","42.2101040475845","-84.5603439805666","0.0363","2","Asphalt","Local","65","2026-08-16","Medium","1000","10","Moderate","Crack Seal","1","provisional","Michigan GIS Open Data + Paventra rehearsal assumptions","2026-08-16"
"SA-ROAD-286","SA-286- 9036143801031938010327","Parks Dr","","","Spring Arbor Township","42.209932949287","-84.5626358427364","0.0296","2","Asphalt","Local","65","2026-08-16","Medium","1000","10","Moderate","Crack Seal","1","provisional","Michigan GIS Open Data + Paventra rehearsal assumptions","2026-08-16"
"SA-ROAD-287","SA-287-33814593802032138020320","Wakefield Ct","","","Spring Arbor Township","42.2107045729564","-84.5428935753669","0.0291","2","Asphalt","Local","65","2026-08-16","Medium","1000","10","Moderate","Crack Seal","1","provisional","Michigan GIS Open Data + Paventra rehearsal assumptions","2026-08-16"
"SA-ROAD-288","SA-288- 8997013801039938010277","Henderson Rd","","","Spring Arbor Township","42.2089060824558","-84.5439672035688","0.0373","2","Asphalt","Local","65","2026-08-16","Medium","1000","10","Moderate","Crack Seal","1","provisional","Michigan GIS Open Data + Paventra rehearsal assumptions","2026-08-16"
"SA-ROAD-289","SA-289- 9036033801040238010399","Sharon St","","","Spring Arbor Township","42.2088757995214","-84.545215299496","0.0195","2","Asphalt","Local","65","2026-08-16","Medium","1000","10","Moderate","Crack Seal","1","provisional","Michigan GIS Open Data + Paventra rehearsal assumptions","2026-08-16"
"SA-ROAD-290","SA-290- 9036033801040738010402","Sharon St","","","Spring Arbor Township","42.2088723823569","-84.5460171558519","0.0125","2","Asphalt","Local","65","2026-08-16","Medium","1000","10","Moderate","Crack Seal","1","provisional","Michigan GIS Open Data + Paventra rehearsal assumptions","2026-08-16"
"SA-ROAD-291","SA-291-33810003801037438010300","E Arbor View Dr","","","Spring Arbor Township","42.2089387296576","-84.5515884236681","0.0465","2","Asphalt","Local","65","2026-08-16","Medium","1000","10","Moderate","Crack Seal","1","provisional","Michigan GIS Open Data + Paventra rehearsal assumptions","2026-08-16"
"SA-ROAD-292","SA-292-33810013801037438020594","W Arbor View Dr","","","Spring Arbor Township","42.2089387296576","-84.5515884236681","0.027","2","Asphalt","Local","65","2026-08-16","Medium","1000","10","Moderate","Crack Seal","1","provisional","Michigan GIS Open Data + Paventra rehearsal assumptions","2026-08-16"
"SA-ROAD-293","SA-293- 8996013802027138010326","Chapel Rd","","","Spring Arbor Township","42.2090289900654","-84.5603115419022","0.0226","2","Asphalt","Local","65","2026-08-16","Medium","1000","10","Moderate","Crack Seal","1","provisional","Michigan GIS Open Data + Paventra rehearsal assumptions","2026-08-16"
"SA-ROAD-294","SA-294-33814373802027138020273","Dickens St","","","Spring Arbor Township","42.2090289900654","-84.5603115419022","0.017","2","Asphalt","Local","65","2026-08-16","Medium","1000","10","Moderate","Crack Seal","1","provisional","Michigan GIS Open Data + Paventra rehearsal assumptions","2026-08-16"
"SA-ROAD-295","SA-295- 9036033801040938010407","Sharon St","","","Spring Arbor Township","42.208852650489","-84.5471796317724","0.0182","2","Asphalt","Local","65","2026-08-16","Medium","1000","10","Moderate","Crack Seal","1","provisional","Michigan GIS Open Data + Paventra rehearsal assumptions","2026-08-16"
"SA-ROAD-296","SA-296- 9046143801028138010409","Victor St","","","Spring Arbor Township","42.2106656081974","-84.5472357426924","0.0381","2","Asphalt","Local","65","2026-08-16","Medium","1000","10","Moderate","Crack Seal","1","provisional","Michigan GIS Open Data + Paventra rehearsal assumptions","2026-08-16"
"SA-ROAD-297","SA-297- 9036033801041238010409","Sharon St","","","Spring Arbor Township","42.2088137017322","-84.5484935219775","0.0206","2","Asphalt","Local","65","2026-08-16","Medium","1000","10","Moderate","Crack Seal","1","provisional","Michigan GIS Open Data + Paventra rehearsal assumptions","2026-08-16"
"SA-ROAD-298","SA-298- 9046113801028338010412","2nd St","","","Spring Arbor Township","42.2106476418043","-84.5485857334538","0.0386","2","Asphalt","Local","65","2026-08-16","Medium","1000","10","Moderate","Crack Seal","1","provisional","Michigan GIS Open Data + Paventra rehearsal assumptions","2026-08-16"
"SA-ROAD-299","SA-299- 9036033801041938010412","2nd St","","","Spring Arbor Township","42.2087797296357","-84.5499107779764","0.0222","2","Asphalt","Local","65","2026-08-16","Medium","1000","10","Moderate","Crack Seal","1","provisional","Michigan GIS Open Data + Paventra rehearsal assumptions","2026-08-16"
"SA-ROAD-300","SA-300- 9045093801041938010287","Audrey St","","","Spring Arbor Township","42.2087797296357","-84.5499107779764","0.0389","2","Asphalt","Local","65","2026-08-16","Medium","1000","10","Moderate","Crack Seal","1","provisional","Michigan GIS Open Data + Paventra rehearsal assumptions","2026-08-16"
"SA-ROAD-301","SA-301- 9036033801042438010419","2nd St","","","Spring Arbor Township","42.2086927208366","-84.5515856536331","0.0262","2","Asphalt","Local","65","2026-08-16","Medium","1000","10","Moderate","Crack Seal","1","provisional","Michigan GIS Open Data + Paventra rehearsal assumptions","2026-08-16"
"SA-ROAD-302","SA-302-33810003801042438010374","Arbor View Dr","","","Spring Arbor Township","42.2086927208366","-84.5515856536331","0.0052","2","Asphalt","Local","65","2026-08-16","Medium","1000","10","Moderate","Crack Seal","1","provisional","Michigan GIS Open Data + Paventra rehearsal assumptions","2026-08-16"
"SA-ROAD-303","SA-303- 9036033801043238010424","2nd St","","","Spring Arbor Township","42.2086332793728","-84.5534493450279","0.0292","2","Asphalt","Local","65","2026-08-16","Medium","1000","10","Moderate","Crack Seal","1","provisional","Michigan GIS Open Data + Paventra rehearsal assumptions","2026-08-16"
"SA-ROAD-304","SA-304- 9036033801044438010432","2nd St","","","Spring Arbor Township","42.2085749584144","-84.5548975015147","0.0227","2","Asphalt","Local","65","2026-08-16","Medium","1000","10","Moderate","Crack Seal","1","provisional","Michigan GIS Open Data + Paventra rehearsal assumptions","2026-08-16"
"SA-ROAD-305","SA-305-54986213801044438010380","College St","","","Spring Arbor Township","42.2085749584144","-84.5548975015147","0.0159","2","Asphalt","Local","65","2026-08-16","Medium","1000","10","Moderate","Crack Seal","1","provisional","Michigan GIS Open Data + Paventra rehearsal assumptions","2026-08-16"
"SA-ROAD-306","SA-306- 9036033801044738010444","2nd St","","","Spring Arbor Township","42.2085290552743","-84.5564859927235","0.0249","2","Asphalt","Local","65","2026-08-16","Medium","1000","10","Moderate","Crack Seal","1","provisional","Michigan GIS Open Data + Paventra rehearsal assumptions","2026-08-16"
"SA-ROAD-307","SA-307- 9036033801045038010447","2nd St","","","Spring Arbor Township","42.2085194401044","-84.5576961817612","0.0189","2","Asphalt","Local","65","2026-08-16","Medium","1000","10","Moderate","Crack Seal","1","provisional","Michigan GIS Open Data + Paventra rehearsal assumptions","2026-08-16"
"SA-ROAD-308","SA-308- 9036033801045338010450","2nd St","","","Spring Arbor Township","42.2085029563629","-84.560295669895","0.0406","2","Asphalt","Local","65","2026-08-16","Medium","1000","10","Moderate","Crack Seal","1","provisional","Michigan GIS Open Data + Paventra rehearsal assumptions","2026-08-16"
"SA-ROAD-309","SA-309- 8996013801045338020271","Chapel Rd","","","Spring Arbor Township","42.2085029563629","-84.560295669895","0.0111","2","Asphalt","Local","65","2026-08-16","Medium","1000","10","Moderate","Crack Seal","1","provisional","Michigan GIS Open Data + Paventra rehearsal assumptions","2026-08-16"
"SA-ROAD-310","SA-310- 8994073801045438010278","Spring Arbor Rd","","","Spring Arbor Township","42.2082392870872","-84.540752271945","0.1607","2","Asphalt","Local","65","2026-08-16","Medium","1000","10","Moderate","Crack Seal","1","provisional","Michigan GIS Open Data + Paventra rehearsal assumptions","2026-08-16"
"SA-ROAD-311","SA-311- 8997023801045438025433","S Dearing Rd","","","Spring Arbor Township","42.2082392870872","-84.540752271945","0.0306","2","Asphalt","Local","65","2026-08-16","Medium","1000","10","Moderate","Crack Seal","1","provisional","Michigan GIS Open Data + Paventra rehearsal assumptions","2026-08-16"
"SA-ROAD-312","SA-312-33814373802027338020274","Dickens St","","","Spring Arbor Township","42.2090695549718","-84.5613980713664","0.0968","2","Asphalt","Local","65","2026-08-16","Medium","1000","10","Moderate","Crack Seal","1","provisional","Michigan GIS Open Data + Paventra rehearsal assumptions","2026-08-16"
"SA-ROAD-313","SA-313- 8996103801048538010402","E Gordon Dr","","","Spring Arbor Township","42.2076152517934","-84.5456228530991","0.0293","2","Asphalt","Local","65","2026-08-16","Medium","1000","10","Moderate","Crack Seal","1","provisional","Michigan GIS Open Data + Paventra rehearsal assumptions","2026-08-16"
"SA-ROAD-314","SA-314- 9046023801048538010407","W Gordon Dr","","","Spring Arbor Township","42.2076152517934","-84.5456228530991","0.0286","2","Asphalt","Local","65","2026-08-16","Medium","1000","10","Moderate","Crack Seal","1","provisional","Michigan GIS Open Data + Paventra rehearsal assumptions","2026-08-16"
"SA-ROAD-315","SA-315- 8994073801048938010454","E Main St","","","Spring Arbor Township","42.2075396725171","-84.5438504102899","0.0506","2","Asphalt","Local","65","2026-08-16","Medium","1000","10","Moderate","Crack Seal","1","provisional","Michigan GIS Open Data + Paventra rehearsal assumptions","2026-08-16"
"SA-ROAD-316","SA-316- 8997013801048938010399","Henderson Rd","","","Spring Arbor Township","42.2075396725171","-84.5438504102899","0.0288","2","Asphalt","Local","65","2026-08-16","Medium","1000","10","Moderate","Crack Seal","1","provisional","Michigan GIS Open Data + Paventra rehearsal assumptions","2026-08-16"
"SA-ROAD-317","SA-317-33814383802027438020273","Dickens St","","","Spring Arbor Township","42.2085784921616","-84.5669777489529","0.1169","2","Asphalt","Local","65","2026-08-16","Medium","1000","10","Moderate","Crack Seal","1","provisional","Michigan GIS Open Data + Paventra rehearsal assumptions","2026-08-16"
"SA-ROAD-318","SA-318- 8994073801051238010489","E Main St","","","Spring Arbor Township","42.2071546817355","-84.545418688135","0.0258","2","Asphalt","Local","65","2026-08-16","Medium","1000","10","Moderate","Crack Seal","1","provisional","Michigan GIS Open Data + Paventra rehearsal assumptions","2026-08-16"
"SA-ROAD-319","SA-319- 8996103801051238010485","E Gordon Dr","","","Spring Arbor Township","42.2071546817355","-84.545418688135","0.0102","2","Asphalt","Local","65","2026-08-16","Medium","1000","10","Moderate","Crack Seal","1","provisional","Michigan GIS Open Data + Paventra rehearsal assumptions","2026-08-16"
"SA-ROAD-320","SA-320-33801223801052238010450","W Arbor Heights St","","","Spring Arbor Township","42.2072179315893","-84.5576840574918","0.0274","2","Asphalt","Local","65","2026-08-16","Medium","1000","10","Moderate","Crack Seal","1","provisional","Michigan GIS Open Data + Paventra rehearsal assumptions","2026-08-16"
"SA-ROAD-321","SA-321-54986223801044483027079","College St","","","Spring Arbor Township","42.2085749584144","-84.5548975015147","0.0357","2","Asphalt","Local","65","2026-08-16","Medium","1000","10","Moderate","Crack Seal","1","provisional","Michigan GIS Open Data + Paventra rehearsal assumptions","2026-08-16"
"SA-ROAD-322","SA-322- 8994073801054638010512","E Main St","","","Spring Arbor Township","42.2067368254685","-84.5472413942393","0.0298","2","Asphalt","Local","65","2026-08-16","Medium","1000","10","Moderate","Crack Seal","1","provisional","Michigan GIS Open Data + Paventra rehearsal assumptions","2026-08-16"
"SA-ROAD-323","SA-323- 8994073801061538010546","E Main St","","","Spring Arbor Township","42.2057528521906","-84.5515818283232","0.0709","2","Asphalt","Local","65","2026-08-16","Medium","1000","10","Moderate","Crack Seal","1","provisional","Michigan GIS Open Data + Paventra rehearsal assumptions","2026-08-16"
"SA-ROAD-324","SA-324-33801223801674538010522","W Arbor Heights St","","","Spring Arbor Township","42.2054605820214","-84.5575921601281","0.0371","2","Asphalt","Local","65","2026-08-16","Medium","1000","10","Moderate","Crack Seal","1","provisional","Michigan GIS Open Data + Paventra rehearsal assumptions","2026-08-16"
"SA-ROAD-325","SA-325- 8996043801063938010447","Ogle Ave","","","Spring Arbor Township","42.2054238211172","-84.556408510307","0.0653","2","Asphalt","Local","65","2026-08-16","Medium","1000","10","Moderate","Crack Seal","1","provisional","Michigan GIS Open Data + Paventra rehearsal assumptions","2026-08-16"
"SA-ROAD-326","SA-326-33801223801063938016745","S Arbor Heights St","","","Spring Arbor Township","42.2054238211172","-84.556408510307","0.0189","2","Asphalt","Local","65","2026-08-16","Medium","1000","10","Moderate","Crack Seal","1","provisional","Michigan GIS Open Data + Paventra rehearsal assumptions","2026-08-16"
"SA-ROAD-327","SA-327- 8994073801064138010615","E Main St","","","Spring Arbor Township","42.2053469223744","-84.5533257182261","0.0286","2","Asphalt","Local","65","2026-08-16","Medium","1000","10","Moderate","Crack Seal","1","provisional","Michigan GIS Open Data + Paventra rehearsal assumptions","2026-08-16"
"SA-ROAD-328","SA-328- 8996073801064138010432","Cottage St","","","Spring Arbor Township","42.2053469223744","-84.5533257182261","0.0691","2","Asphalt","Local","65","2026-08-16","Medium","1000","10","Moderate","Crack Seal","1","provisional","Michigan GIS Open Data + Paventra rehearsal assumptions","2026-08-16"
"SA-ROAD-329","SA-329- 8994073801065038010641","E Main St","","","Spring Arbor Township","42.2051976659356","-84.5539777977906","0.0107","2","Asphalt","Local","65","2026-08-16","Medium","1000","10","Moderate","Crack Seal","1","provisional","Michigan GIS Open Data + Paventra rehearsal assumptions","2026-08-16"
"SA-ROAD-330","SA-330- 8994073801066238010650","E Main St","","","Spring Arbor Township","42.2049925576169","-84.5548211236839","0.0139","2","Asphalt","Local","65","2026-08-16","Medium","1000","10","Moderate","Crack Seal","1","provisional","Michigan GIS Open Data + Paventra rehearsal assumptions","2026-08-16"
"SA-ROAD-331","SA-331- 8996053801066283027080","College St","","","Spring Arbor Township","42.2049925576169","-84.5548211236839","0.0102","2","Asphalt","Local","65","2026-08-16","Medium","1000","10","Moderate","Crack Seal","1","provisional","Michigan GIS Open Data + Paventra rehearsal assumptions","2026-08-16"
"SA-ROAD-332","SA-332- 8994073801068138010662","E Main St","","","Spring Arbor Township","42.2046623837379","-84.5563317457802","0.0246","2","Asphalt","Local","65","2026-08-16","Medium","1000","10","Moderate","Crack Seal","1","provisional","Michigan GIS Open Data + Paventra rehearsal assumptions","2026-08-16"
"SA-ROAD-333","SA-333- 8996043801068138010639","Ogle Ave","","","Spring Arbor Township","42.2046623837379","-84.5563317457802","0.0161","2","Asphalt","Local","65","2026-08-16","Medium","1000","10","Moderate","Crack Seal","1","provisional","Michigan GIS Open Data + Paventra rehearsal assumptions","2026-08-16"
"SA-ROAD-334","SA-334- 9028083801080838010206","Reynolds Rd","","","Spring Arbor Township","42.2038825994623","-84.5015282685819","0.1537","2","Asphalt","Local","65","2026-08-16","Medium","1000","10","Moderate","Crack Seal","1","provisional","Michigan GIS Open Data + Paventra rehearsal assumptions","2026-08-16"
"SA-ROAD-335","SA-335- 8994073801071238010681","E Main St","","","Spring Arbor Township","42.2041987927108","-84.5582686018898","0.0318","2","Asphalt","Local","65","2026-08-16","Medium","1000","10","Moderate","Crack Seal","1","provisional","Michigan GIS Open Data + Paventra rehearsal assumptions","2026-08-16"
"SA-ROAD-336","SA-336- 8996033801071238010522","Howe St","","","Spring Arbor Township","42.2041987927108","-84.5582686018898","0.0741","2","Asphalt","Local","65","2026-08-16","Medium","1000","10","Moderate","Crack Seal","1","provisional","Michigan GIS Open Data + Paventra rehearsal assumptions","2026-08-16"
"SA-ROAD-337","SA-337- 8994073801071838010712","E Main St","","","Spring Arbor Township","42.2040960465936","-84.5586689440189","0.0066","2","Asphalt","Local","65","2026-08-16","Medium","1000","10","Moderate","Crack Seal","1","provisional","Michigan GIS Open Data + Paventra rehearsal assumptions","2026-08-16"
"SA-ROAD-338","SA-338- 8996063801072538010650","Teft Rd","","","Spring Arbor Township","42.2039589608806","-84.5537687448146","0.0265","2","Asphalt","Local","65","2026-08-16","Medium","1000","10","Moderate","Crack Seal","1","provisional","Michigan GIS Open Data + Paventra rehearsal assumptions","2026-08-16"
"SA-ROAD-339","SA-339-54986383801073638010762","Harmony Rd","","","Spring Arbor Township","42.2036905552544","-84.5471517180177","0.0293","2","Asphalt","Local","65","2026-08-16","Medium","1000","10","Moderate","Crack Seal","1","provisional","Michigan GIS Open Data + Paventra rehearsal assumptions","2026-08-16"
"SA-ROAD-340","SA-340- 8996093801073638010546","Melody Ln","","","Spring Arbor Township","42.2036905552544","-84.5471517180177","0.0641","2","Asphalt","Local","65","2026-08-16","Medium","1000","10","Moderate","Crack Seal","1","provisional","Michigan GIS Open Data + Paventra rehearsal assumptions","2026-08-16"
"SA-ROAD-341","SA-341-33805723801072538010737","Baker St","","","Spring Arbor Township","42.2039589608806","-84.5537687448146","0.0213","2","Asphalt","Local","65","2026-08-16","Medium","1000","10","Moderate","Crack Seal","1","provisional","Michigan GIS Open Data + Paventra rehearsal assumptions","2026-08-16"
"SA-ROAD-342","SA-342- 8994073801073938010718","E Main St","","","Spring Arbor Township","42.2037677402645","-84.5600866173636","0.0232","2","Asphalt","Local","65","2026-08-16","Medium","1000","10","Moderate","Crack Seal","1","provisional","Michigan GIS Open Data + Paventra rehearsal assumptions","2026-08-16"
"SA-ROAD-343","SA-343- 8996013801073938010453","Chapel Rd","","","Spring Arbor Township","42.2037677402645","-84.5600866173636","0.0997","2","Asphalt","Local","65","2026-08-16","Medium","1000","10","Moderate","Crack Seal","1","provisional","Michigan GIS Open Data + Paventra rehearsal assumptions","2026-08-16"
"SA-ROAD-344","SA-344-54986383801074138010736","Harmony Rd","","","Spring Arbor Township","42.2036239302328","-84.550751723238","0.0563","2","Asphalt","Local","65","2026-08-16","Medium","1000","10","Moderate","Crack Seal","1","provisional","Michigan GIS Open Data + Paventra rehearsal assumptions","2026-08-16"
"SA-ROAD-345","SA-345- 8996083801074138010615","Star Rd","","","Spring Arbor Township","42.2036239302328","-84.550751723238","0.0466","2","Asphalt","Local","65","2026-08-16","Medium","1000","10","Moderate","Crack Seal","1","provisional","Michigan GIS Open Data + Paventra rehearsal assumptions","2026-08-16"
"SA-ROAD-346","SA-346-54986433801074183027092","Harmony Rd","","","Spring Arbor Township","42.2036239302328","-84.550751723238","0.0059","2","Asphalt","Local","65","2026-08-16","Medium","1000","10","Moderate","Crack Seal","1","provisional","Michigan GIS Open Data + Paventra rehearsal assumptions","2026-08-16"
"SA-ROAD-347","SA-347- 9046073801674083027093","Harmony Rd","","","Spring Arbor Township","42.2035871171658","-84.5524061900855","0.0032","2","Asphalt","Local","65","2026-08-16","Medium","1000","10","Moderate","Crack Seal","1","provisional","Michigan GIS Open Data + Paventra rehearsal assumptions","2026-08-16"
"SA-ROAD-348","SA-348- 8997033801076938010278","Emerson Rd","","","Spring Arbor Township","42.202953244011","-84.5307828728096","0.1587","2","Asphalt","Local","65","2026-08-16","Medium","1000","10","Moderate","Crack Seal","1","provisional","Michigan GIS Open Data + Paventra rehearsal assumptions","2026-08-16"
"SA-ROAD-349","SA-349- 8996083801079738010741","Star Rd","","","Spring Arbor Township","42.202755237771","-84.5508475728275","0.0192","2","Asphalt","Local","65","2026-08-16","Medium","1000","10","Moderate","Crack Seal","1","provisional","Michigan GIS Open Data + Paventra rehearsal assumptions","2026-08-16"
"SA-ROAD-350","SA-350- 9037033801080138010797","Marietta St","","","Spring Arbor Township","42.2027386890003","-84.5523778673042","0.0239","2","Asphalt","Local","65","2026-08-16","Medium","1000","10","Moderate","Crack Seal","1","provisional","Michigan GIS Open Data + Paventra rehearsal assumptions","2026-08-16"
"SA-ROAD-351","SA-351- 9046063801080138016740","Moon Rd","","","Spring Arbor Township","42.2027386890003","-84.5523778673042","0.018","2","Asphalt","Local","65","2026-08-16","Medium","1000","10","Moderate","Crack Seal","1","provisional","Michigan GIS Open Data + Paventra rehearsal assumptions","2026-08-16"
"SA-ROAD-352","SA-352- 9037033801080538010801","Marietta St","","","Spring Arbor Township","42.2027390196599","-84.5537237922959","0.021","2","Asphalt","Local","65","2026-08-16","Medium","1000","10","Moderate","Crack Seal","1","provisional","Michigan GIS Open Data + Paventra rehearsal assumptions","2026-08-16"
"SA-ROAD-353","SA-353- 8996063801080538010725","Teft Rd","","","Spring Arbor Township","42.2027390196599","-84.5537237922959","0.0257","2","Asphalt","Local","65","2026-08-16","Medium","1000","10","Moderate","Crack Seal","1","provisional","Michigan GIS Open Data + Paventra rehearsal assumptions","2026-08-16"
"SA-ROAD-354","SA-354- 9037023801088738010873","Boadway St","","","Spring Arbor Township","42.2015352286417","-84.5536975044911","0.045","2","Asphalt","Local","65","2026-08-16","Medium","1000","10","Moderate","Crack Seal","1","provisional","Michigan GIS Open Data + Paventra rehearsal assumptions","2026-08-16"
"SA-ROAD-355","SA-355- 8996063801088738010805","Teft Rd","","","Spring Arbor Township","42.2015352286417","-84.5536975044911","0.0253","2","Asphalt","Local","65","2026-08-16","Medium","1000","10","Moderate","Crack Seal","1","provisional","Michigan GIS Open Data + Paventra rehearsal assumptions","2026-08-16"
"SA-ROAD-356","SA-356-54986383801076238010885","Wickenham Dr","","","Spring Arbor Township","42.2037155223668","-84.5452828169685","0.0554","2","Asphalt","Local","65","2026-08-16","Medium","1000","10","Moderate","Crack Seal","1","provisional","Michigan GIS Open Data + Paventra rehearsal assumptions","2026-08-16"
"SA-ROAD-357","SA-357- 9046083801088538010894","Blenheim Dr","","","Spring Arbor Township","42.2013932512336","-84.5445583849849","0.0512","2","Asphalt","Local","65","2026-08-16","Medium","1000","10","Moderate","Crack Seal","1","provisional","Michigan GIS Open Data + Paventra rehearsal assumptions","2026-08-16"
"SA-ROAD-358","SA-358- 8997033801092638010769","Emerson Rd","","","Spring Arbor Township","42.2008549815041","-84.5307341991492","0.0441","2","Asphalt","Local","65","2026-08-16","Medium","1000","10","Moderate","Crack Seal","1","provisional","Michigan GIS Open Data + Paventra rehearsal assumptions","2026-08-16"
"SA-ROAD-359","SA-359- 8996063801093738010887","Teft Rd","","","Spring Arbor Township","42.2009834105222","-84.5536613428068","0.0116","2","Asphalt","Local","65","2026-08-16","Medium","1000","10","Moderate","Crack Seal","1","provisional","Michigan GIS Open Data + Paventra rehearsal assumptions","2026-08-16"
"SA-ROAD-360","SA-360- 8994073801092338010739","E Main St","","","Spring Arbor Township","42.2011487902372","-84.5698719054427","0.1628","2","Asphalt","Local","65","2026-08-16","Medium","1000","10","Moderate","Crack Seal","1","provisional","Michigan GIS Open Data + Paventra rehearsal assumptions","2026-08-16"
"SA-ROAD-361","SA-361- 8995103801022638010923","Mathews Rd","","","Spring Arbor Township","42.2118017960134","-84.5702160940542","0.2241","2","Asphalt","Local","65","2026-08-16","Medium","1000","10","Moderate","Crack Seal","1","provisional","Michigan GIS Open Data + Paventra rehearsal assumptions","2026-08-16"
"SA-ROAD-362","SA-362- 8996123801071838010995","Burr Oak St","","","Spring Arbor Township","42.2040960465936","-84.5586689440189","0.075","2","Asphalt","Local","65","2026-08-16","Medium","1000","10","Moderate","Crack Seal","1","provisional","Michigan GIS Open Data + Paventra rehearsal assumptions","2026-08-16"
"SA-ROAD-363","SA-363- 9028083801101938010808","Reynolds Rd","","","Spring Arbor Township","42.1995832224194","-84.5014316286132","0.0904","2","Asphalt","Local","65","2026-08-16","Medium","1000","10","Moderate","Crack Seal","1","provisional","Michigan GIS Open Data + Paventra rehearsal assumptions","2026-08-16"
"SA-ROAD-364","SA-364- 9029043801102338010039","Moscow Rd","","","Spring Arbor Township","42.1997913942109","-84.5209103625651","0.2995","2","Asphalt","Local","65","2026-08-16","Medium","1000","10","Moderate","Crack Seal","1","provisional","Michigan GIS Open Data + Paventra rehearsal assumptions","2026-08-16"
"SA-ROAD-365","SA-365- 9037013801092638011023","Carter Rd","","","Spring Arbor Township","42.2008549815041","-84.5307341991492","0.1555","2","Asphalt","Local","65","2026-08-16","Medium","1000","10","Moderate","Crack Seal","1","provisional","Michigan GIS Open Data + Paventra rehearsal assumptions","2026-08-16"
"SA-ROAD-366","SA-366- 8994073801112938010923","Spring Arbor Rd","","","Spring Arbor Township","42.1997432699403","-84.5748169074765","0.0828","2","Asphalt","Local","65","2026-08-16","Medium","1000","10","Moderate","Crack Seal","1","provisional","Michigan GIS Open Data + Paventra rehearsal assumptions","2026-08-16"
"SA-ROAD-367","SA-367- 8996123801833338011153","Burr Oak St","","","Spring Arbor Township","42.1988598332985","-84.5589208617923","0.0031","2","Asphalt","Local","65","2026-08-16","Medium","1000","10","Moderate","Crack Seal","1","provisional","Michigan GIS Open Data + Paventra rehearsal assumptions","2026-08-16"
"SA-ROAD-368","SA-368- 8996123801099538018333","Burr Oak St","","","Spring Arbor Township","42.2005720667597","-84.5584568482332","0.0433","2","Asphalt","Local","65","2026-08-16","Medium","1000","10","Moderate","Crack Seal","1","provisional","Michigan GIS Open Data + Paventra rehearsal assumptions","2026-08-16"
"SA-ROAD-369","SA-369- 8994073801931138011129","Spring Arbor Rd","","","Spring Arbor Township","42.1990649265512","-84.5777057449234","0.0474","2","Asphalt","Local","65","2026-08-16","Medium","1000","10","Moderate","Crack Seal","1","provisional","Michigan GIS Open Data + Paventra rehearsal assumptions","2026-08-16"
"SA-ROAD-370","SA-370- 8994073801120038019311","Spring Arbor Rd","","","Spring Arbor Township","42.1986450149831","-84.5795146547094","0.0296","2","Asphalt","Local","65","2026-08-16","Medium","1000","10","Moderate","Crack Seal","1","provisional","Michigan GIS Open Data + Paventra rehearsal assumptions","2026-08-16"
"SA-ROAD-371","SA-371- 8996063801119338010937","Teft Rd","","","Spring Arbor Township","42.19821332617","-84.5535562546878","0.0583","2","Asphalt","Local","65","2026-08-16","Medium","1000","10","Moderate","Crack Seal","1","provisional","Michigan GIS Open Data + Paventra rehearsal assumptions","2026-08-16"
"SA-ROAD-372","SA-372- 8994073801120638011200","Spring Arbor Rd","","","Spring Arbor Township","42.1985334019176","-84.5800288029942","0.0084","2","Asphalt","Local","65","2026-08-16","Medium","1000","10","Moderate","Crack Seal","1","provisional","Michigan GIS Open Data + Paventra rehearsal assumptions","2026-08-16"
"SA-ROAD-373","SA-373- 9028083801121438011019","Reynolds Rd","","","Spring Arbor Township","42.1973786650997","-84.5013260673159","0.0464","2","Asphalt","Local","65","2026-08-16","Medium","1000","10","Moderate","Crack Seal","1","provisional","Michigan GIS Open Data + Paventra rehearsal assumptions","2026-08-16"
"SA-ROAD-374","SA-374-33800113801121438011199","Rimers Dr","","","Spring Arbor Township","42.1973786650997","-84.5013260673159","0.0553","2","Asphalt","Local","65","2026-08-16","Medium","1000","10","Moderate","Crack Seal","1","provisional","Michigan GIS Open Data + Paventra rehearsal assumptions","2026-08-16"
"SA-ROAD-375","SA-375-33800113801119938011226","Rimers Dr","","","Spring Arbor Township","42.197675118142","-84.5048230391041","0.0093","2","Asphalt","Local","65","2026-08-16","Medium","1000","10","Moderate","Crack Seal","1","provisional","Michigan GIS Open Data + Paventra rehearsal assumptions","2026-08-16"
"SA-ROAD-376","SA-376-33805773801122638011199","Rimers Dr","","","Spring Arbor Township","42.1973205974358","-84.5051127907259","0.0208","2","Asphalt","Local","65","2026-08-16","Medium","1000","10","Moderate","Crack Seal","1","provisional","Michigan GIS Open Data + Paventra rehearsal assumptions","2026-08-16"
"SA-ROAD-377","SA-377- 8995103801092338019396","Mathews Rd","","","Spring Arbor Township","42.2011487902372","-84.5698719054427","0.0628","2","Asphalt","Local","65","2026-08-16","Medium","1000","10","Moderate","Crack Seal","1","provisional","Michigan GIS Open Data + Paventra rehearsal assumptions","2026-08-16"
"SA-ROAD-378","SA-378-33800113801122638018336","Rimers Dr","","","Spring Arbor Township","42.1973205974358","-84.5051127907259","0.0292","2","Asphalt","Local","65","2026-08-16","Medium","1000","10","Moderate","Crack Seal","1","provisional","Michigan GIS Open Data + Paventra rehearsal assumptions","2026-08-16"
"SA-ROAD-379","SA-379- 9029043801140138011023","Moscow Rd","","","Spring Arbor Township","42.196033804104","-84.5207596587813","0.0791","2","Asphalt","Local","65","2026-08-16","Medium","1000","10","Moderate","Crack Seal","1","provisional","Michigan GIS Open Data + Paventra rehearsal assumptions","2026-08-16"
"SA-ROAD-380","SA-380- 9029043801143438011401","Moscow Rd","","","Spring Arbor Township","42.1957159737501","-84.5207501790713","0.0067","2","Asphalt","Local","65","2026-08-16","Medium","1000","10","Moderate","Crack Seal","1","provisional","Michigan GIS Open Data + Paventra rehearsal assumptions","2026-08-16"
"SA-ROAD-381","SA-381- 9037013801146138010926","Carter Rd","","","Spring Arbor Township","42.1958232189613","-84.5482417621662","0.2945","2","Asphalt","Local","65","2026-08-16","Medium","1000","10","Moderate","Crack Seal","1","provisional","Michigan GIS Open Data + Paventra rehearsal assumptions","2026-08-16"
"SA-ROAD-382","SA-382-33800113801833638011356","Rimers Dr","","","Spring Arbor Township","42.1959320913046","-84.5050613524308","0.0156","2","Asphalt","Local","65","2026-08-16","Medium","1000","10","Moderate","Crack Seal","1","provisional","Michigan GIS Open Data + Paventra rehearsal assumptions","2026-08-16"
"SA-ROAD-383","SA-383- 9037013801148638011461","Carter Rd","","","Spring Arbor Township","42.1955369999578","-84.5494736890961","0.0202","2","Asphalt","Local","65","2026-08-16","Medium","1000","10","Moderate","Crack Seal","1","provisional","Michigan GIS Open Data + Paventra rehearsal assumptions","2026-08-16"
"SA-ROAD-384","SA-384- 9037013801929638011486","Carter Rd","","","Spring Arbor Township","42.1953794252861","-84.5501576655246","0.0112","2","Asphalt","Local","65","2026-08-16","Medium","1000","10","Moderate","Crack Seal","1","provisional","Michigan GIS Open Data + Paventra rehearsal assumptions","2026-08-16"
"SA-ROAD-385","SA-385- 9037013801151938019296","Carter Rd","","","Spring Arbor Township","42.1952060364264","-84.5509102669126","0.0123","2","Asphalt","Local","65","2026-08-16","Medium","1000","10","Moderate","Crack Seal","1","provisional","Michigan GIS Open Data + Paventra rehearsal assumptions","2026-08-16"
"SA-ROAD-386","SA-386- 9029043801154738011434","Moscow Rd","","","Spring Arbor Township","42.194514697387","-84.520714348069","0.0253","2","Asphalt","Local","65","2026-08-16","Medium","1000","10","Moderate","Crack Seal","1","provisional","Michigan GIS Open Data + Paventra rehearsal assumptions","2026-08-16"
"SA-ROAD-387","SA-387- 8994073801157938011206","Spring Arbor Rd","","","Spring Arbor Township","42.1952389593864","-84.5971219466216","0.2765","2","Asphalt","Local","65","2026-08-16","Medium","1000","10","Moderate","Crack Seal","1","provisional","Michigan GIS Open Data + Paventra rehearsal assumptions","2026-08-16"
"SA-ROAD-388","SA-388- 9037013801158238011519","Carter Rd","","","Spring Arbor Township","42.1946243189731","-84.5534522085296","0.0416","2","Asphalt","Local","65","2026-08-16","Medium","1000","10","Moderate","Crack Seal","1","provisional","Michigan GIS Open Data + Paventra rehearsal assumptions","2026-08-16"
"SA-ROAD-389","SA-389- 8996063801158238011193","Teft Rd","","","Spring Arbor Township","42.1946243189731","-84.5534522085296","0.0755","2","Asphalt","Local","65","2026-08-16","Medium","1000","10","Moderate","Crack Seal","1","provisional","Michigan GIS Open Data + Paventra rehearsal assumptions","2026-08-16"
"SA-ROAD-390","SA-390- 9029043801169938011547","Moscow Rd","","","Spring Arbor Township","42.1930138962955","-84.5206683965663","0.0316","2","Asphalt","Local","65","2026-08-16","Medium","1000","10","Moderate","Crack Seal","1","provisional","Michigan GIS Open Data + Paventra rehearsal assumptions","2026-08-16"
"SA-ROAD-391","SA-391- 8995103801939638011808","Mathews Rd","","","Spring Arbor Township","42.1981638227442","-84.5698033182251","0.1544","2","Asphalt","Local","65","2026-08-16","Medium","1000","10","Moderate","Crack Seal","1","provisional","Michigan GIS Open Data + Paventra rehearsal assumptions","2026-08-16"
"SA-ROAD-392","SA-392- 9038083801182738011826","Vrooman Rd","","","Spring Arbor Township","42.1892975347742","-84.4902794156998","0.1387","2","Asphalt","Local","65","2026-08-16","Medium","1000","10","Moderate","Crack Seal","1","provisional","Michigan GIS Open Data + Paventra rehearsal assumptions","2026-08-16"
"SA-ROAD-393","SA-393- 9038083801182938011827","Vrooman Rd","","","Spring Arbor Township","42.1893485938933","-84.5010075804378","0.1678","2","Asphalt","Local","65","2026-08-16","Medium","1000","10","Moderate","Crack Seal","1","provisional","Michigan GIS Open Data + Paventra rehearsal assumptions","2026-08-16"
"SA-ROAD-394","SA-394- 9028083801182938011214","Reynolds Rd","","","Spring Arbor Township","42.1893485938933","-84.5010075804378","0.1689","2","Asphalt","Local","65","2026-08-16","Medium","1000","10","Moderate","Crack Seal","1","provisional","Michigan GIS Open Data + Paventra rehearsal assumptions","2026-08-16"
"SA-ROAD-395","SA-395- 9038083801674638011829","Vrooman Rd","","","Spring Arbor Township","42.1893539880074","-84.503140053982","0.0333","2","Asphalt","Local","65","2026-08-16","Medium","1000","10","Moderate","Crack Seal","1","provisional","Michigan GIS Open Data + Paventra rehearsal assumptions","2026-08-16"
"SA-ROAD-396","SA-396-33805763801674638016747","S Rimers Dr","","","Spring Arbor Township","42.1893539880074","-84.503140053982","0.0318","2","Asphalt","Local","65","2026-08-16","Medium","1000","10","Moderate","Crack Seal","1","provisional","Michigan GIS Open Data + Paventra rehearsal assumptions","2026-08-16"
"SA-ROAD-397","SA-397- 9038083801183838016746","Vrooman Rd","","","Spring Arbor Township","42.1893190790479","-84.5123378905902","0.1438","2","Asphalt","Local","65","2026-08-16","Medium","1000","10","Moderate","Crack Seal","1","provisional","Michigan GIS Open Data + Paventra rehearsal assumptions","2026-08-16"
"SA-ROAD-398","SA-398-33805753801183838011665","Pineland Trl","","","Spring Arbor Township","42.1893190790479","-84.5123378905902","0.1104","2","Asphalt","Local","65","2026-08-16","Medium","1000","10","Moderate","Crack Seal","1","provisional","Michigan GIS Open Data + Paventra rehearsal assumptions","2026-08-16"
"SA-ROAD-399","SA-399- 9038083801184338011838","Vrooman Rd","","","Spring Arbor Township","42.189307099743","-84.5205566672636","0.1285","2","Asphalt","Local","65","2026-08-16","Medium","1000","10","Moderate","Crack Seal","1","provisional","Michigan GIS Open Data + Paventra rehearsal assumptions","2026-08-16"
"SA-ROAD-400","SA-400- 9029043801184338011699","Moscow Rd","","","Spring Arbor Township","42.189307099743","-84.5205566672636","0.078","2","Asphalt","Local","65","2026-08-16","Medium","1000","10","Moderate","Crack Seal","1","provisional","Michigan GIS Open Data + Paventra rehearsal assumptions","2026-08-16"
"SA-ROAD-401","SA-401- 9076103801185138011808","Hammond Rd","","","Spring Arbor Township","42.189844912841","-84.5738631447508","0.0701","2","Asphalt","Local","65","2026-08-16","Medium","1000","10","Moderate","Crack Seal","1","provisional","Michigan GIS Open Data + Paventra rehearsal assumptions","2026-08-16"
"SA-ROAD-402","SA-402- 8996063801673938011582","Teft Rd","","","Spring Arbor Township","42.1893810211358","-84.553296842079","0.1103","2","Asphalt","Local","65","2026-08-16","Medium","1000","10","Moderate","Crack Seal","1","provisional","Michigan GIS Open Data + Paventra rehearsal assumptions","2026-08-16"
"SA-ROAD-403","SA-403- 9036023801186438016739","Cox Rd","","","Spring Arbor Township","42.1891915976897","-84.5596332099068","0.1012","2","Asphalt","Local","65","2026-08-16","Medium","1000","10","Moderate","Crack Seal","1","provisional","Michigan GIS Open Data + Paventra rehearsal assumptions","2026-08-16"
"SA-ROAD-404","SA-404- 9036023801186838011864","Cox Rd","","","Spring Arbor Township","42.1892381328897","-84.5694833374987","0.154","2","Asphalt","Local","65","2026-08-16","Medium","1000","10","Moderate","Crack Seal","1","provisional","Michigan GIS Open Data + Paventra rehearsal assumptions","2026-08-16"
"SA-ROAD-405","SA-405- 8995103801180838011868","Mathews Rd","","","Spring Arbor Township","42.1908257319637","-84.5695820563396","0.0334","2","Asphalt","Local","65","2026-08-16","Medium","1000","10","Moderate","Crack Seal","1","provisional","Michigan GIS Open Data + Paventra rehearsal assumptions","2026-08-16"
"SA-ROAD-406","SA-406- 9076103801187138011851","Hammond Rd","","","Spring Arbor Township","42.1892263320858","-84.5800610147084","0.0993","2","Asphalt","Local","65","2026-08-16","Medium","1000","10","Moderate","Crack Seal","1","provisional","Michigan GIS Open Data + Paventra rehearsal assumptions","2026-08-16"
"SA-ROAD-407","SA-407- 8995093801187138011206","N Cross Rd","","","Spring Arbor Township","42.1892263320858","-84.5800610147084","0.1958","2","Asphalt","Local","65","2026-08-16","Medium","1000","10","Moderate","Crack Seal","1","provisional","Michigan GIS Open Data + Paventra rehearsal assumptions","2026-08-16"
"SA-ROAD-408","SA-408- 9036013801198538011864","Teft Rd","","","Spring Arbor Township","42.1863432581837","-84.5595178946885","0.0599","2","Asphalt","Local","65","2026-08-16","Medium","1000","10","Moderate","Crack Seal","1","provisional","Michigan GIS Open Data + Paventra rehearsal assumptions","2026-08-16"
"SA-ROAD-409","SA-409- 8995103801186838012050","Mathews Rd","","","Spring Arbor Township","42.1892381328897","-84.5694833374987","0.0937","2","Asphalt","Local","65","2026-08-16","Medium","1000","10","Moderate","Crack Seal","1","provisional","Michigan GIS Open Data + Paventra rehearsal assumptions","2026-08-16"
"SA-ROAD-410","SA-410- 9029013801207138011851","N Cross Rd","","","Spring Arbor Township","42.1842978994984","-84.5738540349979","0.1167","2","Asphalt","Local","65","2026-08-16","Medium","1000","10","Moderate","Crack Seal","1","provisional","Michigan GIS Open Data + Paventra rehearsal assumptions","2026-08-16"
"SA-ROAD-411","SA-411- 9076103801207638011871","Hammond Rd","","","Spring Arbor Township","42.1843559445041","-84.596373938831","0.2815","2","Asphalt","Local","65","2026-08-16","Medium","1000","10","Moderate","Crack Seal","1","provisional","Michigan GIS Open Data + Paventra rehearsal assumptions","2026-08-16"
"SA-ROAD-412","SA-412- 8995103801210838012105","Horton Rd","","","Spring Arbor Township","42.1820255646515","-84.487254577036","0.0956","2","Asphalt","Local","65","2026-08-16","Medium","1000","10","Moderate","Crack Seal","1","provisional","Michigan GIS Open Data + Paventra rehearsal assumptions","2026-08-16"
"SA-ROAD-413","SA-413- 8995103801211738012108","Horton Rd","","","Spring Arbor Township","42.1815031713965","-84.4946748268023","0.1167","2","Asphalt","Local","65","2026-08-16","Medium","1000","10","Moderate","Crack Seal","1","provisional","Michigan GIS Open Data + Paventra rehearsal assumptions","2026-08-16"
"SA-ROAD-414","SA-414- 8995103801215038012117","Horton Rd","","","Spring Arbor Township","42.1809517559976","-84.5007520189183","0.0958","2","Asphalt","Local","65","2026-08-16","Medium","1000","10","Moderate","Crack Seal","1","provisional","Michigan GIS Open Data + Paventra rehearsal assumptions","2026-08-16"
"SA-ROAD-415","SA-415- 9028083801215038011829","Reynolds Rd","","","Spring Arbor Township","42.1809517559976","-84.5007520189183","0.1766","2","Asphalt","Local","65","2026-08-16","Medium","1000","10","Moderate","Crack Seal","1","provisional","Michigan GIS Open Data + Paventra rehearsal assumptions","2026-08-16"
"SA-ROAD-416","SA-416-33805783801211738012174","Briarsdale Rd","","","Spring Arbor Township","42.1815031713965","-84.4946748268023","0.0424","2","Asphalt","Local","65","2026-08-16","Medium","1000","10","Moderate","Crack Seal","1","provisional","Michigan GIS Open Data + Paventra rehearsal assumptions","2026-08-16"
"SA-ROAD-417","SA-417- 8995103801223838012150","Horton Rd","","","Spring Arbor Township","42.1791327423733","-84.520240051152","0.3072","2","Asphalt","Local","65","2026-08-16","Medium","1000","10","Moderate","Crack Seal","1","provisional","Michigan GIS Open Data + Paventra rehearsal assumptions","2026-08-16"
"SA-ROAD-418","SA-418- 9029043801223838011843","Moscow Rd","","","Spring Arbor Township","42.1791327423733","-84.520240051152","0.214","2","Asphalt","Local","65","2026-08-16","Medium","1000","10","Moderate","Crack Seal","1","provisional","Michigan GIS Open Data + Paventra rehearsal assumptions","2026-08-16"
"SA-ROAD-419","SA-419-33813613802010738020086","Farhat Ct","","","Spring Arbor Township","42.1766852504593","-84.4918180849265","0.0058","2","Asphalt","Local","65","2026-08-16","Medium","1000","10","Moderate","Crack Seal","1","provisional","Michigan GIS Open Data + Paventra rehearsal assumptions","2026-08-16"
"SA-ROAD-420","SA-420-33813613802010638020107","Farhat Ct","","","Spring Arbor Township","42.1766955070875","-84.4928155051678","0.0156","2","Asphalt","Local","65","2026-08-16","Medium","1000","10","Moderate","Crack Seal","1","provisional","Michigan GIS Open Data + Paventra rehearsal assumptions","2026-08-16"
"SA-ROAD-421","SA-421- 8995103801232438012238","Mathews Rd","","","Spring Arbor Township","42.177283498824","-84.5446364965504","0.3837","2","Asphalt","Local","65","2026-08-16","Medium","1000","10","Moderate","Crack Seal","1","provisional","Michigan GIS Open Data + Paventra rehearsal assumptions","2026-08-16"
"SA-ROAD-422","SA-422- 9028083802008738012150","Reynolds Rd","","","Spring Arbor Township","42.1765412574114","-84.5005838448088","0.0928","2","Asphalt","Local","65","2026-08-16","Medium","1000","10","Moderate","Crack Seal","1","provisional","Michigan GIS Open Data + Paventra rehearsal assumptions","2026-08-16"
"SA-ROAD-423","SA-423- 9036013801235038011985","Teft Rd","","","Spring Arbor Township","42.1768003275496","-84.5591662633121","0.2008","2","Asphalt","Local","65","2026-08-16","Medium","1000","10","Moderate","Crack Seal","1","provisional","Michigan GIS Open Data + Paventra rehearsal assumptions","2026-08-16"
"SA-ROAD-424","SA-424- 8995103801205038012350","Mathews Rd","","","Spring Arbor Township","42.1847823687352","-84.5692907660919","0.2389","2","Asphalt","Local","65","2026-08-16","Medium","1000","10","Moderate","Crack Seal","1","provisional","Michigan GIS Open Data + Paventra rehearsal assumptions","2026-08-16"
"SA-ROAD-425","SA-425- 8995103801235038012324","Mathews Rd","","","Spring Arbor Township","42.1768003275496","-84.5591662633121","0.2278","2","Asphalt","Local","65","2026-08-16","Medium","1000","10","Moderate","Crack Seal","1","provisional","Michigan GIS Open Data + Paventra rehearsal assumptions","2026-08-16"
"SA-ROAD-426","SA-426-33813603802008738020106","Ikram Oaks Ln","","","Spring Arbor Township","42.1765412574114","-84.5005838448088","0.1415","2","Asphalt","Local","65","2026-08-16","Medium","1000","10","Moderate","Crack Seal","1","provisional","Michigan GIS Open Data + Paventra rehearsal assumptions","2026-08-16"
"SA-ROAD-427","SA-427- 9029043801241138012238","Moscow Rd","","","Spring Arbor Township","42.1746595888052","-84.520125694149","0.0941","2","Asphalt","Local","65","2026-08-16","Medium","1000","10","Moderate","Crack Seal","1","provisional","Michigan GIS Open Data + Paventra rehearsal assumptions","2026-08-16"
"SA-ROAD-428","SA-428- 9072103801267038012660","Sears Rd","","","Spring Arbor Township","42.1674679419997","-84.4886578804046","0.1246","2","Asphalt","Local","65","2026-08-16","Medium","1000","10","Moderate","Crack Seal","1","provisional","Michigan GIS Open Data + Paventra rehearsal assumptions","2026-08-16"
"SA-ROAD-429","SA-429- 9072103801267938012670","Sears Rd","","","Spring Arbor Township","42.1674899543253","-84.4950713355074","0.1003","2","Asphalt","Local","65","2026-08-16","Medium","1000","10","Moderate","Crack Seal","1","provisional","Michigan GIS Open Data + Paventra rehearsal assumptions","2026-08-16"
"SA-ROAD-430","SA-430- 9072103801268238012679","Sears Rd","","","Spring Arbor Township","42.1675088855107","-84.500297929896","0.0818","2","Asphalt","Local","65","2026-08-16","Medium","1000","10","Moderate","Crack Seal","1","provisional","Michigan GIS Open Data + Paventra rehearsal assumptions","2026-08-16"
"SA-ROAD-431","SA-431- 9028083801268238020087","Reynolds Rd","","","Spring Arbor Township","42.1675088855107","-84.500297929896","0.19","2","Asphalt","Local","65","2026-08-16","Medium","1000","10","Moderate","Crack Seal","1","provisional","Michigan GIS Open Data + Paventra rehearsal assumptions","2026-08-16"
"SA-ROAD-432","SA-432- 9072103801269138012682","Sears Rd","","","Spring Arbor Township","42.1675003832351","-84.5149102541517","0.2286","2","Asphalt","Local","65","2026-08-16","Medium","1000","10","Moderate","Crack Seal","1","provisional","Michigan GIS Open Data + Paventra rehearsal assumptions","2026-08-16"
"SA-ROAD-433","SA-433- 9072103801269438012691","Sears Rd","","","Spring Arbor Township","42.1674866525827","-84.5198025868497","0.0765","2","Asphalt","Local","65","2026-08-16","Medium","1000","10","Moderate","Crack Seal","1","provisional","Michigan GIS Open Data + Paventra rehearsal assumptions","2026-08-16"
"SA-ROAD-434","SA-434- 9029043801269438012411","Moscow Rd","","","Spring Arbor Township","42.1674866525827","-84.5198025868497","0.1509","2","Asphalt","Local","65","2026-08-16","Medium","1000","10","Moderate","Crack Seal","1","provisional","Michigan GIS Open Data + Paventra rehearsal assumptions","2026-08-16"
"SA-ROAD-435","SA-435- 9072103801271338012694","Sears Rd","","","Spring Arbor Township","42.1674033100471","-84.5442529417032","0.3825","2","Asphalt","Local","65","2026-08-16","Medium","1000","10","Moderate","Crack Seal","1","provisional","Michigan GIS Open Data + Paventra rehearsal assumptions","2026-08-16"
"SA-ROAD-436","SA-436- 9029023801271338012324","Bowerman Rd","","","Spring Arbor Township","42.1674033100471","-84.5442529417032","0.2079","2","Asphalt","Local","65","2026-08-16","Medium","1000","10","Moderate","Crack Seal","1","provisional","Michigan GIS Open Data + Paventra rehearsal assumptions","2026-08-16"
"SA-ROAD-437","SA-437- 9072103802543938012713","Sears Rd","","","Spring Arbor Township","42.1673736250993","-84.5557523438692","0.1799","2","Asphalt","Local","65","2026-08-16","Medium","1000","10","Moderate","Crack Seal","1","provisional","Michigan GIS Open Data + Paventra rehearsal assumptions","2026-08-16"
"SA-ROAD-438","SA-438- 9072103802543838025439","Sears Rd","","","Spring Arbor Township","42.1673489791362","-84.5608037257391","0.079","2","Asphalt","Local","65","2026-08-16","Medium","1000","10","Moderate","Crack Seal","1","provisional","Michigan GIS Open Data + Paventra rehearsal assumptions","2026-08-16"
"SA-ROAD-439","SA-439- 9072103801272438025438","Sears Rd","","","Spring Arbor Township","42.1674336223195","-84.5735550205569","0.1995","2","Asphalt","Local","65","2026-08-16","Medium","1000","10","Moderate","Crack Seal","1","provisional","Michigan GIS Open Data + Paventra rehearsal assumptions","2026-08-16"
"SA-ROAD-440","SA-440- 9029013801272438012071","N Cross Rd","","","Spring Arbor Township","42.1674336223195","-84.5735550205569","0.3551","2","Asphalt","Local","65","2026-08-16","Medium","1000","10","Moderate","Crack Seal","1","provisional","Michigan GIS Open Data + Paventra rehearsal assumptions","2026-08-16"
"SA-ROAD-441","SA-441- 9072103801272638012724","Sears Rd","","","Spring Arbor Township","42.1674320794997","-84.5738777965673","0.005","2","Asphalt","Local","65","2026-08-16","Medium","1000","10","Moderate","Crack Seal","1","provisional","Michigan GIS Open Data + Paventra rehearsal assumptions","2026-08-16"
"SA-ROAD-442","SA-442- 9072103801878738012726","Sears Rd","","","Spring Arbor Township","42.1674323067876","-84.5740252888904","0.0023","2","Asphalt","Local","65","2026-08-16","Medium","1000","10","Moderate","Crack Seal","1","provisional","Michigan GIS Open Data + Paventra rehearsal assumptions","2026-08-16"
"SA-ROAD-443","SA-443- 9072103801272738018787","Sears Rd","","","Spring Arbor Township","42.1674390779105","-84.5784855359177","0.0698","2","Asphalt","Local","65","2026-08-16","Medium","1000","10","Moderate","Crack Seal","1","provisional","Michigan GIS Open Data + Paventra rehearsal assumptions","2026-08-16"
"SA-ROAD-444","SA-444- 9072103801273938012727","Sears Rd","","","Spring Arbor Township","42.167437625172","-84.5955815840353","0.2675","2","Asphalt","Local","65","2026-08-16","Medium","1000","10","Moderate","Crack Seal","1","provisional","Michigan GIS Open Data + Paventra rehearsal assumptions","2026-08-16"
"SA-ROAD-445","SA-445- 9029013801275438012724","Cross Rd","","","Spring Arbor Township","42.1665439434871","-84.5735261149341","0.0187","2","Asphalt","Local","65","2026-08-16","Medium","1000","10","Moderate","Crack Seal","1","provisional","Michigan GIS Open Data + Paventra rehearsal assumptions","2026-08-16"
"SA-ROAD-446","SA-446- 9029013801276238012754","Cross Rd","","","Spring Arbor Township","42.166430567557","-84.5735244527824","0.0024","2","Asphalt","Local","65","2026-08-16","Medium","1000","10","Moderate","Crack Seal","1","provisional","Michigan GIS Open Data + Paventra rehearsal assumptions","2026-08-16"
"SA-ROAD-447","SA-447- 9029073801302338012660","Thorne Rd","","","Spring Arbor Township","42.1601363817346","-84.4804756260262","0.1531","2","Asphalt","Local","65","2026-08-16","Medium","1000","10","Moderate","Crack Seal","1","provisional","Michigan GIS Open Data + Paventra rehearsal assumptions","2026-08-16"
"SA-ROAD-448","SA-448- 9028083801303138012682","Reynolds Rd","","","Spring Arbor Township","42.1600747769852","-84.4996696706508","0.1575","2","Asphalt","Local","65","2026-08-16","Medium","1000","10","Moderate","Crack Seal","1","provisional","Michigan GIS Open Data + Paventra rehearsal assumptions","2026-08-16"
"SA-ROAD-449","SA-449- 9029043801304038012694","Moscow Rd","","","Spring Arbor Township","42.1600411940379","-84.5194407598817","0.1569","2","Asphalt","Local","65","2026-08-16","Medium","1000","10","Moderate","Crack Seal","1","provisional","Michigan GIS Open Data + Paventra rehearsal assumptions","2026-08-16"
"SA-ROAD-450","SA-450- 9029023801305838012713","Bowerman Rd","","","Spring Arbor Township","42.1600135335862","-84.5438564175239","0.1598","2","Asphalt","Local","65","2026-08-16","Medium","1000","10","Moderate","Crack Seal","1","provisional","Michigan GIS Open Data + Paventra rehearsal assumptions","2026-08-16"
"SA-ROAD-451","SA-451- 9029013801306738012762","Cross Rd","","","Spring Arbor Township","42.1601516926934","-84.5733419819064","0.1321","2","Asphalt","Local","65","2026-08-16","Medium","1000","10","Moderate","Crack Seal","1","provisional","Michigan GIS Open Data + Paventra rehearsal assumptions","2026-08-16"
"SA-ROAD-452","SA-452- 9031023801306838013067","Liedler Rd","","","Spring Arbor Township","42.1601606990465","-84.575178627934","0.0287","2","Asphalt","Local","65","2026-08-16","Medium","1000","10","Moderate","Crack Seal","1","provisional","Michigan GIS Open Data + Paventra rehearsal assumptions","2026-08-16"
"SA-ROAD-453","SA-453- 9031023801307038013068","Liedler Rd","","","Spring Arbor Township","42.1601775485999","-84.5775591445951","0.0372","2","Asphalt","Local","65","2026-08-16","Medium","1000","10","Moderate","Crack Seal","1","provisional","Michigan GIS Open Data + Paventra rehearsal assumptions","2026-08-16"
"SA-ROAD-454","SA-454- 9029013801307438013067","Cross Rd","","","Spring Arbor Township","42.1600241111763","-84.5706112992027","0.0436","2","Asphalt","Local","65","2026-08-16","Medium","1000","10","Moderate","Crack Seal","1","provisional","Michigan GIS Open Data + Paventra rehearsal assumptions","2026-08-16"
