{
  "type": "FeatureCollection",
  "features": [
    {
      "type": "Feature",
      "id": 718621,
      "geometry": {
        "type": "LineString",
        "coordinates": [
          [
            -84.3029420756699,
            42.190854515517536
          ],
          [
            -84.30297331575906,
            42.19082467655356
          ],
          [
            -84.30302500024878,
            42.19080992927344
          ],
          [
            -84.30306882017082,
            42.19080494857749
          ],
          [
            -84.30440837283,
            42.190803659111886
          ],
          [
            -84.3047665536094,
            42.19079350270093
          ]
        ]
      },
      "properties": {
        "OBJECTID": 718621,
        "FCC": "A32",
        "RDNAME": "Carbary Dr",
        "FRADDL": 0,
        "TOADDL": 0,
        "FRADDR": 0,
        "TOADDR": 0,
        "ZIPL": 49201,
        "ZIPR": 49201,
        "FEDIRP": " ",
        "NAME": "Carbary",
        "FETYPE": "Dr",
        "FEDIRS": " ",
        "FEDIRP2": " ",
        "NAME2": " ",
        "FETYPE2": " ",
        "FEDIRS2": " ",
        "FEDIRP3": " ",
        "NAME3": " ",
        "FETYPE3": " ",
        "FEDIRS3": " ",
        "FMCDL": 56640,
        "FMCDR": 56640,
        "COUNTYL": 75,
        "COUNTYR": 75,
        "NFC": 7,
        "RU_L": 1,
        "RU_R": 1,
        "PR": 3380668,
        "BMP": 0.119,
        "EMP": 0.214,
        "BPT": "38011553",
        "EPT": "38011559",
        "LRS_LINK": "33806683801155338011559",
        "LENGTH": 152.63304766,
        "VER": "17a",
        "Shape.STLength()": 152.6330726816495,
        "ADJ_CNTY": 0,
        "LEGALSYSTEM": 3,
        "PAVENTRA_SEGMENT_ID": "NAP-1-33806683801155338011559"
      }
    },
    {
      "type": "Feature",
      "id": 718622,
      "geometry": {
        "type": "LineString",
        "coordinates": [
          [
            -84.22166587715815,
            42.18949569655545
          ],
          [
            -84.22137600723184,
            42.18995222104706
          ],
          [
            -84.2209871107826,
            42.190567415622056
          ],
          [
            -84.22064377180436,
            42.19108370319876
          ],
          [
            -84.22056755867435,
            42.1912609611767
          ],
          [
            -84.22044966881913,
            42.191666066929585
          ],
          [
            -84.22040308967165,
            42.192174359265096
          ],
          [
            -84.2204115899579,
            42.19389133865288
          ]
        ]
      },
      "properties": {
        "OBJECTID": 718622,
        "FCC": "A31",
        "RDNAME": "Wolf Lake Rd",
        "FRADDL": 5120,
        "TOADDL": 4800,
        "FRADDR": 5087,
        "TOADDR": 4701,
        "ZIPL": 49240,
        "ZIPR": 49240,
        "FEDIRP": " ",
        "NAME": "Wolf Lake",
        "FETYPE": "Rd",
        "FEDIRS": " ",
        "FEDIRP2": " ",
        "NAME2": " ",
        "FETYPE2": " ",
        "FEDIRS2": " ",
        "FEDIRP3": " ",
        "NAME3": " ",
        "FETYPE3": " ",
        "FEDIRS3": " ",
        "FMCDL": 56640,
        "FMCDR": 56640,
        "COUNTYL": 75,
        "COUNTYR": 75,
        "NFC": 5,
        "RU_L": 1,
        "RU_R": 1,
        "PR": 918109,
        "BMP": 5.191,
        "EMP": 5.507,
        "BPT": "38011598",
        "EPT": "38011172",
        "LRS_LINK": " 9181093801159838011172",
        "LENGTH": 509.3796901,
        "VER": "17a",
        "Shape.STLength()": 509.3796771823639,
        "ADJ_CNTY": 0,
        "LEGALSYSTEM": 2,
        "PAVENTRA_SEGMENT_ID": "NAP-2-9181093801159838011172"
      }
    },
    {
      "type": "Feature",
      "id": 718639,
      "geometry": {
        "type": "LineString",
        "coordinates": [
          [
            -84.26824329742108,
            42.19014694937942
          ],
          [
            -84.26820056428696,
            42.19029027203983
          ],
          [
            -84.26813368919215,
            42.19057507156977
          ],
          [
            -84.26811555791421,
            42.190720860564916
          ],
          [
            -84.26805689794341,
            42.190977310697555
          ],
          [
            -84.26800359838796,
            42.191209499169176
          ],
          [
            -84.26789969547627,
            42.19133922588691
          ],
          [
            -84.26760708609663,
            42.19150590495255
          ],
          [
            -84.26729885160718,
            42.19169868047071
          ],
          [
            -84.26714064305038,
            42.191794263757714
          ],
          [
            -84.2669980512611,
            42.191875513551395
          ],
          [
            -84.26676300957207,
            42.19193784226568
          ],
          [
            -84.26664275444226,
            42.191965758704896
          ],
          [
            -84.26656425571086,
            42.19196054574525
          ],
          [
            -84.26635661307756,
            42.191920812397335
          ]
        ]
      },
      "properties": {
        "OBJECTID": 718639,
        "FCC": "A32",
        "RDNAME": "Olcott Lake Dr",
        "FRADDL": 198,
        "TOADDL": 394,
        "FRADDR": 199,
        "TOADDR": 395,
        "ZIPL": 49201,
        "ZIPR": 49201,
        "FEDIRP": " ",
        "NAME": "Olcott Lake",
        "FETYPE": "Dr",
        "FEDIRS": " ",
        "FEDIRP2": " ",
        "NAME2": " ",
        "FETYPE2": " ",
        "FEDIRS2": " ",
        "FEDIRP3": " ",
        "NAME3": "Olcott",
        "FETYPE3": "Lk",
        "FEDIRS3": " ",
        "FMCDL": 56640,
        "FMCDR": 56640,
        "COUNTYL": 75,
        "COUNTYR": 75,
        "NFC": 7,
        "RU_L": 1,
        "RU_R": 1,
        "PR": 915901,
        "BMP": 0.263,
        "EMP": 0.441,
        "BPT": "38011600",
        "EPT": "38018230",
        "LRS_LINK": " 9159013801160038018230",
        "LENGTH": 287.02719145,
        "VER": "17a",
        "Shape.STLength()": 287.0273077019662,
        "ADJ_CNTY": 0,
        "LEGALSYSTEM": 3,
        "PAVENTRA_SEGMENT_ID": "NAP-3-9159013801160038018230"
      }
    },
    {
      "type": "Feature",
      "id": 718640,
      "geometry": {
        "type": "LineString",
        "coordinates": [
          [
            -84.26824329742108,
            42.19014694937942
          ],
          [
            -84.26846260259191,
            42.19023855334126
          ],
          [
            -84.26872622675748,
            42.19034127690006
          ],
          [
            -84.26897585134036,
            42.19043881584718
          ],
          [
            -84.26924593097112,
            42.19054197998119
          ],
          [
            -84.26941692701763,
            42.19058904505124
          ],
          [
            -84.26965827161851,
            42.190621978412864
          ],
          [
            -84.26994431345379,
            42.190642918607615
          ],
          [
            -84.27282276922016,
            42.19086162251082
          ],
          [
            -84.27315960500702,
            42.19080838902275
          ]
        ]
      },
      "properties": {
        "OBJECTID": 718640,
        "FCC": "A32",
        "RDNAME": "W Olcott Lake Dr",
        "FRADDL": 0,
        "TOADDL": 0,
        "FRADDR": 47,
        "TOADDR": 55,
        "ZIPL": 49201,
        "ZIPR": 49201,
        "FEDIRP": "W",
        "NAME": "Olcott Lake",
        "FETYPE": "Dr",
        "FEDIRS": " ",
        "FEDIRP2": " ",
        "NAME2": " ",
        "FETYPE2": " ",
        "FEDIRS2": " ",
        "FEDIRP3": " ",
        "NAME3": "Olcott",
        "FETYPE3": "Lk",
        "FEDIRS3": " ",
        "FMCDL": 56640,
        "FMCDR": 56640,
        "COUNTYL": 75,
        "COUNTYR": 75,
        "NFC": 7,
        "RU_L": 1,
        "RU_R": 1,
        "PR": 3380107,
        "BMP": 0,
        "EMP": 0.261,
        "BPT": "38011600",
        "EPT": "38016855",
        "LRS_LINK": "33801073801160038016855",
        "LENGTH": 420.09051631,
        "VER": "17a",
        "Shape.STLength()": 420.09057702937434,
        "ADJ_CNTY": 0,
        "LEGALSYSTEM": 3,
        "PAVENTRA_SEGMENT_ID": "NAP-4-33801073801160038016855"
      }
    },
    {
      "type": "Feature",
      "id": 718660,
      "geometry": {
        "type": "LineString",
        "coordinates": [
          [
            -84.31909016978099,
            42.190812825051914
          ],
          [
            -84.31895619305975,
            42.190830795736176
          ],
          [
            -84.31888292613031,
            42.19084111527543
          ],
          [
            -84.3187639547704,
            42.19083717393029
          ],
          [
            -84.31835899406175,
            42.190825387526736
          ],
          [
            -84.31833064297243,
            42.19082182491171
          ]
        ]
      },
      "properties": {
        "OBJECTID": 718660,
        "FCC": "A41",
        "RDNAME": "Donavon Dr",
        "FRADDL": 0,
        "TOADDL": 0,
        "FRADDR": 0,
        "TOADDR": 0,
        "ZIPL": 49201,
        "ZIPR": 49201,
        "FEDIRP": " ",
        "NAME": "Donavon",
        "FETYPE": "Dr",
        "FEDIRS": " ",
        "FEDIRP2": " ",
        "NAME2": " ",
        "FETYPE2": " ",
        "FEDIRS2": " ",
        "FEDIRP3": " ",
        "NAME3": " ",
        "FETYPE3": " ",
        "FEDIRS3": " ",
        "FMCDL": 56640,
        "FMCDR": 56640,
        "COUNTYL": 75,
        "COUNTYR": 75,
        "NFC": 0,
        "RU_L": 1,
        "RU_R": 1,
        "PR": 3381367,
        "BMP": 0.158,
        "EMP": 0.197,
        "BPT": "38021790",
        "EPT": "38025521",
        "LRS_LINK": "33813673802179038025521",
        "LENGTH": 63.06852498,
        "VER": "17a",
        "Shape.STLength()": 63.0685362773286,
        "ADJ_CNTY": 0,
        "LEGALSYSTEM": 0,
        "PAVENTRA_SEGMENT_ID": "NAP-5-33813673802179038025521"
      }
    },
    {
      "type": "Feature",
      "id": 718664,
      "geometry": {
        "type": "LineString",
        "coordinates": [
          [
            -84.35401258154418,
            42.19206040984668
          ],
          [
            -84.35414478299472,
            42.19185394152515
          ],
          [
            -84.35429052533544,
            42.191615845071965
          ],
          [
            -84.35438245583462,
            42.19149472422388
          ],
          [
            -84.35445342596755,
            42.191429308333035
          ],
          [
            -84.35448339440121,
            42.19139633268515
          ],
          [
            -84.3545608868315,
            42.19133514712286
          ]
        ]
      },
      "properties": {
        "OBJECTID": 718664,
        "FCC": "A32",
        "RDNAME": "Ackerson Lake Dr",
        "FRADDL": 399,
        "TOADDL": 361,
        "FRADDR": 4898,
        "TOADDR": 4788,
        "ZIPL": 49201,
        "ZIPR": 49201,
        "FEDIRP": " ",
        "NAME": "Ackerson Lake",
        "FETYPE": "Dr",
        "FEDIRS": " ",
        "FEDIRP2": " ",
        "NAME2": " ",
        "FETYPE2": " ",
        "FEDIRS2": " ",
        "FEDIRP3": " ",
        "NAME3": " ",
        "FETYPE3": " ",
        "FEDIRS3": " ",
        "FMCDL": 56640,
        "FMCDR": 56640,
        "COUNTYL": 75,
        "COUNTYR": 75,
        "NFC": 7,
        "RU_L": 3,
        "RU_R": 3,
        "PR": 915720,
        "BMP": 0,
        "EMP": 0.058,
        "BPT": "38011569",
        "EPT": "38018219",
        "LRS_LINK": " 9157203801156938018219",
        "LENGTH": 92.96400001,
        "VER": "17a",
        "Shape.STLength()": 92.9639484585136,
        "ADJ_CNTY": 0,
        "LEGALSYSTEM": 3,
        "PAVENTRA_SEGMENT_ID": "NAP-6-9157203801156938018219"
      }
    },
    {
      "type": "Feature",
      "id": 718747,
      "geometry": {
        "type": "LineString",
        "coordinates": [
          [
            -84.23286124622848,
            42.18924182263281
          ],
          [
            -84.23281720766629,
            42.19075697822016
          ]
        ]
      },
      "properties": {
        "OBJECTID": 718747,
        "FCC": "A32",
        "RDNAME": "Bay View Rd",
        "FRADDL": 7198,
        "TOADDL": 7142,
        "FRADDR": 7199,
        "TOADDR": 7143,
        "ZIPL": 49201,
        "ZIPR": 49201,
        "FEDIRP": " ",
        "NAME": "Bay View",
        "FETYPE": "Rd",
        "FEDIRS": " ",
        "FEDIRP2": " ",
        "NAME2": " ",
        "FETYPE2": " ",
        "FEDIRS2": " ",
        "FEDIRP3": " ",
        "NAME3": "Bayview",
        "FETYPE3": "Rd",
        "FEDIRS3": " ",
        "FMCDL": 56640,
        "FMCDR": 56640,
        "COUNTYL": 75,
        "COUNTYR": 75,
        "NFC": 7,
        "RU_L": 1,
        "RU_R": 1,
        "PR": 915704,
        "BMP": 0,
        "EMP": 0.105,
        "BPT": "38011629",
        "EPT": "38016843",
        "LRS_LINK": " 9157043801162938016843",
        "LENGTH": 168.27090237,
        "VER": "17a",
        "Shape.STLength()": 168.27090661980162,
        "ADJ_CNTY": 0,
        "LEGALSYSTEM": 3,
        "PAVENTRA_SEGMENT_ID": "NAP-7-9157043801162938016843"
      }
    },
    {
      "type": "Feature",
      "id": 718750,
      "geometry": {
        "type": "LineString",
        "coordinates": [
          [
            -84.35525972944438,
            42.19260499298384
          ],
          [
            -84.35526647200172,
            42.19165660505798
          ],
          [
            -84.35524991245116,
            42.1913342010038
          ],
          [
            -84.35519863075523,
            42.19117985425947
          ],
          [
            -84.35509409092997,
            42.191133354818795
          ],
          [
            -84.3549592376123,
            42.191090153130745
          ]
        ]
      },
      "properties": {
        "OBJECTID": 718750,
        "FCC": "A41",
        "RDNAME": "Ackerson Lake Dr",
        "FRADDL": 4700,
        "TOADDL": 0,
        "FRADDR": 331,
        "TOADDR": 0,
        "ZIPL": 49201,
        "ZIPR": 49201,
        "FEDIRP": " ",
        "NAME": "Ackerson Lake",
        "FETYPE": "Dr",
        "FEDIRS": " ",
        "FEDIRP2": " ",
        "NAME2": " ",
        "FETYPE2": " ",
        "FEDIRS2": " ",
        "FEDIRP3": " ",
        "NAME3": " ",
        "FETYPE3": " ",
        "FEDIRS3": " ",
        "FMCDL": 56640,
        "FMCDR": 56640,
        "COUNTYL": 75,
        "COUNTYR": 75,
        "NFC": 0,
        "RU_L": 3,
        "RU_R": 3,
        "PR": 3380671,
        "BMP": 0,
        "EMP": 0.112,
        "BPT": "38011528",
        "EPT": "38016870",
        "LRS_LINK": "33806713801152838016870",
        "LENGTH": 180.96201038,
        "VER": "17a",
        "Shape.STLength()": 180.96196786489315,
        "ADJ_CNTY": 0,
        "LEGALSYSTEM": 0,
        "PAVENTRA_SEGMENT_ID": "NAP-8-33806713801152838016870"
      }
    },
    {
      "type": "Feature",
      "id": 718753,
      "geometry": {
        "type": "LineString",
        "coordinates": [
          [
            -84.31723276389646,
            42.19124069310328
          ],
          [
            -84.3173759086917,
            42.19097964461948
          ],
          [
            -84.317414964236,
            42.19090674003031
          ],
          [
            -84.31745300786474,
            42.19079554236769
          ],
          [
            -84.31746791105861,
            42.19070236782312
          ],
          [
            -84.31746080186026,
            42.19058589291753
          ],
          [
            -84.3174434964466,
            42.190489448499356
          ]
        ]
      },
      "properties": {
        "OBJECTID": 718753,
        "FCC": "A41",
        "RDNAME": "Donavon Dr",
        "FRADDL": 0,
        "TOADDL": 0,
        "FRADDR": 0,
        "TOADDR": 0,
        "ZIPL": 49201,
        "ZIPR": 49201,
        "FEDIRP": " ",
        "NAME": "Donavon",
        "FETYPE": "Dr",
        "FEDIRS": " ",
        "FEDIRP2": " ",
        "NAME2": " ",
        "FETYPE2": " ",
        "FEDIRS2": " ",
        "FEDIRP3": " ",
        "NAME3": " ",
        "FETYPE3": " ",
        "FEDIRS3": " ",
        "FMCDL": 56640,
        "FMCDR": 56640,
        "COUNTYL": 75,
        "COUNTYR": 75,
        "NFC": 0,
        "RU_L": 1,
        "RU_R": 1,
        "PR": 3381368,
        "BMP": 0,
        "EMP": 0.054,
        "BPT": "38020116",
        "EPT": "38020117",
        "LRS_LINK": "33813683802011638020117",
        "LENGTH": 86.92301272,
        "VER": "17a",
        "Shape.STLength()": 86.92306489682417,
        "ADJ_CNTY": 0,
        "LEGALSYSTEM": 0,
        "PAVENTRA_SEGMENT_ID": "NAP-9-33813683802011638020117"
      }
    },
    {
      "type": "Feature",
      "id": 718756,
      "geometry": {
        "type": "LineString",
        "coordinates": [
          [
            -84.32016621969828,
            42.19110037837322
          ],
          [
            -84.32012915555738,
            42.19086133226051
          ],
          [
            -84.32009206431744,
            42.19074813865467
          ],
          [
            -84.31999942069328,
            42.19063180792453
          ],
          [
            -84.31990236934408,
            42.190563681980734
          ],
          [
            -84.31979517173224,
            42.190527582740415
          ],
          [
            -84.31967801357271,
            42.190516618091166
          ],
          [
            -84.31955423708634,
            42.19052164471155
          ],
          [
            -84.31944509240708,
            42.19055677345809
          ],
          [
            -84.31933822151392,
            42.19062181853516
          ],
          [
            -84.31918331003877,
            42.19074820147379
          ],
          [
            -84.31912629108157,
            42.19079123234045
          ],
          [
            -84.31909016978099,
            42.190812825051914
          ]
        ]
      },
      "properties": {
        "OBJECTID": 718756,
        "FCC": "A41",
        "RDNAME": "Donavon Dr",
        "FRADDL": 0,
        "TOADDL": 0,
        "FRADDR": 0,
        "TOADDR": 0,
        "ZIPL": 49201,
        "ZIPR": 49201,
        "FEDIRP": " ",
        "NAME": "Donavon",
        "FETYPE": "Dr",
        "FEDIRS": " ",
        "FEDIRP2": " ",
        "NAME2": " ",
        "FETYPE2": " ",
        "FEDIRS2": " ",
        "FEDIRP3": " ",
        "NAME3": " ",
        "FETYPE3": " ",
        "FEDIRS3": " ",
        "FMCDL": 56640,
        "FMCDR": 56640,
        "COUNTYL": 75,
        "COUNTYR": 75,
        "NFC": 0,
        "RU_L": 1,
        "RU_R": 1,
        "PR": 3381367,
        "BMP": 0.067,
        "EMP": 0.158,
        "BPT": "38021789",
        "EPT": "38021790",
        "LRS_LINK": "33813673802178938021790",
        "LENGTH": 146.13201951,
        "VER": "17a",
        "Shape.STLength()": 146.1320739481587,
        "ADJ_CNTY": 0,
        "LEGALSYSTEM": 0,
        "PAVENTRA_SEGMENT_ID": "NAP-10-33813673802178938021790"
      }
    },
    {
      "type": "Feature",
      "id": 718760,
      "geometry": {
        "type": "LineString",
        "coordinates": [
          [
            -84.31833064297243,
            42.19082182491171
          ],
          [
            -84.31827582285067,
            42.19081493530648
          ],
          [
            -84.31819006537336,
            42.19078605543092
          ],
          [
            -84.31810474655346,
            42.19074109163252
          ],
          [
            -84.31783248813085,
            42.19052772676509
          ],
          [
            -84.31776717614999,
            42.19048985929044
          ],
          [
            -84.31770487289103,
            42.1904762306766
          ],
          [
            -84.31766691039235,
            42.190473273805715
          ]
        ]
      },
      "properties": {
        "OBJECTID": 718760,
        "FCC": "A41",
        "RDNAME": "Donavon Dr",
        "FRADDL": 0,
        "TOADDL": 0,
        "FRADDR": 5313,
        "TOADDR": 5317,
        "ZIPL": 49201,
        "ZIPR": 49201,
        "FEDIRP": " ",
        "NAME": "Donavon",
        "FETYPE": "Dr",
        "FEDIRS": " ",
        "FEDIRP2": " ",
        "NAME2": " ",
        "FETYPE2": " ",
        "FEDIRS2": " ",
        "FEDIRP3": " ",
        "NAME3": " ",
        "FETYPE3": " ",
        "FEDIRS3": " ",
        "FMCDL": 56640,
        "FMCDR": 56640,
        "COUNTYL": 75,
        "COUNTYR": 75,
        "NFC": 0,
        "RU_L": 1,
        "RU_R": 1,
        "PR": 3381367,
        "BMP": 0.197,
        "EMP": 0.24,
        "BPT": "38025521",
        "EPT": "38021791",
        "LRS_LINK": "33813673802552138021791",
        "LENGTH": 69.00943746,
        "VER": "17a",
        "Shape.STLength()": 69.00943276572042,
        "ADJ_CNTY": 0,
        "LEGALSYSTEM": 0,
        "PAVENTRA_SEGMENT_ID": "NAP-11-33813673802552138021791"
      }
    },
    {
      "type": "Feature",
      "id": 718763,
      "geometry": {
        "type": "LineString",
        "coordinates": [
          [
            -84.31766691039235,
            42.190473273805715
          ],
          [
            -84.31759302720221,
            42.19046441189051
          ],
          [
            -84.3174434964466,
            42.190489448499356
          ]
        ]
      },
      "properties": {
        "OBJECTID": 718763,
        "FCC": "A41",
        "RDNAME": "Donavon Dr",
        "FRADDL": 0,
        "TOADDL": 0,
        "FRADDR": 5313,
        "TOADDR": 5317,
        "ZIPL": 49201,
        "ZIPR": 49201,
        "FEDIRP": " ",
        "NAME": "Donavon",
        "FETYPE": "Dr",
        "FEDIRS": " ",
        "FEDIRP2": " ",
        "NAME2": " ",
        "FETYPE2": " ",
        "FEDIRS2": " ",
        "FEDIRP3": " ",
        "NAME3": " ",
        "FETYPE3": " ",
        "FEDIRS3": " ",
        "FMCDL": 56640,
        "FMCDR": 56640,
        "COUNTYL": 75,
        "COUNTYR": 75,
        "NFC": 0,
        "RU_L": 1,
        "RU_R": 1,
        "PR": 3381367,
        "BMP": 0.24,
        "EMP": 0.251,
        "BPT": "38021791",
        "EPT": "38020117",
        "LRS_LINK": "33813673802179138020117",
        "LENGTH": 18.83527117,
        "VER": "17a",
        "Shape.STLength()": 18.835258589268495,
        "ADJ_CNTY": 0,
        "LEGALSYSTEM": 0,
        "PAVENTRA_SEGMENT_ID": "NAP-12-33813673802179138020117"
      }
    },
    {
      "type": "Feature",
      "id": 718766,
      "geometry": {
        "type": "LineString",
        "coordinates": [
          [
            -84.22835324572763,
            42.1905431804093
          ],
          [
            -84.22843215074688,
            42.19042460074773
          ],
          [
            -84.22859724034923,
            42.19014105373824
          ],
          [
            -84.2287827271737,
            42.189875472935874
          ],
          [
            -84.229061805263,
            42.18954124204825
          ],
          [
            -84.22931680117354,
            42.18929480125553
          ],
          [
            -84.22945383303598,
            42.18921481724215
          ],
          [
            -84.22970080105517,
            42.18917812449395
          ],
          [
            -84.22995917609576,
            42.18919277672948
          ],
          [
            -84.2305814758489,
            42.189250119339036
          ],
          [
            -84.23092874288297,
            42.18925563526892
          ],
          [
            -84.23106362443416,
            42.1892498680268
          ],
          [
            -84.23120612237624,
            42.189225766923116
          ],
          [
            -84.23140316919282,
            42.18911281603273
          ]
        ]
      },
      "properties": {
        "OBJECTID": 718766,
        "FCC": "A32",
        "RDNAME": "Greens Dr",
        "FRADDL": 8000,
        "TOADDL": 8150,
        "FRADDR": 8001,
        "TOADDR": 8151,
        "ZIPL": 49201,
        "ZIPR": 49201,
        "FEDIRP": " ",
        "NAME": "Greens",
        "FETYPE": "Dr",
        "FEDIRS": " ",
        "FEDIRP2": " ",
        "NAME2": " ",
        "FETYPE2": " ",
        "FEDIRS2": " ",
        "FEDIRP3": " ",
        "NAME3": "Greenes",
        "FETYPE3": "Dr",
        "FEDIRS3": " ",
        "FMCDL": 56640,
        "FMCDR": 56640,
        "COUNTYL": 75,
        "COUNTYR": 75,
        "NFC": 7,
        "RU_L": 1,
        "RU_R": 1,
        "PR": 918217,
        "BMP": 0,
        "EMP": 0.212,
        "BPT": "38011522",
        "EPT": "38011631",
        "LRS_LINK": " 9182173801152238011631",
        "LENGTH": 341.23484054,
        "VER": "17a",
        "Shape.STLength()": 341.2348841224489,
        "ADJ_CNTY": 0,
        "LEGALSYSTEM": 3,
        "PAVENTRA_SEGMENT_ID": "NAP-13-9182173801152238011631"
      }
    },
    {
      "type": "Feature",
      "id": 716326,
      "geometry": {
        "type": "LineString",
        "coordinates": [
          [
            -84.3545893122407,
            42.19812208559024
          ],
          [
            -84.35415607290514,
            42.198141577787624
          ],
          [
            -84.35382422162633,
            42.198157636909514
          ],
          [
            -84.35357293804296,
            42.1981932406053
          ],
          [
            -84.3532859202554,
            42.198246665808114
          ],
          [
            -84.35306156654651,
            42.19832985641064
          ],
          [
            -84.35275031100169,
            42.198498273085235
          ],
          [
            -84.35254199482965,
            42.19866497963787
          ],
          [
            -84.35244717337073,
            42.198770859515676
          ],
          [
            -84.35236874879642,
            42.1988669896069
          ],
          [
            -84.3523136991522,
            42.198970507750616
          ],
          [
            -84.35228345481893,
            42.19907234867268
          ],
          [
            -84.35226921953429,
            42.19919283769156
          ],
          [
            -84.35226389978793,
            42.19927084046049
          ],
          [
            -84.35230670906445,
            42.19936403623769
          ],
          [
            -84.35233595912099,
            42.19943297121107
          ],
          [
            -84.35237069033941,
            42.19948915171763
          ],
          [
            -84.35243223437408,
            42.19954665201202
          ],
          [
            -84.35250235742002,
            42.19960125087155
          ],
          [
            -84.35263434568475,
            42.19970133867464
          ],
          [
            -84.3528859882617,
            42.199859274792985
          ],
          [
            -84.3531356651354,
            42.20002116911599
          ]
        ]
      },
      "properties": {
        "OBJECTID": 716326,
        "FCC": "A32",
        "RDNAME": "Shardale Dr",
        "FRADDL": 3400,
        "TOADDL": 3498,
        "FRADDR": 3401,
        "TOADDR": 3499,
        "ZIPL": 49203,
        "ZIPR": 49203,
        "FEDIRP": " ",
        "NAME": "Shardale",
        "FETYPE": "Dr",
        "FEDIRS": " ",
        "FEDIRP2": " ",
        "NAME2": " ",
        "FETYPE2": " ",
        "FEDIRS2": " ",
        "FEDIRP3": " ",
        "NAME3": " ",
        "FETYPE3": " ",
        "FEDIRS3": " ",
        "FMCDL": 56640,
        "FMCDR": 56640,
        "COUNTYL": 75,
        "COUNTYR": 75,
        "NFC": 7,
        "RU_L": 3,
        "RU_R": 3,
        "PR": 915803,
        "BMP": 0,
        "EMP": 0.231,
        "BPT": "38010944",
        "EPT": "38010792",
        "LRS_LINK": " 9158033801094438010792",
        "LENGTH": 371.70013117,
        "VER": "17a",
        "Shape.STLength()": 371.70014657789625,
        "ADJ_CNTY": 0,
        "LEGALSYSTEM": 3,
        "PAVENTRA_SEGMENT_ID": "NAP-14-9158033801094438010792"
      }
    },
    {
      "type": "Feature",
      "id": 716327,
      "geometry": {
        "type": "LineString",
        "coordinates": [
          [
            -84.3545893122407,
            42.19812208559024
          ],
          [
            -84.35460757204311,
            42.19898193694399
          ]
        ]
      },
      "properties": {
        "OBJECTID": 716327,
        "FCC": "A32",
        "RDNAME": "Kenmar St",
        "FRADDL": 4486,
        "TOADDL": 4484,
        "FRADDR": 0,
        "TOADDR": 0,
        "ZIPL": 49203,
        "ZIPR": 49203,
        "FEDIRP": " ",
        "NAME": "Kenmar",
        "FETYPE": "St",
        "FEDIRS": " ",
        "FEDIRP2": " ",
        "NAME2": " ",
        "FETYPE2": " ",
        "FEDIRS2": " ",
        "FEDIRP3": " ",
        "NAME3": " ",
        "FETYPE3": " ",
        "FEDIRS3": " ",
        "FMCDL": 56640,
        "FMCDR": 56640,
        "COUNTYL": 75,
        "COUNTYR": 75,
        "NFC": 7,
        "RU_L": 3,
        "RU_R": 3,
        "PR": 901010,
        "BMP": 0.081,
        "EMP": 0.141,
        "BPT": "38010944",
        "EPT": "38010857",
        "LRS_LINK": " 9010103801094438010857",
        "LENGTH": 95.48362483,
        "VER": "17a",
        "Shape.STLength()": 95.48361353200873,
        "ADJ_CNTY": 0,
        "LEGALSYSTEM": 3,
        "PAVENTRA_SEGMENT_ID": "NAP-15-9010103801094438010857"
      }
    },
    {
      "type": "Feature",
      "id": 716397,
      "geometry": {
        "type": "LineString",
        "coordinates": [
          [
            -84.33493772654313,
            42.197665191124585
          ],
          [
            -84.33484835528455,
            42.19780595421214
          ],
          [
            -84.33474688077412,
            42.19802728348217
          ],
          [
            -84.33471440743533,
            42.198149067879825
          ],
          [
            -84.3347368084903,
            42.198301256853355
          ],
          [
            -84.33480366690999,
            42.19842851209688
          ],
          [
            -84.3350116564336,
            42.198704849687886
          ],
          [
            -84.33520824360299,
            42.19903242941412
          ],
          [
            -84.33540199156118,
            42.19946499614207
          ],
          [
            -84.3354734530972,
            42.19967135122776
          ],
          [
            -84.33551807864268,
            42.19992027086859
          ],
          [
            -84.33554689861901,
            42.20027875721326
          ],
          [
            -84.33550602215733,
            42.20060278186534
          ],
          [
            -84.33533613578206,
            42.2009487462009
          ],
          [
            -84.33514557156803,
            42.20134691567241
          ],
          [
            -84.33506192566004,
            42.2015457249915
          ],
          [
            -84.33502467708888,
            42.201720767200754
          ],
          [
            -84.33503639583544,
            42.20212575717464
          ],
          [
            -84.33508577087078,
            42.202440751738045
          ],
          [
            -84.33515038678429,
            42.2031521500265
          ],
          [
            -84.33513345546736,
            42.20335852050488
          ],
          [
            -84.33506040222964,
            42.2035429672023
          ],
          [
            -84.33498955164065,
            42.20367103048185
          ],
          [
            -84.33476769178799,
            42.20388014659864
          ],
          [
            -84.33436113395751,
            42.204232488102626
          ],
          [
            -84.33378742000949,
            42.20468352728416
          ],
          [
            -84.33348043193855,
            42.20491928645233
          ],
          [
            -84.33284445516273,
            42.20536517138436
          ],
          [
            -84.3325149114238,
            42.20559692632884
          ]
        ]
      },
      "properties": {
        "OBJECTID": 716397,
        "FCC": "A31",
        "RDNAME": "Hoyer Rd",
        "FRADDL": 4598,
        "TOADDL": 3644,
        "FRADDR": 4599,
        "TOADDR": 4301,
        "ZIPL": 49201,
        "ZIPR": 49201,
        "FEDIRP": " ",
        "NAME": "Hoyer",
        "FETYPE": "Rd",
        "FEDIRS": " ",
        "FEDIRP2": " ",
        "NAME2": " ",
        "FETYPE2": " ",
        "FEDIRS2": " ",
        "FEDIRP3": " ",
        "NAME3": " ",
        "FETYPE3": " ",
        "FEDIRS3": " ",
        "FMCDL": 56640,
        "FMCDR": 56640,
        "COUNTYL": 75,
        "COUNTYR": 75,
        "NFC": 5,
        "RU_L": 3,
        "RU_R": 3,
        "PR": 3380103,
        "BMP": 0,
        "EMP": 0.614,
        "BPT": "38010969",
        "EPT": "38025414",
        "LRS_LINK": "33801033801096938025414",
        "LENGTH": 988.11886022,
        "VER": "17a",
        "Shape.STLength()": 988.1189137476512,
        "ADJ_CNTY": 0,
        "LEGALSYSTEM": 2,
        "PAVENTRA_SEGMENT_ID": "NAP-16-33801033801096938025414"
      }
    },
    {
      "type": "Feature",
      "id": 716398,
      "geometry": {
        "type": "LineString",
        "coordinates": [
          [
            -84.34781441655082,
            42.21141347436567
          ],
          [
            -84.34738629583802,
            42.210424264807315
          ],
          [
            -84.34702539474647,
            42.20963041733651
          ],
          [
            -84.34599089451217,
            42.20750177361286
          ],
          [
            -84.34525062910635,
            42.20600156992976
          ],
          [
            -84.34427161627136,
            42.2040326324442
          ],
          [
            -84.34406117815786,
            42.2036075464328
          ],
          [
            -84.34383684034563,
            42.20330719144743
          ],
          [
            -84.34362516213378,
            42.20308834741561
          ],
          [
            -84.34262393016134,
            42.202089510751456
          ],
          [
            -84.34193216395047,
            42.201432429613234
          ],
          [
            -84.34108762338836,
            42.200616058139865
          ],
          [
            -84.34091496704737,
            42.20045643577917
          ],
          [
            -84.3405527657195,
            42.200128447998104
          ],
          [
            -84.34003731284322,
            42.19976389890819
          ],
          [
            -84.33979344657736,
            42.19960270455129
          ],
          [
            -84.3396028317561,
            42.19948732040104
          ],
          [
            -84.33930216157809,
            42.19931589565105
          ],
          [
            -84.33868529457034,
            42.19903204942633
          ],
          [
            -84.33766715601585,
            42.198687276395965
          ],
          [
            -84.3359040903235,
            42.198060569765104
          ],
          [
            -84.33542314835573,
            42.19787267402489
          ],
          [
            -84.33493772654313,
            42.197665191124585
          ]
        ]
      },
      "properties": {
        "OBJECTID": 716398,
        "FCC": "A31",
        "RDNAME": "E South St",
        "FRADDL": 3198,
        "TOADDL": 3600,
        "FRADDR": 3601,
        "TOADDR": 4599,
        "ZIPL": 49201,
        "ZIPR": 49201,
        "FEDIRP": "E",
        "NAME": "South",
        "FETYPE": "St",
        "FEDIRS": " ",
        "FEDIRP2": " ",
        "NAME2": " ",
        "FETYPE2": " ",
        "FEDIRS2": " ",
        "FEDIRP3": " ",
        "NAME3": " ",
        "FETYPE3": " ",
        "FEDIRS3": " ",
        "FMCDL": 56640,
        "FMCDR": 56640,
        "COUNTYL": 75,
        "COUNTYR": 75,
        "NFC": 4,
        "RU_L": 3,
        "RU_R": 3,
        "PR": 900904,
        "BMP": 3.912,
        "EMP": 5.121,
        "BPT": "38010053",
        "EPT": "38010969",
        "LRS_LINK": " 9009043801005338010969",
        "LENGTH": 1945.70340704,
        "VER": "17a",
        "Shape.STLength()": 1945.7033222051068,
        "ADJ_CNTY": 0,
        "LEGALSYSTEM": 2,
        "PAVENTRA_SEGMENT_ID": "NAP-17-9009043801005338010969"
      }
    },
    {
      "type": "Feature",
      "id": 716492,
      "geometry": {
        "type": "LineString",
        "coordinates": [
          [
            -84.2781534159559,
            42.196504014075344
          ],
          [
            -84.27728702400381,
            42.196479073752144
          ],
          [
            -84.2771020521755,
            42.19647808196539
          ]
        ]
      },
      "properties": {
        "OBJECTID": 716492,
        "FCC": "A32",
        "RDNAME": "Moon Lake Rd",
        "FRADDL": 0,
        "TOADDL": 0,
        "FRADDR": 8399,
        "TOADDR": 8415,
        "ZIPL": 49201,
        "ZIPR": 49201,
        "FEDIRP": " ",
        "NAME": "Moon Lake",
        "FETYPE": "Rd",
        "FEDIRS": " ",
        "FEDIRP2": " ",
        "NAME2": " ",
        "FETYPE2": " ",
        "FEDIRS2": " ",
        "FEDIRP3": " ",
        "NAME3": " ",
        "FETYPE3": " ",
        "FEDIRS3": " ",
        "FMCDL": 46980,
        "FMCDR": 56640,
        "COUNTYL": 75,
        "COUNTYR": 75,
        "NFC": 7,
        "RU_L": 1,
        "RU_R": 1,
        "PR": 901107,
        "BMP": 2.055,
        "EMP": 2.109,
        "BPT": "38011001",
        "EPT": "38011000",
        "LRS_LINK": " 9011073801100138011000",
        "LENGTH": 86.85705302,
        "VER": "17a",
        "Shape.STLength()": 86.85706602444823,
        "ADJ_CNTY": 0,
        "LEGALSYSTEM": 3,
        "PAVENTRA_SEGMENT_ID": "NAP-18-9011073801100138011000"
      }
    },
    {
      "type": "Feature",
      "id": 716497,
      "geometry": {
        "type": "LineString",
        "coordinates": [
          [
            -84.27983078108818,
            42.19649539522899
          ],
          [
            -84.27982911881898,
            42.19649505334887
          ],
          [
            -84.2781534159559,
            42.196504014075344
          ]
        ]
      },
      "properties": {
        "OBJECTID": 716497,
        "FCC": "A32",
        "RDNAME": "Moon Lake Rd",
        "FRADDL": 7762,
        "TOADDL": 7910,
        "FRADDR": 0,
        "TOADDR": 0,
        "ZIPL": 49201,
        "ZIPR": 49201,
        "FEDIRP": " ",
        "NAME": "Moon Lake",
        "FETYPE": "Rd",
        "FEDIRS": " ",
        "FEDIRP2": " ",
        "NAME2": " ",
        "FETYPE2": " ",
        "FEDIRS2": " ",
        "FEDIRP3": " ",
        "NAME3": " ",
        "FETYPE3": " ",
        "FEDIRS3": " ",
        "FMCDL": 46980,
        "FMCDR": 56640,
        "COUNTYL": 75,
        "COUNTYR": 75,
        "NFC": 7,
        "RU_L": 1,
        "RU_R": 1,
        "PR": 901107,
        "BMP": 1.969,
        "EMP": 2.055,
        "BPT": "38021426",
        "EPT": "38011001",
        "LRS_LINK": " 9011073802142638011001",
        "LENGTH": 138.495913,
        "VER": "17a",
        "Shape.STLength()": 138.49595229516657,
        "ADJ_CNTY": 0,
        "LEGALSYSTEM": 3,
        "PAVENTRA_SEGMENT_ID": "NAP-19-9011073802142638011001"
      }
    },
    {
      "type": "Feature",
      "id": 716500,
      "geometry": {
        "type": "LineString",
        "coordinates": [
          [
            -84.26588766302514,
            42.196274202618405
          ],
          [
            -84.26577734013526,
            42.19628381489172
          ],
          [
            -84.26555352362486,
            42.196295436238735
          ],
          [
            -84.26504132926071,
            42.19632648443515
          ],
          [
            -84.26476833650585,
            42.19636788969584
          ],
          [
            -84.26459035932163,
            42.19642681649822
          ]
        ]
      },
      "properties": {
        "OBJECTID": 716500,
        "FCC": "A32",
        "RDNAME": "S Portage Rd",
        "FRADDL": 7994,
        "TOADDL": 6548,
        "FRADDR": 7951,
        "TOADDR": 7901,
        "ZIPL": 49201,
        "ZIPR": 49201,
        "FEDIRP": "S",
        "NAME": "Portage",
        "FETYPE": "Rd",
        "FEDIRS": " ",
        "FEDIRP2": " ",
        "NAME2": " ",
        "FETYPE2": " ",
        "FEDIRS2": " ",
        "FEDIRP3": " ",
        "NAME3": " ",
        "FETYPE3": " ",
        "FEDIRS3": " ",
        "FMCDL": 56640,
        "FMCDR": 56640,
        "COUNTYL": 75,
        "COUNTYR": 75,
        "NFC": 7,
        "RU_L": 1,
        "RU_R": 1,
        "PR": 915902,
        "BMP": 0.531,
        "EMP": 0.599,
        "BPT": "38019739",
        "EPT": "38010989",
        "LRS_LINK": " 9159023801973938010989",
        "LENGTH": 109.21121521,
        "VER": "17a",
        "Shape.STLength()": 109.21124235466617,
        "ADJ_CNTY": 0,
        "LEGALSYSTEM": 3,
        "PAVENTRA_SEGMENT_ID": "NAP-20-9159023801973938010989"
      }
    },
    {
      "type": "Feature",
      "id": 716521,
      "geometry": {
        "type": "LineString",
        "coordinates": [
          [
            -84.28572872988727,
            42.19653396043516
          ],
          [
            -84.28394555291192,
            42.196521063682944
          ],
          [
            -84.28393112072897,
            42.19652271398875
          ]
        ]
      },
      "properties": {
        "OBJECTID": 716521,
        "FCC": "A32",
        "RDNAME": "Moon Lake Rd",
        "FRADDL": 7208,
        "TOADDL": 7292,
        "FRADDR": 7209,
        "TOADDR": 7293,
        "ZIPL": 49201,
        "ZIPR": 49201,
        "FEDIRP": " ",
        "NAME": "Moon Lake",
        "FETYPE": "Rd",
        "FEDIRS": " ",
        "FEDIRP2": " ",
        "NAME2": " ",
        "FETYPE2": " ",
        "FEDIRS2": " ",
        "FEDIRP3": " ",
        "NAME3": " ",
        "FETYPE3": " ",
        "FEDIRS3": " ",
        "FMCDL": 46980,
        "FMCDR": 56640,
        "COUNTYL": 75,
        "COUNTYR": 75,
        "NFC": 7,
        "RU_L": 1,
        "RU_R": 1,
        "PR": 901107,
        "BMP": 1.653,
        "EMP": 1.746,
        "BPT": "38011008",
        "EPT": "38021425",
        "LRS_LINK": " 9011073801100838021425",
        "LENGTH": 148.4358148,
        "VER": "17a",
        "Shape.STLength()": 148.43576119752092,
        "ADJ_CNTY": 0,
        "LEGALSYSTEM": 3,
        "PAVENTRA_SEGMENT_ID": "NAP-21-9011073801100838021425"
      }
    },
    {
      "type": "Feature",
      "id": 716532,
      "geometry": {
        "type": "LineString",
        "coordinates": [
          [
            -84.28797342558386,
            42.196546073793776
          ],
          [
            -84.28572872988727,
            42.19653396043516
          ]
        ]
      },
      "properties": {
        "OBJECTID": 716532,
        "FCC": "A32",
        "RDNAME": "Moon Lake Rd",
        "FRADDL": 0,
        "TOADDL": 0,
        "FRADDR": 0,
        "TOADDR": 0,
        "ZIPL": 49201,
        "ZIPR": 49201,
        "FEDIRP": " ",
        "NAME": "Moon Lake",
        "FETYPE": "Rd",
        "FEDIRS": " ",
        "FEDIRP2": " ",
        "NAME2": " ",
        "FETYPE2": " ",
        "FEDIRS2": " ",
        "FEDIRP3": " ",
        "NAME3": " ",
        "FETYPE3": " ",
        "FEDIRS3": " ",
        "FMCDL": 46980,
        "FMCDR": 56640,
        "COUNTYL": 75,
        "COUNTYR": 75,
        "NFC": 7,
        "RU_L": 1,
        "RU_R": 1,
        "PR": 901107,
        "BMP": 1.538,
        "EMP": 1.653,
        "BPT": "38011016",
        "EPT": "38011008",
        "LRS_LINK": " 9011073801101638011008",
        "LENGTH": 185.33212099,
        "VER": "17a",
        "Shape.STLength()": 185.33213984619613,
        "ADJ_CNTY": 0,
        "LEGALSYSTEM": 3,
        "PAVENTRA_SEGMENT_ID": "NAP-22-9011073801101638011008"
      }
    },
    {
      "type": "Feature",
      "id": 716548,
      "geometry": {
        "type": "LineString",
        "coordinates": [
          [
            -84.29092104649902,
            42.19657612807923
          ],
          [
            -84.28797342558386,
            42.196546073793776
          ]
        ]
      },
      "properties": {
        "OBJECTID": 716548,
        "FCC": "A32",
        "RDNAME": "Moon Lake Rd",
        "FRADDL": 6800,
        "TOADDL": 6998,
        "FRADDR": 6801,
        "TOADDR": 6999,
        "ZIPL": 49201,
        "ZIPR": 49201,
        "FEDIRP": " ",
        "NAME": "Moon Lake",
        "FETYPE": "Rd",
        "FEDIRS": " ",
        "FEDIRP2": " ",
        "NAME2": " ",
        "FETYPE2": " ",
        "FEDIRS2": " ",
        "FEDIRP3": " ",
        "NAME3": " ",
        "FETYPE3": " ",
        "FEDIRS3": " ",
        "FMCDL": 56640,
        "FMCDR": 56640,
        "COUNTYL": 75,
        "COUNTYR": 75,
        "NFC": 7,
        "RU_L": 1,
        "RU_R": 1,
        "PR": 901107,
        "BMP": 1.387,
        "EMP": 1.538,
        "BPT": "38020245",
        "EPT": "38011016",
        "LRS_LINK": " 9011073802024538011016",
        "LENGTH": 243.38522312,
        "VER": "17a",
        "Shape.STLength()": 243.38518836915694,
        "ADJ_CNTY": 0,
        "LEGALSYSTEM": 3,
        "PAVENTRA_SEGMENT_ID": "NAP-23-9011073802024538011016"
      }
    },
    {
      "type": "Feature",
      "id": 716549,
      "geometry": {
        "type": "LineString",
        "coordinates": [
          [
            -84.29092104649902,
            42.19657612807923
          ],
          [
            -84.2910722146834,
            42.19728648463571
          ],
          [
            -84.29129440369877,
            42.197634706007825
          ],
          [
            -84.29167601673583,
            42.198314512152095
          ],
          [
            -84.29184824652317,
            42.198944082806555
          ],
          [
            -84.29183563368096,
            42.19939841139618
          ],
          [
            -84.29165185005931,
            42.19994415262284
          ],
          [
            -84.29132100779448,
            42.2004719614975
          ],
          [
            -84.29122889507526,
            42.20075266464587
          ],
          [
            -84.29128645117524,
            42.200957300046575
          ],
          [
            -84.29147129783615,
            42.20113254258339
          ],
          [
            -84.29242314442016,
            42.20177407735849
          ],
          [
            -84.29291319236312,
            42.20234583032221
          ],
          [
            -84.29340064058985,
            42.203011578367565
          ],
          [
            -84.29407817367198,
            42.20366456530617
          ],
          [
            -84.29426086534072,
            42.203918136424384
          ],
          [
            -84.29537401192799,
            42.20634885734578
          ],
          [
            -84.29539074354322,
            42.20650584456149
          ],
          [
            -84.29525994479557,
            42.20694613820805
          ]
        ]
      },
      "properties": {
        "OBJECTID": 716549,
        "FCC": "A41",
        "RDNAME": "Peninsula Dr",
        "FRADDL": 4520,
        "TOADDL": 4440,
        "FRADDR": 4519,
        "TOADDR": 4439,
        "ZIPL": 49201,
        "ZIPR": 49201,
        "FEDIRP": " ",
        "NAME": "Peninsula",
        "FETYPE": "Dr",
        "FEDIRS": " ",
        "FEDIRP2": " ",
        "NAME2": " ",
        "FETYPE2": " ",
        "FEDIRS2": " ",
        "FEDIRP3": " ",
        "NAME3": " ",
        "FETYPE3": " ",
        "FEDIRS3": " ",
        "FMCDL": 56640,
        "FMCDR": 56640,
        "COUNTYL": 75,
        "COUNTYR": 75,
        "NFC": 0,
        "RU_L": 1,
        "RU_R": 1,
        "PR": 3381423,
        "BMP": 0,
        "EMP": 0.792,
        "BPT": "38020245",
        "EPT": "38020246",
        "LRS_LINK": "33814233802024538020246",
        "LENGTH": 1275.04431415,
        "VER": "17a",
        "Shape.STLength()": 1275.0444100549228,
        "ADJ_CNTY": 0,
        "LEGALSYSTEM": 0,
        "PAVENTRA_SEGMENT_ID": "NAP-24-33814233802024538020246"
      }
    },
    {
      "type": "Feature",
      "id": 716558,
      "geometry": {
        "type": "LineString",
        "coordinates": [
          [
            -84.29646335736331,
            42.196635728914295
          ],
          [
            -84.29093999835305,
            42.196576313729494
          ],
          [
            -84.29092104649902,
            42.19657612807923
          ]
        ]
      },
      "properties": {
        "OBJECTID": 716558,
        "FCC": "A32",
        "RDNAME": "Moon Lake Rd",
        "FRADDL": 6486,
        "TOADDL": 6798,
        "FRADDR": 6487,
        "TOADDR": 6799,
        "ZIPL": 49201,
        "ZIPR": 49201,
        "FEDIRP": " ",
        "NAME": "Moon Lake",
        "FETYPE": "Rd",
        "FEDIRS": " ",
        "FEDIRP2": " ",
        "NAME2": " ",
        "FETYPE2": " ",
        "FEDIRS2": " ",
        "FEDIRP3": " ",
        "NAME3": " ",
        "FETYPE3": " ",
        "FEDIRS3": " ",
        "FMCDL": 56640,
        "FMCDR": 56640,
        "COUNTYL": 75,
        "COUNTYR": 75,
        "NFC": 7,
        "RU_L": 1,
        "RU_R": 1,
        "PR": 901107,
        "BMP": 1.103,
        "EMP": 1.387,
        "BPT": "38021678",
        "EPT": "38020245",
        "LRS_LINK": " 9011073802167838020245",
        "LENGTH": 457.63335363,
        "VER": "17a",
        "Shape.STLength()": 457.633374051312,
        "ADJ_CNTY": 0,
        "LEGALSYSTEM": 3,
        "PAVENTRA_SEGMENT_ID": "NAP-25-9011073802167838020245"
      }
    },
    {
      "type": "Feature",
      "id": 716559,
      "geometry": {
        "type": "LineString",
        "coordinates": [
          [
            -84.29646335736331,
            42.196635728914295
          ],
          [
            -84.29647230175505,
            42.19820854723062
          ],
          [
            -84.29646116221996,
            42.19903647187498
          ],
          [
            -84.2964477546605,
            42.19930791700903
          ],
          [
            -84.29648054881217,
            42.19940042939219
          ],
          [
            -84.29658487221711,
            42.19946336717419
          ],
          [
            -84.29673164068116,
            42.1994831392531
          ],
          [
            -84.29792733389198,
            42.19950143412201
          ]
        ]
      },
      "properties": {
        "OBJECTID": 716559,
        "FCC": "A41",
        "RDNAME": "Swamp Bog Ln",
        "FRADDL": 0,
        "TOADDL": 0,
        "FRADDR": 0,
        "TOADDR": 0,
        "ZIPL": 49201,
        "ZIPR": 49201,
        "FEDIRP": " ",
        "NAME": "Swamp Bog",
        "FETYPE": "Ln",
        "FEDIRS": " ",
        "FEDIRP2": " ",
        "NAME2": " ",
        "FETYPE2": " ",
        "FEDIRS2": " ",
        "FEDIRP3": " ",
        "NAME3": " ",
        "FETYPE3": " ",
        "FEDIRS3": " ",
        "FMCDL": 56640,
        "FMCDR": 56640,
        "COUNTYL": 75,
        "COUNTYR": 75,
        "NFC": 0,
        "RU_L": 1,
        "RU_R": 1,
        "PR": 3381674,
        "BMP": 0,
        "EMP": 0.267,
        "BPT": "38021678",
        "EPT": "38021679",
        "LRS_LINK": "33816743802167838021679",
        "LENGTH": 429.49046428,
        "VER": "17a",
        "Shape.STLength()": 429.49049302315564,
        "ADJ_CNTY": 0,
        "LEGALSYSTEM": 0,
        "PAVENTRA_SEGMENT_ID": "NAP-26-33816743802167838021679"
      }
    },
    {
      "type": "Feature",
      "id": 717546,
      "geometry": {
        "type": "LineString",
        "coordinates": [
          [
            -84.35532163330754,
            42.194831397051985
          ],
          [
            -84.35519348028544,
            42.19484552451369
          ],
          [
            -84.35506963369568,
            42.19485390621336
          ],
          [
            -84.35492711461917,
            42.19487562994097
          ],
          [
            -84.35478459544474,
            42.19489735349142
          ],
          [
            -84.35464592469248,
            42.19494637083083
          ],
          [
            -84.35452052774164,
            42.1950126089734
          ],
          [
            -84.3539820511248,
            42.195287226507816
          ],
          [
            -84.35380988261367,
            42.19539022174531
          ],
          [
            -84.35371688648654,
            42.195443320345824
          ],
          [
            -84.35358242642471,
            42.19550601818914
          ],
          [
            -84.3534254451082,
            42.19555476288601
          ],
          [
            -84.35262062821565,
            42.195669179873406
          ]
        ]
      },
      "properties": {
        "OBJECTID": 717546,
        "FCC": "A32",
        "RDNAME": "Miles Rd",
        "FRADDL": 3330,
        "TOADDL": 3334,
        "FRADDR": 3401,
        "TOADDR": 3599,
        "ZIPL": 49201,
        "ZIPR": 49201,
        "FEDIRP": " ",
        "NAME": "Miles",
        "FETYPE": "Rd",
        "FEDIRS": " ",
        "FEDIRP2": " ",
        "NAME2": " ",
        "FETYPE2": " ",
        "FEDIRS2": " ",
        "FEDIRP3": " ",
        "NAME3": "Miles",
        "FETYPE3": "Rd",
        "FEDIRS3": " ",
        "FMCDL": 56640,
        "FMCDR": 56640,
        "COUNTYL": 75,
        "COUNTYR": 75,
        "NFC": 7,
        "RU_L": 3,
        "RU_R": 3,
        "PR": 899403,
        "BMP": 0.276,
        "EMP": 0.429,
        "BPT": "38011254",
        "EPT": "38011197",
        "LRS_LINK": " 8994033801125438011197",
        "LENGTH": 247.00034211,
        "VER": "17a",
        "Shape.STLength()": 247.00042103971643,
        "ADJ_CNTY": 0,
        "LEGALSYSTEM": 3,
        "PAVENTRA_SEGMENT_ID": "NAP-27-8994033801125438011197"
      }
    },
    {
      "type": "Feature",
      "id": 717547,
      "geometry": {
        "type": "LineString",
        "coordinates": [
          [
            -84.35951434446524,
            42.196955025635546
          ],
          [
            -84.35939901389231,
            42.19676520590948
          ],
          [
            -84.35910369488151,
            42.19627346482357
          ],
          [
            -84.3590019176492,
            42.19611427956973
          ],
          [
            -84.35887142673832,
            42.19594750250461
          ],
          [
            -84.35877226635148,
            42.195870780909566
          ],
          [
            -84.3586345676396,
            42.19579349014502
          ],
          [
            -84.35764493442834,
            42.19544627408788
          ],
          [
            -84.35560464411152,
            42.1949091670437
          ],
          [
            -84.35550131054548,
            42.194886163850555
          ],
          [
            -84.35532163330754,
            42.194831397051985
          ]
        ]
      },
      "properties": {
        "OBJECTID": 717547,
        "FCC": "A32",
        "RDNAME": "Miles Rd",
        "FRADDL": 3300,
        "TOADDL": 3328,
        "FRADDR": 3301,
        "TOADDR": 3399,
        "ZIPL": 49201,
        "ZIPR": 49201,
        "FEDIRP": " ",
        "NAME": "Miles",
        "FETYPE": "Rd",
        "FEDIRS": " ",
        "FEDIRP2": " ",
        "NAME2": " ",
        "FETYPE2": " ",
        "FEDIRS2": " ",
        "FEDIRP3": " ",
        "NAME3": "Miles",
        "FETYPE3": "Rd",
        "FEDIRS3": " ",
        "FMCDL": 56640,
        "FMCDR": 56640,
        "COUNTYL": 75,
        "COUNTYR": 75,
        "NFC": 7,
        "RU_L": 3,
        "RU_R": 3,
        "PR": 899403,
        "BMP": 0,
        "EMP": 0.276,
        "BPT": "38011072",
        "EPT": "38011254",
        "LRS_LINK": " 8994033801107238011254",
        "LENGTH": 443.96158789,
        "VER": "17a",
        "Shape.STLength()": 443.9615441851845,
        "ADJ_CNTY": 0,
        "LEGALSYSTEM": 3,
        "PAVENTRA_SEGMENT_ID": "NAP-28-8994033801107238011254"
      }
    },
    {
      "type": "Feature",
      "id": 717549,
      "geometry": {
        "type": "LineString",
        "coordinates": [
          [
            -84.33244738692153,
            42.19660399260061
          ],
          [
            -84.33219414788054,
            42.19656148863316
          ],
          [
            -84.33180830740274,
            42.19647021737201
          ],
          [
            -84.33148986870519,
            42.19638607082741
          ],
          [
            -84.33135314754654,
            42.19634640577922
          ],
          [
            -84.33112461437423,
            42.19628331257337
          ],
          [
            -84.33084263022882,
            42.19619736822521
          ],
          [
            -84.33055900866279,
            42.19610750795352
          ],
          [
            -84.33030062613307,
            42.19601447037289
          ],
          [
            -84.32986593647638,
            42.19584077367584
          ],
          [
            -84.32940602116703,
            42.19565529829215
          ],
          [
            -84.32634672930824,
            42.19438339177307
          ]
        ]
      },
      "properties": {
        "OBJECTID": 717549,
        "FCC": "A21",
        "RDNAME": "Brooklyn Rd",
        "FRADDL": 0,
        "TOADDL": 0,
        "FRADDR": 0,
        "TOADDR": 0,
        "ZIPL": 49201,
        "ZIPR": 49201,
        "FEDIRP": " ",
        "NAME": "Brooklyn",
        "FETYPE": "Rd",
        "FEDIRS": " ",
        "FEDIRP2": " ",
        "NAME2": "M 50",
        "FETYPE2": " ",
        "FEDIRS2": " ",
        "FEDIRP3": " ",
        "NAME3": " ",
        "FETYPE3": " ",
        "FEDIRS3": " ",
        "FMCDL": 56640,
        "FMCDR": 56640,
        "COUNTYL": 75,
        "COUNTYR": 75,
        "NFC": 4,
        "RU_L": 1,
        "RU_R": 1,
        "PR": 899310,
        "BMP": 3.656,
        "EMP": 4.006,
        "BPT": "38011062",
        "EPT": "38011260",
        "LRS_LINK": " 8993103801106238011260",
        "LENGTH": 562.65289938,
        "VER": "17a",
        "Shape.STLength()": 562.6528276937132,
        "ADJ_CNTY": 0,
        "LEGALSYSTEM": 1,
        "PAVENTRA_SEGMENT_ID": "NAP-29-8993103801106238011260"
      }
    },
    {
      "type": "Feature",
      "id": 717551,
      "geometry": {
        "type": "LineString",
        "coordinates": [
          [
            -84.24848131580345,
            42.19316286158699
          ],
          [
            -84.24833756119253,
            42.19331527881275
          ],
          [
            -84.24815555530097,
            42.19342362331789
          ],
          [
            -84.2476878729784,
            42.193658106834405
          ],
          [
            -84.24719728324087,
            42.19387720647477
          ],
          [
            -84.24700708839508,
            42.19399137124932
          ],
          [
            -84.2468893758764,
            42.19409278943458
          ],
          [
            -84.24675404319093,
            42.19415619220996
          ],
          [
            -84.24663488876082,
            42.19419164701143
          ]
        ]
      },
      "properties": {
        "OBJECTID": 717551,
        "FCC": "A32",
        "RDNAME": "Hollywood Dr",
        "FRADDL": 7800,
        "TOADDL": 7988,
        "FRADDR": 7801,
        "TOADDR": 7989,
        "ZIPL": 49201,
        "ZIPR": 49201,
        "FEDIRP": " ",
        "NAME": "Hollywood",
        "FETYPE": "Dr",
        "FEDIRS": " ",
        "FEDIRP2": " ",
        "NAME2": " ",
        "FETYPE2": " ",
        "FEDIRS2": " ",
        "FEDIRP3": " ",
        "NAME3": " ",
        "FETYPE3": " ",
        "FEDIRS3": " ",
        "FMCDL": 56640,
        "FMCDR": 56640,
        "COUNTYL": 75,
        "COUNTYR": 75,
        "NFC": 7,
        "RU_L": 1,
        "RU_R": 1,
        "PR": 916109,
        "BMP": 0,
        "EMP": 0.12,
        "BPT": "38011269",
        "EPT": "38018569",
        "LRS_LINK": " 9161093801126938018569",
        "LENGTH": 192.6010164,
        "VER": "17a",
        "Shape.STLength()": 192.60104275078777,
        "ADJ_CNTY": 0,
        "LEGALSYSTEM": 3,
        "PAVENTRA_SEGMENT_ID": "NAP-30-9161093801126938018569"
      }
    },
    {
      "type": "Feature",
      "id": 717552,
      "geometry": {
        "type": "LineString",
        "coordinates": [
          [
            -84.24848131580345,
            42.19316286158699
          ],
          [
            -84.248732911238,
            42.193264472865366
          ],
          [
            -84.24882023718334,
            42.19331240050648
          ],
          [
            -84.24889430660254,
            42.19336761729606
          ],
          [
            -84.24893982831689,
            42.1934832709519
          ],
          [
            -84.24896095578903,
            42.19359854191372
          ],
          [
            -84.24895284905575,
            42.19374057469801
          ],
          [
            -84.2489252736561,
            42.19385205483407
          ],
          [
            -84.2488773698202,
            42.193963214407
          ],
          [
            -84.24879313309266,
            42.19406472938547
          ],
          [
            -84.24868882440853,
            42.19415685451522
          ],
          [
            -84.24845060294673,
            42.19423779928045
          ],
          [
            -84.24813521917572,
            42.19431450473298
          ],
          [
            -84.24803523909098,
            42.19433619062724
          ]
        ]
      },
      "properties": {
        "OBJECTID": 717552,
        "FCC": "A32",
        "RDNAME": "Lakeshore Blvd",
        "FRADDL": 7961,
        "TOADDL": 7801,
        "FRADDR": 7998,
        "TOADDR": 7800,
        "ZIPL": 49201,
        "ZIPR": 49201,
        "FEDIRP": " ",
        "NAME": "Lakeshore",
        "FETYPE": "Blvd",
        "FEDIRS": " ",
        "FEDIRP2": " ",
        "NAME2": " ",
        "FETYPE2": " ",
        "FEDIRS2": " ",
        "FEDIRP3": " ",
        "NAME3": " ",
        "FETYPE3": " ",
        "FEDIRS3": " ",
        "FMCDL": 56640,
        "FMCDR": 56640,
        "COUNTYL": 75,
        "COUNTYR": 75,
        "NFC": 7,
        "RU_L": 1,
        "RU_R": 1,
        "PR": 915609,
        "BMP": 0.219,
        "EMP": 0.339,
        "BPT": "38011269",
        "EPT": "38011140",
        "LRS_LINK": " 9156093801126938011140",
        "LENGTH": 193.12555798,
        "VER": "17a",
        "Shape.STLength()": 193.12549395649432,
        "ADJ_CNTY": 0,
        "LEGALSYSTEM": 3,
        "PAVENTRA_SEGMENT_ID": "NAP-31-9156093801126938011140"
      }
    },
    {
      "type": "Feature",
      "id": 717564,
      "geometry": {
        "type": "LineString",
        "coordinates": [
          [
            -84.25333359753215,
            42.19318176473812
          ],
          [
            -84.25326503435326,
            42.19332506991461
          ],
          [
            -84.25324038205112,
            42.193478633462234
          ],
          [
            -84.25328470747654,
            42.19363327992642
          ],
          [
            -84.25337806636024,
            42.19377662067463
          ],
          [
            -84.25345132137271,
            42.19385109596805
          ],
          [
            -84.25355856803749,
            42.193923902690166
          ],
          [
            -84.25362535846733,
            42.19393143171589
          ],
          [
            -84.2537277406388,
            42.19389983252449
          ],
          [
            -84.25384579655754,
            42.19383357342355
          ],
          [
            -84.2538959711649,
            42.19383097307192
          ],
          [
            -84.25393675309923,
            42.19383838685017
          ],
          [
            -84.25400379424916,
            42.19388346824553
          ],
          [
            -84.25410514597954,
            42.19400359933022
          ],
          [
            -84.25445662181994,
            42.19446863059276
          ],
          [
            -84.25446810627047,
            42.19449456822644
          ]
        ]
      },
      "properties": {
        "OBJECTID": 717564,
        "FCC": "A32",
        "RDNAME": "Collingwood Ct",
        "FRADDL": 8599,
        "TOADDL": 8301,
        "FRADDR": 8538,
        "TOADDR": 8300,
        "ZIPL": 49201,
        "ZIPR": 49201,
        "FEDIRP": " ",
        "NAME": "Collingwood",
        "FETYPE": "Ct",
        "FEDIRS": " ",
        "FEDIRP2": " ",
        "NAME2": " ",
        "FETYPE2": " ",
        "FEDIRS2": " ",
        "FEDIRP3": " ",
        "NAME3": " ",
        "FETYPE3": " ",
        "FEDIRS3": " ",
        "FMCDL": 56640,
        "FMCDR": 56640,
        "COUNTYL": 75,
        "COUNTYR": 75,
        "NFC": 7,
        "RU_L": 1,
        "RU_R": 1,
        "PR": 3381079,
        "BMP": 0.147,
        "EMP": 0.278,
        "BPT": "38011273",
        "EPT": "38011175",
        "LRS_LINK": "33810793801127338011175",
        "LENGTH": 211.56796617,
        "VER": "17a",
        "Shape.STLength()": 211.56788145948136,
        "ADJ_CNTY": 0,
        "LEGALSYSTEM": 3,
        "PAVENTRA_SEGMENT_ID": "NAP-32-33810793801127338011175"
      }
    },
    {
      "type": "Feature",
      "id": 717586,
      "geometry": {
        "type": "LineString",
        "coordinates": [
          [
            -84.28577290530816,
            42.19509137333493
          ],
          [
            -84.28541214385774,
            42.195021146504374
          ],
          [
            -84.2853245325492,
            42.19498110794798
          ],
          [
            -84.28518965666916,
            42.194861135691816
          ],
          [
            -84.28521631814712,
            42.19372582690736
          ],
          [
            -84.28520266552704,
            42.193620832080924
          ]
        ]
      },
      "properties": {
        "OBJECTID": 717586,
        "FCC": "A32",
        "RDNAME": "Channel Dr",
        "FRADDL": 652,
        "TOADDL": 754,
        "FRADDR": 791,
        "TOADDR": 673,
        "ZIPL": 49201,
        "ZIPR": 49201,
        "FEDIRP": " ",
        "NAME": "Channel",
        "FETYPE": "Dr",
        "FEDIRS": " ",
        "FEDIRP2": " ",
        "NAME2": " ",
        "FETYPE2": " ",
        "FEDIRS2": " ",
        "FEDIRP3": " ",
        "NAME3": " ",
        "FETYPE3": " ",
        "FEDIRS3": " ",
        "FMCDL": 56640,
        "FMCDR": 56640,
        "COUNTYL": 75,
        "COUNTYR": 75,
        "NFC": 7,
        "RU_L": 1,
        "RU_R": 1,
        "PR": 915819,
        "BMP": 0,
        "EMP": 0.121,
        "BPT": "38011138",
        "EPT": "38016869",
        "LRS_LINK": " 9158193801113838016869",
        "LENGTH": 194.43037875,
        "VER": "17a",
        "Shape.STLength()": 194.4303849587497,
        "ADJ_CNTY": 0,
        "LEGALSYSTEM": 3,
        "PAVENTRA_SEGMENT_ID": "NAP-33-9158193801113838016869"
      }
    },
    {
      "type": "Feature",
      "id": 717657,
      "geometry": {
        "type": "LineString",
        "coordinates": [
          [
            -84.32055378488353,
            42.19393865683532
          ],
          [
            -84.3205401883933,
            42.194329573766694
          ],
          [
            -84.32050792861465,
            42.194409597565546
          ],
          [
            -84.3204452390463,
            42.19450257959627
          ],
          [
            -84.32028053139753,
            42.19471131334375
          ]
        ]
      },
      "properties": {
        "OBJECTID": 717657,
        "FCC": "A41",
        "RDNAME": "Bavarian Dr",
        "FRADDL": 4734,
        "TOADDL": 4700,
        "FRADDR": 4735,
        "TOADDR": 4701,
        "ZIPL": 49201,
        "ZIPR": 49201,
        "FEDIRP": " ",
        "NAME": "Bavarian",
        "FETYPE": "Dr",
        "FEDIRS": " ",
        "FEDIRP2": " ",
        "NAME2": " ",
        "FETYPE2": " ",
        "FEDIRS2": " ",
        "FEDIRP3": " ",
        "NAME3": " ",
        "FETYPE3": " ",
        "FEDIRS3": " ",
        "FMCDL": 56640,
        "FMCDR": 56640,
        "COUNTYL": 75,
        "COUNTYR": 75,
        "NFC": 0,
        "RU_L": 1,
        "RU_R": 1,
        "PR": 901106,
        "BMP": 0.142,
        "EMP": 0.199,
        "BPT": "38018221",
        "EPT": "38011071",
        "LRS_LINK": " 9011063801822138011071",
        "LENGTH": 91.11523849,
        "VER": "17a",
        "Shape.STLength()": 91.11527341515006,
        "ADJ_CNTY": 0,
        "LEGALSYSTEM": 0,
        "PAVENTRA_SEGMENT_ID": "NAP-34-9011063801822138011071"
      }
    },
    {
      "type": "Feature",
      "id": 717678,
      "geometry": {
        "type": "LineString",
        "coordinates": [
          [
            -84.2750995334706,
            42.1931727403877
          ],
          [
            -84.27520918623648,
            42.19418315018912
          ],
          [
            -84.27529310750937,
            42.19465007947347
          ]
        ]
      },
      "properties": {
        "OBJECTID": 717678,
        "FCC": "A31",
        "RDNAME": "Napoleon Rd",
        "FRADDL": 7644,
        "TOADDL": 7634,
        "FRADDR": 7645,
        "TOADDR": 7635,
        "ZIPL": 49201,
        "ZIPR": 49201,
        "FEDIRP": " ",
        "NAME": "Napoleon",
        "FETYPE": "Rd",
        "FEDIRS": " ",
        "FEDIRP2": " ",
        "NAME2": " ",
        "FETYPE2": " ",
        "FEDIRS2": " ",
        "FEDIRP3": " ",
        "NAME3": " ",
        "FETYPE3": " ",
        "FEDIRS3": " ",
        "FMCDL": 56640,
        "FMCDR": 56640,
        "COUNTYL": 75,
        "COUNTYR": 75,
        "NFC": 5,
        "RU_L": 1,
        "RU_R": 1,
        "PR": 901203,
        "BMP": 2.777,
        "EMP": 2.88,
        "BPT": "38011329",
        "EPT": "38011181",
        "LRS_LINK": " 9012033801132938011181",
        "LENGTH": 164.85856817,
        "VER": "17a",
        "Shape.STLength()": 164.8585593883036,
        "ADJ_CNTY": 0,
        "LEGALSYSTEM": 2,
        "PAVENTRA_SEGMENT_ID": "NAP-35-9012033801132938011181"
      }
    },
    {
      "type": "Feature",
      "id": 717688,
      "geometry": {
        "type": "LineString",
        "coordinates": [
          [
            -84.2535511450331,
            42.19281573851057
          ],
          [
            -84.2535061227968,
            42.19288519852534
          ],
          [
            -84.25342420315991,
            42.19304119428259
          ],
          [
            -84.25333359753215,
            42.19318176473812
          ]
        ]
      },
      "properties": {
        "OBJECTID": 717688,
        "FCC": "A32",
        "RDNAME": "Mott Dr",
        "FRADDL": 8360,
        "TOADDL": 8300,
        "FRADDR": 8361,
        "TOADDR": 8301,
        "ZIPL": 49201,
        "ZIPR": 49201,
        "FEDIRP": " ",
        "NAME": "Mott",
        "FETYPE": "Dr",
        "FEDIRS": " ",
        "FEDIRP2": " ",
        "NAME2": " ",
        "FETYPE2": " ",
        "FEDIRS2": " ",
        "FEDIRP3": " ",
        "NAME3": " ",
        "FETYPE3": " ",
        "FEDIRS3": " ",
        "FMCDL": 56640,
        "FMCDR": 56640,
        "COUNTYL": 75,
        "COUNTYR": 75,
        "NFC": 7,
        "RU_L": 1,
        "RU_R": 1,
        "PR": 3381079,
        "BMP": 0.119,
        "EMP": 0.147,
        "BPT": "38011323",
        "EPT": "38011273",
        "LRS_LINK": "33810793801132338011273",
        "LENGTH": 44.46403386,
        "VER": "17a",
        "Shape.STLength()": 44.464073904553906,
        "ADJ_CNTY": 0,
        "LEGALSYSTEM": 3,
        "PAVENTRA_SEGMENT_ID": "NAP-36-33810793801132338011273"
      }
    },
    {
      "type": "Feature",
      "id": 717689,
      "geometry": {
        "type": "LineString",
        "coordinates": [
          [
            -84.2535511450331,
            42.19281573851057
          ],
          [
            -84.25418809410569,
            42.1935679870576
          ],
          [
            -84.25502009580379,
            42.19443622996734
          ]
        ]
      },
      "properties": {
        "OBJECTID": 717689,
        "FCC": "A32",
        "RDNAME": "Oakwood Ct",
        "FRADDL": 8999,
        "TOADDL": 8567,
        "FRADDR": 8998,
        "TOADDR": 8550,
        "ZIPL": 49201,
        "ZIPR": 49201,
        "FEDIRP": " ",
        "NAME": "Oakwood",
        "FETYPE": "Ct",
        "FEDIRS": " ",
        "FEDIRP2": " ",
        "NAME2": " ",
        "FETYPE2": " ",
        "FEDIRS2": " ",
        "FEDIRP3": " ",
        "NAME3": " ",
        "FETYPE3": " ",
        "FEDIRS3": " ",
        "FMCDL": 56640,
        "FMCDR": 56640,
        "COUNTYL": 75,
        "COUNTYR": 75,
        "NFC": 7,
        "RU_L": 1,
        "RU_R": 1,
        "PR": 916008,
        "BMP": 0,
        "EMP": 0.135,
        "BPT": "38011323",
        "EPT": "38011192",
        "LRS_LINK": " 9160083801132338011192",
        "LENGTH": 217.07656981,
        "VER": "17a",
        "Shape.STLength()": 217.0765840106577,
        "ADJ_CNTY": 0,
        "LEGALSYSTEM": 3,
        "PAVENTRA_SEGMENT_ID": "NAP-37-9160083801132338011192"
      }
    },
    {
      "type": "Feature",
      "id": 717721,
      "geometry": {
        "type": "LineString",
        "coordinates": [
          [
            -84.23951110513283,
            42.19247199266755
          ],
          [
            -84.23955476064637,
            42.19271419602905
          ]
        ]
      },
      "properties": {
        "OBJECTID": 717721,
        "FCC": "A32",
        "RDNAME": "Fairmount Dr",
        "FRADDL": 7338,
        "TOADDL": 7296,
        "FRADDR": 7339,
        "TOADDR": 7297,
        "ZIPL": 49201,
        "ZIPR": 49201,
        "FEDIRP": " ",
        "NAME": "Fairmount",
        "FETYPE": "Dr",
        "FEDIRS": " ",
        "FEDIRP2": " ",
        "NAME2": " ",
        "FETYPE2": " ",
        "FEDIRS2": " ",
        "FEDIRP3": " ",
        "NAME3": "Fairmont",
        "FETYPE3": "Dr",
        "FEDIRS3": " ",
        "FMCDL": 56640,
        "FMCDR": 56640,
        "COUNTYL": 75,
        "COUNTYR": 75,
        "NFC": 7,
        "RU_L": 1,
        "RU_R": 1,
        "PR": 915610,
        "BMP": 0.138,
        "EMP": 0.155,
        "BPT": "38011419",
        "EPT": "38017505",
        "LRS_LINK": " 9156103801141938017505",
        "LENGTH": 27.13288314,
        "VER": "17a",
        "Shape.STLength()": 27.132962814259702,
        "ADJ_CNTY": 0,
        "LEGALSYSTEM": 3,
        "PAVENTRA_SEGMENT_ID": "NAP-38-9156103801141938017505"
      }
    },
    {
      "type": "Feature",
      "id": 717725,
      "geometry": {
        "type": "LineString",
        "coordinates": [
          [
            -84.27508849376872,
            42.1930216619893
          ],
          [
            -84.2750995334706,
            42.1931727403877
          ]
        ]
      },
      "properties": {
        "OBJECTID": 717725,
        "FCC": "A31",
        "RDNAME": "Napoleon Rd",
        "FRADDL": 0,
        "TOADDL": 0,
        "FRADDR": 0,
        "TOADDR": 0,
        "ZIPL": 49201,
        "ZIPR": 49201,
        "FEDIRP": " ",
        "NAME": "Napoleon",
        "FETYPE": "Rd",
        "FEDIRS": " ",
        "FEDIRP2": " ",
        "NAME2": " ",
        "FETYPE2": " ",
        "FEDIRS2": " ",
        "FEDIRP3": " ",
        "NAME3": " ",
        "FETYPE3": " ",
        "FEDIRS3": " ",
        "FMCDL": 56640,
        "FMCDR": 56640,
        "COUNTYL": 75,
        "COUNTYR": 75,
        "NFC": 5,
        "RU_L": 1,
        "RU_R": 1,
        "PR": 901203,
        "BMP": 2.767,
        "EMP": 2.777,
        "BPT": "38011344",
        "EPT": "38011329",
        "LRS_LINK": " 9012033801134438011329",
        "LENGTH": 16.79931851,
        "VER": "17a",
        "Shape.STLength()": 16.799378578983212,
        "ADJ_CNTY": 0,
        "LEGALSYSTEM": 2,
        "PAVENTRA_SEGMENT_ID": "NAP-39-9012033801134438011329"
      }
    },
    {
      "type": "Feature",
      "id": 716566,
      "geometry": {
        "type": "LineString",
        "coordinates": [
          [
            -84.29799523499469,
            42.196649130342365
          ],
          [
            -84.29646335736331,
            42.196635728914295
          ]
        ]
      },
      "properties": {
        "OBJECTID": 716566,
        "FCC": "A32",
        "RDNAME": "Moon Lake Rd",
        "FRADDL": 6400,
        "TOADDL": 6484,
        "FRADDR": 6401,
        "TOADDR": 6485,
        "ZIPL": 49201,
        "ZIPR": 49201,
        "FEDIRP": " ",
        "NAME": "Moon Lake",
        "FETYPE": "Rd",
        "FEDIRS": " ",
        "FEDIRP2": " ",
        "NAME2": " ",
        "FETYPE2": " ",
        "FEDIRS2": " ",
        "FEDIRP3": " ",
        "NAME3": " ",
        "FETYPE3": " ",
        "FEDIRS3": " ",
        "FMCDL": 56640,
        "FMCDR": 56640,
        "COUNTYL": 75,
        "COUNTYR": 75,
        "NFC": 7,
        "RU_L": 1,
        "RU_R": 1,
        "PR": 901107,
        "BMP": 1.024,
        "EMP": 1.103,
        "BPT": "38011021",
        "EPT": "38021678",
        "LRS_LINK": " 9011073801102138021678",
        "LENGTH": 126.4838859,
        "VER": "17a",
        "Shape.STLength()": 126.48391024652108,
        "ADJ_CNTY": 0,
        "LEGALSYSTEM": 3,
        "PAVENTRA_SEGMENT_ID": "NAP-40-9011073801102138021678"
      }
    },
    {
      "type": "Feature",
      "id": 716567,
      "geometry": {
        "type": "LineString",
        "coordinates": [
          [
            -84.29799523499469,
            42.196649130342365
          ],
          [
            -84.29800473088335,
            42.1968546810335
          ],
          [
            -84.298047779239,
            42.197037434231575
          ],
          [
            -84.29813106747017,
            42.19718828663598
          ],
          [
            -84.29825863073272,
            42.19730204174835
          ],
          [
            -84.29836626833493,
            42.19738048140975
          ],
          [
            -84.2985243171521,
            42.19751621771711
          ],
          [
            -84.29863901374277,
            42.19763828393678
          ],
          [
            -84.29874619464707,
            42.19787404454339
          ],
          [
            -84.29878307668892,
            42.19812173641939
          ],
          [
            -84.29878193148548,
            42.198555320501484
          ]
        ]
      },
      "properties": {
        "OBJECTID": 716567,
        "FCC": "A32",
        "RDNAME": "Bonnymede Ln",
        "FRADDL": 4498,
        "TOADDL": 4452,
        "FRADDR": 4499,
        "TOADDR": 4441,
        "ZIPL": 49201,
        "ZIPR": 49201,
        "FEDIRP": " ",
        "NAME": "Bonnymede",
        "FETYPE": "Ln",
        "FEDIRS": " ",
        "FEDIRP2": " ",
        "NAME2": " ",
        "FETYPE2": " ",
        "FEDIRS2": " ",
        "FEDIRP3": " ",
        "NAME3": "Bonnymede",
        "FETYPE3": "St",
        "FEDIRS3": " ",
        "FMCDL": 56640,
        "FMCDR": 56640,
        "COUNTYL": 75,
        "COUNTYR": 75,
        "NFC": 7,
        "RU_L": 1,
        "RU_R": 1,
        "PR": 915707,
        "BMP": 0,
        "EMP": 0.143,
        "BPT": "38011021",
        "EPT": "38010833",
        "LRS_LINK": " 9157073801102138010833",
        "LENGTH": 230.34448724,
        "VER": "17a",
        "Shape.STLength()": 230.34448130179226,
        "ADJ_CNTY": 0,
        "LEGALSYSTEM": 3,
        "PAVENTRA_SEGMENT_ID": "NAP-41-9157073801102138010833"
      }
    },
    {
      "type": "Feature",
      "id": 716570,
      "geometry": {
        "type": "LineString",
        "coordinates": [
          [
            -84.29924400323316,
            42.19665788264567
          ],
          [
            -84.29799523499469,
            42.196649130342365
          ]
        ]
      },
      "properties": {
        "OBJECTID": 716570,
        "FCC": "A32",
        "RDNAME": "Moon Lake Rd",
        "FRADDL": 6294,
        "TOADDL": 6334,
        "FRADDR": 6295,
        "TOADDR": 6335,
        "ZIPL": 49201,
        "ZIPR": 49201,
        "FEDIRP": " ",
        "NAME": "Moon Lake",
        "FETYPE": "Rd",
        "FEDIRS": " ",
        "FEDIRP2": " ",
        "NAME2": " ",
        "FETYPE2": " ",
        "FEDIRS2": " ",
        "FEDIRP3": " ",
        "NAME3": " ",
        "FETYPE3": " ",
        "FEDIRS3": " ",
        "FMCDL": 56640,
        "FMCDR": 56640,
        "COUNTYL": 75,
        "COUNTYR": 75,
        "NFC": 7,
        "RU_L": 1,
        "RU_R": 1,
        "PR": 901107,
        "BMP": 0.96,
        "EMP": 1.024,
        "BPT": "38011022",
        "EPT": "38011021",
        "LRS_LINK": " 9011073801102238011021",
        "LENGTH": 103.10562871,
        "VER": "17a",
        "Shape.STLength()": 103.10559123849686,
        "ADJ_CNTY": 0,
        "LEGALSYSTEM": 3,
        "PAVENTRA_SEGMENT_ID": "NAP-42-9011073801102238011021"
      }
    },
    {
      "type": "Feature",
      "id": 716571,
      "geometry": {
        "type": "LineString",
        "coordinates": [
          [
            -84.29924400323316,
            42.19665788264567
          ],
          [
            -84.29924150189898,
            42.19688334631815
          ],
          [
            -84.29931140852752,
            42.197043748336334
          ],
          [
            -84.29945107504723,
            42.19721171860226
          ],
          [
            -84.29957904328037,
            42.197316254843656
          ],
          [
            -84.29976157399447,
            42.1974482521597
          ],
          [
            -84.29985802307638,
            42.19755124708524
          ],
          [
            -84.2999233283981,
            42.197658380125986
          ],
          [
            -84.29997456933198,
            42.197825287816904
          ],
          [
            -84.29999708716078,
            42.198341894857485
          ],
          [
            -84.29997279931956,
            42.19854759569144
          ]
        ]
      },
      "properties": {
        "OBJECTID": 716571,
        "FCC": "A32",
        "RDNAME": "Meadowood St",
        "FRADDL": 4498,
        "TOADDL": 4400,
        "FRADDR": 4499,
        "TOADDR": 4401,
        "ZIPL": 49201,
        "ZIPR": 49201,
        "FEDIRP": " ",
        "NAME": "Meadowood",
        "FETYPE": "St",
        "FEDIRS": " ",
        "FEDIRP2": " ",
        "NAME2": " ",
        "FETYPE2": " ",
        "FEDIRS2": " ",
        "FEDIRP3": " ",
        "NAME3": " ",
        "FETYPE3": " ",
        "FEDIRS3": " ",
        "FMCDL": 56640,
        "FMCDR": 56640,
        "COUNTYL": 75,
        "COUNTYR": 75,
        "NFC": 7,
        "RU_L": 1,
        "RU_R": 1,
        "PR": 915706,
        "BMP": 0,
        "EMP": 0.142,
        "BPT": "38011022",
        "EPT": "38010834",
        "LRS_LINK": " 9157063801102238010834",
        "LENGTH": 228.7223558,
        "VER": "17a",
        "Shape.STLength()": 228.7223094111248,
        "ADJ_CNTY": 0,
        "LEGALSYSTEM": 3,
        "PAVENTRA_SEGMENT_ID": "NAP-43-9157063801102238010834"
      }
    },
    {
      "type": "Feature",
      "id": 716678,
      "geometry": {
        "type": "LineString",
        "coordinates": [
          [
            -84.26723505369772,
            42.195883427590836
          ],
          [
            -84.26712466503729,
            42.195957079442316
          ],
          [
            -84.26694699020294,
            42.19603809307626
          ],
          [
            -84.26673102298379,
            42.19612508637896
          ],
          [
            -84.26661698241504,
            42.19616847596644
          ],
          [
            -84.26649925283428,
            42.1962006349702
          ],
          [
            -84.2663867777866,
            42.19622658065305
          ],
          [
            -84.26624909378431,
            42.19624583954097
          ],
          [
            -84.26607932542483,
            42.1962620798574
          ],
          [
            -84.26588766302514,
            42.196274202618405
          ]
        ]
      },
      "properties": {
        "OBJECTID": 716678,
        "FCC": "A32",
        "RDNAME": "S Portage Rd",
        "FRADDL": 7994,
        "TOADDL": 6548,
        "FRADDR": 7951,
        "TOADDR": 7901,
        "ZIPL": 49201,
        "ZIPR": 49201,
        "FEDIRP": "S",
        "NAME": "Portage",
        "FETYPE": "Rd",
        "FEDIRS": " ",
        "FEDIRP2": " ",
        "NAME2": " ",
        "FETYPE2": " ",
        "FEDIRS2": " ",
        "FEDIRP3": " ",
        "NAME3": " ",
        "FETYPE3": " ",
        "FEDIRS3": " ",
        "FMCDL": 56640,
        "FMCDR": 56640,
        "COUNTYL": 75,
        "COUNTYR": 75,
        "NFC": 7,
        "RU_L": 1,
        "RU_R": 1,
        "PR": 915902,
        "BMP": 0.455,
        "EMP": 0.531,
        "BPT": "38019740",
        "EPT": "38019739",
        "LRS_LINK": " 9159023801974038019739",
        "LENGTH": 121.9665168,
        "VER": "17a",
        "Shape.STLength()": 121.96649573653329,
        "ADJ_CNTY": 0,
        "LEGALSYSTEM": 3,
        "PAVENTRA_SEGMENT_ID": "NAP-44-9159023801974038019739"
      }
    },
    {
      "type": "Feature",
      "id": 716735,
      "geometry": {
        "type": "LineString",
        "coordinates": [
          [
            -84.34550927969273,
            42.196890101731476
          ],
          [
            -84.34405955164475,
            42.196891008045675
          ],
          [
            -84.34302537370469,
            42.19688892107923
          ],
          [
            -84.3394423618435,
            42.196848655723514
          ]
        ]
      },
      "properties": {
        "OBJECTID": 716735,
        "FCC": "A21",
        "RDNAME": "Brooklyn Rd",
        "FRADDL": 4504,
        "TOADDL": 4654,
        "FRADDR": 4485,
        "TOADDR": 4525,
        "ZIPL": 49201,
        "ZIPR": 49201,
        "FEDIRP": " ",
        "NAME": "Brooklyn",
        "FETYPE": "Rd",
        "FEDIRS": " ",
        "FEDIRP2": " ",
        "NAME2": "M 50",
        "FETYPE2": " ",
        "FEDIRS2": " ",
        "FEDIRP3": " ",
        "NAME3": " ",
        "FETYPE3": " ",
        "FEDIRS3": " ",
        "FMCDL": 56640,
        "FMCDR": 56640,
        "COUNTYL": 75,
        "COUNTYR": 75,
        "NFC": 4,
        "RU_L": 3,
        "RU_R": 3,
        "PR": 899310,
        "BMP": 2.985,
        "EMP": 3.296,
        "BPT": "38011054",
        "EPT": "38011049",
        "LRS_LINK": " 8993103801105438011049",
        "LENGTH": 500.93042884,
        "VER": "17a",
        "Shape.STLength()": 500.93046532432584,
        "ADJ_CNTY": 0,
        "LEGALSYSTEM": 1,
        "PAVENTRA_SEGMENT_ID": "NAP-45-8993103801105438011049"
      }
    },
    {
      "type": "Feature",
      "id": 716737,
      "geometry": {
        "type": "LineString",
        "coordinates": [
          [
            -84.3479724000499,
            42.19691938366091
          ],
          [
            -84.34775103024198,
            42.19691909281844
          ],
          [
            -84.34550927969273,
            42.196890101731476
          ]
        ]
      },
      "properties": {
        "OBJECTID": 716737,
        "FCC": "A21",
        "RDNAME": "Brooklyn Rd",
        "FRADDL": 4440,
        "TOADDL": 4486,
        "FRADDR": 4441,
        "TOADDR": 4483,
        "ZIPL": 49201,
        "ZIPR": 49201,
        "FEDIRP": " ",
        "NAME": "Brooklyn",
        "FETYPE": "Rd",
        "FEDIRS": " ",
        "FEDIRP2": " ",
        "NAME2": "M 50",
        "FETYPE2": " ",
        "FEDIRS2": " ",
        "FEDIRP3": " ",
        "NAME3": " ",
        "FETYPE3": " ",
        "FEDIRS3": " ",
        "FMCDL": 56640,
        "FMCDR": 56640,
        "COUNTYL": 75,
        "COUNTYR": 75,
        "NFC": 4,
        "RU_L": 3,
        "RU_R": 3,
        "PR": 899310,
        "BMP": 2.859,
        "EMP": 2.985,
        "BPT": "38011060",
        "EPT": "38011054",
        "LRS_LINK": " 8993103801106038011054",
        "LENGTH": 203.38787751,
        "VER": "17a",
        "Shape.STLength()": 203.38786087045486,
        "ADJ_CNTY": 0,
        "LEGALSYSTEM": 1,
        "PAVENTRA_SEGMENT_ID": "NAP-46-8993103801106038011054"
      }
    },
    {
      "type": "Feature",
      "id": 716759,
      "geometry": {
        "type": "LineString",
        "coordinates": [
          [
            -84.23226068871251,
            42.19659681088115
          ],
          [
            -84.23214389755842,
            42.196286466368996
          ],
          [
            -84.23198266425392,
            42.19601116802135
          ],
          [
            -84.23167544848035,
            42.19572518153851
          ],
          [
            -84.23142082339638,
            42.19543718338508
          ],
          [
            -84.2313177630783,
            42.19518843467843
          ],
          [
            -84.23130445767879,
            42.19506764493511
          ]
        ]
      },
      "properties": {
        "OBJECTID": 716759,
        "FCC": "A41",
        "RDNAME": "Mack Island Rd",
        "FRADDL": 3111,
        "TOADDL": 3599,
        "FRADDR": 3112,
        "TOADDR": 3600,
        "ZIPL": 49240,
        "ZIPR": 49240,
        "FEDIRP": " ",
        "NAME": "Mack Island",
        "FETYPE": "Rd",
        "FEDIRS": " ",
        "FEDIRP2": " ",
        "NAME2": " ",
        "FETYPE2": " ",
        "FEDIRS2": " ",
        "FEDIRP3": " ",
        "NAME3": " ",
        "FETYPE3": " ",
        "FEDIRS3": " ",
        "FMCDL": 56640,
        "FMCDR": 56640,
        "COUNTYL": 75,
        "COUNTYR": 75,
        "NFC": 0,
        "RU_L": 1,
        "RU_R": 1,
        "PR": 917314,
        "BMP": 0.173,
        "EMP": 0.291,
        "BPT": "38010913",
        "EPT": "38011080",
        "LRS_LINK": " 9173143801091338011080",
        "LENGTH": 190.3884828,
        "VER": "17a",
        "Shape.STLength()": 190.38846231079575,
        "ADJ_CNTY": 0,
        "LEGALSYSTEM": 0,
        "PAVENTRA_SEGMENT_ID": "NAP-47-9173143801091338011080"
      }
    },
    {
      "type": "Feature",
      "id": 716765,
      "geometry": {
        "type": "LineString",
        "coordinates": [
          [
            -84.35459110027764,
            42.19694274211542
          ],
          [
            -84.35063816340093,
            42.19693056905232
          ],
          [
            -84.34834801278998,
            42.19692497526695
          ],
          [
            -84.3479724000499,
            42.19691938366091
          ]
        ]
      },
      "properties": {
        "OBJECTID": 716765,
        "FCC": "A21",
        "RDNAME": "Brooklyn Rd",
        "FRADDL": 4266,
        "TOADDL": 4438,
        "FRADDR": 4267,
        "TOADDR": 4439,
        "ZIPL": 49203,
        "ZIPR": 49203,
        "FEDIRP": " ",
        "NAME": "Brooklyn",
        "FETYPE": "Rd",
        "FEDIRS": " ",
        "FEDIRP2": " ",
        "NAME2": "M 50",
        "FETYPE2": " ",
        "FEDIRS2": " ",
        "FEDIRP3": " ",
        "NAME3": " ",
        "FETYPE3": " ",
        "FEDIRS3": " ",
        "FMCDL": 56640,
        "FMCDR": 56640,
        "COUNTYL": 75,
        "COUNTYR": 75,
        "NFC": 4,
        "RU_L": 3,
        "RU_R": 3,
        "PR": 899310,
        "BMP": 2.519,
        "EMP": 2.859,
        "BPT": "38011067",
        "EPT": "38011060",
        "LRS_LINK": " 8993103801106738011060",
        "LENGTH": 546.46218875,
        "VER": "17a",
        "Shape.STLength()": 546.4621568529002,
        "ADJ_CNTY": 0,
        "LEGALSYSTEM": 1,
        "PAVENTRA_SEGMENT_ID": "NAP-48-8993103801106738011060"
      }
    },
    {
      "type": "Feature",
      "id": 716766,
      "geometry": {
        "type": "LineString",
        "coordinates": [
          [
            -84.35459110027764,
            42.19694274211542
          ],
          [
            -84.3545893122407,
            42.19812208559024
          ]
        ]
      },
      "properties": {
        "OBJECTID": 716766,
        "FCC": "A32",
        "RDNAME": "Kenmar St",
        "FRADDL": 4506,
        "TOADDL": 4488,
        "FRADDR": 4499,
        "TOADDR": 4483,
        "ZIPL": 49203,
        "ZIPR": 49203,
        "FEDIRP": " ",
        "NAME": "Kenmar",
        "FETYPE": "St",
        "FEDIRS": " ",
        "FEDIRP2": " ",
        "NAME2": " ",
        "FETYPE2": " ",
        "FEDIRS2": " ",
        "FEDIRP3": " ",
        "NAME3": " ",
        "FETYPE3": " ",
        "FEDIRS3": " ",
        "FMCDL": 56640,
        "FMCDR": 56640,
        "COUNTYL": 75,
        "COUNTYR": 75,
        "NFC": 7,
        "RU_L": 3,
        "RU_R": 3,
        "PR": 901010,
        "BMP": 0,
        "EMP": 0.081,
        "BPT": "38011067",
        "EPT": "38010944",
        "LRS_LINK": " 9010103801106738010944",
        "LENGTH": 130.94589805,
        "VER": "17a",
        "Shape.STLength()": 130.94588111922423,
        "ADJ_CNTY": 0,
        "LEGALSYSTEM": 3,
        "PAVENTRA_SEGMENT_ID": "NAP-49-9010103801106738010944"
      }
    },
    {
      "type": "Feature",
      "id": 716771,
      "geometry": {
        "type": "LineString",
        "coordinates": [
          [
            -84.33493772654313,
            42.197665191124585
          ],
          [
            -84.33357292031727,
            42.19707888269715
          ],
          [
            -84.33244738692153,
            42.19660399260061
          ]
        ]
      },
      "properties": {
        "OBJECTID": 716771,
        "FCC": "A31",
        "RDNAME": "E South St",
        "FRADDL": 4502,
        "TOADDL": 4698,
        "FRADDR": 4503,
        "TOADDR": 4699,
        "ZIPL": 49201,
        "ZIPR": 49201,
        "FEDIRP": "E",
        "NAME": "South",
        "FETYPE": "St",
        "FEDIRS": " ",
        "FEDIRP2": " ",
        "NAME2": " ",
        "FETYPE2": " ",
        "FEDIRS2": " ",
        "FEDIRP3": " ",
        "NAME3": " ",
        "FETYPE3": " ",
        "FEDIRS3": " ",
        "FMCDL": 56640,
        "FMCDR": 56640,
        "COUNTYL": 75,
        "COUNTYR": 75,
        "NFC": 4,
        "RU_L": 3,
        "RU_R": 3,
        "PR": 900904,
        "BMP": 5.121,
        "EMP": 5.268,
        "BPT": "38010969",
        "EPT": "38011062",
        "LRS_LINK": " 9009043801096938011062",
        "LENGTH": 236.97714258,
        "VER": "17a",
        "Shape.STLength()": 236.97721107852618,
        "ADJ_CNTY": 0,
        "LEGALSYSTEM": 2,
        "PAVENTRA_SEGMENT_ID": "NAP-50-9009043801096938011062"
      }
    },
    {
      "type": "Feature",
      "id": 716772,
      "geometry": {
        "type": "LineString",
        "coordinates": [
          [
            -84.3394423618435,
            42.196848655723514
          ],
          [
            -84.33509383006736,
            42.19681749970131
          ],
          [
            -84.33412461151288,
            42.19679106406414
          ],
          [
            -84.33244738692153,
            42.19660399260061
          ]
        ]
      },
      "properties": {
        "OBJECTID": 716772,
        "FCC": "A21",
        "RDNAME": "Brooklyn Rd",
        "FRADDL": 4656,
        "TOADDL": 4840,
        "FRADDR": 4579,
        "TOADDR": 4653,
        "ZIPL": 49201,
        "ZIPR": 49201,
        "FEDIRP": " ",
        "NAME": "Brooklyn",
        "FETYPE": "Rd",
        "FEDIRS": " ",
        "FEDIRP2": " ",
        "NAME2": "M 50",
        "FETYPE2": " ",
        "FEDIRS2": " ",
        "FEDIRP3": " ",
        "NAME3": " ",
        "FETYPE3": " ",
        "FEDIRS3": " ",
        "FMCDL": 56640,
        "FMCDR": 56640,
        "COUNTYL": 75,
        "COUNTYR": 75,
        "NFC": 4,
        "RU_L": 3,
        "RU_R": 3,
        "PR": 899310,
        "BMP": 3.296,
        "EMP": 3.656,
        "BPT": "38011049",
        "EPT": "38011062",
        "LRS_LINK": " 8993103801104938011062",
        "LENGTH": 579.13880056,
        "VER": "17a",
        "Shape.STLength()": 579.1388102257262,
        "ADJ_CNTY": 0,
        "LEGALSYSTEM": 1,
        "PAVENTRA_SEGMENT_ID": "NAP-51-8993103801104938011062"
      }
    },
    {
      "type": "Feature",
      "id": 716792,
      "geometry": {
        "type": "LineString",
        "coordinates": [
          [
            -84.35718699702213,
            42.196944224769794
          ],
          [
            -84.35459110027764,
            42.19694274211542
          ]
        ]
      },
      "properties": {
        "OBJECTID": 716792,
        "FCC": "A21",
        "RDNAME": "Brooklyn Rd",
        "FRADDL": 4204,
        "TOADDL": 4244,
        "FRADDR": 3747,
        "TOADDR": 3921,
        "ZIPL": 49203,
        "ZIPR": 49203,
        "FEDIRP": " ",
        "NAME": "Brooklyn",
        "FETYPE": "Rd",
        "FEDIRS": " ",
        "FEDIRP2": " ",
        "NAME2": "M 50",
        "FETYPE2": " ",
        "FEDIRS2": " ",
        "FEDIRP3": " ",
        "NAME3": " ",
        "FETYPE3": " ",
        "FEDIRS3": " ",
        "FMCDL": 56640,
        "FMCDR": 56640,
        "COUNTYL": 75,
        "COUNTYR": 75,
        "NFC": 4,
        "RU_L": 3,
        "RU_R": 3,
        "PR": 899310,
        "BMP": 2.386,
        "EMP": 2.519,
        "BPT": "38011070",
        "EPT": "38011067",
        "LRS_LINK": " 8993103801107038011067",
        "LENGTH": 214.32207506,
        "VER": "17a",
        "Shape.STLength()": 214.32207436045874,
        "ADJ_CNTY": 0,
        "LEGALSYSTEM": 1,
        "PAVENTRA_SEGMENT_ID": "NAP-52-8993103801107038011067"
      }
    },
    {
      "type": "Feature",
      "id": 716800,
      "geometry": {
        "type": "LineString",
        "coordinates": [
          [
            -84.35951434446524,
            42.196955025635546
          ],
          [
            -84.35718699702213,
            42.196944224769794
          ]
        ]
      },
      "properties": {
        "OBJECTID": 716800,
        "FCC": "A21",
        "RDNAME": "Brooklyn Rd",
        "FRADDL": 4134,
        "TOADDL": 4202,
        "FRADDR": 4143,
        "TOADDR": 4203,
        "ZIPL": 49203,
        "ZIPR": 49203,
        "FEDIRP": " ",
        "NAME": "Brooklyn",
        "FETYPE": "Rd",
        "FEDIRS": " ",
        "FEDIRP2": " ",
        "NAME2": "M 50",
        "FETYPE2": " ",
        "FEDIRS2": " ",
        "FEDIRP3": " ",
        "NAME3": " ",
        "FETYPE3": " ",
        "FEDIRS3": " ",
        "FMCDL": 56640,
        "FMCDR": 56640,
        "COUNTYL": 75,
        "COUNTYR": 75,
        "NFC": 4,
        "RU_L": 3,
        "RU_R": 3,
        "PR": 899310,
        "BMP": 2.266,
        "EMP": 2.386,
        "BPT": "38011072",
        "EPT": "38011070",
        "LRS_LINK": " 8993103801107238011070",
        "LENGTH": 192.15372886,
        "VER": "17a",
        "Shape.STLength()": 192.1538175912464,
        "ADJ_CNTY": 0,
        "LEGALSYSTEM": 1,
        "PAVENTRA_SEGMENT_ID": "NAP-53-8993103801107238011070"
      }
    },
    {
      "type": "Feature",
      "id": 717796,
      "geometry": {
        "type": "LineString",
        "coordinates": [
          [
            -84.23951110513283,
            42.19247199266755
          ],
          [
            -84.23942301350516,
            42.19248049862587
          ],
          [
            -84.23915199990611,
            42.19246235665742
          ],
          [
            -84.23899789547146,
            42.192452001811155
          ],
          [
            -84.23876662574934,
            42.19244042655552
          ],
          [
            -84.23850608613286,
            42.192428387919705
          ],
          [
            -84.2382563610136,
            42.19241058141343
          ],
          [
            -84.23784545339176,
            42.19235063154805
          ],
          [
            -84.23760993952507,
            42.19230137402382
          ]
        ]
      },
      "properties": {
        "OBJECTID": 717796,
        "FCC": "A32",
        "RDNAME": "Fisk Ave",
        "FRADDL": 7723,
        "TOADDL": 7001,
        "FRADDR": 7354,
        "TOADDR": 7000,
        "ZIPL": 49201,
        "ZIPR": 49201,
        "FEDIRP": " ",
        "NAME": "Fisk",
        "FETYPE": "Ave",
        "FEDIRS": " ",
        "FEDIRP2": " ",
        "NAME2": " ",
        "FETYPE2": " ",
        "FEDIRS2": " ",
        "FEDIRP3": " ",
        "NAME3": " ",
        "FETYPE3": " ",
        "FEDIRS3": " ",
        "FMCDL": 56640,
        "FMCDR": 56640,
        "COUNTYL": 75,
        "COUNTYR": 75,
        "NFC": 7,
        "RU_L": 1,
        "RU_R": 1,
        "PR": 916201,
        "BMP": 0,
        "EMP": 0.099,
        "BPT": "38011419",
        "EPT": "38011345",
        "LRS_LINK": " 9162013801141938011345",
        "LENGTH": 158.7587364,
        "VER": "17a",
        "Shape.STLength()": 158.75873321287395,
        "ADJ_CNTY": 0,
        "LEGALSYSTEM": 3,
        "PAVENTRA_SEGMENT_ID": "NAP-54-9162013801141938011345"
      }
    },
    {
      "type": "Feature",
      "id": 717800,
      "geometry": {
        "type": "LineString",
        "coordinates": [
          [
            -84.28577290530816,
            42.19509137333493
          ],
          [
            -84.2858001135259,
            42.19492200145372
          ],
          [
            -84.28585132908958,
            42.19354453074428
          ],
          [
            -84.28585876939503,
            42.19341797433845
          ],
          [
            -84.28586707900196,
            42.19327664690913
          ],
          [
            -84.28586516747886,
            42.19319648780338
          ],
          [
            -84.28585436925071,
            42.19313776578144
          ],
          [
            -84.28579325893045,
            42.19309984097744
          ],
          [
            -84.28570323630458,
            42.19305838995154
          ],
          [
            -84.28559884505665,
            42.19303508452097
          ]
        ]
      },
      "properties": {
        "OBJECTID": 717800,
        "FCC": "A32",
        "RDNAME": "Dollar Lake Rd",
        "FRADDL": 665,
        "TOADDL": 763,
        "FRADDR": 660,
        "TOADDR": 798,
        "ZIPL": 49201,
        "ZIPR": 49201,
        "FEDIRP": " ",
        "NAME": "Dollar Lake",
        "FETYPE": "Rd",
        "FEDIRS": " ",
        "FEDIRP2": " ",
        "NAME2": " ",
        "FETYPE2": " ",
        "FEDIRS2": " ",
        "FEDIRP3": " ",
        "NAME3": " ",
        "FETYPE3": " ",
        "FEDIRS3": " ",
        "FMCDL": 56640,
        "FMCDR": 56640,
        "COUNTYL": 75,
        "COUNTYR": 75,
        "NFC": 7,
        "RU_L": 1,
        "RU_R": 1,
        "PR": 915718,
        "BMP": 0.1,
        "EMP": 0.25,
        "BPT": "38011138",
        "EPT": "38011303",
        "LRS_LINK": " 9157183801113838011303",
        "LENGTH": 241.51054635,
        "VER": "17a",
        "Shape.STLength()": 241.5105422857014,
        "ADJ_CNTY": 0,
        "LEGALSYSTEM": 3,
        "PAVENTRA_SEGMENT_ID": "NAP-55-9157183801113838011303"
      }
    },
    {
      "type": "Feature",
      "id": 717822,
      "geometry": {
        "type": "LineString",
        "coordinates": [
          [
            -84.2540897943855,
            42.1924670867215
          ],
          [
            -84.25392319308523,
            42.19255966666495
          ],
          [
            -84.25378716673576,
            42.192632993032895
          ],
          [
            -84.25369585567373,
            42.192704001814676
          ],
          [
            -84.2535511450331,
            42.19281573851057
          ]
        ]
      },
      "properties": {
        "OBJECTID": 717822,
        "FCC": "A32",
        "RDNAME": "Mott Dr",
        "FRADDL": 8420,
        "TOADDL": 8362,
        "FRADDR": 8421,
        "TOADDR": 8363,
        "ZIPL": 49201,
        "ZIPR": 49201,
        "FEDIRP": " ",
        "NAME": "Mott",
        "FETYPE": "Dr",
        "FEDIRS": " ",
        "FEDIRP2": " ",
        "NAME2": " ",
        "FETYPE2": " ",
        "FEDIRS2": " ",
        "FEDIRP3": " ",
        "NAME3": " ",
        "FETYPE3": " ",
        "FEDIRS3": " ",
        "FMCDL": 56640,
        "FMCDR": 56640,
        "COUNTYL": 75,
        "COUNTYR": 75,
        "NFC": 7,
        "RU_L": 1,
        "RU_R": 1,
        "PR": 3381079,
        "BMP": 0.082,
        "EMP": 0.119,
        "BPT": "38011377",
        "EPT": "38011323",
        "LRS_LINK": "33810793801137738011323",
        "LENGTH": 59.17756047,
        "VER": "17a",
        "Shape.STLength()": 59.17756427232944,
        "ADJ_CNTY": 0,
        "LEGALSYSTEM": 3,
        "PAVENTRA_SEGMENT_ID": "NAP-56-33810793801137738011323"
      }
    },
    {
      "type": "Feature",
      "id": 717823,
      "geometry": {
        "type": "LineString",
        "coordinates": [
          [
            -84.2540897943855,
            42.1924670867215
          ],
          [
            -84.25547721908598,
            42.19396413889515
          ]
        ]
      },
      "properties": {
        "OBJECTID": 717823,
        "FCC": "A32",
        "RDNAME": "Glenwood Ct",
        "FRADDL": 8799,
        "TOADDL": 8579,
        "FRADDR": 8798,
        "TOADDR": 8618,
        "ZIPL": 49201,
        "ZIPR": 49201,
        "FEDIRP": " ",
        "NAME": "Glenwood",
        "FETYPE": "Ct",
        "FEDIRS": " ",
        "FEDIRP2": " ",
        "NAME2": " ",
        "FETYPE2": " ",
        "FEDIRS2": " ",
        "FEDIRP3": " ",
        "NAME3": " ",
        "FETYPE3": " ",
        "FEDIRS3": " ",
        "FMCDL": 56640,
        "FMCDR": 56640,
        "COUNTYL": 75,
        "COUNTYR": 75,
        "NFC": 7,
        "RU_L": 1,
        "RU_R": 1,
        "PR": 916007,
        "BMP": 0,
        "EMP": 0.125,
        "BPT": "38011377",
        "EPT": "38011209",
        "LRS_LINK": " 9160073801137738011209",
        "LENGTH": 201.87245213,
        "VER": "17a",
        "Shape.STLength()": 201.87242300393584,
        "ADJ_CNTY": 0,
        "LEGALSYSTEM": 3,
        "PAVENTRA_SEGMENT_ID": "NAP-57-9160073801137738011209"
      }
    },
    {
      "type": "Feature",
      "id": 717881,
      "geometry": {
        "type": "LineString",
        "coordinates": [
          [
            -84.25487901427044,
            42.19231824763714
          ],
          [
            -84.25482508775225,
            42.19233637226272
          ],
          [
            -84.2547710966185,
            42.19235181766415
          ],
          [
            -84.25433783959166,
            42.19235045638256
          ],
          [
            -84.2542816709853,
            42.19235681671471
          ],
          [
            -84.25420498138516,
            42.192381889055646
          ],
          [
            -84.2540897943855,
            42.1924670867215
          ]
        ]
      },
      "properties": {
        "OBJECTID": 717881,
        "FCC": "A32",
        "RDNAME": "Mott Dr",
        "FRADDL": 8435,
        "TOADDL": 8497,
        "FRADDR": 8430,
        "TOADDR": 8474,
        "ZIPL": 49201,
        "ZIPR": 49201,
        "FEDIRP": " ",
        "NAME": "Mott",
        "FETYPE": "Dr",
        "FEDIRS": " ",
        "FEDIRP2": " ",
        "NAME2": " ",
        "FETYPE2": " ",
        "FEDIRS2": " ",
        "FEDIRP3": " ",
        "NAME3": " ",
        "FETYPE3": " ",
        "FEDIRS3": " ",
        "FMCDL": 56640,
        "FMCDR": 56640,
        "COUNTYL": 75,
        "COUNTYR": 75,
        "NFC": 7,
        "RU_L": 1,
        "RU_R": 1,
        "PR": 3381079,
        "BMP": 0.038,
        "EMP": 0.082,
        "BPT": "38011396",
        "EPT": "38011377",
        "LRS_LINK": "33810793801139638011377",
        "LENGTH": 70.45837815,
        "VER": "17a",
        "Shape.STLength()": 70.45841249131567,
        "ADJ_CNTY": 0,
        "LEGALSYSTEM": 3,
        "PAVENTRA_SEGMENT_ID": "NAP-58-33810793801139638011377"
      }
    },
    {
      "type": "Feature",
      "id": 717882,
      "geometry": {
        "type": "LineString",
        "coordinates": [
          [
            -84.25487901427044,
            42.19231824763714
          ],
          [
            -84.25593670758109,
            42.19350055457695
          ]
        ]
      },
      "properties": {
        "OBJECTID": 717882,
        "FCC": "A32",
        "RDNAME": "Wildwood Ct",
        "FRADDL": 9999,
        "TOADDL": 501,
        "FRADDR": 9998,
        "TOADDR": 500,
        "ZIPL": 49201,
        "ZIPR": 49201,
        "FEDIRP": " ",
        "NAME": "Wildwood",
        "FETYPE": "Ct",
        "FEDIRS": " ",
        "FEDIRP2": " ",
        "NAME2": " ",
        "FETYPE2": " ",
        "FEDIRS2": " ",
        "FEDIRP3": " ",
        "NAME3": " ",
        "FETYPE3": " ",
        "FEDIRS3": " ",
        "FMCDL": 56640,
        "FMCDR": 56640,
        "COUNTYL": 75,
        "COUNTYR": 75,
        "NFC": 7,
        "RU_L": 1,
        "RU_R": 1,
        "PR": 916006,
        "BMP": 0,
        "EMP": 0.098,
        "BPT": "38011396",
        "EPT": "38011247",
        "LRS_LINK": " 9160063801139638011247",
        "LENGTH": 157.66953534,
        "VER": "17a",
        "Shape.STLength()": 157.66947328845873,
        "ADJ_CNTY": 0,
        "LEGALSYSTEM": 3,
        "PAVENTRA_SEGMENT_ID": "NAP-59-9160063801139638011247"
      }
    },
    {
      "type": "Feature",
      "id": 717885,
      "geometry": {
        "type": "LineString",
        "coordinates": [
          [
            -84.32632026307971,
            42.193414120000355
          ],
          [
            -84.32634672930824,
            42.19438339177307
          ]
        ]
      },
      "properties": {
        "OBJECTID": 717885,
        "FCC": "A31",
        "RDNAME": "Clark Lake Rd",
        "FRADDL": 5500,
        "TOADDL": 4597,
        "FRADDR": 5501,
        "TOADDR": 5029,
        "ZIPL": 49201,
        "ZIPR": 49201,
        "FEDIRP": " ",
        "NAME": "Clark Lake",
        "FETYPE": "Rd",
        "FEDIRS": " ",
        "FEDIRP2": " ",
        "NAME2": "Clarklake",
        "FETYPE2": "Rd",
        "FEDIRS2": " ",
        "FEDIRP3": " ",
        "NAME3": "Clark Lake",
        "FETYPE3": "Rd",
        "FEDIRS3": " ",
        "FMCDL": 56640,
        "FMCDR": 56640,
        "COUNTYL": 75,
        "COUNTYR": 75,
        "NFC": 6,
        "RU_L": 1,
        "RU_R": 1,
        "PR": 3380002,
        "BMP": 2.325,
        "EMP": 2.392,
        "BPT": "38025413",
        "EPT": "38011260",
        "LRS_LINK": "33800023802541338011260",
        "LENGTH": 107.64302117,
        "VER": "17a",
        "Shape.STLength()": 107.64302876847158,
        "ADJ_CNTY": 0,
        "LEGALSYSTEM": 2,
        "PAVENTRA_SEGMENT_ID": "NAP-60-33800023802541338011260"
      }
    },
    {
      "type": "Feature",
      "id": 717933,
      "geometry": {
        "type": "LineString",
        "coordinates": [
          [
            -84.32036926077745,
            42.19319286208625
          ],
          [
            -84.3205185816821,
            42.193358649355076
          ],
          [
            -84.32054669002332,
            42.19343063864729
          ],
          [
            -84.32056817590558,
            42.19352489172957
          ],
          [
            -84.32055378488353,
            42.19393865683532
          ]
        ]
      },
      "properties": {
        "OBJECTID": 717933,
        "FCC": "A32",
        "RDNAME": "Bavarian Dr",
        "FRADDL": 4768,
        "TOADDL": 4736,
        "FRADDR": 4769,
        "TOADDR": 4737,
        "ZIPL": 49201,
        "ZIPR": 49201,
        "FEDIRP": " ",
        "NAME": "Bavarian",
        "FETYPE": "Dr",
        "FEDIRS": " ",
        "FEDIRP2": " ",
        "NAME2": " ",
        "FETYPE2": " ",
        "FEDIRS2": " ",
        "FEDIRP3": " ",
        "NAME3": " ",
        "FETYPE3": " ",
        "FEDIRS3": " ",
        "FMCDL": 56640,
        "FMCDR": 56640,
        "COUNTYL": 75,
        "COUNTYR": 75,
        "NFC": 7,
        "RU_L": 1,
        "RU_R": 1,
        "PR": 901106,
        "BMP": 0.088,
        "EMP": 0.142,
        "BPT": "38011350",
        "EPT": "38018221",
        "LRS_LINK": " 9011063801135038018221",
        "LENGTH": 87.04968985,
        "VER": "17a",
        "Shape.STLength()": 87.04966543874326,
        "ADJ_CNTY": 0,
        "LEGALSYSTEM": 3,
        "PAVENTRA_SEGMENT_ID": "NAP-61-9011063801135038018221"
      }
    },
    {
      "type": "Feature",
      "id": 717940,
      "geometry": {
        "type": "LineString",
        "coordinates": [
          [
            -84.22887345406477,
            42.19175070548559
          ],
          [
            -84.22914203040361,
            42.19176663863362
          ],
          [
            -84.22929262654802,
            42.19177285037039
          ],
          [
            -84.22950849093904,
            42.191787842043055
          ],
          [
            -84.22965403912825,
            42.191837770209204
          ],
          [
            -84.22975828301762,
            42.19191099608137
          ]
        ]
      },
      "properties": {
        "OBJECTID": 717940,
        "FCC": "A41",
        "RDNAME": "Greenes Dr",
        "FRADDL": 0,
        "TOADDL": 0,
        "FRADDR": 7152,
        "TOADDR": 7188,
        "ZIPL": 49201,
        "ZIPR": 49201,
        "FEDIRP": " ",
        "NAME": "Greenes",
        "FETYPE": "Dr",
        "FEDIRS": " ",
        "FEDIRP2": " ",
        "NAME2": " ",
        "FETYPE2": " ",
        "FEDIRS2": " ",
        "FEDIRP3": " ",
        "NAME3": " ",
        "FETYPE3": " ",
        "FEDIRS3": " ",
        "FMCDL": 56640,
        "FMCDR": 56640,
        "COUNTYL": 75,
        "COUNTYR": 75,
        "NFC": 0,
        "RU_L": 1,
        "RU_R": 1,
        "PR": 918219,
        "BMP": 0.043,
        "EMP": 0.091,
        "BPT": "38011402",
        "EPT": "38020541",
        "LRS_LINK": " 9182193801140238020541",
        "LENGTH": 77.67592442,
        "VER": "17a",
        "Shape.STLength()": 77.67601319429343,
        "ADJ_CNTY": 0,
        "LEGALSYSTEM": 0,
        "PAVENTRA_SEGMENT_ID": "NAP-62-9182193801140238020541"
      }
    },
    {
      "type": "Feature",
      "id": 717945,
      "geometry": {
        "type": "LineString",
        "coordinates": [
          [
            -84.35096428765226,
            42.193610524476384
          ],
          [
            -84.3508632372111,
            42.1958050968183
          ]
        ]
      },
      "properties": {
        "OBJECTID": 717945,
        "FCC": "A32",
        "RDNAME": "Hatt Rd",
        "FRADDL": 4798,
        "TOADDL": 4700,
        "FRADDR": 4799,
        "TOADDR": 4701,
        "ZIPL": 49201,
        "ZIPR": 49201,
        "FEDIRP": " ",
        "NAME": "Hatt",
        "FETYPE": "Rd",
        "FEDIRS": " ",
        "FEDIRP2": " ",
        "NAME2": " ",
        "FETYPE2": " ",
        "FEDIRS2": " ",
        "FEDIRP3": " ",
        "NAME3": " ",
        "FETYPE3": " ",
        "FEDIRS3": " ",
        "FMCDL": 56640,
        "FMCDR": 56640,
        "COUNTYL": 75,
        "COUNTYR": 75,
        "NFC": 7,
        "RU_L": 3,
        "RU_R": 3,
        "PR": 915802,
        "BMP": 0,
        "EMP": 0.152,
        "BPT": "38011408",
        "EPT": "38011179",
        "LRS_LINK": " 9158023801140838011179",
        "LENGTH": 243.81215943,
        "VER": "17a",
        "Shape.STLength()": 243.81215819466425,
        "ADJ_CNTY": 0,
        "LEGALSYSTEM": 3,
        "PAVENTRA_SEGMENT_ID": "NAP-63-9158023801140838011179"
      }
    },
    {
      "type": "Feature",
      "id": 717946,
      "geometry": {
        "type": "LineString",
        "coordinates": [
          [
            -84.23337822276463,
            42.19182188070013
          ],
          [
            -84.23279614203683,
            42.19179437998043
          ]
        ]
      },
      "properties": {
        "OBJECTID": 717946,
        "FCC": "A32",
        "RDNAME": "Kenward Dr",
        "FRADDL": 7283,
        "TOADDL": 7275,
        "FRADDR": 7284,
        "TOADDR": 7274,
        "ZIPL": 49201,
        "ZIPR": 49201,
        "FEDIRP": " ",
        "NAME": "Kenward",
        "FETYPE": "Dr",
        "FEDIRS": " ",
        "FEDIRP2": " ",
        "NAME2": " ",
        "FETYPE2": " ",
        "FEDIRS2": " ",
        "FEDIRP3": " ",
        "NAME3": "Kenward",
        "FETYPE3": "St",
        "FEDIRS3": " ",
        "FMCDL": 56640,
        "FMCDR": 56640,
        "COUNTYL": 75,
        "COUNTYR": 75,
        "NFC": 7,
        "RU_L": 1,
        "RU_R": 1,
        "PR": 918205,
        "BMP": 0,
        "EMP": 0.03,
        "BPT": "38011441",
        "EPT": "38011406",
        "LRS_LINK": " 9182053801144138011406",
        "LENGTH": 48.15840002,
        "VER": "17a",
        "Shape.STLength()": 48.15841109640142,
        "ADJ_CNTY": 0,
        "LEGALSYSTEM": 3,
        "PAVENTRA_SEGMENT_ID": "NAP-64-9182053801144138011406"
      }
    },
    {
      "type": "Feature",
      "id": 717947,
      "geometry": {
        "type": "LineString",
        "coordinates": [
          [
            -84.23760993952507,
            42.19230137402382
          ],
          [
            -84.23736905595807,
            42.19228534320359
          ],
          [
            -84.23712708958685,
            42.19225237965935
          ],
          [
            -84.23698281017069,
            42.192201148825035
          ],
          [
            -84.23684969647476,
            42.192143103136445
          ],
          [
            -84.23667348953371,
            42.192057570559186
          ],
          [
            -84.23656410633723,
            42.191991742205055
          ],
          [
            -84.23651053535669,
            42.19192470477658
          ],
          [
            -84.23648822914544,
            42.19185289152779
          ]
        ]
      },
      "properties": {
        "OBJECTID": 717947,
        "FCC": "A32",
        "RDNAME": "Fisk Ave",
        "FRADDL": 9726,
        "TOADDL": 7356,
        "FRADDR": 9727,
        "TOADDR": 7725,
        "ZIPL": 49201,
        "ZIPR": 49201,
        "FEDIRP": " ",
        "NAME": "Fisk",
        "FETYPE": "Ave",
        "FEDIRS": " ",
        "FEDIRP2": " ",
        "NAME2": " ",
        "FETYPE2": " ",
        "FEDIRS2": " ",
        "FEDIRP3": " ",
        "NAME3": " ",
        "FETYPE3": " ",
        "FEDIRS3": " ",
        "FMCDL": 56640,
        "FMCDR": 56640,
        "COUNTYL": 75,
        "COUNTYR": 75,
        "NFC": 7,
        "RU_L": 1,
        "RU_R": 1,
        "PR": 916201,
        "BMP": 0.099,
        "EMP": 0.168,
        "BPT": "38011345",
        "EPT": "38011376",
        "LRS_LINK": " 9162013801134538011376",
        "LENGTH": 112.05715146,
        "VER": "17a",
        "Shape.STLength()": 112.05720955124652,
        "ADJ_CNTY": 0,
        "LEGALSYSTEM": 3,
        "PAVENTRA_SEGMENT_ID": "NAP-65-9162013801134538011376"
      }
    },
    {
      "type": "Feature",
      "id": 717956,
      "geometry": {
        "type": "LineString",
        "coordinates": [
          [
            -84.23080320122347,
            42.19172728222778
          ],
          [
            -84.23028805655623,
            42.19172456544467
          ]
        ]
      },
      "properties": {
        "OBJECTID": 717956,
        "FCC": "A32",
        "RDNAME": "Kenward Dr",
        "FRADDL": 7263,
        "TOADDL": 7251,
        "FRADDR": 7262,
        "TOADDR": 7250,
        "ZIPL": 49201,
        "ZIPR": 49201,
        "FEDIRP": " ",
        "NAME": "Kenward",
        "FETYPE": "Dr",
        "FEDIRS": " ",
        "FEDIRP2": " ",
        "NAME2": " ",
        "FETYPE2": " ",
        "FEDIRS2": " ",
        "FEDIRP3": " ",
        "NAME3": "Kenward",
        "FETYPE3": "St",
        "FEDIRS3": " ",
        "FMCDL": 56640,
        "FMCDR": 56640,
        "COUNTYL": 75,
        "COUNTYR": 75,
        "NFC": 7,
        "RU_L": 1,
        "RU_R": 1,
        "PR": 918205,
        "BMP": 0.132,
        "EMP": 0.159,
        "BPT": "38016845",
        "EPT": "38011409",
        "LRS_LINK": " 9182053801684538011409",
        "LENGTH": 42.53584454,
        "VER": "17a",
        "Shape.STLength()": 42.535828409589016,
        "ADJ_CNTY": 0,
        "LEGALSYSTEM": 3,
        "PAVENTRA_SEGMENT_ID": "NAP-66-9182053801684538011409"
      }
    },
    {
      "type": "Feature",
      "id": 717957,
      "geometry": {
        "type": "LineString",
        "coordinates": [
          [
            -84.23279614203683,
            42.19179437998043
          ],
          [
            -84.23080320122347,
            42.19172728222778
          ]
        ]
      },
      "properties": {
        "OBJECTID": 717957,
        "FCC": "A32",
        "RDNAME": "Kenward Dr",
        "FRADDL": 7273,
        "TOADDL": 7265,
        "FRADDR": 7272,
        "TOADDR": 7264,
        "ZIPL": 49201,
        "ZIPR": 49201,
        "FEDIRP": " ",
        "NAME": "Kenward",
        "FETYPE": "Dr",
        "FEDIRS": " ",
        "FEDIRP2": " ",
        "NAME2": " ",
        "FETYPE2": " ",
        "FEDIRS2": " ",
        "FEDIRP3": " ",
        "NAME3": "Kenward",
        "FETYPE3": "St",
        "FEDIRS3": " ",
        "FMCDL": 56640,
        "FMCDR": 56640,
        "COUNTYL": 75,
        "COUNTYR": 75,
        "NFC": 7,
        "RU_L": 1,
        "RU_R": 1,
        "PR": 918205,
        "BMP": 0.03,
        "EMP": 0.132,
        "BPT": "38011406",
        "EPT": "38016845",
        "LRS_LINK": " 9182053801140638016845",
        "LENGTH": 164.72271943,
        "VER": "17a",
        "Shape.STLength()": 164.72274342889023,
        "ADJ_CNTY": 0,
        "LEGALSYSTEM": 3,
        "PAVENTRA_SEGMENT_ID": "NAP-67-9182053801140638016845"
      }
    },
    {
      "type": "Feature",
      "id": 717963,
      "geometry": {
        "type": "LineString",
        "coordinates": [
          [
            -84.35214498773311,
            42.19356998556786
          ],
          [
            -84.35213823972464,
            42.193571226848334
          ],
          [
            -84.35195317804836,
            42.19359784359371
          ],
          [
            -84.35168504877917,
            42.193610815129446
          ],
          [
            -84.35096428765226,
            42.193610524476384
          ]
        ]
      },
      "properties": {
        "OBJECTID": 717963,
        "FCC": "A32",
        "RDNAME": "Ackerson Lake Dr",
        "FRADDL": 281,
        "TOADDL": 271,
        "FRADDR": 282,
        "TOADDR": 270,
        "ZIPL": 49201,
        "ZIPR": 49201,
        "FEDIRP": " ",
        "NAME": "Ackerson Lake",
        "FETYPE": "Dr",
        "FEDIRS": " ",
        "FEDIRP2": " ",
        "NAME2": " ",
        "FETYPE2": " ",
        "FEDIRS2": " ",
        "FEDIRP3": " ",
        "NAME3": " ",
        "FETYPE3": " ",
        "FEDIRS3": " ",
        "FMCDL": 56640,
        "FMCDR": 56640,
        "COUNTYL": 75,
        "COUNTYR": 75,
        "NFC": 7,
        "RU_L": 3,
        "RU_R": 3,
        "PR": 915801,
        "BMP": 0.379,
        "EMP": 0.44,
        "BPT": "38011413",
        "EPT": "38011408",
        "LRS_LINK": " 9158013801141338011408",
        "LENGTH": 97.83273204,
        "VER": "17a",
        "Shape.STLength()": 97.83267707648515,
        "ADJ_CNTY": 0,
        "LEGALSYSTEM": 3,
        "PAVENTRA_SEGMENT_ID": "NAP-68-9158013801141338011408"
      }
    },
    {
      "type": "Feature",
      "id": 718767,
      "geometry": {
        "type": "LineString",
        "coordinates": [
          [
            -84.23286124622848,
            42.18924182263281
          ],
          [
            -84.23190995099027,
            42.189228099728034
          ],
          [
            -84.23174347023827,
            42.189216152134236
          ],
          [
            -84.23156528426138,
            42.1891761049664
          ],
          [
            -84.23140316919282,
            42.18911281603273
          ]
        ]
      },
      "properties": {
        "OBJECTID": 718767,
        "FCC": "A31",
        "RDNAME": "Rexford Rd",
        "FRADDL": 9502,
        "TOADDL": 9940,
        "FRADDR": 9483,
        "TOADDR": 9641,
        "ZIPL": 49201,
        "ZIPR": 49201,
        "FEDIRP": " ",
        "NAME": "Rexford",
        "FETYPE": "Rd",
        "FEDIRS": " ",
        "FEDIRP2": " ",
        "NAME2": " ",
        "FETYPE2": " ",
        "FEDIRS2": " ",
        "FEDIRP3": " ",
        "NAME3": " ",
        "FETYPE3": " ",
        "FEDIRS3": " ",
        "FMCDL": 56640,
        "FMCDR": 56640,
        "COUNTYL": 75,
        "COUNTYR": 75,
        "NFC": 6,
        "RU_L": 1,
        "RU_R": 1,
        "PR": 915408,
        "BMP": 0.861,
        "EMP": 0.937,
        "BPT": "38011629",
        "EPT": "38011631",
        "LRS_LINK": " 9154083801162938011631",
        "LENGTH": 122.86438503,
        "VER": "17a",
        "Shape.STLength()": 122.86432495962455,
        "ADJ_CNTY": 0,
        "LEGALSYSTEM": 2,
        "PAVENTRA_SEGMENT_ID": "NAP-69-9154083801162938011631"
      }
    },
    {
      "type": "Feature",
      "id": 718768,
      "geometry": {
        "type": "LineString",
        "coordinates": [
          [
            -84.23655099511573,
            42.19002316904033
          ],
          [
            -84.23654572637422,
            42.18997173769527
          ],
          [
            -84.23651978124519,
            42.18979708987413
          ],
          [
            -84.23648356211434,
            42.189621831645816
          ],
          [
            -84.23645544236807,
            42.18954443026777
          ],
          [
            -84.23637768832148,
            42.18943942581212
          ],
          [
            -84.23626084465945,
            42.189333441952876
          ],
          [
            -84.2361671926415,
            42.18927343662727
          ],
          [
            -84.235940083011,
            42.18920271178003
          ],
          [
            -84.235804260451,
            42.189182231944294
          ],
          [
            -84.23521850954205,
            42.18918353534362
          ],
          [
            -84.23286124622848,
            42.18924182263281
          ]
        ]
      },
      "properties": {
        "OBJECTID": 718768,
        "FCC": "A31",
        "RDNAME": "Rexford Rd",
        "FRADDL": 9178,
        "TOADDL": 9394,
        "FRADDR": 9001,
        "TOADDR": 9481,
        "ZIPL": 49201,
        "ZIPR": 49201,
        "FEDIRP": " ",
        "NAME": "Rexford",
        "FETYPE": "Rd",
        "FEDIRS": " ",
        "FEDIRP2": " ",
        "NAME2": " ",
        "FETYPE2": " ",
        "FEDIRS2": " ",
        "FEDIRP3": " ",
        "NAME3": " ",
        "FETYPE3": " ",
        "FEDIRS3": " ",
        "FMCDL": 56640,
        "FMCDR": 56640,
        "COUNTYL": 75,
        "COUNTYR": 75,
        "NFC": 6,
        "RU_L": 1,
        "RU_R": 1,
        "PR": 915408,
        "BMP": 0.632,
        "EMP": 0.861,
        "BPT": "38011581",
        "EPT": "38011629",
        "LRS_LINK": " 9154083801158138011629",
        "LENGTH": 367.45277181,
        "VER": "17a",
        "Shape.STLength()": 367.4528018891172,
        "ADJ_CNTY": 0,
        "LEGALSYSTEM": 2,
        "PAVENTRA_SEGMENT_ID": "NAP-70-9154083801158138011629"
      }
    },
    {
      "type": "Feature",
      "id": 718810,
      "geometry": {
        "type": "LineString",
        "coordinates": [
          [
            -84.24893337743677,
            42.18925759162988
          ],
          [
            -84.24890894619857,
            42.189674692751126
          ],
          [
            -84.24884057318847,
            42.18988840796171
          ],
          [
            -84.2487229567961,
            42.19007729451675
          ],
          [
            -84.24857631137182,
            42.19018374001521
          ]
        ]
      },
      "properties": {
        "OBJECTID": 718810,
        "FCC": "A31",
        "RDNAME": "Oak Point Rd",
        "FRADDL": 4986,
        "TOADDL": 7228,
        "FRADDR": 7201,
        "TOADDR": 7515,
        "ZIPL": 49201,
        "ZIPR": 49201,
        "FEDIRP": " ",
        "NAME": "Oak Point",
        "FETYPE": "Rd",
        "FEDIRS": " ",
        "FEDIRP2": " ",
        "NAME2": " ",
        "FETYPE2": " ",
        "FEDIRS2": " ",
        "FEDIRP3": " ",
        "NAME3": "Oakpoint",
        "FETYPE3": "Rd",
        "FEDIRS3": " ",
        "FMCDL": 56640,
        "FMCDR": 56640,
        "COUNTYL": 75,
        "COUNTYR": 75,
        "NFC": 6,
        "RU_L": 1,
        "RU_R": 1,
        "PR": 3381068,
        "BMP": 1.091,
        "EMP": 1.16,
        "BPT": "38011644",
        "EPT": "38011587",
        "LRS_LINK": "33810683801164438011587",
        "LENGTH": 110.78003281,
        "VER": "17a",
        "Shape.STLength()": 110.77998413278566,
        "ADJ_CNTY": 0,
        "LEGALSYSTEM": 2,
        "PAVENTRA_SEGMENT_ID": "NAP-71-33810683801164438011587"
      }
    },
    {
      "type": "Feature",
      "id": 718822,
      "geometry": {
        "type": "LineString",
        "coordinates": [
          [
            -84.25531558357248,
            42.19186790110281
          ],
          [
            -84.2552137252303,
            42.19176030272847
          ],
          [
            -84.25518456073831,
            42.19172949474172
          ],
          [
            -84.25503123092514,
            42.19146528455366
          ],
          [
            -84.25497347973375,
            42.19120257118899
          ],
          [
            -84.2549503724044,
            42.19094722907449
          ],
          [
            -84.25493260787526,
            42.19080437165771
          ],
          [
            -84.25486987232185,
            42.19056420548857
          ],
          [
            -84.2547744371082,
            42.190404332683435
          ],
          [
            -84.25459499455006,
            42.19029485727835
          ],
          [
            -84.25438376673706,
            42.19023336630543
          ],
          [
            -84.25418095335635,
            42.19018170347677
          ],
          [
            -84.25389893451532,
            42.19016435245882
          ],
          [
            -84.25334303505285,
            42.19014916921619
          ],
          [
            -84.25305241943343,
            42.19012844905292
          ],
          [
            -84.25281947286153,
            42.190066615314954
          ],
          [
            -84.25261785308383,
            42.189972949771885
          ],
          [
            -84.25250774104241,
            42.189871023408166
          ],
          [
            -84.25238061978233,
            42.18975590205521
          ],
          [
            -84.25212619287379,
            42.18953211861089
          ],
          [
            -84.25207009380073,
            42.189477727346144
          ],
          [
            -84.25196921155452,
            42.18939713481568
          ],
          [
            -84.25187046236839,
            42.18935163086886
          ],
          [
            -84.25175266968466,
            42.189321622223495
          ],
          [
            -84.25158086823232,
            42.189282318257646
          ],
          [
            -84.25147126802052,
            42.189274965203474
          ],
          [
            -84.25034879747301,
            42.18926878211383
          ],
          [
            -84.24893337743677,
            42.18925759162988
          ]
        ]
      },
      "properties": {
        "OBJECTID": 718822,
        "FCC": "A32",
        "RDNAME": "Oak Point Dr",
        "FRADDL": 4984,
        "TOADDL": 8372,
        "FRADDR": 8441,
        "TOADDR": 8999,
        "ZIPL": 49201,
        "ZIPR": 49201,
        "FEDIRP": " ",
        "NAME": "Oak Point",
        "FETYPE": "Dr",
        "FEDIRS": " ",
        "FEDIRP2": " ",
        "NAME2": " ",
        "FETYPE2": " ",
        "FEDIRS2": " ",
        "FEDIRP3": " ",
        "NAME3": "Oakpoint",
        "FETYPE3": "Dr",
        "FEDIRS3": " ",
        "FMCDL": 56640,
        "FMCDR": 56640,
        "COUNTYL": 75,
        "COUNTYR": 75,
        "NFC": 7,
        "RU_L": 1,
        "RU_R": 1,
        "PR": 916001,
        "BMP": 0.012,
        "EMP": 0.445,
        "BPT": "38018602",
        "EPT": "38011644",
        "LRS_LINK": " 9160013801860238011644",
        "LENGTH": 697.0869017,
        "VER": "17a",
        "Shape.STLength()": 697.0869595772123,
        "ADJ_CNTY": 0,
        "LEGALSYSTEM": 3,
        "PAVENTRA_SEGMENT_ID": "NAP-72-9160013801860238011644"
      }
    },
    {
      "type": "Feature",
      "id": 718866,
      "geometry": {
        "type": "LineString",
        "coordinates": [
          [
            -84.31336954554075,
            42.190108620985114
          ],
          [
            -84.31291391962931,
            42.191139044929
          ],
          [
            -84.31287367664969,
            42.19122775392258
          ],
          [
            -84.31284523732432,
            42.19132621318316
          ],
          [
            -84.31282781705677,
            42.191463119162805
          ],
          [
            -84.31283342233883,
            42.19172797512283
          ],
          [
            -84.31285591368295,
            42.19184634664836
          ],
          [
            -84.31289634412752,
            42.19193628010129
          ],
          [
            -84.31296329027012,
            42.19199790553781
          ],
          [
            -84.31306471412752,
            42.192053674169415
          ],
          [
            -84.31322616945933,
            42.19211035303011
          ],
          [
            -84.31345159444474,
            42.19218076083452
          ],
          [
            -84.31370764813468,
            42.192229302904146
          ],
          [
            -84.31393963859112,
            42.1922748699736
          ]
        ]
      },
      "properties": {
        "OBJECTID": 718866,
        "FCC": "A41",
        "RDNAME": "Morningstar Ln",
        "FRADDL": 0,
        "TOADDL": 0,
        "FRADDR": 0,
        "TOADDR": 0,
        "ZIPL": 49201,
        "ZIPR": 49201,
        "FEDIRP": " ",
        "NAME": "Morningstar",
        "FETYPE": "Ln",
        "FEDIRS": " ",
        "FEDIRP2": " ",
        "NAME2": " ",
        "FETYPE2": " ",
        "FEDIRS2": " ",
        "FEDIRP3": " ",
        "NAME3": " ",
        "FETYPE3": " ",
        "FEDIRS3": " ",
        "FMCDL": 56640,
        "FMCDR": 56640,
        "COUNTYL": 75,
        "COUNTYR": 75,
        "NFC": 0,
        "RU_L": 1,
        "RU_R": 1,
        "PR": 3381366,
        "BMP": 0,
        "EMP": 0.19,
        "BPT": "38020112",
        "EPT": "38020114",
        "LRS_LINK": "33813663802011238020114",
        "LENGTH": 306.26756303,
        "VER": "17a",
        "Shape.STLength()": 306.26745808625384,
        "ADJ_CNTY": 0,
        "LEGALSYSTEM": 0,
        "PAVENTRA_SEGMENT_ID": "NAP-73-33813663802011238020114"
      }
    },
    {
      "type": "Feature",
      "id": 718867,
      "geometry": {
        "type": "LineString",
        "coordinates": [
          [
            -84.31723276389646,
            42.19124069310328
          ],
          [
            -84.31708820809881,
            42.19119791945282
          ],
          [
            -84.31538684223577,
            42.1906975100871
          ],
          [
            -84.31336954554075,
            42.190108620985114
          ]
        ]
      },
      "properties": {
        "OBJECTID": 718867,
        "FCC": "A21",
        "RDNAME": "Brooklyn Rd",
        "FRADDL": 0,
        "TOADDL": 0,
        "FRADDR": 5885,
        "TOADDR": 5831,
        "ZIPL": 49201,
        "ZIPR": 49201,
        "FEDIRP": " ",
        "NAME": "Brooklyn",
        "FETYPE": "Rd",
        "FEDIRS": " ",
        "FEDIRP2": " ",
        "NAME2": "M 50",
        "FETYPE2": " ",
        "FEDIRS2": " ",
        "FEDIRP3": " ",
        "NAME3": " ",
        "FETYPE3": " ",
        "FEDIRS3": " ",
        "FMCDL": 56640,
        "FMCDR": 56640,
        "COUNTYL": 75,
        "COUNTYR": 75,
        "NFC": 4,
        "RU_L": 1,
        "RU_R": 1,
        "PR": 899310,
        "BMP": 4.522,
        "EMP": 4.735,
        "BPT": "38020116",
        "EPT": "38020112",
        "LRS_LINK": " 8993103802011638020112",
        "LENGTH": 342.85839929,
        "VER": "17a",
        "Shape.STLength()": 342.8584130568281,
        "ADJ_CNTY": 0,
        "LEGALSYSTEM": 1,
        "PAVENTRA_SEGMENT_ID": "NAP-74-8993103802011638020112"
      }
    },
    {
      "type": "Feature",
      "id": 718998,
      "geometry": {
        "type": "LineString",
        "coordinates": [
          [
            -84.3057869900833,
            42.18950879268338
          ],
          [
            -84.30570738410181,
            42.189541564846486
          ],
          [
            -84.30564222446554,
            42.18960287803304
          ],
          [
            -84.30560249546605,
            42.18966269128991
          ],
          [
            -84.30558720726471,
            42.18975686043353
          ],
          [
            -84.30563327361125,
            42.192554652146015
          ]
        ]
      },
      "properties": {
        "OBJECTID": 718998,
        "FCC": "A41",
        "RDNAME": "Hessler Dr",
        "FRADDL": 4804,
        "TOADDL": 4700,
        "FRADDR": 4799,
        "TOADDR": 4701,
        "ZIPL": 49201,
        "ZIPR": 49201,
        "FEDIRP": " ",
        "NAME": "Hessler",
        "FETYPE": "Dr",
        "FEDIRS": " ",
        "FEDIRP2": " ",
        "NAME2": " ",
        "FETYPE2": " ",
        "FEDIRS2": " ",
        "FEDIRP3": " ",
        "NAME3": " ",
        "FETYPE3": " ",
        "FEDIRS3": " ",
        "FMCDL": 56640,
        "FMCDR": 56640,
        "COUNTYL": 75,
        "COUNTYR": 75,
        "NFC": 0,
        "RU_L": 1,
        "RU_R": 1,
        "PR": 3380669,
        "BMP": 0,
        "EMP": 0.214,
        "BPT": "38011692",
        "EPT": "38011446",
        "LRS_LINK": "33806693801169238011446",
        "LENGTH": 344.79877308,
        "VER": "17a",
        "Shape.STLength()": 344.7987544359665,
        "ADJ_CNTY": 0,
        "LEGALSYSTEM": 0,
        "PAVENTRA_SEGMENT_ID": "NAP-75-33806693801169238011446"
      }
    },
    {
      "type": "Feature",
      "id": 719011,
      "geometry": {
        "type": "LineString",
        "coordinates": [
          [
            -84.30695317806281,
            42.18947745748628
          ],
          [
            -84.30616610617406,
            42.189478692187144
          ],
          [
            -84.30595790506909,
            42.18947929817433
          ],
          [
            -84.3057869900833,
            42.18950879268338
          ]
        ]
      },
      "properties": {
        "OBJECTID": 719011,
        "FCC": "A41",
        "RDNAME": "Reese Dr",
        "FRADDL": 6000,
        "TOADDL": 6008,
        "FRADDR": 6001,
        "TOADDR": 6009,
        "ZIPL": 49201,
        "ZIPR": 49201,
        "FEDIRP": " ",
        "NAME": "Reese",
        "FETYPE": "Dr",
        "FEDIRS": " ",
        "FEDIRP2": " ",
        "NAME2": " ",
        "FETYPE2": " ",
        "FEDIRS2": " ",
        "FEDIRP3": " ",
        "NAME3": "Rees",
        "FETYPE3": "Dr",
        "FEDIRS3": " ",
        "FMCDL": 56640,
        "FMCDR": 56640,
        "COUNTYL": 75,
        "COUNTYR": 75,
        "NFC": 0,
        "RU_L": 1,
        "RU_R": 1,
        "PR": 3380670,
        "BMP": 0,
        "EMP": 0.06,
        "BPT": "38011693",
        "EPT": "38011692",
        "LRS_LINK": "33806703801169338011692",
        "LENGTH": 96.66910975,
        "VER": "17a",
        "Shape.STLength()": 96.66916116940321,
        "ADJ_CNTY": 0,
        "LEGALSYSTEM": 0,
        "PAVENTRA_SEGMENT_ID": "NAP-76-33806703801169338011692"
      }
    },
    {
      "type": "Feature",
      "id": 719012,
      "geometry": {
        "type": "LineString",
        "coordinates": [
          [
            -84.30695317806281,
            42.18947745748628
          ],
          [
            -84.30703422129197,
            42.19254456007067
          ]
        ]
      },
      "properties": {
        "OBJECTID": 719012,
        "FCC": "A32",
        "RDNAME": "Moon Lake Rd",
        "FRADDL": 5498,
        "TOADDL": 4760,
        "FRADDR": 5815,
        "TOADDR": 4779,
        "ZIPL": 49201,
        "ZIPR": 49201,
        "FEDIRP": " ",
        "NAME": "Moon Lake",
        "FETYPE": "Rd",
        "FEDIRS": " ",
        "FEDIRP2": " ",
        "NAME2": " ",
        "FETYPE2": " ",
        "FEDIRS2": " ",
        "FEDIRP3": " ",
        "NAME3": " ",
        "FETYPE3": " ",
        "FEDIRS3": " ",
        "FMCDL": 56640,
        "FMCDR": 56640,
        "COUNTYL": 75,
        "COUNTYR": 75,
        "NFC": 7,
        "RU_L": 1,
        "RU_R": 1,
        "PR": 901107,
        "BMP": 0.098,
        "EMP": 0.31,
        "BPT": "38011693",
        "EPT": "38011449",
        "LRS_LINK": " 9011073801169338011449",
        "LENGTH": 340.61410367,
        "VER": "17a",
        "Shape.STLength()": 340.61414048750237,
        "ADJ_CNTY": 0,
        "LEGALSYSTEM": 3,
        "PAVENTRA_SEGMENT_ID": "NAP-77-9011073801169338011449"
      }
    },
    {
      "type": "Feature",
      "id": 719095,
      "geometry": {
        "type": "LineString",
        "coordinates": [
          [
            -84.35096428765226,
            42.193610524476384
          ],
          [
            -84.3504258132416,
            42.19356715406551
          ],
          [
            -84.3501487624259,
            42.19354864307019
          ],
          [
            -84.34994332816686,
            42.19350719582991
          ],
          [
            -84.34970034075431,
            42.1934219930553
          ],
          [
            -84.34937412252731,
            42.193311554445785
          ],
          [
            -84.34913152438601,
            42.19321195668927
          ],
          [
            -84.34864169216199,
            42.19303489582678
          ],
          [
            -84.34835806217389,
            42.19291432394264
          ],
          [
            -84.34817442584043,
            42.19279935839307
          ],
          [
            -84.348054805266,
            42.192687185985314
          ],
          [
            -84.34795441099958,
            42.192580099608314
          ],
          [
            -84.3478353057922,
            42.192448735532096
          ],
          [
            -84.34762401622005,
            42.19218229580074
          ],
          [
            -84.34750221021727,
            42.19204023905793
          ],
          [
            -84.34738895908684,
            42.1919022936573
          ],
          [
            -84.34732992585516,
            42.19182150289818
          ],
          [
            -84.34729851815584,
            42.19175304330305
          ],
          [
            -84.3472166730884,
            42.19139640603149
          ],
          [
            -84.34714163508394,
            42.191062085796524
          ],
          [
            -84.3470814737039,
            42.1907399972592
          ],
          [
            -84.34704931209585,
            42.1900552159612
          ],
          [
            -84.34703792274995,
            42.18993205999109
          ],
          [
            -84.34699477645394,
            42.18982606257471
          ],
          [
            -84.34693182834987,
            42.1897774337225
          ],
          [
            -84.34683635655945,
            42.189704790952966
          ],
          [
            -84.34669866093468,
            42.18964458016998
          ]
        ]
      },
      "properties": {
        "OBJECTID": 719095,
        "FCC": "A32",
        "RDNAME": "Ackerson Lake Dr",
        "FRADDL": 265,
        "TOADDL": 145,
        "FRADDR": 272,
        "TOADDR": 144,
        "ZIPL": 49201,
        "ZIPR": 49201,
        "FEDIRP": " ",
        "NAME": "Ackerson Lake",
        "FETYPE": "Dr",
        "FEDIRS": " ",
        "FEDIRP2": " ",
        "NAME2": " ",
        "FETYPE2": " ",
        "FEDIRS2": " ",
        "FEDIRP3": " ",
        "NAME3": " ",
        "FETYPE3": " ",
        "FEDIRS3": " ",
        "FMCDL": 56640,
        "FMCDR": 56640,
        "COUNTYL": 75,
        "COUNTYR": 75,
        "NFC": 7,
        "RU_L": 3,
        "RU_R": 3,
        "PR": 915801,
        "BMP": 0.44,
        "EMP": 0.835,
        "BPT": "38011408",
        "EPT": "38018220",
        "LRS_LINK": " 9158013801140838018220",
        "LENGTH": 636.85644858,
        "VER": "17a",
        "Shape.STLength()": 636.856453924863,
        "ADJ_CNTY": 0,
        "LEGALSYSTEM": 3,
        "PAVENTRA_SEGMENT_ID": "NAP-78-9158013801140838018220"
      }
    },
    {
      "type": "Feature",
      "id": 719123,
      "geometry": {
        "type": "LineString",
        "coordinates": [
          [
            -84.30692276697629,
            42.18888682083065
          ],
          [
            -84.30695317806281,
            42.18947745748628
          ]
        ]
      },
      "properties": {
        "OBJECTID": 719123,
        "FCC": "A32",
        "RDNAME": "Moon Lake Rd",
        "FRADDL": 5500,
        "TOADDL": 4786,
        "FRADDR": 5923,
        "TOADDR": 5817,
        "ZIPL": 49201,
        "ZIPR": 49201,
        "FEDIRP": " ",
        "NAME": "Moon Lake",
        "FETYPE": "Rd",
        "FEDIRS": " ",
        "FEDIRP2": " ",
        "NAME2": " ",
        "FETYPE2": " ",
        "FEDIRS2": " ",
        "FEDIRP3": " ",
        "NAME3": " ",
        "FETYPE3": " ",
        "FEDIRS3": " ",
        "FMCDL": 56640,
        "FMCDR": 56640,
        "COUNTYL": 75,
        "COUNTYR": 75,
        "NFC": 7,
        "RU_L": 1,
        "RU_R": 1,
        "PR": 901107,
        "BMP": 0.057,
        "EMP": 0.098,
        "BPT": "38018828",
        "EPT": "38011693",
        "LRS_LINK": " 9011073801882838011693",
        "LENGTH": 65.62798937,
        "VER": "17a",
        "Shape.STLength()": 65.62796663618339,
        "ADJ_CNTY": 0,
        "LEGALSYSTEM": 3,
        "PAVENTRA_SEGMENT_ID": "NAP-79-9011073801882838011693"
      }
    },
    {
      "type": "Feature",
      "id": 719213,
      "geometry": {
        "type": "LineString",
        "coordinates": [
          [
            -84.23140316919282,
            42.18911281603273
          ],
          [
            -84.23126884043918,
            42.189020575421175
          ],
          [
            -84.23112937096033,
            42.18889585872268
          ],
          [
            -84.23103333286636,
            42.18876351863618
          ],
          [
            -84.23093829454004,
            42.1886059113
          ],
          [
            -84.23068293114666,
            42.188062955123605
          ],
          [
            -84.2303759545695,
            42.18743785379931
          ]
        ]
      },
      "properties": {
        "OBJECTID": 719213,
        "FCC": "A31",
        "RDNAME": "Rexford Rd",
        "FRADDL": 9942,
        "TOADDL": 9998,
        "FRADDR": 9643,
        "TOADDR": 9999,
        "ZIPL": 49201,
        "ZIPR": 49201,
        "FEDIRP": " ",
        "NAME": "Rexford",
        "FETYPE": "Rd",
        "FEDIRS": " ",
        "FEDIRP2": " ",
        "NAME2": " ",
        "FETYPE2": " ",
        "FEDIRS2": " ",
        "FEDIRP3": " ",
        "NAME3": " ",
        "FETYPE3": " ",
        "FEDIRS3": " ",
        "FMCDL": 56640,
        "FMCDR": 56640,
        "COUNTYL": 75,
        "COUNTYR": 75,
        "NFC": 6,
        "RU_L": 1,
        "RU_R": 1,
        "PR": 915408,
        "BMP": 0.937,
        "EMP": 1.066,
        "BPT": "38011631",
        "EPT": "38011739",
        "LRS_LINK": " 9154083801163138011739",
        "LENGTH": 206.74109364,
        "VER": "17a",
        "Shape.STLength()": 206.74112675598445,
        "ADJ_CNTY": 0,
        "LEGALSYSTEM": 2,
        "PAVENTRA_SEGMENT_ID": "NAP-80-9154083801163138011739"
      }
    },
    {
      "type": "Feature",
      "id": 717976,
      "geometry": {
        "type": "LineString",
        "coordinates": [
          [
            -84.32323848514356,
            42.1930927551095
          ],
          [
            -84.32319208088147,
            42.193158409068786
          ],
          [
            -84.32317397565802,
            42.193182482589435
          ],
          [
            -84.32310768246053,
            42.19333726745359
          ],
          [
            -84.32310548092697,
            42.19341801087278
          ],
          [
            -84.32316171037562,
            42.19363233968642
          ],
          [
            -84.32318376942234,
            42.19396154934204
          ],
          [
            -84.32318507938723,
            42.19419812913811
          ],
          [
            -84.32314142510344,
            42.1943763343501
          ],
          [
            -84.32306768918849,
            42.19451946655402
          ],
          [
            -84.32289328406381,
            42.194655311023865
          ],
          [
            -84.32273517657245,
            42.194762552223665
          ],
          [
            -84.32259210856509,
            42.194887330202505
          ],
          [
            -84.32250333075993,
            42.19501292593473
          ],
          [
            -84.32245998986812,
            42.19517959521312
          ],
          [
            -84.32244038759255,
            42.195329313245956
          ],
          [
            -84.32243587279514,
            42.19577928708668
          ],
          [
            -84.32246379715255,
            42.19617782234669
          ],
          [
            -84.32246793499431,
            42.19631058914563
          ],
          [
            -84.32248077413229,
            42.19640886863873
          ],
          [
            -84.32247877542676,
            42.19676656425382
          ],
          [
            -84.32246387769457,
            42.19759718521975
          ]
        ]
      },
      "properties": {
        "OBJECTID": 717976,
        "FCC": "A41",
        "RDNAME": "Breda Dr",
        "FRADDL": 4351,
        "TOADDL": 4431,
        "FRADDR": 4350,
        "TOADDR": 4430,
        "ZIPL": 49201,
        "ZIPR": 49201,
        "FEDIRP": " ",
        "NAME": "Breda",
        "FETYPE": "Dr",
        "FEDIRS": " ",
        "FEDIRP2": " ",
        "NAME2": " ",
        "FETYPE2": " ",
        "FEDIRS2": " ",
        "FEDIRP3": " ",
        "NAME3": " ",
        "FETYPE3": " ",
        "FEDIRS3": " ",
        "FMCDL": 56640,
        "FMCDR": 56640,
        "COUNTYL": 75,
        "COUNTYR": 75,
        "NFC": 0,
        "RU_L": 1,
        "RU_R": 1,
        "PR": 3381357,
        "BMP": 0,
        "EMP": 0.325,
        "BPT": "38020080",
        "EPT": "38020079",
        "LRS_LINK": "33813573802008038020079",
        "LENGTH": 522.51220509,
        "VER": "17a",
        "Shape.STLength()": 522.5121637230765,
        "ADJ_CNTY": 0,
        "LEGALSYSTEM": 0,
        "PAVENTRA_SEGMENT_ID": "NAP-81-33813573802008038020079"
      }
    },
    {
      "type": "Feature",
      "id": 717977,
      "geometry": {
        "type": "LineString",
        "coordinates": [
          [
            -84.32634672930824,
            42.19438339177307
          ],
          [
            -84.32441583779149,
            42.19355725478925
          ],
          [
            -84.32323848514356,
            42.1930927551095
          ]
        ]
      },
      "properties": {
        "OBJECTID": 717977,
        "FCC": "A21",
        "RDNAME": "Brooklyn Rd",
        "FRADDL": 5000,
        "TOADDL": 5196,
        "FRADDR": 5001,
        "TOADDR": 5197,
        "ZIPL": 49201,
        "ZIPR": 49201,
        "FEDIRP": " ",
        "NAME": "Brooklyn",
        "FETYPE": "Rd",
        "FEDIRS": " ",
        "FEDIRP2": " ",
        "NAME2": "M 50",
        "FETYPE2": " ",
        "FEDIRS2": " ",
        "FEDIRP3": " ",
        "NAME3": " ",
        "FETYPE3": " ",
        "FEDIRS3": " ",
        "FMCDL": 56640,
        "FMCDR": 56640,
        "COUNTYL": 75,
        "COUNTYR": 75,
        "NFC": 4,
        "RU_L": 1,
        "RU_R": 1,
        "PR": 899310,
        "BMP": 4.006,
        "EMP": 4.188,
        "BPT": "38011260",
        "EPT": "38020080",
        "LRS_LINK": " 8993103801126038020080",
        "LENGTH": 293.974814,
        "VER": "17a",
        "Shape.STLength()": 293.9748538000591,
        "ADJ_CNTY": 0,
        "LEGALSYSTEM": 1,
        "PAVENTRA_SEGMENT_ID": "NAP-82-8993103801126038020080"
      }
    },
    {
      "type": "Feature",
      "id": 717993,
      "geometry": {
        "type": "LineString",
        "coordinates": [
          [
            -84.25546390194675,
            42.19200027963683
          ],
          [
            -84.25644263522184,
            42.19310856533785
          ]
        ]
      },
      "properties": {
        "OBJECTID": 717993,
        "FCC": "A32",
        "RDNAME": "Bellemere Ct",
        "FRADDL": 8999,
        "TOADDL": 8701,
        "FRADDR": 8998,
        "TOADDR": 8700,
        "ZIPL": 49201,
        "ZIPR": 49201,
        "FEDIRP": " ",
        "NAME": "Bellemere",
        "FETYPE": "Ct",
        "FEDIRS": " ",
        "FEDIRP2": " ",
        "NAME2": " ",
        "FETYPE2": " ",
        "FEDIRS2": " ",
        "FEDIRP3": " ",
        "NAME3": " ",
        "FETYPE3": " ",
        "FEDIRS3": " ",
        "FMCDL": 56640,
        "FMCDR": 56640,
        "COUNTYL": 75,
        "COUNTYR": 75,
        "NFC": 7,
        "RU_L": 1,
        "RU_R": 1,
        "PR": 3381082,
        "BMP": 0,
        "EMP": 0.092,
        "BPT": "38016839",
        "EPT": "38011282",
        "LRS_LINK": "33810823801683938011282",
        "LENGTH": 147.21840012,
        "VER": "17a",
        "Shape.STLength()": 147.21837732851154,
        "ADJ_CNTY": 0,
        "LEGALSYSTEM": 3,
        "PAVENTRA_SEGMENT_ID": "NAP-83-33810823801683938011282"
      }
    },
    {
      "type": "Feature",
      "id": 718004,
      "geometry": {
        "type": "LineString",
        "coordinates": [
          [
            -84.32036926077745,
            42.19319286208625
          ],
          [
            -84.32065071171344,
            42.193058352153805
          ],
          [
            -84.32083508625767,
            42.19297023574742
          ]
        ]
      },
      "properties": {
        "OBJECTID": 718004,
        "FCC": "A32",
        "RDNAME": "Benelux Ct",
        "FRADDL": 4700,
        "TOADDL": 4798,
        "FRADDR": 0,
        "TOADDR": 0,
        "ZIPL": 49201,
        "ZIPR": 49201,
        "FEDIRP": " ",
        "NAME": "Benelux",
        "FETYPE": "Ct",
        "FEDIRS": " ",
        "FEDIRP2": " ",
        "NAME2": " ",
        "FETYPE2": " ",
        "FEDIRS2": " ",
        "FEDIRP3": " ",
        "NAME3": " ",
        "FETYPE3": " ",
        "FEDIRS3": " ",
        "FMCDL": 56640,
        "FMCDR": 56640,
        "COUNTYL": 75,
        "COUNTYR": 75,
        "NFC": 7,
        "RU_L": 1,
        "RU_R": 1,
        "PR": 915815,
        "BMP": 0,
        "EMP": 0.028,
        "BPT": "38011350",
        "EPT": "38011414",
        "LRS_LINK": " 9158153801135038011414",
        "LENGTH": 45.72000004,
        "VER": "17a",
        "Shape.STLength()": 45.720059429645715,
        "ADJ_CNTY": 0,
        "LEGALSYSTEM": 3,
        "PAVENTRA_SEGMENT_ID": "NAP-84-9158153801135038011414"
      }
    },
    {
      "type": "Feature",
      "id": 718010,
      "geometry": {
        "type": "LineString",
        "coordinates": [
          [
            -84.25687611312769,
            42.1919654911797
          ],
          [
            -84.2565426103468,
            42.19204298795507
          ],
          [
            -84.256261502769,
            42.192087427488374
          ],
          [
            -84.25603781568769,
            42.19209222718347
          ],
          [
            -84.25578676104703,
            42.192063320850444
          ],
          [
            -84.25546390194675,
            42.19200027963683
          ]
        ]
      },
      "properties": {
        "OBJECTID": 718010,
        "FCC": "A32",
        "RDNAME": "Mott Dr",
        "FRADDL": 8724,
        "TOADDL": 8596,
        "FRADDR": 8725,
        "TOADDR": 8597,
        "ZIPL": 49201,
        "ZIPR": 49201,
        "FEDIRP": " ",
        "NAME": "Mott",
        "FETYPE": "Dr",
        "FEDIRS": " ",
        "FEDIRP2": " ",
        "NAME2": " ",
        "FETYPE2": " ",
        "FEDIRS2": " ",
        "FEDIRP3": " ",
        "NAME3": " ",
        "FETYPE3": " ",
        "FEDIRS3": " ",
        "FMCDL": 56640,
        "FMCDR": 56640,
        "COUNTYL": 75,
        "COUNTYR": 75,
        "NFC": 7,
        "RU_L": 1,
        "RU_R": 1,
        "PR": 915910,
        "BMP": 0.154,
        "EMP": 0.228,
        "BPT": "38011435",
        "EPT": "38016839",
        "LRS_LINK": " 9159103801143538016839",
        "LENGTH": 119.59374195,
        "VER": "17a",
        "Shape.STLength()": 119.59375261345892,
        "ADJ_CNTY": 0,
        "LEGALSYSTEM": 3,
        "PAVENTRA_SEGMENT_ID": "NAP-85-9159103801143538016839"
      }
    },
    {
      "type": "Feature",
      "id": 718011,
      "geometry": {
        "type": "LineString",
        "coordinates": [
          [
            -84.25687611312769,
            42.1919654911797
          ],
          [
            -84.25691597371984,
            42.192880158213164
          ]
        ]
      },
      "properties": {
        "OBJECTID": 718011,
        "FCC": "A32",
        "RDNAME": "Parkwood Ct",
        "FRADDL": 8901,
        "TOADDL": 8965,
        "FRADDR": 0,
        "TOADDR": 0,
        "ZIPL": 49201,
        "ZIPR": 49201,
        "FEDIRP": " ",
        "NAME": "Parkwood",
        "FETYPE": "Ct",
        "FEDIRS": " ",
        "FEDIRP2": " ",
        "NAME2": " ",
        "FETYPE2": " ",
        "FEDIRS2": " ",
        "FEDIRP3": " ",
        "NAME3": " ",
        "FETYPE3": " ",
        "FEDIRS3": " ",
        "FMCDL": 56640,
        "FMCDR": 56640,
        "COUNTYL": 75,
        "COUNTYR": 75,
        "NFC": 7,
        "RU_L": 1,
        "RU_R": 1,
        "PR": 916004,
        "BMP": 0,
        "EMP": 0.063,
        "BPT": "38011435",
        "EPT": "38011331",
        "LRS_LINK": " 9160043801143538011331",
        "LENGTH": 101.6111754,
        "VER": "17a",
        "Shape.STLength()": 101.61118360303654,
        "ADJ_CNTY": 0,
        "LEGALSYSTEM": 3,
        "PAVENTRA_SEGMENT_ID": "NAP-86-9160043801143538011331"
      }
    },
    {
      "type": "Feature",
      "id": 718037,
      "geometry": {
        "type": "LineString",
        "coordinates": [
          [
            -84.25531558357248,
            42.19186790110281
          ],
          [
            -84.25487901427044,
            42.19231824763714
          ]
        ]
      },
      "properties": {
        "OBJECTID": 718037,
        "FCC": "A32",
        "RDNAME": "Oak Point Dr",
        "FRADDL": 8556,
        "TOADDL": 8498,
        "FRADDR": 8557,
        "TOADDR": 8523,
        "ZIPL": 49201,
        "ZIPR": 49201,
        "FEDIRP": " ",
        "NAME": "Oak Point",
        "FETYPE": "Dr",
        "FEDIRS": " ",
        "FEDIRP2": " ",
        "NAME2": " ",
        "FETYPE2": " ",
        "FEDIRS2": " ",
        "FEDIRP3": " ",
        "NAME3": "Oakpoint",
        "FETYPE3": "Dr",
        "FEDIRS3": " ",
        "FMCDL": 56640,
        "FMCDR": 56640,
        "COUNTYL": 75,
        "COUNTYR": 75,
        "NFC": 7,
        "RU_L": 1,
        "RU_R": 1,
        "PR": 3381079,
        "BMP": 0,
        "EMP": 0.038,
        "BPT": "38018602",
        "EPT": "38011396",
        "LRS_LINK": "33810793801860238011396",
        "LENGTH": 61.64151556,
        "VER": "17a",
        "Shape.STLength()": 61.64153608801455,
        "ADJ_CNTY": 0,
        "LEGALSYSTEM": 3,
        "PAVENTRA_SEGMENT_ID": "NAP-87-33810793801860238011396"
      }
    },
    {
      "type": "Feature",
      "id": 718038,
      "geometry": {
        "type": "LineString",
        "coordinates": [
          [
            -84.25546390194675,
            42.19200027963683
          ],
          [
            -84.25531558357248,
            42.19186790110281
          ]
        ]
      },
      "properties": {
        "OBJECTID": 718038,
        "FCC": "A32",
        "RDNAME": "Oak Point Dr",
        "FRADDL": 8724,
        "TOADDL": 8596,
        "FRADDR": 8725,
        "TOADDR": 8597,
        "ZIPL": 49201,
        "ZIPR": 49201,
        "FEDIRP": " ",
        "NAME": "Oak Point",
        "FETYPE": "Dr",
        "FEDIRS": " ",
        "FEDIRP2": " ",
        "NAME2": " ",
        "FETYPE2": " ",
        "FEDIRS2": " ",
        "FEDIRP3": " ",
        "NAME3": "Oakpoint",
        "FETYPE3": "Dr",
        "FEDIRS3": " ",
        "FMCDL": 56640,
        "FMCDR": 56640,
        "COUNTYL": 75,
        "COUNTYR": 75,
        "NFC": 7,
        "RU_L": 1,
        "RU_R": 1,
        "PR": 916001,
        "BMP": 0,
        "EMP": 0.012,
        "BPT": "38016839",
        "EPT": "38018602",
        "LRS_LINK": " 9160013801683938018602",
        "LENGTH": 19.13152517,
        "VER": "17a",
        "Shape.STLength()": 19.13152365338422,
        "ADJ_CNTY": 0,
        "LEGALSYSTEM": 3,
        "PAVENTRA_SEGMENT_ID": "NAP-88-9160013801683938018602"
      }
    },
    {
      "type": "Feature",
      "id": 718040,
      "geometry": {
        "type": "LineString",
        "coordinates": [
          [
            -84.3021617676663,
            42.1925870369251
          ],
          [
            -84.30061416390514,
            42.19259764830508
          ]
        ]
      },
      "properties": {
        "OBJECTID": 718040,
        "FCC": "A41",
        "RDNAME": "Kelly Dr",
        "FRADDL": 6284,
        "TOADDL": 6398,
        "FRADDR": 6285,
        "TOADDR": 6399,
        "ZIPL": 49201,
        "ZIPR": 49201,
        "FEDIRP": " ",
        "NAME": "Kelly",
        "FETYPE": "Dr",
        "FEDIRS": " ",
        "FEDIRP2": " ",
        "NAME2": " ",
        "FETYPE2": " ",
        "FEDIRS2": " ",
        "FEDIRP3": " ",
        "NAME3": " ",
        "FETYPE3": " ",
        "FEDIRS3": " ",
        "FMCDL": 56640,
        "FMCDR": 56640,
        "COUNTYL": 75,
        "COUNTYR": 75,
        "NFC": 0,
        "RU_L": 1,
        "RU_R": 1,
        "PR": 3380667,
        "BMP": 0.25,
        "EMP": 0.329,
        "BPT": "38018222",
        "EPT": "38018540",
        "LRS_LINK": "33806673801822238018540",
        "LENGTH": 127.78711078,
        "VER": "17a",
        "Shape.STLength()": 127.78713650833562,
        "ADJ_CNTY": 0,
        "LEGALSYSTEM": 0,
        "PAVENTRA_SEGMENT_ID": "NAP-89-33806673801822238018540"
      }
    },
    {
      "type": "Feature",
      "id": 718048,
      "geometry": {
        "type": "LineString",
        "coordinates": [
          [
            -84.30293748372226,
            42.192581709365164
          ],
          [
            -84.3021617676663,
            42.1925870369251
          ]
        ]
      },
      "properties": {
        "OBJECTID": 718048,
        "FCC": "A32",
        "RDNAME": "Kelly Dr",
        "FRADDL": 6226,
        "TOADDL": 6282,
        "FRADDR": 6227,
        "TOADDR": 6283,
        "ZIPL": 49201,
        "ZIPR": 49201,
        "FEDIRP": " ",
        "NAME": "Kelly",
        "FETYPE": "Dr",
        "FEDIRS": " ",
        "FEDIRP2": " ",
        "NAME2": " ",
        "FETYPE2": " ",
        "FEDIRS2": " ",
        "FEDIRP3": " ",
        "NAME3": " ",
        "FETYPE3": " ",
        "FEDIRS3": " ",
        "FMCDL": 56640,
        "FMCDR": 56640,
        "COUNTYL": 75,
        "COUNTYR": 75,
        "NFC": 7,
        "RU_L": 1,
        "RU_R": 1,
        "PR": 3380667,
        "BMP": 0.21,
        "EMP": 0.25,
        "BPT": "38011448",
        "EPT": "38018222",
        "LRS_LINK": "33806673801144838018222",
        "LENGTH": 64.05167044,
        "VER": "17a",
        "Shape.STLength()": 64.05164111816339,
        "ADJ_CNTY": 0,
        "LEGALSYSTEM": 3,
        "PAVENTRA_SEGMENT_ID": "NAP-90-33806673801144838018222"
      }
    },
    {
      "type": "Feature",
      "id": 718086,
      "geometry": {
        "type": "LineString",
        "coordinates": [
          [
            -84.25835392428756,
            42.19182781455109
          ],
          [
            -84.25836396452875,
            42.192008015312695
          ],
          [
            -84.25837178863581,
            42.19246065172382
          ],
          [
            -84.25838582931384,
            42.19269352022585
          ]
        ]
      },
      "properties": {
        "OBJECTID": 718086,
        "FCC": "A32",
        "RDNAME": "Edgewood Ct",
        "FRADDL": 8927,
        "TOADDL": 8933,
        "FRADDR": 8923,
        "TOADDR": 8925,
        "ZIPL": 49201,
        "ZIPR": 49201,
        "FEDIRP": " ",
        "NAME": "Edgewood",
        "FETYPE": "Ct",
        "FEDIRS": " ",
        "FEDIRP2": " ",
        "NAME2": " ",
        "FETYPE2": " ",
        "FEDIRS2": " ",
        "FEDIRP3": " ",
        "NAME3": " ",
        "FETYPE3": " ",
        "FEDIRS3": " ",
        "FMCDL": 56640,
        "FMCDR": 56640,
        "COUNTYL": 75,
        "COUNTYR": 75,
        "NFC": 7,
        "RU_L": 1,
        "RU_R": 1,
        "PR": 916002,
        "BMP": 0,
        "EMP": 0.06,
        "BPT": "38011451",
        "EPT": "38011375",
        "LRS_LINK": " 9160023801145138011375",
        "LENGTH": 96.16880394,
        "VER": "17a",
        "Shape.STLength()": 96.1688540032048,
        "ADJ_CNTY": 0,
        "LEGALSYSTEM": 3,
        "PAVENTRA_SEGMENT_ID": "NAP-91-9160023801145138011375"
      }
    },
    {
      "type": "Feature",
      "id": 718087,
      "geometry": {
        "type": "LineString",
        "coordinates": [
          [
            -84.25954251689457,
            42.1924474643939
          ],
          [
            -84.2592246886976,
            42.19229151386297
          ],
          [
            -84.25906153641083,
            42.19219646961981
          ],
          [
            -84.25887302909666,
            42.192081759767866
          ],
          [
            -84.25867945138374,
            42.19196311651972
          ],
          [
            -84.25851166671534,
            42.19184873014078
          ],
          [
            -84.25835392428756,
            42.19182781455109
          ]
        ]
      },
      "properties": {
        "OBJECTID": 718087,
        "FCC": "A41",
        "RDNAME": "Mott Dr",
        "FRADDL": 8958,
        "TOADDL": 8858,
        "FRADDR": 8933,
        "TOADDR": 8859,
        "ZIPL": 49201,
        "ZIPR": 49201,
        "FEDIRP": " ",
        "NAME": "Mott",
        "FETYPE": "Dr",
        "FEDIRS": " ",
        "FEDIRP2": " ",
        "NAME2": " ",
        "FETYPE2": " ",
        "FEDIRS2": " ",
        "FEDIRP3": " ",
        "NAME3": " ",
        "FETYPE3": " ",
        "FEDIRS3": " ",
        "FMCDL": 56640,
        "FMCDR": 56640,
        "COUNTYL": 75,
        "COUNTYR": 75,
        "NFC": 0,
        "RU_L": 1,
        "RU_R": 1,
        "PR": 915910,
        "BMP": 0,
        "EMP": 0.075,
        "BPT": "38011360",
        "EPT": "38011451",
        "LRS_LINK": " 9159103801136038011451",
        "LENGTH": 121.40122051,
        "VER": "17a",
        "Shape.STLength()": 121.4012019047372,
        "ADJ_CNTY": 0,
        "LEGALSYSTEM": 0,
        "PAVENTRA_SEGMENT_ID": "NAP-92-9159103801136038011451"
      }
    },
    {
      "type": "Feature",
      "id": 718090,
      "geometry": {
        "type": "LineString",
        "coordinates": [
          [
            -84.30563327361125,
            42.192554652146015
          ],
          [
            -84.30395416194779,
            42.19257471999814
          ],
          [
            -84.30293748372226,
            42.192581709365164
          ]
        ]
      },
      "properties": {
        "OBJECTID": 718090,
        "FCC": "A32",
        "RDNAME": "Kelly Dr",
        "FRADDL": 6024,
        "TOADDL": 6224,
        "FRADDR": 6027,
        "TOADDR": 6225,
        "ZIPL": 49201,
        "ZIPR": 49201,
        "FEDIRP": " ",
        "NAME": "Kelly",
        "FETYPE": "Dr",
        "FEDIRS": " ",
        "FEDIRP2": " ",
        "NAME2": " ",
        "FETYPE2": " ",
        "FEDIRS2": " ",
        "FEDIRP3": " ",
        "NAME3": " ",
        "FETYPE3": " ",
        "FEDIRS3": " ",
        "FMCDL": 56640,
        "FMCDR": 56640,
        "COUNTYL": 75,
        "COUNTYR": 75,
        "NFC": 7,
        "RU_L": 1,
        "RU_R": 1,
        "PR": 3380667,
        "BMP": 0.072,
        "EMP": 0.21,
        "BPT": "38011446",
        "EPT": "38011448",
        "LRS_LINK": "33806673801144638011448",
        "LENGTH": 222.60611226,
        "VER": "17a",
        "Shape.STLength()": 222.60608726511794,
        "ADJ_CNTY": 0,
        "LEGALSYSTEM": 3,
        "PAVENTRA_SEGMENT_ID": "NAP-93-33806673801144638011448"
      }
    },
    {
      "type": "Feature",
      "id": 718095,
      "geometry": {
        "type": "LineString",
        "coordinates": [
          [
            -84.25761573170662,
            42.1917909659225
          ],
          [
            -84.25737269054908,
            42.19180778606212
          ],
          [
            -84.25719525701169,
            42.19185125601369
          ],
          [
            -84.25687611312769,
            42.1919654911797
          ]
        ]
      },
      "properties": {
        "OBJECTID": 718095,
        "FCC": "A32",
        "RDNAME": "Mott Dr",
        "FRADDL": 8801,
        "TOADDL": 8727,
        "FRADDR": 8800,
        "TOADDR": 8726,
        "ZIPL": 49201,
        "ZIPR": 49201,
        "FEDIRP": " ",
        "NAME": "Mott",
        "FETYPE": "Dr",
        "FEDIRS": " ",
        "FEDIRP2": " ",
        "NAME2": " ",
        "FETYPE2": " ",
        "FEDIRS2": " ",
        "FEDIRP3": " ",
        "NAME3": " ",
        "FETYPE3": " ",
        "FEDIRS3": " ",
        "FMCDL": 56640,
        "FMCDR": 56640,
        "COUNTYL": 75,
        "COUNTYR": 75,
        "NFC": 7,
        "RU_L": 1,
        "RU_R": 1,
        "PR": 915910,
        "BMP": 0.114,
        "EMP": 0.154,
        "BPT": "38011452",
        "EPT": "38011435",
        "LRS_LINK": " 9159103801145238011435",
        "LENGTH": 64.82416156,
        "VER": "17a",
        "Shape.STLength()": 64.82414314869813,
        "ADJ_CNTY": 0,
        "LEGALSYSTEM": 3,
        "PAVENTRA_SEGMENT_ID": "NAP-94-9159103801145238011435"
      }
    },
    {
      "type": "Feature",
      "id": 718096,
      "geometry": {
        "type": "LineString",
        "coordinates": [
          [
            -84.25761573170662,
            42.1917909659225
          ],
          [
            -84.25761321373612,
            42.19191560489447
          ],
          [
            -84.2576391181143,
            42.192282127930504
          ],
          [
            -84.25761839184932,
            42.19274353142486
          ]
        ]
      },
      "properties": {
        "OBJECTID": 718096,
        "FCC": "A32",
        "RDNAME": "Robinwood Ct",
        "FRADDL": 8999,
        "TOADDL": 8913,
        "FRADDR": 8998,
        "TOADDR": 8912,
        "ZIPL": 49201,
        "ZIPR": 49201,
        "FEDIRP": " ",
        "NAME": "Robinwood",
        "FETYPE": "Ct",
        "FEDIRS": " ",
        "FEDIRP2": " ",
        "NAME2": " ",
        "FETYPE2": " ",
        "FEDIRS2": " ",
        "FEDIRP3": " ",
        "NAME3": " ",
        "FETYPE3": " ",
        "FEDIRS3": " ",
        "FMCDL": 56640,
        "FMCDR": 56640,
        "COUNTYL": 75,
        "COUNTYR": 75,
        "NFC": 7,
        "RU_L": 1,
        "RU_R": 1,
        "PR": 916003,
        "BMP": 0,
        "EMP": 0.066,
        "BPT": "38011452",
        "EPT": "38011347",
        "LRS_LINK": " 9160033801145238011347",
        "LENGTH": 105.85213335,
        "VER": "17a",
        "Shape.STLength()": 105.85213582033806,
        "ADJ_CNTY": 0,
        "LEGALSYSTEM": 3,
        "PAVENTRA_SEGMENT_ID": "NAP-95-9160033801145238011347"
      }
    },
    {
      "type": "Feature",
      "id": 719888,
      "geometry": {
        "type": "LineString",
        "coordinates": [
          [
            -84.34669866093468,
            42.18964458016998
          ],
          [
            -84.34652622453952,
            42.189603845205994
          ],
          [
            -84.34620138487092,
            42.18959537830659
          ],
          [
            -84.34597380786387,
            42.18956471304626
          ],
          [
            -84.34588638750436,
            42.18952801112165
          ],
          [
            -84.34582384818576,
            42.18945122009408
          ],
          [
            -84.34574416789687,
            42.18929699200325
          ],
          [
            -84.34556769970193,
            42.18882546293072
          ],
          [
            -84.34548840433379,
            42.18857704285732
          ],
          [
            -84.34536361731944,
            42.18831515760804
          ],
          [
            -84.34525544646928,
            42.18807483285975
          ],
          [
            -84.34509924165314,
            42.18770869108187
          ],
          [
            -84.34493666370122,
            42.18733971477047
          ],
          [
            -84.34480788503139,
            42.186996900310874
          ],
          [
            -84.34471317502395,
            42.186777609453394
          ]
        ]
      },
      "properties": {
        "OBJECTID": 719888,
        "FCC": "A41",
        "RDNAME": "Ackerson Lake Dr",
        "FRADDL": 211,
        "TOADDL": 187,
        "FRADDR": 0,
        "TOADDR": 0,
        "ZIPL": 49201,
        "ZIPR": 49201,
        "FEDIRP": " ",
        "NAME": "Ackerson Lake",
        "FETYPE": "Dr",
        "FEDIRS": " ",
        "FEDIRP2": " ",
        "NAME2": " ",
        "FETYPE2": " ",
        "FEDIRS2": " ",
        "FEDIRP3": " ",
        "NAME3": " ",
        "FETYPE3": " ",
        "FEDIRS3": " ",
        "FMCDL": 56640,
        "FMCDR": 56640,
        "COUNTYL": 75,
        "COUNTYR": 75,
        "NFC": 0,
        "RU_L": 3,
        "RU_R": 3,
        "PR": 915801,
        "BMP": 0.835,
        "EMP": 1.078,
        "BPT": "38018220",
        "EPT": "38011846",
        "LRS_LINK": " 9158013801822038011846",
        "LENGTH": 390.01809814,
        "VER": "17a",
        "Shape.STLength()": 390.0180992230971,
        "ADJ_CNTY": 0,
        "LEGALSYSTEM": 0,
        "PAVENTRA_SEGMENT_ID": "NAP-96-9158013801822038011846"
      }
    },
    {
      "type": "Feature",
      "id": 719901,
      "geometry": {
        "type": "LineString",
        "coordinates": [
          [
            -84.34368346823165,
            42.186696924020794
          ],
          [
            -84.34303745392164,
            42.187989166315745
          ],
          [
            -84.34281652608055,
            42.18831832435318
          ],
          [
            -84.34183645923355,
            42.18956134005511
          ],
          [
            -84.34095848449792,
            42.190779297101386
          ],
          [
            -84.34084290940781,
            42.19092572533045
          ],
          [
            -84.34072720070439,
            42.19103843746411
          ],
          [
            -84.34057764628612,
            42.191183340394595
          ],
          [
            -84.34044012612775,
            42.19128959573852
          ],
          [
            -84.34002650198889,
            42.19163697741363
          ],
          [
            -84.33995641033819,
            42.19169925747804
          ],
          [
            -84.33987718063393,
            42.191783903476576
          ],
          [
            -84.33978783233874,
            42.19189923060842
          ],
          [
            -84.33963521818038,
            42.192144049474905
          ],
          [
            -84.33955621338792,
            42.192322646669275
          ],
          [
            -84.33950159608129,
            42.19253616428423
          ],
          [
            -84.33948165098943,
            42.1927320347104
          ],
          [
            -84.33947098125746,
            42.19294620773399
          ],
          [
            -84.33947047081709,
            42.19314600229239
          ],
          [
            -84.33948860957386,
            42.193378769622
          ],
          [
            -84.33947762549758,
            42.19378547409775
          ],
          [
            -84.3394423618435,
            42.196848655723514
          ]
        ]
      },
      "properties": {
        "OBJECTID": 719901,
        "FCC": "A32",
        "RDNAME": "Ackerson Lake Rd",
        "FRADDL": 5176,
        "TOADDL": 4500,
        "FRADDR": 5177,
        "TOADDR": 4501,
        "ZIPL": 49201,
        "ZIPR": 49201,
        "FEDIRP": " ",
        "NAME": "Ackerson Lake",
        "FETYPE": "Rd",
        "FEDIRS": " ",
        "FEDIRP2": " ",
        "NAME2": " ",
        "FETYPE2": " ",
        "FEDIRS2": " ",
        "FEDIRP3": " ",
        "NAME3": " ",
        "FETYPE3": " ",
        "FEDIRS3": " ",
        "FMCDL": 56640,
        "FMCDR": 56640,
        "COUNTYL": 75,
        "COUNTYR": 75,
        "NFC": 7,
        "RU_L": 3,
        "RU_R": 3,
        "PR": 901103,
        "BMP": 2.316,
        "EMP": 3.073,
        "BPT": "38011848",
        "EPT": "38011049",
        "LRS_LINK": " 9011033801184838011049",
        "LENGTH": 1219.31237016,
        "VER": "17a",
        "Shape.STLength()": 1219.3123602570201,
        "ADJ_CNTY": 0,
        "LEGALSYSTEM": 3,
        "PAVENTRA_SEGMENT_ID": "NAP-97-9011033801184838011049"
      }
    },
    {
      "type": "Feature",
      "id": 719902,
      "geometry": {
        "type": "LineString",
        "coordinates": [
          [
            -84.34471317502395,
            42.186777609453394
          ],
          [
            -84.34368346823165,
            42.186696924020794
          ]
        ]
      },
      "properties": {
        "OBJECTID": 719902,
        "FCC": "A41",
        "RDNAME": "Clemons Dr",
        "FRADDL": 1,
        "TOADDL": 99,
        "FRADDR": 2,
        "TOADDR": 98,
        "ZIPL": 49201,
        "ZIPR": 49201,
        "FEDIRP": " ",
        "NAME": "Clemons",
        "FETYPE": "Dr",
        "FEDIRS": " ",
        "FEDIRP2": " ",
        "NAME2": " ",
        "FETYPE2": " ",
        "FEDIRS2": " ",
        "FEDIRP3": " ",
        "NAME3": " ",
        "FETYPE3": " ",
        "FEDIRS3": " ",
        "FMCDL": 56640,
        "FMCDR": 56640,
        "COUNTYL": 75,
        "COUNTYR": 75,
        "NFC": 0,
        "RU_L": 3,
        "RU_R": 3,
        "PR": 3380672,
        "BMP": 0,
        "EMP": 0.053,
        "BPT": "38011846",
        "EPT": "38011848",
        "LRS_LINK": "33806723801184638011848",
        "LENGTH": 85.49886192,
        "VER": "17a",
        "Shape.STLength()": 85.49880793753793,
        "ADJ_CNTY": 0,
        "LEGALSYSTEM": 0,
        "PAVENTRA_SEGMENT_ID": "NAP-98-33806723801184638011848"
      }
    },
    {
      "type": "Feature",
      "id": 719963,
      "geometry": {
        "type": "LineString",
        "coordinates": [
          [
            -84.30061416390514,
            42.19259764830508
          ],
          [
            -84.29797164485188,
            42.19261016231025
          ],
          [
            -84.29769233282958,
            42.19255950132874
          ],
          [
            -84.29744644531081,
            42.192428172197175
          ],
          [
            -84.29498005944853,
            42.19082480169761
          ],
          [
            -84.2947946089752,
            42.19076397445894
          ],
          [
            -84.29454584170448,
            42.19073696823564
          ],
          [
            -84.2944221013791,
            42.19070027981794
          ],
          [
            -84.29434737290869,
            42.190583163574736
          ],
          [
            -84.29423423822578,
            42.190163935223275
          ],
          [
            -84.29430237354312,
            42.189956232674184
          ],
          [
            -84.2944036112144,
            42.189679453951165
          ],
          [
            -84.29439220005378,
            42.189528517372835
          ],
          [
            -84.29432228650016,
            42.18811260241001
          ],
          [
            -84.2943611730643,
            42.1878348687393
          ],
          [
            -84.29451141862914,
            42.18747766209912
          ],
          [
            -84.2945324664457,
            42.18728083486033
          ],
          [
            -84.29461216386659,
            42.18665581413376
          ],
          [
            -84.2946962027026,
            42.18643675780249
          ],
          [
            -84.2948413038396,
            42.18626502540283
          ],
          [
            -84.29504875175836,
            42.18609424823904
          ],
          [
            -84.2951298980154,
            42.185979520851795
          ],
          [
            -84.29530906000403,
            42.18570393622836
          ]
        ]
      },
      "properties": {
        "OBJECTID": 719963,
        "FCC": "A41",
        "RDNAME": "Kelly Dr",
        "FRADDL": 6062,
        "TOADDL": 7000,
        "FRADDR": 6061,
        "TOADDR": 6999,
        "ZIPL": 49201,
        "ZIPR": 49201,
        "FEDIRP": " ",
        "NAME": "Kelly",
        "FETYPE": "Dr",
        "FEDIRS": " ",
        "FEDIRP2": " ",
        "NAME2": " ",
        "FETYPE2": " ",
        "FEDIRS2": " ",
        "FEDIRP3": " ",
        "NAME3": " ",
        "FETYPE3": " ",
        "FEDIRS3": " ",
        "FMCDL": 56640,
        "FMCDR": 56640,
        "COUNTYL": 75,
        "COUNTYR": 75,
        "NFC": 0,
        "RU_L": 1,
        "RU_R": 1,
        "PR": 3380667,
        "BMP": 0.329,
        "EMP": 1.052,
        "BPT": "38018540",
        "EPT": "38020247",
        "LRS_LINK": "33806673801854038020247",
        "LENGTH": 1163.40979039,
        "VER": "17a",
        "Shape.STLength()": 1163.4097035128693,
        "ADJ_CNTY": 0,
        "LEGALSYSTEM": 0,
        "PAVENTRA_SEGMENT_ID": "NAP-99-33806673801854038020247"
      }
    },
    {
      "type": "Feature",
      "id": 720001,
      "geometry": {
        "type": "LineString",
        "coordinates": [
          [
            -84.26828093282491,
            42.18511300837592
          ],
          [
            -84.26837891924731,
            42.18523593101743
          ],
          [
            -84.2685647864916,
            42.1854402984606
          ],
          [
            -84.26882296092245,
            42.18565807575222
          ],
          [
            -84.2696110938712,
            42.186228486536606
          ],
          [
            -84.27060617631699,
            42.186919691184556
          ],
          [
            -84.27160530349443,
            42.18761368000863
          ]
        ]
      },
      "properties": {
        "OBJECTID": 720001,
        "FCC": "A31",
        "RDNAME": "Napoleon Rd",
        "FRADDL": 7756,
        "TOADDL": 7734,
        "FRADDR": 7753,
        "TOADDR": 7727,
        "ZIPL": 49201,
        "ZIPR": 49201,
        "FEDIRP": " ",
        "NAME": "Napoleon",
        "FETYPE": "Rd",
        "FEDIRS": " ",
        "FEDIRP2": " ",
        "NAME2": " ",
        "FETYPE2": " ",
        "FEDIRS2": " ",
        "FEDIRP3": " ",
        "NAME3": " ",
        "FETYPE3": " ",
        "FEDIRS3": " ",
        "FMCDL": 56640,
        "FMCDR": 56640,
        "COUNTYL": 75,
        "COUNTYR": 75,
        "NFC": 5,
        "RU_L": 1,
        "RU_R": 1,
        "PR": 901203,
        "BMP": 2.09,
        "EMP": 2.334,
        "BPT": "38011865",
        "EPT": "38011801",
        "LRS_LINK": " 9012033801186538011801",
        "LENGTH": 391.63507824,
        "VER": "17a",
        "Shape.STLength()": 391.635087933084,
        "ADJ_CNTY": 0,
        "LEGALSYSTEM": 2,
        "PAVENTRA_SEGMENT_ID": "NAP-100-9012033801186538011801"
      }
    },
    {
      "type": "Feature",
      "id": 720125,
      "geometry": {
        "type": "LineString",
        "coordinates": [
          [
            -84.34412738757918,
            42.185805882792515
          ],
          [
            -84.34404898418397,
            42.18594838894841
          ],
          [
            -84.34396654880337,
            42.18611731541493
          ],
          [
            -84.34377140671208,
            42.186494540508555
          ],
          [
            -84.34368346823165,
            42.186696924020794
          ]
        ]
      },
      "properties": {
        "OBJECTID": 720125,
        "FCC": "A32",
        "RDNAME": "Ackerson Lake Rd",
        "FRADDL": 5248,
        "TOADDL": 5178,
        "FRADDR": 5249,
        "TOADDR": 5179,
        "ZIPL": 49201,
        "ZIPR": 49201,
        "FEDIRP": " ",
        "NAME": "Ackerson Lake",
        "FETYPE": "Rd",
        "FEDIRS": " ",
        "FEDIRP2": " ",
        "NAME2": " ",
        "FETYPE2": " ",
        "FEDIRS2": " ",
        "FEDIRP3": " ",
        "NAME3": " ",
        "FETYPE3": " ",
        "FEDIRS3": " ",
        "FMCDL": 56640,
        "FMCDR": 56640,
        "COUNTYL": 75,
        "COUNTYR": 75,
        "NFC": 7,
        "RU_L": 3,
        "RU_R": 3,
        "PR": 901103,
        "BMP": 2.25,
        "EMP": 2.316,
        "BPT": "38011881",
        "EPT": "38011848",
        "LRS_LINK": " 9011033801188138011848",
        "LENGTH": 105.5419185,
        "VER": "17a",
        "Shape.STLength()": 105.54192982920902,
        "ADJ_CNTY": 0,
        "LEGALSYSTEM": 3,
        "PAVENTRA_SEGMENT_ID": "NAP-101-9011033801188138011848"
      }
    },
    {
      "type": "Feature",
      "id": 720126,
      "geometry": {
        "type": "LineString",
        "coordinates": [
          [
            -84.34471317502395,
            42.186777609453394
          ],
          [
            -84.34465350815857,
            42.1866380104487
          ],
          [
            -84.3445992084059,
            42.1864851484264
          ],
          [
            -84.34452885029987,
            42.18638635299214
          ],
          [
            -84.3444538200409,
            42.18628024625835
          ],
          [
            -84.34439280354437,
            42.1861960704904
          ],
          [
            -84.34436565473257,
            42.18611963987445
          ],
          [
            -84.34434385807948,
            42.18602518704115
          ],
          [
            -84.34431213568301,
            42.185937828036174
          ],
          [
            -84.34412738757918,
            42.185805882792515
          ]
        ]
      },
      "properties": {
        "OBJECTID": 720126,
        "FCC": "A41",
        "RDNAME": "Ackerson Lake Dr",
        "FRADDL": 5333,
        "TOADDL": 5399,
        "FRADDR": 5332,
        "TOADDR": 5398,
        "ZIPL": 49201,
        "ZIPR": 49201,
        "FEDIRP": " ",
        "NAME": "Ackerson Lake",
        "FETYPE": "Dr",
        "FEDIRS": " ",
        "FEDIRP2": " ",
        "NAME2": " ",
        "FETYPE2": " ",
        "FEDIRS2": " ",
        "FEDIRP3": " ",
        "NAME3": " ",
        "FETYPE3": " ",
        "FEDIRS3": " ",
        "FMCDL": 56640,
        "FMCDR": 56640,
        "COUNTYL": 75,
        "COUNTYR": 75,
        "NFC": 0,
        "RU_L": 3,
        "RU_R": 3,
        "PR": 915801,
        "BMP": 1.078,
        "EMP": 1.153,
        "BPT": "38011846",
        "EPT": "38011881",
        "LRS_LINK": " 9158013801184638011881",
        "LENGTH": 120.77759626,
        "VER": "17a",
        "Shape.STLength()": 120.77759517196505,
        "ADJ_CNTY": 0,
        "LEGALSYSTEM": 0,
        "PAVENTRA_SEGMENT_ID": "NAP-102-9158013801184638011881"
      }
    },
    {
      "type": "Feature",
      "id": 720179,
      "geometry": {
        "type": "LineString",
        "coordinates": [
          [
            -84.23052307902036,
            42.18384424014349
          ],
          [
            -84.2276561446545,
            42.18390647059022
          ],
          [
            -84.22757059863342,
            42.18390510933365
          ],
          [
            -84.22743336060158,
            42.183915656115545
          ],
          [
            -84.2273388949661,
            42.183926882561764
          ],
          [
            -84.22725243360749,
            42.18395733241183
          ],
          [
            -84.22717471116053,
            42.18398155682838
          ],
          [
            -84.2271053591215,
            42.18401227888659
          ],
          [
            -84.22703564083406,
            42.18405572579927
          ],
          [
            -84.2269478986942,
            42.184130711675195
          ],
          [
            -84.22688545323598,
            42.18421883000736
          ],
          [
            -84.22686578145655,
            42.1843076301292
          ],
          [
            -84.22683499011067,
            42.18448536650592
          ],
          [
            -84.22678452658698,
            42.18475190206925
          ],
          [
            -84.22674518117488,
            42.18492950133701
          ],
          [
            -84.22672532464321,
            42.18502466385098
          ],
          [
            -84.2266543231121,
            42.185112645849124
          ],
          [
            -84.22659315819637,
            42.18515622868297
          ],
          [
            -84.22649759167861,
            42.18520562911123
          ],
          [
            -84.22639365329411,
            42.18524852989494
          ],
          [
            -84.2263075572006,
            42.185266255053456
          ],
          [
            -84.22620453442475,
            42.18527734523779
          ],
          [
            -84.22614501766833,
            42.18526366672209
          ],
          [
            -84.22603150618187,
            42.18526155811047
          ],
          [
            -84.22594314447463,
            42.18524362574574
          ],
          [
            -84.22582242013218,
            42.185192127687266
          ],
          [
            -84.22559207787978,
            42.18508930810345
          ],
          [
            -84.22534000170153,
            42.18496961669445
          ]
        ]
      },
      "properties": {
        "OBJECTID": 720179,
        "FCC": "A32",
        "RDNAME": "White Tail Ln",
        "FRADDL": 10000,
        "TOADDL": 10058,
        "FRADDR": 10001,
        "TOADDR": 10059,
        "ZIPL": 49201,
        "ZIPR": 49201,
        "FEDIRP": " ",
        "NAME": "White Tail",
        "FETYPE": "Ln",
        "FEDIRS": " ",
        "FEDIRP2": " ",
        "NAME2": " ",
        "FETYPE2": " ",
        "FEDIRS2": " ",
        "FEDIRP3": " ",
        "NAME3": " ",
        "FETYPE3": " ",
        "FEDIRS3": " ",
        "FMCDL": 56640,
        "FMCDR": 56640,
        "COUNTYL": 75,
        "COUNTYR": 75,
        "NFC": 7,
        "RU_L": 1,
        "RU_R": 1,
        "PR": 3381047,
        "BMP": 0,
        "EMP": 0.335,
        "BPT": "38018243",
        "EPT": "38018245",
        "LRS_LINK": "33810473801824338018245",
        "LENGTH": 539.03906317,
        "VER": "17a",
        "Shape.STLength()": 539.0390699695838,
        "ADJ_CNTY": 0,
        "LEGALSYSTEM": 3,
        "PAVENTRA_SEGMENT_ID": "NAP-103-33810473801824338018245"
      }
    },
    {
      "type": "Feature",
      "id": 720180,
      "geometry": {
        "type": "LineString",
        "coordinates": [
          [
            -84.23052307902036,
            42.18384424014349
          ],
          [
            -84.23045694185373,
            42.186193233649455
          ],
          [
            -84.23044126630397,
            42.1863415551948
          ],
          [
            -84.2303881584049,
            42.18652950645531
          ],
          [
            -84.23026575084744,
            42.18668174084551
          ],
          [
            -84.23016469941706,
            42.18677421833419
          ],
          [
            -84.2300224670976,
            42.18690578112264
          ]
        ]
      },
      "properties": {
        "OBJECTID": 720180,
        "FCC": "A32",
        "RDNAME": "Baner Rd",
        "FRADDL": 5378,
        "TOADDL": 5200,
        "FRADDR": 5369,
        "TOADDR": 5185,
        "ZIPL": 49201,
        "ZIPR": 49201,
        "FEDIRP": " ",
        "NAME": "Baner",
        "FETYPE": "Rd",
        "FEDIRS": " ",
        "FEDIRP2": " ",
        "NAME2": " ",
        "FETYPE2": " ",
        "FEDIRS2": " ",
        "FEDIRP3": " ",
        "NAME3": " ",
        "FETYPE3": " ",
        "FEDIRS3": " ",
        "FMCDL": 56640,
        "FMCDR": 56640,
        "COUNTYL": 75,
        "COUNTYR": 75,
        "NFC": 7,
        "RU_L": 1,
        "RU_R": 1,
        "PR": 915409,
        "BMP": 0.627,
        "EMP": 0.844,
        "BPT": "38018243",
        "EPT": "38011774",
        "LRS_LINK": " 9154093801824338011774",
        "LENGTH": 350.38488118,
        "VER": "17a",
        "Shape.STLength()": 350.384897864858,
        "ADJ_CNTY": 0,
        "LEGALSYSTEM": 3,
        "PAVENTRA_SEGMENT_ID": "NAP-104-9154093801824338011774"
      }
    },
    {
      "type": "Feature",
      "id": 720294,
      "geometry": {
        "type": "LineString",
        "coordinates": [
          [
            -84.23053822456521,
            42.18330632968401
          ],
          [
            -84.23052307902036,
            42.18384424014349
          ]
        ]
      },
      "properties": {
        "OBJECTID": 720294,
        "FCC": "A32",
        "RDNAME": "Baner Rd",
        "FRADDL": 5398,
        "TOADDL": 5380,
        "FRADDR": 5399,
        "TOADDR": 5371,
        "ZIPL": 49201,
        "ZIPR": 49201,
        "FEDIRP": " ",
        "NAME": "Baner",
        "FETYPE": "Rd",
        "FEDIRS": " ",
        "FEDIRP2": " ",
        "NAME2": " ",
        "FETYPE2": " ",
        "FEDIRS2": " ",
        "FEDIRP3": " ",
        "NAME3": " ",
        "FETYPE3": " ",
        "FEDIRS3": " ",
        "FMCDL": 56640,
        "FMCDR": 56640,
        "COUNTYL": 75,
        "COUNTYR": 75,
        "NFC": 7,
        "RU_L": 1,
        "RU_R": 1,
        "PR": 915409,
        "BMP": 0.59,
        "EMP": 0.627,
        "BPT": "38020248",
        "EPT": "38018243",
        "LRS_LINK": " 9154093802024838018243",
        "LENGTH": 59.73858009,
        "VER": "17a",
        "Shape.STLength()": 59.73860527305605,
        "ADJ_CNTY": 0,
        "LEGALSYSTEM": 3,
        "PAVENTRA_SEGMENT_ID": "NAP-105-9154093802024838018243"
      }
    },
    {
      "type": "Feature",
      "id": 720305,
      "geometry": {
        "type": "LineString",
        "coordinates": [
          [
            -84.30684911663728,
            42.18443262171382
          ],
          [
            -84.30686688385406,
            42.18488933793112
          ],
          [
            -84.30688464563495,
            42.18762677600971
          ],
          [
            -84.30690453029673,
            42.188058793823785
          ]
        ]
      },
      "properties": {
        "OBJECTID": 720305,
        "FCC": "A32",
        "RDNAME": "Benton Rd",
        "FRADDL": 5428,
        "TOADDL": 5200,
        "FRADDR": 5473,
        "TOADDR": 5201,
        "ZIPL": 49201,
        "ZIPR": 49201,
        "FEDIRP": " ",
        "NAME": "Benton",
        "FETYPE": "Rd",
        "FEDIRS": " ",
        "FEDIRP2": " ",
        "NAME2": " ",
        "FETYPE2": " ",
        "FEDIRS2": " ",
        "FEDIRP3": " ",
        "NAME3": " ",
        "FETYPE3": " ",
        "FEDIRS3": " ",
        "FMCDL": 56640,
        "FMCDR": 56640,
        "COUNTYL": 75,
        "COUNTYR": 75,
        "NFC": 7,
        "RU_L": 1,
        "RU_R": 1,
        "PR": 901108,
        "BMP": 2.64,
        "EMP": 2.89,
        "BPT": "38011922",
        "EPT": "38011775",
        "LRS_LINK": " 9011083801192238011775",
        "LENGTH": 402.675966,
        "VER": "17a",
        "Shape.STLength()": 402.6758754111622,
        "ADJ_CNTY": 0,
        "LEGALSYSTEM": 3,
        "PAVENTRA_SEGMENT_ID": "NAP-106-9011083801192238011775"
      }
    },
    {
      "type": "Feature",
      "id": 720380,
      "geometry": {
        "type": "LineString",
        "coordinates": [
          [
            -84.23053822456521,
            42.18330632968401
          ],
          [
            -84.23202762876583,
            42.18332997978207
          ],
          [
            -84.232260893873,
            42.18332431097786
          ],
          [
            -84.23244458642534,
            42.18328974146469
          ],
          [
            -84.23280018476366,
            42.183192301040144
          ],
          [
            -84.23314372343053,
            42.18307592617746
          ],
          [
            -84.23339146240046,
            42.183004886254736
          ],
          [
            -84.23357475054434,
            42.182984365286686
          ],
          [
            -84.2338519593314,
            42.18298407642601
          ],
          [
            -84.2342288488057,
            42.183022851439326
          ],
          [
            -84.23462328796244,
            42.18310875981128
          ]
        ]
      },
      "properties": {
        "OBJECTID": 720380,
        "FCC": "A41",
        "RDNAME": "Haywalk Rd",
        "FRADDL": 9999,
        "TOADDL": 9759,
        "FRADDR": 10000,
        "TOADDR": 9760,
        "ZIPL": 49201,
        "ZIPR": 49201,
        "FEDIRP": " ",
        "NAME": "Haywalk",
        "FETYPE": "Rd",
        "FEDIRS": " ",
        "FEDIRP2": " ",
        "NAME2": " ",
        "FETYPE2": " ",
        "FEDIRS2": " ",
        "FEDIRP3": " ",
        "NAME3": " ",
        "FETYPE3": " ",
        "FEDIRS3": " ",
        "FMCDL": 56640,
        "FMCDR": 56640,
        "COUNTYL": 75,
        "COUNTYR": 75,
        "NFC": 0,
        "RU_L": 1,
        "RU_R": 1,
        "PR": 3381424,
        "BMP": 0,
        "EMP": 0.215,
        "BPT": "38020248",
        "EPT": "38020249",
        "LRS_LINK": "33814243802024838020249",
        "LENGTH": 345.89611177,
        "VER": "17a",
        "Shape.STLength()": 345.89607928457053,
        "ADJ_CNTY": 0,
        "LEGALSYSTEM": 0,
        "PAVENTRA_SEGMENT_ID": "NAP-107-33814243802024838020249"
      }
    },
    {
      "type": "Feature",
      "id": 718097,
      "geometry": {
        "type": "LineString",
        "coordinates": [
          [
            -84.30703422129197,
            42.19254456007067
          ],
          [
            -84.30563327361125,
            42.192554652146015
          ]
        ]
      },
      "properties": {
        "OBJECTID": 718097,
        "FCC": "A32",
        "RDNAME": "Kelly Dr",
        "FRADDL": 6000,
        "TOADDL": 6022,
        "FRADDR": 6001,
        "TOADDR": 6025,
        "ZIPL": 49201,
        "ZIPR": 49201,
        "FEDIRP": " ",
        "NAME": "Kelly",
        "FETYPE": "Dr",
        "FEDIRS": " ",
        "FEDIRP2": " ",
        "NAME2": " ",
        "FETYPE2": " ",
        "FEDIRS2": " ",
        "FEDIRP3": " ",
        "NAME3": " ",
        "FETYPE3": " ",
        "FEDIRS3": " ",
        "FMCDL": 56640,
        "FMCDR": 56640,
        "COUNTYL": 75,
        "COUNTYR": 75,
        "NFC": 7,
        "RU_L": 1,
        "RU_R": 1,
        "PR": 3380667,
        "BMP": 0,
        "EMP": 0.072,
        "BPT": "38011449",
        "EPT": "38011446",
        "LRS_LINK": "33806673801144938011446",
        "LENGTH": 115.67821724,
        "VER": "17a",
        "Shape.STLength()": 115.67819510076218,
        "ADJ_CNTY": 0,
        "LEGALSYSTEM": 3,
        "PAVENTRA_SEGMENT_ID": "NAP-108-33806673801144938011446"
      }
    },
    {
      "type": "Feature",
      "id": 718098,
      "geometry": {
        "type": "LineString",
        "coordinates": [
          [
            -84.30703422129197,
            42.19254456007067
          ],
          [
            -84.30708027617872,
            42.19566466895771
          ]
        ]
      },
      "properties": {
        "OBJECTID": 718098,
        "FCC": "A32",
        "RDNAME": "Moon Lake Rd",
        "FRADDL": 4758,
        "TOADDL": 4736,
        "FRADDR": 4663,
        "TOADDR": 4601,
        "ZIPL": 49201,
        "ZIPR": 49201,
        "FEDIRP": " ",
        "NAME": "Moon Lake",
        "FETYPE": "Rd",
        "FEDIRS": " ",
        "FEDIRP2": " ",
        "NAME2": " ",
        "FETYPE2": " ",
        "FEDIRS2": " ",
        "FEDIRP3": " ",
        "NAME3": " ",
        "FETYPE3": " ",
        "FEDIRS3": " ",
        "FMCDL": 56640,
        "FMCDR": 56640,
        "COUNTYL": 75,
        "COUNTYR": 75,
        "NFC": 7,
        "RU_L": 1,
        "RU_R": 1,
        "PR": 901107,
        "BMP": 0.31,
        "EMP": 0.525,
        "BPT": "38011449",
        "EPT": "38011109",
        "LRS_LINK": " 9011073801144938011109",
        "LENGTH": 346.4549455,
        "VER": "17a",
        "Shape.STLength()": 346.4548805744407,
        "ADJ_CNTY": 0,
        "LEGALSYSTEM": 3,
        "PAVENTRA_SEGMENT_ID": "NAP-109-9011073801144938011109"
      }
    },
    {
      "type": "Feature",
      "id": 718100,
      "geometry": {
        "type": "LineString",
        "coordinates": [
          [
            -84.25835392428756,
            42.19182781455109
          ],
          [
            -84.25793819670052,
            42.191785805238325
          ],
          [
            -84.25761573170662,
            42.1917909659225
          ]
        ]
      },
      "properties": {
        "OBJECTID": 718100,
        "FCC": "A32",
        "RDNAME": "Mott Dr",
        "FRADDL": 8857,
        "TOADDL": 8803,
        "FRADDR": 8856,
        "TOADDR": 8802,
        "ZIPL": 49201,
        "ZIPR": 49201,
        "FEDIRP": " ",
        "NAME": "Mott",
        "FETYPE": "Dr",
        "FEDIRS": " ",
        "FEDIRP2": " ",
        "NAME2": " ",
        "FETYPE2": " ",
        "FEDIRS2": " ",
        "FEDIRP3": " ",
        "NAME3": " ",
        "FETYPE3": " ",
        "FEDIRS3": " ",
        "FMCDL": 56640,
        "FMCDR": 56640,
        "COUNTYL": 75,
        "COUNTYR": 75,
        "NFC": 7,
        "RU_L": 1,
        "RU_R": 1,
        "PR": 915910,
        "BMP": 0.075,
        "EMP": 0.114,
        "BPT": "38011451",
        "EPT": "38011452",
        "LRS_LINK": " 9159103801145138011452",
        "LENGTH": 61.27307262,
        "VER": "17a",
        "Shape.STLength()": 61.27306246027032,
        "ADJ_CNTY": 0,
        "LEGALSYSTEM": 3,
        "PAVENTRA_SEGMENT_ID": "NAP-110-9159103801145138011452"
      }
    },
    {
      "type": "Feature",
      "id": 718107,
      "geometry": {
        "type": "LineString",
        "coordinates": [
          [
            -84.26635661307756,
            42.191920812397335
          ],
          [
            -84.26614093815542,
            42.19189427870471
          ],
          [
            -84.26482959609172,
            42.1919045057011
          ],
          [
            -84.26468468432493,
            42.19192122218548
          ],
          [
            -84.26447546088028,
            42.19204568375371
          ],
          [
            -84.26439438681814,
            42.19229747409967
          ],
          [
            -84.26431596664473,
            42.19262998897551
          ],
          [
            -84.26422768791426,
            42.19296235098811
          ],
          [
            -84.26414191960617,
            42.193030695066476
          ],
          [
            -84.26398422714837,
            42.19313419147586
          ],
          [
            -84.26376065022977,
            42.19329199036287
          ],
          [
            -84.26356126119036,
            42.19349795443434
          ],
          [
            -84.2634956481915,
            42.19355727885616
          ],
          [
            -84.26344285594298,
            42.19360739670547
          ],
          [
            -84.2633636698737,
            42.19368257212021
          ],
          [
            -84.26324775203823,
            42.193744439403375
          ],
          [
            -84.26309438411239,
            42.19381845832685
          ],
          [
            -84.26288104239597,
            42.19389366278918
          ],
          [
            -84.2627279131609,
            42.19395919459394
          ],
          [
            -84.26256559356389,
            42.194129129109946
          ],
          [
            -84.2624397499411,
            42.194258219507965
          ],
          [
            -84.262288575226,
            42.19435561853352
          ],
          [
            -84.26200817420434,
            42.19445734479559
          ]
        ]
      },
      "properties": {
        "OBJECTID": 718107,
        "FCC": "A41",
        "RDNAME": "Olcott Lake Dr",
        "FRADDL": 396,
        "TOADDL": 598,
        "FRADDR": 397,
        "TOADDR": 599,
        "ZIPL": 49201,
        "ZIPR": 49201,
        "FEDIRP": " ",
        "NAME": "Olcott Lake",
        "FETYPE": "Dr",
        "FEDIRS": " ",
        "FEDIRP2": " ",
        "NAME2": " ",
        "FETYPE2": " ",
        "FEDIRS2": " ",
        "FEDIRP3": " ",
        "NAME3": "Olcott",
        "FETYPE3": "Lk",
        "FEDIRS3": " ",
        "FMCDL": 56640,
        "FMCDR": 56640,
        "COUNTYL": 75,
        "COUNTYR": 75,
        "NFC": 0,
        "RU_L": 1,
        "RU_R": 1,
        "PR": 915901,
        "BMP": 0.441,
        "EMP": 0.762,
        "BPT": "38018230",
        "EPT": "38011164",
        "LRS_LINK": " 9159013801823038011164",
        "LENGTH": 516.06272612,
        "VER": "17a",
        "Shape.STLength()": 516.0627189294996,
        "ADJ_CNTY": 0,
        "LEGALSYSTEM": 0,
        "PAVENTRA_SEGMENT_ID": "NAP-111-9159013801823038011164"
      }
    },
    {
      "type": "Feature",
      "id": 718134,
      "geometry": {
        "type": "LineString",
        "coordinates": [
          [
            -84.23080320122347,
            42.19172728222778
          ],
          [
            -84.23080986281956,
            42.19126504628132
          ]
        ]
      },
      "properties": {
        "OBJECTID": 718134,
        "FCC": "A41",
        "RDNAME": "Ward St",
        "FRADDL": 0,
        "TOADDL": 0,
        "FRADDR": 0,
        "TOADDR": 0,
        "ZIPL": 49201,
        "ZIPR": 49201,
        "FEDIRP": " ",
        "NAME": "Ward",
        "FETYPE": "St",
        "FEDIRS": " ",
        "FEDIRP2": " ",
        "NAME2": " ",
        "FETYPE2": " ",
        "FEDIRS2": " ",
        "FEDIRP3": " ",
        "NAME3": " ",
        "FETYPE3": " ",
        "FEDIRS3": " ",
        "FMCDL": 56640,
        "FMCDR": 56640,
        "COUNTYL": 75,
        "COUNTYR": 75,
        "NFC": 0,
        "RU_L": 1,
        "RU_R": 1,
        "PR": 918216,
        "BMP": 0,
        "EMP": 0.032,
        "BPT": "38016845",
        "EPT": "38016846",
        "LRS_LINK": " 9182163801684538016846",
        "LENGTH": 51.3261267,
        "VER": "17a",
        "Shape.STLength()": 51.32620421276056,
        "ADJ_CNTY": 0,
        "LEGALSYSTEM": 0,
        "PAVENTRA_SEGMENT_ID": "NAP-112-9182163801684538016846"
      }
    },
    {
      "type": "Feature",
      "id": 718145,
      "geometry": {
        "type": "LineString",
        "coordinates": [
          [
            -84.24827891015227,
            42.19148339264027
          ],
          [
            -84.24827035997684,
            42.19157772991561
          ],
          [
            -84.24826349622403,
            42.191696674881356
          ],
          [
            -84.24819648333109,
            42.19197254728952
          ],
          [
            -84.24814448887685,
            42.192209834310155
          ],
          [
            -84.24805803417239,
            42.19250261849447
          ],
          [
            -84.24806647431197,
            42.192745491928896
          ],
          [
            -84.24809164877936,
            42.19288187303397
          ],
          [
            -84.24816531342665,
            42.192976616311086
          ],
          [
            -84.24826438268856,
            42.19305492520412
          ],
          [
            -84.24848131580345,
            42.19316286158699
          ]
        ]
      },
      "properties": {
        "OBJECTID": 718145,
        "FCC": "A32",
        "RDNAME": "Lakeshore Blvd",
        "FRADDL": 8029,
        "TOADDL": 7963,
        "FRADDR": 8028,
        "TOADDR": 7962,
        "ZIPL": 49201,
        "ZIPR": 49201,
        "FEDIRP": " ",
        "NAME": "Lakeshore",
        "FETYPE": "Blvd",
        "FEDIRS": " ",
        "FEDIRP2": " ",
        "NAME2": " ",
        "FETYPE2": " ",
        "FEDIRS2": " ",
        "FEDIRP3": " ",
        "NAME3": " ",
        "FETYPE3": " ",
        "FEDIRS3": " ",
        "FMCDL": 56640,
        "FMCDR": 56640,
        "COUNTYL": 75,
        "COUNTYR": 75,
        "NFC": 7,
        "RU_L": 1,
        "RU_R": 1,
        "PR": 915609,
        "BMP": 0.093,
        "EMP": 0.219,
        "BPT": "38011467",
        "EPT": "38011269",
        "LRS_LINK": " 9156093801146738011269",
        "LENGTH": 202.72177966,
        "VER": "17a",
        "Shape.STLength()": 202.72175338480318,
        "ADJ_CNTY": 0,
        "LEGALSYSTEM": 3,
        "PAVENTRA_SEGMENT_ID": "NAP-113-9156093801146738011269"
      }
    },
    {
      "type": "Feature",
      "id": 718146,
      "geometry": {
        "type": "LineString",
        "coordinates": [
          [
            -84.24827891015227,
            42.19148339264027
          ],
          [
            -84.24851937287983,
            42.19158893632348
          ],
          [
            -84.24868312700163,
            42.191701879731575
          ],
          [
            -84.24882492075103,
            42.19182597404783
          ],
          [
            -84.2488807675835,
            42.19192802174184
          ],
          [
            -84.24891815304073,
            42.19213554916109
          ],
          [
            -84.24893750007628,
            42.19225799165979
          ],
          [
            -84.24906016752205,
            42.19249618406201
          ],
          [
            -84.24919621339778,
            42.19267770866612
          ],
          [
            -84.24936804321098,
            42.19284229417145
          ],
          [
            -84.24949531197778,
            42.192918674288656
          ],
          [
            -84.24961529214268,
            42.192976084266334
          ],
          [
            -84.24988908903981,
            42.19303527921705
          ],
          [
            -84.24996621794101,
            42.19305272624056
          ],
          [
            -84.25005779421606,
            42.19307400809957
          ],
          [
            -84.25017928633278,
            42.19306689804549
          ],
          [
            -84.25027188618557,
            42.1930521172848
          ],
          [
            -84.25043835477562,
            42.19299881246128
          ],
          [
            -84.25065919110212,
            42.192910283865714
          ],
          [
            -84.25090703094972,
            42.19277413465926
          ]
        ]
      },
      "properties": {
        "OBJECTID": 718146,
        "FCC": "A41",
        "RDNAME": "Fairview Dr",
        "FRADDL": 8199,
        "TOADDL": 8001,
        "FRADDR": 8198,
        "TOADDR": 8000,
        "ZIPL": 49201,
        "ZIPR": 49201,
        "FEDIRP": " ",
        "NAME": "Fairview",
        "FETYPE": "Dr",
        "FEDIRS": " ",
        "FEDIRP2": " ",
        "NAME2": " ",
        "FETYPE2": " ",
        "FEDIRS2": " ",
        "FEDIRP3": " ",
        "NAME3": "Fairview",
        "FETYPE3": "Ct",
        "FEDIRS3": " ",
        "FMCDL": 56640,
        "FMCDR": 56640,
        "COUNTYL": 75,
        "COUNTYR": 75,
        "NFC": 0,
        "RU_L": 1,
        "RU_R": 1,
        "PR": 3380664,
        "BMP": 0,
        "EMP": 0.202,
        "BPT": "38011467",
        "EPT": "38011321",
        "LRS_LINK": "33806643801146738011321",
        "LENGTH": 325.68391778,
        "VER": "17a",
        "Shape.STLength()": 325.6839032495831,
        "ADJ_CNTY": 0,
        "LEGALSYSTEM": 0,
        "PAVENTRA_SEGMENT_ID": "NAP-114-33806643801146738011321"
      }
    },
    {
      "type": "Feature",
      "id": 718149,
      "geometry": {
        "type": "LineString",
        "coordinates": [
          [
            -84.2292382853931,
            42.191274204592865
          ],
          [
            -84.22925034033038,
            42.19127326116297
          ],
          [
            -84.22926243064899,
            42.19127243540372
          ],
          [
            -84.2292745417989,
            42.19127168564506
          ],
          [
            -84.2292866641251,
            42.19127096849313
          ],
          [
            -84.22929878189237,
            42.19127024135818
          ],
          [
            -84.22931088544563,
            42.191269460846314
          ],
          [
            -84.2293229602347,
            42.19126858528757
          ],
          [
            -84.22933499541934,
            42.19126757036825
          ],
          [
            -84.22934697644932,
            42.19126637441845
          ],
          [
            -84.22935889122182,
            42.191264954906224
          ],
          [
            -84.2293707288707,
            42.19126326841836
          ],
          [
            -84.2293824920505,
            42.19126130688958
          ],
          [
            -84.22939422075898,
            42.19125915383309
          ],
          [
            -84.22940591450428,
            42.19125682635719
          ],
          [
            -84.22941756813248,
            42.191254335189996
          ],
          [
            -84.22942918007033,
            42.191251692918335
          ],
          [
            -84.22944074513795,
            42.19124891117082
          ],
          [
            -84.22945225820722,
            42.191245999775234
          ],
          [
            -84.22946371770507,
            42.19124297131835
          ],
          [
            -84.22947511845166,
            42.19123983742882
          ],
          [
            -84.22948645647789,
            42.19123660975454
          ],
          [
            -84.22949772905169,
            42.19123329906224
          ],
          [
            -84.22950893096726,
            42.19122991788089
          ],
          [
            -84.22952015844392,
            42.191226490260966
          ],
          [
            -84.2295314698602,
            42.19122300812187
          ],
          [
            -84.22954279130929,
            42.19121942975106
          ],
          [
            -84.22955404888424,
            42.19121571343592
          ],
          [
            -84.22956516870411,
            42.191211816563516
          ],
          [
            -84.22957607807282,
            42.19120769744057
          ],
          [
            -84.22958669942511,
            42.191203315197285
          ],
          [
            -84.22959696256422,
            42.191198625477746
          ],
          [
            -84.22960678989902,
            42.19119358831256
          ],
          [
            -84.22961611731276,
            42.19118815854157
          ],
          [
            -84.22962513298617,
            42.191182237360515
          ],
          [
            -84.22963386700873,
            42.19117583155364
          ]
        ]
      },
      "properties": {
        "OBJECTID": 718149,
        "FCC": "A32",
        "RDNAME": "Greenes Dr",
        "FRADDL": 0,
        "TOADDL": 0,
        "FRADDR": 0,
        "TOADDR": 0,
        "ZIPL": 49201,
        "ZIPR": 49201,
        "FEDIRP": " ",
        "NAME": "Greenes",
        "FETYPE": "Dr",
        "FEDIRS": " ",
        "FEDIRP2": " ",
        "NAME2": "Keith",
        "FETYPE2": "Dr",
        "FEDIRS2": " ",
        "FEDIRP3": " ",
        "NAME3": " ",
        "FETYPE3": " ",
        "FEDIRS3": " ",
        "FMCDL": 56640,
        "FMCDR": 56640,
        "COUNTYL": 75,
        "COUNTYR": 75,
        "NFC": 7,
        "RU_L": 1,
        "RU_R": 1,
        "PR": 3381032,
        "BMP": 0.017,
        "EMP": 0.039,
        "BPT": "38011465",
        "EPT": "38020542",
        "LRS_LINK": "33810323801146538020542",
        "LENGTH": 35.06059722,
        "VER": "17a",
        "Shape.STLength()": 35.06062867185269,
        "ADJ_CNTY": 0,
        "LEGALSYSTEM": 3,
        "PAVENTRA_SEGMENT_ID": "NAP-115-33810323801146538020542"
      }
    },
    {
      "type": "Feature",
      "id": 718150,
      "geometry": {
        "type": "LineString",
        "coordinates": [
          [
            -84.22963386700873,
            42.19117583155364
          ],
          [
            -84.22968388638256,
            42.19126143358546
          ],
          [
            -84.22973476243615,
            42.19151809028908
          ]
        ]
      },
      "properties": {
        "OBJECTID": 718150,
        "FCC": "A41",
        "RDNAME": "Greenes Dr",
        "FRADDL": 7190,
        "TOADDL": 7198,
        "FRADDR": 0,
        "TOADDR": 0,
        "ZIPL": 49201,
        "ZIPR": 49201,
        "FEDIRP": " ",
        "NAME": "Greenes",
        "FETYPE": "Dr",
        "FEDIRS": " ",
        "FEDIRP2": " ",
        "NAME2": " ",
        "FETYPE2": " ",
        "FEDIRS2": " ",
        "FEDIRP3": " ",
        "NAME3": " ",
        "FETYPE3": " ",
        "FEDIRS3": " ",
        "FMCDL": 56640,
        "FMCDR": 56640,
        "COUNTYL": 75,
        "COUNTYR": 75,
        "NFC": 0,
        "RU_L": 1,
        "RU_R": 1,
        "PR": 3381528,
        "BMP": 0,
        "EMP": 0.024,
        "BPT": "38020542",
        "EPT": "38020537",
        "LRS_LINK": "33815283802054238020537",
        "LENGTH": 39.16834222,
        "VER": "17a",
        "Shape.STLength()": 39.16837635458389,
        "ADJ_CNTY": 0,
        "LEGALSYSTEM": 0,
        "PAVENTRA_SEGMENT_ID": "NAP-116-33815283802054238020537"
      }
    },
    {
      "type": "Feature",
      "id": 718157,
      "geometry": {
        "type": "LineString",
        "coordinates": [
          [
            -84.2289749917233,
            42.19113189988998
          ],
          [
            -84.2289452957569,
            42.19140464690936
          ],
          [
            -84.22887345406477,
            42.19175070548559
          ]
        ]
      },
      "properties": {
        "OBJECTID": 718157,
        "FCC": "A41",
        "RDNAME": "Greenes Dr",
        "FRADDL": 0,
        "TOADDL": 0,
        "FRADDR": 0,
        "TOADDR": 0,
        "ZIPL": 49201,
        "ZIPR": 49201,
        "FEDIRP": " ",
        "NAME": "Greenes",
        "FETYPE": "Dr",
        "FEDIRS": " ",
        "FEDIRP2": " ",
        "NAME2": "Keith",
        "FETYPE2": "Dr",
        "FEDIRS2": " ",
        "FEDIRP3": " ",
        "NAME3": " ",
        "FETYPE3": " ",
        "FEDIRS3": " ",
        "FMCDL": 56640,
        "FMCDR": 56640,
        "COUNTYL": 75,
        "COUNTYR": 75,
        "NFC": 0,
        "RU_L": 1,
        "RU_R": 1,
        "PR": 918219,
        "BMP": 0,
        "EMP": 0.043,
        "BPT": "38016848",
        "EPT": "38011402",
        "LRS_LINK": " 9182193801684838011402",
        "LENGTH": 69.26179042,
        "VER": "17a",
        "Shape.STLength()": 69.26187945365943,
        "ADJ_CNTY": 0,
        "LEGALSYSTEM": 0,
        "PAVENTRA_SEGMENT_ID": "NAP-117-9182193801684838011402"
      }
    },
    {
      "type": "Feature",
      "id": 718158,
      "geometry": {
        "type": "LineString",
        "coordinates": [
          [
            -84.2289749917233,
            42.19113189988998
          ],
          [
            -84.22898312677391,
            42.191138577450495
          ],
          [
            -84.2289911875199,
            42.191145311482906
          ],
          [
            -84.22899920858923,
            42.19115207731427
          ],
          [
            -84.22900722223999,
            42.19115884843213
          ],
          [
            -84.22901526433688,
            42.19116559928226
          ],
          [
            -84.22902336476807,
            42.191172301512914
          ],
          [
            -84.22903156053148,
            42.19117893229038
          ],
          [
            -84.22903988396284,
            42.191185462400874
          ],
          [
            -84.22904836724261,
            42.1911918680333
          ],
          [
            -84.22905703113602,
            42.19119814321183
          ],
          [
            -84.22906577187706,
            42.191204442132445
          ],
          [
            -84.2290745999806,
            42.19121073613538
          ],
          [
            -84.22908355526035,
            42.1912169465794
          ],
          [
            -84.22909268111056,
            42.19122299668198
          ],
          [
            -84.22910201981819,
            42.19122880603943
          ],
          [
            -84.22911161117092,
            42.19123429691106
          ],
          [
            -84.2291214985888,
            42.19123939161383
          ],
          [
            -84.22913172430697,
            42.1912440115449
          ],
          [
            -84.22914231790278,
            42.19124813915756
          ],
          [
            -84.22915323956258,
            42.19125185309294
          ],
          [
            -84.22916442404525,
            42.191255231587846
          ],
          [
            -84.22917581090137,
            42.191258354757096
          ],
          [
            -84.22918733731149,
            42.19126130087605
          ],
          [
            -84.22919894164136,
            42.19126414913992
          ],
          [
            -84.22921056104576,
            42.19126697872453
          ],
          [
            -84.22922213273135,
            42.191269867004955
          ],
          [
            -84.2292382853931,
            42.191274204592865
          ]
        ]
      },
      "properties": {
        "OBJECTID": 718158,
        "FCC": "A32",
        "RDNAME": "Greenes Dr",
        "FRADDL": 0,
        "TOADDL": 0,
        "FRADDR": 0,
        "TOADDR": 0,
        "ZIPL": 49201,
        "ZIPR": 49201,
        "FEDIRP": " ",
        "NAME": "Greenes",
        "FETYPE": "Dr",
        "FEDIRS": " ",
        "FEDIRP2": " ",
        "NAME2": "Keith",
        "FETYPE2": "Dr",
        "FEDIRS2": " ",
        "FEDIRP3": " ",
        "NAME3": "Greenes",
        "FETYPE3": "Dr",
        "FEDIRS3": " ",
        "FMCDL": 56640,
        "FMCDR": 56640,
        "COUNTYL": 75,
        "COUNTYR": 75,
        "NFC": 7,
        "RU_L": 1,
        "RU_R": 1,
        "PR": 3381032,
        "BMP": 0,
        "EMP": 0.017,
        "BPT": "38016848",
        "EPT": "38011465",
        "LRS_LINK": "33810323801684838011465",
        "LENGTH": 27.452243,
        "VER": "17a",
        "Shape.STLength()": 27.452304876317033,
        "ADJ_CNTY": 0,
        "LEGALSYSTEM": 3,
        "PAVENTRA_SEGMENT_ID": "NAP-118-33810323801684838011465"
      }
    },
    {
      "type": "Feature",
      "id": 718180,
      "geometry": {
        "type": "LineString",
        "coordinates": [
          [
            -84.24815212463618,
            42.19136211371717
          ],
          [
            -84.24827891015227,
            42.19148339264027
          ]
        ]
      },
      "properties": {
        "OBJECTID": 718180,
        "FCC": "A32",
        "RDNAME": "Lakeshore Blvd",
        "FRADDL": 8039,
        "TOADDL": 8031,
        "FRADDR": 8038,
        "TOADDR": 8030,
        "ZIPL": 49201,
        "ZIPR": 49201,
        "FEDIRP": " ",
        "NAME": "Lakeshore",
        "FETYPE": "Blvd",
        "FEDIRS": " ",
        "FEDIRP2": " ",
        "NAME2": " ",
        "FETYPE2": " ",
        "FEDIRS2": " ",
        "FEDIRP3": " ",
        "NAME3": " ",
        "FETYPE3": " ",
        "FEDIRS3": " ",
        "FMCDL": 56640,
        "FMCDR": 56640,
        "COUNTYL": 75,
        "COUNTYR": 75,
        "NFC": 7,
        "RU_L": 1,
        "RU_R": 1,
        "PR": 915609,
        "BMP": 0.082,
        "EMP": 0.093,
        "BPT": "38011475",
        "EPT": "38011467",
        "LRS_LINK": " 9156093801147538011467",
        "LENGTH": 17.05632486,
        "VER": "17a",
        "Shape.STLength()": 17.05641589695795,
        "ADJ_CNTY": 0,
        "LEGALSYSTEM": 3,
        "PAVENTRA_SEGMENT_ID": "NAP-119-9156093801147538011467"
      }
    },
    {
      "type": "Feature",
      "id": 716808,
      "geometry": {
        "type": "LineString",
        "coordinates": [
          [
            -84.36456974230413,
            42.196974023888515
          ],
          [
            -84.3639253823747,
            42.19697684742324
          ],
          [
            -84.35951434446524,
            42.196955025635546
          ]
        ]
      },
      "properties": {
        "OBJECTID": 716808,
        "FCC": "A21",
        "RDNAME": "Brooklyn Rd",
        "FRADDL": 3100,
        "TOADDL": 4052,
        "FRADDR": 3101,
        "TOADDR": 4005,
        "ZIPL": 49203,
        "ZIPR": 49203,
        "FEDIRP": " ",
        "NAME": "Brooklyn",
        "FETYPE": "Rd",
        "FEDIRS": " ",
        "FEDIRP2": " ",
        "NAME2": "M 50",
        "FETYPE2": " ",
        "FEDIRS2": " ",
        "FEDIRP3": " ",
        "NAME3": " ",
        "FETYPE3": " ",
        "FEDIRS3": " ",
        "FMCDL": 56640,
        "FMCDR": 56640,
        "COUNTYL": 75,
        "COUNTYR": 75,
        "NFC": 4,
        "RU_L": 3,
        "RU_R": 3,
        "PR": 899310,
        "BMP": 2.007,
        "EMP": 2.266,
        "BPT": "38011077",
        "EPT": "38011072",
        "LRS_LINK": " 8993103801107738011072",
        "LENGTH": 417.39189946,
        "VER": "17a",
        "Shape.STLength()": 417.3918136039073,
        "ADJ_CNTY": 0,
        "LEGALSYSTEM": 1,
        "PAVENTRA_SEGMENT_ID": "NAP-120-8993103801107738011072"
      }
    },
    {
      "type": "Feature",
      "id": 716935,
      "geometry": {
        "type": "LineString",
        "coordinates": [
          [
            -84.26814503802434,
            42.19529089949698
          ],
          [
            -84.2672511633397,
            42.19587268005046
          ],
          [
            -84.26723505369772,
            42.195883427590836
          ]
        ]
      },
      "properties": {
        "OBJECTID": 716935,
        "FCC": "A32",
        "RDNAME": "S Portage Rd",
        "FRADDL": 7994,
        "TOADDL": 6548,
        "FRADDR": 7951,
        "TOADDR": 7901,
        "ZIPL": 49201,
        "ZIPR": 49201,
        "FEDIRP": "S",
        "NAME": "Portage",
        "FETYPE": "Rd",
        "FEDIRS": " ",
        "FEDIRP2": " ",
        "NAME2": " ",
        "FETYPE2": " ",
        "FEDIRS2": " ",
        "FEDIRP3": " ",
        "NAME3": " ",
        "FETYPE3": " ",
        "FEDIRS3": " ",
        "FMCDL": 56640,
        "FMCDR": 56640,
        "COUNTYL": 75,
        "COUNTYR": 75,
        "NFC": 7,
        "RU_L": 1,
        "RU_R": 1,
        "PR": 915902,
        "BMP": 0.393,
        "EMP": 0.455,
        "BPT": "38011111",
        "EPT": "38019740",
        "LRS_LINK": " 9159023801111138019740",
        "LENGTH": 99.86535474,
        "VER": "17a",
        "Shape.STLength()": 99.86538242453264,
        "ADJ_CNTY": 0,
        "LEGALSYSTEM": 3,
        "PAVENTRA_SEGMENT_ID": "NAP-121-9159023801111138019740"
      }
    },
    {
      "type": "Feature",
      "id": 716994,
      "geometry": {
        "type": "LineString",
        "coordinates": [
          [
            -84.30708027617872,
            42.19566466895771
          ],
          [
            -84.30701127979731,
            42.19583946443041
          ],
          [
            -84.30690970828455,
            42.19593415200504
          ],
          [
            -84.30679781355845,
            42.19598905603106
          ],
          [
            -84.30660197973806,
            42.19605117444614
          ],
          [
            -84.30628175597441,
            42.196068943114845
          ],
          [
            -84.30603452410571,
            42.1960623487474
          ],
          [
            -84.3057636064924,
            42.19608652745624
          ],
          [
            -84.30562515490965,
            42.19613819555791
          ],
          [
            -84.30548561205184,
            42.196229473240784
          ],
          [
            -84.30541121679113,
            42.19630475979314
          ],
          [
            -84.30533254890231,
            42.19639696446322
          ],
          [
            -84.30525792065197,
            42.196480738542284
          ],
          [
            -84.30519113442718,
            42.19655614176056
          ],
          [
            -84.3051134013012,
            42.19661439493958
          ],
          [
            -84.30499342643758,
            42.19668615739713
          ],
          [
            -84.29924400323316,
            42.19665788264567
          ]
        ]
      },
      "properties": {
        "OBJECTID": 716994,
        "FCC": "A32",
        "RDNAME": "Moon Lake Rd",
        "FRADDL": 6000,
        "TOADDL": 6292,
        "FRADDR": 6001,
        "TOADDR": 6229,
        "ZIPL": 49201,
        "ZIPR": 49201,
        "FEDIRP": " ",
        "NAME": "Moon Lake",
        "FETYPE": "Rd",
        "FEDIRS": " ",
        "FEDIRP2": " ",
        "NAME2": " ",
        "FETYPE2": " ",
        "FEDIRS2": " ",
        "FEDIRP3": " ",
        "NAME3": " ",
        "FETYPE3": " ",
        "FEDIRS3": " ",
        "FMCDL": 56640,
        "FMCDR": 56640,
        "COUNTYL": 75,
        "COUNTYR": 75,
        "NFC": 7,
        "RU_L": 1,
        "RU_R": 1,
        "PR": 901107,
        "BMP": 0.525,
        "EMP": 0.96,
        "BPT": "38011109",
        "EPT": "38011022",
        "LRS_LINK": " 9011073801110938011022",
        "LENGTH": 700.12049771,
        "VER": "17a",
        "Shape.STLength()": 700.120563342165,
        "ADJ_CNTY": 0,
        "LEGALSYSTEM": 3,
        "PAVENTRA_SEGMENT_ID": "NAP-122-9011073801110938011022"
      }
    },
    {
      "type": "Feature",
      "id": 716995,
      "geometry": {
        "type": "LineString",
        "coordinates": [
          [
            -84.30708027617872,
            42.19566466895771
          ],
          [
            -84.30715704639576,
            42.19665145123627
          ],
          [
            -84.30720825337833,
            42.198561503954224
          ]
        ]
      },
      "properties": {
        "OBJECTID": 716995,
        "FCC": "A32",
        "RDNAME": "Anthony Dr",
        "FRADDL": 10698,
        "TOADDL": 9932,
        "FRADDR": 10699,
        "TOADDR": 9933,
        "ZIPL": 49201,
        "ZIPR": 49201,
        "FEDIRP": " ",
        "NAME": "Anthony",
        "FETYPE": "Dr",
        "FEDIRS": " ",
        "FEDIRP2": " ",
        "NAME2": " ",
        "FETYPE2": " ",
        "FEDIRS2": " ",
        "FEDIRP3": " ",
        "NAME3": "Anthony",
        "FETYPE3": "Rd",
        "FEDIRS3": " ",
        "FMCDL": 56640,
        "FMCDR": 56640,
        "COUNTYL": 75,
        "COUNTYR": 75,
        "NFC": 7,
        "RU_L": 1,
        "RU_R": 1,
        "PR": 915705,
        "BMP": 0,
        "EMP": 0.2,
        "BPT": "38011109",
        "EPT": "38017600",
        "LRS_LINK": " 9157053801110938017600",
        "LENGTH": 321.86879997,
        "VER": "17a",
        "Shape.STLength()": 321.86880120479134,
        "ADJ_CNTY": 0,
        "LEGALSYSTEM": 3,
        "PAVENTRA_SEGMENT_ID": "NAP-123-9157053801110938017600"
      }
    },
    {
      "type": "Feature",
      "id": 717008,
      "geometry": {
        "type": "LineString",
        "coordinates": [
          [
            -84.26550372152738,
            42.19498364054907
          ],
          [
            -84.26549718771739,
            42.195022613311785
          ],
          [
            -84.26551000784426,
            42.19508209869695
          ],
          [
            -84.26588766302514,
            42.196274202618405
          ]
        ]
      },
      "properties": {
        "OBJECTID": 717008,
        "FCC": "A41",
        "RDNAME": "Kitty Ln",
        "FRADDL": 0,
        "TOADDL": 0,
        "FRADDR": 0,
        "TOADDR": 0,
        "ZIPL": 49201,
        "ZIPR": 49201,
        "FEDIRP": " ",
        "NAME": "Kitty",
        "FETYPE": "Ln",
        "FEDIRS": " ",
        "FEDIRP2": " ",
        "NAME2": " ",
        "FETYPE2": " ",
        "FEDIRS2": " ",
        "FEDIRP3": " ",
        "NAME3": " ",
        "FETYPE3": " ",
        "FEDIRS3": " ",
        "FMCDL": 56640,
        "FMCDR": 56640,
        "COUNTYL": 75,
        "COUNTYR": 75,
        "NFC": 0,
        "RU_L": 1,
        "RU_R": 1,
        "PR": 3381219,
        "BMP": 0,
        "EMP": 0.091,
        "BPT": "38019741",
        "EPT": "38019739",
        "LRS_LINK": "33812193801974138019739",
        "LENGTH": 147.03535426,
        "VER": "17a",
        "Shape.STLength()": 147.03532898681408,
        "ADJ_CNTY": 0,
        "LEGALSYSTEM": 0,
        "PAVENTRA_SEGMENT_ID": "NAP-124-33812193801974138019739"
      }
    },
    {
      "type": "Feature",
      "id": 717073,
      "geometry": {
        "type": "LineString",
        "coordinates": [
          [
            -84.26631081977948,
            42.194827787467
          ],
          [
            -84.26636273730432,
            42.19485015377675
          ],
          [
            -84.26641782153791,
            42.19488873933113
          ],
          [
            -84.26723505369772,
            42.195883427590836
          ]
        ]
      },
      "properties": {
        "OBJECTID": 717073,
        "FCC": "A41",
        "RDNAME": "Kitty Ln",
        "FRADDL": 0,
        "TOADDL": 0,
        "FRADDR": 0,
        "TOADDR": 0,
        "ZIPL": 49201,
        "ZIPR": 49201,
        "FEDIRP": " ",
        "NAME": "Kitty",
        "FETYPE": "Ln",
        "FEDIRS": " ",
        "FEDIRP2": " ",
        "NAME2": " ",
        "FETYPE2": " ",
        "FEDIRS2": " ",
        "FEDIRP3": " ",
        "NAME3": " ",
        "FETYPE3": " ",
        "FEDIRS3": " ",
        "FMCDL": 56640,
        "FMCDR": 56640,
        "COUNTYL": 75,
        "COUNTYR": 75,
        "NFC": 0,
        "RU_L": 1,
        "RU_R": 1,
        "PR": 3381218,
        "BMP": 0,
        "EMP": 0.087,
        "BPT": "38019742",
        "EPT": "38019740",
        "LRS_LINK": "33812183801974238019740",
        "LENGTH": 140.62531487,
        "VER": "17a",
        "Shape.STLength()": 140.62521841867127,
        "ADJ_CNTY": 0,
        "LEGALSYSTEM": 0,
        "PAVENTRA_SEGMENT_ID": "NAP-125-33812183801974238019740"
      }
    },
    {
      "type": "Feature",
      "id": 717075,
      "geometry": {
        "type": "LineString",
        "coordinates": [
          [
            -84.26631081977948,
            42.194827787467
          ],
          [
            -84.26626384257771,
            42.19482301297147
          ],
          [
            -84.2662041871497,
            42.194818041916356
          ],
          [
            -84.2661535122328,
            42.194815905984164
          ],
          [
            -84.26555561077897,
            42.19494267999016
          ],
          [
            -84.26552991281744,
            42.19495440576124
          ],
          [
            -84.26550372152738,
            42.19498364054907
          ]
        ]
      },
      "properties": {
        "OBJECTID": 717075,
        "FCC": "A41",
        "RDNAME": "N Olcott Lake Rd",
        "FRADDL": 0,
        "TOADDL": 0,
        "FRADDR": 0,
        "TOADDR": 0,
        "ZIPL": 49201,
        "ZIPR": 49201,
        "FEDIRP": "N",
        "NAME": "Olcott Lake",
        "FETYPE": "Rd",
        "FEDIRS": " ",
        "FEDIRP2": " ",
        "NAME2": " ",
        "FETYPE2": " ",
        "FEDIRS2": " ",
        "FEDIRP3": " ",
        "NAME3": " ",
        "FETYPE3": " ",
        "FEDIRS3": " ",
        "FMCDL": 56640,
        "FMCDR": 56640,
        "COUNTYL": 75,
        "COUNTYR": 75,
        "NFC": 0,
        "RU_L": 1,
        "RU_R": 1,
        "PR": 3381220,
        "BMP": 0,
        "EMP": 0.044,
        "BPT": "38019742",
        "EPT": "38019741",
        "LRS_LINK": "33812203801974238019741",
        "LENGTH": 70.78433194,
        "VER": "17a",
        "Shape.STLength()": 70.78436707563594,
        "ADJ_CNTY": 0,
        "LEGALSYSTEM": 0,
        "PAVENTRA_SEGMENT_ID": "NAP-126-33812203801974238019741"
      }
    },
    {
      "type": "Feature",
      "id": 717084,
      "geometry": {
        "type": "LineString",
        "coordinates": [
          [
            -84.28572872988727,
            42.19653396043516
          ],
          [
            -84.28577290530816,
            42.19509137333493
          ]
        ]
      },
      "properties": {
        "OBJECTID": 717084,
        "FCC": "A32",
        "RDNAME": "Dollar Lake Rd",
        "FRADDL": 601,
        "TOADDL": 659,
        "FRADDR": 600,
        "TOADDR": 658,
        "ZIPL": 49201,
        "ZIPR": 49201,
        "FEDIRP": " ",
        "NAME": "Dollar Lake",
        "FETYPE": "Rd",
        "FEDIRS": " ",
        "FEDIRP2": " ",
        "NAME2": " ",
        "FETYPE2": " ",
        "FEDIRS2": " ",
        "FEDIRP3": " ",
        "NAME3": " ",
        "FETYPE3": " ",
        "FEDIRS3": " ",
        "FMCDL": 56640,
        "FMCDR": 56640,
        "COUNTYL": 75,
        "COUNTYR": 75,
        "NFC": 7,
        "RU_L": 1,
        "RU_R": 1,
        "PR": 915718,
        "BMP": 0,
        "EMP": 0.1,
        "BPT": "38011008",
        "EPT": "38011138",
        "LRS_LINK": " 9157183801100838011138",
        "LENGTH": 160.21585373,
        "VER": "17a",
        "Shape.STLength()": 160.2158386196883,
        "ADJ_CNTY": 0,
        "LEGALSYSTEM": 3,
        "PAVENTRA_SEGMENT_ID": "NAP-127-9157183801100838011138"
      }
    },
    {
      "type": "Feature",
      "id": 717151,
      "geometry": {
        "type": "LineString",
        "coordinates": [
          [
            -84.2204115899579,
            42.19389133865288
          ],
          [
            -84.22030661707065,
            42.196681309416164
          ]
        ]
      },
      "properties": {
        "OBJECTID": 717151,
        "FCC": "A31",
        "RDNAME": "Wolf Lake Rd",
        "FRADDL": 4598,
        "TOADDL": 4500,
        "FRADDR": 4599,
        "TOADDR": 4501,
        "ZIPL": 49240,
        "ZIPR": 49240,
        "FEDIRP": " ",
        "NAME": "Wolf Lake",
        "FETYPE": "Rd",
        "FEDIRS": " ",
        "FEDIRP2": " ",
        "NAME2": " ",
        "FETYPE2": " ",
        "FEDIRS2": " ",
        "FEDIRP3": " ",
        "NAME3": " ",
        "FETYPE3": " ",
        "FEDIRS3": " ",
        "FMCDL": 56640,
        "FMCDR": 56640,
        "COUNTYL": 75,
        "COUNTYR": 75,
        "NFC": 5,
        "RU_L": 1,
        "RU_R": 1,
        "PR": 918109,
        "BMP": 5.507,
        "EMP": 5.7,
        "BPT": "38011172",
        "EPT": "38010888",
        "LRS_LINK": " 9181093801117238010888",
        "LENGTH": 309.89919122,
        "VER": "17a",
        "Shape.STLength()": 309.8991334064198,
        "ADJ_CNTY": 0,
        "LEGALSYSTEM": 2,
        "PAVENTRA_SEGMENT_ID": "NAP-128-9181093801117238010888"
      }
    },
    {
      "type": "Feature",
      "id": 717152,
      "geometry": {
        "type": "LineString",
        "coordinates": [
          [
            -84.2204115899579,
            42.19389133865288
          ],
          [
            -84.22055234704561,
            42.193899292804296
          ],
          [
            -84.2207354168761,
            42.19391434644251
          ],
          [
            -84.22096297428732,
            42.19394223913423
          ],
          [
            -84.22115314697442,
            42.19399379419636
          ],
          [
            -84.22133004239942,
            42.19408152564313
          ],
          [
            -84.22165113812369,
            42.19425949805656
          ],
          [
            -84.22246178863074,
            42.19480150267616
          ],
          [
            -84.22281996560775,
            42.195056647574035
          ],
          [
            -84.22307553443117,
            42.19529096776311
          ],
          [
            -84.22326782634107,
            42.19548270615282
          ],
          [
            -84.22354618144371,
            42.195672619421615
          ],
          [
            -84.22378348857396,
            42.19579472244277
          ],
          [
            -84.22414901478345,
            42.19594445183895
          ],
          [
            -84.22447640901962,
            42.19607438529729
          ],
          [
            -84.22482925500199,
            42.196150896206525
          ],
          [
            -84.22520090462456,
            42.196201565827806
          ],
          [
            -84.22565814272316,
            42.196205866269274
          ],
          [
            -84.22632404473265,
            42.196190890435886
          ],
          [
            -84.2265721560284,
            42.196190149596355
          ],
          [
            -84.22678686109879,
            42.19619983615191
          ],
          [
            -84.22698417153612,
            42.19622805234771
          ],
          [
            -84.22720640190667,
            42.19626920357343
          ],
          [
            -84.227288941698,
            42.19629574777933
          ],
          [
            -84.22834226335773,
            42.19663448249927
          ]
        ]
      },
      "properties": {
        "OBJECTID": 717152,
        "FCC": "A32",
        "RDNAME": "Sandbeach Rd",
        "FRADDL": 5598,
        "TOADDL": 5422,
        "FRADDR": 5599,
        "TOADDR": 5427,
        "ZIPL": 49240,
        "ZIPR": 49240,
        "FEDIRP": " ",
        "NAME": "Sandbeach",
        "FETYPE": "Rd",
        "FEDIRS": " ",
        "FEDIRP2": " ",
        "NAME2": "Lakeview",
        "FETYPE2": "Dr",
        "FEDIRS2": " ",
        "FEDIRP3": " ",
        "NAME3": " ",
        "FETYPE3": " ",
        "FEDIRS3": " ",
        "FMCDL": 56640,
        "FMCDR": 56640,
        "COUNTYL": 75,
        "COUNTYR": 75,
        "NFC": 7,
        "RU_L": 1,
        "RU_R": 1,
        "PR": 915410,
        "BMP": 0,
        "EMP": 0.469,
        "BPT": "38011172",
        "EPT": "38010901",
        "LRS_LINK": " 9154103801117238010901",
        "LENGTH": 754.58033306,
        "VER": "17a",
        "Shape.STLength()": 754.5803732957421,
        "ADJ_CNTY": 0,
        "LEGALSYSTEM": 3,
        "PAVENTRA_SEGMENT_ID": "NAP-129-9154103801117238010901"
      }
    },
    {
      "type": "Feature",
      "id": 717186,
      "geometry": {
        "type": "LineString",
        "coordinates": [
          [
            -84.27529310750937,
            42.19465007947347
          ],
          [
            -84.27515054008376,
            42.19470281665006
          ],
          [
            -84.2747028504923,
            42.194896711875714
          ],
          [
            -84.27392557255598,
            42.195286327612024
          ],
          [
            -84.27368963194573,
            42.195393127090966
          ],
          [
            -84.27341017315747,
            42.1954866989359
          ],
          [
            -84.27308051688743,
            42.19556442859484
          ],
          [
            -84.27282960187944,
            42.19560321275062
          ],
          [
            -84.27262972818065,
            42.19562772647498
          ],
          [
            -84.27244405557899,
            42.195627355853205
          ],
          [
            -84.272090008514,
            42.19561181849438
          ],
          [
            -84.27197892876248,
            42.1956000536144
          ],
          [
            -84.27173371280271,
            42.195556079731226
          ],
          [
            -84.2707801997939,
            42.19536805425488
          ],
          [
            -84.26983759152782,
            42.19515257521253
          ],
          [
            -84.269555681418,
            42.195092964408914
          ],
          [
            -84.26930983412237,
            42.19507157015469
          ],
          [
            -84.26905709625534,
            42.19505508857494
          ],
          [
            -84.26880681592887,
            42.195071280022596
          ],
          [
            -84.26858296694031,
            42.195107966069884
          ],
          [
            -84.26833387285693,
            42.195201997892006
          ],
          [
            -84.26814503802434,
            42.19529089949698
          ]
        ]
      },
      "properties": {
        "OBJECTID": 717186,
        "FCC": "A32",
        "RDNAME": "S Portage Rd",
        "FRADDL": 7998,
        "TOADDL": 7996,
        "FRADDR": 8085,
        "TOADDR": 7953,
        "ZIPL": 49201,
        "ZIPR": 49201,
        "FEDIRP": "S",
        "NAME": "Portage",
        "FETYPE": "Rd",
        "FEDIRS": " ",
        "FEDIRP2": " ",
        "NAME2": " ",
        "FETYPE2": " ",
        "FEDIRS2": " ",
        "FEDIRP3": " ",
        "NAME3": " ",
        "FETYPE3": " ",
        "FEDIRS3": " ",
        "FMCDL": 56640,
        "FMCDR": 56640,
        "COUNTYL": 75,
        "COUNTYR": 75,
        "NFC": 7,
        "RU_L": 1,
        "RU_R": 1,
        "PR": 915902,
        "BMP": 0,
        "EMP": 0.393,
        "BPT": "38011181",
        "EPT": "38011111",
        "LRS_LINK": " 9159023801118138011111",
        "LENGTH": 632.20160119,
        "VER": "17a",
        "Shape.STLength()": 632.201543189483,
        "ADJ_CNTY": 0,
        "LEGALSYSTEM": 3,
        "PAVENTRA_SEGMENT_ID": "NAP-130-9159023801118138011111"
      }
    },
    {
      "type": "Feature",
      "id": 717187,
      "geometry": {
        "type": "LineString",
        "coordinates": [
          [
            -84.27529310750937,
            42.19465007947347
          ],
          [
            -84.27541154393275,
            42.19485188462269
          ],
          [
            -84.27568040531524,
            42.1953980925422
          ],
          [
            -84.27594103261262,
            42.195938100575916
          ],
          [
            -84.27603594636948,
            42.19606008194258
          ],
          [
            -84.27613090042642,
            42.19613807536867
          ],
          [
            -84.27635951954497,
            42.19629517306397
          ],
          [
            -84.27665887561047,
            42.19641464772243
          ],
          [
            -84.2771020521755,
            42.19647808196539
          ]
        ]
      },
      "properties": {
        "OBJECTID": 717187,
        "FCC": "A31",
        "RDNAME": "Napoleon Rd",
        "FRADDL": 7632,
        "TOADDL": 7596,
        "FRADDR": 7633,
        "TOADDR": 7607,
        "ZIPL": 49201,
        "ZIPR": 49201,
        "FEDIRP": " ",
        "NAME": "Napoleon",
        "FETYPE": "Rd",
        "FEDIRS": " ",
        "FEDIRP2": " ",
        "NAME2": " ",
        "FETYPE2": " ",
        "FEDIRS2": " ",
        "FEDIRP3": " ",
        "NAME3": " ",
        "FETYPE3": " ",
        "FEDIRS3": " ",
        "FMCDL": 56640,
        "FMCDR": 56640,
        "COUNTYL": 75,
        "COUNTYR": 75,
        "NFC": 5,
        "RU_L": 1,
        "RU_R": 1,
        "PR": 901203,
        "BMP": 2.88,
        "EMP": 3.048,
        "BPT": "38011181",
        "EPT": "38011000",
        "LRS_LINK": " 9012033801118138011000",
        "LENGTH": 271.07447345,
        "VER": "17a",
        "Shape.STLength()": 271.0744529205558,
        "ADJ_CNTY": 0,
        "LEGALSYSTEM": 2,
        "PAVENTRA_SEGMENT_ID": "NAP-131-9012033801118138011000"
      }
    },
    {
      "type": "Feature",
      "id": 717196,
      "geometry": {
        "type": "LineString",
        "coordinates": [
          [
            -84.34792645568852,
            42.195732071848106
          ],
          [
            -84.34592736898584,
            42.196012757805
          ],
          [
            -84.34571883522854,
            42.19606612005795
          ],
          [
            -84.34561394681486,
            42.196115891406826
          ],
          [
            -84.34554990844285,
            42.19618680373905
          ],
          [
            -84.34552644522415,
            42.19628911872363
          ],
          [
            -84.34550927969273,
            42.196890101731476
          ]
        ]
      },
      "properties": {
        "OBJECTID": 717196,
        "FCC": "A32",
        "RDNAME": "Miles Rd",
        "FRADDL": 3982,
        "TOADDL": 4098,
        "FRADDR": 3921,
        "TOADDR": 4099,
        "ZIPL": 49201,
        "ZIPR": 49201,
        "FEDIRP": " ",
        "NAME": "Miles",
        "FETYPE": "Rd",
        "FEDIRS": " ",
        "FEDIRP2": " ",
        "NAME2": " ",
        "FETYPE2": " ",
        "FEDIRS2": " ",
        "FEDIRP3": " ",
        "NAME3": "Miles",
        "FETYPE3": "Rd",
        "FEDIRS3": " ",
        "FMCDL": 56640,
        "FMCDR": 56640,
        "COUNTYL": 75,
        "COUNTYR": 75,
        "NFC": 7,
        "RU_L": 3,
        "RU_R": 3,
        "PR": 899403,
        "BMP": 0.671,
        "EMP": 0.848,
        "BPT": "38011182",
        "EPT": "38011054",
        "LRS_LINK": " 8994033801118238011054",
        "LENGTH": 284.20088125,
        "VER": "17a",
        "Shape.STLength()": 284.2009336412701,
        "ADJ_CNTY": 0,
        "LEGALSYSTEM": 3,
        "PAVENTRA_SEGMENT_ID": "NAP-132-8994033801118238011054"
      }
    },
    {
      "type": "Feature",
      "id": 719272,
      "geometry": {
        "type": "LineString",
        "coordinates": [
          [
            -84.22084981117555,
            42.18711263934209
          ],
          [
            -84.22094977003991,
            42.18739335253491
          ],
          [
            -84.22110884478073,
            42.18774529350512
          ],
          [
            -84.2213444543013,
            42.18815856864914
          ],
          [
            -84.2215270145178,
            42.188484585546256
          ],
          [
            -84.22171050835311,
            42.188818526420555
          ],
          [
            -84.22179806418495,
            42.189072311752014
          ],
          [
            -84.22178940549524,
            42.189245859907956
          ],
          [
            -84.22172475811118,
            42.18939951734898
          ],
          [
            -84.22166587715815,
            42.18949569655545
          ]
        ]
      },
      "properties": {
        "OBJECTID": 719272,
        "FCC": "A31",
        "RDNAME": "Wolf Lake Rd",
        "FRADDL": 5298,
        "TOADDL": 5122,
        "FRADDR": 5299,
        "TOADDR": 5089,
        "ZIPL": 49240,
        "ZIPR": 49240,
        "FEDIRP": " ",
        "NAME": "Wolf Lake",
        "FETYPE": "Rd",
        "FEDIRS": " ",
        "FEDIRP2": " ",
        "NAME2": " ",
        "FETYPE2": " ",
        "FEDIRS2": " ",
        "FEDIRP3": " ",
        "NAME3": " ",
        "FETYPE3": " ",
        "FEDIRS3": " ",
        "FMCDL": 56640,
        "FMCDR": 56640,
        "COUNTYL": 75,
        "COUNTYR": 75,
        "NFC": 5,
        "RU_L": 1,
        "RU_R": 1,
        "PR": 918109,
        "BMP": 5.016,
        "EMP": 5.191,
        "BPT": "38011753",
        "EPT": "38011598",
        "LRS_LINK": " 9181093801175338011598",
        "LENGTH": 280.55966557,
        "VER": "17a",
        "Shape.STLength()": 280.559722984635,
        "ADJ_CNTY": 0,
        "LEGALSYSTEM": 2,
        "PAVENTRA_SEGMENT_ID": "NAP-133-9181093801175338011598"
      }
    },
    {
      "type": "Feature",
      "id": 719289,
      "geometry": {
        "type": "LineString",
        "coordinates": [
          [
            -84.3174434964466,
            42.190489448499356
          ],
          [
            -84.31738992843204,
            42.19039189699387
          ],
          [
            -84.31727255526724,
            42.19016657405986
          ],
          [
            -84.31722974892723,
            42.19007558832704
          ],
          [
            -84.31718807199118,
            42.189943280004854
          ],
          [
            -84.31717940866443,
            42.18980840746114
          ],
          [
            -84.3171640232323,
            42.18909330508432
          ],
          [
            -84.31717617511026,
            42.189043715776094
          ],
          [
            -84.31719471338349,
            42.18899743362555
          ],
          [
            -84.31723993875458,
            42.18892265413861
          ],
          [
            -84.31730022736046,
            42.188849708695955
          ],
          [
            -84.31738222896135,
            42.188772275007715
          ],
          [
            -84.31760132512795,
            42.18857649400523
          ]
        ]
      },
      "properties": {
        "OBJECTID": 719289,
        "FCC": "A41",
        "RDNAME": "Donavon Dr",
        "FRADDL": 0,
        "TOADDL": 0,
        "FRADDR": 0,
        "TOADDR": 0,
        "ZIPL": 49201,
        "ZIPR": 49201,
        "FEDIRP": " ",
        "NAME": "Donavon",
        "FETYPE": "Dr",
        "FEDIRS": " ",
        "FEDIRP2": " ",
        "NAME2": " ",
        "FETYPE2": " ",
        "FEDIRS2": " ",
        "FEDIRP3": " ",
        "NAME3": " ",
        "FETYPE3": " ",
        "FEDIRS3": " ",
        "FMCDL": 56640,
        "FMCDR": 56640,
        "COUNTYL": 75,
        "COUNTYR": 75,
        "NFC": 0,
        "RU_L": 1,
        "RU_R": 1,
        "PR": 3381368,
        "BMP": 0.054,
        "EMP": 0.195,
        "BPT": "38020117",
        "EPT": "38020115",
        "LRS_LINK": "33813683802011738020115",
        "LENGTH": 227.51767564,
        "VER": "17a",
        "Shape.STLength()": 227.51764747036225,
        "ADJ_CNTY": 0,
        "LEGALSYSTEM": 0,
        "PAVENTRA_SEGMENT_ID": "NAP-134-33813683802011738020115"
      }
    },
    {
      "type": "Feature",
      "id": 719351,
      "geometry": {
        "type": "LineString",
        "coordinates": [
          [
            -84.30692276697629,
            42.18888682083065
          ],
          [
            -84.30632121645982,
            42.18888959171426
          ],
          [
            -84.30600972920793,
            42.18884310018614
          ],
          [
            -84.3057398023772,
            42.188743565087144
          ],
          [
            -84.30556672766733,
            42.18862164891921
          ],
          [
            -84.30533116573652,
            42.1884391396252
          ],
          [
            -84.30511702635846,
            42.18835238067519
          ],
          [
            -84.3048534759834,
            42.18831258064741
          ],
          [
            -84.30463687362428,
            42.18831524426541
          ],
          [
            -84.30441944979779,
            42.18834771499315
          ],
          [
            -84.30408815626659,
            42.18843808956778
          ],
          [
            -84.30379924254991,
            42.18844561270931
          ],
          [
            -84.3035677569236,
            42.188406298606836
          ],
          [
            -84.30327460896555,
            42.18827658345918
          ],
          [
            -84.30295626248518,
            42.18818823104574
          ],
          [
            -84.30269974407716,
            42.18818431772723
          ],
          [
            -84.30239447027157,
            42.188203516456305
          ]
        ]
      },
      "properties": {
        "OBJECTID": 719351,
        "FCC": "A41",
        "RDNAME": "Emerald Dr",
        "FRADDL": 0,
        "TOADDL": 0,
        "FRADDR": 0,
        "TOADDR": 0,
        "ZIPL": 49201,
        "ZIPR": 49201,
        "FEDIRP": " ",
        "NAME": "Emerald",
        "FETYPE": "Dr",
        "FEDIRS": " ",
        "FEDIRP2": " ",
        "NAME2": " ",
        "FETYPE2": " ",
        "FEDIRS2": " ",
        "FEDIRP3": " ",
        "NAME3": " ",
        "FETYPE3": " ",
        "FEDIRS3": " ",
        "FMCDL": 56640,
        "FMCDR": 56640,
        "COUNTYL": 75,
        "COUNTYR": 75,
        "NFC": 0,
        "RU_L": 1,
        "RU_R": 1,
        "PR": 3381107,
        "BMP": 0,
        "EMP": 0.25,
        "BPT": "38018828",
        "EPT": "38018829",
        "LRS_LINK": "33811073801882838018829",
        "LENGTH": 402.422629,
        "VER": "17a",
        "Shape.STLength()": 402.422616484385,
        "ADJ_CNTY": 0,
        "LEGALSYSTEM": 0,
        "PAVENTRA_SEGMENT_ID": "NAP-135-33811073801882838018829"
      }
    },
    {
      "type": "Feature",
      "id": 719384,
      "geometry": {
        "type": "LineString",
        "coordinates": [
          [
            -84.27160530349443,
            42.18761368000863
          ],
          [
            -84.26923282195166,
            42.18886697168774
          ],
          [
            -84.26876831046741,
            42.189095399254384
          ],
          [
            -84.26858303474995,
            42.18919241288801
          ],
          [
            -84.26844345195735,
            42.1892568385791
          ],
          [
            -84.26829651425841,
            42.189372317047884
          ],
          [
            -84.26827036405558,
            42.1895569703274
          ],
          [
            -84.2682664188243,
            42.18970092794837
          ],
          [
            -84.26827001487945,
            42.1899025661569
          ],
          [
            -84.26824329742108,
            42.19014694937942
          ]
        ]
      },
      "properties": {
        "OBJECTID": 719384,
        "FCC": "A32",
        "RDNAME": "Olcott Lake Dr",
        "FRADDL": 2,
        "TOADDL": 196,
        "FRADDR": 1,
        "TOADDR": 197,
        "ZIPL": 49201,
        "ZIPR": 49201,
        "FEDIRP": " ",
        "NAME": "Olcott Lake",
        "FETYPE": "Dr",
        "FEDIRS": " ",
        "FEDIRP2": " ",
        "NAME2": " ",
        "FETYPE2": " ",
        "FEDIRS2": " ",
        "FEDIRP3": " ",
        "NAME3": "Olcott",
        "FETYPE3": "Lk",
        "FEDIRS3": " ",
        "FMCDL": 56640,
        "FMCDR": 56640,
        "COUNTYL": 75,
        "COUNTYR": 75,
        "NFC": 7,
        "RU_L": 1,
        "RU_R": 1,
        "PR": 915901,
        "BMP": 0,
        "EMP": 0.263,
        "BPT": "38011801",
        "EPT": "38011600",
        "LRS_LINK": " 9159013801180138011600",
        "LENGTH": 422.42501803,
        "VER": "17a",
        "Shape.STLength()": 422.42502680507675,
        "ADJ_CNTY": 0,
        "LEGALSYSTEM": 3,
        "PAVENTRA_SEGMENT_ID": "NAP-136-9159013801180138011600"
      }
    },
    {
      "type": "Feature",
      "id": 719385,
      "geometry": {
        "type": "LineString",
        "coordinates": [
          [
            -84.27160530349443,
            42.18761368000863
          ],
          [
            -84.2733159176612,
            42.18881472739498
          ],
          [
            -84.27365273565486,
            42.18908196356187
          ],
          [
            -84.27394236796971,
            42.18931869356013
          ],
          [
            -84.2742141587468,
            42.18962064838513
          ],
          [
            -84.27437606619577,
            42.189843486887085
          ],
          [
            -84.27450412419938,
            42.19013130262031
          ],
          [
            -84.27497550512753,
            42.19216920061618
          ],
          [
            -84.2750472800022,
            42.19251073366306
          ],
          [
            -84.27506420025408,
            42.19281719489392
          ],
          [
            -84.27508849376872,
            42.1930216619893
          ]
        ]
      },
      "properties": {
        "OBJECTID": 719385,
        "FCC": "A31",
        "RDNAME": "Napoleon Rd",
        "FRADDL": 7712,
        "TOADDL": 7646,
        "FRADDR": 7725,
        "TOADDR": 7647,
        "ZIPL": 49201,
        "ZIPR": 49201,
        "FEDIRP": " ",
        "NAME": "Napoleon",
        "FETYPE": "Rd",
        "FEDIRS": " ",
        "FEDIRP2": " ",
        "NAME2": " ",
        "FETYPE2": " ",
        "FEDIRS2": " ",
        "FEDIRP3": " ",
        "NAME3": " ",
        "FETYPE3": " ",
        "FEDIRS3": " ",
        "FMCDL": 56640,
        "FMCDR": 56640,
        "COUNTYL": 75,
        "COUNTYR": 75,
        "NFC": 5,
        "RU_L": 1,
        "RU_R": 1,
        "PR": 901203,
        "BMP": 2.334,
        "EMP": 2.767,
        "BPT": "38011801",
        "EPT": "38011344",
        "LRS_LINK": " 9012033801180138011344",
        "LENGTH": 697.41421216,
        "VER": "17a",
        "Shape.STLength()": 697.4141940361064,
        "ADJ_CNTY": 0,
        "LEGALSYSTEM": 2,
        "PAVENTRA_SEGMENT_ID": "NAP-137-9012033801180138011344"
      }
    },
    {
      "type": "Feature",
      "id": 719392,
      "geometry": {
        "type": "LineString",
        "coordinates": [
          [
            -84.2303759545695,
            42.18743785379931
          ],
          [
            -84.23028524055087,
            42.187261483317535
          ],
          [
            -84.23018357973788,
            42.18709559578231
          ],
          [
            -84.2300224670976,
            42.18690578112264
          ]
        ]
      },
      "properties": {
        "OBJECTID": 719392,
        "FCC": "A31",
        "RDNAME": "Rexford Rd",
        "FRADDL": 9982,
        "TOADDL": 9998,
        "FRADDR": 0,
        "TOADDR": 0,
        "ZIPL": 49201,
        "ZIPR": 49201,
        "FEDIRP": " ",
        "NAME": "Rexford",
        "FETYPE": "Rd",
        "FEDIRS": " ",
        "FEDIRP2": " ",
        "NAME2": " ",
        "FETYPE2": " ",
        "FEDIRS2": " ",
        "FEDIRP3": " ",
        "NAME3": " ",
        "FETYPE3": " ",
        "FEDIRS3": " ",
        "FMCDL": 56640,
        "FMCDR": 56640,
        "COUNTYL": 75,
        "COUNTYR": 75,
        "NFC": 6,
        "RU_L": 1,
        "RU_R": 1,
        "PR": 915408,
        "BMP": 1.066,
        "EMP": 1.107,
        "BPT": "38011739",
        "EPT": "38011774",
        "LRS_LINK": " 9154083801173938011774",
        "LENGTH": 66.13159574,
        "VER": "17a",
        "Shape.STLength()": 66.13160542244611,
        "ADJ_CNTY": 0,
        "LEGALSYSTEM": 2,
        "PAVENTRA_SEGMENT_ID": "NAP-138-9154083801173938011774"
      }
    },
    {
      "type": "Feature",
      "id": 719402,
      "geometry": {
        "type": "LineString",
        "coordinates": [
          [
            -84.30690453029673,
            42.188058793823785
          ],
          [
            -84.30692276697629,
            42.18888682083065
          ]
        ]
      },
      "properties": {
        "OBJECTID": 719402,
        "FCC": "A32",
        "RDNAME": "Moon Lake Rd",
        "FRADDL": 5998,
        "TOADDL": 5502,
        "FRADDR": 5999,
        "TOADDR": 5925,
        "ZIPL": 49201,
        "ZIPR": 49201,
        "FEDIRP": " ",
        "NAME": "Moon Lake",
        "FETYPE": "Rd",
        "FEDIRS": " ",
        "FEDIRP2": " ",
        "NAME2": " ",
        "FETYPE2": " ",
        "FEDIRS2": " ",
        "FEDIRP3": " ",
        "NAME3": " ",
        "FETYPE3": " ",
        "FEDIRS3": " ",
        "FMCDL": 56640,
        "FMCDR": 56640,
        "COUNTYL": 75,
        "COUNTYR": 75,
        "NFC": 7,
        "RU_L": 1,
        "RU_R": 1,
        "PR": 901107,
        "BMP": 0,
        "EMP": 0.057,
        "BPT": "38011775",
        "EPT": "38018828",
        "LRS_LINK": " 9011073801177538018828",
        "LENGTH": 91.95020622,
        "VER": "17a",
        "Shape.STLength()": 91.9502903926899,
        "ADJ_CNTY": 0,
        "LEGALSYSTEM": 3,
        "PAVENTRA_SEGMENT_ID": "NAP-139-9011073801177538018828"
      }
    },
    {
      "type": "Feature",
      "id": 719403,
      "geometry": {
        "type": "LineString",
        "coordinates": [
          [
            -84.31336954554075,
            42.190108620985114
          ],
          [
            -84.31335351827039,
            42.19010394140511
          ],
          [
            -84.30981272724735,
            42.18899984729619
          ],
          [
            -84.30690453029673,
            42.188058793823785
          ]
        ]
      },
      "properties": {
        "OBJECTID": 719403,
        "FCC": "A21",
        "RDNAME": "Brooklyn Rd",
        "FRADDL": 0,
        "TOADDL": 0,
        "FRADDR": 5829,
        "TOADDR": 5735,
        "ZIPL": 49201,
        "ZIPR": 49201,
        "FEDIRP": " ",
        "NAME": "Brooklyn",
        "FETYPE": "Rd",
        "FEDIRS": " ",
        "FEDIRP2": " ",
        "NAME2": "M 50",
        "FETYPE2": " ",
        "FEDIRS2": " ",
        "FEDIRP3": " ",
        "NAME3": " ",
        "FETYPE3": " ",
        "FEDIRS3": " ",
        "FMCDL": 56640,
        "FMCDR": 56640,
        "COUNTYL": 75,
        "COUNTYR": 75,
        "NFC": 4,
        "RU_L": 1,
        "RU_R": 1,
        "PR": 899310,
        "BMP": 4.735,
        "EMP": 5.096,
        "BPT": "38020112",
        "EPT": "38011775",
        "LRS_LINK": " 8993103802011238011775",
        "LENGTH": 580.33602991,
        "VER": "17a",
        "Shape.STLength()": 580.3361161782246,
        "ADJ_CNTY": 0,
        "LEGALSYSTEM": 1,
        "PAVENTRA_SEGMENT_ID": "NAP-140-8993103802011238011775"
      }
    },
    {
      "type": "Feature",
      "id": 719438,
      "geometry": {
        "type": "LineString",
        "coordinates": [
          [
            -84.2303759545695,
            42.18743785379931
          ],
          [
            -84.22985530639798,
            42.18700068234978
          ],
          [
            -84.22927169329033,
            42.1866238368148
          ]
        ]
      },
      "properties": {
        "OBJECTID": 719438,
        "FCC": "A69",
        "RDNAME": " ",
        "FRADDL": 0,
        "TOADDL": 0,
        "FRADDR": 0,
        "TOADDR": 0,
        "ZIPL": 0,
        "ZIPR": 0,
        "FEDIRP": " ",
        "NAME": " ",
        "FETYPE": " ",
        "FEDIRS": " ",
        "FEDIRP2": " ",
        "NAME2": " ",
        "FETYPE2": " ",
        "FEDIRS2": " ",
        "FEDIRP3": " ",
        "NAME3": " ",
        "FETYPE3": " ",
        "FEDIRS3": " ",
        "FMCDL": 56640,
        "FMCDR": 56640,
        "COUNTYL": 75,
        "COUNTYR": 75,
        "NFC": 0,
        "RU_L": 1,
        "RU_R": 1,
        "PR": 0,
        "BMP": 0,
        "EMP": 0,
        "BPT": "38011739",
        "EPT": "38011787",
        "LRS_LINK": "      03801173938011787",
        "LENGTH": 128.66375211,
        "VER": "17a",
        "Shape.STLength()": 128.66375452125524,
        "ADJ_CNTY": 0,
        "LEGALSYSTEM": 0,
        "PAVENTRA_SEGMENT_ID": "NAP-141-03801173938011787"
      }
    },
    {
      "type": "Feature",
      "id": 719439,
      "geometry": {
        "type": "LineString",
        "coordinates": [
          [
            -84.2300224670976,
            42.18690578112264
          ],
          [
            -84.22993501311745,
            42.186849226467686
          ],
          [
            -84.22981807407623,
            42.1867791760645
          ],
          [
            -84.22969343787157,
            42.186718217922184
          ],
          [
            -84.22949180248703,
            42.186663408223964
          ],
          [
            -84.22927169329033,
            42.1866238368148
          ]
        ]
      },
      "properties": {
        "OBJECTID": 719439,
        "FCC": "A31",
        "RDNAME": "Rexford Rd",
        "FRADDL": 0,
        "TOADDL": 0,
        "FRADDR": 0,
        "TOADDR": 0,
        "ZIPL": 49201,
        "ZIPR": 49201,
        "FEDIRP": " ",
        "NAME": "Rexford",
        "FETYPE": "Rd",
        "FEDIRS": " ",
        "FEDIRP2": " ",
        "NAME2": " ",
        "FETYPE2": " ",
        "FEDIRS2": " ",
        "FEDIRP3": " ",
        "NAME3": " ",
        "FETYPE3": " ",
        "FEDIRS3": " ",
        "FMCDL": 56640,
        "FMCDR": 56640,
        "COUNTYL": 75,
        "COUNTYR": 75,
        "NFC": 6,
        "RU_L": 1,
        "RU_R": 1,
        "PR": 915408,
        "BMP": 1.107,
        "EMP": 1.151,
        "BPT": "38011774",
        "EPT": "38011787",
        "LRS_LINK": " 9154083801177438011787",
        "LENGTH": 70.71337972,
        "VER": "17a",
        "Shape.STLength()": 70.71334528919209,
        "ADJ_CNTY": 0,
        "LEGALSYSTEM": 2,
        "PAVENTRA_SEGMENT_ID": "NAP-142-9154083801177438011787"
      }
    },
    {
      "type": "Feature",
      "id": 719440,
      "geometry": {
        "type": "LineString",
        "coordinates": [
          [
            -84.22927169329033,
            42.1866238368148
          ],
          [
            -84.22910649554349,
            42.18661857911506
          ],
          [
            -84.22776570009914,
            42.18670404371325
          ],
          [
            -84.22640273726186,
            42.186777355807195
          ],
          [
            -84.22461315599509,
            42.186897326307346
          ],
          [
            -84.22108022809059,
            42.18707421175618
          ],
          [
            -84.22084981117555,
            42.18711263934209
          ]
        ]
      },
      "properties": {
        "OBJECTID": 719440,
        "FCC": "A31",
        "RDNAME": "Rexford Rd",
        "FRADDL": 10012,
        "TOADDL": 10298,
        "FRADDR": 10001,
        "TOADDR": 10299,
        "ZIPL": 49201,
        "ZIPR": 49201,
        "FEDIRP": " ",
        "NAME": "Rexford",
        "FETYPE": "Rd",
        "FEDIRS": " ",
        "FEDIRP2": " ",
        "NAME2": " ",
        "FETYPE2": " ",
        "FEDIRS2": " ",
        "FEDIRP3": " ",
        "NAME3": " ",
        "FETYPE3": " ",
        "FEDIRS3": " ",
        "FMCDL": 56640,
        "FMCDR": 56640,
        "COUNTYL": 75,
        "COUNTYR": 75,
        "NFC": 6,
        "RU_L": 1,
        "RU_R": 1,
        "PR": 915408,
        "BMP": 1.151,
        "EMP": 1.584,
        "BPT": "38011787",
        "EPT": "38011753",
        "LRS_LINK": " 9154083801178738011753",
        "LENGTH": 697.88051799,
        "VER": "17a",
        "Shape.STLength()": 697.8805605491307,
        "ADJ_CNTY": 0,
        "LEGALSYSTEM": 2,
        "PAVENTRA_SEGMENT_ID": "NAP-143-9154083801178738011753"
      }
    },
    {
      "type": "Feature",
      "id": 719559,
      "geometry": {
        "type": "LineString",
        "coordinates": [
          [
            -84.24886273561808,
            42.18653263110003
          ],
          [
            -84.24891829001982,
            42.18850632016617
          ],
          [
            -84.24893337743677,
            42.18925759162988
          ]
        ]
      },
      "properties": {
        "OBJECTID": 719559,
        "FCC": "A31",
        "RDNAME": "Oak Point Rd",
        "FRADDL": 5088,
        "TOADDL": 4900,
        "FRADDR": 5089,
        "TOADDR": 4901,
        "ZIPL": 49201,
        "ZIPR": 49201,
        "FEDIRP": " ",
        "NAME": "Oak Point",
        "FETYPE": "Rd",
        "FEDIRS": " ",
        "FEDIRP2": " ",
        "NAME2": " ",
        "FETYPE2": " ",
        "FEDIRS2": " ",
        "FEDIRP3": " ",
        "NAME3": "Oakpoint",
        "FETYPE3": "Rd",
        "FEDIRS3": " ",
        "FMCDL": 56640,
        "FMCDR": 56640,
        "COUNTYL": 75,
        "COUNTYR": 75,
        "NFC": 6,
        "RU_L": 1,
        "RU_R": 1,
        "PR": 3381068,
        "BMP": 0.903,
        "EMP": 1.091,
        "BPT": "38020543",
        "EPT": "38011644",
        "LRS_LINK": "33810683802054338011644",
        "LENGTH": 302.61654407,
        "VER": "17a",
        "Shape.STLength()": 302.61655230407405,
        "ADJ_CNTY": 0,
        "LEGALSYSTEM": 2,
        "PAVENTRA_SEGMENT_ID": "NAP-144-33810683802054338011644"
      }
    },
    {
      "type": "Feature",
      "id": 719566,
      "geometry": {
        "type": "LineString",
        "coordinates": [
          [
            -84.24886273561808,
            42.18653263110003
          ],
          [
            -84.24814294054457,
            42.186515394902976
          ],
          [
            -84.24623949206564,
            42.18652816817471
          ]
        ]
      },
      "properties": {
        "OBJECTID": 719566,
        "FCC": "A41",
        "RDNAME": "Clyde Gorsuch Dr",
        "FRADDL": 5199,
        "TOADDL": 5101,
        "FRADDR": 0,
        "TOADDR": 0,
        "ZIPL": 49201,
        "ZIPR": 49201,
        "FEDIRP": " ",
        "NAME": "Clyde Gorsuch",
        "FETYPE": "Dr",
        "FEDIRS": " ",
        "FEDIRP2": " ",
        "NAME2": " ",
        "FETYPE2": " ",
        "FEDIRS2": " ",
        "FEDIRP3": " ",
        "NAME3": " ",
        "FETYPE3": " ",
        "FEDIRS3": " ",
        "FMCDL": 56640,
        "FMCDR": 56640,
        "COUNTYL": 75,
        "COUNTYR": 75,
        "NFC": 0,
        "RU_L": 1,
        "RU_R": 1,
        "PR": 3381527,
        "BMP": 0,
        "EMP": 0.135,
        "BPT": "38020543",
        "EPT": "38020532",
        "LRS_LINK": "33815273802054338020532",
        "LENGTH": 216.65241943,
        "VER": "17a",
        "Shape.STLength()": 216.65242978635513,
        "ADJ_CNTY": 0,
        "LEGALSYSTEM": 0,
        "PAVENTRA_SEGMENT_ID": "NAP-145-33815273802054338020532"
      }
    },
    {
      "type": "Feature",
      "id": 712812,
      "geometry": {
        "type": "LineString",
        "coordinates": [
          [
            -84.2918044507628,
            42.20906304342149
          ],
          [
            -84.2912319942819,
            42.20784831603786
          ],
          [
            -84.29116823519335,
            42.20777076971471
          ],
          [
            -84.29078855918684,
            42.207498484877036
          ],
          [
            -84.2906190950961,
            42.207391224548175
          ]
        ]
      },
      "properties": {
        "OBJECTID": 712812,
        "FCC": "A41",
        "RDNAME": "S Price Lake Dr",
        "FRADDL": 6852,
        "TOADDL": 6882,
        "FRADDR": 6851,
        "TOADDR": 6881,
        "ZIPL": 49201,
        "ZIPR": 49201,
        "FEDIRP": "S",
        "NAME": "Price Lake",
        "FETYPE": "Dr",
        "FEDIRS": " ",
        "FEDIRP2": " ",
        "NAME2": " ",
        "FETYPE2": " ",
        "FEDIRS2": " ",
        "FEDIRP3": " ",
        "NAME3": " ",
        "FETYPE3": " ",
        "FEDIRS3": " ",
        "FMCDL": 56640,
        "FMCDR": 56640,
        "COUNTYL": 75,
        "COUNTYR": 75,
        "NFC": 0,
        "RU_L": 1,
        "RU_R": 1,
        "PR": 3380985,
        "BMP": 0.36,
        "EMP": 0.494,
        "BPT": "38017018",
        "EPT": "38025564",
        "LRS_LINK": "33809853801701838025564",
        "LENGTH": 214.9229282,
        "VER": "17a",
        "Shape.STLength()": 214.922902517255,
        "ADJ_CNTY": 0,
        "LEGALSYSTEM": 0,
        "PAVENTRA_SEGMENT_ID": "NAP-146-33809853801701838025564"
      }
    },
    {
      "type": "Feature",
      "id": 712837,
      "geometry": {
        "type": "LineString",
        "coordinates": [
          [
            -84.2906190950961,
            42.207391224548175
          ],
          [
            -84.2905901900689,
            42.207372929875895
          ],
          [
            -84.29044717336131,
            42.20733091780325
          ],
          [
            -84.29022307980146,
            42.20731177169407
          ]
        ]
      },
      "properties": {
        "OBJECTID": 712837,
        "FCC": "A41",
        "RDNAME": "S Price Lake Dr",
        "FRADDL": 6884,
        "TOADDL": 6886,
        "FRADDR": 6883,
        "TOADDR": 6885,
        "ZIPL": 49201,
        "ZIPR": 49201,
        "FEDIRP": "S",
        "NAME": "Price Lake",
        "FETYPE": "Dr",
        "FEDIRS": " ",
        "FEDIRP2": " ",
        "NAME2": " ",
        "FETYPE2": " ",
        "FEDIRS2": " ",
        "FEDIRP3": " ",
        "NAME3": " ",
        "FETYPE3": " ",
        "FEDIRS3": " ",
        "FMCDL": 56640,
        "FMCDR": 56640,
        "COUNTYL": 75,
        "COUNTYR": 75,
        "NFC": 0,
        "RU_L": 1,
        "RU_R": 1,
        "PR": 3380985,
        "BMP": 0.494,
        "EMP": 0.515,
        "BPT": "38025564",
        "EPT": "38025563",
        "LRS_LINK": "33809853802556438025563",
        "LENGTH": 34.4478026,
        "VER": "17a",
        "Shape.STLength()": 34.4478294343354,
        "ADJ_CNTY": 0,
        "LEGALSYSTEM": 0,
        "PAVENTRA_SEGMENT_ID": "NAP-147-33809853802556438025563"
      }
    },
    {
      "type": "Feature",
      "id": 713326,
      "geometry": {
        "type": "LineString",
        "coordinates": [
          [
            -84.33153364617213,
            42.20664006287352
          ],
          [
            -84.33148224405313,
            42.20677499989051
          ],
          [
            -84.33143854843185,
            42.20696830922809
          ],
          [
            -84.33147353539276,
            42.20849659515738
          ],
          [
            -84.33154688948574,
            42.21128844038627
          ]
        ]
      },
      "properties": {
        "OBJECTID": 713326,
        "FCC": "A31",
        "RDNAME": "Hoyer Rd",
        "FRADDL": 4598,
        "TOADDL": 3644,
        "FRADDR": 4599,
        "TOADDR": 4301,
        "ZIPL": 49201,
        "ZIPR": 49201,
        "FEDIRP": " ",
        "NAME": "Hoyer",
        "FETYPE": "Rd",
        "FEDIRS": " ",
        "FEDIRP2": " ",
        "NAME2": " ",
        "FETYPE2": " ",
        "FEDIRS2": " ",
        "FEDIRP3": " ",
        "NAME3": " ",
        "FETYPE3": " ",
        "FEDIRS3": " ",
        "FMCDL": 56640,
        "FMCDR": 56640,
        "COUNTYL": 75,
        "COUNTYR": 75,
        "NFC": 5,
        "RU_L": 3,
        "RU_R": 3,
        "PR": 3380103,
        "BMP": 0.703,
        "EMP": 1.025,
        "BPT": "38025415",
        "EPT": "38010045",
        "LRS_LINK": "33801033802541538010045",
        "LENGTH": 517.09720879,
        "VER": "17a",
        "Shape.STLength()": 517.0971253801254,
        "ADJ_CNTY": 0,
        "LEGALSYSTEM": 2,
        "PAVENTRA_SEGMENT_ID": "NAP-148-33801033802541538010045"
      }
    },
    {
      "type": "Feature",
      "id": 722289,
      "geometry": {
        "type": "LineString",
        "coordinates": [
          [
            -84.23854053941714,
            42.17461090332062
          ],
          [
            -84.23623565499805,
            42.17467383123041
          ],
          [
            -84.2307787133229,
            42.17476328915343
          ]
        ]
      },
      "properties": {
        "OBJECTID": 722289,
        "FCC": "A32",
        "RDNAME": "Cady Rd",
        "FRADDL": 9544,
        "TOADDL": 9998,
        "FRADDR": 9643,
        "TOADDR": 9999,
        "ZIPL": 49201,
        "ZIPR": 49201,
        "FEDIRP": " ",
        "NAME": "Cady",
        "FETYPE": "Rd",
        "FEDIRS": " ",
        "FEDIRP2": " ",
        "NAME2": " ",
        "FETYPE2": " ",
        "FEDIRS2": " ",
        "FEDIRP3": " ",
        "NAME3": " ",
        "FETYPE3": " ",
        "FEDIRS3": " ",
        "FMCDL": 56640,
        "FMCDR": 56640,
        "COUNTYL": 75,
        "COUNTYR": 75,
        "NFC": 7,
        "RU_L": 1,
        "RU_R": 1,
        "PR": 915406,
        "BMP": 1.28,
        "EMP": 1.679,
        "BPT": "38012254",
        "EPT": "38012243",
        "LRS_LINK": " 9154063801225438012243",
        "LENGTH": 641.29241746,
        "VER": "17a",
        "Shape.STLength()": 641.2925040523277,
        "ADJ_CNTY": 0,
        "LEGALSYSTEM": 3,
        "PAVENTRA_SEGMENT_ID": "NAP-149-9154063801225438012243"
      }
    },
    {
      "type": "Feature",
      "id": 722303,
      "geometry": {
        "type": "LineString",
        "coordinates": [
          [
            -84.34764772043114,
            42.17621033173412
          ],
          [
            -84.34649536986926,
            42.177979082439556
          ],
          [
            -84.34645000425313,
            42.17805323036601
          ]
        ]
      },
      "properties": {
        "OBJECTID": 722303,
        "FCC": "A32",
        "RDNAME": "Ackerson Lake Rd",
        "FRADDL": 5940,
        "TOADDL": 5830,
        "FRADDR": 0,
        "TOADDR": 0,
        "ZIPL": 49201,
        "ZIPR": 49201,
        "FEDIRP": " ",
        "NAME": "Ackerson Lake",
        "FETYPE": "Rd",
        "FEDIRS": " ",
        "FEDIRP2": " ",
        "NAME2": " ",
        "FETYPE2": " ",
        "FEDIRS2": " ",
        "FEDIRP3": " ",
        "NAME3": " ",
        "FETYPE3": " ",
        "FEDIRS3": " ",
        "FMCDL": 56640,
        "FMCDR": 56640,
        "COUNTYL": 75,
        "COUNTYR": 75,
        "NFC": 7,
        "RU_L": 3,
        "RU_R": 3,
        "PR": 901103,
        "BMP": 1.55,
        "EMP": 1.691,
        "BPT": "38012260",
        "EPT": "38021747",
        "LRS_LINK": " 9011033801226038021747",
        "LENGTH": 227.27864387,
        "VER": "17a",
        "Shape.STLength()": 227.2786348890122,
        "ADJ_CNTY": 0,
        "LEGALSYSTEM": 3,
        "PAVENTRA_SEGMENT_ID": "NAP-150-9011033801226038021747"
      }
    },
    {
      "type": "Feature",
      "id": 722304,
      "geometry": {
        "type": "LineString",
        "coordinates": [
          [
            -84.3501575973922,
            42.17690226372119
          ],
          [
            -84.34764772043114,
            42.17621033173412
          ]
        ]
      },
      "properties": {
        "OBJECTID": 722304,
        "FCC": "A32",
        "RDNAME": "Hart Rd",
        "FRADDL": 3682,
        "TOADDL": 3698,
        "FRADDR": 3681,
        "TOADDR": 3699,
        "ZIPL": 49201,
        "ZIPR": 49201,
        "FEDIRP": " ",
        "NAME": "Hart",
        "FETYPE": "Rd",
        "FEDIRS": " ",
        "FEDIRP2": " ",
        "NAME2": " ",
        "FETYPE2": " ",
        "FEDIRS2": " ",
        "FEDIRP3": " ",
        "NAME3": " ",
        "FETYPE3": " ",
        "FEDIRS3": " ",
        "FMCDL": 56640,
        "FMCDR": 56640,
        "COUNTYL": 75,
        "COUNTYR": 75,
        "NFC": 7,
        "RU_L": 3,
        "RU_R": 3,
        "PR": 899106,
        "BMP": 0.777,
        "EMP": 0.914,
        "BPT": "38012228",
        "EPT": "38012260",
        "LRS_LINK": " 8991063801222838012260",
        "LENGTH": 221.0658601,
        "VER": "17a",
        "Shape.STLength()": 221.0658912475871,
        "ADJ_CNTY": 0,
        "LEGALSYSTEM": 3,
        "PAVENTRA_SEGMENT_ID": "NAP-151-8991063801222838012260"
      }
    },
    {
      "type": "Feature",
      "id": 722309,
      "geometry": {
        "type": "LineString",
        "coordinates": [
          [
            -84.24128061501763,
            42.17456179470056
          ],
          [
            -84.24038522314926,
            42.17457886022143
          ],
          [
            -84.23854053941714,
            42.17461090332062
          ]
        ]
      },
      "properties": {
        "OBJECTID": 722309,
        "FCC": "A32",
        "RDNAME": "Cady Rd",
        "FRADDL": 9390,
        "TOADDL": 9542,
        "FRADDR": 9439,
        "TOADDR": 9641,
        "ZIPL": 49201,
        "ZIPR": 49201,
        "FEDIRP": " ",
        "NAME": "Cady",
        "FETYPE": "Rd",
        "FEDIRS": " ",
        "FEDIRP2": " ",
        "NAME2": " ",
        "FETYPE2": " ",
        "FEDIRS2": " ",
        "FEDIRP3": " ",
        "NAME3": " ",
        "FETYPE3": " ",
        "FEDIRS3": " ",
        "FMCDL": 56640,
        "FMCDR": 56640,
        "COUNTYL": 75,
        "COUNTYR": 75,
        "NFC": 7,
        "RU_L": 1,
        "RU_R": 1,
        "PR": 915406,
        "BMP": 1.14,
        "EMP": 1.28,
        "BPT": "38012261",
        "EPT": "38012254",
        "LRS_LINK": " 9154063801226138012254",
        "LENGTH": 226.37108329,
        "VER": "17a",
        "Shape.STLength()": 226.3710390885781,
        "ADJ_CNTY": 0,
        "LEGALSYSTEM": 3,
        "PAVENTRA_SEGMENT_ID": "NAP-152-9154063801226138012254"
      }
    },
    {
      "type": "Feature",
      "id": 722313,
      "geometry": {
        "type": "LineString",
        "coordinates": [
          [
            -84.27357211844154,
            42.17504033186845
          ],
          [
            -84.27356149010404,
            42.17535481236706
          ],
          [
            -84.27358170747476,
            42.176194946305195
          ]
        ]
      },
      "properties": {
        "OBJECTID": 722313,
        "FCC": "A32",
        "RDNAME": "Flamingo Dr",
        "FRADDL": 5988,
        "TOADDL": 5978,
        "FRADDR": 6449,
        "TOADDR": 6367,
        "ZIPL": 49201,
        "ZIPR": 49201,
        "FEDIRP": " ",
        "NAME": "Flamingo",
        "FETYPE": "Dr",
        "FEDIRS": " ",
        "FEDIRP2": " ",
        "NAME2": " ",
        "FETYPE2": " ",
        "FEDIRS2": " ",
        "FEDIRP3": " ",
        "NAME3": " ",
        "FETYPE3": " ",
        "FEDIRS3": " ",
        "FMCDL": 56640,
        "FMCDR": 56640,
        "COUNTYL": 75,
        "COUNTYR": 75,
        "NFC": 7,
        "RU_L": 1,
        "RU_R": 1,
        "PR": 901202,
        "BMP": 0.145,
        "EMP": 0.224,
        "BPT": "38012268",
        "EPT": "38012223",
        "LRS_LINK": " 9012023801226838012223",
        "LENGTH": 128.2254516,
        "VER": "17a",
        "Shape.STLength()": 128.2254625192579,
        "ADJ_CNTY": 0,
        "LEGALSYSTEM": 3,
        "PAVENTRA_SEGMENT_ID": "NAP-153-9012023801226838012223"
      }
    },
    {
      "type": "Feature",
      "id": 722317,
      "geometry": {
        "type": "LineString",
        "coordinates": [
          [
            -84.32939368439706,
            42.177224951897614
          ],
          [
            -84.32944122603088,
            42.17721882362946
          ],
          [
            -84.32945581948835,
            42.177208705078556
          ],
          [
            -84.32946481645209,
            42.17719332721142
          ],
          [
            -84.32949306916073,
            42.17714371917809
          ],
          [
            -84.32954813498516,
            42.17660219317365
          ],
          [
            -84.32955821361287,
            42.17652829613576
          ],
          [
            -84.32954837878884,
            42.176494126117476
          ],
          [
            -84.32950895992757,
            42.17645951158076
          ],
          [
            -84.32896306332562,
            42.176339847265865
          ],
          [
            -84.32875002326946,
            42.17627784289566
          ],
          [
            -84.32853839748404,
            42.17620904376331
          ],
          [
            -84.32811817107586,
            42.176014998319005
          ],
          [
            -84.32784954108796,
            42.17585905446003
          ]
        ]
      },
      "properties": {
        "OBJECTID": 722317,
        "FCC": "A41",
        "RDNAME": "Cranberry Lake Dr",
        "FRADDL": 297,
        "TOADDL": 347,
        "FRADDR": 100,
        "TOADDR": 422,
        "ZIPL": 49201,
        "ZIPR": 49201,
        "FEDIRP": " ",
        "NAME": "Cranberry Lake",
        "FETYPE": "Dr",
        "FEDIRS": " ",
        "FEDIRP2": " ",
        "NAME2": " ",
        "FETYPE2": " ",
        "FEDIRS2": " ",
        "FEDIRP3": " ",
        "NAME3": "Cranberry",
        "FETYPE3": "Lk",
        "FEDIRS3": " ",
        "FMCDL": 56640,
        "FMCDR": 56640,
        "COUNTYL": 75,
        "COUNTYR": 75,
        "NFC": 0,
        "RU_L": 1,
        "RU_R": 1,
        "PR": 915519,
        "BMP": 0.18,
        "EMP": 0.332,
        "BPT": "38012202",
        "EPT": "38012266",
        "LRS_LINK": " 9155193801220238012266",
        "LENGTH": 244.90158955,
        "VER": "17a",
        "Shape.STLength()": 244.90161931447741,
        "ADJ_CNTY": 0,
        "LEGALSYSTEM": 0,
        "PAVENTRA_SEGMENT_ID": "NAP-154-9155193801220238012266"
      }
    },
    {
      "type": "Feature",
      "id": 722319,
      "geometry": {
        "type": "LineString",
        "coordinates": [
          [
            -84.27357211844154,
            42.17504033186845
          ],
          [
            -84.27441064909137,
            42.175034352667765
          ],
          [
            -84.2745520288812,
            42.17505260589209
          ],
          [
            -84.27488431315972,
            42.17519313053435
          ],
          [
            -84.27532637624965,
            42.17537894973864
          ],
          [
            -84.2754626824295,
            42.175468251268235
          ],
          [
            -84.27551869589813,
            42.175560898120615
          ],
          [
            -84.27552736746267,
            42.17569181562775
          ],
          [
            -84.27552042999652,
            42.17582937541731
          ],
          [
            -84.27547983225594,
            42.1759572349709
          ],
          [
            -84.27540339254057,
            42.176043239397345
          ],
          [
            -84.27533025764238,
            42.17611951643815
          ],
          [
            -84.2752406558168,
            42.17617944030323
          ],
          [
            -84.27516295530569,
            42.17620684828403
          ],
          [
            -84.27503364606657,
            42.176213018111504
          ],
          [
            -84.27358170747476,
            42.176194946305195
          ]
        ]
      },
      "properties": {
        "OBJECTID": 722319,
        "FCC": "A32",
        "RDNAME": "Meadowlark Cir",
        "FRADDL": 6599,
        "TOADDL": 6531,
        "FRADDR": 6598,
        "TOADDR": 6542,
        "ZIPL": 49201,
        "ZIPR": 49201,
        "FEDIRP": " ",
        "NAME": "Meadowlark",
        "FETYPE": "Cir",
        "FEDIRS": " ",
        "FEDIRP2": " ",
        "NAME2": " ",
        "FETYPE2": " ",
        "FEDIRS2": " ",
        "FEDIRP3": " ",
        "NAME3": " ",
        "FETYPE3": " ",
        "FEDIRS3": " ",
        "FMCDL": 56640,
        "FMCDR": 56640,
        "COUNTYL": 75,
        "COUNTYR": 75,
        "NFC": 7,
        "RU_L": 1,
        "RU_R": 1,
        "PR": 3380025,
        "BMP": 0,
        "EMP": 0.245,
        "BPT": "38012268",
        "EPT": "38012223",
        "LRS_LINK": "33800253801226838012223",
        "LENGTH": 394.85528446,
        "VER": "17a",
        "Shape.STLength()": 394.8552848822529,
        "ADJ_CNTY": 0,
        "LEGALSYSTEM": 3,
        "PAVENTRA_SEGMENT_ID": "NAP-155-33800253801226838012223"
      }
    },
    {
      "type": "Feature",
      "id": 722348,
      "geometry": {
        "type": "LineString",
        "coordinates": [
          [
            -84.24534932918476,
            42.17444988353723
          ],
          [
            -84.24356683538618,
            42.17449892966631
          ],
          [
            -84.24128061501763,
            42.17456179470056
          ]
        ]
      },
      "properties": {
        "OBJECTID": 722348,
        "FCC": "A32",
        "RDNAME": "Cady Rd",
        "FRADDL": 9224,
        "TOADDL": 9388,
        "FRADDR": 9229,
        "TOADDR": 9437,
        "ZIPL": 49201,
        "ZIPR": 49201,
        "FEDIRP": " ",
        "NAME": "Cady",
        "FETYPE": "Rd",
        "FEDIRS": " ",
        "FEDIRP2": " ",
        "NAME2": " ",
        "FETYPE2": " ",
        "FEDIRS2": " ",
        "FEDIRP3": " ",
        "NAME3": " ",
        "FETYPE3": " ",
        "FEDIRS3": " ",
        "FMCDL": 56640,
        "FMCDR": 56640,
        "COUNTYL": 75,
        "COUNTYR": 75,
        "NFC": 7,
        "RU_L": 1,
        "RU_R": 1,
        "PR": 915406,
        "BMP": 0.931,
        "EMP": 1.14,
        "BPT": "38018542",
        "EPT": "38012261",
        "LRS_LINK": " 9154063801854238012261",
        "LENGTH": 336.26874038,
        "VER": "17a",
        "Shape.STLength()": 336.2687336352353,
        "ADJ_CNTY": 0,
        "LEGALSYSTEM": 3,
        "PAVENTRA_SEGMENT_ID": "NAP-156-9154063801854238012261"
      }
    },
    {
      "type": "Feature",
      "id": 722352,
      "geometry": {
        "type": "LineString",
        "coordinates": [
          [
            -84.24558442090132,
            42.174443413405086
          ],
          [
            -84.24534932918476,
            42.17444988353723
          ]
        ]
      },
      "properties": {
        "OBJECTID": 722352,
        "FCC": "A32",
        "RDNAME": "Cady Rd",
        "FRADDL": 9214,
        "TOADDL": 9222,
        "FRADDR": 9217,
        "TOADDR": 9227,
        "ZIPL": 49201,
        "ZIPR": 49201,
        "FEDIRP": " ",
        "NAME": "Cady",
        "FETYPE": "Rd",
        "FEDIRS": " ",
        "FEDIRP2": " ",
        "NAME2": " ",
        "FETYPE2": " ",
        "FEDIRS2": " ",
        "FEDIRP3": " ",
        "NAME3": " ",
        "FETYPE3": " ",
        "FEDIRS3": " ",
        "FMCDL": 56640,
        "FMCDR": 56640,
        "COUNTYL": 75,
        "COUNTYR": 75,
        "NFC": 7,
        "RU_L": 1,
        "RU_R": 1,
        "PR": 915406,
        "BMP": 0.919,
        "EMP": 0.931,
        "BPT": "38012265",
        "EPT": "38018542",
        "LRS_LINK": " 9154063801226538018542",
        "LENGTH": 19.4297734,
        "VER": "17a",
        "Shape.STLength()": 19.429758100913144,
        "ADJ_CNTY": 0,
        "LEGALSYSTEM": 3,
        "PAVENTRA_SEGMENT_ID": "NAP-157-9154063801226538018542"
      }
    },
    {
      "type": "Feature",
      "id": 722353,
      "geometry": {
        "type": "LineString",
        "coordinates": [
          [
            -84.24558442090132,
            42.174443413405086
          ],
          [
            -84.24559451227357,
            42.17474491641476
          ],
          [
            -84.24568393496686,
            42.18072793278505
          ],
          [
            -84.24567384242219,
            42.18127407657276
          ],
          [
            -84.24569862213652,
            42.181525869842
          ],
          [
            -84.24575647581165,
            42.18165490061158
          ],
          [
            -84.24582398533731,
            42.18175582141341
          ],
          [
            -84.24592656473469,
            42.18183932468904
          ],
          [
            -84.2460535504468,
            42.181942252477285
          ],
          [
            -84.24629479424485,
            42.182123573660654
          ],
          [
            -84.24773632740015,
            42.18298957352881
          ],
          [
            -84.24842460431996,
            42.18338968453724
          ],
          [
            -84.24855501922556,
            42.183498987251916
          ],
          [
            -84.24866340305745,
            42.183631775881615
          ],
          [
            -84.24874113574249,
            42.18376410032736
          ],
          [
            -84.24879770577803,
            42.18393230199625
          ],
          [
            -84.24883994825983,
            42.18411392600348
          ],
          [
            -84.24884493757757,
            42.18478861480488
          ],
          [
            -84.24883755529541,
            42.18529068391264
          ],
          [
            -84.24885805943296,
            42.18603299570242
          ],
          [
            -84.24886215510442,
            42.186512023395565
          ],
          [
            -84.24886273561808,
            42.18653263110003
          ]
        ]
      },
      "properties": {
        "OBJECTID": 722353,
        "FCC": "A31",
        "RDNAME": "Oak Point Rd",
        "FRADDL": 5998,
        "TOADDL": 5090,
        "FRADDR": 5999,
        "TOADDR": 5091,
        "ZIPL": 49201,
        "ZIPR": 49201,
        "FEDIRP": " ",
        "NAME": "Oak Point",
        "FETYPE": "Rd",
        "FEDIRS": " ",
        "FEDIRP2": " ",
        "NAME2": " ",
        "FETYPE2": " ",
        "FEDIRS2": " ",
        "FEDIRP3": " ",
        "NAME3": "Oakpoint",
        "FETYPE3": "Rd",
        "FEDIRS3": " ",
        "FMCDL": 56640,
        "FMCDR": 56640,
        "COUNTYL": 75,
        "COUNTYR": 75,
        "NFC": 6,
        "RU_L": 1,
        "RU_R": 1,
        "PR": 3381068,
        "BMP": 0,
        "EMP": 0.903,
        "BPT": "38012265",
        "EPT": "38020543",
        "LRS_LINK": "33810683801226538020543",
        "LENGTH": 1453.49102349,
        "VER": "17a",
        "Shape.STLength()": 1453.4910134247914,
        "ADJ_CNTY": 0,
        "LEGALSYSTEM": 2,
        "PAVENTRA_SEGMENT_ID": "NAP-158-33810683801226538020543"
      }
    },
    {
      "type": "Feature",
      "id": 722354,
      "geometry": {
        "type": "LineString",
        "coordinates": [
          [
            -84.26329427193252,
            42.175376344944176
          ],
          [
            -84.26176297159262,
            42.174830747096884
          ],
          [
            -84.26158406781825,
            42.17479406800527
          ],
          [
            -84.26142764494732,
            42.17476790483618
          ],
          [
            -84.26123450944743,
            42.17475133389787
          ],
          [
            -84.26087284921489,
            42.17473382406294
          ],
          [
            -84.25611076501919,
            42.17469358000147
          ],
          [
            -84.24998617568997,
            42.174594979985784
          ],
          [
            -84.24864415645551,
            42.17457081299334
          ],
          [
            -84.24649883277924,
            42.17445055578714
          ],
          [
            -84.24592385825521,
            42.17444149835154
          ],
          [
            -84.24558442090132,
            42.174443413405086
          ]
        ]
      },
      "properties": {
        "OBJECTID": 722354,
        "FCC": "A32",
        "RDNAME": "Cady Rd",
        "FRADDL": 8600,
        "TOADDL": 9224,
        "FRADDR": 8347,
        "TOADDR": 9225,
        "ZIPL": 49201,
        "ZIPR": 49201,
        "FEDIRP": " ",
        "NAME": "Cady",
        "FETYPE": "Rd",
        "FEDIRS": " ",
        "FEDIRP2": " ",
        "NAME2": " ",
        "FETYPE2": " ",
        "FEDIRS2": " ",
        "FEDIRP3": " ",
        "NAME3": " ",
        "FETYPE3": " ",
        "FEDIRS3": " ",
        "FMCDL": 56640,
        "FMCDR": 56640,
        "COUNTYL": 75,
        "COUNTYR": 75,
        "NFC": 7,
        "RU_L": 1,
        "RU_R": 1,
        "PR": 915406,
        "BMP": 0,
        "EMP": 0.919,
        "BPT": "38012239",
        "EPT": "38012265",
        "LRS_LINK": " 9154063801223938012265",
        "LENGTH": 1478.16263685,
        "VER": "17a",
        "Shape.STLength()": 1478.1626759889714,
        "ADJ_CNTY": 0,
        "LEGALSYSTEM": 3,
        "PAVENTRA_SEGMENT_ID": "NAP-159-9154063801223938012265"
      }
    },
    {
      "type": "Feature",
      "id": 715369,
      "geometry": {
        "type": "LineString",
        "coordinates": [
          [
            -84.3021596155811,
            42.200089294833774
          ],
          [
            -84.30219288596827,
            42.20014445370481
          ],
          [
            -84.30220590717543,
            42.20031637206026
          ],
          [
            -84.30222115080487,
            42.200809879918125
          ],
          [
            -84.30224141642707,
            42.201546858982276
          ]
        ]
      },
      "properties": {
        "OBJECTID": 715369,
        "FCC": "A32",
        "RDNAME": "Bonnymede Ct",
        "FRADDL": 4398,
        "TOADDL": 4326,
        "FRADDR": 4407,
        "TOADDR": 4329,
        "ZIPL": 49201,
        "ZIPR": 49201,
        "FEDIRP": " ",
        "NAME": "Bonnymede",
        "FETYPE": "Ct",
        "FEDIRS": " ",
        "FEDIRP2": " ",
        "NAME2": " ",
        "FETYPE2": " ",
        "FEDIRS2": " ",
        "FEDIRP3": " ",
        "NAME3": "Bonnymede",
        "FETYPE3": "St",
        "FEDIRS3": " ",
        "FMCDL": 56640,
        "FMCDR": 56640,
        "COUNTYL": 75,
        "COUNTYR": 75,
        "NFC": 7,
        "RU_L": 1,
        "RU_R": 1,
        "PR": 915707,
        "BMP": 0.365,
        "EMP": 0.466,
        "BPT": "38010740",
        "EPT": "38018223",
        "LRS_LINK": " 9157073801074038018223",
        "LENGTH": 162.48697103,
        "VER": "17a",
        "Shape.STLength()": 162.48694486635048,
        "ADJ_CNTY": 0,
        "LEGALSYSTEM": 3,
        "PAVENTRA_SEGMENT_ID": "NAP-160-9157073801074038018223"
      }
    },
    {
      "type": "Feature",
      "id": 715445,
      "geometry": {
        "type": "LineString",
        "coordinates": [
          [
            -84.30165387787588,
            42.19988213620462
          ],
          [
            -84.30186027239468,
            42.1999570900142
          ],
          [
            -84.30209258561669,
            42.200022210976485
          ],
          [
            -84.3021596155811,
            42.200089294833774
          ]
        ]
      },
      "properties": {
        "OBJECTID": 715445,
        "FCC": "A32",
        "RDNAME": "Bonnymede Ct",
        "FRADDL": 4364,
        "TOADDL": 4300,
        "FRADDR": 4403,
        "TOADDR": 4301,
        "ZIPL": 49201,
        "ZIPR": 49201,
        "FEDIRP": " ",
        "NAME": "Bonnymede",
        "FETYPE": "Ct",
        "FEDIRS": " ",
        "FEDIRP2": " ",
        "NAME2": "Bonnymede",
        "FETYPE2": "Ln",
        "FEDIRS2": " ",
        "FEDIRP3": " ",
        "NAME3": "Bonnymede",
        "FETYPE3": "St",
        "FEDIRS3": " ",
        "FMCDL": 56640,
        "FMCDR": 56640,
        "COUNTYL": 75,
        "COUNTYR": 75,
        "NFC": 7,
        "RU_L": 1,
        "RU_R": 1,
        "PR": 915707,
        "BMP": 0.334,
        "EMP": 0.365,
        "BPT": "38010755",
        "EPT": "38010740",
        "LRS_LINK": " 9157073801075538010740",
        "LENGTH": 48.7394289,
        "VER": "17a",
        "Shape.STLength()": 48.73944545861891,
        "ADJ_CNTY": 0,
        "LEGALSYSTEM": 3,
        "PAVENTRA_SEGMENT_ID": "NAP-161-9157073801075538010740"
      }
    },
    {
      "type": "Feature",
      "id": 715626,
      "geometry": {
        "type": "LineString",
        "coordinates": [
          [
            -84.3531356651354,
            42.20002116911599
          ],
          [
            -84.35327544149327,
            42.20050959855328
          ],
          [
            -84.35329411100028,
            42.20058687929615
          ]
        ]
      },
      "properties": {
        "OBJECTID": 715626,
        "FCC": "A32",
        "RDNAME": "Elkton Dr",
        "FRADDL": 0,
        "TOADDL": 0,
        "FRADDR": 0,
        "TOADDR": 0,
        "ZIPL": 49203,
        "ZIPR": 49203,
        "FEDIRP": " ",
        "NAME": "Elkton",
        "FETYPE": "Dr",
        "FEDIRS": " ",
        "FEDIRP2": " ",
        "NAME2": " ",
        "FETYPE2": " ",
        "FEDIRS2": " ",
        "FEDIRP3": " ",
        "NAME3": " ",
        "FETYPE3": " ",
        "FEDIRS3": " ",
        "FMCDL": 56640,
        "FMCDR": 56640,
        "COUNTYL": 75,
        "COUNTYR": 75,
        "NFC": 7,
        "RU_L": 3,
        "RU_R": 3,
        "PR": 3380106,
        "BMP": 0.116,
        "EMP": 0.156,
        "BPT": "38010792",
        "EPT": "38010779",
        "LRS_LINK": "33801063801079238010779",
        "LENGTH": 64.16386889,
        "VER": "17a",
        "Shape.STLength()": 64.16386037025134,
        "ADJ_CNTY": 0,
        "LEGALSYSTEM": 3,
        "PAVENTRA_SEGMENT_ID": "NAP-162-33801063801079238010779"
      }
    },
    {
      "type": "Feature",
      "id": 715823,
      "geometry": {
        "type": "LineString",
        "coordinates": [
          [
            -84.29878193148548,
            42.198555320501484
          ],
          [
            -84.29876625015675,
            42.198708783220304
          ],
          [
            -84.29878997132981,
            42.19883080506414
          ],
          [
            -84.29884130590838,
            42.198967657748405
          ],
          [
            -84.29895182845458,
            42.19911688991449
          ],
          [
            -84.29905895776548,
            42.19920579316484
          ],
          [
            -84.2992180664792,
            42.19929047949365
          ],
          [
            -84.2994432306278,
            42.19936505890314
          ],
          [
            -84.29969938595733,
            42.1994000967537
          ],
          [
            -84.2999914055137,
            42.199435681946355
          ],
          [
            -84.30036051331987,
            42.199494674438704
          ],
          [
            -84.30054548916145,
            42.19953844304502
          ],
          [
            -84.30076132969165,
            42.1995963878286
          ],
          [
            -84.30120098954905,
            42.199736591420674
          ],
          [
            -84.30165387787588,
            42.19988213620462
          ]
        ]
      },
      "properties": {
        "OBJECTID": 715823,
        "FCC": "A32",
        "RDNAME": "Bonnymede Ln",
        "FRADDL": 4470,
        "TOADDL": 4400,
        "FRADDR": 4471,
        "TOADDR": 4427,
        "ZIPL": 49201,
        "ZIPR": 49201,
        "FEDIRP": " ",
        "NAME": "Bonnymede",
        "FETYPE": "Ln",
        "FEDIRS": " ",
        "FEDIRP2": " ",
        "NAME2": " ",
        "FETYPE2": " ",
        "FEDIRS2": " ",
        "FEDIRP3": " ",
        "NAME3": "Bonnymede",
        "FETYPE3": "St",
        "FEDIRS3": " ",
        "FMCDL": 56640,
        "FMCDR": 56640,
        "COUNTYL": 75,
        "COUNTYR": 75,
        "NFC": 7,
        "RU_L": 1,
        "RU_R": 1,
        "PR": 915707,
        "BMP": 0.143,
        "EMP": 0.334,
        "BPT": "38010833",
        "EPT": "38010755",
        "LRS_LINK": " 9157073801083338010755",
        "LENGTH": 307.5279565,
        "VER": "17a",
        "Shape.STLength()": 307.5279700199655,
        "ADJ_CNTY": 0,
        "LEGALSYSTEM": 3,
        "PAVENTRA_SEGMENT_ID": "NAP-163-9157073801083338010755"
      }
    },
    {
      "type": "Feature",
      "id": 715826,
      "geometry": {
        "type": "LineString",
        "coordinates": [
          [
            -84.30165387787588,
            42.19988213620462
          ],
          [
            -84.30170040148899,
            42.199790289239886
          ],
          [
            -84.3016862503426,
            42.19858705594708
          ]
        ]
      },
      "properties": {
        "OBJECTID": 715826,
        "FCC": "A32",
        "RDNAME": "Innisbrook Dr",
        "FRADDL": 4401,
        "TOADDL": 4465,
        "FRADDR": 4400,
        "TOADDR": 4464,
        "ZIPL": 49201,
        "ZIPR": 49201,
        "FEDIRP": " ",
        "NAME": "Innisbrook",
        "FETYPE": "Dr",
        "FEDIRS": " ",
        "FEDIRP2": " ",
        "NAME2": " ",
        "FETYPE2": " ",
        "FEDIRS2": " ",
        "FEDIRP3": " ",
        "NAME3": " ",
        "FETYPE3": " ",
        "FEDIRS3": " ",
        "FMCDL": 56640,
        "FMCDR": 56640,
        "COUNTYL": 75,
        "COUNTYR": 75,
        "NFC": 7,
        "RU_L": 1,
        "RU_R": 1,
        "PR": 915817,
        "BMP": 0,
        "EMP": 0.09,
        "BPT": "38010755",
        "EPT": "38010836",
        "LRS_LINK": " 9158173801075538010836",
        "LENGTH": 144.50079258,
        "VER": "17a",
        "Shape.STLength()": 144.5007677452129,
        "ADJ_CNTY": 0,
        "LEGALSYSTEM": 3,
        "PAVENTRA_SEGMENT_ID": "NAP-164-9158173801075538010836"
      }
    },
    {
      "type": "Feature",
      "id": 715830,
      "geometry": {
        "type": "LineString",
        "coordinates": [
          [
            -84.29997279931956,
            42.19854759569144
          ],
          [
            -84.29912197049593,
            42.198550024866265
          ],
          [
            -84.29878193148548,
            42.198555320501484
          ]
        ]
      },
      "properties": {
        "OBJECTID": 715830,
        "FCC": "A32",
        "RDNAME": "Inverness Ln",
        "FRADDL": 6430,
        "TOADDL": 6498,
        "FRADDR": 6431,
        "TOADDR": 6499,
        "ZIPL": 49201,
        "ZIPR": 49201,
        "FEDIRP": " ",
        "NAME": "Inverness",
        "FETYPE": "Ln",
        "FEDIRS": " ",
        "FEDIRP2": " ",
        "NAME2": " ",
        "FETYPE2": " ",
        "FEDIRS2": " ",
        "FEDIRP3": " ",
        "NAME3": " ",
        "FETYPE3": " ",
        "FEDIRS3": " ",
        "FMCDL": 56640,
        "FMCDR": 56640,
        "COUNTYL": 75,
        "COUNTYR": 75,
        "NFC": 7,
        "RU_L": 1,
        "RU_R": 1,
        "PR": 915806,
        "BMP": 0.088,
        "EMP": 0.149,
        "BPT": "38010834",
        "EPT": "38010833",
        "LRS_LINK": " 9158063801083438010833",
        "LENGTH": 98.32433035,
        "VER": "17a",
        "Shape.STLength()": 98.32436352306932,
        "ADJ_CNTY": 0,
        "LEGALSYSTEM": 3,
        "PAVENTRA_SEGMENT_ID": "NAP-165-9158063801083438010833"
      }
    },
    {
      "type": "Feature",
      "id": 715831,
      "geometry": {
        "type": "LineString",
        "coordinates": [
          [
            -84.3016862503426,
            42.19858705594708
          ],
          [
            -84.29997279931956,
            42.19854759569144
          ]
        ]
      },
      "properties": {
        "OBJECTID": 715831,
        "FCC": "A32",
        "RDNAME": "Inverness Ln",
        "FRADDL": 6400,
        "TOADDL": 6428,
        "FRADDR": 6401,
        "TOADDR": 6429,
        "ZIPL": 49201,
        "ZIPR": 49201,
        "FEDIRP": " ",
        "NAME": "Inverness",
        "FETYPE": "Ln",
        "FEDIRS": " ",
        "FEDIRP2": " ",
        "NAME2": " ",
        "FETYPE2": " ",
        "FEDIRS2": " ",
        "FEDIRP3": " ",
        "NAME3": " ",
        "FETYPE3": " ",
        "FEDIRS3": " ",
        "FMCDL": 56640,
        "FMCDR": 56640,
        "COUNTYL": 75,
        "COUNTYR": 75,
        "NFC": 7,
        "RU_L": 1,
        "RU_R": 1,
        "PR": 915806,
        "BMP": 0,
        "EMP": 0.088,
        "BPT": "38010836",
        "EPT": "38010834",
        "LRS_LINK": " 9158063801083638010834",
        "LENGTH": 141.52976994,
        "VER": "17a",
        "Shape.STLength()": 141.5297956941223,
        "ADJ_CNTY": 0,
        "LEGALSYSTEM": 3,
        "PAVENTRA_SEGMENT_ID": "NAP-166-9158063801083638010834"
      }
    },
    {
      "type": "Feature",
      "id": 715875,
      "geometry": {
        "type": "LineString",
        "coordinates": [
          [
            -84.30720825337833,
            42.198561503954224
          ],
          [
            -84.30721440041336,
            42.198790787738005
          ],
          [
            -84.30718038317559,
            42.20027929725156
          ],
          [
            -84.30719504032456,
            42.20092323602102
          ],
          [
            -84.30728169831454,
            42.20296082009975
          ],
          [
            -84.30731545240359,
            42.203030977119305
          ],
          [
            -84.3073548492012,
            42.203058108380695
          ],
          [
            -84.3074271978089,
            42.203110854026036
          ],
          [
            -84.30747148299793,
            42.203116866845725
          ],
          [
            -84.30764125350774,
            42.20311283259979
          ],
          [
            -84.30864379699136,
            42.202937323878714
          ],
          [
            -84.30889565774436,
            42.202889922374524
          ],
          [
            -84.30915180053822,
            42.202800669219506
          ],
          [
            -84.30935836453757,
            42.202692033157426
          ],
          [
            -84.30947349909016,
            42.20260529385902
          ],
          [
            -84.30955841356409,
            42.202478507764866
          ],
          [
            -84.30962499308423,
            42.202335142670755
          ],
          [
            -84.30967898854422,
            42.20207981229407
          ]
        ]
      },
      "properties": {
        "OBJECTID": 715875,
        "FCC": "A41",
        "RDNAME": "Anthony Dr",
        "FRADDL": 9930,
        "TOADDL": 8396,
        "FRADDR": 9931,
        "TOADDR": 8397,
        "ZIPL": 49201,
        "ZIPR": 49201,
        "FEDIRP": " ",
        "NAME": "Anthony",
        "FETYPE": "Dr",
        "FEDIRS": " ",
        "FEDIRP2": " ",
        "NAME2": " ",
        "FETYPE2": " ",
        "FEDIRS2": " ",
        "FEDIRP3": " ",
        "NAME3": "Anthony",
        "FETYPE3": "Rd",
        "FEDIRS3": " ",
        "FMCDL": 56640,
        "FMCDR": 56640,
        "COUNTYL": 75,
        "COUNTYR": 75,
        "NFC": 0,
        "RU_L": 1,
        "RU_R": 1,
        "PR": 915705,
        "BMP": 0.2,
        "EMP": 0.668,
        "BPT": "38017600",
        "EPT": "38010582",
        "LRS_LINK": " 9157053801760038010582",
        "LENGTH": 752.94214064,
        "VER": "17a",
        "Shape.STLength()": 752.9421161716074,
        "ADJ_CNTY": 0,
        "LEGALSYSTEM": 0,
        "PAVENTRA_SEGMENT_ID": "NAP-167-9157053801760038010582"
      }
    },
    {
      "type": "Feature",
      "id": 715964,
      "geometry": {
        "type": "LineString",
        "coordinates": [
          [
            -84.35460757204311,
            42.19898193694399
          ],
          [
            -84.35439070692952,
            42.19900010860073
          ],
          [
            -84.35416035711637,
            42.19903251033495
          ],
          [
            -84.35404362606829,
            42.199053954593744
          ],
          [
            -84.35392655536045,
            42.19908803301516
          ],
          [
            -84.35381175189141,
            42.19914321040853
          ],
          [
            -84.35371416681132,
            42.1991902164682
          ],
          [
            -84.3536278530224,
            42.199239496372286
          ],
          [
            -84.3535413134676,
            42.19929719907635
          ],
          [
            -84.35342560788209,
            42.199386068460875
          ],
          [
            -84.35334694389401,
            42.199467060189704
          ],
          [
            -84.35328487666216,
            42.19956304311893
          ],
          [
            -84.35324936842645,
            42.19961939449715
          ],
          [
            -84.35320389783162,
            42.1997303704388
          ],
          [
            -84.3531670929519,
            42.19983515372572
          ],
          [
            -84.35314397827258,
            42.19994820208127
          ],
          [
            -84.3531356651354,
            42.20002116911599
          ]
        ]
      },
      "properties": {
        "OBJECTID": 715964,
        "FCC": "A32",
        "RDNAME": "Elkton Dr",
        "FRADDL": 3400,
        "TOADDL": 3498,
        "FRADDR": 3401,
        "TOADDR": 3499,
        "ZIPL": 49203,
        "ZIPR": 49203,
        "FEDIRP": " ",
        "NAME": "Elkton",
        "FETYPE": "Dr",
        "FEDIRS": " ",
        "FEDIRP2": " ",
        "NAME2": " ",
        "FETYPE2": " ",
        "FEDIRS2": " ",
        "FEDIRP3": " ",
        "NAME3": " ",
        "FETYPE3": " ",
        "FEDIRS3": " ",
        "FMCDL": 56640,
        "FMCDR": 56640,
        "COUNTYL": 75,
        "COUNTYR": 75,
        "NFC": 7,
        "RU_L": 3,
        "RU_R": 3,
        "PR": 3380106,
        "BMP": 0,
        "EMP": 0.116,
        "BPT": "38010857",
        "EPT": "38010792",
        "LRS_LINK": "33801063801085738010792",
        "LENGTH": 186.43870061,
        "VER": "17a",
        "Shape.STLength()": 186.4387350253111,
        "ADJ_CNTY": 0,
        "LEGALSYSTEM": 3,
        "PAVENTRA_SEGMENT_ID": "NAP-168-33801063801085738010792"
      }
    },
    {
      "type": "Feature",
      "id": 715965,
      "geometry": {
        "type": "LineString",
        "coordinates": [
          [
            -84.35460757204311,
            42.19898193694399
          ],
          [
            -84.35464155468182,
            42.2005377852928
          ],
          [
            -84.3546402983453,
            42.200576975476075
          ]
        ]
      },
      "properties": {
        "OBJECTID": 715965,
        "FCC": "A32",
        "RDNAME": "Kenmar St",
        "FRADDL": 4482,
        "TOADDL": 4400,
        "FRADDR": 4481,
        "TOADDR": 4401,
        "ZIPL": 49203,
        "ZIPR": 49203,
        "FEDIRP": " ",
        "NAME": "Kenmar",
        "FETYPE": "St",
        "FEDIRS": " ",
        "FEDIRP2": " ",
        "NAME2": " ",
        "FETYPE2": " ",
        "FEDIRS2": " ",
        "FEDIRP3": " ",
        "NAME3": " ",
        "FETYPE3": " ",
        "FEDIRS3": " ",
        "FMCDL": 56640,
        "FMCDR": 56640,
        "COUNTYL": 75,
        "COUNTYR": 75,
        "NFC": 7,
        "RU_L": 3,
        "RU_R": 3,
        "PR": 901010,
        "BMP": 0.141,
        "EMP": 0.251,
        "BPT": "38010857",
        "EPT": "38010763",
        "LRS_LINK": " 9010103801085738010763",
        "LENGTH": 177.12567703,
        "VER": "17a",
        "Shape.STLength()": 177.12566306244915,
        "ADJ_CNTY": 0,
        "LEGALSYSTEM": 3,
        "PAVENTRA_SEGMENT_ID": "NAP-169-9010103801085738010763"
      }
    },
    {
      "type": "Feature",
      "id": 716030,
      "geometry": {
        "type": "LineString",
        "coordinates": [
          [
            -84.3016862503426,
            42.19858705594708
          ],
          [
            -84.30167171708005,
            42.198140791555424
          ],
          [
            -84.30167585169453,
            42.198068651738105
          ]
        ]
      },
      "properties": {
        "OBJECTID": 716030,
        "FCC": "A32",
        "RDNAME": "Innisbrook Dr",
        "FRADDL": 4467,
        "TOADDL": 4499,
        "FRADDR": 4466,
        "TOADDR": 4498,
        "ZIPL": 49201,
        "ZIPR": 49201,
        "FEDIRP": " ",
        "NAME": "Innisbrook",
        "FETYPE": "Dr",
        "FEDIRS": " ",
        "FEDIRP2": " ",
        "NAME2": " ",
        "FETYPE2": " ",
        "FEDIRS2": " ",
        "FEDIRP3": " ",
        "NAME3": " ",
        "FETYPE3": " ",
        "FEDIRS3": " ",
        "FMCDL": 56640,
        "FMCDR": 56640,
        "COUNTYL": 75,
        "COUNTYR": 75,
        "NFC": 7,
        "RU_L": 1,
        "RU_R": 1,
        "PR": 915817,
        "BMP": 0.09,
        "EMP": 0.126,
        "BPT": "38010836",
        "EPT": "38010897",
        "LRS_LINK": " 9158173801083638010897",
        "LENGTH": 57.58160742,
        "VER": "17a",
        "Shape.STLength()": 57.5816371151752,
        "ADJ_CNTY": 0,
        "LEGALSYSTEM": 3,
        "PAVENTRA_SEGMENT_ID": "NAP-170-9158173801083638010897"
      }
    },
    {
      "type": "Feature",
      "id": 716100,
      "geometry": {
        "type": "LineString",
        "coordinates": [
          [
            -84.22030661707065,
            42.196681309416164
          ],
          [
            -84.21541498126453,
            42.1967726770343
          ],
          [
            -84.21486073435192,
            42.19678121686461
          ],
          [
            -84.21308097723724,
            42.19683789138624
          ],
          [
            -84.21063567773675,
            42.19689739493906
          ]
        ]
      },
      "properties": {
        "OBJECTID": 716100,
        "FCC": "A32",
        "RDNAME": "Orban Rd",
        "FRADDL": 10600,
        "TOADDL": 10998,
        "FRADDR": 10601,
        "TOADDR": 10999,
        "ZIPL": 49240,
        "ZIPR": 49240,
        "FEDIRP": " ",
        "NAME": "Orban",
        "FETYPE": "Rd",
        "FEDIRS": " ",
        "FEDIRP2": " ",
        "NAME2": " ",
        "FETYPE2": " ",
        "FEDIRS2": " ",
        "FEDIRP3": " ",
        "NAME3": " ",
        "FETYPE3": " ",
        "FEDIRS3": " ",
        "FMCDL": 34500,
        "FMCDR": 56640,
        "COUNTYL": 75,
        "COUNTYR": 75,
        "NFC": 7,
        "RU_L": 1,
        "RU_R": 1,
        "PR": 917306,
        "BMP": 0,
        "EMP": 0.496,
        "BPT": "38010888",
        "EPT": "38010853",
        "LRS_LINK": " 9173063801088838010853",
        "LENGTH": 798.83202234,
        "VER": "17a",
        "Shape.STLength()": 798.8320452677684,
        "ADJ_CNTY": 0,
        "LEGALSYSTEM": 3,
        "PAVENTRA_SEGMENT_ID": "NAP-171-9173063801088838010853"
      }
    },
    {
      "type": "Feature",
      "id": 724852,
      "geometry": {
        "type": "LineString",
        "coordinates": [
          [
            -84.24566745843201,
            42.165007647757704
          ],
          [
            -84.24326048022381,
            42.164987207493084
          ],
          [
            -84.24323228576215,
            42.164986414830814
          ]
        ]
      },
      "properties": {
        "OBJECTID": 724852,
        "FCC": "A32",
        "RDNAME": "Earl Ct",
        "FRADDL": 233,
        "TOADDL": 255,
        "FRADDR": 230,
        "TOADDR": 244,
        "ZIPL": 49201,
        "ZIPR": 49201,
        "FEDIRP": " ",
        "NAME": "Earl",
        "FETYPE": "Ct",
        "FEDIRS": " ",
        "FEDIRP2": " ",
        "NAME2": " ",
        "FETYPE2": " ",
        "FEDIRS2": " ",
        "FEDIRP3": " ",
        "NAME3": " ",
        "FETYPE3": " ",
        "FEDIRS3": " ",
        "FMCDL": 56640,
        "FMCDR": 56640,
        "COUNTYL": 75,
        "COUNTYR": 75,
        "NFC": 7,
        "RU_L": 1,
        "RU_R": 1,
        "PR": 915403,
        "BMP": 0,
        "EMP": 0.125,
        "BPT": "38012621",
        "EPT": "38012617",
        "LRS_LINK": " 9154033801262138012617",
        "LENGTH": 201.16800005,
        "VER": "17a",
        "Shape.STLength()": 201.16802982418847,
        "ADJ_CNTY": 0,
        "LEGALSYSTEM": 3,
        "PAVENTRA_SEGMENT_ID": "NAP-172-9154033801262138012617"
      }
    },
    {
      "type": "Feature",
      "id": 717197,
      "geometry": {
        "type": "LineString",
        "coordinates": [
          [
            -84.34792645568852,
            42.195732071848106
          ],
          [
            -84.3479724000499,
            42.19691938366091
          ]
        ]
      },
      "properties": {
        "OBJECTID": 717197,
        "FCC": "A32",
        "RDNAME": "Miles Dr",
        "FRADDL": 0,
        "TOADDL": 0,
        "FRADDR": 0,
        "TOADDR": 0,
        "ZIPL": 49201,
        "ZIPR": 49201,
        "FEDIRP": " ",
        "NAME": "Miles",
        "FETYPE": "Dr",
        "FEDIRS": " ",
        "FEDIRP2": " ",
        "NAME2": " ",
        "FETYPE2": " ",
        "FEDIRS2": " ",
        "FEDIRP3": " ",
        "NAME3": "Miles",
        "FETYPE3": "Rd",
        "FEDIRS3": " ",
        "FMCDL": 56640,
        "FMCDR": 56640,
        "COUNTYL": 75,
        "COUNTYR": 75,
        "NFC": 7,
        "RU_L": 3,
        "RU_R": 3,
        "PR": 901101,
        "BMP": 0,
        "EMP": 0.082,
        "BPT": "38011182",
        "EPT": "38011060",
        "LRS_LINK": " 9011013801118238011060",
        "LENGTH": 131.88503091,
        "VER": "17a",
        "Shape.STLength()": 131.88506840734473,
        "ADJ_CNTY": 0,
        "LEGALSYSTEM": 3,
        "PAVENTRA_SEGMENT_ID": "NAP-173-9011013801118238011060"
      }
    },
    {
      "type": "Feature",
      "id": 717220,
      "geometry": {
        "type": "LineString",
        "coordinates": [
          [
            -84.3508632372111,
            42.1958050968183
          ],
          [
            -84.34839016992777,
            42.195676167782
          ],
          [
            -84.34812709514986,
            42.195699490838
          ],
          [
            -84.34792645568852,
            42.195732071848106
          ]
        ]
      },
      "properties": {
        "OBJECTID": 717220,
        "FCC": "A32",
        "RDNAME": "Miles Rd",
        "FRADDL": 3700,
        "TOADDL": 3898,
        "FRADDR": 3701,
        "TOADDR": 3833,
        "ZIPL": 49201,
        "ZIPR": 49201,
        "FEDIRP": " ",
        "NAME": "Miles",
        "FETYPE": "Rd",
        "FEDIRS": " ",
        "FEDIRP2": " ",
        "NAME2": " ",
        "FETYPE2": " ",
        "FEDIRS2": " ",
        "FEDIRP3": " ",
        "NAME3": "Miles",
        "FETYPE3": "Rd",
        "FEDIRS3": " ",
        "FMCDL": 56640,
        "FMCDR": 56640,
        "COUNTYL": 75,
        "COUNTYR": 75,
        "NFC": 7,
        "RU_L": 3,
        "RU_R": 3,
        "PR": 899403,
        "BMP": 0.52,
        "EMP": 0.671,
        "BPT": "38011179",
        "EPT": "38011182",
        "LRS_LINK": " 8994033801117938011182",
        "LENGTH": 243.5161969,
        "VER": "17a",
        "Shape.STLength()": 243.51612488739738,
        "ADJ_CNTY": 0,
        "LEGALSYSTEM": 3,
        "PAVENTRA_SEGMENT_ID": "NAP-174-8994033801117938011182"
      }
    },
    {
      "type": "Feature",
      "id": 717250,
      "geometry": {
        "type": "LineString",
        "coordinates": [
          [
            -84.35262062821565,
            42.195669179873406
          ],
          [
            -84.35114912480861,
            42.19580819794327
          ],
          [
            -84.3508632372111,
            42.1958050968183
          ]
        ]
      },
      "properties": {
        "OBJECTID": 717250,
        "FCC": "A32",
        "RDNAME": "Miles Rd",
        "FRADDL": 3336,
        "TOADDL": 3698,
        "FRADDR": 3601,
        "TOADDR": 3699,
        "ZIPL": 49201,
        "ZIPR": 49201,
        "FEDIRP": " ",
        "NAME": "Miles",
        "FETYPE": "Rd",
        "FEDIRS": " ",
        "FEDIRP2": " ",
        "NAME2": " ",
        "FETYPE2": " ",
        "FEDIRS2": " ",
        "FEDIRP3": " ",
        "NAME3": "Miles",
        "FETYPE3": "Rd",
        "FEDIRS3": " ",
        "FMCDL": 56640,
        "FMCDR": 56640,
        "COUNTYL": 75,
        "COUNTYR": 75,
        "NFC": 7,
        "RU_L": 3,
        "RU_R": 3,
        "PR": 899403,
        "BMP": 0.429,
        "EMP": 0.52,
        "BPT": "38011197",
        "EPT": "38011179",
        "LRS_LINK": " 8994033801119738011179",
        "LENGTH": 146.07529241,
        "VER": "17a",
        "Shape.STLength()": 146.07528516416724,
        "ADJ_CNTY": 0,
        "LEGALSYSTEM": 3,
        "PAVENTRA_SEGMENT_ID": "NAP-175-8994033801119738011179"
      }
    },
    {
      "type": "Feature",
      "id": 717318,
      "geometry": {
        "type": "LineString",
        "coordinates": [
          [
            -84.24663488876082,
            42.19419164701143
          ],
          [
            -84.24654987323291,
            42.194198652046424
          ],
          [
            -84.24622891703474,
            42.19423715820854
          ],
          [
            -84.24610710904393,
            42.19425007135174
          ],
          [
            -84.24596341994658,
            42.194254950188856
          ],
          [
            -84.24589725068948,
            42.194234049933726
          ],
          [
            -84.2455493531667,
            42.19389928286856
          ]
        ]
      },
      "properties": {
        "OBJECTID": 717318,
        "FCC": "A41",
        "RDNAME": "Hollywood Dr",
        "FRADDL": 7990,
        "TOADDL": 8098,
        "FRADDR": 7991,
        "TOADDR": 8099,
        "ZIPL": 49201,
        "ZIPR": 49201,
        "FEDIRP": " ",
        "NAME": "Hollywood",
        "FETYPE": "Dr",
        "FEDIRS": " ",
        "FEDIRP2": " ",
        "NAME2": " ",
        "FETYPE2": " ",
        "FEDIRS2": " ",
        "FEDIRP3": " ",
        "NAME3": " ",
        "FETYPE3": " ",
        "FEDIRS3": " ",
        "FMCDL": 56640,
        "FMCDR": 56640,
        "COUNTYL": 75,
        "COUNTYR": 75,
        "NFC": 0,
        "RU_L": 1,
        "RU_R": 1,
        "PR": 916109,
        "BMP": 0.12,
        "EMP": 0.187,
        "BPT": "38018569",
        "EPT": "38011190",
        "LRS_LINK": " 9161093801856938011190",
        "LENGTH": 108.8509671,
        "VER": "17a",
        "Shape.STLength()": 108.85098423912753,
        "ADJ_CNTY": 0,
        "LEGALSYSTEM": 0,
        "PAVENTRA_SEGMENT_ID": "NAP-176-9161093801856938011190"
      }
    },
    {
      "type": "Feature",
      "id": 725967,
      "geometry": {
        "type": "LineString",
        "coordinates": [
          [
            -84.25559975709977,
            42.16009359376829
          ],
          [
            -84.25435080327578,
            42.160081856560744
          ],
          [
            -84.25386596795292,
            42.160092887310626
          ],
          [
            -84.25351863800161,
            42.160124260111964
          ],
          [
            -84.25312651218091,
            42.16015833033561
          ],
          [
            -84.25109975470785,
            42.16071709874603
          ],
          [
            -84.25075577098823,
            42.16077820309052
          ],
          [
            -84.25063610332731,
            42.160786774734525
          ]
        ]
      },
      "properties": {
        "OBJECTID": 725967,
        "FCC": "A31",
        "RDNAME": "Stony Lake Rd",
        "FRADDL": 147,
        "TOADDL": 6241,
        "FRADDR": 142,
        "TOADDR": 6242,
        "ZIPL": 49201,
        "ZIPR": 49201,
        "FEDIRP": " ",
        "NAME": "Stony Lake",
        "FETYPE": "Rd",
        "FEDIRS": " ",
        "FEDIRP2": " ",
        "NAME2": " ",
        "FETYPE2": " ",
        "FEDIRS2": " ",
        "FEDIRP3": " ",
        "NAME3": "Stoney Lake",
        "FETYPE3": "Rd",
        "FEDIRS3": " ",
        "FMCDL": 56640,
        "FMCDR": 56640,
        "COUNTYL": 75,
        "COUNTYR": 75,
        "NFC": 5,
        "RU_L": 1,
        "RU_R": 1,
        "PR": 918203,
        "BMP": 3.414,
        "EMP": 3.676,
        "BPT": "38012851",
        "EPT": "38020028",
        "LRS_LINK": " 9182033801285138020028",
        "LENGTH": 422.47208761,
        "VER": "17a",
        "Shape.STLength()": 422.4720631906864,
        "ADJ_CNTY": 0,
        "LEGALSYSTEM": 2,
        "PAVENTRA_SEGMENT_ID": "NAP-177-9182033801285138020028"
      }
    },
    {
      "type": "Feature",
      "id": 725979,
      "geometry": {
        "type": "LineString",
        "coordinates": [
          [
            -84.33048139574284,
            42.16122431530122
          ],
          [
            -84.33050100714857,
            42.163961273368585
          ],
          [
            -84.3304993814655,
            42.1641333071814
          ],
          [
            -84.33046921219072,
            42.16434792568684
          ],
          [
            -84.329614606604,
            42.16780317312179
          ],
          [
            -84.32937547801517,
            42.16874238750009
          ],
          [
            -84.32921720767673,
            42.169407534114626
          ],
          [
            -84.32909489365132,
            42.16978117859188
          ],
          [
            -84.32888084366904,
            42.17009086374336
          ],
          [
            -84.32844778144731,
            42.1706787519852
          ],
          [
            -84.32734464628163,
            42.17201805982034
          ],
          [
            -84.3267713409546,
            42.17263400853125
          ],
          [
            -84.32652305569128,
            42.17295917552688
          ],
          [
            -84.3263371779111,
            42.17324118711999
          ],
          [
            -84.32613860631722,
            42.173560343731
          ]
        ]
      },
      "properties": {
        "OBJECTID": 725979,
        "FCC": "A31",
        "RDNAME": "Clark Lake Rd",
        "FRADDL": 6940,
        "TOADDL": 6066,
        "FRADDR": 6951,
        "TOADDR": 6125,
        "ZIPL": 49201,
        "ZIPR": 49201,
        "FEDIRP": " ",
        "NAME": "Clark Lake",
        "FETYPE": "Rd",
        "FEDIRS": " ",
        "FEDIRP2": " ",
        "NAME2": "Clarklake",
        "FETYPE2": "Rd",
        "FEDIRS2": " ",
        "FEDIRP3": " ",
        "NAME3": "Clark Lake",
        "FETYPE3": "Rd",
        "FEDIRS3": " ",
        "FMCDL": 56640,
        "FMCDR": 56640,
        "COUNTYL": 75,
        "COUNTYR": 75,
        "NFC": 6,
        "RU_L": 1,
        "RU_R": 1,
        "PR": 3380002,
        "BMP": 0.054,
        "EMP": 0.953,
        "BPT": "38012840",
        "EPT": "38012349",
        "LRS_LINK": "33800023801284038012349",
        "LENGTH": 1446.99888461,
        "VER": "17a",
        "Shape.STLength()": 1446.9988326923492,
        "ADJ_CNTY": 0,
        "LEGALSYSTEM": 2,
        "PAVENTRA_SEGMENT_ID": "NAP-178-33800023801284038012349"
      }
    },
    {
      "type": "Feature",
      "id": 725985,
      "geometry": {
        "type": "LineString",
        "coordinates": [
          [
            -84.28411367456363,
            42.16050864892421
          ],
          [
            -84.28304590391309,
            42.16073862324678
          ],
          [
            -84.28192741513043,
            42.160956702537554
          ],
          [
            -84.28106208899557,
            42.16117083695009
          ],
          [
            -84.27936830381503,
            42.161728435622905
          ],
          [
            -84.27911040697795,
            42.161812462642104
          ],
          [
            -84.27751496045101,
            42.16233730219295
          ]
        ]
      },
      "properties": {
        "OBJECTID": 725985,
        "FCC": "A31",
        "RDNAME": "Stony Lake Rd",
        "FRADDL": 7068,
        "TOADDL": 7574,
        "FRADDR": 3781,
        "TOADDR": 7575,
        "ZIPL": 49201,
        "ZIPR": 49201,
        "FEDIRP": " ",
        "NAME": "Stony Lake",
        "FETYPE": "Rd",
        "FEDIRS": " ",
        "FEDIRP2": " ",
        "NAME2": " ",
        "FETYPE2": " ",
        "FEDIRS2": " ",
        "FEDIRP3": "N",
        "NAME3": "Stoney Lake",
        "FETYPE3": "Rd",
        "FEDIRS3": " ",
        "FMCDL": 56640,
        "FMCDR": 56640,
        "COUNTYL": 75,
        "COUNTYR": 75,
        "NFC": 5,
        "RU_L": 1,
        "RU_R": 1,
        "PR": 915501,
        "BMP": 3.636,
        "EMP": 3.999,
        "BPT": "38017637",
        "EPT": "38012756",
        "LRS_LINK": " 9155013801763738012756",
        "LENGTH": 583.0462452,
        "VER": "17a",
        "Shape.STLength()": 583.046314700296,
        "ADJ_CNTY": 0,
        "LEGALSYSTEM": 3,
        "PAVENTRA_SEGMENT_ID": "NAP-179-9155013801763738012756"
      }
    },
    {
      "type": "Feature",
      "id": 725986,
      "geometry": {
        "type": "LineString",
        "coordinates": [
          [
            -84.28411367456363,
            42.16050864892421
          ],
          [
            -84.28417601218747,
            42.16386496477694
          ],
          [
            -84.2842168053958,
            42.16593843556936
          ],
          [
            -84.28416080153264,
            42.16621410345196
          ],
          [
            -84.28394811017888,
            42.1664782965187
          ]
        ]
      },
      "properties": {
        "OBJECTID": 725986,
        "FCC": "A32",
        "RDNAME": "Taylorfield Rd",
        "FRADDL": 6850,
        "TOADDL": 6746,
        "FRADDR": 6781,
        "TOADDR": 6739,
        "ZIPL": 49201,
        "ZIPR": 49201,
        "FEDIRP": " ",
        "NAME": "Taylorfield",
        "FETYPE": "Rd",
        "FEDIRS": " ",
        "FEDIRP2": " ",
        "NAME2": " ",
        "FETYPE2": " ",
        "FEDIRS2": " ",
        "FEDIRP3": " ",
        "NAME3": " ",
        "FETYPE3": " ",
        "FEDIRS3": " ",
        "FMCDL": 56640,
        "FMCDR": 56640,
        "COUNTYL": 75,
        "COUNTYR": 75,
        "NFC": 7,
        "RU_L": 1,
        "RU_R": 1,
        "PR": 3381009,
        "BMP": 0,
        "EMP": 0.415,
        "BPT": "38017637",
        "EPT": "38017638",
        "LRS_LINK": "33810093801763738017638",
        "LENGTH": 668.08887503,
        "VER": "17a",
        "Shape.STLength()": 668.0888814400417,
        "ADJ_CNTY": 0,
        "LEGALSYSTEM": 3,
        "PAVENTRA_SEGMENT_ID": "NAP-180-33810093801763738017638"
      }
    },
    {
      "type": "Feature",
      "id": 725988,
      "geometry": {
        "type": "LineString",
        "coordinates": [
          [
            -84.26147349081221,
            42.1601431599383
          ],
          [
            -84.25559975709977,
            42.16009359376829
          ]
        ]
      },
      "properties": {
        "OBJECTID": 725988,
        "FCC": "A31",
        "RDNAME": "N Stony Lake Rd",
        "FRADDL": 8626,
        "TOADDL": 8424,
        "FRADDR": 8699,
        "TOADDR": 8335,
        "ZIPL": 49201,
        "ZIPR": 49201,
        "FEDIRP": "N",
        "NAME": "Stony Lake",
        "FETYPE": "Rd",
        "FEDIRS": " ",
        "FEDIRP2": " ",
        "NAME2": " ",
        "FETYPE2": " ",
        "FEDIRS2": " ",
        "FEDIRP3": "N",
        "NAME3": "Stoney Lake",
        "FETYPE3": "Rd",
        "FEDIRS3": " ",
        "FMCDL": 56640,
        "FMCDR": 56640,
        "COUNTYL": 75,
        "COUNTYR": 75,
        "NFC": 5,
        "RU_L": 1,
        "RU_R": 1,
        "PR": 915501,
        "BMP": 4.898,
        "EMP": 5.199,
        "BPT": "38012853",
        "EPT": "38012851",
        "LRS_LINK": " 9155013801285338012851",
        "LENGTH": 485.25859671,
        "VER": "17a",
        "Shape.STLength()": 485.25857418837023,
        "ADJ_CNTY": 0,
        "LEGALSYSTEM": 3,
        "PAVENTRA_SEGMENT_ID": "NAP-181-9155013801285338012851"
      }
    },
    {
      "type": "Feature",
      "id": 725994,
      "geometry": {
        "type": "LineString",
        "coordinates": [
          [
            -84.26307225883127,
            42.1601608461813
          ],
          [
            -84.26147349081221,
            42.1601431599383
          ]
        ]
      },
      "properties": {
        "OBJECTID": 725994,
        "FCC": "A31",
        "RDNAME": "N Stony Lake Rd",
        "FRADDL": 199,
        "TOADDL": 189,
        "FRADDR": 0,
        "TOADDR": 0,
        "ZIPL": 49201,
        "ZIPR": 49201,
        "FEDIRP": "N",
        "NAME": "Stony Lake",
        "FETYPE": "Rd",
        "FEDIRS": " ",
        "FEDIRP2": " ",
        "NAME2": " ",
        "FETYPE2": " ",
        "FEDIRS2": " ",
        "FEDIRP3": "N",
        "NAME3": "Stoney Lake",
        "FETYPE3": "Rd",
        "FEDIRS3": " ",
        "FMCDL": 56640,
        "FMCDR": 56640,
        "COUNTYL": 75,
        "COUNTYR": 75,
        "NFC": 5,
        "RU_L": 1,
        "RU_R": 1,
        "PR": 915501,
        "BMP": 4.816,
        "EMP": 4.898,
        "BPT": "38012854",
        "EPT": "38012853",
        "LRS_LINK": " 9155013801285438012853",
        "LENGTH": 132.08821841,
        "VER": "17a",
        "Shape.STLength()": 132.088272563767,
        "ADJ_CNTY": 0,
        "LEGALSYSTEM": 3,
        "PAVENTRA_SEGMENT_ID": "NAP-182-9155013801285438012853"
      }
    },
    {
      "type": "Feature",
      "id": 725995,
      "geometry": {
        "type": "LineString",
        "coordinates": [
          [
            -84.26307225883127,
            42.1601608461813
          ],
          [
            -84.2630921975995,
            42.16415417669471
          ],
          [
            -84.26312470401872,
            42.16552563454843
          ],
          [
            -84.2631680426034,
            42.16836406282069
          ]
        ]
      },
      "properties": {
        "OBJECTID": 725995,
        "FCC": "A31",
        "RDNAME": "Napoleon Rd",
        "FRADDL": 7952,
        "TOADDL": 7900,
        "FRADDR": 0,
        "TOADDR": 0,
        "ZIPL": 49201,
        "ZIPR": 49201,
        "FEDIRP": " ",
        "NAME": "Napoleon",
        "FETYPE": "Rd",
        "FEDIRS": " ",
        "FEDIRP2": " ",
        "NAME2": " ",
        "FETYPE2": " ",
        "FEDIRS2": " ",
        "FEDIRP3": " ",
        "NAME3": " ",
        "FETYPE3": " ",
        "FEDIRS3": " ",
        "FMCDL": 56640,
        "FMCDR": 56640,
        "COUNTYL": 75,
        "COUNTYR": 75,
        "NFC": 6,
        "RU_L": 1,
        "RU_R": 1,
        "PR": 901203,
        "BMP": 0.284,
        "EMP": 0.85,
        "BPT": "38012854",
        "EPT": "38012506",
        "LRS_LINK": " 9012033801285438012506",
        "LENGTH": 910.86716983,
        "VER": "17a",
        "Shape.STLength()": 910.8671886104925,
        "ADJ_CNTY": 0,
        "LEGALSYSTEM": 3,
        "PAVENTRA_SEGMENT_ID": "NAP-183-9012033801285438012506"
      }
    },
    {
      "type": "Feature",
      "id": 726002,
      "geometry": {
        "type": "LineString",
        "coordinates": [
          [
            -84.27212948716506,
            42.16124224870024
          ],
          [
            -84.27205373580762,
            42.16114891479225
          ],
          [
            -84.27163904993984,
            42.16060052533753
          ],
          [
            -84.27154869457367,
            42.16050951446608
          ],
          [
            -84.27143543996229,
            42.16042661382194
          ],
          [
            -84.27127817068956,
            42.160351372739896
          ],
          [
            -84.27095590408328,
            42.16025629474495
          ]
        ]
      },
      "properties": {
        "OBJECTID": 726002,
        "FCC": "A31",
        "RDNAME": "N Stony Lake Rd",
        "FRADDL": 7844,
        "TOADDL": 7918,
        "FRADDR": 7845,
        "TOADDR": 7919,
        "ZIPL": 49201,
        "ZIPR": 49201,
        "FEDIRP": "N",
        "NAME": "Stony Lake",
        "FETYPE": "Rd",
        "FEDIRS": " ",
        "FEDIRP2": " ",
        "NAME2": " ",
        "FETYPE2": " ",
        "FEDIRS2": " ",
        "FEDIRP3": "N",
        "NAME3": "Stoney Lake",
        "FETYPE3": "Rd",
        "FEDIRS3": " ",
        "FMCDL": 56640,
        "FMCDR": 56640,
        "COUNTYL": 75,
        "COUNTYR": 75,
        "NFC": 5,
        "RU_L": 1,
        "RU_R": 1,
        "PR": 915501,
        "BMP": 4.316,
        "EMP": 4.411,
        "BPT": "38020544",
        "EPT": "38012849",
        "LRS_LINK": " 9155013802054438012849",
        "LENGTH": 151.74232836,
        "VER": "17a",
        "Shape.STLength()": 151.74241162536256,
        "ADJ_CNTY": 0,
        "LEGALSYSTEM": 3,
        "PAVENTRA_SEGMENT_ID": "NAP-184-9155013802054438012849"
      }
    },
    {
      "type": "Feature",
      "id": 726008,
      "geometry": {
        "type": "LineString",
        "coordinates": [
          [
            -84.26967398611185,
            42.1602231190571
          ],
          [
            -84.26806689925623,
            42.160212366076365
          ],
          [
            -84.26794197780485,
            42.16020037536282
          ],
          [
            -84.26532889288617,
            42.16016941247822
          ],
          [
            -84.26307225883127,
            42.1601608461813
          ]
        ]
      },
      "properties": {
        "OBJECTID": 726008,
        "FCC": "A31",
        "RDNAME": "N Stony Lake Rd",
        "FRADDL": 6384,
        "TOADDL": 6100,
        "FRADDR": 1235,
        "TOADDR": 183,
        "ZIPL": 49201,
        "ZIPR": 49201,
        "FEDIRP": "N",
        "NAME": "Stony Lake",
        "FETYPE": "Rd",
        "FEDIRS": " ",
        "FEDIRP2": " ",
        "NAME2": " ",
        "FETYPE2": " ",
        "FEDIRS2": " ",
        "FEDIRP3": "N",
        "NAME3": "Stoney Lake",
        "FETYPE3": "Rd",
        "FEDIRS3": " ",
        "FMCDL": 56640,
        "FMCDR": 56640,
        "COUNTYL": 75,
        "COUNTYR": 75,
        "NFC": 5,
        "RU_L": 1,
        "RU_R": 1,
        "PR": 915501,
        "BMP": 4.477,
        "EMP": 4.816,
        "BPT": "38020419",
        "EPT": "38012854",
        "LRS_LINK": " 9155013802041938012854",
        "LENGTH": 545.48682124,
        "VER": "17a",
        "Shape.STLength()": 545.4868199641478,
        "ADJ_CNTY": 0,
        "LEGALSYSTEM": 3,
        "PAVENTRA_SEGMENT_ID": "NAP-185-9155013802041938012854"
      }
    },
    {
      "type": "Feature",
      "id": 726009,
      "geometry": {
        "type": "LineString",
        "coordinates": [
          [
            -84.26967398611185,
            42.1602231190571
          ],
          [
            -84.26967962247494,
            42.16039446772675
          ],
          [
            -84.26965213032831,
            42.16065417425621
          ],
          [
            -84.26951788366704,
            42.16104376623685
          ],
          [
            -84.26929261830769,
            42.16153474144119
          ],
          [
            -84.26919461125358,
            42.16186054898735
          ]
        ]
      },
      "properties": {
        "OBJECTID": 726009,
        "FCC": "A41",
        "RDNAME": "Alexis Dr",
        "FRADDL": 7900,
        "TOADDL": 7922,
        "FRADDR": 0,
        "TOADDR": 0,
        "ZIPL": 49201,
        "ZIPR": 49201,
        "FEDIRP": " ",
        "NAME": "Alexis",
        "FETYPE": "Dr",
        "FEDIRS": " ",
        "FEDIRP2": " ",
        "NAME2": " ",
        "FETYPE2": " ",
        "FEDIRS2": " ",
        "FEDIRP3": " ",
        "NAME3": " ",
        "FETYPE3": " ",
        "FEDIRS3": " ",
        "FMCDL": 56640,
        "FMCDR": 56640,
        "COUNTYL": 75,
        "COUNTYR": 75,
        "NFC": 0,
        "RU_L": 1,
        "RU_R": 1,
        "PR": 3381504,
        "BMP": 0,
        "EMP": 0.116,
        "BPT": "38020419",
        "EPT": "38020327",
        "LRS_LINK": "33815043802041938020327",
        "LENGTH": 187.28470953,
        "VER": "17a",
        "Shape.STLength()": 187.28462111861464,
        "ADJ_CNTY": 0,
        "LEGALSYSTEM": 0,
        "PAVENTRA_SEGMENT_ID": "NAP-186-33815043802041938020327"
      }
    },
    {
      "type": "Feature",
      "id": 712027,
      "geometry": {
        "type": "LineString",
        "coordinates": [
          [
            -84.3646822662838,
            42.21075028047431
          ],
          [
            -84.36448573356469,
            42.21101051198195
          ],
          [
            -84.36408083002681,
            42.211580195691226
          ]
        ]
      },
      "properties": {
        "OBJECTID": 712027,
        "FCC": "A12",
        "RDNAME": "S US 127",
        "FRADDL": 0,
        "TOADDL": 0,
        "FRADDR": 0,
        "TOADDR": 0,
        "ZIPL": 49203,
        "ZIPR": 49203,
        "FEDIRP": " ",
        "NAME": "S US 127",
        "FETYPE": " ",
        "FEDIRS": " ",
        "FEDIRP2": " ",
        "NAME2": " ",
        "FETYPE2": " ",
        "FEDIRS2": " ",
        "FEDIRP3": " ",
        "NAME3": " ",
        "FETYPE3": " ",
        "FEDIRS3": " ",
        "FMCDL": 56640,
        "FMCDR": 56640,
        "COUNTYL": 75,
        "COUNTYR": 75,
        "NFC": 2,
        "RU_L": 3,
        "RU_R": 3,
        "PR": 899110,
        "BMP": 1.442,
        "EMP": 1.507,
        "BPT": "38010098",
        "EPT": "38010063",
        "LRS_LINK": " 8991103801009838010063",
        "LENGTH": 104.67747,
        "VER": "17a",
        "Shape.STLength()": 104.67750979194604,
        "ADJ_CNTY": 0,
        "LEGALSYSTEM": 1,
        "PAVENTRA_SEGMENT_ID": "NAP-187-8991103801009838010063"
      }
    },
    {
      "type": "Feature",
      "id": 712105,
      "geometry": {
        "type": "LineString",
        "coordinates": [
          [
            -84.36468809842955,
            42.2104591437126
          ],
          [
            -84.36435196479728,
            42.21083217450692
          ],
          [
            -84.36423455048889,
            42.210992661017336
          ],
          [
            -84.36393277373864,
            42.21139976390699
          ],
          [
            -84.36381093177694,
            42.211578416316705
          ]
        ]
      },
      "properties": {
        "OBJECTID": 712105,
        "FCC": "A12",
        "RDNAME": "N US 127",
        "FRADDL": 0,
        "TOADDL": 0,
        "FRADDR": 0,
        "TOADDR": 0,
        "ZIPL": 49203,
        "ZIPR": 49203,
        "FEDIRP": " ",
        "NAME": "N US 127",
        "FETYPE": " ",
        "FEDIRS": " ",
        "FEDIRP2": " ",
        "NAME2": " ",
        "FETYPE2": " ",
        "FEDIRS2": " ",
        "FEDIRP3": " ",
        "NAME3": " ",
        "FETYPE3": " ",
        "FEDIRS3": " ",
        "FMCDL": 56640,
        "FMCDR": 56640,
        "COUNTYL": 75,
        "COUNTYR": 75,
        "NFC": 2,
        "RU_L": 3,
        "RU_R": 3,
        "PR": 899109,
        "BMP": 1.419,
        "EMP": 1.508,
        "BPT": "38010109",
        "EPT": "38010064",
        "LRS_LINK": " 8991093801010938010064",
        "LENGTH": 143.9889123,
        "VER": "17a",
        "Shape.STLength()": 143.98891715385503,
        "ADJ_CNTY": 0,
        "LEGALSYSTEM": 1,
        "PAVENTRA_SEGMENT_ID": "NAP-188-8991093801010938010064"
      }
    },
    {
      "type": "Feature",
      "id": 712256,
      "geometry": {
        "type": "LineString",
        "coordinates": [
          [
            -84.29207971052926,
            42.211054895073076
          ],
          [
            -84.29207768148136,
            42.21039869838253
          ],
          [
            -84.29207265772685,
            42.21022812751203
          ],
          [
            -84.29208825141983,
            42.21001797093048
          ],
          [
            -84.29211636362116,
            42.20988418381016
          ],
          [
            -84.2921442731883,
            42.20975764791887
          ],
          [
            -84.29213945061083,
            42.20957982577475
          ],
          [
            -84.29208555250419,
            42.20941213259539
          ],
          [
            -84.29200595987628,
            42.209291202420594
          ],
          [
            -84.29200409200416,
            42.20928908654631
          ],
          [
            -84.2919893978549,
            42.209272449831495
          ],
          [
            -84.2918044507628,
            42.20906304342149
          ]
        ]
      },
      "properties": {
        "OBJECTID": 712256,
        "FCC": "A32",
        "RDNAME": "S Price Lake Dr",
        "FRADDL": 6838,
        "TOADDL": 6850,
        "FRADDR": 6839,
        "TOADDR": 6849,
        "ZIPL": 49201,
        "ZIPR": 49201,
        "FEDIRP": "S",
        "NAME": "Price Lake",
        "FETYPE": "Dr",
        "FEDIRS": " ",
        "FEDIRP2": " ",
        "NAME2": " ",
        "FETYPE2": " ",
        "FEDIRS2": " ",
        "FEDIRP3": " ",
        "NAME3": " ",
        "FETYPE3": " ",
        "FEDIRS3": " ",
        "FMCDL": 56640,
        "FMCDR": 56640,
        "COUNTYL": 75,
        "COUNTYR": 75,
        "NFC": 7,
        "RU_L": 1,
        "RU_R": 1,
        "PR": 3380985,
        "BMP": 0.218,
        "EMP": 0.36,
        "BPT": "38017287",
        "EPT": "38017018",
        "LRS_LINK": "33809853801728738017018",
        "LENGTH": 228.5912793,
        "VER": "17a",
        "Shape.STLength()": 228.5913427218944,
        "ADJ_CNTY": 0,
        "LEGALSYSTEM": 3,
        "PAVENTRA_SEGMENT_ID": "NAP-189-33809853801728738017018"
      }
    },
    {
      "type": "Feature",
      "id": 721091,
      "geometry": {
        "type": "LineString",
        "coordinates": [
          [
            -84.34537639779074,
            42.18271370207726
          ],
          [
            -84.34554858030877,
            42.18267357436237
          ],
          [
            -84.34574500127574,
            42.18257751593958
          ],
          [
            -84.34590007746685,
            42.182477606199704
          ],
          [
            -84.34614304479925,
            42.18227777377004
          ],
          [
            -84.34630846359582,
            42.182150958629144
          ],
          [
            -84.34660828615438,
            42.18192038394521
          ]
        ]
      },
      "properties": {
        "OBJECTID": 721091,
        "FCC": "A41",
        "RDNAME": "Unknown",
        "FRADDL": 0,
        "TOADDL": 0,
        "FRADDR": 0,
        "TOADDR": 0,
        "ZIPL": 49201,
        "ZIPR": 49201,
        "FEDIRP": " ",
        "NAME": "Unknown",
        "FETYPE": " ",
        "FEDIRS": " ",
        "FEDIRP2": " ",
        "NAME2": " ",
        "FETYPE2": " ",
        "FEDIRS2": " ",
        "FEDIRP3": " ",
        "NAME3": " ",
        "FETYPE3": " ",
        "FEDIRS3": " ",
        "FMCDL": 56640,
        "FMCDR": 56640,
        "COUNTYL": 75,
        "COUNTYR": 75,
        "NFC": 0,
        "RU_L": 3,
        "RU_R": 3,
        "PR": 3381579,
        "BMP": 0,
        "EMP": 0.085,
        "BPT": "38021419",
        "EPT": "38021420",
        "LRS_LINK": "33815793802141938021420",
        "LENGTH": 136.40475383,
        "VER": "17a",
        "Shape.STLength()": 136.4047147001688,
        "ADJ_CNTY": 0,
        "LEGALSYSTEM": 0,
        "PAVENTRA_SEGMENT_ID": "NAP-190-33815793802141938021420"
      }
    },
    {
      "type": "Feature",
      "id": 721332,
      "geometry": {
        "type": "LineString",
        "coordinates": [
          [
            -84.34532847893318,
            42.180859570746144
          ],
          [
            -84.34538026575318,
            42.182676320776025
          ],
          [
            -84.34537639779074,
            42.18271370207726
          ]
        ]
      },
      "properties": {
        "OBJECTID": 721332,
        "FCC": "A32",
        "RDNAME": "Ackerson Lake Rd",
        "FRADDL": 5588,
        "TOADDL": 5468,
        "FRADDR": 5589,
        "TOADDR": 5491,
        "ZIPL": 49201,
        "ZIPR": 49201,
        "FEDIRP": " ",
        "NAME": "Ackerson Lake",
        "FETYPE": "Rd",
        "FEDIRS": " ",
        "FEDIRP2": " ",
        "NAME2": " ",
        "FETYPE2": " ",
        "FEDIRS2": " ",
        "FEDIRP3": " ",
        "NAME3": " ",
        "FETYPE3": " ",
        "FEDIRS3": " ",
        "FMCDL": 56640,
        "FMCDR": 56640,
        "COUNTYL": 75,
        "COUNTYR": 75,
        "NFC": 7,
        "RU_L": 3,
        "RU_R": 3,
        "PR": 901103,
        "BMP": 1.897,
        "EMP": 2.025,
        "BPT": "38012077",
        "EPT": "38021419",
        "LRS_LINK": " 9011033801207738021419",
        "LENGTH": 205.9263876,
        "VER": "17a",
        "Shape.STLength()": 205.9264108141742,
        "ADJ_CNTY": 0,
        "LEGALSYSTEM": 3,
        "PAVENTRA_SEGMENT_ID": "NAP-191-9011033801207738021419"
      }
    },
    {
      "type": "Feature",
      "id": 721333,
      "geometry": {
        "type": "LineString",
        "coordinates": [
          [
            -84.34532847893318,
            42.180859570746144
          ],
          [
            -84.34565792469621,
            42.18087370707654
          ],
          [
            -84.34579396983179,
            42.18088269607383
          ],
          [
            -84.34607390281302,
            42.18091169017648
          ],
          [
            -84.34652400871265,
            42.180953698947974
          ],
          [
            -84.3467896442375,
            42.180971717435256
          ],
          [
            -84.34708943353444,
            42.18100733712856
          ],
          [
            -84.347456034546,
            42.1810071077795
          ],
          [
            -84.34760513314977,
            42.18100080364763
          ],
          [
            -84.34779232655495,
            42.180997905886905
          ],
          [
            -84.34794478462756,
            42.181008692913394
          ],
          [
            -84.34815022517975,
            42.18103730882984
          ],
          [
            -84.34831757103866,
            42.181062517099704
          ],
          [
            -84.34851697887339,
            42.18103139780265
          ],
          [
            -84.34871333299188,
            42.18097183003055
          ]
        ]
      },
      "properties": {
        "OBJECTID": 721333,
        "FCC": "A41",
        "RDNAME": "Cedar Rd",
        "FRADDL": 1933,
        "TOADDL": 1971,
        "FRADDR": 1914,
        "TOADDR": 1974,
        "ZIPL": 49201,
        "ZIPR": 49201,
        "FEDIRP": " ",
        "NAME": "Cedar",
        "FETYPE": "Rd",
        "FEDIRS": " ",
        "FEDIRP2": " ",
        "NAME2": "Elmer Hatt",
        "FETYPE2": "Dr",
        "FEDIRS2": " ",
        "FEDIRP3": " ",
        "NAME3": " ",
        "FETYPE3": " ",
        "FEDIRS3": " ",
        "FMCDL": 56640,
        "FMCDR": 56640,
        "COUNTYL": 75,
        "COUNTYR": 75,
        "NFC": 0,
        "RU_L": 3,
        "RU_R": 3,
        "PR": 1894119,
        "BMP": 0,
        "EMP": 0.176,
        "BPT": "38012077",
        "EPT": "38012074",
        "LRS_LINK": "18941193801207738012074",
        "LENGTH": 282.85033816,
        "VER": "17a",
        "Shape.STLength()": 282.8503526579535,
        "ADJ_CNTY": 0,
        "LEGALSYSTEM": 0,
        "PAVENTRA_SEGMENT_ID": "NAP-192-18941193801207738012074"
      }
    },
    {
      "type": "Feature",
      "id": 721568,
      "geometry": {
        "type": "LineString",
        "coordinates": [
          [
            -84.29465894661799,
            42.18195251011401
          ],
          [
            -84.29415956949184,
            42.18167287065825
          ],
          [
            -84.293486330817,
            42.18134148958582
          ],
          [
            -84.29207403098165,
            42.180730653736106
          ],
          [
            -84.28749003981223,
            42.17885376588781
          ]
        ]
      },
      "properties": {
        "OBJECTID": 721568,
        "FCC": "A21",
        "RDNAME": "Brooklyn Rd",
        "FRADDL": 0,
        "TOADDL": 0,
        "FRADDR": 0,
        "TOADDR": 0,
        "ZIPL": 49201,
        "ZIPR": 49201,
        "FEDIRP": " ",
        "NAME": "Brooklyn",
        "FETYPE": "Rd",
        "FEDIRS": " ",
        "FEDIRP2": " ",
        "NAME2": "M 50",
        "FETYPE2": " ",
        "FEDIRS2": " ",
        "FEDIRP3": " ",
        "NAME3": " ",
        "FETYPE3": " ",
        "FEDIRS3": " ",
        "FMCDL": 56640,
        "FMCDR": 56640,
        "COUNTYL": 75,
        "COUNTYR": 75,
        "NFC": 4,
        "RU_L": 1,
        "RU_R": 1,
        "PR": 899310,
        "BMP": 5.864,
        "EMP": 6.29,
        "BPT": "38012007",
        "EPT": "38012112",
        "LRS_LINK": " 8993103801200738012112",
        "LENGTH": 685.34255172,
        "VER": "17a",
        "Shape.STLength()": 685.3425047707595,
        "ADJ_CNTY": 0,
        "LEGALSYSTEM": 1,
        "PAVENTRA_SEGMENT_ID": "NAP-193-8993103801200738012112"
      }
    },
    {
      "type": "Feature",
      "id": 721708,
      "geometry": {
        "type": "LineString",
        "coordinates": [
          [
            -84.30673423128553,
            42.178410669804634
          ],
          [
            -84.30680046764697,
            42.18215948155945
          ]
        ]
      },
      "properties": {
        "OBJECTID": 721708,
        "FCC": "A32",
        "RDNAME": "Benton Rd",
        "FRADDL": 5810,
        "TOADDL": 5560,
        "FRADDR": 5811,
        "TOADDR": 5551,
        "ZIPL": 49201,
        "ZIPR": 49201,
        "FEDIRP": " ",
        "NAME": "Benton",
        "FETYPE": "Rd",
        "FEDIRS": " ",
        "FEDIRP2": " ",
        "NAME2": " ",
        "FETYPE2": " ",
        "FEDIRS2": " ",
        "FEDIRP3": " ",
        "NAME3": " ",
        "FETYPE3": " ",
        "FEDIRS3": " ",
        "FMCDL": 56640,
        "FMCDR": 56640,
        "COUNTYL": 75,
        "COUNTYR": 75,
        "NFC": 7,
        "RU_L": 1,
        "RU_R": 1,
        "PR": 901108,
        "BMP": 2.224,
        "EMP": 2.483,
        "BPT": "38012141",
        "EPT": "38012005",
        "LRS_LINK": " 9011083801214138012005",
        "LENGTH": 416.27549234,
        "VER": "17a",
        "Shape.STLength()": 416.2755301782823,
        "ADJ_CNTY": 0,
        "LEGALSYSTEM": 3,
        "PAVENTRA_SEGMENT_ID": "NAP-194-9011083801214138012005"
      }
    },
    {
      "type": "Feature",
      "id": 721716,
      "geometry": {
        "type": "LineString",
        "coordinates": [
          [
            -84.27779030754529,
            42.17791335680789
          ],
          [
            -84.27780652826246,
            42.17813653168967
          ],
          [
            -84.27778267035083,
            42.178326034714765
          ]
        ]
      },
      "properties": {
        "OBJECTID": 721716,
        "FCC": "A32",
        "RDNAME": "Squires Rd",
        "FRADDL": 5820,
        "TOADDL": 5800,
        "FRADDR": 5821,
        "TOADDR": 5801,
        "ZIPL": 49201,
        "ZIPR": 49201,
        "FEDIRP": " ",
        "NAME": "Squires",
        "FETYPE": "Rd",
        "FEDIRS": " ",
        "FEDIRP2": " ",
        "NAME2": " ",
        "FETYPE2": " ",
        "FEDIRS2": " ",
        "FEDIRP3": " ",
        "NAME3": " ",
        "FETYPE3": " ",
        "FEDIRS3": " ",
        "FMCDL": 56640,
        "FMCDR": 56640,
        "COUNTYL": 75,
        "COUNTYR": 75,
        "NFC": 7,
        "RU_L": 1,
        "RU_R": 1,
        "PR": 901201,
        "BMP": 0.222,
        "EMP": 0.25,
        "BPT": "38012127",
        "EPT": "38012106",
        "LRS_LINK": " 9012013801212738012106",
        "LENGTH": 45.94883963,
        "VER": "17a",
        "Shape.STLength()": 45.94883090115186,
        "ADJ_CNTY": 0,
        "LEGALSYSTEM": 3,
        "PAVENTRA_SEGMENT_ID": "NAP-195-9012013801212738012106"
      }
    },
    {
      "type": "Feature",
      "id": 721802,
      "geometry": {
        "type": "LineString",
        "coordinates": [
          [
            -84.36430252340169,
            42.17873543610059
          ],
          [
            -84.36184470926621,
            42.17874913826775
          ]
        ]
      },
      "properties": {
        "OBJECTID": 721802,
        "FCC": "A32",
        "RDNAME": "Hart Rd",
        "FRADDL": 3100,
        "TOADDL": 3240,
        "FRADDR": 3101,
        "TOADDR": 3485,
        "ZIPL": 49201,
        "ZIPR": 49201,
        "FEDIRP": " ",
        "NAME": "Hart",
        "FETYPE": "Rd",
        "FEDIRS": " ",
        "FEDIRP2": " ",
        "NAME2": " ",
        "FETYPE2": " ",
        "FEDIRS2": " ",
        "FEDIRP3": " ",
        "NAME3": " ",
        "FETYPE3": " ",
        "FEDIRS3": " ",
        "FMCDL": 56640,
        "FMCDR": 56640,
        "COUNTYL": 75,
        "COUNTYR": 75,
        "NFC": 7,
        "RU_L": 3,
        "RU_R": 3,
        "PR": 899106,
        "BMP": 0.027,
        "EMP": 0.153,
        "BPT": "38012165",
        "EPT": "38020329",
        "LRS_LINK": " 8991063801216538020329",
        "LENGTH": 202.98564792,
        "VER": "17a",
        "Shape.STLength()": 202.98563362092895,
        "ADJ_CNTY": 0,
        "LEGALSYSTEM": 3,
        "PAVENTRA_SEGMENT_ID": "NAP-196-8991063801216538020329"
      }
    },
    {
      "type": "Feature",
      "id": 721803,
      "geometry": {
        "type": "LineString",
        "coordinates": [
          [
            -84.36445176885371,
            42.182306200802635
          ],
          [
            -84.36440428885591,
            42.18225220709685
          ],
          [
            -84.36436416097554,
            42.182187417248464
          ],
          [
            -84.36433972257169,
            42.18212285743962
          ],
          [
            -84.36432072015714,
            42.18205059731976
          ],
          [
            -84.36433320130539,
            42.18147780154422
          ],
          [
            -84.36430252340169,
            42.17873543610059
          ]
        ]
      },
      "properties": {
        "OBJECTID": 721803,
        "FCC": "A32",
        "RDNAME": "Meridian Rd",
        "FRADDL": 4701,
        "TOADDL": 5136,
        "FRADDR": 4730,
        "TOADDR": 5137,
        "ZIPL": 49201,
        "ZIPR": 49201,
        "FEDIRP": " ",
        "NAME": "Meridian",
        "FETYPE": "Rd",
        "FEDIRS": " ",
        "FEDIRP2": " ",
        "NAME2": " ",
        "FETYPE2": " ",
        "FEDIRS2": " ",
        "FEDIRP3": "S",
        "NAME3": "Meridian",
        "FETYPE3": "Rd",
        "FEDIRS3": " ",
        "FMCDL": 56640,
        "FMCDR": 77200,
        "COUNTYL": 75,
        "COUNTYR": 75,
        "NFC": 7,
        "RU_L": 3,
        "RU_R": 3,
        "PR": 3380130,
        "BMP": 0.739,
        "EMP": 0.986,
        "BPT": "38012034",
        "EPT": "38012165",
        "LRS_LINK": "33801303801203438012165",
        "LENGTH": 398.81541428,
        "VER": "17a",
        "Shape.STLength()": 398.81541999570226,
        "ADJ_CNTY": 0,
        "LEGALSYSTEM": 3,
        "PAVENTRA_SEGMENT_ID": "NAP-197-33801303801203438012165"
      }
    },
    {
      "type": "Feature",
      "id": 721818,
      "geometry": {
        "type": "LineString",
        "coordinates": [
          [
            -84.36184470926621,
            42.17874913826775
          ],
          [
            -84.35947642602174,
            42.17876229086105
          ],
          [
            -84.35713684765707,
            42.178774928926956
          ],
          [
            -84.3569282031876,
            42.178772891767636
          ],
          [
            -84.35676320733363,
            42.17876667221326
          ],
          [
            -84.35659338422406,
            42.1787509314756
          ],
          [
            -84.35639861684012,
            42.1787178114461
          ],
          [
            -84.35585336304554,
            42.17855083803662
          ]
        ]
      },
      "properties": {
        "OBJECTID": 721818,
        "FCC": "A32",
        "RDNAME": "Hart Rd",
        "FRADDL": 3246,
        "TOADDL": 3540,
        "FRADDR": 3245,
        "TOADDR": 3541,
        "ZIPL": 49201,
        "ZIPR": 49201,
        "FEDIRP": " ",
        "NAME": "Hart",
        "FETYPE": "Rd",
        "FEDIRS": " ",
        "FEDIRP2": " ",
        "NAME2": " ",
        "FETYPE2": " ",
        "FEDIRS2": " ",
        "FEDIRP3": " ",
        "NAME3": " ",
        "FETYPE3": " ",
        "FEDIRS3": " ",
        "FMCDL": 56640,
        "FMCDR": 56640,
        "COUNTYL": 75,
        "COUNTYR": 75,
        "NFC": 7,
        "RU_L": 3,
        "RU_R": 3,
        "PR": 899106,
        "BMP": 0.153,
        "EMP": 0.463,
        "BPT": "38020329",
        "EPT": "38012171",
        "LRS_LINK": " 8991063802032938012171",
        "LENGTH": 499.01866011,
        "VER": "17a",
        "Shape.STLength()": 499.0186805332959,
        "ADJ_CNTY": 0,
        "LEGALSYSTEM": 3,
        "PAVENTRA_SEGMENT_ID": "NAP-198-8991063802032938012171"
      }
    },
    {
      "type": "Feature",
      "id": 721826,
      "geometry": {
        "type": "LineString",
        "coordinates": [
          [
            -84.35585336304554,
            42.17855083803662
          ],
          [
            -84.35561966418115,
            42.17848888926771
          ]
        ]
      },
      "properties": {
        "OBJECTID": 721826,
        "FCC": "A32",
        "RDNAME": "Hart Rd",
        "FRADDL": 0,
        "TOADDL": 0,
        "FRADDR": 0,
        "TOADDR": 0,
        "ZIPL": 49201,
        "ZIPR": 49201,
        "FEDIRP": " ",
        "NAME": "Hart",
        "FETYPE": "Rd",
        "FEDIRS": " ",
        "FEDIRP2": " ",
        "NAME2": " ",
        "FETYPE2": " ",
        "FEDIRS2": " ",
        "FEDIRP3": " ",
        "NAME3": " ",
        "FETYPE3": " ",
        "FEDIRS3": " ",
        "FMCDL": 56640,
        "FMCDR": 56640,
        "COUNTYL": 75,
        "COUNTYR": 75,
        "NFC": 7,
        "RU_L": 3,
        "RU_R": 3,
        "PR": 899106,
        "BMP": 0.463,
        "EMP": 0.476,
        "BPT": "38012171",
        "EPT": "38021781",
        "LRS_LINK": " 8991063801217138021781",
        "LENGTH": 20.48924499,
        "VER": "17a",
        "Shape.STLength()": 20.489255961356918,
        "ADJ_CNTY": 0,
        "LEGALSYSTEM": 3,
        "PAVENTRA_SEGMENT_ID": "NAP-199-8991063801217138021781"
      }
    },
    {
      "type": "Feature",
      "id": 721876,
      "geometry": {
        "type": "LineString",
        "coordinates": [
          [
            -84.27393375626491,
            42.177050248288616
          ],
          [
            -84.27483079029676,
            42.17773067268036
          ],
          [
            -84.27495179615168,
            42.17782450833804
          ],
          [
            -84.2750411490694,
            42.1778799875711
          ],
          [
            -84.27514557268081,
            42.17791676839325
          ],
          [
            -84.2752511921042,
            42.177925782327264
          ],
          [
            -84.27570349927376,
            42.17792151132975
          ],
          [
            -84.27650507781946,
            42.177909767465465
          ],
          [
            -84.27779030754529,
            42.17791335680789
          ]
        ]
      },
      "properties": {
        "OBJECTID": 721876,
        "FCC": "A32",
        "RDNAME": "Flamingo Dr",
        "FRADDL": 5976,
        "TOADDL": 5900,
        "FRADDR": 6239,
        "TOADDR": 5901,
        "ZIPL": 49201,
        "ZIPR": 49201,
        "FEDIRP": " ",
        "NAME": "Flamingo",
        "FETYPE": "Dr",
        "FEDIRS": " ",
        "FEDIRP2": " ",
        "NAME2": " ",
        "FETYPE2": " ",
        "FEDIRS2": " ",
        "FEDIRP3": " ",
        "NAME3": " ",
        "FETYPE3": " ",
        "FEDIRS3": " ",
        "FMCDL": 56640,
        "FMCDR": 56640,
        "COUNTYL": 75,
        "COUNTYR": 75,
        "NFC": 7,
        "RU_L": 1,
        "RU_R": 1,
        "PR": 901202,
        "BMP": 0.29,
        "EMP": 0.513,
        "BPT": "38012166",
        "EPT": "38012127",
        "LRS_LINK": " 9012023801216638012127",
        "LENGTH": 357.89606995,
        "VER": "17a",
        "Shape.STLength()": 357.8960594415181,
        "ADJ_CNTY": 0,
        "LEGALSYSTEM": 3,
        "PAVENTRA_SEGMENT_ID": "NAP-200-9012023801216638012127"
      }
    },
    {
      "type": "Feature",
      "id": 713771,
      "geometry": {
        "type": "LineString",
        "coordinates": [
          [
            -84.3325149114238,
            42.20559692632884
          ],
          [
            -84.33208122594505,
            42.2059019153421
          ],
          [
            -84.33180220201835,
            42.20617934241899
          ],
          [
            -84.33166531176477,
            42.206360606394085
          ],
          [
            -84.33155005779179,
            42.20659698245807
          ],
          [
            -84.33153364617213,
            42.20664006287352
          ]
        ]
      },
      "properties": {
        "OBJECTID": 713771,
        "FCC": "A31",
        "RDNAME": "Hoyer Rd",
        "FRADDL": 4598,
        "TOADDL": 3644,
        "FRADDR": 4599,
        "TOADDR": 4301,
        "ZIPL": 49201,
        "ZIPR": 49201,
        "FEDIRP": " ",
        "NAME": "Hoyer",
        "FETYPE": "Rd",
        "FEDIRS": " ",
        "FEDIRP2": " ",
        "NAME2": " ",
        "FETYPE2": " ",
        "FEDIRS2": " ",
        "FEDIRP3": " ",
        "NAME3": " ",
        "FETYPE3": " ",
        "FEDIRS3": " ",
        "FMCDL": 56640,
        "FMCDR": 56640,
        "COUNTYL": 75,
        "COUNTYR": 75,
        "NFC": 5,
        "RU_L": 3,
        "RU_R": 3,
        "PR": 3380103,
        "BMP": 0.614,
        "EMP": 0.703,
        "BPT": "38025414",
        "EPT": "38025415",
        "LRS_LINK": "33801033802541438025415",
        "LENGTH": 143.71224336,
        "VER": "17a",
        "Shape.STLength()": 143.71226368797966,
        "ADJ_CNTY": 0,
        "LEGALSYSTEM": 2,
        "PAVENTRA_SEGMENT_ID": "NAP-201-33801033802541438025415"
      }
    },
    {
      "type": "Feature",
      "id": 714961,
      "geometry": {
        "type": "LineString",
        "coordinates": [
          [
            -84.30224141642707,
            42.201546858982276
          ],
          [
            -84.30224745194856,
            42.20176632971296
          ],
          [
            -84.30217103979994,
            42.20203033769903
          ]
        ]
      },
      "properties": {
        "OBJECTID": 714961,
        "FCC": "A41",
        "RDNAME": "Bonnymede Ct",
        "FRADDL": 4324,
        "TOADDL": 4300,
        "FRADDR": 4327,
        "TOADDR": 4301,
        "ZIPL": 49201,
        "ZIPR": 49201,
        "FEDIRP": " ",
        "NAME": "Bonnymede",
        "FETYPE": "Ct",
        "FEDIRS": " ",
        "FEDIRP2": " ",
        "NAME2": " ",
        "FETYPE2": " ",
        "FEDIRS2": " ",
        "FEDIRP3": " ",
        "NAME3": "Bonnymede",
        "FETYPE3": "St",
        "FEDIRS3": " ",
        "FMCDL": 56640,
        "FMCDR": 56640,
        "COUNTYL": 75,
        "COUNTYR": 75,
        "NFC": 0,
        "RU_L": 1,
        "RU_R": 1,
        "PR": 915707,
        "BMP": 0.466,
        "EMP": 0.499,
        "BPT": "38018223",
        "EPT": "38010638",
        "LRS_LINK": " 9157073801822338010638",
        "LENGTH": 54.35812985,
        "VER": "17a",
        "Shape.STLength()": 54.35817287715529,
        "ADJ_CNTY": 0,
        "LEGALSYSTEM": 0,
        "PAVENTRA_SEGMENT_ID": "NAP-202-9157073801822338010638"
      }
    },
    {
      "type": "Feature",
      "id": 723479,
      "geometry": {
        "type": "LineString",
        "coordinates": [
          [
            -84.28276621589075,
            42.17165412823064
          ],
          [
            -84.28275277598316,
            42.17080162792539
          ]
        ]
      },
      "properties": {
        "OBJECTID": 723479,
        "FCC": "A32",
        "RDNAME": "Foxmoore Ct",
        "FRADDL": 7100,
        "TOADDL": 7498,
        "FRADDR": 7101,
        "TOADDR": 7499,
        "ZIPL": 49201,
        "ZIPR": 49201,
        "FEDIRP": " ",
        "NAME": "Foxmoore",
        "FETYPE": "Ct",
        "FEDIRS": " ",
        "FEDIRP2": " ",
        "NAME2": " ",
        "FETYPE2": " ",
        "FEDIRS2": " ",
        "FEDIRP3": " ",
        "NAME3": "Foxmore",
        "FETYPE3": "Ct",
        "FEDIRS3": " ",
        "FMCDL": 56640,
        "FMCDR": 56640,
        "COUNTYL": 75,
        "COUNTYR": 75,
        "NFC": 7,
        "RU_L": 1,
        "RU_R": 1,
        "PR": 1920919,
        "BMP": 0,
        "EMP": 0.059,
        "BPT": "38016861",
        "EPT": "38016868",
        "LRS_LINK": "19209193801686138016868",
        "LENGTH": 94.66148721,
        "VER": "17a",
        "Shape.STLength()": 94.6615055982103,
        "ADJ_CNTY": 0,
        "LEGALSYSTEM": 3,
        "PAVENTRA_SEGMENT_ID": "NAP-203-19209193801686138016868"
      }
    },
    {
      "type": "Feature",
      "id": 723494,
      "geometry": {
        "type": "LineString",
        "coordinates": [
          [
            -84.28443820517576,
            42.1708743500127
          ],
          [
            -84.28445087668217,
            42.170846412394035
          ],
          [
            -84.28446822656413,
            42.170823588877326
          ],
          [
            -84.28449970064673,
            42.170808088020806
          ],
          [
            -84.28454052247447,
            42.170799836162956
          ],
          [
            -84.28563311115407,
            42.170792713155315
          ],
          [
            -84.28615333223482,
            42.1708007285117
          ],
          [
            -84.28628411535756,
            42.17080794009733
          ],
          [
            -84.2863604922752,
            42.170824706405334
          ],
          [
            -84.2864452737229,
            42.17085329492226
          ],
          [
            -84.2864845570986,
            42.17088507960566
          ],
          [
            -84.28650434861213,
            42.1709269587653
          ],
          [
            -84.28651362993565,
            42.1709699741416
          ],
          [
            -84.28650523836494,
            42.171020512220586
          ],
          [
            -84.28648836994637,
            42.17106182583115
          ],
          [
            -84.2864560439404,
            42.17109380744851
          ],
          [
            -84.28641862482654,
            42.171120513705304
          ],
          [
            -84.28635705440877,
            42.17113645503375
          ],
          [
            -84.28626609626605,
            42.17114154983089
          ],
          [
            -84.28614575043774,
            42.17113579802689
          ],
          [
            -84.28563240005523,
            42.17113178645946
          ],
          [
            -84.28444401262706,
            42.17113593337515
          ]
        ]
      },
      "properties": {
        "OBJECTID": 723494,
        "FCC": "A32",
        "RDNAME": "Country View Blvd",
        "FRADDL": 7038,
        "TOADDL": 7098,
        "FRADDR": 7099,
        "TOADDR": 7075,
        "ZIPL": 49201,
        "ZIPR": 49201,
        "FEDIRP": " ",
        "NAME": "Country View",
        "FETYPE": "Blvd",
        "FEDIRS": " ",
        "FEDIRP2": " ",
        "NAME2": " ",
        "FETYPE2": " ",
        "FEDIRS2": " ",
        "FEDIRP3": " ",
        "NAME3": " ",
        "FETYPE3": " ",
        "FEDIRS3": " ",
        "FMCDL": 56640,
        "FMCDR": 56640,
        "COUNTYL": 75,
        "COUNTYR": 75,
        "NFC": 7,
        "RU_L": 1,
        "RU_R": 1,
        "PR": 3380027,
        "BMP": 0,
        "EMP": 0.229,
        "BPT": "38016865",
        "EPT": "38012409",
        "LRS_LINK": "33800273801686538012409",
        "LENGTH": 368.29070765,
        "VER": "17a",
        "Shape.STLength()": 368.29064162811244,
        "ADJ_CNTY": 0,
        "LEGALSYSTEM": 3,
        "PAVENTRA_SEGMENT_ID": "NAP-204-33800273801686538012409"
      }
    },
    {
      "type": "Feature",
      "id": 723563,
      "geometry": {
        "type": "LineString",
        "coordinates": [
          [
            -84.24130661689027,
            42.1698800944422
          ],
          [
            -84.24130355642683,
            42.16996206694042
          ],
          [
            -84.24128647260731,
            42.17039806264898
          ]
        ]
      },
      "properties": {
        "OBJECTID": 723563,
        "FCC": "A32",
        "RDNAME": "Thru Roamin Dr",
        "FRADDL": 6698,
        "TOADDL": 6492,
        "FRADDR": 6699,
        "TOADDR": 6493,
        "ZIPL": 49201,
        "ZIPR": 49201,
        "FEDIRP": " ",
        "NAME": "Thru Roamin",
        "FETYPE": "Dr",
        "FEDIRS": " ",
        "FEDIRP2": " ",
        "NAME2": " ",
        "FETYPE2": " ",
        "FEDIRS2": " ",
        "FEDIRP3": " ",
        "NAME3": " ",
        "FETYPE3": " ",
        "FEDIRS3": " ",
        "FMCDL": 56640,
        "FMCDR": 56640,
        "COUNTYL": 75,
        "COUNTYR": 75,
        "NFC": 7,
        "RU_L": 1,
        "RU_R": 1,
        "PR": 916106,
        "BMP": 0,
        "EMP": 0.036,
        "BPT": "38012445",
        "EPT": "38012422",
        "LRS_LINK": " 9161063801244538012422",
        "LENGTH": 57.53514199,
        "VER": "17a",
        "Shape.STLength()": 57.535208876097286,
        "ADJ_CNTY": 0,
        "LEGALSYSTEM": 3,
        "PAVENTRA_SEGMENT_ID": "NAP-205-9161063801244538012422"
      }
    },
    {
      "type": "Feature",
      "id": 723578,
      "geometry": {
        "type": "LineString",
        "coordinates": [
          [
            -84.34773698582853,
            42.171421122114346
          ],
          [
            -84.34783384891895,
            42.171490121829756
          ],
          [
            -84.34784211185375,
            42.17149600811323
          ],
          [
            -84.34789361179006,
            42.171543162310414
          ],
          [
            -84.34800692126652,
            42.17170006953685
          ],
          [
            -84.3481052148975,
            42.17185568055941
          ],
          [
            -84.3484985986066,
            42.17283989635538
          ],
          [
            -84.34885110718413,
            42.173767822678116
          ],
          [
            -84.34887729382625,
            42.17386642344087
          ]
        ]
      },
      "properties": {
        "OBJECTID": 723578,
        "FCC": "A32",
        "RDNAME": "Ackerson Lake Rd",
        "FRADDL": 6250,
        "TOADDL": 6170,
        "FRADDR": 6251,
        "TOADDR": 6171,
        "ZIPL": 49201,
        "ZIPR": 49201,
        "FEDIRP": " ",
        "NAME": "Ackerson Lake",
        "FETYPE": "Rd",
        "FEDIRS": " ",
        "FEDIRP2": " ",
        "NAME2": " ",
        "FETYPE2": " ",
        "FEDIRS2": " ",
        "FEDIRP3": " ",
        "NAME3": " ",
        "FETYPE3": " ",
        "FEDIRS3": " ",
        "FMCDL": 56640,
        "FMCDR": 56640,
        "COUNTYL": 75,
        "COUNTYR": 75,
        "NFC": 7,
        "RU_L": 1,
        "RU_R": 1,
        "PR": 901103,
        "BMP": 1.193,
        "EMP": 1.373,
        "BPT": "38025445",
        "EPT": "38021746",
        "LRS_LINK": " 9011033802544538021746",
        "LENGTH": 289.86578283,
        "VER": "17a",
        "Shape.STLength()": 289.86583785384624,
        "ADJ_CNTY": 0,
        "LEGALSYSTEM": 3,
        "PAVENTRA_SEGMENT_ID": "NAP-206-9011033802544538021746"
      }
    },
    {
      "type": "Feature",
      "id": 723828,
      "geometry": {
        "type": "LineString",
        "coordinates": [
          [
            -84.28098784741789,
            42.169544388450205
          ],
          [
            -84.27916022028556,
            42.16953613158575
          ],
          [
            -84.27912434441852,
            42.1695356181394
          ]
        ]
      },
      "properties": {
        "OBJECTID": 723828,
        "FCC": "A32",
        "RDNAME": "Shotsilk Dr",
        "FRADDL": 0,
        "TOADDL": 0,
        "FRADDR": 0,
        "TOADDR": 0,
        "ZIPL": 49201,
        "ZIPR": 49201,
        "FEDIRP": " ",
        "NAME": "Shotsilk",
        "FETYPE": "Dr",
        "FEDIRS": " ",
        "FEDIRP2": " ",
        "NAME2": " ",
        "FETYPE2": " ",
        "FEDIRS2": " ",
        "FEDIRP3": " ",
        "NAME3": " ",
        "FETYPE3": " ",
        "FEDIRS3": " ",
        "FMCDL": 56640,
        "FMCDR": 56640,
        "COUNTYL": 75,
        "COUNTYR": 75,
        "NFC": 7,
        "RU_L": 1,
        "RU_R": 1,
        "PR": 1920906,
        "BMP": 0.258,
        "EMP": 0.354,
        "BPT": "38016863",
        "EPT": "38016860",
        "LRS_LINK": "19209063801686338016860",
        "LENGTH": 153.92399994,
        "VER": "17a",
        "Shape.STLength()": 153.92392355687377,
        "ADJ_CNTY": 0,
        "LEGALSYSTEM": 3,
        "PAVENTRA_SEGMENT_ID": "NAP-207-19209063801686338016860"
      }
    },
    {
      "type": "Feature",
      "id": 723829,
      "geometry": {
        "type": "LineString",
        "coordinates": [
          [
            -84.28098784741789,
            42.169544388450205
          ],
          [
            -84.28105087752571,
            42.17165379724617
          ]
        ]
      },
      "properties": {
        "OBJECTID": 723829,
        "FCC": "A32",
        "RDNAME": "Silkworth Blvd",
        "FRADDL": 5138,
        "TOADDL": 5124,
        "FRADDR": 5139,
        "TOADDR": 5129,
        "ZIPL": 49201,
        "ZIPR": 49201,
        "FEDIRP": " ",
        "NAME": "Silkworth",
        "FETYPE": "Blvd",
        "FEDIRS": " ",
        "FEDIRP2": " ",
        "NAME2": " ",
        "FETYPE2": " ",
        "FEDIRS2": " ",
        "FEDIRP3": " ",
        "NAME3": " ",
        "FETYPE3": " ",
        "FEDIRS3": " ",
        "FMCDL": 56640,
        "FMCDR": 56640,
        "COUNTYL": 75,
        "COUNTYR": 75,
        "NFC": 7,
        "RU_L": 1,
        "RU_R": 1,
        "PR": 1920904,
        "BMP": 0.078,
        "EMP": 0.224,
        "BPT": "38016863",
        "EPT": "38016859",
        "LRS_LINK": "19209043801686338016859",
        "LENGTH": 234.27015128,
        "VER": "17a",
        "Shape.STLength()": 234.27015419933457,
        "ADJ_CNTY": 0,
        "LEGALSYSTEM": 3,
        "PAVENTRA_SEGMENT_ID": "NAP-208-19209043801686338016859"
      }
    },
    {
      "type": "Feature",
      "id": 723851,
      "geometry": {
        "type": "LineString",
        "coordinates": [
          [
            -84.2860159304645,
            42.16956186827131
          ],
          [
            -84.28098784741789,
            42.169544388450205
          ]
        ]
      },
      "properties": {
        "OBJECTID": 723851,
        "FCC": "A32",
        "RDNAME": "Shotsilk Dr",
        "FRADDL": 0,
        "TOADDL": 0,
        "FRADDR": 0,
        "TOADDR": 0,
        "ZIPL": 49201,
        "ZIPR": 49201,
        "FEDIRP": " ",
        "NAME": "Shotsilk",
        "FETYPE": "Dr",
        "FEDIRS": " ",
        "FEDIRP2": " ",
        "NAME2": " ",
        "FETYPE2": " ",
        "FEDIRS2": " ",
        "FEDIRP3": " ",
        "NAME3": " ",
        "FETYPE3": " ",
        "FEDIRS3": " ",
        "FMCDL": 56640,
        "FMCDR": 56640,
        "COUNTYL": 75,
        "COUNTYR": 75,
        "NFC": 7,
        "RU_L": 1,
        "RU_R": 1,
        "PR": 1920906,
        "BMP": 0,
        "EMP": 0.258,
        "BPT": "38016867",
        "EPT": "38016863",
        "LRS_LINK": "19209063801686738016863",
        "LENGTH": 415.31128211,
        "VER": "17a",
        "Shape.STLength()": 415.3112852463559,
        "ADJ_CNTY": 0,
        "LEGALSYSTEM": 3,
        "PAVENTRA_SEGMENT_ID": "NAP-209-19209063801686738016863"
      }
    },
    {
      "type": "Feature",
      "id": 724053,
      "geometry": {
        "type": "LineString",
        "coordinates": [
          [
            -84.2631680426034,
            42.16836406282069
          ],
          [
            -84.26329427193252,
            42.175376344944176
          ]
        ]
      },
      "properties": {
        "OBJECTID": 724053,
        "FCC": "A31",
        "RDNAME": "Napoleon Rd",
        "FRADDL": 7898,
        "TOADDL": 7838,
        "FRADDR": 7899,
        "TOADDR": 7859,
        "ZIPL": 49201,
        "ZIPR": 49201,
        "FEDIRP": " ",
        "NAME": "Napoleon",
        "FETYPE": "Rd",
        "FEDIRS": " ",
        "FEDIRP2": " ",
        "NAME2": " ",
        "FETYPE2": " ",
        "FEDIRS2": " ",
        "FEDIRP3": " ",
        "NAME3": " ",
        "FETYPE3": " ",
        "FEDIRS3": " ",
        "FMCDL": 56640,
        "FMCDR": 56640,
        "COUNTYL": 75,
        "COUNTYR": 75,
        "NFC": 5,
        "RU_L": 1,
        "RU_R": 1,
        "PR": 901203,
        "BMP": 0.85,
        "EMP": 1.334,
        "BPT": "38012506",
        "EPT": "38012239",
        "LRS_LINK": " 9012033801250638012239",
        "LENGTH": 778.65902766,
        "VER": "17a",
        "Shape.STLength()": 778.6590260698838,
        "ADJ_CNTY": 0,
        "LEGALSYSTEM": 2,
        "PAVENTRA_SEGMENT_ID": "NAP-210-9012033801250638012239"
      }
    },
    {
      "type": "Feature",
      "id": 724054,
      "geometry": {
        "type": "LineString",
        "coordinates": [
          [
            -84.27192339971415,
            42.1721589637486
          ],
          [
            -84.26815003829934,
            42.17052197859316
          ],
          [
            -84.2631680426034,
            42.16836406282069
          ]
        ]
      },
      "properties": {
        "OBJECTID": 724054,
        "FCC": "A21",
        "RDNAME": "Brooklyn Rd",
        "FRADDL": 6290,
        "TOADDL": 6540,
        "FRADDR": 6289,
        "TOADDR": 6569,
        "ZIPL": 49201,
        "ZIPR": 49201,
        "FEDIRP": " ",
        "NAME": "Brooklyn",
        "FETYPE": "Rd",
        "FEDIRS": " ",
        "FEDIRP2": " ",
        "NAME2": "M 50",
        "FETYPE2": " ",
        "FEDIRS2": " ",
        "FEDIRP3": " ",
        "NAME3": " ",
        "FETYPE3": " ",
        "FEDIRS3": " ",
        "FMCDL": 56640,
        "FMCDR": 56640,
        "COUNTYL": 75,
        "COUNTYR": 75,
        "NFC": 4,
        "RU_L": 1,
        "RU_R": 1,
        "PR": 899310,
        "BMP": 7.213,
        "EMP": 7.733,
        "BPT": "38012369",
        "EPT": "38012506",
        "LRS_LINK": " 8993103801236938012506",
        "LENGTH": 836.96130337,
        "VER": "17a",
        "Shape.STLength()": 836.9612989936363,
        "ADJ_CNTY": 0,
        "LEGALSYSTEM": 1,
        "PAVENTRA_SEGMENT_ID": "NAP-211-8993103801236938012506"
      }
    },
    {
      "type": "Feature",
      "id": 724062,
      "geometry": {
        "type": "LineString",
        "coordinates": [
          [
            -84.24849089434319,
            42.16810359175126
          ],
          [
            -84.248529414428,
            42.16816679010998
          ],
          [
            -84.24855173751989,
            42.1682288661025
          ],
          [
            -84.24856855656095,
            42.168390411087394
          ],
          [
            -84.24858815658972,
            42.168830755292475
          ]
        ]
      },
      "properties": {
        "OBJECTID": 724062,
        "FCC": "A41",
        "RDNAME": "West St",
        "FRADDL": 282,
        "TOADDL": 298,
        "FRADDR": 265,
        "TOADDR": 299,
        "ZIPL": 49201,
        "ZIPR": 49201,
        "FEDIRP": " ",
        "NAME": "West",
        "FETYPE": "St",
        "FEDIRS": " ",
        "FEDIRP2": " ",
        "NAME2": " ",
        "FETYPE2": " ",
        "FEDIRS2": " ",
        "FEDIRP3": " ",
        "NAME3": " ",
        "FETYPE3": " ",
        "FEDIRS3": " ",
        "FMCDL": 56640,
        "FMCDR": 56640,
        "COUNTYL": 75,
        "COUNTYR": 75,
        "NFC": 0,
        "RU_L": 1,
        "RU_R": 1,
        "PR": 3381526,
        "BMP": 0,
        "EMP": 0.051,
        "BPT": "38012508",
        "EPT": "38020529",
        "LRS_LINK": "33815263801250838020529",
        "LENGTH": 81.7491075,
        "VER": "17a",
        "Shape.STLength()": 81.74906946615727,
        "ADJ_CNTY": 0,
        "LEGALSYSTEM": 0,
        "PAVENTRA_SEGMENT_ID": "NAP-212-33815263801250838020529"
      }
    },
    {
      "type": "Feature",
      "id": 724063,
      "geometry": {
        "type": "LineString",
        "coordinates": [
          [
            -84.24700789312035,
            42.168079232658506
          ],
          [
            -84.24686003046756,
            42.16882609194706
          ]
        ]
      },
      "properties": {
        "OBJECTID": 724063,
        "FCC": "A32",
        "RDNAME": "Depot Ct",
        "FRADDL": 0,
        "TOADDL": 0,
        "FRADDR": 0,
        "TOADDR": 0,
        "ZIPL": 49201,
        "ZIPR": 49201,
        "FEDIRP": " ",
        "NAME": "Depot",
        "FETYPE": "Ct",
        "FEDIRS": " ",
        "FEDIRP2": " ",
        "NAME2": " ",
        "FETYPE2": " ",
        "FEDIRS2": " ",
        "FEDIRP3": " ",
        "NAME3": " ",
        "FETYPE3": " ",
        "FEDIRS3": " ",
        "FMCDL": 56640,
        "FMCDR": 56640,
        "COUNTYL": 75,
        "COUNTYR": 75,
        "NFC": 7,
        "RU_L": 1,
        "RU_R": 1,
        "PR": 916104,
        "BMP": 0,
        "EMP": 0.052,
        "BPT": "38012509",
        "EPT": "38016837",
        "LRS_LINK": " 9161043801250938016837",
        "LENGTH": 83.81999998,
        "VER": "17a",
        "Shape.STLength()": 83.81995349760103,
        "ADJ_CNTY": 0,
        "LEGALSYSTEM": 3,
        "PAVENTRA_SEGMENT_ID": "NAP-213-9161043801250938016837"
      }
    },
    {
      "type": "Feature",
      "id": 724064,
      "geometry": {
        "type": "LineString",
        "coordinates": [
          [
            -84.24849089434319,
            42.16810359175126
          ],
          [
            -84.24842146988435,
            42.168133672994976
          ],
          [
            -84.2483070766962,
            42.16813754014686
          ],
          [
            -84.24759187033659,
            42.168103611892086
          ],
          [
            -84.24700789312035,
            42.168079232658506
          ]
        ]
      },
      "properties": {
        "OBJECTID": 724064,
        "FCC": "A32",
        "RDNAME": "North St",
        "FRADDL": 100,
        "TOADDL": 124,
        "FRADDR": 121,
        "TOADDR": 117,
        "ZIPL": 49201,
        "ZIPR": 49201,
        "FEDIRP": " ",
        "NAME": "North",
        "FETYPE": "St",
        "FEDIRS": " ",
        "FEDIRP2": " ",
        "NAME2": " ",
        "FETYPE2": " ",
        "FEDIRS2": " ",
        "FEDIRP3": " ",
        "NAME3": " ",
        "FETYPE3": " ",
        "FEDIRS3": " ",
        "FMCDL": 56640,
        "FMCDR": 56640,
        "COUNTYL": 75,
        "COUNTYR": 75,
        "NFC": 7,
        "RU_L": 1,
        "RU_R": 1,
        "PR": 901207,
        "BMP": 0.427,
        "EMP": 0.503,
        "BPT": "38012508",
        "EPT": "38012509",
        "LRS_LINK": " 9012073801250838012509",
        "LENGTH": 123.60223123,
        "VER": "17a",
        "Shape.STLength()": 123.60226759226984,
        "ADJ_CNTY": 0,
        "LEGALSYSTEM": 3,
        "PAVENTRA_SEGMENT_ID": "NAP-214-9012073801250838012509"
      }
    },
    {
      "type": "Feature",
      "id": 720415,
      "geometry": {
        "type": "LineString",
        "coordinates": [
          [
            -84.22534000170153,
            42.18496961669445
          ],
          [
            -84.22532789633917,
            42.18496986884665
          ],
          [
            -84.22531579216147,
            42.18497012191736
          ],
          [
            -84.22530368674705,
            42.18497037586789
          ],
          [
            -84.22529158130655,
            42.18497063071758
          ],
          [
            -84.22527947707667,
            42.18497088558532
          ],
          [
            -84.22526737158415,
            42.184971142233294
          ],
          [
            -84.22525526609148,
            42.184971398880016
          ],
          [
            -84.22524316178351,
            42.18497165644518
          ],
          [
            -84.22523105623884,
            42.18497191489021
          ],
          [
            -84.22521895187876,
            42.18497217425368
          ],
          [
            -84.22520684630796,
            42.18497243359662
          ],
          [
            -84.22519474192178,
            42.184972693857915
          ],
          [
            -84.22518263632476,
            42.184972954098754
          ],
          [
            -84.22517053191247,
            42.18497321525796
          ],
          [
            -84.22515842747411,
            42.184973477316326
          ],
          [
            -84.22514632182497,
            42.18497373935416
          ],
          [
            -84.22513421738641,
            42.18497400140998
          ],
          [
            -84.22512211171114,
            42.18497426434569
          ],
          [
            -84.2251100072724,
            42.18497452639895
          ],
          [
            -84.22509790278168,
            42.184974790251836
          ],
          [
            -84.22508579710605,
            42.18497505318369
          ],
          [
            -84.22507369261513,
            42.184975317033974
          ],
          [
            -84.22506158815008,
            42.18497557998258
          ],
          [
            -84.22504948365896,
            42.18497584383033
          ],
          [
            -84.225037377957,
            42.1849761076575
          ],
          [
            -84.22502527349161,
            42.18497637060228
          ],
          [
            -84.22501316900019,
            42.18497663444617
          ],
          [
            -84.22500106329797,
            42.18497689826953
          ],
          [
            -84.22498895883228,
            42.184977161210476
          ],
          [
            -84.22497685434055,
            42.184977425050576
          ],
          [
            -84.22496474866398,
            42.184977687969656
          ],
          [
            -84.22495264422392,
            42.184977950006314
          ],
          [
            -84.22494053975787,
            42.18497821294213
          ],
          [
            -84.22492843410687,
            42.18497847495697
          ],
          [
            -84.22491632966658,
            42.18497873698979
          ],
          [
            -84.22490422404134,
            42.18497899810163
          ],
          [
            -84.22489211962674,
            42.18497925923149
          ],
          [
            -84.22488001523799,
            42.18497951945965
          ],
          [
            -84.22486790966438,
            42.1849797787668
          ],
          [
            -84.22485580530137,
            42.18498003809198
          ],
          [
            -84.22484369972754,
            42.184980297396535
          ],
          [
            -84.22483159541626,
            42.1849805549183
          ],
          [
            -84.2248194898941,
            42.184980812419454
          ],
          [
            -84.22480738439785,
            42.18498106901893
          ],
          [
            -84.22479528011218,
            42.18498132563643
          ],
          [
            -84.22478317466756,
            42.18498158043248
          ],
          [
            -84.22477106924885,
            42.18498183432678
          ],
          [
            -84.22475896504072,
            42.18498208823919
          ],
          [
            -84.22474685967364,
            42.18498234033009
          ],
          [
            -84.22473475433247,
            42.18498259151931
          ],
          [
            -84.2247226489912,
            42.18498284270724
          ],
          [
            -84.22471054370169,
            42.184983092093056
          ],
          [
            -84.22469843846399,
            42.18498333967672
          ],
          [
            -84.2246863332262,
            42.18498358725913
          ],
          [
            -84.22467422804021,
            42.18498383303935
          ],
          [
            -84.22466212288003,
            42.18498407791791
          ],
          [
            -84.22465001774577,
            42.18498432189473
          ],
          [
            -84.22463791266324,
            42.18498456406943
          ],
          [
            -84.2246258063959,
            42.18498480532312
          ],
          [
            -84.22461370139108,
            42.184985044793976
          ],
          [
            -84.22460159641206,
            42.1849852833631
          ],
          [
            -84.22458949027418,
            42.18498552011079
          ],
          [
            -84.22457738539882,
            42.18498575507569
          ],
          [
            -84.2245652793386,
            42.184985989119525
          ],
          [
            -84.2245531745409,
            42.18498622138057
          ],
          [
            -84.2245410685843,
            42.184986451820144
          ],
          [
            -84.22452896265354,
            42.184986681358026
          ],
          [
            -84.22451685680055,
            42.1849869081933
          ],
          [
            -84.22450475097341,
            42.18498713412691
          ],
          [
            -84.22449264519808,
            42.18498735825837
          ],
          [
            -84.22448053950052,
            42.18498757968726
          ],
          [
            -84.22446843382882,
            42.18498780021442
          ],
          [
            -84.22445632820892,
            42.18498801893944
          ],
          [
            -84.22444422145605,
            42.18498823494262
          ],
          [
            -84.22443211454743,
            42.1849884563471
          ],
          [
            -84.22442000075486,
            42.184988706467564
          ],
          [
            -84.22440788147061,
            42.18498897902035
          ],
          [
            -84.22439575819084,
            42.184989264119984
          ],
          [
            -84.2243836323857,
            42.18498955278146
          ],
          [
            -84.22437150313006,
            42.184989835080756
          ],
          [
            -84.2243593743154,
            42.18499010207142
          ],
          [
            -84.2243472462013,
            42.184990344749174
          ],
          [
            -84.22433511909917,
            42.184990552308896
          ],
          [
            -84.22432299447925,
            42.18499071576549
          ],
          [
            -84.2243108749965,
            42.18499082705374
          ],
          [
            -84.2242987609624,
            42.18499087536848
          ],
          [
            -84.22428665263648,
            42.18499085170537
          ],
          [
            -84.22427455272565,
            42.184990746198295
          ],
          [
            -84.22426246146351,
            42.18499055074339
          ],
          [
            -84.22425038037228,
            42.18499025455482
          ],
          [
            -84.22423831092219,
            42.18498984864748
          ],
          [
            -84.22422625458357,
            42.18498932403649
          ],
          [
            -84.22421417960948,
            42.18498873156386
          ],
          [
            -84.22420207164413,
            42.184988107034364
          ],
          [
            -84.22418993834106,
            42.18498743705749
          ],
          [
            -84.22417779098598,
            42.184986708300414
          ],
          [
            -84.22416563960189,
            42.184985909211946
          ],
          [
            -84.22415349310505,
            42.184985024619905
          ],
          [
            -84.22414136154451,
            42.18498404207266
          ],
          [
            -84.22412925618005,
            42.18498294913789
          ],
          [
            -84.22411718587593,
            42.18498173244428
          ],
          [
            -84.22410516191796,
            42.18498037865909
          ],
          [
            -84.22409319193373,
            42.184978875292124
          ],
          [
            -84.22408128723498,
            42.1849772081103
          ],
          [
            -84.2240694590816,
            42.184975364681165
          ],
          [
            -84.22405771391642,
            42.18497333159499
          ],
          [
            -84.22404606542072,
            42.18497109645796
          ],
          [
            -84.22403452122224,
            42.18496864678
          ],
          [
            -84.2240229970723,
            42.18496604788026
          ],
          [
            -84.22401144437778,
            42.184963346728914
          ],
          [
            -84.22399987777113,
            42.184960539955775
          ],
          [
            -84.22398831314726,
            42.18495762240914
          ],
          [
            -84.22397676640111,
            42.18495458893748
          ],
          [
            -84.22396525458657,
            42.184951436209296
          ],
          [
            -84.22395379117717,
            42.18494815903431
          ],
          [
            -84.22394239325264,
            42.1849447531807
          ],
          [
            -84.22393107547127,
            42.184941214377965
          ],
          [
            -84.22391985491282,
            42.1849375383942
          ],
          [
            -84.22390874628756,
            42.18493371915815
          ],
          [
            -84.22389776541252,
            42.184929754219425
          ],
          [
            -84.22388692818275,
            42.18492563842649
          ],
          [
            -84.22387625049315,
            42.1849213666277
          ],
          [
            -84.22386574821283,
            42.18491693457199
          ],
          [
            -84.22385543718472,
            42.184912338908575
          ],
          [
            -84.22384533211917,
            42.18490757356623
          ],
          [
            -84.2238354488851,
            42.184902634293756
          ],
          [
            -84.22382575261493,
            42.18489747008794
          ],
          [
            -84.22381621495275,
            42.18489205617393
          ],
          [
            -84.22380683787867,
            42.184886407897636
          ],
          [
            -84.22379762334693,
            42.184880541505514
          ],
          [
            -84.22378857702176,
            42.184874470600604
          ],
          [
            -84.22377970204212,
            42.18486821234896
          ],
          [
            -84.22377099917749,
            42.184861782077306
          ],
          [
            -84.22376247406596,
            42.18485519428905
          ],
          [
            -84.22375412987253,
            42.18484846524995
          ],
          [
            -84.2237459685513,
            42.18484161120639
          ],
          [
            -84.22373799455572,
            42.18483464574207
          ],
          [
            -84.22373021102459,
            42.184827586023175
          ],
          [
            -84.22372262117479,
            42.1848204465145
          ],
          [
            -84.22371522696027,
            42.18481324346245
          ],
          [
            -84.22370803399335,
            42.18480599227094
          ],
          [
            -84.22370104304332,
            42.18479870826662
          ],
          [
            -84.22369425833924,
            42.18479137079751
          ],
          [
            -84.22368767776408,
            42.18478388524127
          ],
          [
            -84.2236813012139,
            42.184776255199644
          ],
          [
            -84.22367513085044,
            42.184768489715594
          ],
          [
            -84.22366916996845,
            42.18476060055261
          ],
          [
            -84.22366341828216,
            42.184752597615535
          ],
          [
            -84.22365787787555,
            42.18474449264858
          ],
          [
            -84.22365255088438,
            42.18473629559507
          ],
          [
            -84.2236474394445,
            42.18472801639848
          ],
          [
            -84.22364254440303,
            42.18471966768411
          ],
          [
            -84.22363786794767,
            42.18471125759452
          ],
          [
            -84.2236334109257,
            42.184702798755026
          ],
          [
            -84.22362917547277,
            42.184694301109005
          ],
          [
            -84.22362516369871,
            42.18468577550029
          ],
          [
            -84.22362137652865,
            42.18467723185294
          ],
          [
            -84.2236178160463,
            42.184668681911184
          ],
          [
            -84.22361439091335,
            42.18466010079652
          ],
          [
            -84.22361105190632,
            42.18465147331043
          ],
          [
            -84.22360780379003,
            42.18464280223142
          ],
          [
            -84.22360465375088,
            42.18463409037672
          ],
          [
            -84.22360160652778,
            42.18462534142519
          ],
          [
            -84.22359867051766,
            42.18461655821331
          ],
          [
            -84.2235958493007,
            42.184607742599944
          ],
          [
            -84.2235931512479,
            42.1845988983219
          ],
          [
            -84.22359058230892,
            42.18459002907748
          ],
          [
            -84.22358814730042,
            42.18458113584433
          ],
          [
            -84.2235858521462,
            42.184572223221174
          ],
          [
            -84.22358370524313,
            42.18456329404443
          ],
          [
            -84.22358171014537,
            42.18455435107338
          ],
          [
            -84.22357987527582,
            42.18454539624397
          ],
          [
            -84.22357820534747,
            42.1845364341357
          ],
          [
            -84.22357670636173,
            42.18452746664587
          ],
          [
            -84.22357538671561,
            42.18451849661097
          ],
          [
            -84.22357424870059,
            42.18450952857176
          ],
          [
            -84.22357330197624,
            42.18450056358317
          ],
          [
            -84.22357255128145,
            42.18449160532417
          ],
          [
            -84.22357200019621,
            42.18448265565347
          ],
          [
            -84.22357158839334,
            42.18447370640232
          ],
          [
            -84.22357127849686,
            42.184464751569585
          ],
          [
            -84.22357106932205,
            42.18445579023547
          ],
          [
            -84.22357095355267,
            42.184446824085036
          ],
          [
            -84.22357092876739,
            42.18443785307969
          ],
          [
            -84.22357099012326,
            42.184428877142125
          ],
          [
            -84.22357113275159,
            42.18441989709562
          ],
          [
            -84.22357135302025,
            42.18441091288219
          ],
          [
            -84.22357164608637,
            42.1844019244247
          ],
          [
            -84.22357200708123,
            42.18439293254616
          ],
          [
            -84.22357243239864,
            42.18438393628842
          ],
          [
            -84.22357291711788,
            42.18437493827543
          ],
          [
            -84.22357345765883,
            42.18436593664844
          ],
          [
            -84.22357404915266,
            42.18435693223065
          ],
          [
            -84.22357468673064,
            42.18434792584523
          ],
          [
            -84.22357536676068,
            42.18433891743425
          ],
          [
            -84.22357608439994,
            42.18432990692052
          ],
          [
            -84.2235768359904,
            42.184320895146556
          ],
          [
            -84.2235776154785,
            42.18431188201573
          ],
          [
            -84.22357842041693,
            42.18430286838997
          ],
          [
            -84.22357924477816,
            42.18429385327223
          ],
          [
            -84.22358008611486,
            42.184284837524345
          ],
          [
            -84.22358093834755,
            42.184275821950195
          ],
          [
            -84.22358179784418,
            42.184266806491884
          ],
          [
            -84.22358265976195,
            42.18425779107216
          ],
          [
            -84.22358352044282,
            42.184248776533565
          ],
          [
            -84.2235843738333,
            42.184239762779505
          ],
          [
            -84.2235852186968,
            42.184230750691164
          ],
          [
            -84.22358604779504,
            42.184221739252216
          ],
          [
            -84.2235868574701,
            42.18421272930518
          ],
          [
            -84.22358764285316,
            42.184203721673256
          ],
          [
            -84.22358840152289,
            42.184194716317855
          ],
          [
            -84.22358912742583,
            42.184185713142426
          ],
          [
            -84.22358981692987,
            42.18417671208901
          ],
          [
            -84.2235904651404,
            42.1841677148813
          ],
          [
            -84.2235911024546,
            42.18415871749979
          ],
          [
            -84.2235918491202,
            42.18414970834949
          ],
          [
            -84.22359270508531,
            42.184140689231235
          ],
          [
            -84.2235936570323,
            42.18413165993265
          ],
          [
            -84.22359469522362,
            42.184122622100205
          ],
          [
            -84.22359580750047,
            42.18411357734159
          ],
          [
            -84.2235969817299,
            42.18410452636421
          ],
          [
            -84.22359820575309,
            42.18409547077576
          ],
          [
            -84.22359946983255,
            42.18408641222279
          ],
          [
            -84.22360076062468,
            42.18407735139322
          ],
          [
            -84.22360206720735,
            42.184068289013744
          ],
          [
            -84.2236033785805,
            42.184059228512346
          ],
          [
            -84.22360468145253,
            42.1840501687762
          ],
          [
            -84.22360596484924,
            42.18404111233282
          ],
          [
            -84.2236072178486,
            42.1840320599089
          ],
          [
            -84.22360842826576,
            42.184023014012645
          ],
          [
            -84.22360958399389,
            42.18401397445094
          ],
          [
            -84.22361067408491,
            42.184004942850905
          ],
          [
            -84.22361168759068,
            42.18399592083971
          ],
          [
            -84.22361261116774,
            42.183986909105265
          ],
          [
            -84.223613433868,
            42.183977909274844
          ],
          [
            -84.22361414471742,
            42.183968923875796
          ],
          [
            -84.22361473042444,
            42.183959951795416
          ],
          [
            -84.22361518122578,
            42.1839509955805
          ],
          [
            -84.22361548496264,
            42.18394205683889
          ],
          [
            -84.22361562950225,
            42.18393313627792
          ],
          [
            -84.22361560271185,
            42.18392423460488
          ],
          [
            -84.22361539480227,
            42.18391535526714
          ],
          [
            -84.2236149924818,
            42.18390649715181
          ],
          [
            -84.22361438480257,
            42.183897661885986
          ],
          [
            -84.22361355957987,
            42.183888851977954
          ],
          [
            -84.22361248649467,
            42.18388006874578
          ],
          [
            -84.22361089043581,
            42.183871317711585
          ],
          [
            -84.22360871553012,
            42.18386260429001
          ],
          [
            -84.22360600657322,
            42.18385392919555
          ],
          [
            -84.22360280712414,
            42.18384529402359
          ],
          [
            -84.22359916068976,
            42.18383670217053
          ],
          [
            -84.22359511085504,
            42.1838281543313
          ],
          [
            -84.22359070360021,
            42.18381965214005
          ],
          [
            -84.22358598122143,
            42.18381119897378
          ],
          [
            -84.2235809885142,
            42.183802795546825
          ],
          [
            -84.22357576901133,
            42.18379444435508
          ],
          [
            -84.22357036627166,
            42.18378614699407
          ],
          [
            -84.2235648250386,
            42.18377790597895
          ],
          [
            -84.22355918889677,
            42.18376972200487
          ],
          [
            -84.22355350137904,
            42.183761597567766
          ],
          [
            -84.22354780722868,
            42.183753535182795
          ],
          [
            -84.2235421500044,
            42.18374553644555
          ],
          [
            -84.22353656471216,
            42.18373760551766
          ],
          [
            -84.22353062289719,
            42.18372985718014
          ],
          [
            -84.22352412713082,
            42.18372233332648
          ],
          [
            -84.22351716067413,
            42.18371500285403
          ],
          [
            -84.22350980799912,
            42.18370783467953
          ],
          [
            -84.22350215120814,
            42.183700795880206
          ],
          [
            -84.22349427595758,
            42.183693856292535
          ],
          [
            -84.22348626308734,
            42.18368698477531
          ],
          [
            -84.22347819714692,
            42.18368014754404
          ],
          [
            -84.2234701625562,
            42.18367331531638
          ],
          [
            -84.22346224139147,
            42.18366645607009
          ],
          [
            -84.22345443615187,
            42.183659567142534
          ],
          [
            -84.22344655963,
            42.18365271401222
          ],
          [
            -84.22343860821975,
            42.18364589572065
          ],
          [
            -84.22343058802642,
            42.18363911056357
          ],
          [
            -84.22342251007603,
            42.18363235421264
          ],
          [
            -84.22341437934108,
            42.18362562224282
          ],
          [
            -84.22340620561087,
            42.18361891120701
          ],
          [
            -84.22339799622743,
            42.183612218519606
          ],
          [
            -84.22338975858466,
            42.18360553979437
          ],
          [
            -84.22338150005045,
            42.183598871545456
          ],
          [
            -84.22337323044012,
            42.18359220942517
          ],
          [
            -84.22336495709563,
            42.18358555084804
          ],
          [
            -84.22335668741091,
            42.18357889142786
          ],
          [
            -84.22334842993857,
            42.18357222859841
          ],
          [
            -84.2233401908878,
            42.183565557053704
          ],
          [
            -84.22333198002191,
            42.18355887424697
          ],
          [
            -84.22332380473487,
            42.18355217579187
          ],
          [
            -84.22331567239453,
            42.183545458202595
          ],
          [
            -84.22330759276426,
            42.183538718932326
          ],
          [
            -84.22329957081662,
            42.18353195355616
          ],
          [
            -84.22329161636684,
            42.183525157726436
          ],
          [
            -84.22328373799344,
            42.183518327976614
          ],
          [
            -84.2232759418278,
            42.183511461702004
          ],
          [
            -84.22326823644846,
            42.18350455543608
          ],
          [
            -84.22326062927539,
            42.183497603892114
          ],
          [
            -84.2232531300977,
            42.18349060362289
          ],
          [
            -84.22324574502075,
            42.18348355292415
          ],
          [
            -84.2232384827011,
            42.18347644562804
          ],
          [
            -84.22323135045465,
            42.183469280049636
          ],
          [
            -84.22322435691196,
            42.18346205092154
          ],
          [
            -84.22321750941495,
            42.183454755658374
          ],
          [
            -84.22321088722235,
            42.18344729192725
          ],
          [
            -84.22320455518489,
            42.18343959500096
          ],
          [
            -84.22319852839215,
            42.183431687641416
          ],
          [
            -84.22319281956436,
            42.18342359077098
          ],
          [
            -84.22318744134382,
            42.18341532801332
          ],
          [
            -84.22318240524001,
            42.18340692027148
          ],
          [
            -84.22317772629046,
            42.18339839210826
          ],
          [
            -84.22317341603066,
            42.183389763526186
          ],
          [
            -84.2231694883134,
            42.18338105816838
          ],
          [
            -84.22316595462223,
            42.183372297838176
          ],
          [
            -84.22316282883588,
            42.18336350527824
          ],
          [
            -84.22316012367439,
            42.18335470141093
          ],
          [
            -84.22315785296468,
            42.18334591077963
          ],
          [
            -84.223156028216,
            42.18333715428735
          ],
          [
            -84.22315461764885,
            42.18332839989769
          ],
          [
            -84.22315354124804,
            42.183319566159064
          ],
          [
            -84.22315278301504,
            42.18331066182474
          ],
          [
            -84.22315233055728,
            42.18330169660628
          ],
          [
            -84.22315217021966,
            42.18329268199693
          ],
          [
            -84.22315228966167,
            42.18328362590742
          ],
          [
            -84.22315267520213,
            42.18327454073135
          ],
          [
            -84.22315331444864,
            42.18326543618029
          ],
          [
            -84.22315419258733,
            42.1832563219273
          ],
          [
            -84.2231552984364,
            42.18324720770322
          ],
          [
            -84.2231566171301,
            42.18323810498195
          ],
          [
            -84.22315813627596,
            42.18322902347509
          ],
          [
            -84.22315984348154,
            42.183219972894214
          ],
          [
            -84.22316172509183,
            42.18321096473254
          ],
          [
            -84.22316376752967,
            42.18320200778191
          ],
          [
            -84.22316595837664,
            42.18319311265432
          ],
          [
            -84.22316828402967,
            42.1831842890421
          ],
          [
            -84.22317073717275,
            42.183175538630216
          ],
          [
            -84.22317334407062,
            42.1831667906709
          ],
          [
            -84.22317611227282,
            42.18315803537526
          ],
          [
            -84.22317904522957,
            42.18314927910426
          ],
          [
            -84.2231821402858,
            42.18314052992313
          ],
          [
            -84.22318539973293,
            42.18313179237261
          ],
          [
            -84.22318882452187,
            42.1831230754763
          ],
          [
            -84.22319241328616,
            42.183114384617525
          ],
          [
            -84.22319616947593,
            42.18310572615713
          ],
          [
            -84.22320009164682,
            42.18309710817971
          ],
          [
            -84.22320418082764,
            42.18308853700757
          ],
          [
            -84.2232084368106,
            42.18308001984415
          ],
          [
            -84.2232128618612,
            42.183071562130635
          ],
          [
            -84.22321745574574,
            42.18306317197084
          ],
          [
            -84.22322221828234,
            42.18305485566782
          ],
          [
            -84.22322715171063,
            42.18304661956316
          ],
          [
            -84.22323225461204,
            42.18303847084096
          ],
          [
            -84.2232375304369,
            42.18303041586219
          ],
          [
            -84.22324297653012,
            42.183022462692016
          ],
          [
            -84.22324860101249,
            42.18301458173215
          ],
          [
            -84.2232544182236,
            42.183006695738534
          ],
          [
            -84.22326043024727,
            42.18299881645548
          ],
          [
            -84.22326663893347,
            42.182990963730994
          ],
          [
            -84.22327304497352,
            42.182983155592936
          ],
          [
            -84.22327965032136,
            42.18297540828768
          ],
          [
            -84.2232864556164,
            42.18296774164402
          ],
          [
            -84.2232934627866,
            42.182960172808684
          ],
          [
            -84.22330067373396,
            42.18295271982884
          ],
          [
            -84.2233080891239,
            42.18294540163282
          ],
          [
            -84.22331570967377,
            42.182938235348146
          ],
          [
            -84.2233235384703,
            42.18293123994169
          ],
          [
            -84.22333157502013,
            42.1829244325216
          ],
          [
            -84.22333982241013,
            42.18291783205484
          ],
          [
            -84.22334828012096,
            42.18291145654996
          ],
          [
            -84.22335695129141,
            42.18290532317299
          ],
          [
            -84.2233658365869,
            42.182899450852275
          ],
          [
            -84.22337495388197,
            42.18289384978221
          ],
          [
            -84.22338437049031,
            42.182888495812605
          ],
          [
            -84.22339407363987,
            42.18288336982202
          ],
          [
            -84.22340403834794,
            42.18287845609749
          ],
          [
            -84.22341424442278,
            42.18287374080431
          ],
          [
            -84.2234246669336,
            42.18286920642866
          ],
          [
            -84.22343528081993,
            42.18286483995902
          ],
          [
            -84.22344606599376,
            42.18286062395882
          ],
          [
            -84.22345699742058,
            42.182856544516135
          ],
          [
            -84.22346805253908,
            42.18285258595671
          ],
          [
            -84.22347920634067,
            42.18284873346809
          ],
          [
            -84.2234904375007,
            42.182844970494976
          ],
          [
            -84.22350172219532,
            42.18284128314474
          ],
          [
            -84.22351303667845,
            42.18283765482337
          ],
          [
            -84.22352435836297,
            42.182834070757174
          ],
          [
            -84.22353566224007,
            42.18283051613375
          ],
          [
            -84.22354692695929,
            42.182826975298234
          ],
          [
            -84.22355812874846,
            42.18282343255721
          ],
          [
            -84.22356924380983,
            42.18281987311756
          ],
          [
            -84.22358036561474,
            42.18281633180129
          ],
          [
            -84.22359157385003,
            42.18281285942572
          ],
          [
            -84.2236028644424,
            42.182809471240226
          ],
          [
            -84.22361423197813,
            42.18280618697697
          ],
          [
            -84.22362567233215,
            42.18280302368629
          ],
          [
            -84.22363717895777,
            42.18279999837975
          ],
          [
            -84.22364874886269,
            42.18279713082822
          ],
          [
            -84.2236603767112,
            42.182794438062544
          ],
          [
            -84.2236720559567,
            42.18279193709453
          ],
          [
            -84.22368378363292,
            42.18278964679451
          ],
          [
            -84.22369555316749,
            42.18278758507451
          ],
          [
            -84.22370736043526,
            42.182785768984836
          ],
          [
            -84.22371920128529,
            42.1827842164762
          ],
          [
            -84.22373108239397,
            42.182782906034696
          ],
          [
            -84.22374301242715,
            42.18278178915293
          ],
          [
            -84.22375498943087,
            42.182780849584546
          ],
          [
            -84.22376700660845,
            42.182780071005915
          ],
          [
            -84.2237790595586,
            42.18277943803246
          ],
          [
            -84.22379114395787,
            42.18277893257842
          ],
          [
            -84.22380325661558,
            42.182778539278374
          ],
          [
            -84.22381539070913,
            42.18277824270932
          ],
          [
            -84.223827541915,
            42.1827780247853
          ],
          [
            -84.22383970701654,
            42.18277787104158
          ],
          [
            -84.2238518804536,
            42.18277776427341
          ],
          [
            -84.22386405785078,
            42.18277768819585
          ],
          [
            -84.22387623359603,
            42.18277762740496
          ],
          [
            -84.22388840578712,
            42.18277756385361
          ],
          [
            -84.2239005663647,
            42.18277748299973
          ],
          [
            -84.22391271340054,
            42.18277736769655
          ],
          [
            -84.22392484130854,
            42.18277720163974
          ],
          [
            -84.22393694898177,
            42.18277698120838
          ],
          [
            -84.2239490532306,
            42.18277675351434
          ],
          [
            -84.22396115863805,
            42.18277652763918
          ],
          [
            -84.22397326404543,
            42.182776301762765
          ],
          [
            -84.22398536940081,
            42.182776077685965
          ],
          [
            -84.2239974747561,
            42.18277585360784
          ],
          [
            -84.22400958005939,
            42.18277563132932
          ],
          [
            -84.22402168536263,
            42.182775409049526
          ],
          [
            -84.2240337918245,
            42.18277518858861
          ],
          [
            -84.2240458970497,
            42.18277496900756
          ],
          [
            -84.22405800227482,
            42.18277474942519
          ],
          [
            -84.22407010868457,
            42.18277453076134
          ],
          [
            -84.22408221383165,
            42.18277431387773
          ],
          [
            -84.22409432018928,
            42.182774097012164
          ],
          [
            -84.22410642531027,
            42.18277388102643
          ],
          [
            -84.22411853161587,
            42.182773665959154
          ],
          [
            -84.22413063668478,
            42.18277345177176
          ],
          [
            -84.22414274293827,
            42.18277323850282
          ],
          [
            -84.22415484919175,
            42.18277302523253
          ],
          [
            -84.22416695418256,
            42.18277281374259
          ],
          [
            -84.22417906038396,
            42.18277260227066
          ],
          [
            -84.22419116655928,
            42.18277239169788
          ],
          [
            -84.2242032727346,
            42.18277218112386
          ],
          [
            -84.22421537885785,
            42.182771972349364
          ],
          [
            -84.22422748498109,
            42.18277176357363
          ],
          [
            -84.22423959107823,
            42.18277155569701
          ],
          [
            -84.22425169714941,
            42.182771348719605
          ],
          [
            -84.22426380322047,
            42.18277114174088
          ],
          [
            -84.22427590926553,
            42.18277093566132
          ],
          [
            -84.22428801528453,
            42.18277073048089
          ],
          [
            -84.2243001213035,
            42.1827705252992
          ],
          [
            -84.22431222848111,
            42.18277032193644
          ],
          [
            -84.22432433447398,
            42.18277011765261
          ],
          [
            -84.22433644041482,
            42.182769915168365
          ],
          [
            -84.22434854638156,
            42.18276971178242
          ],
          [
            -84.22436065350698,
            42.18276951021536
          ],
          [
            -84.22437275942164,
            42.182769308627705
          ],
          [
            -84.22438486652096,
            42.18276910795858
          ],
          [
            -84.22439697240956,
            42.18276890726884
          ],
          [
            -84.22440907950873,
            42.18276870659708
          ],
          [
            -84.22442118534528,
            42.18276850770565
          ],
          [
            -84.22443329241833,
            42.182768307931774
          ],
          [
            -84.22444539825467,
            42.18276810903782
          ],
          [
            -84.22445750527571,
            42.182767911062236
          ],
          [
            -84.22446961108602,
            42.18276771306611
          ],
          [
            -84.22448171808094,
            42.18276751598846
          ],
          [
            -84.22449382507578,
            42.18276731890951
          ],
          [
            -84.22450593085992,
            42.18276712180996
          ],
          [
            -84.22451803782867,
            42.18276692562892
          ],
          [
            -84.22453014479734,
            42.182766729446556
          ],
          [
            -84.22454225174,
            42.18276653416334
          ],
          [
            -84.22455435747189,
            42.18276633885958
          ],
          [
            -84.2245664644144,
            42.18276614357381
          ],
          [
            -84.22457857135687,
            42.18276594828679
          ],
          [
            -84.22459067827329,
            42.18276575389893
          ],
          [
            -84.22460278518963,
            42.182765559509754
          ],
          [
            -84.22461489207997,
            42.18276536601975
          ],
          [
            -84.22462699775953,
            42.18276517250918
          ],
          [
            -84.22463910464968,
            42.18276497901663
          ],
          [
            -84.22465121153985,
            42.18276478552281
          ],
          [
            -84.22466331842988,
            42.18276459202769
          ],
          [
            -84.22467542529388,
            42.18276439943172
          ],
          [
            -84.22468753215782,
            42.182764206834484
          ],
          [
            -84.22469963902168,
            42.182764014235964
          ],
          [
            -84.22471174588547,
            42.18276382163618
          ],
          [
            -84.2247238527492,
            42.18276362903512
          ],
          [
            -84.22473595958688,
            42.18276343733319
          ],
          [
            -84.22474806645046,
            42.182763244729614
          ],
          [
            -84.22476017328802,
            42.182763053025134
          ],
          [
            -84.2247722801255,
            42.182762861319375
          ],
          [
            -84.22478438696297,
            42.182762669612366
          ],
          [
            -84.2247964938003,
            42.18276247790405
          ],
          [
            -84.22480860063757,
            42.182762286194475
          ],
          [
            -84.22482070747475,
            42.18276209448362
          ],
          [
            -84.22483281431187,
            42.18276190277149
          ],
          [
            -84.22484492114893,
            42.182761711058056
          ],
          [
            -84.22485702798589,
            42.18276151934337
          ],
          [
            -84.22486913482278,
            42.182761327627404
          ],
          [
            -84.22529271131981,
            42.18275450606927
          ]
        ]
      },
      "properties": {
        "OBJECTID": 720415,
        "FCC": "A32",
        "RDNAME": "White Tail Ln",
        "FRADDL": 10060,
        "TOADDL": 0,
        "FRADDR": 0,
        "TOADDR": 0,
        "ZIPL": 49201,
        "ZIPR": 49201,
        "FEDIRP": " ",
        "NAME": "White Tail",
        "FETYPE": "Ln",
        "FEDIRS": " ",
        "FEDIRP2": " ",
        "NAME2": " ",
        "FETYPE2": " ",
        "FEDIRS2": " ",
        "FEDIRP3": " ",
        "NAME3": " ",
        "FETYPE3": " ",
        "FEDIRS3": " ",
        "FMCDL": 56640,
        "FMCDR": 56640,
        "COUNTYL": 75,
        "COUNTYR": 75,
        "NFC": 7,
        "RU_L": 1,
        "RU_R": 1,
        "PR": 3381047,
        "BMP": 0.335,
        "EMP": 0.667,
        "BPT": "38018245",
        "EPT": "38018242",
        "LRS_LINK": "33810473801824538018242",
        "LENGTH": 534.01873175,
        "VER": "17a",
        "Shape.STLength()": 534.0187627026176,
        "ADJ_CNTY": 0,
        "LEGALSYSTEM": 3,
        "PAVENTRA_SEGMENT_ID": "NAP-215-33810473801824538018242"
      }
    },
    {
      "type": "Feature",
      "id": 720416,
      "geometry": {
        "type": "LineString",
        "coordinates": [
          [
            -84.22529271131981,
            42.18275450606927
          ],
          [
            -84.22534000170153,
            42.18496961669445
          ]
        ]
      },
      "properties": {
        "OBJECTID": 720416,
        "FCC": "A32",
        "RDNAME": "Sunset Dr",
        "FRADDL": 0,
        "TOADDL": 0,
        "FRADDR": 0,
        "TOADDR": 0,
        "ZIPL": 49201,
        "ZIPR": 49201,
        "FEDIRP": " ",
        "NAME": "Sunset",
        "FETYPE": "Dr",
        "FEDIRS": " ",
        "FEDIRP2": " ",
        "NAME2": " ",
        "FETYPE2": " ",
        "FEDIRS2": " ",
        "FEDIRP3": " ",
        "NAME3": " ",
        "FETYPE3": " ",
        "FEDIRS3": " ",
        "FMCDL": 56640,
        "FMCDR": 56640,
        "COUNTYL": 75,
        "COUNTYR": 75,
        "NFC": 7,
        "RU_L": 1,
        "RU_R": 1,
        "PR": 3381046,
        "BMP": 0.27,
        "EMP": 0.423,
        "BPT": "38018242",
        "EPT": "38018245",
        "LRS_LINK": "33810463801824238018245",
        "LENGTH": 245.98015489,
        "VER": "17a",
        "Shape.STLength()": 245.98015650133243,
        "ADJ_CNTY": 0,
        "LEGALSYSTEM": 3,
        "PAVENTRA_SEGMENT_ID": "NAP-216-33810463801824238018245"
      }
    },
    {
      "type": "Feature",
      "id": 720461,
      "geometry": {
        "type": "LineString",
        "coordinates": [
          [
            -84.23055045996729,
            42.18264812027402
          ],
          [
            -84.22529271131981,
            42.18275450606927
          ]
        ]
      },
      "properties": {
        "OBJECTID": 720461,
        "FCC": "A32",
        "RDNAME": "Pheasant Crossing Rd",
        "FRADDL": 10000,
        "TOADDL": 10052,
        "FRADDR": 10001,
        "TOADDR": 10057,
        "ZIPL": 49201,
        "ZIPR": 49201,
        "FEDIRP": " ",
        "NAME": "Pheasant Crossing",
        "FETYPE": "Rd",
        "FEDIRS": " ",
        "FEDIRP2": " ",
        "NAME2": " ",
        "FETYPE2": " ",
        "FEDIRS2": " ",
        "FEDIRP3": " ",
        "NAME3": " ",
        "FETYPE3": " ",
        "FEDIRS3": " ",
        "FMCDL": 56640,
        "FMCDR": 56640,
        "COUNTYL": 75,
        "COUNTYR": 75,
        "NFC": 7,
        "RU_L": 1,
        "RU_R": 1,
        "PR": 3381046,
        "BMP": 0,
        "EMP": 0.27,
        "BPT": "38018241",
        "EPT": "38018242",
        "LRS_LINK": "33810463801824138018242",
        "LENGTH": 434.34726011,
        "VER": "17a",
        "Shape.STLength()": 434.34718863762663,
        "ADJ_CNTY": 0,
        "LEGALSYSTEM": 3,
        "PAVENTRA_SEGMENT_ID": "NAP-217-33810463801824138018242"
      }
    },
    {
      "type": "Feature",
      "id": 720462,
      "geometry": {
        "type": "LineString",
        "coordinates": [
          [
            -84.23055045996729,
            42.18264812027402
          ],
          [
            -84.23053822456521,
            42.18330632968401
          ]
        ]
      },
      "properties": {
        "OBJECTID": 720462,
        "FCC": "A32",
        "RDNAME": "Baner Rd",
        "FRADDL": 5482,
        "TOADDL": 5400,
        "FRADDR": 5475,
        "TOADDR": 5401,
        "ZIPL": 49201,
        "ZIPR": 49201,
        "FEDIRP": " ",
        "NAME": "Baner",
        "FETYPE": "Rd",
        "FEDIRS": " ",
        "FEDIRP2": " ",
        "NAME2": " ",
        "FETYPE2": " ",
        "FEDIRS2": " ",
        "FEDIRP3": " ",
        "NAME3": " ",
        "FETYPE3": " ",
        "FEDIRS3": " ",
        "FMCDL": 56640,
        "FMCDR": 56640,
        "COUNTYL": 75,
        "COUNTYR": 75,
        "NFC": 7,
        "RU_L": 1,
        "RU_R": 1,
        "PR": 915409,
        "BMP": 0.544,
        "EMP": 0.59,
        "BPT": "38018241",
        "EPT": "38020248",
        "LRS_LINK": " 9154093801824138020248",
        "LENGTH": 73.08957654,
        "VER": "17a",
        "Shape.STLength()": 73.08957392549227,
        "ADJ_CNTY": 0,
        "LEGALSYSTEM": 3,
        "PAVENTRA_SEGMENT_ID": "NAP-218-9154093801824138020248"
      }
    },
    {
      "type": "Feature",
      "id": 720882,
      "geometry": {
        "type": "LineString",
        "coordinates": [
          [
            -84.3068012588064,
            42.182282314960446
          ],
          [
            -84.30680758768355,
            42.18326464876218
          ],
          [
            -84.30684911663728,
            42.18443262171382
          ]
        ]
      },
      "properties": {
        "OBJECTID": 720882,
        "FCC": "A32",
        "RDNAME": "Benton Rd",
        "FRADDL": 5556,
        "TOADDL": 5430,
        "FRADDR": 5547,
        "TOADDR": 5075,
        "ZIPL": 49201,
        "ZIPR": 49201,
        "FEDIRP": " ",
        "NAME": "Benton",
        "FETYPE": "Rd",
        "FEDIRS": " ",
        "FEDIRP2": " ",
        "NAME2": " ",
        "FETYPE2": " ",
        "FEDIRS2": " ",
        "FEDIRP3": " ",
        "NAME3": " ",
        "FETYPE3": " ",
        "FEDIRS3": " ",
        "FMCDL": 56640,
        "FMCDR": 56640,
        "COUNTYL": 75,
        "COUNTYR": 75,
        "NFC": 7,
        "RU_L": 1,
        "RU_R": 1,
        "PR": 901108,
        "BMP": 2.492,
        "EMP": 2.64,
        "BPT": "38025492",
        "EPT": "38011922",
        "LRS_LINK": " 9011083802549238011922",
        "LENGTH": 238.80039804,
        "VER": "17a",
        "Shape.STLength()": 238.80044651594145,
        "ADJ_CNTY": 0,
        "LEGALSYSTEM": 3,
        "PAVENTRA_SEGMENT_ID": "NAP-219-9011083802549238011922"
      }
    },
    {
      "type": "Feature",
      "id": 720883,
      "geometry": {
        "type": "LineString",
        "coordinates": [
          [
            -84.30690453029673,
            42.188058793823785
          ],
          [
            -84.30492472108105,
            42.187393417701145
          ],
          [
            -84.30333737311933,
            42.186878508006934
          ],
          [
            -84.3023736336881,
            42.18656444830059
          ],
          [
            -84.30168208577153,
            42.186337235428226
          ],
          [
            -84.30095730498665,
            42.18608197157801
          ],
          [
            -84.30054866077202,
            42.185929771577655
          ],
          [
            -84.30016435418696,
            42.18576927149014
          ],
          [
            -84.29960369552853,
            42.18550476775357
          ],
          [
            -84.29916861287867,
            42.18528771341363
          ],
          [
            -84.29874586611295,
            42.18501694318378
          ],
          [
            -84.29834909587935,
            42.18476332855263
          ],
          [
            -84.29805802318342,
            42.1845681429146
          ],
          [
            -84.29761671912615,
            42.18421509558365
          ],
          [
            -84.29659242692651,
            42.18337155519123
          ],
          [
            -84.29616347925453,
            42.182975230653774
          ],
          [
            -84.29562553920162,
            42.18257006051736
          ],
          [
            -84.29517762148804,
            42.18226597818461
          ],
          [
            -84.29486619754609,
            42.182091734434856
          ]
        ]
      },
      "properties": {
        "OBJECTID": 720883,
        "FCC": "A21",
        "RDNAME": "Brooklyn Rd",
        "FRADDL": 6100,
        "TOADDL": 6220,
        "FRADDR": 6101,
        "TOADDR": 6117,
        "ZIPL": 49201,
        "ZIPR": 49201,
        "FEDIRP": " ",
        "NAME": "Brooklyn",
        "FETYPE": "Rd",
        "FEDIRS": " ",
        "FEDIRP2": " ",
        "NAME2": "M 50",
        "FETYPE2": " ",
        "FEDIRS2": " ",
        "FEDIRP3": " ",
        "NAME3": " ",
        "FETYPE3": " ",
        "FEDIRS3": " ",
        "FMCDL": 56640,
        "FMCDR": 56640,
        "COUNTYL": 75,
        "COUNTYR": 75,
        "NFC": 4,
        "RU_L": 1,
        "RU_R": 1,
        "PR": 899310,
        "BMP": 5.096,
        "EMP": 5.85,
        "BPT": "38011775",
        "EPT": "38011995",
        "LRS_LINK": " 8993103801177538011995",
        "LENGTH": 1213.49803501,
        "VER": "17a",
        "Shape.STLength()": 1213.4979805737944,
        "ADJ_CNTY": 0,
        "LEGALSYSTEM": 1,
        "PAVENTRA_SEGMENT_ID": "NAP-220-8993103801177538011995"
      }
    },
    {
      "type": "Feature",
      "id": 720893,
      "geometry": {
        "type": "LineString",
        "coordinates": [
          [
            -84.30395969391785,
            42.1821781781299
          ],
          [
            -84.30397911771036,
            42.18236308975178
          ],
          [
            -84.30401456283835,
            42.18251760851291
          ],
          [
            -84.30405967543943,
            42.182630088928015
          ],
          [
            -84.30413024294376,
            42.182745066232144
          ],
          [
            -84.30446326483896,
            42.18311294088128
          ],
          [
            -84.30450884222266,
            42.183208553888804
          ],
          [
            -84.30455509799812,
            42.18341472035011
          ],
          [
            -84.30460948379256,
            42.184028733785745
          ],
          [
            -84.30462649551633,
            42.184138231783805
          ],
          [
            -84.30465369530904,
            42.18418085275053
          ],
          [
            -84.30469240280136,
            42.18422985488399
          ],
          [
            -84.3047396926929,
            42.18427029932658
          ],
          [
            -84.30480839679053,
            42.18432099989545
          ],
          [
            -84.30488755680454,
            42.18435572325098
          ],
          [
            -84.30497842971921,
            42.18438938278905
          ],
          [
            -84.30507948387073,
            42.18441699069
          ],
          [
            -84.30525292754852,
            42.18442211596514
          ],
          [
            -84.30648923643015,
            42.18443305900191
          ],
          [
            -84.30684911663728,
            42.18443262171382
          ]
        ]
      },
      "properties": {
        "OBJECTID": 720893,
        "FCC": "A32",
        "RDNAME": "Milo Dr",
        "FRADDL": 6099,
        "TOADDL": 5493,
        "FRADDR": 6018,
        "TOADDR": 5489,
        "ZIPL": 49201,
        "ZIPR": 49201,
        "FEDIRP": " ",
        "NAME": "Milo",
        "FETYPE": "Dr",
        "FEDIRS": " ",
        "FEDIRP2": " ",
        "NAME2": " ",
        "FETYPE2": " ",
        "FEDIRS2": " ",
        "FEDIRP3": " ",
        "NAME3": " ",
        "FETYPE3": " ",
        "FEDIRS3": " ",
        "FMCDL": 56640,
        "FMCDR": 56640,
        "COUNTYL": 75,
        "COUNTYR": 75,
        "NFC": 7,
        "RU_L": 1,
        "RU_R": 1,
        "PR": 915608,
        "BMP": 0,
        "EMP": 0.265,
        "BPT": "38012003",
        "EPT": "38011922",
        "LRS_LINK": " 9156083801200338011922",
        "LENGTH": 425.84485978,
        "VER": "17a",
        "Shape.STLength()": 425.8448992512286,
        "ADJ_CNTY": 0,
        "LEGALSYSTEM": 3,
        "PAVENTRA_SEGMENT_ID": "NAP-221-9156083801200338011922"
      }
    },
    {
      "type": "Feature",
      "id": 720894,
      "geometry": {
        "type": "LineString",
        "coordinates": [
          [
            -84.30395969391785,
            42.1821781781299
          ],
          [
            -84.30259407573627,
            42.18215122979555
          ],
          [
            -84.29486619754609,
            42.182091734434856
          ]
        ]
      },
      "properties": {
        "OBJECTID": 720894,
        "FCC": "A32",
        "RDNAME": "Wells Rd",
        "FRADDL": 6320,
        "TOADDL": 6598,
        "FRADDR": 6379,
        "TOADDR": 6599,
        "ZIPL": 49201,
        "ZIPR": 49201,
        "FEDIRP": " ",
        "NAME": "Wells",
        "FETYPE": "Rd",
        "FEDIRS": " ",
        "FEDIRP2": " ",
        "NAME2": " ",
        "FETYPE2": " ",
        "FEDIRS2": " ",
        "FEDIRP3": " ",
        "NAME3": " ",
        "FETYPE3": " ",
        "FEDIRS3": " ",
        "FMCDL": 56640,
        "FMCDR": 56640,
        "COUNTYL": 75,
        "COUNTYR": 75,
        "NFC": 7,
        "RU_L": 1,
        "RU_R": 1,
        "PR": 901109,
        "BMP": 0.146,
        "EMP": 0.612,
        "BPT": "38012003",
        "EPT": "38011995",
        "LRS_LINK": " 9011093801200338011995",
        "LENGTH": 751.02463763,
        "VER": "17a",
        "Shape.STLength()": 751.0245946744755,
        "ADJ_CNTY": 0,
        "LEGALSYSTEM": 3,
        "PAVENTRA_SEGMENT_ID": "NAP-222-9011093801200338011995"
      }
    },
    {
      "type": "Feature",
      "id": 720903,
      "geometry": {
        "type": "LineString",
        "coordinates": [
          [
            -84.30680046764697,
            42.18215948155945
          ],
          [
            -84.30669047192711,
            42.18216060778016
          ],
          [
            -84.30395969391785,
            42.1821781781299
          ]
        ]
      },
      "properties": {
        "OBJECTID": 720903,
        "FCC": "A32",
        "RDNAME": "Wells Rd",
        "FRADDL": 6300,
        "TOADDL": 6318,
        "FRADDR": 6301,
        "TOADDR": 6377,
        "ZIPL": 49201,
        "ZIPR": 49201,
        "FEDIRP": " ",
        "NAME": "Wells",
        "FETYPE": "Rd",
        "FEDIRS": " ",
        "FEDIRP2": " ",
        "NAME2": " ",
        "FETYPE2": " ",
        "FEDIRS2": " ",
        "FEDIRP3": " ",
        "NAME3": " ",
        "FETYPE3": " ",
        "FEDIRS3": " ",
        "FMCDL": 56640,
        "FMCDR": 56640,
        "COUNTYL": 75,
        "COUNTYR": 75,
        "NFC": 7,
        "RU_L": 1,
        "RU_R": 1,
        "PR": 901109,
        "BMP": 0,
        "EMP": 0.146,
        "BPT": "38012005",
        "EPT": "38012003",
        "LRS_LINK": " 9011093801200538012003",
        "LENGTH": 234.60330397,
        "VER": "17a",
        "Shape.STLength()": 234.6033111432465,
        "ADJ_CNTY": 0,
        "LEGALSYSTEM": 3,
        "PAVENTRA_SEGMENT_ID": "NAP-223-9011093801200538012003"
      }
    },
    {
      "type": "Feature",
      "id": 720904,
      "geometry": {
        "type": "LineString",
        "coordinates": [
          [
            -84.30680046764697,
            42.18215948155945
          ],
          [
            -84.3068012588064,
            42.182282314960446
          ]
        ]
      },
      "properties": {
        "OBJECTID": 720904,
        "FCC": "A32",
        "RDNAME": "Benton Rd",
        "FRADDL": 5558,
        "TOADDL": 5558,
        "FRADDR": 5549,
        "TOADDR": 5549,
        "ZIPL": 49201,
        "ZIPR": 49201,
        "FEDIRP": " ",
        "NAME": "Benton",
        "FETYPE": "Rd",
        "FEDIRS": " ",
        "FEDIRP2": " ",
        "NAME2": " ",
        "FETYPE2": " ",
        "FEDIRS2": " ",
        "FEDIRP3": " ",
        "NAME3": " ",
        "FETYPE3": " ",
        "FEDIRS3": " ",
        "FMCDL": 56640,
        "FMCDR": 56640,
        "COUNTYL": 75,
        "COUNTYR": 75,
        "NFC": 7,
        "RU_L": 1,
        "RU_R": 1,
        "PR": 901108,
        "BMP": 2.483,
        "EMP": 2.492,
        "BPT": "38012005",
        "EPT": "38025492",
        "LRS_LINK": " 9011083801200538025492",
        "LENGTH": 13.63868335,
        "VER": "17a",
        "Shape.STLength()": 13.638649047834612,
        "ADJ_CNTY": 0,
        "LEGALSYSTEM": 3,
        "PAVENTRA_SEGMENT_ID": "NAP-224-9011083801200538025492"
      }
    },
    {
      "type": "Feature",
      "id": 720906,
      "geometry": {
        "type": "LineString",
        "coordinates": [
          [
            -84.29486619754609,
            42.182091734434856
          ],
          [
            -84.29472695972112,
            42.18199883639539
          ],
          [
            -84.29465894661799,
            42.18195251011401
          ]
        ]
      },
      "properties": {
        "OBJECTID": 720906,
        "FCC": "A21",
        "RDNAME": "Brooklyn Rd",
        "FRADDL": 0,
        "TOADDL": 0,
        "FRADDR": 0,
        "TOADDR": 0,
        "ZIPL": 49201,
        "ZIPR": 49201,
        "FEDIRP": " ",
        "NAME": "Brooklyn",
        "FETYPE": "Rd",
        "FEDIRS": " ",
        "FEDIRP2": " ",
        "NAME2": "M 50",
        "FETYPE2": " ",
        "FEDIRS2": " ",
        "FEDIRP3": " ",
        "NAME3": " ",
        "FETYPE3": " ",
        "FEDIRS3": " ",
        "FMCDL": 56640,
        "FMCDR": 56640,
        "COUNTYL": 75,
        "COUNTYR": 75,
        "NFC": 4,
        "RU_L": 1,
        "RU_R": 1,
        "PR": 899310,
        "BMP": 5.85,
        "EMP": 5.864,
        "BPT": "38011995",
        "EPT": "38012007",
        "LRS_LINK": " 8993103801199538012007",
        "LENGTH": 23.06289304,
        "VER": "17a",
        "Shape.STLength()": 23.0629439725951,
        "ADJ_CNTY": 0,
        "LEGALSYSTEM": 1,
        "PAVENTRA_SEGMENT_ID": "NAP-225-8993103801199538012007"
      }
    },
    {
      "type": "Feature",
      "id": 720908,
      "geometry": {
        "type": "LineString",
        "coordinates": [
          [
            -84.34537639779074,
            42.18271370207726
          ],
          [
            -84.34534869735108,
            42.18298138744661
          ],
          [
            -84.34531819826857,
            42.18309854507302
          ],
          [
            -84.34528673874797,
            42.18319661448366
          ],
          [
            -84.34522680915195,
            42.18330560585548
          ],
          [
            -84.34496576508272,
            42.18377834828894
          ],
          [
            -84.34482020469554,
            42.1840914238297
          ],
          [
            -84.34472233549366,
            42.1844404115145
          ],
          [
            -84.34464793776989,
            42.18491684496752
          ],
          [
            -84.3445704425913,
            42.185203132739986
          ],
          [
            -84.34449652690765,
            42.18534493582119
          ],
          [
            -84.34440226798256,
            42.18548301186951
          ],
          [
            -84.34429667342218,
            42.18560814992077
          ],
          [
            -84.34412738757918,
            42.185805882792515
          ]
        ]
      },
      "properties": {
        "OBJECTID": 720908,
        "FCC": "A32",
        "RDNAME": "Ackerson Lake Rd",
        "FRADDL": 5466,
        "TOADDL": 5250,
        "FRADDR": 5489,
        "TOADDR": 5317,
        "ZIPL": 49201,
        "ZIPR": 49201,
        "FEDIRP": " ",
        "NAME": "Ackerson Lake",
        "FETYPE": "Rd",
        "FEDIRS": " ",
        "FEDIRP2": " ",
        "NAME2": " ",
        "FETYPE2": " ",
        "FEDIRS2": " ",
        "FEDIRP3": " ",
        "NAME3": " ",
        "FETYPE3": " ",
        "FEDIRS3": " ",
        "FMCDL": 56640,
        "FMCDR": 56640,
        "COUNTYL": 75,
        "COUNTYR": 75,
        "NFC": 7,
        "RU_L": 3,
        "RU_R": 3,
        "PR": 901103,
        "BMP": 2.025,
        "EMP": 2.25,
        "BPT": "38021419",
        "EPT": "38011881",
        "LRS_LINK": " 9011033802141938011881",
        "LENGTH": 362.62795546,
        "VER": "17a",
        "Shape.STLength()": 362.6279818053741,
        "ADJ_CNTY": 0,
        "LEGALSYSTEM": 3,
        "PAVENTRA_SEGMENT_ID": "NAP-226-9011033802141938011881"
      }
    },
    {
      "type": "Feature",
      "id": 728353,
      "geometry": {
        "type": "LineString",
        "coordinates": [
          [
            -84.27746242699469,
            42.1492475739632
          ],
          [
            -84.27380239989805,
            42.150303233092984
          ],
          [
            -84.27314240186459,
            42.150504505227666
          ],
          [
            -84.27245316942015,
            42.15079785739124
          ],
          [
            -84.27188171532684,
            42.15108269449186
          ],
          [
            -84.26790462786258,
            42.153257774008694
          ]
        ]
      },
      "properties": {
        "OBJECTID": 728353,
        "FCC": "A31",
        "RDNAME": "S Stony Lake Rd",
        "FRADDL": 7578,
        "TOADDL": 8096,
        "FRADDR": 7579,
        "TOADDR": 8097,
        "ZIPL": 49201,
        "ZIPR": 49201,
        "FEDIRP": "S",
        "NAME": "Stony Lake",
        "FETYPE": "Rd",
        "FEDIRS": " ",
        "FEDIRP2": " ",
        "NAME2": " ",
        "FETYPE2": " ",
        "FEDIRS2": " ",
        "FEDIRP3": "S",
        "NAME3": "Stoney Lake",
        "FETYPE3": "Rd",
        "FEDIRS3": " ",
        "FMCDL": 56640,
        "FMCDR": 56640,
        "COUNTYL": 75,
        "COUNTYR": 75,
        "NFC": 6,
        "RU_L": 1,
        "RU_R": 1,
        "PR": 918203,
        "BMP": 2.057,
        "EMP": 2.624,
        "BPT": "38013275",
        "EPT": "38013147",
        "LRS_LINK": " 9182033801327538013147",
        "LENGTH": 913.47764708,
        "VER": "17a",
        "Shape.STLength()": 913.4776496641614,
        "ADJ_CNTY": 0,
        "LEGALSYSTEM": 2,
        "PAVENTRA_SEGMENT_ID": "NAP-227-9182033801327538013147"
      }
    },
    {
      "type": "Feature",
      "id": 728572,
      "geometry": {
        "type": "LineString",
        "coordinates": [
          [
            -84.32569376147654,
            42.14870815281007
          ],
          [
            -84.32567216224133,
            42.151510759340496
          ],
          [
            -84.32568952803821,
            42.153714484096
          ],
          [
            -84.32575106911831,
            42.158075293819365
          ],
          [
            -84.32578520210535,
            42.15984955599283
          ]
        ]
      },
      "properties": {
        "OBJECTID": 728572,
        "FCC": "A31",
        "RDNAME": "Clark Lake Rd",
        "FRADDL": 7644,
        "TOADDL": 7100,
        "FRADDR": 751,
        "TOADDR": 7101,
        "ZIPL": 49234,
        "ZIPR": 49234,
        "FEDIRP": " ",
        "NAME": "Clark Lake",
        "FETYPE": "Rd",
        "FEDIRS": " ",
        "FEDIRP2": " ",
        "NAME2": "Clarklake",
        "FETYPE2": "Rd",
        "FEDIRS2": " ",
        "FEDIRP3": " ",
        "NAME3": "Clark Lake",
        "FETYPE3": "Rd",
        "FEDIRS3": " ",
        "FMCDL": 56640,
        "FMCDR": 56640,
        "COUNTYL": 75,
        "COUNTYR": 75,
        "NFC": 6,
        "RU_L": 1,
        "RU_R": 1,
        "PR": 917803,
        "BMP": 1.869,
        "EMP": 2.638,
        "BPT": "38013330",
        "EPT": "38012912",
        "LRS_LINK": " 9178033801333038012912",
        "LENGTH": 1237.10784181,
        "VER": "17a",
        "Shape.STLength()": 1237.1078451601104,
        "ADJ_CNTY": 0,
        "LEGALSYSTEM": 2,
        "PAVENTRA_SEGMENT_ID": "NAP-228-9178033801333038012912"
      }
    },
    {
      "type": "Feature",
      "id": 718293,
      "geometry": {
        "type": "LineString",
        "coordinates": [
          [
            -84.22963386700873,
            42.19117583155364
          ],
          [
            -84.22964221591111,
            42.19116900073379
          ],
          [
            -84.22965007514269,
            42.19116179999246
          ],
          [
            -84.22965734247107,
            42.19115428806144
          ],
          [
            -84.2296639132682,
            42.19114652273357
          ],
          [
            -84.22966968293193,
            42.19113856090127
          ],
          [
            -84.22967454925595,
            42.191130460395904
          ],
          [
            -84.2296785500351,
            42.19112221280981
          ],
          [
            -84.22968193702876,
            42.1911137410685
          ],
          [
            -84.22968478082193,
            42.19110507602143
          ],
          [
            -84.22968714950039,
            42.19109625118119
          ],
          [
            -84.22968910756909,
            42.19108729820148
          ],
          [
            -84.2296907230878,
            42.19107825149522
          ],
          [
            -84.22969206298315,
            42.191069142754614
          ],
          [
            -84.22969319173404,
            42.191060004533924
          ],
          [
            -84.22969417742614,
            42.191050870345556
          ],
          [
            -84.22969508574911,
            42.19104177276292
          ],
          [
            -84.22969598481438,
            42.19103274439797
          ],
          [
            -84.22969691123136,
            42.191023775923334
          ],
          [
            -84.2296978213952,
            42.19101478286755
          ],
          [
            -84.22969868980093,
            42.19100576752797
          ],
          [
            -84.22969949449858,
            42.190996734960684
          ],
          [
            -84.22970021230122,
            42.19098769110317
          ],
          [
            -84.22970082128481,
            42.190978640111105
          ],
          [
            -84.2297012982367,
            42.19096958882244
          ],
          [
            -84.2297016188111,
            42.19096054135439
          ],
          [
            -84.22970176226879,
            42.190951502782426
          ],
          [
            -84.22970170539718,
            42.19094247994438
          ],
          [
            -84.22970142629812,
            42.19093347609565
          ],
          [
            -84.22970089931148,
            42.19092449893592
          ],
          [
            -84.22970010374982,
            42.19091555173978
          ],
          [
            -84.22969901763743,
            42.19090664046396
          ],
          [
            -84.22969758875375,
            42.1908977696835
          ],
          [
            -84.22969575308055,
            42.19088893297592
          ],
          [
            -84.22969355188957,
            42.19088012739379
          ],
          [
            -84.22969103495397,
            42.19087134922387
          ],
          [
            -84.22968825091372,
            42.19086259203242
          ],
          [
            -84.22968524825362,
            42.190853854788294
          ],
          [
            -84.22968207563945,
            42.19084513015738
          ],
          [
            -84.22967878276671,
            42.190836417127684
          ],
          [
            -84.2296754182753,
            42.19082770926558
          ],
          [
            -84.22967202949076,
            42.190819003719746
          ],
          [
            -84.22966866742283,
            42.190810295895886
          ],
          [
            -84.22966537942294,
            42.190801582042305
          ],
          [
            -84.2296622152898,
            42.190792857545446
          ],
          [
            -84.22965905308016,
            42.19078360248301
          ]
        ]
      },
      "properties": {
        "OBJECTID": 718293,
        "FCC": "A32",
        "RDNAME": "Greenes Dr",
        "FRADDL": 0,
        "TOADDL": 0,
        "FRADDR": 0,
        "TOADDR": 0,
        "ZIPL": 49201,
        "ZIPR": 49201,
        "FEDIRP": " ",
        "NAME": "Greenes",
        "FETYPE": "Dr",
        "FEDIRS": " ",
        "FEDIRP2": " ",
        "NAME2": "Keith",
        "FETYPE2": "Dr",
        "FEDIRS2": " ",
        "FEDIRP3": " ",
        "NAME3": " ",
        "FETYPE3": " ",
        "FEDIRS3": " ",
        "FMCDL": 56640,
        "FMCDR": 56640,
        "COUNTYL": 75,
        "COUNTYR": 75,
        "NFC": 7,
        "RU_L": 1,
        "RU_R": 1,
        "PR": 3381032,
        "BMP": 0.039,
        "EMP": 0.067,
        "BPT": "38020542",
        "EPT": "38016852",
        "LRS_LINK": "33810323802054238016852",
        "LENGTH": 45.22198762,
        "VER": "17a",
        "Shape.STLength()": 45.221942759051124,
        "ADJ_CNTY": 0,
        "LEGALSYSTEM": 3,
        "PAVENTRA_SEGMENT_ID": "NAP-229-33810323802054238016852"
      }
    },
    {
      "type": "Feature",
      "id": 718314,
      "geometry": {
        "type": "LineString",
        "coordinates": [
          [
            -84.23281720766629,
            42.19075697822016
          ],
          [
            -84.23279614203683,
            42.19179437998043
          ]
        ]
      },
      "properties": {
        "OBJECTID": 718314,
        "FCC": "A32",
        "RDNAME": "Bay View Rd",
        "FRADDL": 7140,
        "TOADDL": 7100,
        "FRADDR": 7141,
        "TOADDR": 7101,
        "ZIPL": 49201,
        "ZIPR": 49201,
        "FEDIRP": " ",
        "NAME": "Bay View",
        "FETYPE": "Rd",
        "FEDIRS": " ",
        "FEDIRP2": " ",
        "NAME2": " ",
        "FETYPE2": " ",
        "FEDIRS2": " ",
        "FEDIRP3": " ",
        "NAME3": "Bayview",
        "FETYPE3": "Rd",
        "FEDIRS3": " ",
        "FMCDL": 56640,
        "FMCDR": 56640,
        "COUNTYL": 75,
        "COUNTYR": 75,
        "NFC": 7,
        "RU_L": 1,
        "RU_R": 1,
        "PR": 915704,
        "BMP": 0.105,
        "EMP": 0.176,
        "BPT": "38016843",
        "EPT": "38011406",
        "LRS_LINK": " 9157043801684338011406",
        "LENGTH": 115.19853375,
        "VER": "17a",
        "Shape.STLength()": 115.19853694426853,
        "ADJ_CNTY": 0,
        "LEGALSYSTEM": 3,
        "PAVENTRA_SEGMENT_ID": "NAP-230-9157043801684338011406"
      }
    },
    {
      "type": "Feature",
      "id": 718315,
      "geometry": {
        "type": "LineString",
        "coordinates": [
          [
            -84.23281720766629,
            42.19075697822016
          ],
          [
            -84.23248375618526,
            42.190751687370806
          ]
        ]
      },
      "properties": {
        "OBJECTID": 718315,
        "FCC": "A41",
        "RDNAME": "Ken St",
        "FRADDL": 0,
        "TOADDL": 0,
        "FRADDR": 0,
        "TOADDR": 0,
        "ZIPL": 49201,
        "ZIPR": 49201,
        "FEDIRP": " ",
        "NAME": "Ken",
        "FETYPE": "St",
        "FEDIRS": " ",
        "FEDIRP2": " ",
        "NAME2": " ",
        "FETYPE2": " ",
        "FEDIRS2": " ",
        "FEDIRP3": " ",
        "NAME3": " ",
        "FETYPE3": " ",
        "FEDIRS3": " ",
        "FMCDL": 56640,
        "FMCDR": 56640,
        "COUNTYL": 75,
        "COUNTYR": 75,
        "NFC": 0,
        "RU_L": 1,
        "RU_R": 1,
        "PR": 918204,
        "BMP": 0,
        "EMP": 0.017,
        "BPT": "38016843",
        "EPT": "38016844",
        "LRS_LINK": " 9182043801684338016844",
        "LENGTH": 27.53926161,
        "VER": "17a",
        "Shape.STLength()": 27.5393,
        "ADJ_CNTY": 0,
        "LEGALSYSTEM": 0,
        "PAVENTRA_SEGMENT_ID": "NAP-231-9182043801684338016844"
      }
    },
    {
      "type": "Feature",
      "id": 718323,
      "geometry": {
        "type": "LineString",
        "coordinates": [
          [
            -84.35532163330754,
            42.194831397051985
          ],
          [
            -84.35525972944438,
            42.19260499298384
          ]
        ]
      },
      "properties": {
        "OBJECTID": 718323,
        "FCC": "A32",
        "RDNAME": "Ackerson Lake Dr",
        "FRADDL": 1,
        "TOADDL": 185,
        "FRADDR": 2,
        "TOADDR": 74,
        "ZIPL": 49201,
        "ZIPR": 49201,
        "FEDIRP": " ",
        "NAME": "Ackerson Lake",
        "FETYPE": "Dr",
        "FEDIRS": " ",
        "FEDIRP2": " ",
        "NAME2": " ",
        "FETYPE2": " ",
        "FEDIRS2": " ",
        "FEDIRP3": " ",
        "NAME3": " ",
        "FETYPE3": " ",
        "FEDIRS3": " ",
        "FMCDL": 56640,
        "FMCDR": 56640,
        "COUNTYL": 75,
        "COUNTYR": 75,
        "NFC": 7,
        "RU_L": 3,
        "RU_R": 3,
        "PR": 915801,
        "BMP": 0,
        "EMP": 0.154,
        "BPT": "38011254",
        "EPT": "38011528",
        "LRS_LINK": " 9158013801125438011528",
        "LENGTH": 247.25650835,
        "VER": "17a",
        "Shape.STLength()": 247.25653682685518,
        "ADJ_CNTY": 0,
        "LEGALSYSTEM": 3,
        "PAVENTRA_SEGMENT_ID": "NAP-232-9158013801125438011528"
      }
    },
    {
      "type": "Feature",
      "id": 718331,
      "geometry": {
        "type": "LineString",
        "coordinates": [
          [
            -84.31994206660946,
            42.19204231516218
          ],
          [
            -84.31984590213963,
            42.19250886829672
          ],
          [
            -84.31984162915374,
            42.192574915059666
          ],
          [
            -84.31984818244939,
            42.19260623293294
          ],
          [
            -84.31986131652326,
            42.192640368893755
          ],
          [
            -84.31988332564191,
            42.19266788095109
          ],
          [
            -84.31991397392635,
            42.19270472179237
          ],
          [
            -84.3202390880312,
            42.193063218293055
          ],
          [
            -84.32036926077745,
            42.19319286208625
          ]
        ]
      },
      "properties": {
        "OBJECTID": 718331,
        "FCC": "A32",
        "RDNAME": "Bavarian Dr",
        "FRADDL": 4798,
        "TOADDL": 4770,
        "FRADDR": 4799,
        "TOADDR": 4771,
        "ZIPL": 49201,
        "ZIPR": 49201,
        "FEDIRP": " ",
        "NAME": "Bavarian",
        "FETYPE": "Dr",
        "FEDIRS": " ",
        "FEDIRP2": " ",
        "NAME2": " ",
        "FETYPE2": " ",
        "FEDIRS2": " ",
        "FEDIRP3": " ",
        "NAME3": " ",
        "FETYPE3": " ",
        "FEDIRS3": " ",
        "FMCDL": 56640,
        "FMCDR": 56640,
        "COUNTYL": 75,
        "COUNTYR": 75,
        "NFC": 7,
        "RU_L": 1,
        "RU_R": 1,
        "PR": 901106,
        "BMP": 0,
        "EMP": 0.088,
        "BPT": "38011501",
        "EPT": "38011350",
        "LRS_LINK": " 9011063801150138011350",
        "LENGTH": 141.55031015,
        "VER": "17a",
        "Shape.STLength()": 141.55036754085532,
        "ADJ_CNTY": 0,
        "LEGALSYSTEM": 3,
        "PAVENTRA_SEGMENT_ID": "NAP-233-9011063801150138011350"
      }
    },
    {
      "type": "Feature",
      "id": 718332,
      "geometry": {
        "type": "LineString",
        "coordinates": [
          [
            -84.32323848514356,
            42.1930927551095
          ],
          [
            -84.32322475877511,
            42.19308733871929
          ],
          [
            -84.32206744392455,
            42.192665724136646
          ],
          [
            -84.31994206660946,
            42.19204231516218
          ]
        ]
      },
      "properties": {
        "OBJECTID": 718332,
        "FCC": "A21",
        "RDNAME": "Brooklyn Rd",
        "FRADDL": 5198,
        "TOADDL": 5398,
        "FRADDR": 5199,
        "TOADDR": 5399,
        "ZIPL": 49201,
        "ZIPR": 49201,
        "FEDIRP": " ",
        "NAME": "Brooklyn",
        "FETYPE": "Rd",
        "FEDIRS": " ",
        "FEDIRP2": " ",
        "NAME2": "M 50",
        "FETYPE2": " ",
        "FEDIRS2": " ",
        "FEDIRP3": " ",
        "NAME3": " ",
        "FETYPE3": " ",
        "FEDIRS3": " ",
        "FMCDL": 56640,
        "FMCDR": 56640,
        "COUNTYL": 75,
        "COUNTYR": 75,
        "NFC": 4,
        "RU_L": 1,
        "RU_R": 1,
        "PR": 899310,
        "BMP": 4.188,
        "EMP": 4.373,
        "BPT": "38020080",
        "EPT": "38011501",
        "LRS_LINK": " 8993103802008038011501",
        "LENGTH": 296.33555276,
        "VER": "17a",
        "Shape.STLength()": 296.3355328691423,
        "ADJ_CNTY": 0,
        "LEGALSYSTEM": 1,
        "PAVENTRA_SEGMENT_ID": "NAP-234-8993103802008038011501"
      }
    },
    {
      "type": "Feature",
      "id": 718353,
      "geometry": {
        "type": "LineString",
        "coordinates": [
          [
            -84.2289749917233,
            42.19113189988998
          ],
          [
            -84.22835324572763,
            42.1905431804093
          ]
        ]
      },
      "properties": {
        "OBJECTID": 718353,
        "FCC": "A32",
        "RDNAME": "Greens Dr",
        "FRADDL": 7120,
        "TOADDL": 7144,
        "FRADDR": 7119,
        "TOADDR": 7143,
        "ZIPL": 49201,
        "ZIPR": 49201,
        "FEDIRP": " ",
        "NAME": "Greens",
        "FETYPE": "Dr",
        "FEDIRS": " ",
        "FEDIRP2": " ",
        "NAME2": " ",
        "FETYPE2": " ",
        "FEDIRS2": " ",
        "FEDIRP3": " ",
        "NAME3": "Greenes",
        "FETYPE3": "Dr",
        "FEDIRS3": " ",
        "FMCDL": 56640,
        "FMCDR": 56640,
        "COUNTYL": 75,
        "COUNTYR": 75,
        "NFC": 7,
        "RU_L": 1,
        "RU_R": 1,
        "PR": 3381074,
        "BMP": 0,
        "EMP": 0.052,
        "BPT": "38016848",
        "EPT": "38011522",
        "LRS_LINK": "33810743801684838011522",
        "LENGTH": 83.11673056,
        "VER": "17a",
        "Shape.STLength()": 83.11665834698843,
        "ADJ_CNTY": 0,
        "LEGALSYSTEM": 3,
        "PAVENTRA_SEGMENT_ID": "NAP-235-33810743801684838011522"
      }
    },
    {
      "type": "Feature",
      "id": 718413,
      "geometry": {
        "type": "LineString",
        "coordinates": [
          [
            -84.23762117315711,
            42.19047115955156
          ],
          [
            -84.23762486731398,
            42.1905953078784
          ],
          [
            -84.23761698801222,
            42.190925762806906
          ],
          [
            -84.23759976088427,
            42.19164827405387
          ],
          [
            -84.23760993952507,
            42.19230137402382
          ]
        ]
      },
      "properties": {
        "OBJECTID": 718413,
        "FCC": "A32",
        "RDNAME": "Springbrook Dr",
        "FRADDL": 7499,
        "TOADDL": 7001,
        "FRADDR": 7498,
        "TOADDR": 7000,
        "ZIPL": 49201,
        "ZIPR": 49201,
        "FEDIRP": " ",
        "NAME": "Springbrook",
        "FETYPE": "Dr",
        "FEDIRS": " ",
        "FEDIRP2": " ",
        "NAME2": " ",
        "FETYPE2": " ",
        "FEDIRS2": " ",
        "FEDIRP3": " ",
        "NAME3": " ",
        "FETYPE3": " ",
        "FEDIRS3": " ",
        "FMCDL": 56640,
        "FMCDR": 56640,
        "COUNTYL": 75,
        "COUNTYR": 75,
        "NFC": 7,
        "RU_L": 1,
        "RU_R": 1,
        "PR": 915702,
        "BMP": 0,
        "EMP": 0.126,
        "BPT": "38011535",
        "EPT": "38011345",
        "LRS_LINK": " 9157023801153538011345",
        "LENGTH": 203.24008227,
        "VER": "17a",
        "Shape.STLength()": 203.24007757590147,
        "ADJ_CNTY": 0,
        "LEGALSYSTEM": 3,
        "PAVENTRA_SEGMENT_ID": "NAP-236-9157023801153538011345"
      }
    },
    {
      "type": "Feature",
      "id": 718414,
      "geometry": {
        "type": "LineString",
        "coordinates": [
          [
            -84.2380712203466,
            42.19047561447007
          ],
          [
            -84.23805803244082,
            42.19093663428816
          ],
          [
            -84.2380526085806,
            42.191175487359125
          ]
        ]
      },
      "properties": {
        "OBJECTID": 718414,
        "FCC": "A32",
        "RDNAME": "Dellwood Dr",
        "FRADDL": 0,
        "TOADDL": 0,
        "FRADDR": 0,
        "TOADDR": 0,
        "ZIPL": 49201,
        "ZIPR": 49201,
        "FEDIRP": " ",
        "NAME": "Dellwood",
        "FETYPE": "Dr",
        "FEDIRS": " ",
        "FEDIRP2": " ",
        "NAME2": " ",
        "FETYPE2": " ",
        "FEDIRS2": " ",
        "FEDIRP3": " ",
        "NAME3": "Dellwood",
        "FETYPE3": "St",
        "FEDIRS3": " ",
        "FMCDL": 56640,
        "FMCDR": 56640,
        "COUNTYL": 75,
        "COUNTYR": 75,
        "NFC": 7,
        "RU_L": 1,
        "RU_R": 1,
        "PR": 915701,
        "BMP": 0,
        "EMP": 0.048,
        "BPT": "38011539",
        "EPT": "38016854",
        "LRS_LINK": " 9157013801153938016854",
        "LENGTH": 77.72400003,
        "VER": "17a",
        "Shape.STLength()": 77.7240549695557,
        "ADJ_CNTY": 0,
        "LEGALSYSTEM": 3,
        "PAVENTRA_SEGMENT_ID": "NAP-237-9157013801153938016854"
      }
    },
    {
      "type": "Feature",
      "id": 718415,
      "geometry": {
        "type": "LineString",
        "coordinates": [
          [
            -84.2380712203466,
            42.19047561447007
          ],
          [
            -84.23775189531528,
            42.190470307453815
          ],
          [
            -84.23762117315711,
            42.19047115955156
          ]
        ]
      },
      "properties": {
        "OBJECTID": 718415,
        "FCC": "A31",
        "RDNAME": "Rexford Rd",
        "FRADDL": 9500,
        "TOADDL": 9506,
        "FRADDR": 9601,
        "TOADDR": 9607,
        "ZIPL": 49201,
        "ZIPR": 49201,
        "FEDIRP": " ",
        "NAME": "Rexford",
        "FETYPE": "Rd",
        "FEDIRS": " ",
        "FEDIRP2": " ",
        "NAME2": " ",
        "FETYPE2": " ",
        "FEDIRS2": " ",
        "FEDIRP3": " ",
        "NAME3": " ",
        "FETYPE3": " ",
        "FEDIRS3": " ",
        "FMCDL": 56640,
        "FMCDR": 56640,
        "COUNTYL": 75,
        "COUNTYR": 75,
        "NFC": 6,
        "RU_L": 1,
        "RU_R": 1,
        "PR": 915408,
        "BMP": 0.543,
        "EMP": 0.566,
        "BPT": "38011539",
        "EPT": "38011535",
        "LRS_LINK": " 9154083801153938011535",
        "LENGTH": 37.16745452,
        "VER": "17a",
        "Shape.STLength()": 37.16748491233124,
        "ADJ_CNTY": 0,
        "LEGALSYSTEM": 2,
        "PAVENTRA_SEGMENT_ID": "NAP-238-9154083801153938011535"
      }
    },
    {
      "type": "Feature",
      "id": 718418,
      "geometry": {
        "type": "LineString",
        "coordinates": [
          [
            -84.23989170785279,
            42.190499588234815
          ],
          [
            -84.2380712203466,
            42.19047561447007
          ]
        ]
      },
      "properties": {
        "OBJECTID": 718418,
        "FCC": "A31",
        "RDNAME": "Rexford Rd",
        "FRADDL": 8712,
        "TOADDL": 8764,
        "FRADDR": 8713,
        "TOADDR": 8765,
        "ZIPL": 49201,
        "ZIPR": 49201,
        "FEDIRP": " ",
        "NAME": "Rexford",
        "FETYPE": "Rd",
        "FEDIRS": " ",
        "FEDIRP2": " ",
        "NAME2": " ",
        "FETYPE2": " ",
        "FEDIRS2": " ",
        "FEDIRP3": " ",
        "NAME3": " ",
        "FETYPE3": " ",
        "FEDIRS3": " ",
        "FMCDL": 56640,
        "FMCDR": 56640,
        "COUNTYL": 75,
        "COUNTYR": 75,
        "NFC": 6,
        "RU_L": 1,
        "RU_R": 1,
        "PR": 915408,
        "BMP": 0.449,
        "EMP": 0.543,
        "BPT": "38011541",
        "EPT": "38011539",
        "LRS_LINK": " 9154083801154138011539",
        "LENGTH": 150.34152777,
        "VER": "17a",
        "Shape.STLength()": 150.34154871880895,
        "ADJ_CNTY": 0,
        "LEGALSYSTEM": 2,
        "PAVENTRA_SEGMENT_ID": "NAP-239-9154083801154138011539"
      }
    },
    {
      "type": "Feature",
      "id": 718419,
      "geometry": {
        "type": "LineString",
        "coordinates": [
          [
            -84.23989170785279,
            42.190499588234815
          ],
          [
            -84.23990027732644,
            42.190891004386
          ],
          [
            -84.23987806654807,
            42.191380862496395
          ],
          [
            -84.23960696865615,
            42.192186954395794
          ],
          [
            -84.23951110513283,
            42.19247199266755
          ]
        ]
      },
      "properties": {
        "OBJECTID": 718419,
        "FCC": "A32",
        "RDNAME": "Fairmount Ave",
        "FRADDL": 7598,
        "TOADDL": 7296,
        "FRADDR": 7599,
        "TOADDR": 7297,
        "ZIPL": 49201,
        "ZIPR": 49201,
        "FEDIRP": " ",
        "NAME": "Fairmount",
        "FETYPE": "Ave",
        "FEDIRS": " ",
        "FEDIRP2": " ",
        "NAME2": " ",
        "FETYPE2": " ",
        "FEDIRS2": " ",
        "FEDIRP3": " ",
        "NAME3": "Fairmont",
        "FETYPE3": "Dr",
        "FEDIRS3": " ",
        "FMCDL": 56640,
        "FMCDR": 56640,
        "COUNTYL": 75,
        "COUNTYR": 75,
        "NFC": 7,
        "RU_L": 1,
        "RU_R": 1,
        "PR": 915610,
        "BMP": 0,
        "EMP": 0.138,
        "BPT": "38011541",
        "EPT": "38011419",
        "LRS_LINK": " 9156103801154138011419",
        "LENGTH": 222.76935524,
        "VER": "17a",
        "Shape.STLength()": 222.7692616581523,
        "ADJ_CNTY": 0,
        "LEGALSYSTEM": 3,
        "PAVENTRA_SEGMENT_ID": "NAP-240-9156103801154138011419"
      }
    },
    {
      "type": "Feature",
      "id": 718431,
      "geometry": {
        "type": "LineString",
        "coordinates": [
          [
            -84.24729288992937,
            42.19057537959326
          ],
          [
            -84.24722886315318,
            42.19061228542175
          ],
          [
            -84.2471164758266,
            42.19069482676855
          ],
          [
            -84.24696685998961,
            42.19079661932164
          ],
          [
            -84.24685801584359,
            42.190871777977684
          ],
          [
            -84.24679795989925,
            42.1909522808999
          ],
          [
            -84.24677048345544,
            42.19104074845377
          ],
          [
            -84.2467640074447,
            42.19110593655682
          ],
          [
            -84.24677812525933,
            42.191162002691634
          ],
          [
            -84.24689131180175,
            42.19125679525351
          ],
          [
            -84.24700136006966,
            42.19135103202423
          ],
          [
            -84.24714074022182,
            42.19143848764267
          ],
          [
            -84.24724079651592,
            42.191523189167
          ],
          [
            -84.24729856022077,
            42.19162107895413
          ],
          [
            -84.2472898646684,
            42.19176295021543
          ],
          [
            -84.24724481149305,
            42.19187307573073
          ],
          [
            -84.24717241631059,
            42.19196199033611
          ],
          [
            -84.24702484207104,
            42.192073965766376
          ],
          [
            -84.24677760527398,
            42.192178600361544
          ],
          [
            -84.24643239411465,
            42.192356727956906
          ],
          [
            -84.24624013508486,
            42.192428335769144
          ],
          [
            -84.24607905507537,
            42.19245582030475
          ],
          [
            -84.24576749204248,
            42.19245835027359
          ],
          [
            -84.24555530746048,
            42.19240100696512
          ],
          [
            -84.24526358504974,
            42.19230340914403
          ],
          [
            -84.24509073129354,
            42.192233458559954
          ],
          [
            -84.24475919648673,
            42.19216081587216
          ],
          [
            -84.24454113751884,
            42.192160327287056
          ],
          [
            -84.24429053343282,
            42.192188810567934
          ],
          [
            -84.24407914016494,
            42.1922326537704
          ],
          [
            -84.24364478611464,
            42.192303822583106
          ],
          [
            -84.2413587678976,
            42.19266206855965
          ],
          [
            -84.24016231991082,
            42.192876532277495
          ]
        ]
      },
      "properties": {
        "OBJECTID": 718431,
        "FCC": "A32",
        "RDNAME": "Lakeview Dr",
        "FRADDL": 7841,
        "TOADDL": 7531,
        "FRADDR": 7840,
        "TOADDR": 7530,
        "ZIPL": 49201,
        "ZIPR": 49201,
        "FEDIRP": " ",
        "NAME": "Lakeview",
        "FETYPE": "Dr",
        "FEDIRS": " ",
        "FEDIRP2": " ",
        "NAME2": " ",
        "FETYPE2": " ",
        "FEDIRS2": " ",
        "FEDIRP3": " ",
        "NAME3": "Lakeview",
        "FETYPE3": "Ave",
        "FEDIRS3": " ",
        "FMCDL": 56640,
        "FMCDR": 56640,
        "COUNTYL": 75,
        "COUNTYR": 75,
        "NFC": 7,
        "RU_L": 1,
        "RU_R": 1,
        "PR": 916108,
        "BMP": 0,
        "EMP": 0.498,
        "BPT": "38011540",
        "EPT": "38011301",
        "LRS_LINK": " 9161083801154038011301",
        "LENGTH": 800.95322589,
        "VER": "17a",
        "Shape.STLength()": 800.95329508813,
        "ADJ_CNTY": 0,
        "LEGALSYSTEM": 3,
        "PAVENTRA_SEGMENT_ID": "NAP-241-9161083801154038011301"
      }
    },
    {
      "type": "Feature",
      "id": 722386,
      "geometry": {
        "type": "LineString",
        "coordinates": [
          [
            -84.36182458610527,
            42.17606211323405
          ],
          [
            -84.3597671592602,
            42.17608053677453
          ]
        ]
      },
      "properties": {
        "OBJECTID": 722386,
        "FCC": "A32",
        "RDNAME": "Allied Industrial Dr",
        "FRADDL": 3100,
        "TOADDL": 3200,
        "FRADDR": 3101,
        "TOADDR": 3201,
        "ZIPL": 49201,
        "ZIPR": 49201,
        "FEDIRP": " ",
        "NAME": "Allied Industrial",
        "FETYPE": "Dr",
        "FEDIRS": " ",
        "FEDIRP2": " ",
        "NAME2": " ",
        "FETYPE2": " ",
        "FEDIRS2": " ",
        "FEDIRP3": " ",
        "NAME3": " ",
        "FETYPE3": " ",
        "FEDIRS3": " ",
        "FMCDL": 56640,
        "FMCDR": 56640,
        "COUNTYL": 75,
        "COUNTYR": 75,
        "NFC": 7,
        "RU_L": 1,
        "RU_R": 1,
        "PR": 3381733,
        "BMP": 0,
        "EMP": 0.106,
        "BPT": "38020330",
        "EPT": "38018234",
        "LRS_LINK": "33817333802033038018234",
        "LENGTH": 169.93317496,
        "VER": "17a",
        "Shape.STLength()": 169.93318809373287,
        "ADJ_CNTY": 0,
        "LEGALSYSTEM": 3,
        "PAVENTRA_SEGMENT_ID": "NAP-242-33817333802033038018234"
      }
    },
    {
      "type": "Feature",
      "id": 722387,
      "geometry": {
        "type": "LineString",
        "coordinates": [
          [
            -84.36182458610527,
            42.17606211323405
          ],
          [
            -84.36184470926621,
            42.17874913826775
          ]
        ]
      },
      "properties": {
        "OBJECTID": 722387,
        "FCC": "A32",
        "RDNAME": "Marathon Dr",
        "FRADDL": 5800,
        "TOADDL": 5700,
        "FRADDR": 5801,
        "TOADDR": 5701,
        "ZIPL": 49201,
        "ZIPR": 49201,
        "FEDIRP": " ",
        "NAME": "Marathon",
        "FETYPE": "Dr",
        "FEDIRS": " ",
        "FEDIRP2": " ",
        "NAME2": " ",
        "FETYPE2": " ",
        "FEDIRS2": " ",
        "FEDIRP3": " ",
        "NAME3": " ",
        "FETYPE3": " ",
        "FEDIRS3": " ",
        "FMCDL": 56640,
        "FMCDR": 56640,
        "COUNTYL": 75,
        "COUNTYR": 75,
        "NFC": 7,
        "RU_L": 1,
        "RU_R": 1,
        "PR": 3381463,
        "BMP": 0,
        "EMP": 0.185,
        "BPT": "38020330",
        "EPT": "38020329",
        "LRS_LINK": "33814633802033038020329",
        "LENGTH": 298.3514914,
        "VER": "17a",
        "Shape.STLength()": 298.35155541738004,
        "ADJ_CNTY": 0,
        "LEGALSYSTEM": 3,
        "PAVENTRA_SEGMENT_ID": "NAP-243-33814633802033038020329"
      }
    },
    {
      "type": "Feature",
      "id": 722392,
      "geometry": {
        "type": "LineString",
        "coordinates": [
          [
            -84.36182458610527,
            42.17606211323405
          ],
          [
            -84.3636210376011,
            42.17606989479564
          ]
        ]
      },
      "properties": {
        "OBJECTID": 722392,
        "FCC": "A32",
        "RDNAME": "Allied Industrial Dr",
        "FRADDL": 3201,
        "TOADDL": 3133,
        "FRADDR": 3200,
        "TOADDR": 3132,
        "ZIPL": 49201,
        "ZIPR": 49201,
        "FEDIRP": " ",
        "NAME": "Allied Industrial",
        "FETYPE": "Dr",
        "FEDIRS": " ",
        "FEDIRP2": " ",
        "NAME2": " ",
        "FETYPE2": " ",
        "FEDIRS2": " ",
        "FEDIRP3": " ",
        "NAME3": " ",
        "FETYPE3": " ",
        "FEDIRS3": " ",
        "FMCDL": 56640,
        "FMCDR": 56640,
        "COUNTYL": 75,
        "COUNTYR": 75,
        "NFC": 7,
        "RU_L": 1,
        "RU_R": 1,
        "PR": 3381728,
        "BMP": 0,
        "EMP": 0.092,
        "BPT": "38020330",
        "EPT": "38025608",
        "LRS_LINK": "33817283802033038025608",
        "LENGTH": 148.36971394,
        "VER": "17a",
        "Shape.STLength()": 148.36970909538778,
        "ADJ_CNTY": 0,
        "LEGALSYSTEM": 3,
        "PAVENTRA_SEGMENT_ID": "NAP-244-33817283802033038025608"
      }
    },
    {
      "type": "Feature",
      "id": 722405,
      "geometry": {
        "type": "LineString",
        "coordinates": [
          [
            -84.28744357517108,
            42.17486865250436
          ],
          [
            -84.28749003981223,
            42.17885376588781
          ]
        ]
      },
      "properties": {
        "OBJECTID": 722405,
        "FCC": "A32",
        "RDNAME": "Wheaton Rd",
        "FRADDL": 7108,
        "TOADDL": 7298,
        "FRADDR": 7109,
        "TOADDR": 7299,
        "ZIPL": 49201,
        "ZIPR": 49201,
        "FEDIRP": " ",
        "NAME": "Wheaton",
        "FETYPE": "Rd",
        "FEDIRS": " ",
        "FEDIRP2": " ",
        "NAME2": " ",
        "FETYPE2": " ",
        "FEDIRS2": " ",
        "FEDIRP3": " ",
        "NAME3": " ",
        "FETYPE3": " ",
        "FEDIRS3": " ",
        "FMCDL": 56640,
        "FMCDR": 56640,
        "COUNTYL": 75,
        "COUNTYR": 75,
        "NFC": 7,
        "RU_L": 1,
        "RU_R": 1,
        "PR": 901110,
        "BMP": 2.266,
        "EMP": 2.541,
        "BPT": "38012270",
        "EPT": "38012112",
        "LRS_LINK": " 9011103801227038012112",
        "LENGTH": 442.49301922,
        "VER": "17a",
        "Shape.STLength()": 442.49304318203696,
        "ADJ_CNTY": 0,
        "LEGALSYSTEM": 3,
        "PAVENTRA_SEGMENT_ID": "NAP-245-9011103801227038012112"
      }
    },
    {
      "type": "Feature",
      "id": 722406,
      "geometry": {
        "type": "LineString",
        "coordinates": [
          [
            -84.28744357517108,
            42.17486865250436
          ],
          [
            -84.2842726377095,
            42.17481842267149
          ]
        ]
      },
      "properties": {
        "OBJECTID": 722406,
        "FCC": "A32",
        "RDNAME": "McKay Dr",
        "FRADDL": 7000,
        "TOADDL": 7198,
        "FRADDR": 7001,
        "TOADDR": 7199,
        "ZIPL": 49201,
        "ZIPR": 49201,
        "FEDIRP": " ",
        "NAME": "McKay",
        "FETYPE": "Dr",
        "FEDIRS": " ",
        "FEDIRP2": " ",
        "NAME2": " ",
        "FETYPE2": " ",
        "FEDIRS2": " ",
        "FEDIRP3": " ",
        "NAME3": "McKay",
        "FETYPE3": "Rd",
        "FEDIRS3": " ",
        "FMCDL": 56640,
        "FMCDR": 56640,
        "COUNTYL": 75,
        "COUNTYR": 75,
        "NFC": 7,
        "RU_L": 1,
        "RU_R": 1,
        "PR": 1921002,
        "BMP": 0,
        "EMP": 0.163,
        "BPT": "38012270",
        "EPT": "38012269",
        "LRS_LINK": "19210023801227038012269",
        "LENGTH": 261.94885046,
        "VER": "17a",
        "Shape.STLength()": 261.9488445073389,
        "ADJ_CNTY": 0,
        "LEGALSYSTEM": 3,
        "PAVENTRA_SEGMENT_ID": "NAP-246-19210023801227038012269"
      }
    },
    {
      "type": "Feature",
      "id": 722408,
      "geometry": {
        "type": "LineString",
        "coordinates": [
          [
            -84.27777883977909,
            42.17470364848263
          ],
          [
            -84.27778116996181,
            42.17547371825649
          ],
          [
            -84.27777528719821,
            42.176012491566716
          ]
        ]
      },
      "properties": {
        "OBJECTID": 722408,
        "FCC": "A32",
        "RDNAME": "Squires Rd",
        "FRADDL": 5898,
        "TOADDL": 5872,
        "FRADDR": 5899,
        "TOADDR": 5869,
        "ZIPL": 49201,
        "ZIPR": 49201,
        "FEDIRP": " ",
        "NAME": "Squires",
        "FETYPE": "Rd",
        "FEDIRS": " ",
        "FEDIRP2": " ",
        "NAME2": " ",
        "FETYPE2": " ",
        "FEDIRS2": " ",
        "FEDIRP3": " ",
        "NAME3": " ",
        "FETYPE3": " ",
        "FEDIRS3": " ",
        "FMCDL": 56640,
        "FMCDR": 56640,
        "COUNTYL": 75,
        "COUNTYR": 75,
        "NFC": 7,
        "RU_L": 1,
        "RU_R": 1,
        "PR": 901201,
        "BMP": 0,
        "EMP": 0.09,
        "BPT": "38012275",
        "EPT": "38012226",
        "LRS_LINK": " 9012013801227538012226",
        "LENGTH": 145.32608317,
        "VER": "17a",
        "Shape.STLength()": 145.3260341928869,
        "ADJ_CNTY": 0,
        "LEGALSYSTEM": 3,
        "PAVENTRA_SEGMENT_ID": "NAP-247-9012013801227538012226"
      }
    },
    {
      "type": "Feature",
      "id": 722409,
      "geometry": {
        "type": "LineString",
        "coordinates": [
          [
            -84.279377986988,
            42.17537337304498
          ],
          [
            -84.27777883977909,
            42.17470364848263
          ]
        ]
      },
      "properties": {
        "OBJECTID": 722409,
        "FCC": "A21",
        "RDNAME": "Brooklyn Rd",
        "FRADDL": 6494,
        "TOADDL": 6474,
        "FRADDR": 6517,
        "TOADDR": 6501,
        "ZIPL": 49201,
        "ZIPR": 49201,
        "FEDIRP": " ",
        "NAME": "Brooklyn",
        "FETYPE": "Rd",
        "FEDIRS": " ",
        "FEDIRP2": " ",
        "NAME2": "M 50",
        "FETYPE2": " ",
        "FEDIRS2": " ",
        "FEDIRP3": " ",
        "NAME3": " ",
        "FETYPE3": " ",
        "FEDIRS3": " ",
        "FMCDL": 56640,
        "FMCDR": 56640,
        "COUNTYL": 75,
        "COUNTYR": 75,
        "NFC": 4,
        "RU_L": 1,
        "RU_R": 1,
        "PR": 899310,
        "BMP": 6.771,
        "EMP": 6.865,
        "BPT": "38016857",
        "EPT": "38012275",
        "LRS_LINK": " 8993103801685738012275",
        "LENGTH": 151.56882829,
        "VER": "17a",
        "Shape.STLength()": 151.56884953901314,
        "ADJ_CNTY": 0,
        "LEGALSYSTEM": 1,
        "PAVENTRA_SEGMENT_ID": "NAP-248-8993103801685738012275"
      }
    },
    {
      "type": "Feature",
      "id": 722557,
      "geometry": {
        "type": "LineString",
        "coordinates": [
          [
            -84.23850867129303,
            42.17363987072917
          ],
          [
            -84.23854053941714,
            42.17461090332062
          ]
        ]
      },
      "properties": {
        "OBJECTID": 722557,
        "FCC": "A32",
        "RDNAME": "Amberton Dr",
        "FRADDL": 6048,
        "TOADDL": 6000,
        "FRADDR": 6135,
        "TOADDR": 6001,
        "ZIPL": 49201,
        "ZIPR": 49201,
        "FEDIRP": " ",
        "NAME": "Amberton",
        "FETYPE": "Dr",
        "FEDIRS": " ",
        "FEDIRP2": " ",
        "NAME2": " ",
        "FETYPE2": " ",
        "FEDIRS2": " ",
        "FEDIRP3": " ",
        "NAME3": " ",
        "FETYPE3": " ",
        "FEDIRS3": " ",
        "FMCDL": 56640,
        "FMCDR": 56640,
        "COUNTYL": 75,
        "COUNTYR": 75,
        "NFC": 7,
        "RU_L": 1,
        "RU_R": 1,
        "PR": 915601,
        "BMP": 0.223,
        "EMP": 0.29,
        "BPT": "38012298",
        "EPT": "38012254",
        "LRS_LINK": " 9156013801229838012254",
        "LENGTH": 107.84805229,
        "VER": "17a",
        "Shape.STLength()": 107.84806117204889,
        "ADJ_CNTY": 0,
        "LEGALSYSTEM": 3,
        "PAVENTRA_SEGMENT_ID": "NAP-249-9156013801229838012254"
      }
    },
    {
      "type": "Feature",
      "id": 722577,
      "geometry": {
        "type": "LineString",
        "coordinates": [
          [
            -84.32590034269182,
            42.17496046218605
          ],
          [
            -84.32103775368343,
            42.174965833550786
          ],
          [
            -84.32095314346537,
            42.174956982677415
          ],
          [
            -84.3208567843293,
            42.174944382546684
          ]
        ]
      },
      "properties": {
        "OBJECTID": 722577,
        "FCC": "A32",
        "RDNAME": "Wheaton Rd",
        "FRADDL": 5000,
        "TOADDL": 5398,
        "FRADDR": 5001,
        "TOADDR": 5207,
        "ZIPL": 49201,
        "ZIPR": 49201,
        "FEDIRP": " ",
        "NAME": "Wheaton",
        "FETYPE": "Rd",
        "FEDIRS": " ",
        "FEDIRP2": " ",
        "NAME2": " ",
        "FETYPE2": " ",
        "FEDIRS2": " ",
        "FEDIRP3": " ",
        "NAME3": " ",
        "FETYPE3": " ",
        "FEDIRS3": " ",
        "FMCDL": 56640,
        "FMCDR": 56640,
        "COUNTYL": 75,
        "COUNTYR": 75,
        "NFC": 7,
        "RU_L": 1,
        "RU_R": 1,
        "PR": 901110,
        "BMP": 0,
        "EMP": 0.259,
        "BPT": "38012297",
        "EPT": "38012296",
        "LRS_LINK": " 9011103801229738012296",
        "LENGTH": 416.74079439,
        "VER": "17a",
        "Shape.STLength()": 416.7408544340035,
        "ADJ_CNTY": 0,
        "LEGALSYSTEM": 3,
        "PAVENTRA_SEGMENT_ID": "NAP-250-9011103801229738012296"
      }
    },
    {
      "type": "Feature",
      "id": 722578,
      "geometry": {
        "type": "LineString",
        "coordinates": [
          [
            -84.32590034269182,
            42.17496046218605
          ],
          [
            -84.32596396317683,
            42.17776580605867
          ]
        ]
      },
      "properties": {
        "OBJECTID": 722578,
        "FCC": "A31",
        "RDNAME": "Clark Lake Rd",
        "FRADDL": 5868,
        "TOADDL": 5736,
        "FRADDR": 5999,
        "TOADDR": 5737,
        "ZIPL": 49201,
        "ZIPR": 49201,
        "FEDIRP": " ",
        "NAME": "Clark Lake",
        "FETYPE": "Rd",
        "FEDIRS": " ",
        "FEDIRP2": " ",
        "NAME2": "Clarklake",
        "FETYPE2": "Rd",
        "FEDIRS2": " ",
        "FEDIRP3": " ",
        "NAME3": "Clark Lake",
        "FETYPE3": "Rd",
        "FEDIRS3": " ",
        "FMCDL": 56640,
        "FMCDR": 56640,
        "COUNTYL": 75,
        "COUNTYR": 75,
        "NFC": 6,
        "RU_L": 1,
        "RU_R": 1,
        "PR": 3380002,
        "BMP": 1.051,
        "EMP": 1.245,
        "BPT": "38012297",
        "EPT": "38012185",
        "LRS_LINK": "33800023801229738012185",
        "LENGTH": 311.52818413,
        "VER": "17a",
        "Shape.STLength()": 311.5282506327155,
        "ADJ_CNTY": 0,
        "LEGALSYSTEM": 2,
        "PAVENTRA_SEGMENT_ID": "NAP-251-33800023801229738012185"
      }
    },
    {
      "type": "Feature",
      "id": 722582,
      "geometry": {
        "type": "LineString",
        "coordinates": [
          [
            -84.24034191856443,
            42.17360558941416
          ],
          [
            -84.23850867129303,
            42.17363987072917
          ]
        ]
      },
      "properties": {
        "OBJECTID": 722582,
        "FCC": "A32",
        "RDNAME": "Stetler Dr",
        "FRADDL": 9598,
        "TOADDL": 9442,
        "FRADDR": 9525,
        "TOADDR": 9599,
        "ZIPL": 49201,
        "ZIPR": 49201,
        "FEDIRP": " ",
        "NAME": "Stetler",
        "FETYPE": "Dr",
        "FEDIRS": " ",
        "FEDIRP2": " ",
        "NAME2": " ",
        "FETYPE2": " ",
        "FEDIRS2": " ",
        "FEDIRP3": " ",
        "NAME3": " ",
        "FETYPE3": " ",
        "FEDIRS3": " ",
        "FMCDL": 56640,
        "FMCDR": 56640,
        "COUNTYL": 75,
        "COUNTYR": 75,
        "NFC": 7,
        "RU_L": 1,
        "RU_R": 1,
        "PR": 916107,
        "BMP": 0.305,
        "EMP": 0.399,
        "BPT": "38012300",
        "EPT": "38012298",
        "LRS_LINK": " 9161073801230038012298",
        "LENGTH": 151.45962078,
        "VER": "17a",
        "Shape.STLength()": 151.45962555671395,
        "ADJ_CNTY": 0,
        "LEGALSYSTEM": 3,
        "PAVENTRA_SEGMENT_ID": "NAP-252-9161073801230038012298"
      }
    },
    {
      "type": "Feature",
      "id": 722591,
      "geometry": {
        "type": "LineString",
        "coordinates": [
          [
            -84.24125384000827,
            42.17358672622529
          ],
          [
            -84.24034191856443,
            42.17360558941416
          ]
        ]
      },
      "properties": {
        "OBJECTID": 722591,
        "FCC": "A32",
        "RDNAME": "Stetler Dr",
        "FRADDL": 9298,
        "TOADDL": 9292,
        "FRADDR": 9217,
        "TOADDR": 9523,
        "ZIPL": 49201,
        "ZIPR": 49201,
        "FEDIRP": " ",
        "NAME": "Stetler",
        "FETYPE": "Dr",
        "FEDIRS": " ",
        "FEDIRP2": " ",
        "NAME2": " ",
        "FETYPE2": " ",
        "FEDIRS2": " ",
        "FEDIRP3": " ",
        "NAME3": " ",
        "FETYPE3": " ",
        "FEDIRS3": " ",
        "FMCDL": 56640,
        "FMCDR": 56640,
        "COUNTYL": 75,
        "COUNTYR": 75,
        "NFC": 7,
        "RU_L": 1,
        "RU_R": 1,
        "PR": 916107,
        "BMP": 0.258,
        "EMP": 0.305,
        "BPT": "38012304",
        "EPT": "38012300",
        "LRS_LINK": " 9161073801230438012300",
        "LENGTH": 75.34666322,
        "VER": "17a",
        "Shape.STLength()": 75.34667737047202,
        "ADJ_CNTY": 0,
        "LEGALSYSTEM": 3,
        "PAVENTRA_SEGMENT_ID": "NAP-253-9161073801230438012300"
      }
    },
    {
      "type": "Feature",
      "id": 722592,
      "geometry": {
        "type": "LineString",
        "coordinates": [
          [
            -84.24125384000827,
            42.17358672622529
          ],
          [
            -84.24128061501763,
            42.17456179470056
          ]
        ]
      },
      "properties": {
        "OBJECTID": 722592,
        "FCC": "A32",
        "RDNAME": "Bessie Ln",
        "FRADDL": 0,
        "TOADDL": 0,
        "FRADDR": 0,
        "TOADDR": 0,
        "ZIPL": 49201,
        "ZIPR": 49201,
        "FEDIRP": " ",
        "NAME": "Bessie",
        "FETYPE": "Ln",
        "FEDIRS": " ",
        "FEDIRP2": " ",
        "NAME2": " ",
        "FETYPE2": " ",
        "FEDIRS2": " ",
        "FEDIRP3": " ",
        "NAME3": " ",
        "FETYPE3": " ",
        "FEDIRS3": " ",
        "FMCDL": 56640,
        "FMCDR": 56640,
        "COUNTYL": 75,
        "COUNTYR": 75,
        "NFC": 7,
        "RU_L": 1,
        "RU_R": 1,
        "PR": 915510,
        "BMP": 0,
        "EMP": 0.067,
        "BPT": "38012304",
        "EPT": "38012261",
        "LRS_LINK": " 9155103801230438012261",
        "LENGTH": 108.2866376,
        "VER": "17a",
        "Shape.STLength()": 108.28663362414588,
        "ADJ_CNTY": 0,
        "LEGALSYSTEM": 3,
        "PAVENTRA_SEGMENT_ID": "NAP-254-9155103801230438012261"
      }
    },
    {
      "type": "Feature",
      "id": 722607,
      "geometry": {
        "type": "LineString",
        "coordinates": [
          [
            -84.28034006901325,
            42.17409783547191
          ],
          [
            -84.279377986988,
            42.17537337304498
          ]
        ]
      },
      "properties": {
        "OBJECTID": 722607,
        "FCC": "A32",
        "RDNAME": "Silkworth Blvd",
        "FRADDL": 0,
        "TOADDL": 0,
        "FRADDR": 0,
        "TOADDR": 0,
        "ZIPL": 49201,
        "ZIPR": 49201,
        "FEDIRP": " ",
        "NAME": "Silkworth",
        "FETYPE": "Blvd",
        "FEDIRS": " ",
        "FEDIRP2": " ",
        "NAME2": " ",
        "FETYPE2": " ",
        "FEDIRS2": " ",
        "FEDIRP3": " ",
        "NAME3": " ",
        "FETYPE3": " ",
        "FEDIRS3": " ",
        "FMCDL": 56640,
        "FMCDR": 56640,
        "COUNTYL": 75,
        "COUNTYR": 75,
        "NFC": 7,
        "RU_L": 1,
        "RU_R": 1,
        "PR": 3380666,
        "BMP": 0,
        "EMP": 0.101,
        "BPT": "38016858",
        "EPT": "38016857",
        "LRS_LINK": "33806663801685838016857",
        "LENGTH": 162.39337119,
        "VER": "17a",
        "Shape.STLength()": 162.39339507658556,
        "ADJ_CNTY": 0,
        "LEGALSYSTEM": 3,
        "PAVENTRA_SEGMENT_ID": "NAP-255-33806663801685838016857"
      }
    },
    {
      "type": "Feature",
      "id": 722608,
      "geometry": {
        "type": "LineString",
        "coordinates": [
          [
            -84.28034006901325,
            42.17409783547191
          ],
          [
            -84.2803376087174,
            42.17440829311571
          ],
          [
            -84.28030324058882,
            42.17454672360834
          ],
          [
            -84.28021091811677,
            42.174712617488105
          ],
          [
            -84.27963785360161,
            42.17548856479171
          ]
        ]
      },
      "properties": {
        "OBJECTID": 722608,
        "FCC": "A32",
        "RDNAME": "Silkworth Blvd",
        "FRADDL": 0,
        "TOADDL": 0,
        "FRADDR": 0,
        "TOADDR": 0,
        "ZIPL": 49201,
        "ZIPR": 49201,
        "FEDIRP": " ",
        "NAME": "Silkworth",
        "FETYPE": "Blvd",
        "FEDIRS": " ",
        "FEDIRP2": " ",
        "NAME2": " ",
        "FETYPE2": " ",
        "FEDIRS2": " ",
        "FEDIRP3": " ",
        "NAME3": " ",
        "FETYPE3": " ",
        "FEDIRS3": " ",
        "FMCDL": 56640,
        "FMCDR": 56640,
        "COUNTYL": 75,
        "COUNTYR": 75,
        "NFC": 7,
        "RU_L": 1,
        "RU_R": 1,
        "PR": 1920904,
        "BMP": 0.426,
        "EMP": 0.531,
        "BPT": "38016858",
        "EPT": "38016856",
        "LRS_LINK": "19209043801685838016856",
        "LENGTH": 168.33651774,
        "VER": "17a",
        "Shape.STLength()": 168.33655141505272,
        "ADJ_CNTY": 0,
        "LEGALSYSTEM": 3,
        "PAVENTRA_SEGMENT_ID": "NAP-256-19209043801685838016856"
      }
    },
    {
      "type": "Feature",
      "id": 722652,
      "geometry": {
        "type": "LineString",
        "coordinates": [
          [
            -84.27355805987257,
            42.173654684559196
          ],
          [
            -84.273569672714,
            42.173988893453924
          ],
          [
            -84.27357211844154,
            42.17504033186845
          ]
        ]
      },
      "properties": {
        "OBJECTID": 722652,
        "FCC": "A32",
        "RDNAME": "Flamingo Dr",
        "FRADDL": 6524,
        "TOADDL": 5990,
        "FRADDR": 6525,
        "TOADDR": 6451,
        "ZIPL": 49201,
        "ZIPR": 49201,
        "FEDIRP": " ",
        "NAME": "Flamingo",
        "FETYPE": "Dr",
        "FEDIRS": " ",
        "FEDIRP2": " ",
        "NAME2": " ",
        "FETYPE2": " ",
        "FEDIRS2": " ",
        "FEDIRP3": " ",
        "NAME3": " ",
        "FETYPE3": " ",
        "FEDIRS3": " ",
        "FMCDL": 56640,
        "FMCDR": 56640,
        "COUNTYL": 75,
        "COUNTYR": 75,
        "NFC": 7,
        "RU_L": 1,
        "RU_R": 1,
        "PR": 901202,
        "BMP": 0.049,
        "EMP": 0.145,
        "BPT": "38012307",
        "EPT": "38012268",
        "LRS_LINK": " 9012023801230738012268",
        "LENGTH": 153.86411599,
        "VER": "17a",
        "Shape.STLength()": 153.8641316089539,
        "ADJ_CNTY": 0,
        "LEGALSYSTEM": 3,
        "PAVENTRA_SEGMENT_ID": "NAP-257-9012023801230738012268"
      }
    },
    {
      "type": "Feature",
      "id": 726010,
      "geometry": {
        "type": "LineString",
        "coordinates": [
          [
            -84.27095590408328,
            42.16025629474495
          ],
          [
            -84.27089434474351,
            42.160245245077135
          ],
          [
            -84.27082325190662,
            42.160239149554606
          ],
          [
            -84.2697021419569,
            42.16022271644381
          ],
          [
            -84.26967398611185,
            42.1602231190571
          ]
        ]
      },
      "properties": {
        "OBJECTID": 726010,
        "FCC": "A31",
        "RDNAME": "N Stony Lake Rd",
        "FRADDL": 6448,
        "TOADDL": 6386,
        "FRADDR": 1471,
        "TOADDR": 1237,
        "ZIPL": 49201,
        "ZIPR": 49201,
        "FEDIRP": "N",
        "NAME": "Stony Lake",
        "FETYPE": "Rd",
        "FEDIRS": " ",
        "FEDIRP2": " ",
        "NAME2": " ",
        "FETYPE2": " ",
        "FEDIRS2": " ",
        "FEDIRP3": "N",
        "NAME3": "Stoney Lake",
        "FETYPE3": "Rd",
        "FEDIRS3": " ",
        "FMCDL": 56640,
        "FMCDR": 56640,
        "COUNTYL": 75,
        "COUNTYR": 75,
        "NFC": 5,
        "RU_L": 1,
        "RU_R": 1,
        "PR": 915501,
        "BMP": 4.411,
        "EMP": 4.477,
        "BPT": "38012849",
        "EPT": "38020419",
        "LRS_LINK": " 9155013801284938020419",
        "LENGTH": 106.10191386,
        "VER": "17a",
        "Shape.STLength()": 106.10184078632197,
        "ADJ_CNTY": 0,
        "LEGALSYSTEM": 3,
        "PAVENTRA_SEGMENT_ID": "NAP-258-9155013801284938020419"
      }
    },
    {
      "type": "Feature",
      "id": 726065,
      "geometry": {
        "type": "LineString",
        "coordinates": [
          [
            -84.29129826477909,
            42.160320153846776
          ],
          [
            -84.28893832160298,
            42.16031078861784
          ],
          [
            -84.28702782783667,
            42.16030317163518
          ],
          [
            -84.28537134208432,
            42.16031737960664
          ],
          [
            -84.28411367456363,
            42.16050864892421
          ]
        ]
      },
      "properties": {
        "OBJECTID": 726065,
        "FCC": "A31",
        "RDNAME": "N Stony Lake Rd",
        "FRADDL": 6848,
        "TOADDL": 6998,
        "FRADDR": 6811,
        "TOADDR": 6999,
        "ZIPL": 49201,
        "ZIPR": 49201,
        "FEDIRP": "N",
        "NAME": "Stony Lake",
        "FETYPE": "Rd",
        "FEDIRS": " ",
        "FEDIRP2": " ",
        "NAME2": " ",
        "FETYPE2": " ",
        "FEDIRS2": " ",
        "FEDIRP3": "N",
        "NAME3": "Stoney Lake",
        "FETYPE3": "Rd",
        "FEDIRS3": " ",
        "FMCDL": 56640,
        "FMCDR": 56640,
        "COUNTYL": 75,
        "COUNTYR": 75,
        "NFC": 5,
        "RU_L": 1,
        "RU_R": 1,
        "PR": 915501,
        "BMP": 3.266,
        "EMP": 3.636,
        "BPT": "38020545",
        "EPT": "38017637",
        "LRS_LINK": " 9155013802054538017637",
        "LENGTH": 595.67741544,
        "VER": "17a",
        "Shape.STLength()": 595.6773863495392,
        "ADJ_CNTY": 0,
        "LEGALSYSTEM": 3,
        "PAVENTRA_SEGMENT_ID": "NAP-259-9155013802054538017637"
      }
    },
    {
      "type": "Feature",
      "id": 726066,
      "geometry": {
        "type": "LineString",
        "coordinates": [
          [
            -84.29129826477909,
            42.160320153846776
          ],
          [
            -84.29134266024762,
            42.16072047607476
          ],
          [
            -84.29133477761563,
            42.16100808194855
          ],
          [
            -84.29119477779872,
            42.1613580820414
          ],
          [
            -84.2911501727892,
            42.16146249241402
          ],
          [
            -84.29114852381234,
            42.16159850276712
          ],
          [
            -84.29115110542314,
            42.16165865141112
          ],
          [
            -84.29116477825129,
            42.16172808148365
          ],
          [
            -84.29135477758513,
            42.1621280821803
          ],
          [
            -84.29135477757904,
            42.16245808156094
          ],
          [
            -84.29136175045605,
            42.162481080641115
          ],
          [
            -84.29138138340822,
            42.16250221129621
          ],
          [
            -84.29149269401621,
            42.16258260891565
          ],
          [
            -84.29153160821245,
            42.1626375935381
          ],
          [
            -84.2915654861283,
            42.16276193066614
          ],
          [
            -84.29165569716584,
            42.1630421942553
          ],
          [
            -84.29173889195536,
            42.16323903378577
          ],
          [
            -84.29178406364196,
            42.163325419244316
          ],
          [
            -84.29187705040118,
            42.16341200841038
          ],
          [
            -84.29196497980081,
            42.16349335896328
          ],
          [
            -84.29215506736405,
            42.1636433748096
          ]
        ]
      },
      "properties": {
        "OBJECTID": 726066,
        "FCC": "A41",
        "RDNAME": "Marsh Dr",
        "FRADDL": 0,
        "TOADDL": 0,
        "FRADDR": 0,
        "TOADDR": 0,
        "ZIPL": 49201,
        "ZIPR": 49201,
        "FEDIRP": " ",
        "NAME": "Marsh",
        "FETYPE": "Dr",
        "FEDIRS": " ",
        "FEDIRP2": " ",
        "NAME2": " ",
        "FETYPE2": " ",
        "FEDIRS2": " ",
        "FEDIRP3": " ",
        "NAME3": " ",
        "FETYPE3": " ",
        "FEDIRS3": " ",
        "FMCDL": 56640,
        "FMCDR": 56640,
        "COUNTYL": 75,
        "COUNTYR": 75,
        "NFC": 0,
        "RU_L": 1,
        "RU_R": 1,
        "PR": 3381524,
        "BMP": 0,
        "EMP": 0.245,
        "BPT": "38020545",
        "EPT": "38020521",
        "LRS_LINK": "33815243802054538020521",
        "LENGTH": 393.82932399,
        "VER": "17a",
        "Shape.STLength()": 393.8293353651462,
        "ADJ_CNTY": 0,
        "LEGALSYSTEM": 0,
        "PAVENTRA_SEGMENT_ID": "NAP-260-33815243802054538020521"
      }
    },
    {
      "type": "Feature",
      "id": 726072,
      "geometry": {
        "type": "LineString",
        "coordinates": [
          [
            -84.29502708254306,
            42.16034075243339
          ],
          [
            -84.29179016127134,
            42.16032209945689
          ],
          [
            -84.29129826477909,
            42.160320153846776
          ]
        ]
      },
      "properties": {
        "OBJECTID": 726072,
        "FCC": "A31",
        "RDNAME": "N Stony Lake Rd",
        "FRADDL": 6720,
        "TOADDL": 6846,
        "FRADDR": 6621,
        "TOADDR": 6809,
        "ZIPL": 49201,
        "ZIPR": 49201,
        "FEDIRP": "N",
        "NAME": "Stony Lake",
        "FETYPE": "Rd",
        "FEDIRS": " ",
        "FEDIRP2": " ",
        "NAME2": " ",
        "FETYPE2": " ",
        "FEDIRS2": " ",
        "FEDIRP3": "N",
        "NAME3": "Stoney Lake",
        "FETYPE3": "Rd",
        "FEDIRS3": " ",
        "FMCDL": 56640,
        "FMCDR": 56640,
        "COUNTYL": 75,
        "COUNTYR": 75,
        "NFC": 5,
        "RU_L": 1,
        "RU_R": 1,
        "PR": 915501,
        "BMP": 3.075,
        "EMP": 3.266,
        "BPT": "38019422",
        "EPT": "38020545",
        "LRS_LINK": " 9155013801942238020545",
        "LENGTH": 308.04411252,
        "VER": "17a",
        "Shape.STLength()": 308.04414019078445,
        "ADJ_CNTY": 0,
        "LEGALSYSTEM": 3,
        "PAVENTRA_SEGMENT_ID": "NAP-261-9155013801942238020545"
      }
    },
    {
      "type": "Feature",
      "id": 726073,
      "geometry": {
        "type": "LineString",
        "coordinates": [
          [
            -84.29502708254306,
            42.16034075243339
          ],
          [
            -84.29501524502304,
            42.160768179811704
          ],
          [
            -84.29500995753756,
            42.160959097699724
          ],
          [
            -84.29503329387921,
            42.161084888229546
          ],
          [
            -84.29506851648642,
            42.16119660619962
          ],
          [
            -84.29513023239605,
            42.16132013391855
          ],
          [
            -84.29519992527669,
            42.16143238024212
          ],
          [
            -84.29530049459657,
            42.161536548193254
          ],
          [
            -84.29548694441549,
            42.161721852324014
          ],
          [
            -84.29558065155358,
            42.16182415010861
          ],
          [
            -84.29565072431863,
            42.16193597495476
          ],
          [
            -84.29570556115426,
            42.16205132094152
          ],
          [
            -84.29573780424198,
            42.16216256600728
          ],
          [
            -84.29575223700832,
            42.162279170141055
          ],
          [
            -84.29576425829757,
            42.16262791589931
          ],
          [
            -84.29577166371392,
            42.16344601879199
          ],
          [
            -84.29577240008912,
            42.16353466740399
          ],
          [
            -84.29575992558327,
            42.16359862897718
          ],
          [
            -84.29575395189755,
            42.163677684505586
          ],
          [
            -84.29574541698979,
            42.163739693085596
          ],
          [
            -84.29571392598766,
            42.16383051611903
          ],
          [
            -84.29567941262621,
            42.163907344353056
          ],
          [
            -84.29563474574184,
            42.16398148023963
          ],
          [
            -84.295574287609,
            42.16407186023087
          ],
          [
            -84.29551880135257,
            42.164167388969894
          ],
          [
            -84.29547055150792,
            42.164247810838646
          ],
          [
            -84.29544618992605,
            42.1643273304288
          ],
          [
            -84.29542400809018,
            42.16445126829274
          ],
          [
            -84.29541016057313,
            42.164551239343055
          ],
          [
            -84.29541076556664,
            42.16489872005283
          ],
          [
            -84.29543648160707,
            42.16627054798406
          ],
          [
            -84.29543027886581,
            42.16635242947066
          ],
          [
            -84.29541063224158,
            42.16642239411374
          ],
          [
            -84.29538323968718,
            42.16648784848776
          ],
          [
            -84.29534199680943,
            42.16655601738347
          ],
          [
            -84.29528714905838,
            42.16661812324548
          ],
          [
            -84.29524053216089,
            42.166667180580504
          ],
          [
            -84.29518420365855,
            42.166711696588976
          ],
          [
            -84.29512004691549,
            42.166754628727794
          ],
          [
            -84.29501843967732,
            42.166799915361395
          ],
          [
            -84.29491908169145,
            42.1668349885307
          ],
          [
            -84.2948216932615,
            42.166859849357984
          ],
          [
            -84.29471731393504,
            42.16687833944176
          ],
          [
            -84.29461738694934,
            42.166886079613086
          ],
          [
            -84.29435359029553,
            42.166885125403134
          ],
          [
            -84.29281532694178,
            42.16688470813974
          ],
          [
            -84.29141031246485,
            42.16688294707438
          ],
          [
            -84.2912367207424,
            42.16687805183513
          ],
          [
            -84.29113236348422,
            42.16686085074497
          ],
          [
            -84.29098645936052,
            42.16682964108192
          ],
          [
            -84.29068959268757,
            42.166733718078596
          ],
          [
            -84.28994761762648,
            42.16648802179392
          ]
        ]
      },
      "properties": {
        "OBJECTID": 726073,
        "FCC": "A32",
        "RDNAME": "Stony Lake Ln",
        "FRADDL": 0,
        "TOADDL": 0,
        "FRADDR": 0,
        "TOADDR": 0,
        "ZIPL": 49201,
        "ZIPR": 49201,
        "FEDIRP": " ",
        "NAME": "Stony Lake",
        "FETYPE": "Ln",
        "FEDIRS": " ",
        "FEDIRP2": " ",
        "NAME2": " ",
        "FETYPE2": " ",
        "FEDIRS2": " ",
        "FEDIRP3": " ",
        "NAME3": " ",
        "FETYPE3": " ",
        "FEDIRS3": " ",
        "FMCDL": 56640,
        "FMCDR": 56640,
        "COUNTYL": 75,
        "COUNTYR": 75,
        "NFC": 7,
        "RU_L": 1,
        "RU_R": 1,
        "PR": 3381142,
        "BMP": 0,
        "EMP": 0.733,
        "BPT": "38019422",
        "EPT": "38019424",
        "LRS_LINK": "33811423801942238019424",
        "LENGTH": 1179.53712783,
        "VER": "17a",
        "Shape.STLength()": 1179.5370457618703,
        "ADJ_CNTY": 0,
        "LEGALSYSTEM": 3,
        "PAVENTRA_SEGMENT_ID": "NAP-262-33811423801942238019424"
      }
    },
    {
      "type": "Feature",
      "id": 726100,
      "geometry": {
        "type": "LineString",
        "coordinates": [
          [
            -84.30639652984806,
            42.160379192897175
          ],
          [
            -84.30399803907667,
            42.160388413847926
          ],
          [
            -84.29938762834277,
            42.16036400716202
          ],
          [
            -84.29502708254306,
            42.16034075243339
          ]
        ]
      },
      "properties": {
        "OBJECTID": 726100,
        "FCC": "A31",
        "RDNAME": "Stony Lake Rd",
        "FRADDL": 6000,
        "TOADDL": 6718,
        "FRADDR": 6001,
        "TOADDR": 6619,
        "ZIPL": 49201,
        "ZIPR": 49201,
        "FEDIRP": " ",
        "NAME": "Stony Lake",
        "FETYPE": "Rd",
        "FEDIRS": " ",
        "FEDIRP2": " ",
        "NAME2": " ",
        "FETYPE2": " ",
        "FEDIRS2": " ",
        "FEDIRP3": "N",
        "NAME3": "Stoney Lake",
        "FETYPE3": "Rd",
        "FEDIRS3": " ",
        "FMCDL": 56640,
        "FMCDR": 56640,
        "COUNTYL": 75,
        "COUNTYR": 75,
        "NFC": 5,
        "RU_L": 1,
        "RU_R": 1,
        "PR": 915501,
        "BMP": 2.491,
        "EMP": 3.075,
        "BPT": "38012870",
        "EPT": "38019422",
        "LRS_LINK": " 9155013801287038019422",
        "LENGTH": 939.24477587,
        "VER": "17a",
        "Shape.STLength()": 939.2447035165465,
        "ADJ_CNTY": 0,
        "LEGALSYSTEM": 3,
        "PAVENTRA_SEGMENT_ID": "NAP-263-9155013801287038019422"
      }
    },
    {
      "type": "Feature",
      "id": 726101,
      "geometry": {
        "type": "LineString",
        "coordinates": [
          [
            -84.30639652984806,
            42.160379192897175
          ],
          [
            -84.30639197556691,
            42.161131446911334
          ],
          [
            -84.30661105355873,
            42.17129575373339
          ]
        ]
      },
      "properties": {
        "OBJECTID": 726101,
        "FCC": "A32",
        "RDNAME": "Benton Rd",
        "FRADDL": 6798,
        "TOADDL": 6200,
        "FRADDR": 6707,
        "TOADDR": 6201,
        "ZIPL": 49201,
        "ZIPR": 49201,
        "FEDIRP": " ",
        "NAME": "Benton",
        "FETYPE": "Rd",
        "FEDIRS": " ",
        "FEDIRP2": " ",
        "NAME2": " ",
        "FETYPE2": " ",
        "FEDIRS2": " ",
        "FEDIRP3": " ",
        "NAME3": " ",
        "FETYPE3": " ",
        "FEDIRS3": " ",
        "FMCDL": 56640,
        "FMCDR": 56640,
        "COUNTYL": 75,
        "COUNTYR": 75,
        "NFC": 7,
        "RU_L": 1,
        "RU_R": 1,
        "PR": 901108,
        "BMP": 0.98,
        "EMP": 1.733,
        "BPT": "38012870",
        "EPT": "38012425",
        "LRS_LINK": " 9011083801287038012425",
        "LENGTH": 1212.23495849,
        "VER": "17a",
        "Shape.STLength()": 1212.2349675017101,
        "ADJ_CNTY": 0,
        "LEGALSYSTEM": 3,
        "PAVENTRA_SEGMENT_ID": "NAP-264-9011083801287038012425"
      }
    },
    {
      "type": "Feature",
      "id": 726140,
      "geometry": {
        "type": "LineString",
        "coordinates": [
          [
            -84.32576653593941,
            42.16042058009011
          ],
          [
            -84.31819398868292,
            42.16040430698894
          ],
          [
            -84.30639652984806,
            42.160379192897175
          ]
        ]
      },
      "properties": {
        "OBJECTID": 726140,
        "FCC": "A31",
        "RDNAME": "N Stony Lake Rd",
        "FRADDL": 5282,
        "TOADDL": 5998,
        "FRADDR": 5283,
        "TOADDR": 5999,
        "ZIPL": 49201,
        "ZIPR": 49201,
        "FEDIRP": "N",
        "NAME": "Stony Lake",
        "FETYPE": "Rd",
        "FEDIRS": " ",
        "FEDIRP2": " ",
        "NAME2": " ",
        "FETYPE2": " ",
        "FEDIRS2": " ",
        "FEDIRP3": "N",
        "NAME3": "Stoney Lake",
        "FETYPE3": "Rd",
        "FEDIRS3": " ",
        "FMCDL": 56640,
        "FMCDR": 56640,
        "COUNTYL": 75,
        "COUNTYR": 75,
        "NFC": 5,
        "RU_L": 1,
        "RU_R": 1,
        "PR": 915501,
        "BMP": 1.497,
        "EMP": 2.491,
        "BPT": "38012881",
        "EPT": "38012870",
        "LRS_LINK": " 9155013801288138012870",
        "LENGTH": 1600.15057587,
        "VER": "17a",
        "Shape.STLength()": 1600.1505656376212,
        "ADJ_CNTY": 0,
        "LEGALSYSTEM": 3,
        "PAVENTRA_SEGMENT_ID": "NAP-265-9155013801288138012870"
      }
    },
    {
      "type": "Feature",
      "id": 726141,
      "geometry": {
        "type": "LineString",
        "coordinates": [
          [
            -84.32660490779196,
            42.16043670732833
          ],
          [
            -84.32576653593941,
            42.16042058009011
          ]
        ]
      },
      "properties": {
        "OBJECTID": 726141,
        "FCC": "A31",
        "RDNAME": "N Stony Lake Rd",
        "FRADDL": 5240,
        "TOADDL": 5280,
        "FRADDR": 5241,
        "TOADDR": 5281,
        "ZIPL": 49201,
        "ZIPR": 49201,
        "FEDIRP": "N",
        "NAME": "Stony Lake",
        "FETYPE": "Rd",
        "FEDIRS": " ",
        "FEDIRP2": " ",
        "NAME2": " ",
        "FETYPE2": " ",
        "FEDIRS2": " ",
        "FEDIRP3": "N",
        "NAME3": "Stoney Lake",
        "FETYPE3": "Rd",
        "FEDIRS3": " ",
        "FMCDL": 56640,
        "FMCDR": 56640,
        "COUNTYL": 75,
        "COUNTYR": 75,
        "NFC": 5,
        "RU_L": 1,
        "RU_R": 1,
        "PR": 915501,
        "BMP": 1.454,
        "EMP": 1.497,
        "BPT": "38012882",
        "EPT": "38012881",
        "LRS_LINK": " 9155013801288238012881",
        "LENGTH": 69.28042226,
        "VER": "17a",
        "Shape.STLength()": 69.28049097545426,
        "ADJ_CNTY": 0,
        "LEGALSYSTEM": 3,
        "PAVENTRA_SEGMENT_ID": "NAP-266-9155013801288238012881"
      }
    },
    {
      "type": "Feature",
      "id": 726149,
      "geometry": {
        "type": "LineString",
        "coordinates": [
          [
            -84.32949901184617,
            42.160436949946906
          ],
          [
            -84.32660490779196,
            42.16043670732833
          ]
        ]
      },
      "properties": {
        "OBJECTID": 726149,
        "FCC": "A31",
        "RDNAME": "Stony Lake Rd",
        "FRADDL": 6949,
        "TOADDL": 6953,
        "FRADDR": 7000,
        "TOADDR": 7120,
        "ZIPL": 49201,
        "ZIPR": 49201,
        "FEDIRP": " ",
        "NAME": "Stony Lake",
        "FETYPE": "Rd",
        "FEDIRS": " ",
        "FEDIRP2": " ",
        "NAME2": " ",
        "FETYPE2": " ",
        "FEDIRS2": " ",
        "FEDIRP3": "N",
        "NAME3": "Stoney Lake",
        "FETYPE3": "Rd",
        "FEDIRS3": " ",
        "FMCDL": 56640,
        "FMCDR": 56640,
        "COUNTYL": 75,
        "COUNTYR": 75,
        "NFC": 5,
        "RU_L": 1,
        "RU_R": 1,
        "PR": 915501,
        "BMP": 1.305,
        "EMP": 1.454,
        "BPT": "38012884",
        "EPT": "38012882",
        "LRS_LINK": " 9155013801288438012882",
        "LENGTH": 239.07999965,
        "VER": "17a",
        "Shape.STLength()": 239.08000610366813,
        "ADJ_CNTY": 0,
        "LEGALSYSTEM": 2,
        "PAVENTRA_SEGMENT_ID": "NAP-267-9155013801288438012882"
      }
    },
    {
      "type": "Feature",
      "id": 726150,
      "geometry": {
        "type": "LineString",
        "coordinates": [
          [
            -84.32949901184617,
            42.160436949946906
          ],
          [
            -84.32974320297166,
            42.160483042365314
          ],
          [
            -84.32985816032604,
            42.16051020192654
          ],
          [
            -84.33003524294215,
            42.16057350895292
          ],
          [
            -84.33018288293115,
            42.16065593656391
          ],
          [
            -84.33028015912816,
            42.160753257395875
          ],
          [
            -84.33036912731158,
            42.16086610425528
          ],
          [
            -84.33042350143567,
            42.16099408140302
          ],
          [
            -84.33048139574284,
            42.16122431530122
          ]
        ]
      },
      "properties": {
        "OBJECTID": 726150,
        "FCC": "A31",
        "RDNAME": "Clark Lake Rd",
        "FRADDL": 0,
        "TOADDL": 0,
        "FRADDR": 6945,
        "TOADDR": 6947,
        "ZIPL": 49201,
        "ZIPR": 49201,
        "FEDIRP": " ",
        "NAME": "Clark Lake",
        "FETYPE": "Rd",
        "FEDIRS": " ",
        "FEDIRP2": " ",
        "NAME2": "Clarklake/Stoney Lake Cutoff",
        "FETYPE2": " ",
        "FEDIRS2": " ",
        "FEDIRP3": " ",
        "NAME3": " ",
        "FETYPE3": " ",
        "FEDIRS3": " ",
        "FMCDL": 56640,
        "FMCDR": 56640,
        "COUNTYL": 75,
        "COUNTYR": 75,
        "NFC": 6,
        "RU_L": 1,
        "RU_R": 1,
        "PR": 3380609,
        "BMP": 0,
        "EMP": 0.082,
        "BPT": "38012884",
        "EPT": "38012840",
        "LRS_LINK": "33806093801288438012840",
        "LENGTH": 131.15532021,
        "VER": "17a",
        "Shape.STLength()": 131.15534501551787,
        "ADJ_CNTY": 0,
        "LEGALSYSTEM": 2,
        "PAVENTRA_SEGMENT_ID": "NAP-268-33806093801288438012840"
      }
    },
    {
      "type": "Feature",
      "id": 726153,
      "geometry": {
        "type": "LineString",
        "coordinates": [
          [
            -84.33046443971641,
            42.16044114617299
          ],
          [
            -84.32949901184617,
            42.160436949946906
          ]
        ]
      },
      "properties": {
        "OBJECTID": 726153,
        "FCC": "A31",
        "RDNAME": "N Stony Lake Rd",
        "FRADDL": 0,
        "TOADDL": 0,
        "FRADDR": 0,
        "TOADDR": 0,
        "ZIPL": 49201,
        "ZIPR": 49201,
        "FEDIRP": "N",
        "NAME": "Stony Lake",
        "FETYPE": "Rd",
        "FEDIRS": " ",
        "FEDIRP2": " ",
        "NAME2": " ",
        "FETYPE2": " ",
        "FEDIRS2": " ",
        "FEDIRP3": "N",
        "NAME3": "Stoney Lake",
        "FETYPE3": "Rd",
        "FEDIRS3": " ",
        "FMCDL": 56640,
        "FMCDR": 56640,
        "COUNTYL": 75,
        "COUNTYR": 75,
        "NFC": 5,
        "RU_L": 1,
        "RU_R": 1,
        "PR": 915501,
        "BMP": 1.256,
        "EMP": 1.305,
        "BPT": "38012885",
        "EPT": "38012884",
        "LRS_LINK": " 9155013801288538012884",
        "LENGTH": 79.75474077,
        "VER": "17a",
        "Shape.STLength()": 79.75471235293874,
        "ADJ_CNTY": 0,
        "LEGALSYSTEM": 3,
        "PAVENTRA_SEGMENT_ID": "NAP-269-9155013801288538012884"
      }
    },
    {
      "type": "Feature",
      "id": 728605,
      "geometry": {
        "type": "LineString",
        "coordinates": [
          [
            -84.35502556377043,
            42.14884997227452
          ],
          [
            -84.35505406773609,
            42.154427703615816
          ],
          [
            -84.3550445841219,
            42.154581715032016
          ],
          [
            -84.35501116464651,
            42.15468096248478
          ],
          [
            -84.35493350750268,
            42.15479099971695
          ],
          [
            -84.35408391116681,
            42.15570727500378
          ],
          [
            -84.35395656570284,
            42.155898313054585
          ],
          [
            -84.35388232348082,
            42.15605600582185
          ],
          [
            -84.35382756071243,
            42.156186784252874
          ],
          [
            -84.35377056436127,
            42.15649679536327
          ],
          [
            -84.3537319832622,
            42.15673100152636
          ],
          [
            -84.35368946398518,
            42.15726360162662
          ],
          [
            -84.3537316223281,
            42.16053656039413
          ]
        ]
      },
      "properties": {
        "OBJECTID": 728605,
        "FCC": "A32",
        "RDNAME": "Blue Ridge Rd",
        "FRADDL": 7820,
        "TOADDL": 7000,
        "FRADDR": 7821,
        "TOADDR": 7001,
        "ZIPL": 49234,
        "ZIPR": 49234,
        "FEDIRP": " ",
        "NAME": "Blue Ridge",
        "FETYPE": "Rd",
        "FEDIRS": " ",
        "FEDIRP2": " ",
        "NAME2": " ",
        "FETYPE2": " ",
        "FEDIRS2": " ",
        "FEDIRP3": " ",
        "NAME3": " ",
        "FETYPE3": " ",
        "FEDIRS3": " ",
        "FMCDL": 56640,
        "FMCDR": 56640,
        "COUNTYL": 75,
        "COUNTYR": 75,
        "NFC": 7,
        "RU_L": 1,
        "RU_R": 1,
        "PR": 918202,
        "BMP": 0.687,
        "EMP": 1.511,
        "BPT": "38013349",
        "EPT": "38012907",
        "LRS_LINK": " 9182023801334938012907",
        "LENGTH": 1326.22783133,
        "VER": "17a",
        "Shape.STLength()": 1326.227813799217,
        "ADJ_CNTY": 0,
        "LEGALSYSTEM": 3,
        "PAVENTRA_SEGMENT_ID": "NAP-270-9182023801334938012907"
      }
    },
    {
      "type": "Feature",
      "id": 728666,
      "geometry": {
        "type": "LineString",
        "coordinates": [
          [
            -84.32485068215156,
            42.148101236918734
          ],
          [
            -84.32509833025277,
            42.14814890833403
          ],
          [
            -84.32523277853086,
            42.148185582191545
          ],
          [
            -84.32535626448319,
            42.1482362652142
          ],
          [
            -84.32546667301949,
            42.14830092556582
          ],
          [
            -84.32554111702923,
            42.14836504301868
          ],
          [
            -84.32560870052875,
            42.14844795640846
          ],
          [
            -84.32565923206002,
            42.14853533768305
          ],
          [
            -84.32569376147654,
            42.14870815281007
          ]
        ]
      },
      "properties": {
        "OBJECTID": 728666,
        "FCC": "A31",
        "RDNAME": "Clark Lake Rd",
        "FRADDL": 7602,
        "TOADDL": 7538,
        "FRADDR": 7603,
        "TOADDR": 7539,
        "ZIPL": 49234,
        "ZIPR": 49234,
        "FEDIRP": " ",
        "NAME": "Clark Lake",
        "FETYPE": "Rd",
        "FEDIRS": " ",
        "FEDIRP2": " ",
        "NAME2": "Clarklake",
        "FETYPE2": "Rd",
        "FEDIRS2": " ",
        "FEDIRP3": " ",
        "NAME3": "Clark Lake",
        "FETYPE3": "Rd",
        "FEDIRS3": " ",
        "FMCDL": 56640,
        "FMCDR": 56640,
        "COUNTYL": 75,
        "COUNTYR": 75,
        "NFC": 6,
        "RU_L": 1,
        "RU_R": 1,
        "PR": 917803,
        "BMP": 1.803,
        "EMP": 1.869,
        "BPT": "38013361",
        "EPT": "38013330",
        "LRS_LINK": " 9178033801336138013330",
        "LENGTH": 106.36470413,
        "VER": "17a",
        "Shape.STLength()": 106.36467868028949,
        "ADJ_CNTY": 0,
        "LEGALSYSTEM": 2,
        "PAVENTRA_SEGMENT_ID": "NAP-271-9178033801336138013330"
      }
    },
    {
      "type": "Feature",
      "id": 728676,
      "geometry": {
        "type": "LineString",
        "coordinates": [
          [
            -84.32627821647526,
            42.14808022965684
          ],
          [
            -84.32485068215156,
            42.148101236918734
          ]
        ]
      },
      "properties": {
        "OBJECTID": 728676,
        "FCC": "A32",
        "RDNAME": "Hyde Rd",
        "FRADDL": 7483,
        "TOADDL": 7537,
        "FRADDR": 7900,
        "TOADDR": 8334,
        "ZIPL": 49234,
        "ZIPR": 49234,
        "FEDIRP": " ",
        "NAME": "Hyde",
        "FETYPE": "Rd",
        "FEDIRS": " ",
        "FEDIRP2": " ",
        "NAME2": " ",
        "FETYPE2": " ",
        "FEDIRS2": " ",
        "FEDIRP3": " ",
        "NAME3": " ",
        "FETYPE3": " ",
        "FEDIRS3": " ",
        "FMCDL": 56640,
        "FMCDR": 56640,
        "COUNTYL": 75,
        "COUNTYR": 75,
        "NFC": 7,
        "RU_L": 1,
        "RU_R": 1,
        "PR": 899006,
        "BMP": 5.053,
        "EMP": 5.127,
        "BPT": "38013364",
        "EPT": "38013361",
        "LRS_LINK": " 8990063801336438013361",
        "LENGTH": 117.97367384,
        "VER": "17a",
        "Shape.STLength()": 117.97364689086287,
        "ADJ_CNTY": 0,
        "LEGALSYSTEM": 3,
        "PAVENTRA_SEGMENT_ID": "NAP-272-8990063801336438013361"
      }
    },
    {
      "type": "Feature",
      "id": 728677,
      "geometry": {
        "type": "LineString",
        "coordinates": [
          [
            -84.32627821647526,
            42.14808022965684
          ],
          [
            -84.3260359624258,
            42.14814571207093
          ],
          [
            -84.32591781169755,
            42.14821007822153
          ],
          [
            -84.32583329495459,
            42.14828282598228
          ],
          [
            -84.32577805233487,
            42.1483686127797
          ],
          [
            -84.32574400750377,
            42.14845314516674
          ],
          [
            -84.32569376147654,
            42.14870815281007
          ]
        ]
      },
      "properties": {
        "OBJECTID": 728677,
        "FCC": "A32",
        "RDNAME": "Clark Lake Rd",
        "FRADDL": 7698,
        "TOADDL": 7640,
        "FRADDR": 7481,
        "TOADDR": 7455,
        "ZIPL": 49234,
        "ZIPR": 49234,
        "FEDIRP": " ",
        "NAME": "Clark Lake",
        "FETYPE": "Rd",
        "FEDIRS": " ",
        "FEDIRP2": " ",
        "NAME2": "Clarklake/Hyde Cutoff",
        "FETYPE2": " ",
        "FEDIRS2": " ",
        "FEDIRP3": " ",
        "NAME3": " ",
        "FETYPE3": " ",
        "FEDIRS3": " ",
        "FMCDL": 56640,
        "FMCDR": 56640,
        "COUNTYL": 75,
        "COUNTYR": 75,
        "NFC": 7,
        "RU_L": 1,
        "RU_R": 1,
        "PR": 3380607,
        "BMP": 0,
        "EMP": 0.058,
        "BPT": "38013364",
        "EPT": "38013330",
        "LRS_LINK": "33806073801336438013330",
        "LENGTH": 93.04920651,
        "VER": "17a",
        "Shape.STLength()": 93.04918528268067,
        "ADJ_CNTY": 0,
        "LEGALSYSTEM": 2,
        "PAVENTRA_SEGMENT_ID": "NAP-273-33806073801336438013330"
      }
    },
    {
      "type": "Feature",
      "id": 728721,
      "geometry": {
        "type": "LineString",
        "coordinates": [
          [
            -84.24827495440924,
            42.14923593806339
          ],
          [
            -84.24890974876215,
            42.14917202431132
          ],
          [
            -84.24927424615431,
            42.149066445588794
          ],
          [
            -84.2496156665976,
            42.148895569882086
          ],
          [
            -84.24995892844176,
            42.148659789288644
          ],
          [
            -84.25026217629316,
            42.14851614025678
          ],
          [
            -84.2506643107792,
            42.14840187300916
          ],
          [
            -84.25095351602239,
            42.148313658280806
          ],
          [
            -84.25119314551496,
            42.148215386824184
          ],
          [
            -84.25128220527083,
            42.148151853609406
          ],
          [
            -84.2513611733783,
            42.14800467602164
          ],
          [
            -84.25140302583075,
            42.14784764005431
          ],
          [
            -84.25143241746959,
            42.14769040736153
          ],
          [
            -84.25151085846089,
            42.14756177427441
          ],
          [
            -84.25168897532684,
            42.14743470726795
          ],
          [
            -84.25201765815473,
            42.147272900466234
          ],
          [
            -84.25254700538217,
            42.14706786428806
          ],
          [
            -84.25341012735525,
            42.14696082622722
          ],
          [
            -84.25558595037852,
            42.146716675306436
          ]
        ]
      },
      "properties": {
        "OBJECTID": 728721,
        "FCC": "A41",
        "RDNAME": "Rachel Ln",
        "FRADDL": 7799,
        "TOADDL": 7697,
        "FRADDR": 7800,
        "TOADDR": 7696,
        "ZIPL": 49201,
        "ZIPR": 49201,
        "FEDIRP": " ",
        "NAME": "Rachel",
        "FETYPE": "Ln",
        "FEDIRS": " ",
        "FEDIRP2": " ",
        "NAME2": " ",
        "FETYPE2": " ",
        "FEDIRS2": " ",
        "FEDIRP3": " ",
        "NAME3": " ",
        "FETYPE3": " ",
        "FEDIRS3": " ",
        "FMCDL": 56640,
        "FMCDR": 56640,
        "COUNTYL": 75,
        "COUNTYR": 75,
        "NFC": 0,
        "RU_L": 1,
        "RU_R": 1,
        "PR": 3381465,
        "BMP": 0,
        "EMP": 0.439,
        "BPT": "38020333",
        "EPT": "38020334",
        "LRS_LINK": "33814653802033338020334",
        "LENGTH": 706.78492584,
        "VER": "17a",
        "Shape.STLength()": 706.7848782575647,
        "ADJ_CNTY": 0,
        "LEGALSYSTEM": 0,
        "PAVENTRA_SEGMENT_ID": "NAP-274-33814653802033338020334"
      }
    },
    {
      "type": "Feature",
      "id": 728748,
      "geometry": {
        "type": "LineString",
        "coordinates": [
          [
            -84.35502556377043,
            42.14884997227452
          ],
          [
            -84.35521906279733,
            42.148856905051225
          ],
          [
            -84.3569499467754,
            42.148693484696885
          ],
          [
            -84.35738624231705,
            42.14861726988366
          ],
          [
            -84.35833109761164,
            42.14840578369868
          ],
          [
            -84.358915370074,
            42.14827162872345
          ],
          [
            -84.3597130123269,
            42.14812934948698
          ]
        ]
      },
      "properties": {
        "OBJECTID": 728748,
        "FCC": "A32",
        "RDNAME": "Cook Rd",
        "FRADDL": 3999,
        "TOADDL": 3509,
        "FRADDR": 3998,
        "TOADDR": 3508,
        "ZIPL": 49234,
        "ZIPR": 49234,
        "FEDIRP": " ",
        "NAME": "Cook",
        "FETYPE": "Rd",
        "FEDIRS": " ",
        "FEDIRP2": " ",
        "NAME2": " ",
        "FETYPE2": " ",
        "FEDIRS2": " ",
        "FEDIRP3": " ",
        "NAME3": " ",
        "FETYPE3": " ",
        "FEDIRS3": " ",
        "FMCDL": 56640,
        "FMCDR": 56640,
        "COUNTYL": 75,
        "COUNTYR": 75,
        "NFC": 7,
        "RU_L": 1,
        "RU_R": 1,
        "PR": 908912,
        "BMP": 0,
        "EMP": 0.247,
        "BPT": "38013349",
        "EPT": "38013383",
        "LRS_LINK": " 9089123801334938013383",
        "LENGTH": 397.01218494,
        "VER": "17a",
        "Shape.STLength()": 397.0121930315868,
        "ADJ_CNTY": 0,
        "LEGALSYSTEM": 3,
        "PAVENTRA_SEGMENT_ID": "NAP-275-9089123801334938013383"
      }
    },
    {
      "type": "Feature",
      "id": 728761,
      "geometry": {
        "type": "LineString",
        "coordinates": [
          [
            -84.24827495440924,
            42.14923593806339
          ],
          [
            -84.24825284223985,
            42.146369851410675
          ]
        ]
      },
      "properties": {
        "OBJECTID": 728761,
        "FCC": "A21",
        "RDNAME": "Brooklyn Rd",
        "FRADDL": 0,
        "TOADDL": 0,
        "FRADDR": 0,
        "TOADDR": 0,
        "ZIPL": 49201,
        "ZIPR": 49201,
        "FEDIRP": " ",
        "NAME": "Brooklyn",
        "FETYPE": "Rd",
        "FEDIRS": " ",
        "FEDIRP2": " ",
        "NAME2": "M 50",
        "FETYPE2": " ",
        "FEDIRS2": " ",
        "FEDIRP3": " ",
        "NAME3": " ",
        "FETYPE3": " ",
        "FEDIRS3": " ",
        "FMCDL": 56640,
        "FMCDR": 56640,
        "COUNTYL": 75,
        "COUNTYR": 75,
        "NFC": 4,
        "RU_L": 1,
        "RU_R": 1,
        "PR": 899310,
        "BMP": 9.485,
        "EMP": 9.683,
        "BPT": "38020333",
        "EPT": "38013393",
        "LRS_LINK": " 8993103802033338013393",
        "LENGTH": 318.23185718,
        "VER": "17a",
        "Shape.STLength()": 318.23185817439776,
        "ADJ_CNTY": 0,
        "LEGALSYSTEM": 1,
        "PAVENTRA_SEGMENT_ID": "NAP-276-8993103802033338013393"
      }
    },
    {
      "type": "Feature",
      "id": 728794,
      "geometry": {
        "type": "LineString",
        "coordinates": [
          [
            -84.22031603715509,
            42.14575863756429
          ],
          [
            -84.22044720700374,
            42.149869016036895
          ],
          [
            -84.22046363414498,
            42.151363341138754
          ]
        ]
      },
      "properties": {
        "OBJECTID": 728794,
        "FCC": "A32",
        "RDNAME": "Wolf Lake Rd",
        "FRADDL": 7698,
        "TOADDL": 7642,
        "FRADDR": 8101,
        "TOADDR": 7643,
        "ZIPL": 49201,
        "ZIPR": 49201,
        "FEDIRP": " ",
        "NAME": "Wolf Lake",
        "FETYPE": "Rd",
        "FEDIRS": " ",
        "FEDIRP2": " ",
        "NAME2": " ",
        "FETYPE2": " ",
        "FEDIRS2": " ",
        "FEDIRP3": " ",
        "NAME3": " ",
        "FETYPE3": " ",
        "FEDIRS3": " ",
        "FMCDL": 56640,
        "FMCDR": 56640,
        "COUNTYL": 75,
        "COUNTYR": 75,
        "NFC": 7,
        "RU_L": 1,
        "RU_R": 1,
        "PR": 918109,
        "BMP": 2.16,
        "EMP": 2.546,
        "BPT": "38013404",
        "EPT": "38013189",
        "LRS_LINK": " 9181093801340438013189",
        "LENGTH": 622.43436098,
        "VER": "17a",
        "Shape.STLength()": 622.4343262065418,
        "ADJ_CNTY": 0,
        "LEGALSYSTEM": 3,
        "PAVENTRA_SEGMENT_ID": "NAP-277-9181093801340438013189"
      }
    },
    {
      "type": "Feature",
      "id": 728818,
      "geometry": {
        "type": "LineString",
        "coordinates": [
          [
            -84.26780945580161,
            42.14638037745837
          ],
          [
            -84.26784408904713,
            42.15036281447208
          ],
          [
            -84.26784637129123,
            42.15103882495436
          ],
          [
            -84.26787515545293,
            42.152539091989745
          ],
          [
            -84.26790462786258,
            42.153257774008694
          ]
        ]
      },
      "properties": {
        "OBJECTID": 728818,
        "FCC": "A32",
        "RDNAME": "Deland Rd",
        "FRADDL": 7948,
        "TOADDL": 7500,
        "FRADDR": 0,
        "TOADDR": 0,
        "ZIPL": 49230,
        "ZIPR": 49230,
        "FEDIRP": " ",
        "NAME": "Deland",
        "FETYPE": "Rd",
        "FEDIRS": " ",
        "FEDIRP2": " ",
        "NAME2": " ",
        "FETYPE2": " ",
        "FEDIRS2": " ",
        "FEDIRP3": " ",
        "NAME3": " ",
        "FETYPE3": " ",
        "FEDIRS3": " ",
        "FMCDL": 56640,
        "FMCDR": 56640,
        "COUNTYL": 75,
        "COUNTYR": 75,
        "NFC": 7,
        "RU_L": 1,
        "RU_R": 1,
        "PR": 917907,
        "BMP": 1.007,
        "EMP": 1.482,
        "BPT": "38013410",
        "EPT": "38013147",
        "LRS_LINK": " 9179073801341038013147",
        "LENGTH": 763.67330474,
        "VER": "17a",
        "Shape.STLength()": 763.6733117513853,
        "ADJ_CNTY": 0,
        "LEGALSYSTEM": 3,
        "PAVENTRA_SEGMENT_ID": "NAP-278-9179073801341038013147"
      }
    },
    {
      "type": "Feature",
      "id": 728827,
      "geometry": {
        "type": "LineString",
        "coordinates": [
          [
            -84.3597130123269,
            42.14812934948698
          ],
          [
            -84.36043168835974,
            42.14803753486003
          ],
          [
            -84.36166207747385,
            42.147941952515076
          ],
          [
            -84.36413968922429,
            42.14774426905032
          ]
        ]
      },
      "properties": {
        "OBJECTID": 728827,
        "FCC": "A32",
        "RDNAME": "Cook Rd",
        "FRADDL": 3299,
        "TOADDL": 3201,
        "FRADDR": 3298,
        "TOADDR": 3200,
        "ZIPL": 49234,
        "ZIPR": 49234,
        "FEDIRP": " ",
        "NAME": "Cook",
        "FETYPE": "Rd",
        "FEDIRS": " ",
        "FEDIRP2": " ",
        "NAME2": " ",
        "FETYPE2": " ",
        "FEDIRS2": " ",
        "FEDIRP3": " ",
        "NAME3": " ",
        "FETYPE3": " ",
        "FEDIRS3": " ",
        "FMCDL": 56640,
        "FMCDR": 56640,
        "COUNTYL": 75,
        "COUNTYR": 75,
        "NFC": 7,
        "RU_L": 1,
        "RU_R": 1,
        "PR": 908912,
        "BMP": 0.247,
        "EMP": 0.476,
        "BPT": "38013383",
        "EPT": "38013412",
        "LRS_LINK": " 9089123801338338013412",
        "LENGTH": 368.35159121,
        "VER": "17a",
        "Shape.STLength()": 368.35158668867217,
        "ADJ_CNTY": 0,
        "LEGALSYSTEM": 3,
        "PAVENTRA_SEGMENT_ID": "NAP-279-9089123801338338013412"
      }
    },
    {
      "type": "Feature",
      "id": 728856,
      "geometry": {
        "type": "LineString",
        "coordinates": [
          [
            -84.2774105928288,
            42.14632351075714
          ],
          [
            -84.27746242699469,
            42.1492475739632
          ]
        ]
      },
      "properties": {
        "OBJECTID": 728856,
        "FCC": "A32",
        "RDNAME": "Giles Rd",
        "FRADDL": 7998,
        "TOADDL": 7700,
        "FRADDR": 7999,
        "TOADDR": 7701,
        "ZIPL": 49230,
        "ZIPR": 49230,
        "FEDIRP": " ",
        "NAME": "Giles",
        "FETYPE": "Rd",
        "FEDIRS": " ",
        "FEDIRP2": " ",
        "NAME2": " ",
        "FETYPE2": " ",
        "FEDIRS2": " ",
        "FEDIRP3": " ",
        "NAME3": " ",
        "FETYPE3": " ",
        "FEDIRS3": " ",
        "FMCDL": 56640,
        "FMCDR": 56640,
        "COUNTYL": 75,
        "COUNTYR": 75,
        "NFC": 7,
        "RU_L": 1,
        "RU_R": 1,
        "PR": 917906,
        "BMP": 1.005,
        "EMP": 1.207,
        "BPT": "38013420",
        "EPT": "38013275",
        "LRS_LINK": " 9179063801342038013275",
        "LENGTH": 324.69205977,
        "VER": "17a",
        "Shape.STLength()": 324.69214697015695,
        "ADJ_CNTY": 0,
        "LEGALSYSTEM": 3,
        "PAVENTRA_SEGMENT_ID": "NAP-280-9179063801342038013275"
      }
    },
    {
      "type": "Feature",
      "id": 728875,
      "geometry": {
        "type": "LineString",
        "coordinates": [
          [
            -84.28754432232311,
            42.14634717252579
          ],
          [
            -84.28219287769991,
            42.1479067396692
          ],
          [
            -84.27746242699469,
            42.1492475739632
          ]
        ]
      },
      "properties": {
        "OBJECTID": 728875,
        "FCC": "A31",
        "RDNAME": "S Stony Lake Rd",
        "FRADDL": 7014,
        "TOADDL": 7576,
        "FRADDR": 7015,
        "TOADDR": 7577,
        "ZIPL": 49201,
        "ZIPR": 49201,
        "FEDIRP": "S",
        "NAME": "Stony Lake",
        "FETYPE": "Rd",
        "FEDIRS": " ",
        "FEDIRP2": " ",
        "NAME2": " ",
        "FETYPE2": " ",
        "FEDIRS2": " ",
        "FEDIRP3": "S",
        "NAME3": "Stoney Lake",
        "FETYPE3": "Rd",
        "FEDIRS3": " ",
        "FMCDL": 56640,
        "FMCDR": 56640,
        "COUNTYL": 75,
        "COUNTYR": 75,
        "NFC": 6,
        "RU_L": 1,
        "RU_R": 1,
        "PR": 918203,
        "BMP": 1.502,
        "EMP": 2.057,
        "BPT": "38019801",
        "EPT": "38013275",
        "LRS_LINK": " 9182033801980138013275",
        "LENGTH": 893.11461293,
        "VER": "17a",
        "Shape.STLength()": 893.1146200807732,
        "ADJ_CNTY": 0,
        "LEGALSYSTEM": 2,
        "PAVENTRA_SEGMENT_ID": "NAP-281-9182033801980138013275"
      }
    },
    {
      "type": "Feature",
      "id": 728894,
      "geometry": {
        "type": "LineString",
        "coordinates": [
          [
            -84.28754432232311,
            42.14634717252579
          ],
          [
            -84.28749072342752,
            42.14623089956734
          ]
        ]
      },
      "properties": {
        "OBJECTID": 728894,
        "FCC": "A41",
        "RDNAME": "Lori Lee Ln",
        "FRADDL": 8001,
        "TOADDL": 8007,
        "FRADDR": 7900,
        "TOADDR": 7908,
        "ZIPL": 49230,
        "ZIPR": 49230,
        "FEDIRP": " ",
        "NAME": "Lori Lee",
        "FETYPE": "Ln",
        "FEDIRS": " ",
        "FEDIRP2": " ",
        "NAME2": " ",
        "FETYPE2": " ",
        "FEDIRS2": " ",
        "FEDIRP3": " ",
        "NAME3": " ",
        "FETYPE3": " ",
        "FEDIRS3": " ",
        "FMCDL": 56640,
        "FMCDR": 56640,
        "COUNTYL": 75,
        "COUNTYR": 75,
        "NFC": 0,
        "RU_L": 1,
        "RU_R": 1,
        "PR": 3381234,
        "BMP": 0,
        "EMP": 0.009,
        "BPT": "38019801",
        "EPT": "38019800",
        "LRS_LINK": "33812343801980138019800",
        "LENGTH": 13.64854514,
        "VER": "17a",
        "Shape.STLength()": 13.648505023261704,
        "ADJ_CNTY": 0,
        "LEGALSYSTEM": 0,
        "PAVENTRA_SEGMENT_ID": "NAP-282-33812343801980138019800"
      }
    },
    {
      "type": "Feature",
      "id": 728896,
      "geometry": {
        "type": "LineString",
        "coordinates": [
          [
            -84.28795857613608,
            42.1462264331562
          ],
          [
            -84.28754432232311,
            42.14634717252579
          ]
        ]
      },
      "properties": {
        "OBJECTID": 728896,
        "FCC": "A31",
        "RDNAME": "S Stony Lake Rd",
        "FRADDL": 7014,
        "TOADDL": 7576,
        "FRADDR": 7015,
        "TOADDR": 7577,
        "ZIPL": 49201,
        "ZIPR": 49201,
        "FEDIRP": "S",
        "NAME": "Stony Lake",
        "FETYPE": "Rd",
        "FEDIRS": " ",
        "FEDIRP2": " ",
        "NAME2": " ",
        "FETYPE2": " ",
        "FEDIRS2": " ",
        "FEDIRP3": "S",
        "NAME3": "Stoney Lake",
        "FETYPE3": "Rd",
        "FEDIRS3": " ",
        "FMCDL": 56640,
        "FMCDR": 56640,
        "COUNTYL": 75,
        "COUNTYR": 75,
        "NFC": 6,
        "RU_L": 1,
        "RU_R": 1,
        "PR": 918203,
        "BMP": 1.479,
        "EMP": 1.502,
        "BPT": "38013427",
        "EPT": "38019801",
        "LRS_LINK": " 9182033801342738019801",
        "LENGTH": 36.76047712,
        "VER": "17a",
        "Shape.STLength()": 36.76046594984889,
        "ADJ_CNTY": 0,
        "LEGALSYSTEM": 2,
        "PAVENTRA_SEGMENT_ID": "NAP-283-9182033801342738019801"
      }
    },
    {
      "type": "Feature",
      "id": 724853,
      "geometry": {
        "type": "LineString",
        "coordinates": [
          [
            -84.24566745843201,
            42.165007647757704
          ],
          [
            -84.24564533255213,
            42.16568079512441
          ],
          [
            -84.24555374126354,
            42.16803954160824
          ]
        ]
      },
      "properties": {
        "OBJECTID": 724853,
        "FCC": "A31",
        "RDNAME": "East Ave",
        "FRADDL": 268,
        "TOADDL": 288,
        "FRADDR": 0,
        "TOADDR": 0,
        "ZIPL": 49201,
        "ZIPR": 49201,
        "FEDIRP": " ",
        "NAME": "East",
        "FETYPE": "Ave",
        "FEDIRS": " ",
        "FEDIRP2": " ",
        "NAME2": " ",
        "FETYPE2": " ",
        "FEDIRS2": " ",
        "FEDIRP3": " ",
        "NAME3": " ",
        "FETYPE3": " ",
        "FEDIRS3": " ",
        "FMCDL": 56640,
        "FMCDR": 56640,
        "COUNTYL": 75,
        "COUNTYR": 75,
        "NFC": 6,
        "RU_L": 1,
        "RU_R": 1,
        "PR": 915401,
        "BMP": 0.329,
        "EMP": 0.538,
        "BPT": "38012621",
        "EPT": "38012510",
        "LRS_LINK": " 9154013801262138012510",
        "LENGTH": 336.76916988,
        "VER": "17a",
        "Shape.STLength()": 336.76916222579575,
        "ADJ_CNTY": 0,
        "LEGALSYSTEM": 2,
        "PAVENTRA_SEGMENT_ID": "NAP-284-9154013801262138012510"
      }
    },
    {
      "type": "Feature",
      "id": 725116,
      "geometry": {
        "type": "LineString",
        "coordinates": [
          [
            -84.2456822026637,
            42.16403069005578
          ],
          [
            -84.2453937527,
            42.16407875745033
          ],
          [
            -84.24471582383754,
            42.164090162765746
          ],
          [
            -84.24344841751187,
            42.1641057405729
          ]
        ]
      },
      "properties": {
        "OBJECTID": 725116,
        "FCC": "A32",
        "RDNAME": "Center Ct",
        "FRADDL": 249,
        "TOADDL": 251,
        "FRADDR": 224,
        "TOADDR": 254,
        "ZIPL": 49201,
        "ZIPR": 49201,
        "FEDIRP": " ",
        "NAME": "Center",
        "FETYPE": "Ct",
        "FEDIRS": " ",
        "FEDIRP2": " ",
        "NAME2": " ",
        "FETYPE2": " ",
        "FEDIRS2": " ",
        "FEDIRP3": " ",
        "NAME3": " ",
        "FETYPE3": " ",
        "FEDIRS3": " ",
        "FMCDL": 56640,
        "FMCDR": 56640,
        "COUNTYL": 75,
        "COUNTYR": 75,
        "NFC": 7,
        "RU_L": 1,
        "RU_R": 1,
        "PR": 915402,
        "BMP": 0.143,
        "EMP": 0.258,
        "BPT": "38012659",
        "EPT": "38012653",
        "LRS_LINK": " 9154023801265938012653",
        "LENGTH": 185.13973917,
        "VER": "17a",
        "Shape.STLength()": 185.13977588785704,
        "ADJ_CNTY": 0,
        "LEGALSYSTEM": 3,
        "PAVENTRA_SEGMENT_ID": "NAP-285-9154023801265938012653"
      }
    },
    {
      "type": "Feature",
      "id": 725117,
      "geometry": {
        "type": "LineString",
        "coordinates": [
          [
            -84.2456822026637,
            42.16403069005578
          ],
          [
            -84.24566745843201,
            42.165007647757704
          ]
        ]
      },
      "properties": {
        "OBJECTID": 725117,
        "FCC": "A31",
        "RDNAME": "East Ave",
        "FRADDL": 200,
        "TOADDL": 266,
        "FRADDR": 0,
        "TOADDR": 0,
        "ZIPL": 49201,
        "ZIPR": 49201,
        "FEDIRP": " ",
        "NAME": "East",
        "FETYPE": "Ave",
        "FEDIRS": " ",
        "FEDIRP2": " ",
        "NAME2": " ",
        "FETYPE2": " ",
        "FEDIRS2": " ",
        "FEDIRP3": " ",
        "NAME3": " ",
        "FETYPE3": " ",
        "FEDIRS3": " ",
        "FMCDL": 56640,
        "FMCDR": 56640,
        "COUNTYL": 75,
        "COUNTYR": 75,
        "NFC": 6,
        "RU_L": 1,
        "RU_R": 1,
        "PR": 915401,
        "BMP": 0.261,
        "EMP": 0.329,
        "BPT": "38012659",
        "EPT": "38012621",
        "LRS_LINK": " 9154013801265938012621",
        "LENGTH": 108.48053244,
        "VER": "17a",
        "Shape.STLength()": 108.4804732295172,
        "ADJ_CNTY": 0,
        "LEGALSYSTEM": 2,
        "PAVENTRA_SEGMENT_ID": "NAP-286-9154013801265938012621"
      }
    },
    {
      "type": "Feature",
      "id": 725120,
      "geometry": {
        "type": "LineString",
        "coordinates": [
          [
            -84.24845901587638,
            42.16404530287162
          ],
          [
            -84.2468397423369,
            42.16403006249048
          ],
          [
            -84.2456822026637,
            42.16403069005578
          ]
        ]
      },
      "properties": {
        "OBJECTID": 725120,
        "FCC": "A32",
        "RDNAME": "Center St",
        "FRADDL": 132,
        "TOADDL": 122,
        "FRADDR": 119,
        "TOADDR": 101,
        "ZIPL": 49201,
        "ZIPR": 49201,
        "FEDIRP": " ",
        "NAME": "Center",
        "FETYPE": "St",
        "FEDIRS": " ",
        "FEDIRP2": " ",
        "NAME2": " ",
        "FETYPE2": " ",
        "FEDIRS2": " ",
        "FEDIRP3": " ",
        "NAME3": " ",
        "FETYPE3": " ",
        "FEDIRS3": " ",
        "FMCDL": 56640,
        "FMCDR": 56640,
        "COUNTYL": 75,
        "COUNTYR": 75,
        "NFC": 7,
        "RU_L": 1,
        "RU_R": 1,
        "PR": 915402,
        "BMP": 0,
        "EMP": 0.143,
        "BPT": "38012663",
        "EPT": "38012659",
        "LRS_LINK": " 9154023801266338012659",
        "LENGTH": 229.38826085,
        "VER": "17a",
        "Shape.STLength()": 229.3882744784077,
        "ADJ_CNTY": 0,
        "LEGALSYSTEM": 3,
        "PAVENTRA_SEGMENT_ID": "NAP-287-9154023801266338012659"
      }
    },
    {
      "type": "Feature",
      "id": 725121,
      "geometry": {
        "type": "LineString",
        "coordinates": [
          [
            -84.24845901587638,
            42.16404530287162
          ],
          [
            -84.24848641528507,
            42.164735067429135
          ],
          [
            -84.24848859908724,
            42.16506376770968
          ],
          [
            -84.24849930896302,
            42.1661090669314
          ],
          [
            -84.24853176438246,
            42.1672889317198
          ]
        ]
      },
      "properties": {
        "OBJECTID": 725121,
        "FCC": "A32",
        "RDNAME": "West Ave",
        "FRADDL": 120,
        "TOADDL": 268,
        "FRADDR": 201,
        "TOADDR": 243,
        "ZIPL": 49201,
        "ZIPR": 49201,
        "FEDIRP": " ",
        "NAME": "West",
        "FETYPE": "Ave",
        "FEDIRS": " ",
        "FEDIRP2": " ",
        "NAME2": " ",
        "FETYPE2": " ",
        "FEDIRS2": " ",
        "FEDIRP3": " ",
        "NAME3": " ",
        "FETYPE3": " ",
        "FEDIRS3": " ",
        "FMCDL": 56640,
        "FMCDR": 56640,
        "COUNTYL": 75,
        "COUNTYR": 75,
        "NFC": 7,
        "RU_L": 1,
        "RU_R": 1,
        "PR": 901207,
        "BMP": 0.146,
        "EMP": 0.37,
        "BPT": "38012663",
        "EPT": "38012535",
        "LRS_LINK": " 9012073801266338012535",
        "LENGTH": 360.2115812,
        "VER": "17a",
        "Shape.STLength()": 360.21157993990624,
        "ADJ_CNTY": 0,
        "LEGALSYSTEM": 3,
        "PAVENTRA_SEGMENT_ID": "NAP-288-9012073801266338012535"
      }
    },
    {
      "type": "Feature",
      "id": 725248,
      "geometry": {
        "type": "LineString",
        "coordinates": [
          [
            -84.25189962776665,
            42.16343714194167
          ],
          [
            -84.25195580095232,
            42.167267142504016
          ]
        ]
      },
      "properties": {
        "OBJECTID": 725248,
        "FCC": "A32",
        "RDNAME": "Plymouth St",
        "FRADDL": 100,
        "TOADDL": 198,
        "FRADDR": 101,
        "TOADDR": 199,
        "ZIPL": 49201,
        "ZIPR": 49201,
        "FEDIRP": " ",
        "NAME": "Plymouth",
        "FETYPE": "St",
        "FEDIRS": " ",
        "FEDIRP2": " ",
        "NAME2": " ",
        "FETYPE2": " ",
        "FEDIRS2": " ",
        "FEDIRP3": " ",
        "NAME3": " ",
        "FETYPE3": " ",
        "FEDIRS3": " ",
        "FMCDL": 56640,
        "FMCDR": 56640,
        "COUNTYL": 75,
        "COUNTYR": 75,
        "NFC": 7,
        "RU_L": 1,
        "RU_R": 1,
        "PR": 901204,
        "BMP": 0,
        "EMP": 0.264,
        "BPT": "38012700",
        "EPT": "38012538",
        "LRS_LINK": " 9012043801270038012538",
        "LENGTH": 425.27824726,
        "VER": "17a",
        "Shape.STLength()": 425.27827101861203,
        "ADJ_CNTY": 0,
        "LEGALSYSTEM": 3,
        "PAVENTRA_SEGMENT_ID": "NAP-289-9012043801270038012538"
      }
    },
    {
      "type": "Feature",
      "id": 725249,
      "geometry": {
        "type": "LineString",
        "coordinates": [
          [
            -84.2631680426034,
            42.16836406282069
          ],
          [
            -84.25989375419393,
            42.166946111777115
          ],
          [
            -84.25901863860649,
            42.16656713354099
          ],
          [
            -84.25189962776665,
            42.16343714194167
          ]
        ]
      },
      "properties": {
        "OBJECTID": 725249,
        "FCC": "A21",
        "RDNAME": "Brooklyn Rd",
        "FRADDL": 6542,
        "TOADDL": 6846,
        "FRADDR": 201,
        "TOADDR": 6847,
        "ZIPL": 49201,
        "ZIPR": 49201,
        "FEDIRP": " ",
        "NAME": "Brooklyn",
        "FETYPE": "Rd",
        "FEDIRS": " ",
        "FEDIRP2": " ",
        "NAME2": "M 50",
        "FETYPE2": " ",
        "FEDIRS2": " ",
        "FEDIRP3": " ",
        "NAME3": " ",
        "FETYPE3": " ",
        "FEDIRS3": " ",
        "FMCDL": 56640,
        "FMCDR": 56640,
        "COUNTYL": 75,
        "COUNTYR": 75,
        "NFC": 4,
        "RU_L": 1,
        "RU_R": 1,
        "PR": 899310,
        "BMP": 7.733,
        "EMP": 8.404,
        "BPT": "38012506",
        "EPT": "38012700",
        "LRS_LINK": " 8993103801250638012700",
        "LENGTH": 1079.65351245,
        "VER": "17a",
        "Shape.STLength()": 1079.653493830393,
        "ADJ_CNTY": 0,
        "LEGALSYSTEM": 1,
        "PAVENTRA_SEGMENT_ID": "NAP-290-8993103801250638012700"
      }
    },
    {
      "type": "Feature",
      "id": 725550,
      "geometry": {
        "type": "LineString",
        "coordinates": [
          [
            -84.24843254451017,
            42.16192570149772
          ],
          [
            -84.24845901587638,
            42.16404530287162
          ]
        ]
      },
      "properties": {
        "OBJECTID": 725550,
        "FCC": "A32",
        "RDNAME": "West Ave",
        "FRADDL": 0,
        "TOADDL": 0,
        "FRADDR": 101,
        "TOADDR": 199,
        "ZIPL": 49201,
        "ZIPR": 49201,
        "FEDIRP": " ",
        "NAME": "West",
        "FETYPE": "Ave",
        "FEDIRS": " ",
        "FEDIRP2": " ",
        "NAME2": " ",
        "FETYPE2": " ",
        "FEDIRS2": " ",
        "FEDIRP3": " ",
        "NAME3": " ",
        "FETYPE3": " ",
        "FEDIRS3": " ",
        "FMCDL": 56640,
        "FMCDR": 56640,
        "COUNTYL": 75,
        "COUNTYR": 75,
        "NFC": 7,
        "RU_L": 1,
        "RU_R": 1,
        "PR": 901207,
        "BMP": 0,
        "EMP": 0.146,
        "BPT": "38012751",
        "EPT": "38012663",
        "LRS_LINK": " 9012073801275138012663",
        "LENGTH": 235.35385934,
        "VER": "17a",
        "Shape.STLength()": 235.35382525773827,
        "ADJ_CNTY": 0,
        "LEGALSYSTEM": 3,
        "PAVENTRA_SEGMENT_ID": "NAP-291-9012073801275138012663"
      }
    },
    {
      "type": "Feature",
      "id": 725551,
      "geometry": {
        "type": "LineString",
        "coordinates": [
          [
            -84.25189962776665,
            42.16343714194167
          ],
          [
            -84.24843254451017,
            42.16192570149772
          ]
        ]
      },
      "properties": {
        "OBJECTID": 725551,
        "FCC": "A21",
        "RDNAME": "Brooklyn Rd",
        "FRADDL": 6848,
        "TOADDL": 6952,
        "FRADDR": 6849,
        "TOADDR": 6953,
        "ZIPL": 49201,
        "ZIPR": 49201,
        "FEDIRP": " ",
        "NAME": "Brooklyn",
        "FETYPE": "Rd",
        "FEDIRS": " ",
        "FEDIRP2": " ",
        "NAME2": "M 50",
        "FETYPE2": " ",
        "FEDIRS2": " ",
        "FEDIRP3": " ",
        "NAME3": " ",
        "FETYPE3": " ",
        "FEDIRS3": " ",
        "FMCDL": 56640,
        "FMCDR": 56640,
        "COUNTYL": 75,
        "COUNTYR": 75,
        "NFC": 4,
        "RU_L": 1,
        "RU_R": 1,
        "PR": 899310,
        "BMP": 8.404,
        "EMP": 8.61,
        "BPT": "38012700",
        "EPT": "38012751",
        "LRS_LINK": " 8993103801270038012751",
        "LENGTH": 331.94834998,
        "VER": "17a",
        "Shape.STLength()": 331.9483979614904,
        "ADJ_CNTY": 0,
        "LEGALSYSTEM": 1,
        "PAVENTRA_SEGMENT_ID": "NAP-292-8993103801270038012751"
      }
    },
    {
      "type": "Feature",
      "id": 725671,
      "geometry": {
        "type": "LineString",
        "coordinates": [
          [
            -84.27751496045101,
            42.16233730219295
          ],
          [
            -84.27734926166109,
            42.16238434562689
          ],
          [
            -84.27705657997384,
            42.162457331139294
          ],
          [
            -84.27678806810644,
            42.1625157301016
          ],
          [
            -84.27654745745907,
            42.162556881760416
          ],
          [
            -84.27636238493791,
            42.16257305469027
          ],
          [
            -84.27612634096634,
            42.16258163712666
          ],
          [
            -84.27446855378554,
            42.162596838645506
          ],
          [
            -84.27426447131077,
            42.1625839937958
          ],
          [
            -84.27408492648932,
            42.1625577022868
          ],
          [
            -84.27393727436736,
            42.16252084300615
          ],
          [
            -84.27379918261785,
            42.16247445237304
          ],
          [
            -84.27363183121884,
            42.16241101504937
          ],
          [
            -84.27339330728769,
            42.1623008419989
          ],
          [
            -84.27319549939361,
            42.16219683061622
          ],
          [
            -84.27301801030977,
            42.162097283527544
          ],
          [
            -84.27281688406197,
            42.16198030375917
          ],
          [
            -84.27267821469854,
            42.16187531683451
          ],
          [
            -84.27255291020506,
            42.16177531077573
          ],
          [
            -84.27252426553167,
            42.16174438260067
          ]
        ]
      },
      "properties": {
        "OBJECTID": 725671,
        "FCC": "A31",
        "RDNAME": "N Stony Lake Rd",
        "FRADDL": 7576,
        "TOADDL": 7918,
        "FRADDR": 7577,
        "TOADDR": 7919,
        "ZIPL": 49201,
        "ZIPR": 49201,
        "FEDIRP": "N",
        "NAME": "Stony Lake",
        "FETYPE": "Rd",
        "FEDIRS": " ",
        "FEDIRP2": " ",
        "NAME2": " ",
        "FETYPE2": " ",
        "FEDIRS2": " ",
        "FEDIRP3": "N",
        "NAME3": "Stoney Lake",
        "FETYPE3": "Rd",
        "FEDIRS3": " ",
        "FMCDL": 56640,
        "FMCDR": 56640,
        "COUNTYL": 75,
        "COUNTYR": 75,
        "NFC": 5,
        "RU_L": 1,
        "RU_R": 1,
        "PR": 915501,
        "BMP": 3.999,
        "EMP": 4.276,
        "BPT": "38012756",
        "EPT": "38025449",
        "LRS_LINK": " 9155013801275638025449",
        "LENGTH": 446.80087213,
        "VER": "17a",
        "Shape.STLength()": 446.80080922875106,
        "ADJ_CNTY": 0,
        "LEGALSYSTEM": 3,
        "PAVENTRA_SEGMENT_ID": "NAP-293-9155013801275638025449"
      }
    },
    {
      "type": "Feature",
      "id": 725748,
      "geometry": {
        "type": "LineString",
        "coordinates": [
          [
            -84.22067702416551,
            42.16050319377493
          ],
          [
            -84.2117141278157,
            42.16067338142267
          ]
        ]
      },
      "properties": {
        "OBJECTID": 725748,
        "FCC": "A31",
        "RDNAME": "Sharon Valley Rd",
        "FRADDL": 10300,
        "TOADDL": 10700,
        "FRADDR": 10407,
        "TOADDR": 10669,
        "ZIPL": 49230,
        "ZIPR": 49230,
        "FEDIRP": " ",
        "NAME": "Sharon Valley",
        "FETYPE": "Rd",
        "FEDIRS": " ",
        "FEDIRP2": " ",
        "NAME2": " ",
        "FETYPE2": " ",
        "FEDIRS2": " ",
        "FEDIRP3": " ",
        "NAME3": " ",
        "FETYPE3": " ",
        "FEDIRS3": " ",
        "FMCDL": 56640,
        "FMCDR": 56640,
        "COUNTYL": 75,
        "COUNTYR": 75,
        "NFC": 6,
        "RU_L": 1,
        "RU_R": 1,
        "PR": 915503,
        "BMP": 0.415,
        "EMP": 0.876,
        "BPT": "38012789",
        "EPT": "38012779",
        "LRS_LINK": " 9155033801278938012779",
        "LENGTH": 740.65768308,
        "VER": "17a",
        "Shape.STLength()": 740.6577505325924,
        "ADJ_CNTY": 0,
        "LEGALSYSTEM": 2,
        "PAVENTRA_SEGMENT_ID": "NAP-294-9155033801278938012779"
      }
    },
    {
      "type": "Feature",
      "id": 725749,
      "geometry": {
        "type": "LineString",
        "coordinates": [
          [
            -84.22067702416551,
            42.16050319377493
          ],
          [
            -84.22070452127483,
            42.16114614653833
          ],
          [
            -84.22083341318043,
            42.16183138538299
          ],
          [
            -84.220948809781,
            42.16237364186424
          ],
          [
            -84.22112622281146,
            42.163098787268055
          ],
          [
            -84.22120416497194,
            42.16347884088892
          ],
          [
            -84.22128839568079,
            42.16404382281232
          ],
          [
            -84.22130299484657,
            42.1642844698843
          ],
          [
            -84.22130032189155,
            42.16487477734834
          ],
          [
            -84.2211426025308,
            42.170273784589185
          ]
        ]
      },
      "properties": {
        "OBJECTID": 725749,
        "FCC": "A31",
        "RDNAME": "Wolf Lake Rd",
        "FRADDL": 6782,
        "TOADDL": 6254,
        "FRADDR": 6599,
        "TOADDR": 6195,
        "ZIPL": 49201,
        "ZIPR": 49201,
        "FEDIRP": " ",
        "NAME": "Wolf Lake",
        "FETYPE": "Rd",
        "FEDIRS": " ",
        "FEDIRP2": " ",
        "NAME2": " ",
        "FETYPE2": " ",
        "FEDIRS2": " ",
        "FEDIRP3": " ",
        "NAME3": " ",
        "FETYPE3": " ",
        "FEDIRS3": " ",
        "FMCDL": 56640,
        "FMCDR": 56640,
        "COUNTYL": 75,
        "COUNTYR": 75,
        "NFC": 5,
        "RU_L": 1,
        "RU_R": 1,
        "PR": 918109,
        "BMP": 3.177,
        "EMP": 3.854,
        "BPT": "38012789",
        "EPT": "38018246",
        "LRS_LINK": " 9181093801278938018246",
        "LENGTH": 1088.74171437,
        "VER": "17a",
        "Shape.STLength()": 1088.7417141079516,
        "ADJ_CNTY": 0,
        "LEGALSYSTEM": 2,
        "PAVENTRA_SEGMENT_ID": "NAP-295-9181093801278938018246"
      }
    },
    {
      "type": "Feature",
      "id": 725754,
      "geometry": {
        "type": "LineString",
        "coordinates": [
          [
            -84.2458741430052,
            42.16084711058549
          ],
          [
            -84.24580469259335,
            42.16114707340273
          ],
          [
            -84.2456822026637,
            42.16403069005578
          ]
        ]
      },
      "properties": {
        "OBJECTID": 725754,
        "FCC": "A31",
        "RDNAME": "East Ave",
        "FRADDL": 114,
        "TOADDL": 198,
        "FRADDR": 0,
        "TOADDR": 0,
        "ZIPL": 49201,
        "ZIPR": 49201,
        "FEDIRP": " ",
        "NAME": "East",
        "FETYPE": "Ave",
        "FEDIRS": " ",
        "FEDIRP2": " ",
        "NAME2": " ",
        "FETYPE2": " ",
        "FEDIRS2": " ",
        "FEDIRP3": " ",
        "NAME3": " ",
        "FETYPE3": " ",
        "FEDIRS3": " ",
        "FMCDL": 56640,
        "FMCDR": 56640,
        "COUNTYL": 75,
        "COUNTYR": 75,
        "NFC": 6,
        "RU_L": 1,
        "RU_R": 1,
        "PR": 915401,
        "BMP": 0.041,
        "EMP": 0.261,
        "BPT": "38012806",
        "EPT": "38012659",
        "LRS_LINK": " 9154013801280638012659",
        "LENGTH": 354.12959647,
        "VER": "17a",
        "Shape.STLength()": 354.12967049883537,
        "ADJ_CNTY": 0,
        "LEGALSYSTEM": 2,
        "PAVENTRA_SEGMENT_ID": "NAP-296-9154013801280638012659"
      }
    },
    {
      "type": "Feature",
      "id": 725755,
      "geometry": {
        "type": "LineString",
        "coordinates": [
          [
            -84.24843254451017,
            42.16192570149772
          ],
          [
            -84.24625071815635,
            42.1609797777844
          ],
          [
            -84.2458741430052,
            42.16084711058549
          ]
        ]
      },
      "properties": {
        "OBJECTID": 725755,
        "FCC": "A31",
        "RDNAME": "Austin Rd",
        "FRADDL": 100,
        "TOADDL": 198,
        "FRADDR": 129,
        "TOADDR": 199,
        "ZIPL": 49201,
        "ZIPR": 49201,
        "FEDIRP": " ",
        "NAME": "Austin",
        "FETYPE": "Rd",
        "FEDIRS": " ",
        "FEDIRP2": " ",
        "NAME2": " ",
        "FETYPE2": " ",
        "FEDIRS2": " ",
        "FEDIRP3": " ",
        "NAME3": " ",
        "FETYPE3": " ",
        "FEDIRS3": " ",
        "FMCDL": 56640,
        "FMCDR": 56640,
        "COUNTYL": 75,
        "COUNTYR": 75,
        "NFC": 5,
        "RU_L": 1,
        "RU_R": 1,
        "PR": 901205,
        "BMP": 0,
        "EMP": 0.151,
        "BPT": "38012751",
        "EPT": "38012806",
        "LRS_LINK": " 9012053801275138012806",
        "LENGTH": 243.02436735,
        "VER": "17a",
        "Shape.STLength()": 243.02439175865456,
        "ADJ_CNTY": 0,
        "LEGALSYSTEM": 2,
        "PAVENTRA_SEGMENT_ID": "NAP-297-9012053801275138012806"
      }
    },
    {
      "type": "Feature",
      "id": 726154,
      "geometry": {
        "type": "LineString",
        "coordinates": [
          [
            -84.33046443971641,
            42.16044114617299
          ],
          [
            -84.33048139574284,
            42.16122431530122
          ]
        ]
      },
      "properties": {
        "OBJECTID": 726154,
        "FCC": "A31",
        "RDNAME": "Clark Lake Rd",
        "FRADDL": 6998,
        "TOADDL": 6942,
        "FRADDR": 6999,
        "TOADDR": 6953,
        "ZIPL": 49201,
        "ZIPR": 49201,
        "FEDIRP": " ",
        "NAME": "Clark Lake",
        "FETYPE": "Rd",
        "FEDIRS": " ",
        "FEDIRP2": " ",
        "NAME2": "Clarklake",
        "FETYPE2": "Rd",
        "FEDIRS2": " ",
        "FEDIRP3": " ",
        "NAME3": "Clark Lake",
        "FETYPE3": "Rd",
        "FEDIRS3": " ",
        "FMCDL": 56640,
        "FMCDR": 56640,
        "COUNTYL": 75,
        "COUNTYR": 75,
        "NFC": 6,
        "RU_L": 1,
        "RU_R": 1,
        "PR": 3380002,
        "BMP": 0,
        "EMP": 0.054,
        "BPT": "38012885",
        "EPT": "38012840",
        "LRS_LINK": "33800023801288538012840",
        "LENGTH": 86.96814989,
        "VER": "17a",
        "Shape.STLength()": 86.96817223156987,
        "ADJ_CNTY": 0,
        "LEGALSYSTEM": 2,
        "PAVENTRA_SEGMENT_ID": "NAP-298-33800023801288538012840"
      }
    },
    {
      "type": "Feature",
      "id": 726163,
      "geometry": {
        "type": "LineString",
        "coordinates": [
          [
            -84.33528525897275,
            42.16047853087596
          ],
          [
            -84.33046443971641,
            42.16044114617299
          ]
        ]
      },
      "properties": {
        "OBJECTID": 726163,
        "FCC": "A31",
        "RDNAME": "Saunt Rd",
        "FRADDL": 4600,
        "TOADDL": 4798,
        "FRADDR": 0,
        "TOADDR": 0,
        "ZIPL": 49201,
        "ZIPR": 49201,
        "FEDIRP": " ",
        "NAME": "Saunt",
        "FETYPE": "Rd",
        "FEDIRS": " ",
        "FEDIRP2": " ",
        "NAME2": " ",
        "FETYPE2": " ",
        "FEDIRS2": " ",
        "FEDIRP3": " ",
        "NAME3": " ",
        "FETYPE3": " ",
        "FEDIRS3": " ",
        "FMCDL": 56640,
        "FMCDR": 56640,
        "COUNTYL": 75,
        "COUNTYR": 75,
        "NFC": 5,
        "RU_L": 1,
        "RU_R": 1,
        "PR": 915501,
        "BMP": 1.008,
        "EMP": 1.256,
        "BPT": "38012892",
        "EPT": "38012885",
        "LRS_LINK": " 9155013801289238012885",
        "LENGTH": 398.26621721,
        "VER": "17a",
        "Shape.STLength()": 398.2661760224436,
        "ADJ_CNTY": 0,
        "LEGALSYSTEM": 3,
        "PAVENTRA_SEGMENT_ID": "NAP-299-9155013801289238012885"
      }
    },
    {
      "type": "Feature",
      "id": 726164,
      "geometry": {
        "type": "LineString",
        "coordinates": [
          [
            -84.33528525897275,
            42.16047853087596
          ],
          [
            -84.33533054928677,
            42.16356126865671
          ],
          [
            -84.33533932864795,
            42.16381252159299
          ],
          [
            -84.33536308850235,
            42.16389401005847
          ],
          [
            -84.33539743974532,
            42.163967928992506
          ],
          [
            -84.33544549860893,
            42.16401500961925
          ],
          [
            -84.33550420106236,
            42.16405259190992
          ],
          [
            -84.33561507274189,
            42.164081295924206
          ],
          [
            -84.33575750816333,
            42.16409501886887
          ],
          [
            -84.33613135639828,
            42.16409675365409
          ],
          [
            -84.33749625962848,
            42.164093369034404
          ],
          [
            -84.33810391513273,
            42.16411022431879
          ],
          [
            -84.33844724549091,
            42.16413630022025
          ],
          [
            -84.33875392264619,
            42.16420915097148
          ],
          [
            -84.33905759377778,
            42.164316089000906
          ],
          [
            -84.34150666788501,
            42.1652741144123
          ],
          [
            -84.34165200240047,
            42.16535281432302
          ],
          [
            -84.34177047548853,
            42.16543592181489
          ],
          [
            -84.34186151776652,
            42.165518818075135
          ],
          [
            -84.34191372866361,
            42.165571642015124
          ],
          [
            -84.34199050498609,
            42.165664734298375
          ],
          [
            -84.34206128152829,
            42.16577095025548
          ],
          [
            -84.34210195914724,
            42.16585549559887
          ],
          [
            -84.34216968587643,
            42.1660247855928
          ],
          [
            -84.34219346531883,
            42.16620469012345
          ],
          [
            -84.34218667128562,
            42.16634632931351
          ],
          [
            -84.34210237503764,
            42.167485638663806
          ],
          [
            -84.34202093720893,
            42.16800191181995
          ],
          [
            -84.3419653812577,
            42.16824063908613
          ],
          [
            -84.3419488344694,
            42.1684494960784
          ],
          [
            -84.34196933725694,
            42.168600031789445
          ],
          [
            -84.3420123741801,
            42.16872451233507
          ],
          [
            -84.34207489001251,
            42.168835072104955
          ],
          [
            -84.34211951367105,
            42.16890070225493
          ],
          [
            -84.34263249200407,
            42.16941110847835
          ],
          [
            -84.34327518365872,
            42.16999608899718
          ],
          [
            -84.34363574751362,
            42.170305391046206
          ],
          [
            -84.34396253645356,
            42.17054337157202
          ],
          [
            -84.34425618193616,
            42.17068643162256
          ],
          [
            -84.34457449391407,
            42.17079740089561
          ],
          [
            -84.34488963409383,
            42.17087881478633
          ],
          [
            -84.34518662058548,
            42.17095720458025
          ],
          [
            -84.34624091515121,
            42.1711028668938
          ],
          [
            -84.3469978517983,
            42.17122831533851
          ],
          [
            -84.34742978647743,
            42.171309674828905
          ],
          [
            -84.34772444053114,
            42.171412185938486
          ],
          [
            -84.34773698582853,
            42.171421122114346
          ]
        ]
      },
      "properties": {
        "OBJECTID": 726164,
        "FCC": "A32",
        "RDNAME": "Ackerson Lake Rd",
        "FRADDL": 7000,
        "TOADDL": 6300,
        "FRADDR": 6999,
        "TOADDR": 6299,
        "ZIPL": 49201,
        "ZIPR": 49201,
        "FEDIRP": " ",
        "NAME": "Ackerson Lake",
        "FETYPE": "Rd",
        "FEDIRS": " ",
        "FEDIRP2": " ",
        "NAME2": " ",
        "FETYPE2": " ",
        "FEDIRS2": " ",
        "FEDIRP3": " ",
        "NAME3": " ",
        "FETYPE3": " ",
        "FEDIRS3": " ",
        "FMCDL": 56640,
        "FMCDR": 56640,
        "COUNTYL": 75,
        "COUNTYR": 75,
        "NFC": 7,
        "RU_L": 1,
        "RU_R": 1,
        "PR": 901103,
        "BMP": 0,
        "EMP": 1.193,
        "BPT": "38012892",
        "EPT": "38025445",
        "LRS_LINK": " 9011033801289238025445",
        "LENGTH": 1920.3996433,
        "VER": "17a",
        "Shape.STLength()": 1920.3995983278542,
        "ADJ_CNTY": 0,
        "LEGALSYSTEM": 3,
        "PAVENTRA_SEGMENT_ID": "NAP-300-9011033801289238025445"
      }
    },
    {
      "type": "Feature",
      "id": 726175,
      "geometry": {
        "type": "LineString",
        "coordinates": [
          [
            -84.2484271270197,
            42.16061380919856
          ],
          [
            -84.24839578369806,
            42.15909829373237
          ]
        ]
      },
      "properties": {
        "OBJECTID": 726175,
        "FCC": "A21",
        "RDNAME": "Brooklyn Rd",
        "FRADDL": 7001,
        "TOADDL": 7067,
        "FRADDR": 7000,
        "TOADDR": 7066,
        "ZIPL": 49201,
        "ZIPR": 49201,
        "FEDIRP": " ",
        "NAME": "Brooklyn",
        "FETYPE": "Rd",
        "FEDIRS": " ",
        "FEDIRP2": " ",
        "NAME2": "M 50",
        "FETYPE2": " ",
        "FEDIRS2": " ",
        "FEDIRP3": " ",
        "NAME3": " ",
        "FETYPE3": " ",
        "FEDIRS3": " ",
        "FMCDL": 56640,
        "FMCDR": 56640,
        "COUNTYL": 75,
        "COUNTYR": 75,
        "NFC": 4,
        "RU_L": 1,
        "RU_R": 1,
        "PR": 899310,
        "BMP": 8.7,
        "EMP": 8.805,
        "BPT": "38012825",
        "EPT": "38012897",
        "LRS_LINK": " 8993103801282538012897",
        "LENGTH": 168.29064903,
        "VER": "17a",
        "Shape.STLength()": 168.29060410284347,
        "ADJ_CNTY": 0,
        "LEGALSYSTEM": 1,
        "PAVENTRA_SEGMENT_ID": "NAP-301-8993103801282538012897"
      }
    },
    {
      "type": "Feature",
      "id": 726210,
      "geometry": {
        "type": "LineString",
        "coordinates": [
          [
            -84.3537316223281,
            42.16053656039413
          ],
          [
            -84.35268203434092,
            42.16053098164332
          ]
        ]
      },
      "properties": {
        "OBJECTID": 726210,
        "FCC": "A31",
        "RDNAME": "Saunt Rd",
        "FRADDL": 0,
        "TOADDL": 0,
        "FRADDR": 0,
        "TOADDR": 0,
        "ZIPL": 49201,
        "ZIPR": 49201,
        "FEDIRP": " ",
        "NAME": "Saunt",
        "FETYPE": "Rd",
        "FEDIRS": " ",
        "FEDIRP2": " ",
        "NAME2": " ",
        "FETYPE2": " ",
        "FEDIRS2": " ",
        "FEDIRP3": " ",
        "NAME3": " ",
        "FETYPE3": " ",
        "FEDIRS3": " ",
        "FMCDL": 56640,
        "FMCDR": 56640,
        "COUNTYL": 75,
        "COUNTYR": 75,
        "NFC": 5,
        "RU_L": 1,
        "RU_R": 1,
        "PR": 915501,
        "BMP": 0,
        "EMP": 0.054,
        "BPT": "38012907",
        "EPT": "38012906",
        "LRS_LINK": " 9155013801290738012906",
        "LENGTH": 86.70789786,
        "VER": "17a",
        "Shape.STLength()": 86.70787704401486,
        "ADJ_CNTY": 0,
        "LEGALSYSTEM": 3,
        "PAVENTRA_SEGMENT_ID": "NAP-302-9155013801290738012906"
      }
    },
    {
      "type": "Feature",
      "id": 726211,
      "geometry": {
        "type": "LineString",
        "coordinates": [
          [
            -84.3537316223281,
            42.16053656039413
          ],
          [
            -84.3545657450904,
            42.16237177205614
          ]
        ]
      },
      "properties": {
        "OBJECTID": 726211,
        "FCC": "A31",
        "RDNAME": "Blue Ridge Rd",
        "FRADDL": 0,
        "TOADDL": 0,
        "FRADDR": 6999,
        "TOADDR": 6991,
        "ZIPL": 49234,
        "ZIPR": 49234,
        "FEDIRP": " ",
        "NAME": "Blue Ridge",
        "FETYPE": "Rd",
        "FEDIRS": " ",
        "FEDIRP2": " ",
        "NAME2": " ",
        "FETYPE2": " ",
        "FEDIRS2": " ",
        "FEDIRP3": " ",
        "NAME3": " ",
        "FETYPE3": " ",
        "FEDIRS3": " ",
        "FMCDL": 56640,
        "FMCDR": 56640,
        "COUNTYL": 75,
        "COUNTYR": 75,
        "NFC": 5,
        "RU_L": 1,
        "RU_R": 1,
        "PR": 918202,
        "BMP": 1.511,
        "EMP": 1.645,
        "BPT": "38012907",
        "EPT": "38019386",
        "LRS_LINK": " 9182023801290738019386",
        "LENGTH": 215.10257547,
        "VER": "17a",
        "Shape.STLength()": 215.1025507085632,
        "ADJ_CNTY": 0,
        "LEGALSYSTEM": 3,
        "PAVENTRA_SEGMENT_ID": "NAP-303-9182023801290738019386"
      }
    },
    {
      "type": "Feature",
      "id": 726230,
      "geometry": {
        "type": "LineString",
        "coordinates": [
          [
            -84.2281839739353,
            42.15851666923543
          ],
          [
            -84.22692910141946,
            42.159140776048936
          ],
          [
            -84.22664323043946,
            42.159257162991075
          ],
          [
            -84.22637324639214,
            42.15935940495685
          ],
          [
            -84.22600630294005,
            42.15946873974343
          ],
          [
            -84.22562396717389,
            42.159574948071764
          ],
          [
            -84.22501914019541,
            42.159746718031336
          ],
          [
            -84.2243424489325,
            42.159932132573374
          ],
          [
            -84.22302494144577,
            42.16029521564819
          ],
          [
            -84.22261627948349,
            42.160393043978345
          ],
          [
            -84.22232865463317,
            42.16043285716514
          ],
          [
            -84.22193663293278,
            42.160471002679024
          ],
          [
            -84.22067702416551,
            42.16050319377493
          ]
        ]
      },
      "properties": {
        "OBJECTID": 726230,
        "FCC": "A31",
        "RDNAME": "Sharon Valley Rd",
        "FRADDL": 10248,
        "TOADDL": 10298,
        "FRADDR": 10403,
        "TOADDR": 10405,
        "ZIPL": 49201,
        "ZIPR": 49201,
        "FEDIRP": " ",
        "NAME": "Sharon Valley",
        "FETYPE": "Rd",
        "FEDIRS": " ",
        "FEDIRP2": " ",
        "NAME2": " ",
        "FETYPE2": " ",
        "FEDIRS2": " ",
        "FEDIRP3": " ",
        "NAME3": " ",
        "FETYPE3": " ",
        "FEDIRS3": " ",
        "FMCDL": 56640,
        "FMCDR": 56640,
        "COUNTYL": 75,
        "COUNTYR": 75,
        "NFC": 6,
        "RU_L": 1,
        "RU_R": 1,
        "PR": 915503,
        "BMP": 0,
        "EMP": 0.415,
        "BPT": "38012914",
        "EPT": "38012789",
        "LRS_LINK": " 9155033801291438012789",
        "LENGTH": 668.53686719,
        "VER": "17a",
        "Shape.STLength()": 668.5368458916987,
        "ADJ_CNTY": 0,
        "LEGALSYSTEM": 2,
        "PAVENTRA_SEGMENT_ID": "NAP-304-9155033801291438012789"
      }
    },
    {
      "type": "Feature",
      "id": 726231,
      "geometry": {
        "type": "LineString",
        "coordinates": [
          [
            -84.24467054270514,
            42.16066375874829
          ],
          [
            -84.24117862018348,
            42.1603483148774
          ],
          [
            -84.23825294642238,
            42.16008106499289
          ],
          [
            -84.23757502165878,
            42.16000190609159
          ],
          [
            -84.23704660763612,
            42.159933815826385
          ],
          [
            -84.23672743842035,
            42.15986690435494
          ],
          [
            -84.23639510104063,
            42.15975879760286
          ],
          [
            -84.23573560845564,
            42.159446397096524
          ],
          [
            -84.23547605188492,
            42.159340152682375
          ],
          [
            -84.23514186490496,
            42.15923494514952
          ],
          [
            -84.23486898028143,
            42.15917733280815
          ],
          [
            -84.23464292988112,
            42.15915154618655
          ],
          [
            -84.23430937592823,
            42.15912849438687
          ],
          [
            -84.23386073002449,
            42.15910507068132
          ],
          [
            -84.23256642485748,
            42.159005241179564
          ],
          [
            -84.23158084461566,
            42.1589405418188
          ],
          [
            -84.23069021399638,
            42.158882937200794
          ],
          [
            -84.23012411123806,
            42.15882324230498
          ],
          [
            -84.2281839739353,
            42.15851666923543
          ]
        ]
      },
      "properties": {
        "OBJECTID": 726231,
        "FCC": "A31",
        "RDNAME": "Austin Rd",
        "FRADDL": 900,
        "TOADDL": 10098,
        "FRADDR": 1003,
        "TOADDR": 10199,
        "ZIPL": 49201,
        "ZIPR": 49201,
        "FEDIRP": " ",
        "NAME": "Austin",
        "FETYPE": "Rd",
        "FEDIRS": " ",
        "FEDIRP2": " ",
        "NAME2": " ",
        "FETYPE2": " ",
        "FEDIRS2": " ",
        "FEDIRP3": " ",
        "NAME3": " ",
        "FETYPE3": " ",
        "FEDIRS3": " ",
        "FMCDL": 56640,
        "FMCDR": 56640,
        "COUNTYL": 75,
        "COUNTYR": 75,
        "NFC": 5,
        "RU_L": 1,
        "RU_R": 1,
        "PR": 901205,
        "BMP": 0.214,
        "EMP": 1.08,
        "BPT": "38012810",
        "EPT": "38012914",
        "LRS_LINK": " 9012053801281038012914",
        "LENGTH": 1392.79717382,
        "VER": "17a",
        "Shape.STLength()": 1392.7972162407286,
        "ADJ_CNTY": 0,
        "LEGALSYSTEM": 2,
        "PAVENTRA_SEGMENT_ID": "NAP-305-9012053801281038012914"
      }
    },
    {
      "type": "Feature",
      "id": 726259,
      "geometry": {
        "type": "LineString",
        "coordinates": [
          [
            -84.32578520210535,
            42.15984955599283
          ],
          [
            -84.32576653593941,
            42.16042058009011
          ]
        ]
      },
      "properties": {
        "OBJECTID": 726259,
        "FCC": "A31",
        "RDNAME": "Clark Lake Rd",
        "FRADDL": 0,
        "TOADDL": 0,
        "FRADDR": 0,
        "TOADDR": 0,
        "ZIPL": 49201,
        "ZIPR": 49201,
        "FEDIRP": " ",
        "NAME": "Clark Lake",
        "FETYPE": "Rd",
        "FEDIRS": " ",
        "FEDIRP2": " ",
        "NAME2": "Clarklake",
        "FETYPE2": "Rd",
        "FEDIRS2": " ",
        "FEDIRP3": " ",
        "NAME3": "Clark Lake",
        "FETYPE3": "Rd",
        "FEDIRS3": " ",
        "FMCDL": 56640,
        "FMCDR": 56640,
        "COUNTYL": 75,
        "COUNTYR": 75,
        "NFC": 6,
        "RU_L": 1,
        "RU_R": 1,
        "PR": 917803,
        "BMP": 2.638,
        "EMP": 2.677,
        "BPT": "38012912",
        "EPT": "38012881",
        "LRS_LINK": " 9178033801291238012881",
        "LENGTH": 63.42067782,
        "VER": "17a",
        "Shape.STLength()": 63.420726411796956,
        "ADJ_CNTY": 0,
        "LEGALSYSTEM": 2,
        "PAVENTRA_SEGMENT_ID": "NAP-306-9178033801291238012881"
      }
    },
    {
      "type": "Feature",
      "id": 726260,
      "geometry": {
        "type": "LineString",
        "coordinates": [
          [
            -84.32660490779196,
            42.16043670732833
          ],
          [
            -84.32640556962986,
            42.16041032067938
          ],
          [
            -84.32626489221444,
            42.160373063046144
          ],
          [
            -84.32615830188547,
            42.16032293139614
          ],
          [
            -84.32605670723416,
            42.160254467414504
          ],
          [
            -84.32597098756095,
            42.160181223929825
          ],
          [
            -84.32589691740644,
            42.16009309493595
          ],
          [
            -84.32584955232551,
            42.16001540781778
          ],
          [
            -84.32578520210535,
            42.15984955599283
          ]
        ]
      },
      "properties": {
        "OBJECTID": 726260,
        "FCC": "A31",
        "RDNAME": "Clark Lake Rd",
        "FRADDL": 0,
        "TOADDL": 0,
        "FRADDR": 0,
        "TOADDR": 0,
        "ZIPL": 49201,
        "ZIPR": 49201,
        "FEDIRP": " ",
        "NAME": "Clark Lake",
        "FETYPE": "Rd",
        "FEDIRS": " ",
        "FEDIRP2": " ",
        "NAME2": "Clarklake/Stoney Lake Cutoff",
        "FETYPE2": " ",
        "FEDIRS2": " ",
        "FEDIRP3": " ",
        "NAME3": " ",
        "FETYPE3": " ",
        "FEDIRS3": " ",
        "FMCDL": 56640,
        "FMCDR": 56640,
        "COUNTYL": 75,
        "COUNTYR": 75,
        "NFC": 6,
        "RU_L": 1,
        "RU_R": 1,
        "PR": 3380606,
        "BMP": 0,
        "EMP": 0.063,
        "BPT": "38012882",
        "EPT": "38012912",
        "LRS_LINK": "33806063801288238012912",
        "LENGTH": 101.76475251,
        "VER": "17a",
        "Shape.STLength()": 101.76479387775997,
        "ADJ_CNTY": 0,
        "LEGALSYSTEM": 2,
        "PAVENTRA_SEGMENT_ID": "NAP-307-33806063801288238012912"
      }
    },
    {
      "type": "Feature",
      "id": 726329,
      "geometry": {
        "type": "LineString",
        "coordinates": [
          [
            -84.24505242458181,
            42.15829830028086
          ],
          [
            -84.24489108069221,
            42.15904542589883
          ],
          [
            -84.24488211219295,
            42.15912118597495
          ],
          [
            -84.24476503567392,
            42.160110139097846
          ]
        ]
      },
      "properties": {
        "OBJECTID": 726329,
        "FCC": "A32",
        "RDNAME": "Chicago St",
        "FRADDL": 7347,
        "TOADDL": 7301,
        "FRADDR": 239,
        "TOADDR": 105,
        "ZIPL": 49201,
        "ZIPR": 49201,
        "FEDIRP": " ",
        "NAME": "Chicago",
        "FETYPE": "St",
        "FEDIRS": " ",
        "FEDIRP2": " ",
        "NAME2": "Chicago",
        "FETYPE2": "Rd",
        "FEDIRS2": " ",
        "FEDIRP3": " ",
        "NAME3": " ",
        "FETYPE3": " ",
        "FEDIRS3": " ",
        "FMCDL": 56640,
        "FMCDR": 56640,
        "COUNTYL": 75,
        "COUNTYR": 75,
        "NFC": 7,
        "RU_L": 1,
        "RU_R": 1,
        "PR": 901210,
        "BMP": 0.523,
        "EMP": 0.649,
        "BPT": "38012942",
        "EPT": "38012843",
        "LRS_LINK": " 9012103801294238012843",
        "LENGTH": 202.69374739,
        "VER": "17a",
        "Shape.STLength()": 202.69371066206986,
        "ADJ_CNTY": 0,
        "LEGALSYSTEM": 3,
        "PAVENTRA_SEGMENT_ID": "NAP-308-9012103801294238012843"
      }
    },
    {
      "type": "Feature",
      "id": 726348,
      "geometry": {
        "type": "LineString",
        "coordinates": [
          [
            -84.26303589785742,
            42.158515439096846
          ],
          [
            -84.26285057798374,
            42.15851343702472
          ],
          [
            -84.26172024801784,
            42.15850323235887
          ],
          [
            -84.26160211948861,
            42.158517030038034
          ],
          [
            -84.26153004819918,
            42.15853780530246
          ],
          [
            -84.26149492200705,
            42.15859044301552
          ],
          [
            -84.26148798409399,
            42.15868732357088
          ],
          [
            -84.26147349081221,
            42.1601431599383
          ]
        ]
      },
      "properties": {
        "OBJECTID": 726348,
        "FCC": "A32",
        "RDNAME": "Hively Rd",
        "FRADDL": 7998,
        "TOADDL": 7900,
        "FRADDR": 7999,
        "TOADDR": 7901,
        "ZIPL": 49201,
        "ZIPR": 49201,
        "FEDIRP": " ",
        "NAME": "Hively",
        "FETYPE": "Rd",
        "FEDIRS": " ",
        "FEDIRP2": " ",
        "NAME2": " ",
        "FETYPE2": " ",
        "FEDIRS2": " ",
        "FEDIRP3": " ",
        "NAME3": " ",
        "FETYPE3": " ",
        "FEDIRS3": " ",
        "FMCDL": 56640,
        "FMCDR": 56640,
        "COUNTYL": 75,
        "COUNTYR": 75,
        "NFC": 7,
        "RU_L": 1,
        "RU_R": 1,
        "PR": 915502,
        "BMP": 0,
        "EMP": 0.189,
        "BPT": "38012948",
        "EPT": "38012853",
        "LRS_LINK": " 9155023801294838012853",
        "LENGTH": 303.90630405,
        "VER": "17a",
        "Shape.STLength()": 303.9063062614345,
        "ADJ_CNTY": 0,
        "LEGALSYSTEM": 3,
        "PAVENTRA_SEGMENT_ID": "NAP-309-9155023801294838012853"
      }
    },
    {
      "type": "Feature",
      "id": 726349,
      "geometry": {
        "type": "LineString",
        "coordinates": [
          [
            -84.26303589785742,
            42.158515439096846
          ],
          [
            -84.26307225883127,
            42.1601608461813
          ]
        ]
      },
      "properties": {
        "OBJECTID": 726349,
        "FCC": "A31",
        "RDNAME": "Napoleon Rd",
        "FRADDL": 7978,
        "TOADDL": 7960,
        "FRADDR": 7977,
        "TOADDR": 7967,
        "ZIPL": 49201,
        "ZIPR": 49201,
        "FEDIRP": " ",
        "NAME": "Napoleon",
        "FETYPE": "Rd",
        "FEDIRS": " ",
        "FEDIRP2": " ",
        "NAME2": " ",
        "FETYPE2": " ",
        "FEDIRS2": " ",
        "FEDIRP3": " ",
        "NAME3": " ",
        "FETYPE3": " ",
        "FEDIRS3": " ",
        "FMCDL": 56640,
        "FMCDR": 56640,
        "COUNTYL": 75,
        "COUNTYR": 75,
        "NFC": 6,
        "RU_L": 1,
        "RU_R": 1,
        "PR": 901203,
        "BMP": 0.171,
        "EMP": 0.284,
        "BPT": "38012948",
        "EPT": "38012854",
        "LRS_LINK": " 9012033801294838012854",
        "LENGTH": 182.71749321,
        "VER": "17a",
        "Shape.STLength()": 182.71749228576886,
        "ADJ_CNTY": 0,
        "LEGALSYSTEM": 3,
        "PAVENTRA_SEGMENT_ID": "NAP-310-9012033801294838012854"
      }
    },
    {
      "type": "Feature",
      "id": 722653,
      "geometry": {
        "type": "LineString",
        "coordinates": [
          [
            -84.27355805987257,
            42.173654684559196
          ],
          [
            -84.27641906444141,
            42.17484602579835
          ],
          [
            -84.27653054570645,
            42.1748888990039
          ],
          [
            -84.27660303292083,
            42.174934216604285
          ],
          [
            -84.27665666232141,
            42.17499448061608
          ],
          [
            -84.2766748384837,
            42.17507705601232
          ],
          [
            -84.27666592707345,
            42.17564239858922
          ],
          [
            -84.27665553046987,
            42.175804763353554
          ],
          [
            -84.27666654157655,
            42.17589925750876
          ],
          [
            -84.27669628071259,
            42.175951958333144
          ],
          [
            -84.27673438786667,
            42.17598447312943
          ],
          [
            -84.27678472402329,
            42.17599831292376
          ],
          [
            -84.27777528719821,
            42.176012491566716
          ]
        ]
      },
      "properties": {
        "OBJECTID": 722653,
        "FCC": "A32",
        "RDNAME": "Skylark Dr",
        "FRADDL": 6397,
        "TOADDL": 6453,
        "FRADDR": 6398,
        "TOADDR": 6456,
        "ZIPL": 49201,
        "ZIPR": 49201,
        "FEDIRP": " ",
        "NAME": "Skylark",
        "FETYPE": "Dr",
        "FEDIRS": " ",
        "FEDIRP2": " ",
        "NAME2": " ",
        "FETYPE2": " ",
        "FEDIRS2": " ",
        "FEDIRP3": " ",
        "NAME3": " ",
        "FETYPE3": " ",
        "FEDIRS3": " ",
        "FMCDL": 56640,
        "FMCDR": 56640,
        "COUNTYL": 75,
        "COUNTYR": 75,
        "NFC": 7,
        "RU_L": 1,
        "RU_R": 1,
        "PR": 916009,
        "BMP": 0,
        "EMP": 0.308,
        "BPT": "38012307",
        "EPT": "38012226",
        "LRS_LINK": " 9160093801230738012226",
        "LENGTH": 495.0471342,
        "VER": "17a",
        "Shape.STLength()": 495.04718337804957,
        "ADJ_CNTY": 0,
        "LEGALSYSTEM": 3,
        "PAVENTRA_SEGMENT_ID": "NAP-311-9160093801230738012226"
      }
    },
    {
      "type": "Feature",
      "id": 722736,
      "geometry": {
        "type": "LineString",
        "coordinates": [
          [
            -84.23777687737731,
            42.172786134488355
          ],
          [
            -84.23808157528731,
            42.17296133111625
          ],
          [
            -84.23826222486188,
            42.17308088388914
          ],
          [
            -84.23840352289004,
            42.17321194453601
          ],
          [
            -84.23851429214488,
            42.17345191679627
          ],
          [
            -84.23850867129303,
            42.17363987072917
          ]
        ]
      },
      "properties": {
        "OBJECTID": 722736,
        "FCC": "A32",
        "RDNAME": "Amberton Dr",
        "FRADDL": 0,
        "TOADDL": 0,
        "FRADDR": 6337,
        "TOADDR": 6137,
        "ZIPL": 49201,
        "ZIPR": 49201,
        "FEDIRP": " ",
        "NAME": "Amberton",
        "FETYPE": "Dr",
        "FEDIRS": " ",
        "FEDIRP2": " ",
        "NAME2": " ",
        "FETYPE2": " ",
        "FEDIRS2": " ",
        "FEDIRP3": " ",
        "NAME3": " ",
        "FETYPE3": " ",
        "FEDIRS3": " ",
        "FMCDL": 56640,
        "FMCDR": 56640,
        "COUNTYL": 75,
        "COUNTYR": 75,
        "NFC": 7,
        "RU_L": 1,
        "RU_R": 1,
        "PR": 915601,
        "BMP": 0.149,
        "EMP": 0.223,
        "BPT": "38012332",
        "EPT": "38012298",
        "LRS_LINK": " 9156013801233238012298",
        "LENGTH": 119.47736013,
        "VER": "17a",
        "Shape.STLength()": 119.47729711625972,
        "ADJ_CNTY": 0,
        "LEGALSYSTEM": 3,
        "PAVENTRA_SEGMENT_ID": "NAP-312-9156013801233238012298"
      }
    },
    {
      "type": "Feature",
      "id": 722770,
      "geometry": {
        "type": "LineString",
        "coordinates": [
          [
            -84.28033303382541,
            42.17332310719644
          ],
          [
            -84.27928458508403,
            42.17331753158951
          ],
          [
            -84.2790140449782,
            42.17331864257668
          ],
          [
            -84.27884920263695,
            42.173358455463976
          ],
          [
            -84.2786978520762,
            42.17342495324228
          ],
          [
            -84.27856681131608,
            42.173528831651026
          ],
          [
            -84.27852901344443,
            42.173607676113555
          ],
          [
            -84.27848099213075,
            42.17379756403639
          ],
          [
            -84.27845418006163,
            42.17424724996921
          ]
        ]
      },
      "properties": {
        "OBJECTID": 722770,
        "FCC": "A32",
        "RDNAME": "Foxworth Ct",
        "FRADDL": 0,
        "TOADDL": 0,
        "FRADDR": 0,
        "TOADDR": 0,
        "ZIPL": 49201,
        "ZIPR": 49201,
        "FEDIRP": " ",
        "NAME": "Foxworth",
        "FETYPE": "Ct",
        "FEDIRS": " ",
        "FEDIRP2": " ",
        "NAME2": " ",
        "FETYPE2": " ",
        "FEDIRS2": " ",
        "FEDIRP3": " ",
        "NAME3": " ",
        "FETYPE3": " ",
        "FEDIRS3": " ",
        "FMCDL": 56640,
        "FMCDR": 56640,
        "COUNTYL": 75,
        "COUNTYR": 75,
        "NFC": 7,
        "RU_L": 1,
        "RU_R": 1,
        "PR": 3381045,
        "BMP": 0,
        "EMP": 0.146,
        "BPT": "38018238",
        "EPT": "38018240",
        "LRS_LINK": "33810453801823838018240",
        "LENGTH": 234.3167416,
        "VER": "17a",
        "Shape.STLength()": 234.31678699719237,
        "ADJ_CNTY": 0,
        "LEGALSYSTEM": 3,
        "PAVENTRA_SEGMENT_ID": "NAP-313-33810453801823838018240"
      }
    },
    {
      "type": "Feature",
      "id": 722771,
      "geometry": {
        "type": "LineString",
        "coordinates": [
          [
            -84.28033303382541,
            42.17332310719644
          ],
          [
            -84.28034006901325,
            42.17409783547191
          ]
        ]
      },
      "properties": {
        "OBJECTID": 722771,
        "FCC": "A32",
        "RDNAME": "Silkworth Blvd",
        "FRADDL": 6108,
        "TOADDL": 6110,
        "FRADDR": 6109,
        "TOADDR": 6111,
        "ZIPL": 49201,
        "ZIPR": 49201,
        "FEDIRP": " ",
        "NAME": "Silkworth",
        "FETYPE": "Blvd",
        "FEDIRS": " ",
        "FEDIRP2": " ",
        "NAME2": " ",
        "FETYPE2": " ",
        "FEDIRS2": " ",
        "FEDIRP3": " ",
        "NAME3": " ",
        "FETYPE3": " ",
        "FEDIRS3": " ",
        "FMCDL": 56640,
        "FMCDR": 56640,
        "COUNTYL": 75,
        "COUNTYR": 75,
        "NFC": 7,
        "RU_L": 1,
        "RU_R": 1,
        "PR": 1920904,
        "BMP": 0.373,
        "EMP": 0.426,
        "BPT": "38018238",
        "EPT": "38016858",
        "LRS_LINK": "19209043801823838016858",
        "LENGTH": 86.02184008,
        "VER": "17a",
        "Shape.STLength()": 86.02179371229131,
        "ADJ_CNTY": 0,
        "LEGALSYSTEM": 3,
        "PAVENTRA_SEGMENT_ID": "NAP-314-19209043801823838016858"
      }
    },
    {
      "type": "Feature",
      "id": 722791,
      "geometry": {
        "type": "LineString",
        "coordinates": [
          [
            -84.24030254509914,
            42.17261421324022
          ],
          [
            -84.23800599705109,
            42.17267851354892
          ],
          [
            -84.23789643414449,
            42.172706341760694
          ],
          [
            -84.23777687737731,
            42.172786134488355
          ]
        ]
      },
      "properties": {
        "OBJECTID": 722791,
        "FCC": "A32",
        "RDNAME": "Flagstone Dr",
        "FRADDL": 9304,
        "TOADDL": 9398,
        "FRADDR": 9329,
        "TOADDR": 9399,
        "ZIPL": 49201,
        "ZIPR": 49201,
        "FEDIRP": " ",
        "NAME": "Flagstone",
        "FETYPE": "Dr",
        "FEDIRS": " ",
        "FEDIRP2": " ",
        "NAME2": " ",
        "FETYPE2": " ",
        "FEDIRS2": " ",
        "FEDIRP3": " ",
        "NAME3": " ",
        "FETYPE3": " ",
        "FEDIRS3": " ",
        "FMCDL": 56640,
        "FMCDR": 56640,
        "COUNTYL": 75,
        "COUNTYR": 75,
        "NFC": 7,
        "RU_L": 1,
        "RU_R": 1,
        "PR": 916105,
        "BMP": 0.264,
        "EMP": 0.396,
        "BPT": "38012337",
        "EPT": "38012332",
        "LRS_LINK": " 9161053801233738012332",
        "LENGTH": 212.64266123,
        "VER": "17a",
        "Shape.STLength()": 212.64262482446279,
        "ADJ_CNTY": 0,
        "LEGALSYSTEM": 3,
        "PAVENTRA_SEGMENT_ID": "NAP-315-9161053801233738012332"
      }
    },
    {
      "type": "Feature",
      "id": 722792,
      "geometry": {
        "type": "LineString",
        "coordinates": [
          [
            -84.24030254509914,
            42.17261421324022
          ],
          [
            -84.24034191856443,
            42.17360558941416
          ]
        ]
      },
      "properties": {
        "OBJECTID": 722792,
        "FCC": "A32",
        "RDNAME": "Thru Roamin Dr",
        "FRADDL": 6026,
        "TOADDL": 6020,
        "FRADDR": 6025,
        "TOADDR": 6019,
        "ZIPL": 49201,
        "ZIPR": 49201,
        "FEDIRP": " ",
        "NAME": "Thru Roamin",
        "FETYPE": "Dr",
        "FEDIRS": " ",
        "FEDIRP2": " ",
        "NAME2": " ",
        "FETYPE2": " ",
        "FEDIRS2": " ",
        "FEDIRP3": " ",
        "NAME3": " ",
        "FETYPE3": " ",
        "FEDIRS3": " ",
        "FMCDL": 56640,
        "FMCDR": 56640,
        "COUNTYL": 75,
        "COUNTYR": 75,
        "NFC": 7,
        "RU_L": 1,
        "RU_R": 1,
        "PR": 916106,
        "BMP": 0.222,
        "EMP": 0.291,
        "BPT": "38012337",
        "EPT": "38012300",
        "LRS_LINK": " 9161063801233738012300",
        "LENGTH": 110.12267555,
        "VER": "17a",
        "Shape.STLength()": 110.12273952731105,
        "ADJ_CNTY": 0,
        "LEGALSYSTEM": 3,
        "PAVENTRA_SEGMENT_ID": "NAP-316-9161063801233738012300"
      }
    },
    {
      "type": "Feature",
      "id": 722845,
      "geometry": {
        "type": "LineString",
        "coordinates": [
          [
            -84.23731725982067,
            42.17242011106987
          ],
          [
            -84.2374169036211,
            42.17257894599126
          ],
          [
            -84.2374818045505,
            42.17264998959445
          ],
          [
            -84.23755591407932,
            42.172691616844794
          ],
          [
            -84.23765924858787,
            42.17273526237177
          ],
          [
            -84.23777687737731,
            42.172786134488355
          ]
        ]
      },
      "properties": {
        "OBJECTID": 722845,
        "FCC": "A32",
        "RDNAME": "Amberton Dr",
        "FRADDL": 0,
        "TOADDL": 0,
        "FRADDR": 6391,
        "TOADDR": 6339,
        "ZIPL": 49201,
        "ZIPR": 49201,
        "FEDIRP": " ",
        "NAME": "Amberton",
        "FETYPE": "Dr",
        "FEDIRS": " ",
        "FEDIRP2": " ",
        "NAME2": " ",
        "FETYPE2": " ",
        "FEDIRS2": " ",
        "FEDIRP3": " ",
        "NAME3": " ",
        "FETYPE3": " ",
        "FEDIRS3": " ",
        "FMCDL": 56640,
        "FMCDR": 56640,
        "COUNTYL": 75,
        "COUNTYR": 75,
        "NFC": 7,
        "RU_L": 1,
        "RU_R": 1,
        "PR": 915601,
        "BMP": 0.113,
        "EMP": 0.149,
        "BPT": "38012348",
        "EPT": "38012332",
        "LRS_LINK": " 9156013801234838012332",
        "LENGTH": 57.72120081,
        "VER": "17a",
        "Shape.STLength()": 57.721264027100275,
        "ADJ_CNTY": 0,
        "LEGALSYSTEM": 3,
        "PAVENTRA_SEGMENT_ID": "NAP-317-9156013801234838012332"
      }
    },
    {
      "type": "Feature",
      "id": 722847,
      "geometry": {
        "type": "LineString",
        "coordinates": [
          [
            -84.27381208987137,
            42.17298455667053
          ],
          [
            -84.27358331124115,
            42.17335760526157
          ],
          [
            -84.27356265340838,
            42.17343047401592
          ],
          [
            -84.27356536428312,
            42.17352348765942
          ],
          [
            -84.27355805987257,
            42.173654684559196
          ]
        ]
      },
      "properties": {
        "OBJECTID": 722847,
        "FCC": "A32",
        "RDNAME": "Flamingo Dr",
        "FRADDL": 6599,
        "TOADDL": 6555,
        "FRADDR": 6598,
        "TOADDR": 6526,
        "ZIPL": 49201,
        "ZIPR": 49201,
        "FEDIRP": " ",
        "NAME": "Flamingo",
        "FETYPE": "Dr",
        "FEDIRS": " ",
        "FEDIRP2": " ",
        "NAME2": " ",
        "FETYPE2": " ",
        "FEDIRS2": " ",
        "FEDIRP3": " ",
        "NAME3": " ",
        "FETYPE3": " ",
        "FEDIRS3": " ",
        "FMCDL": 56640,
        "FMCDR": 56640,
        "COUNTYL": 75,
        "COUNTYR": 75,
        "NFC": 7,
        "RU_L": 1,
        "RU_R": 1,
        "PR": 901202,
        "BMP": 0,
        "EMP": 0.049,
        "BPT": "38012336",
        "EPT": "38012307",
        "LRS_LINK": " 9012023801233638012307",
        "LENGTH": 78.70503942,
        "VER": "17a",
        "Shape.STLength()": 78.70503890021715,
        "ADJ_CNTY": 0,
        "LEGALSYSTEM": 3,
        "PAVENTRA_SEGMENT_ID": "NAP-318-9012023801233638012307"
      }
    },
    {
      "type": "Feature",
      "id": 722848,
      "geometry": {
        "type": "LineString",
        "coordinates": [
          [
            -84.27777883977909,
            42.17470364848263
          ],
          [
            -84.27381208987137,
            42.17298455667053
          ]
        ]
      },
      "properties": {
        "OBJECTID": 722848,
        "FCC": "A21",
        "RDNAME": "Brooklyn Rd",
        "FRADDL": 6000,
        "TOADDL": 6030,
        "FRADDR": 6001,
        "TOADDR": 6139,
        "ZIPL": 49201,
        "ZIPR": 49201,
        "FEDIRP": " ",
        "NAME": "Brooklyn",
        "FETYPE": "Rd",
        "FEDIRS": " ",
        "FEDIRP2": " ",
        "NAME2": "M 50",
        "FETYPE2": " ",
        "FEDIRS2": " ",
        "FEDIRP3": " ",
        "NAME3": " ",
        "FETYPE3": " ",
        "FEDIRS3": " ",
        "FMCDL": 56640,
        "FMCDR": 56640,
        "COUNTYL": 75,
        "COUNTYR": 75,
        "NFC": 4,
        "RU_L": 1,
        "RU_R": 1,
        "PR": 899310,
        "BMP": 6.865,
        "EMP": 7.1,
        "BPT": "38012275",
        "EPT": "38012336",
        "LRS_LINK": " 8993103801227538012336",
        "LENGTH": 379.1684914,
        "VER": "17a",
        "Shape.STLength()": 379.16853540889963,
        "ADJ_CNTY": 0,
        "LEGALSYSTEM": 1,
        "PAVENTRA_SEGMENT_ID": "NAP-319-8993103801227538012336"
      }
    },
    {
      "type": "Feature",
      "id": 722913,
      "geometry": {
        "type": "LineString",
        "coordinates": [
          [
            -84.32613860631722,
            42.173560343731
          ],
          [
            -84.32601472811467,
            42.17380857684031
          ],
          [
            -84.32594639529299,
            42.17408670495842
          ],
          [
            -84.32590432495115,
            42.174305177811505
          ],
          [
            -84.32590034269182,
            42.17496046218605
          ]
        ]
      },
      "properties": {
        "OBJECTID": 722913,
        "FCC": "A31",
        "RDNAME": "Clark Lake Rd",
        "FRADDL": 6064,
        "TOADDL": 6000,
        "FRADDR": 6123,
        "TOADDR": 6001,
        "ZIPL": 49201,
        "ZIPR": 49201,
        "FEDIRP": " ",
        "NAME": "Clark Lake",
        "FETYPE": "Rd",
        "FEDIRS": " ",
        "FEDIRP2": " ",
        "NAME2": "Clarklake",
        "FETYPE2": "Rd",
        "FEDIRS2": " ",
        "FEDIRP3": " ",
        "NAME3": "Clark Lake",
        "FETYPE3": "Rd",
        "FEDIRS3": " ",
        "FMCDL": 56640,
        "FMCDR": 56640,
        "COUNTYL": 75,
        "COUNTYR": 75,
        "NFC": 6,
        "RU_L": 1,
        "RU_R": 1,
        "PR": 3380002,
        "BMP": 0.953,
        "EMP": 1.051,
        "BPT": "38012349",
        "EPT": "38012297",
        "LRS_LINK": "33800023801234938012297",
        "LENGTH": 158.0559836,
        "VER": "17a",
        "Shape.STLength()": 158.0559495593173,
        "ADJ_CNTY": 0,
        "LEGALSYSTEM": 2,
        "PAVENTRA_SEGMENT_ID": "NAP-320-33800023801234938012297"
      }
    },
    {
      "type": "Feature",
      "id": 722927,
      "geometry": {
        "type": "LineString",
        "coordinates": [
          [
            -84.34887729382625,
            42.17386642344087
          ],
          [
            -84.34890552067118,
            42.17397270785661
          ],
          [
            -84.34891334469366,
            42.174151097794734
          ],
          [
            -84.348891283278,
            42.17426805473387
          ],
          [
            -84.34885532176372,
            42.17436277294133
          ],
          [
            -84.34864372184877,
            42.17467956705322
          ],
          [
            -84.3481742422328,
            42.17531489490689
          ],
          [
            -84.34797808309246,
            42.175632167768114
          ],
          [
            -84.34764772043114,
            42.17621033173412
          ]
        ]
      },
      "properties": {
        "OBJECTID": 722927,
        "FCC": "A32",
        "RDNAME": "Ackerson Lake Rd",
        "FRADDL": 6060,
        "TOADDL": 6000,
        "FRADDR": 0,
        "TOADDR": 0,
        "ZIPL": 49201,
        "ZIPR": 49201,
        "FEDIRP": " ",
        "NAME": "Ackerson Lake",
        "FETYPE": "Rd",
        "FEDIRS": " ",
        "FEDIRP2": " ",
        "NAME2": " ",
        "FETYPE2": " ",
        "FEDIRS2": " ",
        "FEDIRP3": " ",
        "NAME3": " ",
        "FETYPE3": " ",
        "FEDIRS3": " ",
        "FMCDL": 56640,
        "FMCDR": 56640,
        "COUNTYL": 75,
        "COUNTYR": 75,
        "NFC": 7,
        "RU_L": 1,
        "RU_R": 1,
        "PR": 901103,
        "BMP": 1.373,
        "EMP": 1.55,
        "BPT": "38021746",
        "EPT": "38012260",
        "LRS_LINK": " 9011033802174638012260",
        "LENGTH": 284.18781151,
        "VER": "17a",
        "Shape.STLength()": 284.18774086164905,
        "ADJ_CNTY": 0,
        "LEGALSYSTEM": 3,
        "PAVENTRA_SEGMENT_ID": "NAP-321-9011033802174638012260"
      }
    },
    {
      "type": "Feature",
      "id": 723116,
      "geometry": {
        "type": "LineString",
        "coordinates": [
          [
            -84.28764739325212,
            42.172443716241546
          ],
          [
            -84.28751793623157,
            42.172638936446425
          ],
          [
            -84.28742501485178,
            42.172809076751605
          ],
          [
            -84.28737899771183,
            42.173000123085046
          ],
          [
            -84.28744357517108,
            42.17486865250436
          ]
        ]
      },
      "properties": {
        "OBJECTID": 723116,
        "FCC": "A32",
        "RDNAME": "Wheaton Rd",
        "FRADDL": 6992,
        "TOADDL": 7106,
        "FRADDR": 6993,
        "TOADDR": 7107,
        "ZIPL": 49201,
        "ZIPR": 49201,
        "FEDIRP": " ",
        "NAME": "Wheaton",
        "FETYPE": "Rd",
        "FEDIRS": " ",
        "FEDIRP2": " ",
        "NAME2": " ",
        "FETYPE2": " ",
        "FEDIRS2": " ",
        "FEDIRP3": " ",
        "NAME3": " ",
        "FETYPE3": " ",
        "FEDIRS3": " ",
        "FMCDL": 56640,
        "FMCDR": 56640,
        "COUNTYL": 75,
        "COUNTYR": 75,
        "NFC": 7,
        "RU_L": 1,
        "RU_R": 1,
        "PR": 901110,
        "BMP": 2.096,
        "EMP": 2.266,
        "BPT": "38012363",
        "EPT": "38012270",
        "LRS_LINK": " 9011103801236338012270",
        "LENGTH": 273.6456735,
        "VER": "17a",
        "Shape.STLength()": 273.645694029955,
        "ADJ_CNTY": 0,
        "LEGALSYSTEM": 3,
        "PAVENTRA_SEGMENT_ID": "NAP-322-9011103801236338012270"
      }
    },
    {
      "type": "Feature",
      "id": 723128,
      "geometry": {
        "type": "LineString",
        "coordinates": [
          [
            -84.27381208987137,
            42.17298455667053
          ],
          [
            -84.27192339971415,
            42.1721589637486
          ]
        ]
      },
      "properties": {
        "OBJECTID": 723128,
        "FCC": "A21",
        "RDNAME": "Brooklyn Rd",
        "FRADDL": 6140,
        "TOADDL": 6198,
        "FRADDR": 6141,
        "TOADDR": 6199,
        "ZIPL": 49201,
        "ZIPR": 49201,
        "FEDIRP": " ",
        "NAME": "Brooklyn",
        "FETYPE": "Rd",
        "FEDIRS": " ",
        "FEDIRP2": " ",
        "NAME2": "M 50",
        "FETYPE2": " ",
        "FEDIRS2": " ",
        "FEDIRP3": " ",
        "NAME3": " ",
        "FETYPE3": " ",
        "FEDIRS3": " ",
        "FMCDL": 56640,
        "FMCDR": 56640,
        "COUNTYL": 75,
        "COUNTYR": 75,
        "NFC": 4,
        "RU_L": 1,
        "RU_R": 1,
        "PR": 899310,
        "BMP": 7.1,
        "EMP": 7.213,
        "BPT": "38012336",
        "EPT": "38012369",
        "LRS_LINK": " 8993103801233638012369",
        "LENGTH": 180.93342567,
        "VER": "17a",
        "Shape.STLength()": 180.93340874144832,
        "ADJ_CNTY": 0,
        "LEGALSYSTEM": 1,
        "PAVENTRA_SEGMENT_ID": "NAP-323-8993103801233638012369"
      }
    },
    {
      "type": "Feature",
      "id": 723135,
      "geometry": {
        "type": "LineString",
        "coordinates": [
          [
            -84.24541082486736,
            42.17171338017622
          ],
          [
            -84.24535780017897,
            42.17434687522115
          ],
          [
            -84.24534932918476,
            42.17444988353723
          ]
        ]
      },
      "properties": {
        "OBJECTID": 723135,
        "FCC": "A31",
        "RDNAME": "Oak Point Rd",
        "FRADDL": 6190,
        "TOADDL": 6000,
        "FRADDR": 6039,
        "TOADDR": 6001,
        "ZIPL": 49201,
        "ZIPR": 49201,
        "FEDIRP": " ",
        "NAME": "Oak Point",
        "FETYPE": "Rd",
        "FEDIRS": " ",
        "FEDIRP2": " ",
        "NAME2": " ",
        "FETYPE2": " ",
        "FEDIRS2": " ",
        "FEDIRP3": " ",
        "NAME3": "Oakpoint",
        "FETYPE3": "Rd",
        "FEDIRS3": " ",
        "FMCDL": 56640,
        "FMCDR": 56640,
        "COUNTYL": 75,
        "COUNTYR": 75,
        "NFC": 6,
        "RU_L": 1,
        "RU_R": 1,
        "PR": 915401,
        "BMP": 0.792,
        "EMP": 0.98,
        "BPT": "38012371",
        "EPT": "38018542",
        "LRS_LINK": " 9154013801237138018542",
        "LENGTH": 303.89431309,
        "VER": "17a",
        "Shape.STLength()": 303.8942591001781,
        "ADJ_CNTY": 0,
        "LEGALSYSTEM": 2,
        "PAVENTRA_SEGMENT_ID": "NAP-324-9154013801237138018542"
      }
    },
    {
      "type": "Feature",
      "id": 723147,
      "geometry": {
        "type": "LineString",
        "coordinates": [
          [
            -84.24264298355331,
            42.17162112935377
          ],
          [
            -84.24259783988441,
            42.172423825733794
          ],
          [
            -84.24258722272891,
            42.17246980738866
          ],
          [
            -84.24256123335354,
            42.17251093227811
          ],
          [
            -84.24251367172704,
            42.17254710072015
          ],
          [
            -84.2424507390445,
            42.17257841238248
          ],
          [
            -84.24234789225557,
            42.17259524795246
          ],
          [
            -84.24220829959616,
            42.17259535208759
          ],
          [
            -84.24030254509914,
            42.17261421324022
          ]
        ]
      },
      "properties": {
        "OBJECTID": 723147,
        "FCC": "A32",
        "RDNAME": "Flagstone Dr",
        "FRADDL": 6026,
        "TOADDL": 9298,
        "FRADDR": 9201,
        "TOADDR": 9299,
        "ZIPL": 49201,
        "ZIPR": 49201,
        "FEDIRP": " ",
        "NAME": "Flagstone",
        "FETYPE": "Dr",
        "FEDIRS": " ",
        "FEDIRP2": " ",
        "NAME2": " ",
        "FETYPE2": " ",
        "FEDIRS2": " ",
        "FEDIRP3": " ",
        "NAME3": " ",
        "FETYPE3": " ",
        "FEDIRS3": " ",
        "FMCDL": 56640,
        "FMCDR": 56640,
        "COUNTYL": 75,
        "COUNTYR": 75,
        "NFC": 7,
        "RU_L": 1,
        "RU_R": 1,
        "PR": 916105,
        "BMP": 0.084,
        "EMP": 0.264,
        "BPT": "38012374",
        "EPT": "38012337",
        "LRS_LINK": " 9161053801237438012337",
        "LENGTH": 288.94385809,
        "VER": "17a",
        "Shape.STLength()": 288.943868066461,
        "ADJ_CNTY": 0,
        "LEGALSYSTEM": 3,
        "PAVENTRA_SEGMENT_ID": "NAP-325-9161053801237438012337"
      }
    },
    {
      "type": "Feature",
      "id": 723148,
      "geometry": {
        "type": "LineString",
        "coordinates": [
          [
            -84.24388114918501,
            42.17163219328177
          ],
          [
            -84.24264298355331,
            42.17162112935377
          ]
        ]
      },
      "properties": {
        "OBJECTID": 723148,
        "FCC": "A32",
        "RDNAME": "Walter Ln",
        "FRADDL": 0,
        "TOADDL": 0,
        "FRADDR": 9279,
        "TOADDR": 9337,
        "ZIPL": 49201,
        "ZIPR": 49201,
        "FEDIRP": " ",
        "NAME": "Walter",
        "FETYPE": "Ln",
        "FEDIRS": " ",
        "FEDIRP2": " ",
        "NAME2": " ",
        "FETYPE2": " ",
        "FEDIRS2": " ",
        "FEDIRP3": " ",
        "NAME3": " ",
        "FETYPE3": " ",
        "FEDIRS3": " ",
        "FMCDL": 56640,
        "FMCDR": 56640,
        "COUNTYL": 75,
        "COUNTYR": 75,
        "NFC": 7,
        "RU_L": 1,
        "RU_R": 1,
        "PR": 915405,
        "BMP": 0.079,
        "EMP": 0.142,
        "BPT": "38012372",
        "EPT": "38012374",
        "LRS_LINK": " 9154053801237238012374",
        "LENGTH": 102.27334792,
        "VER": "17a",
        "Shape.STLength()": 102.27332540481902,
        "ADJ_CNTY": 0,
        "LEGALSYSTEM": 3,
        "PAVENTRA_SEGMENT_ID": "NAP-326-9154053801237238012374"
      }
    },
    {
      "type": "Feature",
      "id": 723149,
      "geometry": {
        "type": "LineString",
        "coordinates": [
          [
            -84.24388114918501,
            42.17163219328177
          ],
          [
            -84.24383077586783,
            42.17306537689772
          ],
          [
            -84.2438316023107,
            42.17320401957906
          ],
          [
            -84.24381540802193,
            42.173353057038504
          ],
          [
            -84.24379397199259,
            42.17343447480153
          ],
          [
            -84.24374214873257,
            42.17349230843035
          ],
          [
            -84.24365764878789,
            42.17352296704654
          ],
          [
            -84.24351140975419,
            42.17354021006335
          ],
          [
            -84.24300937556305,
            42.173550061315375
          ],
          [
            -84.24125384000827,
            42.17358672622529
          ]
        ]
      },
      "properties": {
        "OBJECTID": 723149,
        "FCC": "A32",
        "RDNAME": "Stetler Dr",
        "FRADDL": 6000,
        "TOADDL": 6998,
        "FRADDR": 6001,
        "TOADDR": 6999,
        "ZIPL": 49201,
        "ZIPR": 49201,
        "FEDIRP": " ",
        "NAME": "Stetler",
        "FETYPE": "Dr",
        "FEDIRS": " ",
        "FEDIRP2": " ",
        "NAME2": " ",
        "FETYPE2": " ",
        "FEDIRS2": " ",
        "FEDIRP3": " ",
        "NAME3": " ",
        "FETYPE3": " ",
        "FEDIRS3": " ",
        "FMCDL": 56640,
        "FMCDR": 56640,
        "COUNTYL": 75,
        "COUNTYR": 75,
        "NFC": 7,
        "RU_L": 1,
        "RU_R": 1,
        "PR": 916107,
        "BMP": 0,
        "EMP": 0.258,
        "BPT": "38012372",
        "EPT": "38012304",
        "LRS_LINK": " 9161073801237238012304",
        "LENGTH": 414.63188055,
        "VER": "17a",
        "Shape.STLength()": 414.63192651411714,
        "ADJ_CNTY": 0,
        "LEGALSYSTEM": 3,
        "PAVENTRA_SEGMENT_ID": "NAP-327-9161073801237238012304"
      }
    },
    {
      "type": "Feature",
      "id": 723150,
      "geometry": {
        "type": "LineString",
        "coordinates": [
          [
            -84.24541082486736,
            42.17171338017622
          ],
          [
            -84.24388114918501,
            42.17163219328177
          ]
        ]
      },
      "properties": {
        "OBJECTID": 723150,
        "FCC": "A32",
        "RDNAME": "Walter Ln",
        "FRADDL": 6000,
        "TOADDL": 9276,
        "FRADDR": 9201,
        "TOADDR": 9277,
        "ZIPL": 49201,
        "ZIPR": 49201,
        "FEDIRP": " ",
        "NAME": "Walter",
        "FETYPE": "Ln",
        "FEDIRS": " ",
        "FEDIRP2": " ",
        "NAME2": " ",
        "FETYPE2": " ",
        "FEDIRS2": " ",
        "FEDIRP3": " ",
        "NAME3": " ",
        "FETYPE3": " ",
        "FEDIRS3": " ",
        "FMCDL": 56640,
        "FMCDR": 56640,
        "COUNTYL": 75,
        "COUNTYR": 75,
        "NFC": 7,
        "RU_L": 1,
        "RU_R": 1,
        "PR": 915405,
        "BMP": 0,
        "EMP": 0.079,
        "BPT": "38012371",
        "EPT": "38012372",
        "LRS_LINK": " 9154053801237138012372",
        "LENGTH": 126.66418293,
        "VER": "17a",
        "Shape.STLength()": 126.6642189313541,
        "ADJ_CNTY": 0,
        "LEGALSYSTEM": 3,
        "PAVENTRA_SEGMENT_ID": "NAP-328-9154053801237138012372"
      }
    },
    {
      "type": "Feature",
      "id": 723199,
      "geometry": {
        "type": "LineString",
        "coordinates": [
          [
            -84.23645357904034,
            42.17132105084152
          ],
          [
            -84.23634808448429,
            42.17134269554126
          ],
          [
            -84.23629868809935,
            42.171380421482894
          ],
          [
            -84.23623138276382,
            42.171440970360685
          ],
          [
            -84.23620517859221,
            42.171512438999585
          ],
          [
            -84.2361807345782,
            42.171642983121316
          ],
          [
            -84.23615922483646,
            42.1717915446504
          ],
          [
            -84.23615672716599,
            42.17187879233816
          ],
          [
            -84.2361721397411,
            42.17194321800069
          ],
          [
            -84.2362227080476,
            42.17198509570987
          ],
          [
            -84.23628392094064,
            42.17201687238756
          ],
          [
            -84.23636245523845,
            42.172046356887286
          ],
          [
            -84.23649625667419,
            42.17207414836525
          ],
          [
            -84.23670191464598,
            42.172123616881045
          ],
          [
            -84.2368967082373,
            42.17219088301688
          ],
          [
            -84.23711814641764,
            42.17229194602007
          ],
          [
            -84.23731725982067,
            42.17242011106987
          ]
        ]
      },
      "properties": {
        "OBJECTID": 723199,
        "FCC": "A32",
        "RDNAME": "Amberton Dr",
        "FRADDL": 6393,
        "TOADDL": 6999,
        "FRADDR": 6050,
        "TOADDR": 6998,
        "ZIPL": 49201,
        "ZIPR": 49201,
        "FEDIRP": " ",
        "NAME": "Amberton",
        "FETYPE": "Dr",
        "FEDIRS": " ",
        "FEDIRP2": " ",
        "NAME2": " ",
        "FETYPE2": " ",
        "FEDIRS2": " ",
        "FEDIRP3": " ",
        "NAME3": " ",
        "FETYPE3": " ",
        "FEDIRS3": " ",
        "FMCDL": 56640,
        "FMCDR": 56640,
        "COUNTYL": 75,
        "COUNTYR": 75,
        "NFC": 7,
        "RU_L": 1,
        "RU_R": 1,
        "PR": 3380663,
        "BMP": 0,
        "EMP": 0.118,
        "BPT": "38016838",
        "EPT": "38012348",
        "LRS_LINK": "33806633801683838012348",
        "LENGTH": 189.9652214,
        "VER": "17a",
        "Shape.STLength()": 189.96517947173515,
        "ADJ_CNTY": 0,
        "LEGALSYSTEM": 3,
        "PAVENTRA_SEGMENT_ID": "NAP-329-33806633801683838012348"
      }
    },
    {
      "type": "Feature",
      "id": 723200,
      "geometry": {
        "type": "LineString",
        "coordinates": [
          [
            -84.23645357904034,
            42.17132105084152
          ],
          [
            -84.23687954531057,
            42.17134341019804
          ],
          [
            -84.23706178814787,
            42.171366834187054
          ],
          [
            -84.23719573527632,
            42.17138949326963
          ],
          [
            -84.23729137015611,
            42.17142438178721
          ],
          [
            -84.23733041602414,
            42.17150715235335
          ],
          [
            -84.23733731498497,
            42.171627924153576
          ],
          [
            -84.23733107484684,
            42.171846043891186
          ],
          [
            -84.23731866852684,
            42.17215905453936
          ],
          [
            -84.23731725982067,
            42.17242011106987
          ]
        ]
      },
      "properties": {
        "OBJECTID": 723200,
        "FCC": "A32",
        "RDNAME": "Amberton Dr",
        "FRADDL": 6393,
        "TOADDL": 6999,
        "FRADDR": 6050,
        "TOADDR": 6998,
        "ZIPL": 49201,
        "ZIPR": 49201,
        "FEDIRP": " ",
        "NAME": "Amberton",
        "FETYPE": "Dr",
        "FEDIRS": " ",
        "FEDIRP2": " ",
        "NAME2": " ",
        "FETYPE2": " ",
        "FEDIRS2": " ",
        "FEDIRP3": " ",
        "NAME3": " ",
        "FETYPE3": " ",
        "FEDIRS3": " ",
        "FMCDL": 56640,
        "FMCDR": 56640,
        "COUNTYL": 75,
        "COUNTYR": 75,
        "NFC": 7,
        "RU_L": 1,
        "RU_R": 1,
        "PR": 915601,
        "BMP": 0,
        "EMP": 0.113,
        "BPT": "38016838",
        "EPT": "38012348",
        "LRS_LINK": " 9156013801683838012348",
        "LENGTH": 181.82961503,
        "VER": "17a",
        "Shape.STLength()": 181.82951532764287,
        "ADJ_CNTY": 0,
        "LEGALSYSTEM": 3,
        "PAVENTRA_SEGMENT_ID": "NAP-330-9156013801683838012348"
      }
    },
    {
      "type": "Feature",
      "id": 723242,
      "geometry": {
        "type": "LineString",
        "coordinates": [
          [
            -84.24126882777561,
            42.17124381398656
          ],
          [
            -84.2411339776821,
            42.17130751100421
          ],
          [
            -84.2409260970035,
            42.17134197746872
          ],
          [
            -84.24071489376928,
            42.17135606444209
          ],
          [
            -84.24052602544057,
            42.17140825380987
          ],
          [
            -84.2404227499198,
            42.17147050766213
          ],
          [
            -84.24034230773171,
            42.17155344981831
          ],
          [
            -84.24028843196731,
            42.17166294706112
          ],
          [
            -84.24027008720098,
            42.1717584869773
          ],
          [
            -84.24030254509914,
            42.17261421324022
          ]
        ]
      },
      "properties": {
        "OBJECTID": 723242,
        "FCC": "A32",
        "RDNAME": "Thru Roamin Dr",
        "FRADDL": 6040,
        "TOADDL": 6028,
        "FRADDR": 6045,
        "TOADDR": 6027,
        "ZIPL": 49201,
        "ZIPR": 49201,
        "FEDIRP": " ",
        "NAME": "Thru Roamin",
        "FETYPE": "Dr",
        "FEDIRS": " ",
        "FEDIRP2": " ",
        "NAME2": " ",
        "FETYPE2": " ",
        "FEDIRS2": " ",
        "FEDIRP3": " ",
        "NAME3": " ",
        "FETYPE3": " ",
        "FEDIRS3": " ",
        "FMCDL": 56640,
        "FMCDR": 56640,
        "COUNTYL": 75,
        "COUNTYR": 75,
        "NFC": 7,
        "RU_L": 1,
        "RU_R": 1,
        "PR": 916106,
        "BMP": 0.094,
        "EMP": 0.222,
        "BPT": "38012393",
        "EPT": "38012337",
        "LRS_LINK": " 9161063801239338012337",
        "LENGTH": 205.98842686,
        "VER": "17a",
        "Shape.STLength()": 205.98836440207148,
        "ADJ_CNTY": 0,
        "LEGALSYSTEM": 3,
        "PAVENTRA_SEGMENT_ID": "NAP-331-9161063801239338012337"
      }
    },
    {
      "type": "Feature",
      "id": 723243,
      "geometry": {
        "type": "LineString",
        "coordinates": [
          [
            -84.24264298355331,
            42.17162112935377
          ],
          [
            -84.24187893825962,
            42.17160386069749
          ],
          [
            -84.24170334923562,
            42.17160108779171
          ],
          [
            -84.24159044052554,
            42.171590593445266
          ],
          [
            -84.24148965246638,
            42.17156576974768
          ],
          [
            -84.24142846350006,
            42.171521244830245
          ],
          [
            -84.24140596345154,
            42.1714889464571
          ],
          [
            -84.24126882777561,
            42.17124381398656
          ]
        ]
      },
      "properties": {
        "OBJECTID": 723243,
        "FCC": "A32",
        "RDNAME": "Walter Ln",
        "FRADDL": 9280,
        "TOADDL": 9398,
        "FRADDR": 9339,
        "TOADDR": 9399,
        "ZIPL": 49201,
        "ZIPR": 49201,
        "FEDIRP": " ",
        "NAME": "Walter",
        "FETYPE": "Ln",
        "FEDIRS": " ",
        "FEDIRP2": " ",
        "NAME2": " ",
        "FETYPE2": " ",
        "FEDIRS2": " ",
        "FEDIRP3": " ",
        "NAME3": " ",
        "FETYPE3": " ",
        "FEDIRS3": " ",
        "FMCDL": 56640,
        "FMCDR": 56640,
        "COUNTYL": 75,
        "COUNTYR": 75,
        "NFC": 7,
        "RU_L": 1,
        "RU_R": 1,
        "PR": 915405,
        "BMP": 0.142,
        "EMP": 0.227,
        "BPT": "38012374",
        "EPT": "38012393",
        "LRS_LINK": " 9154053801237438012393",
        "LENGTH": 136.39767187,
        "VER": "17a",
        "Shape.STLength()": 136.39766501130873,
        "ADJ_CNTY": 0,
        "LEGALSYSTEM": 3,
        "PAVENTRA_SEGMENT_ID": "NAP-332-9154053801237438012393"
      }
    },
    {
      "type": "Feature",
      "id": 723287,
      "geometry": {
        "type": "LineString",
        "coordinates": [
          [
            -84.28105087752571,
            42.17165379724617
          ],
          [
            -84.28045895279418,
            42.17165696240374
          ],
          [
            -84.28039436160785,
            42.17168130279712
          ],
          [
            -84.28034042733545,
            42.17171786192399
          ],
          [
            -84.28031497988187,
            42.171776509260184
          ],
          [
            -84.28030269824526,
            42.171837327504825
          ],
          [
            -84.28032838958003,
            42.17281189070511
          ],
          [
            -84.28033303382541,
            42.17332310719644
          ]
        ]
      },
      "properties": {
        "OBJECTID": 723287,
        "FCC": "A32",
        "RDNAME": "Silkworth Blvd",
        "FRADDL": 6120,
        "TOADDL": 6112,
        "FRADDR": 6127,
        "TOADDR": 6113,
        "ZIPL": 49201,
        "ZIPR": 49201,
        "FEDIRP": " ",
        "NAME": "Silkworth",
        "FETYPE": "Blvd",
        "FEDIRS": " ",
        "FEDIRP2": " ",
        "NAME2": " ",
        "FETYPE2": " ",
        "FEDIRS2": " ",
        "FEDIRP3": " ",
        "NAME3": " ",
        "FETYPE3": " ",
        "FEDIRS3": " ",
        "FMCDL": 56640,
        "FMCDR": 56640,
        "COUNTYL": 75,
        "COUNTYR": 75,
        "NFC": 7,
        "RU_L": 1,
        "RU_R": 1,
        "PR": 1920904,
        "BMP": 0.224,
        "EMP": 0.373,
        "BPT": "38016859",
        "EPT": "38018238",
        "LRS_LINK": "19209043801685938018238",
        "LENGTH": 239.56090855,
        "VER": "17a",
        "Shape.STLength()": 239.56086876468947,
        "ADJ_CNTY": 0,
        "LEGALSYSTEM": 3,
        "PAVENTRA_SEGMENT_ID": "NAP-333-19209043801685938018238"
      }
    },
    {
      "type": "Feature",
      "id": 723296,
      "geometry": {
        "type": "LineString",
        "coordinates": [
          [
            -84.28276621589075,
            42.17165412823064
          ],
          [
            -84.28105087752571,
            42.17165379724617
          ]
        ]
      },
      "properties": {
        "OBJECTID": 723296,
        "FCC": "A32",
        "RDNAME": "Cutcher Cors",
        "FRADDL": 0,
        "TOADDL": 0,
        "FRADDR": 0,
        "TOADDR": 0,
        "ZIPL": 49201,
        "ZIPR": 49201,
        "FEDIRP": " ",
        "NAME": "Cutcher",
        "FETYPE": "Cors",
        "FEDIRS": " ",
        "FEDIRP2": " ",
        "NAME2": " ",
        "FETYPE2": " ",
        "FEDIRS2": " ",
        "FEDIRP3": " ",
        "NAME3": " ",
        "FETYPE3": " ",
        "FEDIRS3": " ",
        "FMCDL": 56640,
        "FMCDR": 56640,
        "COUNTYL": 75,
        "COUNTYR": 75,
        "NFC": 7,
        "RU_L": 1,
        "RU_R": 1,
        "PR": 1920907,
        "BMP": 0.086,
        "EMP": 0.174,
        "BPT": "38016861",
        "EPT": "38016859",
        "LRS_LINK": "19209073801686138016859",
        "LENGTH": 141.67785461,
        "VER": "17a",
        "Shape.STLength()": 141.6778589169811,
        "ADJ_CNTY": 0,
        "LEGALSYSTEM": 3,
        "PAVENTRA_SEGMENT_ID": "NAP-334-19209073801686138016859"
      }
    },
    {
      "type": "Feature",
      "id": 723297,
      "geometry": {
        "type": "LineString",
        "coordinates": [
          [
            -84.28276621589075,
            42.17165412823064
          ],
          [
            -84.28278618389228,
            42.1738768854325
          ]
        ]
      },
      "properties": {
        "OBJECTID": 723297,
        "FCC": "A32",
        "RDNAME": "Foxmoore Ct",
        "FRADDL": 7100,
        "TOADDL": 7498,
        "FRADDR": 7101,
        "TOADDR": 7499,
        "ZIPL": 49201,
        "ZIPR": 49201,
        "FEDIRP": " ",
        "NAME": "Foxmoore",
        "FETYPE": "Ct",
        "FEDIRS": " ",
        "FEDIRP2": " ",
        "NAME2": " ",
        "FETYPE2": " ",
        "FEDIRS2": " ",
        "FEDIRP3": " ",
        "NAME3": "Foxmore",
        "FETYPE3": "Ct",
        "FEDIRS3": " ",
        "FMCDL": 56640,
        "FMCDR": 56640,
        "COUNTYL": 75,
        "COUNTYR": 75,
        "NFC": 7,
        "RU_L": 1,
        "RU_R": 1,
        "PR": 1920929,
        "BMP": 0,
        "EMP": 0.153,
        "BPT": "38016861",
        "EPT": "38012315",
        "LRS_LINK": "19209293801686138012315",
        "LENGTH": 246.80318355,
        "VER": "17a",
        "Shape.STLength()": 246.80322943675193,
        "ADJ_CNTY": 0,
        "LEGALSYSTEM": 3,
        "PAVENTRA_SEGMENT_ID": "NAP-335-19209293801686138012315"
      }
    },
    {
      "type": "Feature",
      "id": 723305,
      "geometry": {
        "type": "LineString",
        "coordinates": [
          [
            -84.2844401422672,
            42.17166194122697
          ],
          [
            -84.28276621589075,
            42.17165412823064
          ]
        ]
      },
      "properties": {
        "OBJECTID": 723305,
        "FCC": "A32",
        "RDNAME": "Cutcher Cors",
        "FRADDL": 0,
        "TOADDL": 0,
        "FRADDR": 0,
        "TOADDR": 0,
        "ZIPL": 49201,
        "ZIPR": 49201,
        "FEDIRP": " ",
        "NAME": "Cutcher",
        "FETYPE": "Cors",
        "FEDIRS": " ",
        "FEDIRP2": " ",
        "NAME2": " ",
        "FETYPE2": " ",
        "FEDIRS2": " ",
        "FEDIRP3": " ",
        "NAME3": " ",
        "FETYPE3": " ",
        "FEDIRS3": " ",
        "FMCDL": 56640,
        "FMCDR": 56640,
        "COUNTYL": 75,
        "COUNTYR": 75,
        "NFC": 7,
        "RU_L": 1,
        "RU_R": 1,
        "PR": 1920907,
        "BMP": 0,
        "EMP": 0.086,
        "BPT": "38012395",
        "EPT": "38016861",
        "LRS_LINK": "19209073801239538016861",
        "LENGTH": 138.26008027,
        "VER": "17a",
        "Shape.STLength()": 138.26015756120776,
        "ADJ_CNTY": 0,
        "LEGALSYSTEM": 3,
        "PAVENTRA_SEGMENT_ID": "NAP-336-19209073801239538016861"
      }
    },
    {
      "type": "Feature",
      "id": 723306,
      "geometry": {
        "type": "LineString",
        "coordinates": [
          [
            -84.2844401422672,
            42.17166194122697
          ],
          [
            -84.28445303530874,
            42.172277704362955
          ],
          [
            -84.28447638684463,
            42.17232582118712
          ],
          [
            -84.28451495799168,
            42.17235947829659
          ],
          [
            -84.28457327338421,
            42.172393440725486
          ],
          [
            -84.28464932655052,
            42.17241114452369
          ],
          [
            -84.28476024243602,
            42.172418364969325
          ],
          [
            -84.28493059929959,
            42.172419154448455
          ],
          [
            -84.28531831076393,
            42.17241778340029
          ],
          [
            -84.2870512058689,
            42.17239339003137
          ],
          [
            -84.28744840108463,
            42.172412494093486
          ],
          [
            -84.28764739325212,
            42.172443716241546
          ]
        ]
      },
      "properties": {
        "OBJECTID": 723306,
        "FCC": "A32",
        "RDNAME": "Country View Blvd",
        "FRADDL": 7073,
        "TOADDL": 7001,
        "FRADDR": 7032,
        "TOADDR": 7000,
        "ZIPL": 49201,
        "ZIPR": 49201,
        "FEDIRP": " ",
        "NAME": "Country View",
        "FETYPE": "Blvd",
        "FEDIRS": " ",
        "FEDIRP2": " ",
        "NAME2": " ",
        "FETYPE2": " ",
        "FEDIRS2": " ",
        "FEDIRP3": " ",
        "NAME3": " ",
        "FETYPE3": " ",
        "FEDIRS3": " ",
        "FMCDL": 56640,
        "FMCDR": 56640,
        "COUNTYL": 75,
        "COUNTYR": 75,
        "NFC": 7,
        "RU_L": 1,
        "RU_R": 1,
        "PR": 1920908,
        "BMP": 0.054,
        "EMP": 0.266,
        "BPT": "38012395",
        "EPT": "38012363",
        "LRS_LINK": "19209083801239538012363",
        "LENGTH": 339.78023146,
        "VER": "17a",
        "Shape.STLength()": 339.78030330212056,
        "ADJ_CNTY": 0,
        "LEGALSYSTEM": 3,
        "PAVENTRA_SEGMENT_ID": "NAP-337-19209083801239538012363"
      }
    },
    {
      "type": "Feature",
      "id": 721884,
      "geometry": {
        "type": "LineString",
        "coordinates": [
          [
            -84.27393375626491,
            42.177050248288616
          ],
          [
            -84.27657248551722,
            42.17706421684963
          ]
        ]
      },
      "properties": {
        "OBJECTID": 721884,
        "FCC": "A32",
        "RDNAME": "Bluebird Ct",
        "FRADDL": 6523,
        "TOADDL": 6549,
        "FRADDR": 6530,
        "TOADDR": 6552,
        "ZIPL": 49201,
        "ZIPR": 49201,
        "FEDIRP": " ",
        "NAME": "Bluebird",
        "FETYPE": "Ct",
        "FEDIRS": " ",
        "FEDIRP2": " ",
        "NAME2": " ",
        "FETYPE2": " ",
        "FEDIRS2": " ",
        "FEDIRP3": " ",
        "NAME3": " ",
        "FETYPE3": " ",
        "FEDIRS3": " ",
        "FMCDL": 56640,
        "FMCDR": 56640,
        "COUNTYL": 75,
        "COUNTYR": 75,
        "NFC": 7,
        "RU_L": 1,
        "RU_R": 1,
        "PR": 916112,
        "BMP": 0,
        "EMP": 0.135,
        "BPT": "38012166",
        "EPT": "38018231",
        "LRS_LINK": " 9161123801216638018231",
        "LENGTH": 217.93199996,
        "VER": "17a",
        "Shape.STLength()": 217.93200257589524,
        "ADJ_CNTY": 0,
        "LEGALSYSTEM": 3,
        "PAVENTRA_SEGMENT_ID": "NAP-338-9161123801216638018231"
      }
    },
    {
      "type": "Feature",
      "id": 721889,
      "geometry": {
        "type": "LineString",
        "coordinates": [
          [
            -84.27657248551722,
            42.17706421684963
          ],
          [
            -84.27673262655723,
            42.17705815608678
          ]
        ]
      },
      "properties": {
        "OBJECTID": 721889,
        "FCC": "A41",
        "RDNAME": "Bluebird Ct",
        "FRADDL": 6551,
        "TOADDL": 6553,
        "FRADDR": 6554,
        "TOADDR": 6554,
        "ZIPL": 49201,
        "ZIPR": 49201,
        "FEDIRP": " ",
        "NAME": "Bluebird",
        "FETYPE": "Ct",
        "FEDIRS": " ",
        "FEDIRP2": " ",
        "NAME2": " ",
        "FETYPE2": " ",
        "FEDIRS2": " ",
        "FEDIRP3": " ",
        "NAME3": " ",
        "FETYPE3": " ",
        "FEDIRS3": " ",
        "FMCDL": 56640,
        "FMCDR": 56640,
        "COUNTYL": 75,
        "COUNTYR": 75,
        "NFC": 0,
        "RU_L": 1,
        "RU_R": 1,
        "PR": 916112,
        "BMP": 0.135,
        "EMP": 0.144,
        "BPT": "38018231",
        "EPT": "38012168",
        "LRS_LINK": " 9161123801823138012168",
        "LENGTH": 13.24279674,
        "VER": "17a",
        "Shape.STLength()": 13.242782602232811,
        "ADJ_CNTY": 0,
        "LEGALSYSTEM": 0,
        "PAVENTRA_SEGMENT_ID": "NAP-339-9161123801823138012168"
      }
    },
    {
      "type": "Feature",
      "id": 721897,
      "geometry": {
        "type": "LineString",
        "coordinates": [
          [
            -84.32596396317683,
            42.17776580605867
          ],
          [
            -84.32609440329394,
            42.18388176618628
          ],
          [
            -84.32622716507936,
            42.18766537769876
          ],
          [
            -84.32624030313158,
            42.18943203760504
          ],
          [
            -84.32628751610406,
            42.1922148371421
          ],
          [
            -84.32632026307971,
            42.193414120000355
          ]
        ]
      },
      "properties": {
        "OBJECTID": 721897,
        "FCC": "A31",
        "RDNAME": "Clark Lake Rd",
        "FRADDL": 5500,
        "TOADDL": 4597,
        "FRADDR": 5501,
        "TOADDR": 5029,
        "ZIPL": 49201,
        "ZIPR": 49201,
        "FEDIRP": " ",
        "NAME": "Clark Lake",
        "FETYPE": "Rd",
        "FEDIRS": " ",
        "FEDIRP2": " ",
        "NAME2": "Clarklake",
        "FETYPE2": "Rd",
        "FEDIRS2": " ",
        "FEDIRP3": " ",
        "NAME3": "Clark Lake",
        "FETYPE3": "Rd",
        "FEDIRS3": " ",
        "FMCDL": 56640,
        "FMCDR": 56640,
        "COUNTYL": 75,
        "COUNTYR": 75,
        "NFC": 6,
        "RU_L": 1,
        "RU_R": 1,
        "PR": 3380002,
        "BMP": 1.245,
        "EMP": 2.325,
        "BPT": "38012185",
        "EPT": "38025413",
        "LRS_LINK": "33800023801218538025413",
        "LENGTH": 1737.75537303,
        "VER": "17a",
        "Shape.STLength()": 1737.7553468364094,
        "ADJ_CNTY": 0,
        "LEGALSYSTEM": 2,
        "PAVENTRA_SEGMENT_ID": "NAP-340-33800023801218538025413"
      }
    },
    {
      "type": "Feature",
      "id": 721900,
      "geometry": {
        "type": "LineString",
        "coordinates": [
          [
            -84.34645000425313,
            42.17805323036601
          ],
          [
            -84.34604634521173,
            42.17871299091472
          ],
          [
            -84.34541072482864,
            42.17984248079289
          ],
          [
            -84.34530354976468,
            42.180149327199615
          ],
          [
            -84.34530194800382,
            42.18035021458156
          ],
          [
            -84.34532847893318,
            42.180859570746144
          ]
        ]
      },
      "properties": {
        "OBJECTID": 721900,
        "FCC": "A32",
        "RDNAME": "Ackerson Lake Rd",
        "FRADDL": 5800,
        "TOADDL": 5688,
        "FRADDR": 5831,
        "TOADDR": 5659,
        "ZIPL": 49201,
        "ZIPR": 49201,
        "FEDIRP": " ",
        "NAME": "Ackerson Lake",
        "FETYPE": "Rd",
        "FEDIRS": " ",
        "FEDIRP2": " ",
        "NAME2": " ",
        "FETYPE2": " ",
        "FEDIRS2": " ",
        "FEDIRP3": " ",
        "NAME3": " ",
        "FETYPE3": " ",
        "FEDIRS3": " ",
        "FMCDL": 56640,
        "FMCDR": 56640,
        "COUNTYL": 75,
        "COUNTYR": 75,
        "NFC": 7,
        "RU_L": 3,
        "RU_R": 3,
        "PR": 901103,
        "BMP": 1.691,
        "EMP": 1.897,
        "BPT": "38021747",
        "EPT": "38012077",
        "LRS_LINK": " 9011033802174738012077",
        "LENGTH": 330.53996025,
        "VER": "17a",
        "Shape.STLength()": 330.53996736071855,
        "ADJ_CNTY": 0,
        "LEGALSYSTEM": 3,
        "PAVENTRA_SEGMENT_ID": "NAP-341-9011033802174738012077"
      }
    },
    {
      "type": "Feature",
      "id": 721991,
      "geometry": {
        "type": "LineString",
        "coordinates": [
          [
            -84.32596396317683,
            42.17776580605867
          ],
          [
            -84.32624089682113,
            42.17770880135903
          ],
          [
            -84.32770436601758,
            42.17745355163445
          ],
          [
            -84.32876719958068,
            42.177305696880524
          ],
          [
            -84.32939368439706,
            42.177224951897614
          ]
        ]
      },
      "properties": {
        "OBJECTID": 721991,
        "FCC": "A32",
        "RDNAME": "Cranberry Lake Dr",
        "FRADDL": 101,
        "TOADDL": 299,
        "FRADDR": 100,
        "TOADDR": 298,
        "ZIPL": 49201,
        "ZIPR": 49201,
        "FEDIRP": " ",
        "NAME": "Cranberry Lake",
        "FETYPE": "Dr",
        "FEDIRS": " ",
        "FEDIRP2": " ",
        "NAME2": " ",
        "FETYPE2": " ",
        "FEDIRS2": " ",
        "FEDIRP3": " ",
        "NAME3": "Cranberry",
        "FETYPE3": "Lk",
        "FEDIRS3": " ",
        "FMCDL": 56640,
        "FMCDR": 56640,
        "COUNTYL": 75,
        "COUNTYR": 75,
        "NFC": 7,
        "RU_L": 1,
        "RU_R": 1,
        "PR": 915519,
        "BMP": 0,
        "EMP": 0.18,
        "BPT": "38012185",
        "EPT": "38012202",
        "LRS_LINK": " 9155193801218538012202",
        "LENGTH": 289.68192,
        "VER": "17a",
        "Shape.STLength()": 289.6819015292192,
        "ADJ_CNTY": 0,
        "LEGALSYSTEM": 3,
        "PAVENTRA_SEGMENT_ID": "NAP-342-9155193801218538012202"
      }
    },
    {
      "type": "Feature",
      "id": 721992,
      "geometry": {
        "type": "LineString",
        "coordinates": [
          [
            -84.32939368439706,
            42.177224951897614
          ],
          [
            -84.32983564887176,
            42.17759671604596
          ],
          [
            -84.33010380882267,
            42.177876009182555
          ],
          [
            -84.33030177842429,
            42.17806789025293
          ],
          [
            -84.33062943498194,
            42.178294101974835
          ],
          [
            -84.33098464227368,
            42.17857469993452
          ],
          [
            -84.33129647963307,
            42.17884924895739
          ],
          [
            -84.3316293465843,
            42.17915109856031
          ],
          [
            -84.33188374559398,
            42.179403194831885
          ],
          [
            -84.33203153532348,
            42.17957272980904
          ],
          [
            -84.33215902882102,
            42.17968798741229
          ],
          [
            -84.33256964762197,
            42.180066564046236
          ],
          [
            -84.33291484186732,
            42.1804495549031
          ],
          [
            -84.33301999229474,
            42.18058606551104
          ],
          [
            -84.3331293267823,
            42.1808359826939
          ]
        ]
      },
      "properties": {
        "OBJECTID": 721992,
        "FCC": "A41",
        "RDNAME": "Cranberry Lake Rd",
        "FRADDL": 0,
        "TOADDL": 498,
        "FRADDR": 0,
        "TOADDR": 499,
        "ZIPL": 49201,
        "ZIPR": 49201,
        "FEDIRP": " ",
        "NAME": "Cranberry Lake",
        "FETYPE": "Rd",
        "FEDIRS": " ",
        "FEDIRP2": " ",
        "NAME2": " ",
        "FETYPE2": " ",
        "FEDIRS2": " ",
        "FEDIRP3": " ",
        "NAME3": " ",
        "FETYPE3": " ",
        "FEDIRS3": " ",
        "FMCDL": 56640,
        "FMCDR": 56640,
        "COUNTYL": 75,
        "COUNTYR": 75,
        "NFC": 0,
        "RU_L": 1,
        "RU_R": 1,
        "PR": 3381462,
        "BMP": 0,
        "EMP": 0.316,
        "BPT": "38012202",
        "EPT": "38020328",
        "LRS_LINK": "33814623801220238020328",
        "LENGTH": 508.88657044,
        "VER": "17a",
        "Shape.STLength()": 508.8865056783546,
        "ADJ_CNTY": 0,
        "LEGALSYSTEM": 0,
        "PAVENTRA_SEGMENT_ID": "NAP-343-33814623801220238020328"
      }
    },
    {
      "type": "Feature",
      "id": 722044,
      "geometry": {
        "type": "LineString",
        "coordinates": [
          [
            -84.27358170747476,
            42.176194946305195
          ],
          [
            -84.27356131454015,
            42.17653877759326
          ],
          [
            -84.27359622482037,
            42.176759466933476
          ],
          [
            -84.27362719320874,
            42.17682215628462
          ],
          [
            -84.27369783990449,
            42.176896279261456
          ],
          [
            -84.27379393052013,
            42.176970796869206
          ],
          [
            -84.27393375626491,
            42.177050248288616
          ]
        ]
      },
      "properties": {
        "OBJECTID": 722044,
        "FCC": "A32",
        "RDNAME": "Flamingo Dr",
        "FRADDL": 5990,
        "TOADDL": 5990,
        "FRADDR": 6365,
        "TOADDR": 6241,
        "ZIPL": 49201,
        "ZIPR": 49201,
        "FEDIRP": " ",
        "NAME": "Flamingo",
        "FETYPE": "Dr",
        "FEDIRS": " ",
        "FEDIRP2": " ",
        "NAME2": " ",
        "FETYPE2": " ",
        "FEDIRS2": " ",
        "FEDIRP3": " ",
        "NAME3": " ",
        "FETYPE3": " ",
        "FEDIRS3": " ",
        "FMCDL": 56640,
        "FMCDR": 56640,
        "COUNTYL": 75,
        "COUNTYR": 75,
        "NFC": 7,
        "RU_L": 1,
        "RU_R": 1,
        "PR": 901202,
        "BMP": 0.224,
        "EMP": 0.29,
        "BPT": "38012223",
        "EPT": "38012166",
        "LRS_LINK": " 9012023801222338012166",
        "LENGTH": 106.38656389,
        "VER": "17a",
        "Shape.STLength()": 106.38658342263126,
        "ADJ_CNTY": 0,
        "LEGALSYSTEM": 3,
        "PAVENTRA_SEGMENT_ID": "NAP-344-9012023801222338012166"
      }
    },
    {
      "type": "Feature",
      "id": 722094,
      "geometry": {
        "type": "LineString",
        "coordinates": [
          [
            -84.27777528719821,
            42.176012491566716
          ],
          [
            -84.27779030754529,
            42.17791335680789
          ]
        ]
      },
      "properties": {
        "OBJECTID": 722094,
        "FCC": "A32",
        "RDNAME": "Squires Rd",
        "FRADDL": 5870,
        "TOADDL": 5822,
        "FRADDR": 5867,
        "TOADDR": 5823,
        "ZIPL": 49201,
        "ZIPR": 49201,
        "FEDIRP": " ",
        "NAME": "Squires",
        "FETYPE": "Rd",
        "FEDIRS": " ",
        "FEDIRP2": " ",
        "NAME2": " ",
        "FETYPE2": " ",
        "FEDIRS2": " ",
        "FEDIRP3": " ",
        "NAME3": " ",
        "FETYPE3": " ",
        "FEDIRS3": " ",
        "FMCDL": 56640,
        "FMCDR": 56640,
        "COUNTYL": 75,
        "COUNTYR": 75,
        "NFC": 7,
        "RU_L": 1,
        "RU_R": 1,
        "PR": 901201,
        "BMP": 0.09,
        "EMP": 0.222,
        "BPT": "38012226",
        "EPT": "38012127",
        "LRS_LINK": " 9012013801222638012127",
        "LENGTH": 211.06107721,
        "VER": "17a",
        "Shape.STLength()": 211.06112409593578,
        "ADJ_CNTY": 0,
        "LEGALSYSTEM": 3,
        "PAVENTRA_SEGMENT_ID": "NAP-345-9012013801222638012127"
      }
    },
    {
      "type": "Feature",
      "id": 722130,
      "geometry": {
        "type": "LineString",
        "coordinates": [
          [
            -84.22099580775298,
            42.174959772873436
          ],
          [
            -84.21599195056375,
            42.17503295205825
          ],
          [
            -84.21350426418154,
            42.17509252390203
          ],
          [
            -84.21121231425002,
            42.17514736036861
          ]
        ]
      },
      "properties": {
        "OBJECTID": 722130,
        "FCC": "A32",
        "RDNAME": "Cady Rd",
        "FRADDL": 10500,
        "TOADDL": 11098,
        "FRADDR": 10501,
        "TOADDR": 11099,
        "ZIPL": 49240,
        "ZIPR": 49240,
        "FEDIRP": " ",
        "NAME": "Cady",
        "FETYPE": "Rd",
        "FEDIRS": " ",
        "FEDIRP2": " ",
        "NAME2": " ",
        "FETYPE2": " ",
        "FEDIRS2": " ",
        "FEDIRP3": " ",
        "NAME3": " ",
        "FETYPE3": " ",
        "FEDIRS3": " ",
        "FMCDL": 56640,
        "FMCDR": 56640,
        "COUNTYL": 75,
        "COUNTYR": 75,
        "NFC": 7,
        "RU_L": 1,
        "RU_R": 1,
        "PR": 915406,
        "BMP": 2.181,
        "EMP": 2.683,
        "BPT": "38012231",
        "EPT": "38012214",
        "LRS_LINK": " 9154063801223138012214",
        "LENGTH": 808.30577897,
        "VER": "17a",
        "Shape.STLength()": 808.3057023816422,
        "ADJ_CNTY": 0,
        "LEGALSYSTEM": 3,
        "PAVENTRA_SEGMENT_ID": "NAP-346-9154063801223138012214"
      }
    },
    {
      "type": "Feature",
      "id": 722131,
      "geometry": {
        "type": "LineString",
        "coordinates": [
          [
            -84.22099580775298,
            42.174959772873436
          ],
          [
            -84.22085035528544,
            42.180326830976746
          ],
          [
            -84.22072704432989,
            42.18419619909484
          ],
          [
            -84.22065760775686,
            42.18589060841657
          ],
          [
            -84.22068943204772,
            42.18640233181662
          ],
          [
            -84.2207534274981,
            42.186821070302074
          ],
          [
            -84.22084981117555,
            42.18711263934209
          ]
        ]
      },
      "properties": {
        "OBJECTID": 722131,
        "FCC": "A31",
        "RDNAME": "Wolf Lake Rd",
        "FRADDL": 5894,
        "TOADDL": 5244,
        "FRADDR": 5999,
        "TOADDR": 5177,
        "ZIPL": 49240,
        "ZIPR": 49240,
        "FEDIRP": " ",
        "NAME": "Wolf Lake",
        "FETYPE": "Rd",
        "FEDIRS": " ",
        "FEDIRP2": " ",
        "NAME2": " ",
        "FETYPE2": " ",
        "FEDIRS2": " ",
        "FEDIRP3": " ",
        "NAME3": " ",
        "FETYPE3": " ",
        "FEDIRS3": " ",
        "FMCDL": 56640,
        "FMCDR": 56640,
        "COUNTYL": 75,
        "COUNTYR": 75,
        "NFC": 5,
        "RU_L": 1,
        "RU_R": 1,
        "PR": 918109,
        "BMP": 4.177,
        "EMP": 5.016,
        "BPT": "38012231",
        "EPT": "38011753",
        "LRS_LINK": " 9181093801223138011753",
        "LENGTH": 1351.01502475,
        "VER": "17a",
        "Shape.STLength()": 1351.0150012042413,
        "ADJ_CNTY": 0,
        "LEGALSYSTEM": 2,
        "PAVENTRA_SEGMENT_ID": "NAP-347-9181093801223138011753"
      }
    },
    {
      "type": "Feature",
      "id": 722144,
      "geometry": {
        "type": "LineString",
        "coordinates": [
          [
            -84.35561966418115,
            42.17848888926771
          ],
          [
            -84.3555926459568,
            42.17848172704023
          ],
          [
            -84.3501575973922,
            42.17690226372119
          ]
        ]
      },
      "properties": {
        "OBJECTID": 722144,
        "FCC": "A32",
        "RDNAME": "Hart Rd",
        "FRADDL": 3540,
        "TOADDL": 3630,
        "FRADDR": 3543,
        "TOADDR": 3633,
        "ZIPL": 49201,
        "ZIPR": 49201,
        "FEDIRP": " ",
        "NAME": "Hart",
        "FETYPE": "Rd",
        "FEDIRS": " ",
        "FEDIRP2": " ",
        "NAME2": " ",
        "FETYPE2": " ",
        "FEDIRS2": " ",
        "FEDIRP3": " ",
        "NAME3": " ",
        "FETYPE3": " ",
        "FEDIRS3": " ",
        "FMCDL": 56640,
        "FMCDR": 56640,
        "COUNTYL": 75,
        "COUNTYR": 75,
        "NFC": 7,
        "RU_L": 3,
        "RU_R": 3,
        "PR": 899106,
        "BMP": 0.476,
        "EMP": 0.777,
        "BPT": "38021781",
        "EPT": "38012228",
        "LRS_LINK": " 8991063802178138012228",
        "LENGTH": 484.27543738,
        "VER": "17a",
        "Shape.STLength()": 484.2753772526511,
        "ADJ_CNTY": 0,
        "LEGALSYSTEM": 3,
        "PAVENTRA_SEGMENT_ID": "NAP-348-8991063802178138012228"
      }
    },
    {
      "type": "Feature",
      "id": 722191,
      "geometry": {
        "type": "LineString",
        "coordinates": [
          [
            -84.26329427193252,
            42.175376344944176
          ],
          [
            -84.26334027464752,
            42.17930888556401
          ],
          [
            -84.2633792612325,
            42.18002518403356
          ],
          [
            -84.26340587396072,
            42.18016411723209
          ],
          [
            -84.26344253775065,
            42.18027141581275
          ],
          [
            -84.26354569835338,
            42.18040246093478
          ],
          [
            -84.26368782910481,
            42.1805590913344
          ],
          [
            -84.26396797117557,
            42.18080189417786
          ],
          [
            -84.26434482435069,
            42.18112422755091
          ],
          [
            -84.26534362717314,
            42.181996086814266
          ],
          [
            -84.26581170783375,
            42.18240325228569
          ],
          [
            -84.26686939743449,
            42.18332326905675
          ],
          [
            -84.26715482124033,
            42.18364221596109
          ],
          [
            -84.26739141301871,
            42.183986100115746
          ],
          [
            -84.26828093282491,
            42.18511300837592
          ]
        ]
      },
      "properties": {
        "OBJECTID": 722191,
        "FCC": "A31",
        "RDNAME": "Napoleon Rd",
        "FRADDL": 7828,
        "TOADDL": 7758,
        "FRADDR": 7857,
        "TOADDR": 7755,
        "ZIPL": 49201,
        "ZIPR": 49201,
        "FEDIRP": " ",
        "NAME": "Napoleon",
        "FETYPE": "Rd",
        "FEDIRS": " ",
        "FEDIRP2": " ",
        "NAME2": " ",
        "FETYPE2": " ",
        "FEDIRS2": " ",
        "FEDIRP3": " ",
        "NAME3": " ",
        "FETYPE3": " ",
        "FEDIRS3": " ",
        "FMCDL": 56640,
        "FMCDR": 56640,
        "COUNTYL": 75,
        "COUNTYR": 75,
        "NFC": 5,
        "RU_L": 1,
        "RU_R": 1,
        "PR": 901203,
        "BMP": 1.334,
        "EMP": 2.09,
        "BPT": "38012239",
        "EPT": "38011865",
        "LRS_LINK": " 9012033801223938011865",
        "LENGTH": 1216.5070453,
        "VER": "17a",
        "Shape.STLength()": 1216.5070357871737,
        "ADJ_CNTY": 0,
        "LEGALSYSTEM": 2,
        "PAVENTRA_SEGMENT_ID": "NAP-349-9012033801223938011865"
      }
    },
    {
      "type": "Feature",
      "id": 722216,
      "geometry": {
        "type": "LineString",
        "coordinates": [
          [
            -84.2307787133229,
            42.17476328915343
          ],
          [
            -84.22487825566826,
            42.17488189570757
          ],
          [
            -84.22099580775298,
            42.174959772873436
          ]
        ]
      },
      "properties": {
        "OBJECTID": 722216,
        "FCC": "A32",
        "RDNAME": "Cady Rd",
        "FRADDL": 10000,
        "TOADDL": 10410,
        "FRADDR": 10001,
        "TOADDR": 10433,
        "ZIPL": 49201,
        "ZIPR": 49201,
        "FEDIRP": " ",
        "NAME": "Cady",
        "FETYPE": "Rd",
        "FEDIRS": " ",
        "FEDIRP2": " ",
        "NAME2": " ",
        "FETYPE2": " ",
        "FEDIRS2": " ",
        "FEDIRP3": " ",
        "NAME3": " ",
        "FETYPE3": " ",
        "FEDIRS3": " ",
        "FMCDL": 56640,
        "FMCDR": 56640,
        "COUNTYL": 75,
        "COUNTYR": 75,
        "NFC": 7,
        "RU_L": 1,
        "RU_R": 1,
        "PR": 915406,
        "BMP": 1.679,
        "EMP": 2.181,
        "BPT": "38012243",
        "EPT": "38012231",
        "LRS_LINK": " 9154063801224338012231",
        "LENGTH": 808.26970636,
        "VER": "17a",
        "Shape.STLength()": 808.2696878224401,
        "ADJ_CNTY": 0,
        "LEGALSYSTEM": 3,
        "PAVENTRA_SEGMENT_ID": "NAP-350-9154063801224338012231"
      }
    },
    {
      "type": "Feature",
      "id": 722217,
      "geometry": {
        "type": "LineString",
        "coordinates": [
          [
            -84.2307787133229,
            42.17476328915343
          ],
          [
            -84.23055045996729,
            42.18264812027402
          ]
        ]
      },
      "properties": {
        "OBJECTID": 722217,
        "FCC": "A32",
        "RDNAME": "Baner Rd",
        "FRADDL": 5898,
        "TOADDL": 5484,
        "FRADDR": 5899,
        "TOADDR": 5477,
        "ZIPL": 49201,
        "ZIPR": 49201,
        "FEDIRP": " ",
        "NAME": "Baner",
        "FETYPE": "Rd",
        "FEDIRS": " ",
        "FEDIRP2": " ",
        "NAME2": " ",
        "FETYPE2": " ",
        "FEDIRS2": " ",
        "FEDIRP3": " ",
        "NAME3": " ",
        "FETYPE3": " ",
        "FEDIRS3": " ",
        "FMCDL": 56640,
        "FMCDR": 56640,
        "COUNTYL": 75,
        "COUNTYR": 75,
        "NFC": 7,
        "RU_L": 1,
        "RU_R": 1,
        "PR": 915409,
        "BMP": 0,
        "EMP": 0.544,
        "BPT": "38012243",
        "EPT": "38018241",
        "LRS_LINK": " 9154093801224338018241",
        "LENGTH": 875.67424447,
        "VER": "17a",
        "Shape.STLength()": 875.6742129502272,
        "ADJ_CNTY": 0,
        "LEGALSYSTEM": 3,
        "PAVENTRA_SEGMENT_ID": "NAP-351-9154093801224338018241"
      }
    },
    {
      "type": "Feature",
      "id": 726460,
      "geometry": {
        "type": "LineString",
        "coordinates": [
          [
            -84.35268203434092,
            42.16053098164332
          ],
          [
            -84.3501730788322,
            42.160541587810016
          ],
          [
            -84.34623141107423,
            42.16053015898366
          ],
          [
            -84.34602084681316,
            42.16050398719531
          ],
          [
            -84.34582071543696,
            42.16042425709497
          ],
          [
            -84.34569230897493,
            42.16035027520678
          ],
          [
            -84.34555414563827,
            42.16022348229887
          ],
          [
            -84.34525860870085,
            42.15985318955716
          ],
          [
            -84.34517459476294,
            42.15979095636759
          ],
          [
            -84.34509043189504,
            42.159734264547886
          ],
          [
            -84.34496887917128,
            42.159682559398085
          ],
          [
            -84.34483570616212,
            42.15964731287858
          ],
          [
            -84.34452459846125,
            42.15957892430046
          ],
          [
            -84.34299397730165,
            42.15931287945508
          ],
          [
            -84.3427271169758,
            42.159284892720216
          ],
          [
            -84.34084520672772,
            42.1592104861065
          ],
          [
            -84.34064363632926,
            42.15921392793621
          ],
          [
            -84.34048355124743,
            42.159241804911474
          ],
          [
            -84.3403432540403,
            42.1592901556271
          ],
          [
            -84.34017503183516,
            42.15936835578882
          ],
          [
            -84.33909870508275,
            42.16011795651659
          ],
          [
            -84.33889242774396,
            42.16027268294598
          ],
          [
            -84.33873980135353,
            42.160367171342706
          ],
          [
            -84.33860422172458,
            42.1604232069601
          ],
          [
            -84.33850732775761,
            42.16045451131818
          ],
          [
            -84.33841263527607,
            42.16047840411559
          ],
          [
            -84.33830818342653,
            42.16049321834894
          ],
          [
            -84.33801403414894,
            42.16049328584263
          ],
          [
            -84.33707277335697,
            42.1604882041307
          ],
          [
            -84.33699180454558,
            42.1604877663114
          ],
          [
            -84.33528525897275,
            42.16047853087596
          ]
        ]
      },
      "properties": {
        "OBJECTID": 726460,
        "FCC": "A31",
        "RDNAME": "Saunt Rd",
        "FRADDL": 3550,
        "TOADDL": 4498,
        "FRADDR": 3581,
        "TOADDR": 4495,
        "ZIPL": 49201,
        "ZIPR": 49201,
        "FEDIRP": " ",
        "NAME": "Saunt",
        "FETYPE": "Rd",
        "FEDIRS": " ",
        "FEDIRP2": " ",
        "NAME2": " ",
        "FETYPE2": " ",
        "FEDIRS2": " ",
        "FEDIRP3": " ",
        "NAME3": " ",
        "FETYPE3": " ",
        "FEDIRS3": " ",
        "FMCDL": 56640,
        "FMCDR": 56640,
        "COUNTYL": 75,
        "COUNTYR": 75,
        "NFC": 5,
        "RU_L": 1,
        "RU_R": 1,
        "PR": 915501,
        "BMP": 0.054,
        "EMP": 1.008,
        "BPT": "38012906",
        "EPT": "38012892",
        "LRS_LINK": " 9155013801290638012892",
        "LENGTH": 1535.74668144,
        "VER": "17a",
        "Shape.STLength()": 1535.746802327736,
        "ADJ_CNTY": 0,
        "LEGALSYSTEM": 3,
        "PAVENTRA_SEGMENT_ID": "NAP-352-9155013801290638012892"
      }
    },
    {
      "type": "Feature",
      "id": 726491,
      "geometry": {
        "type": "LineString",
        "coordinates": [
          [
            -84.26302361752987,
            42.157912718881235
          ],
          [
            -84.26303589785742,
            42.158515439096846
          ]
        ]
      },
      "properties": {
        "OBJECTID": 726491,
        "FCC": "A31",
        "RDNAME": "Napoleon Rd",
        "FRADDL": 7984,
        "TOADDL": 7980,
        "FRADDR": 7985,
        "TOADDR": 7979,
        "ZIPL": 49201,
        "ZIPR": 49201,
        "FEDIRP": " ",
        "NAME": "Napoleon",
        "FETYPE": "Rd",
        "FEDIRS": " ",
        "FEDIRP2": " ",
        "NAME2": " ",
        "FETYPE2": " ",
        "FEDIRS2": " ",
        "FEDIRP3": " ",
        "NAME3": " ",
        "FETYPE3": " ",
        "FEDIRS3": " ",
        "FMCDL": 56640,
        "FMCDR": 56640,
        "COUNTYL": 75,
        "COUNTYR": 75,
        "NFC": 6,
        "RU_L": 1,
        "RU_R": 1,
        "PR": 901203,
        "BMP": 0.129,
        "EMP": 0.171,
        "BPT": "38012969",
        "EPT": "38012948",
        "LRS_LINK": " 9012033801296938012948",
        "LENGTH": 66.92889261,
        "VER": "17a",
        "Shape.STLength()": 66.92889288670476,
        "ADJ_CNTY": 0,
        "LEGALSYSTEM": 3,
        "PAVENTRA_SEGMENT_ID": "NAP-353-9012033801296938012948"
      }
    },
    {
      "type": "Feature",
      "id": 726572,
      "geometry": {
        "type": "LineString",
        "coordinates": [
          [
            -84.26049990754248,
            42.15762914310777
          ],
          [
            -84.25980757686149,
            42.15806642337474
          ],
          [
            -84.25559975709977,
            42.16009359376829
          ]
        ]
      },
      "properties": {
        "OBJECTID": 726572,
        "FCC": "A31",
        "RDNAME": "S Stony Lake Rd",
        "FRADDL": 8488,
        "TOADDL": 8536,
        "FRADDR": 0,
        "TOADDR": 0,
        "ZIPL": 49201,
        "ZIPR": 49201,
        "FEDIRP": "S",
        "NAME": "Stony Lake",
        "FETYPE": "Rd",
        "FEDIRS": " ",
        "FEDIRP2": " ",
        "NAME2": " ",
        "FETYPE2": " ",
        "FEDIRS2": " ",
        "FEDIRP3": "S",
        "NAME3": "Stoney Lake",
        "FETYPE3": "Rd",
        "FEDIRS3": " ",
        "FMCDL": 56640,
        "FMCDR": 56640,
        "COUNTYL": 75,
        "COUNTYR": 75,
        "NFC": 6,
        "RU_L": 1,
        "RU_R": 1,
        "PR": 918203,
        "BMP": 3.11,
        "EMP": 3.414,
        "BPT": "38012987",
        "EPT": "38012851",
        "LRS_LINK": " 9182033801298738012851",
        "LENGTH": 489.14440439,
        "VER": "17a",
        "Shape.STLength()": 489.1444276927818,
        "ADJ_CNTY": 0,
        "LEGALSYSTEM": 2,
        "PAVENTRA_SEGMENT_ID": "NAP-354-9182033801298738012851"
      }
    },
    {
      "type": "Feature",
      "id": 726647,
      "geometry": {
        "type": "LineString",
        "coordinates": [
          [
            -84.27095590408328,
            42.16025629474495
          ],
          [
            -84.270966142318,
            42.16011591505891
          ],
          [
            -84.27096791698663,
            42.160052700225094
          ],
          [
            -84.27094101183927,
            42.15989599215528
          ],
          [
            -84.27086609727716,
            42.159629145605855
          ],
          [
            -84.27082209588266,
            42.159415666731164
          ],
          [
            -84.27081253198236,
            42.159307771571704
          ],
          [
            -84.27079406893333,
            42.15896640485569
          ],
          [
            -84.27074624658772,
            42.158529092060405
          ],
          [
            -84.27072238088503,
            42.15774363801023
          ],
          [
            -84.27072865250123,
            42.157573776154564
          ],
          [
            -84.27072599713675,
            42.15750776379832
          ],
          [
            -84.27074299626386,
            42.1574375833722
          ]
        ]
      },
      "properties": {
        "OBJECTID": 726647,
        "FCC": "A41",
        "RDNAME": "Herdale Rd",
        "FRADDL": 1,
        "TOADDL": 141,
        "FRADDR": 2,
        "TOADDR": 140,
        "ZIPL": 49201,
        "ZIPR": 49201,
        "FEDIRP": " ",
        "NAME": "Herdale",
        "FETYPE": "Rd",
        "FEDIRS": " ",
        "FEDIRP2": " ",
        "NAME2": " ",
        "FETYPE2": " ",
        "FEDIRS2": " ",
        "FEDIRP3": " ",
        "NAME3": "Herdale",
        "FETYPE3": "Pl",
        "FEDIRS3": " ",
        "FMCDL": 56640,
        "FMCDR": 56640,
        "COUNTYL": 75,
        "COUNTYR": 75,
        "NFC": 0,
        "RU_L": 1,
        "RU_R": 1,
        "PR": 3380665,
        "BMP": 0,
        "EMP": 0.195,
        "BPT": "38012849",
        "EPT": "38013007",
        "LRS_LINK": "33806653801284938013007",
        "LENGTH": 314.42483098,
        "VER": "17a",
        "Shape.STLength()": 314.42484078378226,
        "ADJ_CNTY": 0,
        "LEGALSYSTEM": 0,
        "PAVENTRA_SEGMENT_ID": "NAP-355-33806653801284938013007"
      }
    },
    {
      "type": "Feature",
      "id": 726679,
      "geometry": {
        "type": "LineString",
        "coordinates": [
          [
            -84.27074299626386,
            42.1574375833722
          ],
          [
            -84.27078167949651,
            42.15739793156926
          ],
          [
            -84.2708048384959,
            42.157375928213916
          ],
          [
            -84.27085228418314,
            42.1573453570013
          ],
          [
            -84.27089181022684,
            42.15732919950995
          ],
          [
            -84.27094031843144,
            42.157314298640486
          ],
          [
            -84.27100976199533,
            42.157303078727466
          ],
          [
            -84.27137662885023,
            42.15729647950723
          ],
          [
            -84.27148769347973,
            42.15730155985408
          ],
          [
            -84.27157585037475,
            42.15731970128535
          ],
          [
            -84.27171057196084,
            42.15733856692658
          ],
          [
            -84.2717826753701,
            42.15733968700834
          ],
          [
            -84.27183687716088,
            42.157336056309134
          ],
          [
            -84.27205634993669,
            42.15728020277592
          ]
        ]
      },
      "properties": {
        "OBJECTID": 726679,
        "FCC": "A41",
        "RDNAME": "Herdale Rd",
        "FRADDL": 143,
        "TOADDL": 199,
        "FRADDR": 142,
        "TOADDR": 198,
        "ZIPL": 49201,
        "ZIPR": 49201,
        "FEDIRP": " ",
        "NAME": "Herdale",
        "FETYPE": "Rd",
        "FEDIRS": " ",
        "FEDIRP2": " ",
        "NAME2": " ",
        "FETYPE2": " ",
        "FEDIRS2": " ",
        "FEDIRP3": " ",
        "NAME3": "Herdale",
        "FETYPE3": "Pl",
        "FEDIRS3": " ",
        "FMCDL": 56640,
        "FMCDR": 56640,
        "COUNTYL": 75,
        "COUNTYR": 75,
        "NFC": 0,
        "RU_L": 1,
        "RU_R": 1,
        "PR": 3380665,
        "BMP": 0.195,
        "EMP": 0.267,
        "BPT": "38013007",
        "EPT": "38013019",
        "LRS_LINK": "33806653801300738013019",
        "LENGTH": 115.66819288,
        "VER": "17a",
        "Shape.STLength()": 115.66810586860468,
        "ADJ_CNTY": 0,
        "LEGALSYSTEM": 0,
        "PAVENTRA_SEGMENT_ID": "NAP-356-33806653801300738013019"
      }
    },
    {
      "type": "Feature",
      "id": 726728,
      "geometry": {
        "type": "LineString",
        "coordinates": [
          [
            -84.2525424622717,
            42.1566636059793
          ],
          [
            -84.25253024483769,
            42.15691290244596
          ]
        ]
      },
      "properties": {
        "OBJECTID": 726728,
        "FCC": "A43",
        "RDNAME": "Joyln Dr",
        "FRADDL": 7006,
        "TOADDL": 7002,
        "FRADDR": 7007,
        "TOADDR": 7003,
        "ZIPL": 49201,
        "ZIPR": 49201,
        "FEDIRP": " ",
        "NAME": "Joyln",
        "FETYPE": "Dr",
        "FEDIRS": " ",
        "FEDIRP2": " ",
        "NAME2": " ",
        "FETYPE2": " ",
        "FEDIRS2": " ",
        "FEDIRP3": " ",
        "NAME3": " ",
        "FETYPE3": " ",
        "FEDIRS3": " ",
        "FMCDL": 56640,
        "FMCDR": 56640,
        "COUNTYL": 75,
        "COUNTYR": 75,
        "NFC": 0,
        "RU_L": 1,
        "RU_R": 1,
        "PR": 3381362,
        "BMP": 0.183,
        "EMP": 0.2,
        "BPT": "38020110",
        "EPT": "38020096",
        "LRS_LINK": "33813623802011038020096",
        "LENGTH": 27.69831119,
        "VER": "17a",
        "Shape.STLength()": 27.698262310296652,
        "ADJ_CNTY": 0,
        "LEGALSYSTEM": 0,
        "PAVENTRA_SEGMENT_ID": "NAP-357-33813623802011038020096"
      }
    },
    {
      "type": "Feature",
      "id": 726822,
      "geometry": {
        "type": "LineString",
        "coordinates": [
          [
            -84.22054411544158,
            42.155568063577604
          ],
          [
            -84.22057644146874,
            42.15618063552615
          ],
          [
            -84.22067702416551,
            42.16050319377493
          ]
        ]
      },
      "properties": {
        "OBJECTID": 726822,
        "FCC": "A31",
        "RDNAME": "Wolf Lake Rd",
        "FRADDL": 0,
        "TOADDL": 0,
        "FRADDR": 7075,
        "TOADDR": 7001,
        "ZIPL": 49201,
        "ZIPR": 49201,
        "FEDIRP": " ",
        "NAME": "Wolf Lake",
        "FETYPE": "Rd",
        "FEDIRS": " ",
        "FEDIRP2": " ",
        "NAME2": " ",
        "FETYPE2": " ",
        "FEDIRS2": " ",
        "FEDIRP3": " ",
        "NAME3": " ",
        "FETYPE3": " ",
        "FEDIRS3": " ",
        "FMCDL": 56640,
        "FMCDR": 56640,
        "COUNTYL": 75,
        "COUNTYR": 75,
        "NFC": 5,
        "RU_L": 1,
        "RU_R": 1,
        "PR": 918109,
        "BMP": 2.836,
        "EMP": 3.177,
        "BPT": "38013036",
        "EPT": "38012789",
        "LRS_LINK": " 9181093801303638012789",
        "LENGTH": 548.08142958,
        "VER": "17a",
        "Shape.STLength()": 548.0814403149928,
        "ADJ_CNTY": 0,
        "LEGALSYSTEM": 2,
        "PAVENTRA_SEGMENT_ID": "NAP-358-9181093801303638012789"
      }
    },
    {
      "type": "Feature",
      "id": 726823,
      "geometry": {
        "type": "LineString",
        "coordinates": [
          [
            -84.2281839739353,
            42.15851666923543
          ],
          [
            -84.2273899376646,
            42.15829802162588
          ],
          [
            -84.227094674593,
            42.1582210372389
          ],
          [
            -84.22677438823584,
            42.158105298147014
          ],
          [
            -84.22578398366787,
            42.157749349201204
          ],
          [
            -84.22334388596758,
            42.1568876550836
          ],
          [
            -84.22244643442711,
            42.15652885016741
          ],
          [
            -84.22114349057989,
            42.15590449700828
          ],
          [
            -84.22054411544158,
            42.155568063577604
          ]
        ]
      },
      "properties": {
        "OBJECTID": 726823,
        "FCC": "A31",
        "RDNAME": "Austin Rd",
        "FRADDL": 10202,
        "TOADDL": 10506,
        "FRADDR": 10135,
        "TOADDR": 10523,
        "ZIPL": 49201,
        "ZIPR": 49201,
        "FEDIRP": " ",
        "NAME": "Austin",
        "FETYPE": "Rd",
        "FEDIRS": " ",
        "FEDIRP2": " ",
        "NAME2": " ",
        "FETYPE2": " ",
        "FEDIRS2": " ",
        "FEDIRP3": " ",
        "NAME3": " ",
        "FETYPE3": " ",
        "FEDIRS3": " ",
        "FMCDL": 56640,
        "FMCDR": 56640,
        "COUNTYL": 75,
        "COUNTYR": 75,
        "NFC": 5,
        "RU_L": 1,
        "RU_R": 1,
        "PR": 901205,
        "BMP": 1.08,
        "EMP": 1.523,
        "BPT": "38012914",
        "EPT": "38013036",
        "LRS_LINK": " 9012053801291438013036",
        "LENGTH": 713.43737688,
        "VER": "17a",
        "Shape.STLength()": 713.4373805034327,
        "ADJ_CNTY": 0,
        "LEGALSYSTEM": 2,
        "PAVENTRA_SEGMENT_ID": "NAP-359-9012053801291438013036"
      }
    },
    {
      "type": "Feature",
      "id": 726836,
      "geometry": {
        "type": "LineString",
        "coordinates": [
          [
            -84.25257590500757,
            42.155981179892876
          ],
          [
            -84.2525424622717,
            42.1566636059793
          ]
        ]
      },
      "properties": {
        "OBJECTID": 726836,
        "FCC": "A41",
        "RDNAME": "Joyln Dr",
        "FRADDL": 7016,
        "TOADDL": 7008,
        "FRADDR": 7023,
        "TOADDR": 7009,
        "ZIPL": 49201,
        "ZIPR": 49201,
        "FEDIRP": " ",
        "NAME": "Joyln",
        "FETYPE": "Dr",
        "FEDIRS": " ",
        "FEDIRP2": " ",
        "NAME2": " ",
        "FETYPE2": " ",
        "FEDIRS2": " ",
        "FEDIRP3": " ",
        "NAME3": " ",
        "FETYPE3": " ",
        "FEDIRS3": " ",
        "FMCDL": 56640,
        "FMCDR": 56640,
        "COUNTYL": 75,
        "COUNTYR": 75,
        "NFC": 0,
        "RU_L": 1,
        "RU_R": 1,
        "PR": 3381362,
        "BMP": 0.136,
        "EMP": 0.183,
        "BPT": "38020099",
        "EPT": "38020110",
        "LRS_LINK": "33813623802009938020110",
        "LENGTH": 75.8214481,
        "VER": "17a",
        "Shape.STLength()": 75.8214291688702,
        "ADJ_CNTY": 0,
        "LEGALSYSTEM": 0,
        "PAVENTRA_SEGMENT_ID": "NAP-360-33813623802009938020110"
      }
    },
    {
      "type": "Feature",
      "id": 726837,
      "geometry": {
        "type": "LineString",
        "coordinates": [
          [
            -84.25257590500757,
            42.155981179892876
          ],
          [
            -84.25361068030585,
            42.156011025893825
          ],
          [
            -84.25372075789615,
            42.15600934178605
          ],
          [
            -84.2538280684892,
            42.15599738148884
          ]
        ]
      },
      "properties": {
        "OBJECTID": 726837,
        "FCC": "A41",
        "RDNAME": "Soltude Dr",
        "FRADDL": 7001,
        "TOADDL": 7009,
        "FRADDR": 7000,
        "TOADDR": 7008,
        "ZIPL": 49201,
        "ZIPR": 49201,
        "FEDIRP": " ",
        "NAME": "Soltude",
        "FETYPE": "Dr",
        "FEDIRS": " ",
        "FEDIRP2": " ",
        "NAME2": " ",
        "FETYPE2": " ",
        "FEDIRS2": " ",
        "FEDIRP3": " ",
        "NAME3": " ",
        "FETYPE3": " ",
        "FEDIRS3": " ",
        "FMCDL": 56640,
        "FMCDR": 56640,
        "COUNTYL": 75,
        "COUNTYR": 75,
        "NFC": 0,
        "RU_L": 1,
        "RU_R": 1,
        "PR": 3381363,
        "BMP": 0,
        "EMP": 0.064,
        "BPT": "38020099",
        "EPT": "38020098",
        "LRS_LINK": "33813633802009938020098",
        "LENGTH": 103.61260575,
        "VER": "17a",
        "Shape.STLength()": 103.61259161204313,
        "ADJ_CNTY": 0,
        "LEGALSYSTEM": 0,
        "PAVENTRA_SEGMENT_ID": "NAP-361-33813633802009938020098"
      }
    },
    {
      "type": "Feature",
      "id": 726859,
      "geometry": {
        "type": "LineString",
        "coordinates": [
          [
            -84.26302442741363,
            42.156041001270225
          ],
          [
            -84.26049990754248,
            42.15762914310777
          ]
        ]
      },
      "properties": {
        "OBJECTID": 726859,
        "FCC": "A31",
        "RDNAME": "S Stony Lake Rd",
        "FRADDL": 8378,
        "TOADDL": 8486,
        "FRADDR": 8379,
        "TOADDR": 8799,
        "ZIPL": 49201,
        "ZIPR": 49201,
        "FEDIRP": "S",
        "NAME": "Stony Lake",
        "FETYPE": "Rd",
        "FEDIRS": " ",
        "FEDIRP2": " ",
        "NAME2": " ",
        "FETYPE2": " ",
        "FEDIRS2": " ",
        "FEDIRP3": "S",
        "NAME3": "Stoney Lake",
        "FETYPE3": "Rd",
        "FEDIRS3": " ",
        "FMCDL": 56640,
        "FMCDR": 56640,
        "COUNTYL": 75,
        "COUNTYR": 75,
        "NFC": 6,
        "RU_L": 1,
        "RU_R": 1,
        "PR": 918203,
        "BMP": 2.94,
        "EMP": 3.11,
        "BPT": "38013045",
        "EPT": "38012987",
        "LRS_LINK": " 9182033801304538012987",
        "LENGTH": 273.11419879,
        "VER": "17a",
        "Shape.STLength()": 273.1141983208672,
        "ADJ_CNTY": 0,
        "LEGALSYSTEM": 2,
        "PAVENTRA_SEGMENT_ID": "NAP-362-9182033801304538012987"
      }
    },
    {
      "type": "Feature",
      "id": 726860,
      "geometry": {
        "type": "LineString",
        "coordinates": [
          [
            -84.26302442741363,
            42.156041001270225
          ],
          [
            -84.26305822279987,
            42.156210352585795
          ],
          [
            -84.26306790496768,
            42.156530837963956
          ],
          [
            -84.26302361752987,
            42.157912718881235
          ]
        ]
      },
      "properties": {
        "OBJECTID": 726860,
        "FCC": "A31",
        "RDNAME": "Napoleon Rd",
        "FRADDL": 7998,
        "TOADDL": 7986,
        "FRADDR": 7999,
        "TOADDR": 7987,
        "ZIPL": 49201,
        "ZIPR": 49201,
        "FEDIRP": " ",
        "NAME": "Napoleon",
        "FETYPE": "Rd",
        "FEDIRS": " ",
        "FEDIRP2": " ",
        "NAME2": " ",
        "FETYPE2": " ",
        "FEDIRS2": " ",
        "FEDIRP3": " ",
        "NAME3": " ",
        "FETYPE3": " ",
        "FEDIRS3": " ",
        "FMCDL": 56640,
        "FMCDR": 56640,
        "COUNTYL": 75,
        "COUNTYR": 75,
        "NFC": 6,
        "RU_L": 1,
        "RU_R": 1,
        "PR": 901203,
        "BMP": 0,
        "EMP": 0.129,
        "BPT": "38013045",
        "EPT": "38012969",
        "LRS_LINK": " 9012033801304538012969",
        "LENGTH": 208.07918834,
        "VER": "17a",
        "Shape.STLength()": 208.07917971650627,
        "ADJ_CNTY": 0,
        "LEGALSYSTEM": 3,
        "PAVENTRA_SEGMENT_ID": "NAP-363-9012033801304538012969"
      }
    },
    {
      "type": "Feature",
      "id": 726864,
      "geometry": {
        "type": "LineString",
        "coordinates": [
          [
            -84.25691805744415,
            42.15592884334241
          ],
          [
            -84.25693128107531,
            42.15616401337158
          ]
        ]
      },
      "properties": {
        "OBJECTID": 726864,
        "FCC": "A43",
        "RDNAME": "Jordan Dr",
        "FRADDL": 8289,
        "TOADDL": 8301,
        "FRADDR": 8288,
        "TOADDR": 8300,
        "ZIPL": 49201,
        "ZIPR": 49201,
        "FEDIRP": " ",
        "NAME": "Jordan",
        "FETYPE": "Dr",
        "FEDIRS": " ",
        "FEDIRP2": " ",
        "NAME2": " ",
        "FETYPE2": " ",
        "FEDIRS2": " ",
        "FEDIRP3": " ",
        "NAME3": " ",
        "FETYPE3": " ",
        "FEDIRS3": " ",
        "FMCDL": 56640,
        "FMCDR": 56640,
        "COUNTYL": 75,
        "COUNTYR": 75,
        "NFC": 0,
        "RU_L": 1,
        "RU_R": 1,
        "PR": 3381365,
        "BMP": 0.521,
        "EMP": 0.538,
        "BPT": "38020109",
        "EPT": "38020103",
        "LRS_LINK": "33813653802010938020103",
        "LENGTH": 26.13420908,
        "VER": "17a",
        "Shape.STLength()": 26.134221434739548,
        "ADJ_CNTY": 0,
        "LEGALSYSTEM": 0,
        "PAVENTRA_SEGMENT_ID": "NAP-364-33813653802010938020103"
      }
    },
    {
      "type": "Feature",
      "id": 724074,
      "geometry": {
        "type": "LineString",
        "coordinates": [
          [
            -84.24555374126354,
            42.16803954160824
          ],
          [
            -84.24546283100398,
            42.170424905157006
          ]
        ]
      },
      "properties": {
        "OBJECTID": 724074,
        "FCC": "A31",
        "RDNAME": "Oak Point Rd",
        "FRADDL": 6398,
        "TOADDL": 6278,
        "FRADDR": 6399,
        "TOADDR": 6325,
        "ZIPL": 49201,
        "ZIPR": 49201,
        "FEDIRP": " ",
        "NAME": "Oak Point",
        "FETYPE": "Rd",
        "FEDIRS": " ",
        "FEDIRP2": " ",
        "NAME2": " ",
        "FETYPE2": " ",
        "FEDIRS2": " ",
        "FEDIRP3": " ",
        "NAME3": "Oakpoint",
        "FETYPE3": "Rd",
        "FEDIRS3": " ",
        "FMCDL": 56640,
        "FMCDR": 56640,
        "COUNTYL": 75,
        "COUNTYR": 75,
        "NFC": 6,
        "RU_L": 1,
        "RU_R": 1,
        "PR": 915401,
        "BMP": 0.538,
        "EMP": 0.703,
        "BPT": "38012510",
        "EPT": "38012426",
        "LRS_LINK": " 9154013801251038012426",
        "LENGTH": 264.95841871,
        "VER": "17a",
        "Shape.STLength()": 264.9584945593177,
        "ADJ_CNTY": 0,
        "LEGALSYSTEM": 2,
        "PAVENTRA_SEGMENT_ID": "NAP-365-9154013801251038012426"
      }
    },
    {
      "type": "Feature",
      "id": 724075,
      "geometry": {
        "type": "LineString",
        "coordinates": [
          [
            -84.24700789312035,
            42.168079232658506
          ],
          [
            -84.24555374126354,
            42.16803954160824
          ]
        ]
      },
      "properties": {
        "OBJECTID": 724075,
        "FCC": "A32",
        "RDNAME": "North St",
        "FRADDL": 0,
        "TOADDL": 0,
        "FRADDR": 115,
        "TOADDR": 101,
        "ZIPL": 49201,
        "ZIPR": 49201,
        "FEDIRP": " ",
        "NAME": "North",
        "FETYPE": "St",
        "FEDIRS": " ",
        "FEDIRP2": " ",
        "NAME2": " ",
        "FETYPE2": " ",
        "FEDIRS2": " ",
        "FEDIRP3": " ",
        "NAME3": " ",
        "FETYPE3": " ",
        "FEDIRS3": " ",
        "FMCDL": 56640,
        "FMCDR": 56640,
        "COUNTYL": 75,
        "COUNTYR": 75,
        "NFC": 7,
        "RU_L": 1,
        "RU_R": 1,
        "PR": 901207,
        "BMP": 0.503,
        "EMP": 0.578,
        "BPT": "38012509",
        "EPT": "38012510",
        "LRS_LINK": " 9012073801250938012510",
        "LENGTH": 120.19286042,
        "VER": "17a",
        "Shape.STLength()": 120.19283920250824,
        "ADJ_CNTY": 0,
        "LEGALSYSTEM": 3,
        "PAVENTRA_SEGMENT_ID": "NAP-366-9012073801250938012510"
      }
    },
    {
      "type": "Feature",
      "id": 724115,
      "geometry": {
        "type": "LineString",
        "coordinates": [
          [
            -84.2809684641918,
            42.168412014331516
          ],
          [
            -84.28098784741789,
            42.169544388450205
          ]
        ]
      },
      "properties": {
        "OBJECTID": 724115,
        "FCC": "A32",
        "RDNAME": "Silkworth Blvd",
        "FRADDL": 6146,
        "TOADDL": 6142,
        "FRADDR": 6147,
        "TOADDR": 6143,
        "ZIPL": 49201,
        "ZIPR": 49201,
        "FEDIRP": " ",
        "NAME": "Silkworth",
        "FETYPE": "Blvd",
        "FEDIRS": " ",
        "FEDIRP2": " ",
        "NAME2": " ",
        "FETYPE2": " ",
        "FEDIRS2": " ",
        "FEDIRP3": " ",
        "NAME3": " ",
        "FETYPE3": " ",
        "FEDIRS3": " ",
        "FMCDL": 56640,
        "FMCDR": 56640,
        "COUNTYL": 75,
        "COUNTYR": 75,
        "NFC": 7,
        "RU_L": 1,
        "RU_R": 1,
        "PR": 1920904,
        "BMP": 0,
        "EMP": 0.078,
        "BPT": "38016866",
        "EPT": "38016863",
        "LRS_LINK": "19209043801686638016863",
        "LENGTH": 125.74013128,
        "VER": "17a",
        "Shape.STLength()": 125.74014910286213,
        "ADJ_CNTY": 0,
        "LEGALSYSTEM": 3,
        "PAVENTRA_SEGMENT_ID": "NAP-367-19209043801686638016863"
      }
    },
    {
      "type": "Feature",
      "id": 724172,
      "geometry": {
        "type": "LineString",
        "coordinates": [
          [
            -84.2860159304645,
            42.16956186827131
          ],
          [
            -84.28609651467998,
            42.169562554877864
          ],
          [
            -84.28616887661425,
            42.169548057338396
          ],
          [
            -84.28623299100208,
            42.169506666254556
          ],
          [
            -84.28626488514324,
            42.169438015053366
          ],
          [
            -84.28626327656278,
            42.16841869240256
          ],
          [
            -84.28622262339853,
            42.1683712273214
          ],
          [
            -84.2861634298886,
            42.168343550759644
          ],
          [
            -84.28608301060164,
            42.16832446810188
          ],
          [
            -84.28595714023766,
            42.168322528802896
          ],
          [
            -84.2858131651136,
            42.168324771317955
          ],
          [
            -84.2811642502331,
            42.16832386045301
          ],
          [
            -84.28108411614063,
            42.16833295676585
          ],
          [
            -84.28102423510268,
            42.168363035589174
          ],
          [
            -84.2809684641918,
            42.168412014331516
          ]
        ]
      },
      "properties": {
        "OBJECTID": 724172,
        "FCC": "A32",
        "RDNAME": "Hunters Ridge Dr",
        "FRADDL": 7470,
        "TOADDL": 7504,
        "FRADDR": 7471,
        "TOADDR": 7509,
        "ZIPL": 49201,
        "ZIPR": 49201,
        "FEDIRP": " ",
        "NAME": "Hunters Ridge",
        "FETYPE": "Dr",
        "FEDIRS": " ",
        "FEDIRP2": " ",
        "NAME2": "Hunters",
        "FETYPE2": "Rdg",
        "FEDIRS2": " ",
        "FEDIRP3": " ",
        "NAME3": "Hunters Ridge",
        "FETYPE3": "Dr",
        "FEDIRS3": " ",
        "FMCDL": 56640,
        "FMCDR": 56640,
        "COUNTYL": 75,
        "COUNTYR": 75,
        "NFC": 7,
        "RU_L": 1,
        "RU_R": 1,
        "PR": 1920905,
        "BMP": 0,
        "EMP": 0.364,
        "BPT": "38016867",
        "EPT": "38016866",
        "LRS_LINK": "19209053801686738016866",
        "LENGTH": 586.1773408,
        "VER": "17a",
        "Shape.STLength()": 586.1772785419915,
        "ADJ_CNTY": 0,
        "LEGALSYSTEM": 3,
        "PAVENTRA_SEGMENT_ID": "NAP-368-19209053801686738016866"
      }
    },
    {
      "type": "Feature",
      "id": 724289,
      "geometry": {
        "type": "LineString",
        "coordinates": [
          [
            -84.27192339971415,
            42.1721589637486
          ],
          [
            -84.27206522643647,
            42.17184747350841
          ],
          [
            -84.27209283848526,
            42.17157904154608
          ],
          [
            -84.27207749120375,
            42.17131688434576
          ],
          [
            -84.27200396293803,
            42.17114601881042
          ],
          [
            -84.27186987728379,
            42.17094888128042
          ],
          [
            -84.2713650810892,
            42.17037107189356
          ],
          [
            -84.27124858529342,
            42.17015394159213
          ],
          [
            -84.27118250789788,
            42.16996039192985
          ],
          [
            -84.27115103814897,
            42.16974711469013
          ],
          [
            -84.27114324304965,
            42.16956397789334
          ],
          [
            -84.27113419519033,
            42.16918072967266
          ],
          [
            -84.27111969956917,
            42.168850442531514
          ],
          [
            -84.27109455525017,
            42.16861724061098
          ],
          [
            -84.2710212326057,
            42.16840686588253
          ],
          [
            -84.27089602093704,
            42.16821041977988
          ],
          [
            -84.27074647456084,
            42.1680342236094
          ],
          [
            -84.27061482239888,
            42.167926086079994
          ],
          [
            -84.27013616096578,
            42.16763212399211
          ]
        ]
      },
      "properties": {
        "OBJECTID": 724289,
        "FCC": "A32",
        "RDNAME": "Gillis Dr",
        "FRADDL": 6401,
        "TOADDL": 6499,
        "FRADDR": 6400,
        "TOADDR": 6498,
        "ZIPL": 49201,
        "ZIPR": 49201,
        "FEDIRP": " ",
        "NAME": "Gillis",
        "FETYPE": "Dr",
        "FEDIRS": " ",
        "FEDIRP2": " ",
        "NAME2": " ",
        "FETYPE2": " ",
        "FEDIRS2": " ",
        "FEDIRP3": " ",
        "NAME3": " ",
        "FETYPE3": " ",
        "FEDIRS3": " ",
        "FMCDL": 56640,
        "FMCDR": 56640,
        "COUNTYL": 75,
        "COUNTYR": 75,
        "NFC": 7,
        "RU_L": 1,
        "RU_R": 1,
        "PR": 1843711,
        "BMP": 0,
        "EMP": 0.344,
        "BPT": "38012369",
        "EPT": "38012523",
        "LRS_LINK": "18437113801236938012523",
        "LENGTH": 552.90719995,
        "VER": "17a",
        "Shape.STLength()": 552.9072083245892,
        "ADJ_CNTY": 0,
        "LEGALSYSTEM": 3,
        "PAVENTRA_SEGMENT_ID": "NAP-369-18437113801236938012523"
      }
    },
    {
      "type": "Feature",
      "id": 724293,
      "geometry": {
        "type": "LineString",
        "coordinates": [
          [
            -84.24853176438246,
            42.1672889317198
          ],
          [
            -84.2485350223283,
            42.16795833983261
          ],
          [
            -84.24852721782412,
            42.16803189866821
          ],
          [
            -84.24849089434319,
            42.16810359175126
          ]
        ]
      },
      "properties": {
        "OBJECTID": 724293,
        "FCC": "A32",
        "RDNAME": "West Ave",
        "FRADDL": 270,
        "TOADDL": 280,
        "FRADDR": 245,
        "TOADDR": 263,
        "ZIPL": 49201,
        "ZIPR": 49201,
        "FEDIRP": " ",
        "NAME": "West",
        "FETYPE": "Ave",
        "FEDIRS": " ",
        "FEDIRP2": " ",
        "NAME2": " ",
        "FETYPE2": " ",
        "FEDIRS2": " ",
        "FEDIRP3": " ",
        "NAME3": " ",
        "FETYPE3": " ",
        "FEDIRS3": " ",
        "FMCDL": 56640,
        "FMCDR": 56640,
        "COUNTYL": 75,
        "COUNTYR": 75,
        "NFC": 7,
        "RU_L": 1,
        "RU_R": 1,
        "PR": 901207,
        "BMP": 0.37,
        "EMP": 0.427,
        "BPT": "38012535",
        "EPT": "38012508",
        "LRS_LINK": " 9012073801253538012508",
        "LENGTH": 91.02597966,
        "VER": "17a",
        "Shape.STLength()": 91.02597993141288,
        "ADJ_CNTY": 0,
        "LEGALSYSTEM": 3,
        "PAVENTRA_SEGMENT_ID": "NAP-370-9012073801253538012508"
      }
    },
    {
      "type": "Feature",
      "id": 724307,
      "geometry": {
        "type": "LineString",
        "coordinates": [
          [
            -84.24853176438246,
            42.1672889317198
          ],
          [
            -84.25174326568695,
            42.167299991333834
          ],
          [
            -84.25181746383711,
            42.167295200329264
          ],
          [
            -84.25187182339391,
            42.16728414044854
          ],
          [
            -84.25195580095232,
            42.167267142504016
          ]
        ]
      },
      "properties": {
        "OBJECTID": 724307,
        "FCC": "A32",
        "RDNAME": "North Street Ct",
        "FRADDL": 101,
        "TOADDL": 149,
        "FRADDR": 101,
        "TOADDR": 148,
        "ZIPL": 49201,
        "ZIPR": 49201,
        "FEDIRP": " ",
        "NAME": "North Street",
        "FETYPE": "Ct",
        "FEDIRS": " ",
        "FEDIRP2": " ",
        "NAME2": "Vet",
        "FETYPE2": "Ave",
        "FEDIRS2": " ",
        "FEDIRP3": " ",
        "NAME3": " ",
        "FETYPE3": " ",
        "FEDIRS3": " ",
        "FMCDL": 56640,
        "FMCDR": 56640,
        "COUNTYL": 75,
        "COUNTYR": 75,
        "NFC": 7,
        "RU_L": 1,
        "RU_R": 1,
        "PR": 916113,
        "BMP": 0,
        "EMP": 0.176,
        "BPT": "38012535",
        "EPT": "38012538",
        "LRS_LINK": " 9161133801253538012538",
        "LENGTH": 283.26962052,
        "VER": "17a",
        "Shape.STLength()": 283.2696042166881,
        "ADJ_CNTY": 0,
        "LEGALSYSTEM": 3,
        "PAVENTRA_SEGMENT_ID": "NAP-371-9161133801253538012538"
      }
    },
    {
      "type": "Feature",
      "id": 724308,
      "geometry": {
        "type": "LineString",
        "coordinates": [
          [
            -84.25195580095232,
            42.167267142504016
          ],
          [
            -84.25198058170676,
            42.168914129868774
          ]
        ]
      },
      "properties": {
        "OBJECTID": 724308,
        "FCC": "A32",
        "RDNAME": "Plymouth St",
        "FRADDL": 200,
        "TOADDL": 298,
        "FRADDR": 201,
        "TOADDR": 299,
        "ZIPL": 49201,
        "ZIPR": 49201,
        "FEDIRP": " ",
        "NAME": "Plymouth",
        "FETYPE": "St",
        "FEDIRS": " ",
        "FEDIRP2": " ",
        "NAME2": " ",
        "FETYPE2": " ",
        "FEDIRS2": " ",
        "FEDIRP3": " ",
        "NAME3": " ",
        "FETYPE3": " ",
        "FEDIRS3": " ",
        "FMCDL": 56640,
        "FMCDR": 56640,
        "COUNTYL": 75,
        "COUNTYR": 75,
        "NFC": 7,
        "RU_L": 1,
        "RU_R": 1,
        "PR": 901204,
        "BMP": 0.264,
        "EMP": 0.378,
        "BPT": "38012538",
        "EPT": "38012478",
        "LRS_LINK": " 9012043801253838012478",
        "LENGTH": 182.88000002,
        "VER": "17a",
        "Shape.STLength()": 182.87998701872766,
        "ADJ_CNTY": 0,
        "LEGALSYSTEM": 3,
        "PAVENTRA_SEGMENT_ID": "NAP-372-9012043801253838012478"
      }
    },
    {
      "type": "Feature",
      "id": 724316,
      "geometry": {
        "type": "LineString",
        "coordinates": [
          [
            -84.25195580095232,
            42.167267142504016
          ],
          [
            -84.25329847710185,
            42.16727162807653
          ],
          [
            -84.25337142882438,
            42.16727205489737
          ]
        ]
      },
      "properties": {
        "OBJECTID": 724316,
        "FCC": "A32",
        "RDNAME": "North Street Ct",
        "FRADDL": 151,
        "TOADDL": 161,
        "FRADDR": 152,
        "TOADDR": 160,
        "ZIPL": 49201,
        "ZIPR": 49201,
        "FEDIRP": " ",
        "NAME": "North Street",
        "FETYPE": "Ct",
        "FEDIRS": " ",
        "FEDIRP2": " ",
        "NAME2": "Vet",
        "FETYPE2": "Ave",
        "FEDIRS2": " ",
        "FEDIRP3": " ",
        "NAME3": " ",
        "FETYPE3": " ",
        "FEDIRS3": " ",
        "FMCDL": 56640,
        "FMCDR": 56640,
        "COUNTYL": 75,
        "COUNTYR": 75,
        "NFC": 7,
        "RU_L": 1,
        "RU_R": 1,
        "PR": 916113,
        "BMP": 0.176,
        "EMP": 0.249,
        "BPT": "38012538",
        "EPT": "38012539",
        "LRS_LINK": " 9161133801253838012539",
        "LENGTH": 116.93277944,
        "VER": "17a",
        "Shape.STLength()": 116.93272295107097,
        "ADJ_CNTY": 0,
        "LEGALSYSTEM": 3,
        "PAVENTRA_SEGMENT_ID": "NAP-373-9161133801253838012539"
      }
    },
    {
      "type": "Feature",
      "id": 724545,
      "geometry": {
        "type": "LineString",
        "coordinates": [
          [
            -84.27013616096578,
            42.16763212399211
          ],
          [
            -84.26998813151181,
            42.16750261639204
          ],
          [
            -84.26986578101892,
            42.167323465465486
          ],
          [
            -84.26986472377145,
            42.16691158729611
          ],
          [
            -84.26986993270935,
            42.16683539622453
          ],
          [
            -84.26992786536722,
            42.16675352176326
          ],
          [
            -84.27003177837923,
            42.16671056573213
          ],
          [
            -84.27015654337868,
            42.16668703692082
          ],
          [
            -84.27037470094318,
            42.16669042816583
          ],
          [
            -84.27063039086512,
            42.166728040466964
          ],
          [
            -84.2708132360348,
            42.1667704675229
          ],
          [
            -84.27098628410289,
            42.166857012768666
          ],
          [
            -84.27143373408224,
            42.167172568730656
          ],
          [
            -84.27174470447312,
            42.167424282354844
          ],
          [
            -84.27186505869649,
            42.16757016652786
          ],
          [
            -84.27195546224462,
            42.167797879535485
          ],
          [
            -84.27208329302846,
            42.16817018944749
          ],
          [
            -84.2721849233091,
            42.16849065819652
          ],
          [
            -84.27230239574472,
            42.16873936446459
          ],
          [
            -84.27240679589448,
            42.169001489173496
          ],
          [
            -84.27251862752829,
            42.16928656982926
          ],
          [
            -84.2725572986263,
            42.169433618176676
          ],
          [
            -84.27265280193535,
            42.169557460394984
          ]
        ]
      },
      "properties": {
        "OBJECTID": 724545,
        "FCC": "A41",
        "RDNAME": "Gillis Dr",
        "FRADDL": 0,
        "TOADDL": 0,
        "FRADDR": 0,
        "TOADDR": 0,
        "ZIPL": 49201,
        "ZIPR": 49201,
        "FEDIRP": " ",
        "NAME": "Gillis",
        "FETYPE": "Dr",
        "FEDIRS": " ",
        "FEDIRP2": " ",
        "NAME2": " ",
        "FETYPE2": " ",
        "FEDIRS2": " ",
        "FEDIRP3": " ",
        "NAME3": " ",
        "FETYPE3": " ",
        "FEDIRS3": " ",
        "FMCDL": 56640,
        "FMCDR": 56640,
        "COUNTYL": 75,
        "COUNTYR": 75,
        "NFC": 0,
        "RU_L": 1,
        "RU_R": 1,
        "PR": 1843711,
        "BMP": 0.344,
        "EMP": 0.677,
        "BPT": "38012523",
        "EPT": "38021761",
        "LRS_LINK": "18437113801252338021761",
        "LENGTH": 537.2777887,
        "VER": "17a",
        "Shape.STLength()": 537.2777297208863,
        "ADJ_CNTY": 0,
        "LEGALSYSTEM": 0,
        "PAVENTRA_SEGMENT_ID": "NAP-374-18437113801252338021761"
      }
    },
    {
      "type": "Feature",
      "id": 727288,
      "geometry": {
        "type": "LineString",
        "coordinates": [
          [
            -84.25265772934335,
            42.15401439459992
          ],
          [
            -84.25261310895007,
            42.15500094375844
          ]
        ]
      },
      "properties": {
        "OBJECTID": 727288,
        "FCC": "A41",
        "RDNAME": "Joyln Dr",
        "FRADDL": 7050,
        "TOADDL": 7040,
        "FRADDR": 7051,
        "TOADDR": 7043,
        "ZIPL": 49201,
        "ZIPR": 49201,
        "FEDIRP": " ",
        "NAME": "Joyln",
        "FETYPE": "Dr",
        "FEDIRS": " ",
        "FEDIRP2": " ",
        "NAME2": " ",
        "FETYPE2": " ",
        "FEDIRS2": " ",
        "FEDIRP3": " ",
        "NAME3": " ",
        "FETYPE3": " ",
        "FEDIRS3": " ",
        "FMCDL": 56640,
        "FMCDR": 56640,
        "COUNTYL": 75,
        "COUNTYR": 75,
        "NFC": 0,
        "RU_L": 1,
        "RU_R": 1,
        "PR": 3381362,
        "BMP": 0,
        "EMP": 0.068,
        "BPT": "38020097",
        "EPT": "38020101",
        "LRS_LINK": "33813623802009738020101",
        "LENGTH": 109.60040807,
        "VER": "17a",
        "Shape.STLength()": 109.60042040247838,
        "ADJ_CNTY": 0,
        "LEGALSYSTEM": 0,
        "PAVENTRA_SEGMENT_ID": "NAP-375-33813623802009738020101"
      }
    },
    {
      "type": "Feature",
      "id": 727289,
      "geometry": {
        "type": "LineString",
        "coordinates": [
          [
            -84.25265772934335,
            42.15401439459992
          ],
          [
            -84.25446435945238,
            42.15406361373576
          ],
          [
            -84.25472421260098,
            42.15407281617354
          ],
          [
            -84.25483430278643,
            42.15407838843383
          ],
          [
            -84.25494119703815,
            42.154092929703296
          ],
          [
            -84.25507753429562,
            42.15412706464708
          ],
          [
            -84.25519016033319,
            42.15416472108695
          ],
          [
            -84.25535193852325,
            42.15423354065281
          ],
          [
            -84.25572676417988,
            42.15439213456733
          ],
          [
            -84.2559755752179,
            42.154499057363694
          ],
          [
            -84.2561109747504,
            42.15456850918064
          ],
          [
            -84.25623418280375,
            42.1546450711118
          ],
          [
            -84.25636353822858,
            42.15473551931679
          ]
        ]
      },
      "properties": {
        "OBJECTID": 727289,
        "FCC": "A41",
        "RDNAME": "Jordan Dr",
        "FRADDL": 8051,
        "TOADDL": 8213,
        "FRADDR": 8050,
        "TOADDR": 8212,
        "ZIPL": 49201,
        "ZIPR": 49201,
        "FEDIRP": " ",
        "NAME": "Jordan",
        "FETYPE": "Dr",
        "FEDIRS": " ",
        "FEDIRP2": " ",
        "NAME2": " ",
        "FETYPE2": " ",
        "FEDIRS2": " ",
        "FEDIRP3": " ",
        "NAME3": " ",
        "FETYPE3": " ",
        "FEDIRS3": " ",
        "FMCDL": 56640,
        "FMCDR": 56640,
        "COUNTYL": 75,
        "COUNTYR": 75,
        "NFC": 0,
        "RU_L": 1,
        "RU_R": 1,
        "PR": 3381365,
        "BMP": 0.227,
        "EMP": 0.43,
        "BPT": "38020097",
        "EPT": "38020105",
        "LRS_LINK": "33813653802009738020105",
        "LENGTH": 327.30269526,
        "VER": "17a",
        "Shape.STLength()": 327.30269253398535,
        "ADJ_CNTY": 0,
        "LEGALSYSTEM": 0,
        "PAVENTRA_SEGMENT_ID": "NAP-376-33813653802009738020105"
      }
    },
    {
      "type": "Feature",
      "id": 727352,
      "geometry": {
        "type": "LineString",
        "coordinates": [
          [
            -84.24839578369806,
            42.15909829373237
          ],
          [
            -84.24837136276764,
            42.156900579074225
          ],
          [
            -84.24835130882482,
            42.15578432384766
          ],
          [
            -84.24833755755395,
            42.15461320171091
          ],
          [
            -84.24832387548349,
            42.153647320574805
          ]
        ]
      },
      "properties": {
        "OBJECTID": 727352,
        "FCC": "A21",
        "RDNAME": "Brooklyn Rd",
        "FRADDL": 7069,
        "TOADDL": 7259,
        "FRADDR": 7068,
        "TOADDR": 7258,
        "ZIPL": 49201,
        "ZIPR": 49201,
        "FEDIRP": " ",
        "NAME": "Brooklyn",
        "FETYPE": "Rd",
        "FEDIRS": " ",
        "FEDIRP2": " ",
        "NAME2": "M 50",
        "FETYPE2": " ",
        "FEDIRS2": " ",
        "FEDIRP3": " ",
        "NAME3": " ",
        "FETYPE3": " ",
        "FEDIRS3": " ",
        "FMCDL": 56640,
        "FMCDR": 56640,
        "COUNTYL": 75,
        "COUNTYR": 75,
        "NFC": 4,
        "RU_L": 1,
        "RU_R": 1,
        "PR": 899310,
        "BMP": 8.805,
        "EMP": 9.181,
        "BPT": "38012897",
        "EPT": "38020102",
        "LRS_LINK": " 8993103801289738020102",
        "LENGTH": 605.26230949,
        "VER": "17a",
        "Shape.STLength()": 605.262313331322,
        "ADJ_CNTY": 0,
        "LEGALSYSTEM": 1,
        "PAVENTRA_SEGMENT_ID": "NAP-377-8993103801289738020102"
      }
    },
    {
      "type": "Feature",
      "id": 727356,
      "geometry": {
        "type": "LineString",
        "coordinates": [
          [
            -84.24832387548349,
            42.153647320574805
          ],
          [
            -84.24882817946981,
            42.153638192318425
          ],
          [
            -84.24894544112526,
            42.153647448634096
          ],
          [
            -84.24905643498826,
            42.15366698123385
          ],
          [
            -84.2491709050546,
            42.15370435467046
          ],
          [
            -84.24936765363765,
            42.153790452615006
          ],
          [
            -84.24947437075535,
            42.15382029254405
          ],
          [
            -84.24960929980331,
            42.15383871919941
          ],
          [
            -84.24974460767646,
            42.15384381196207
          ],
          [
            -84.25084011011805,
            42.15384621428015
          ],
          [
            -84.2510150701858,
            42.153857857221816
          ],
          [
            -84.25116627102406,
            42.15388118881799
          ],
          [
            -84.25156203812888,
            42.15395686521526
          ],
          [
            -84.25168485357607,
            42.153981027542244
          ],
          [
            -84.25181995176153,
            42.15399352488992
          ],
          [
            -84.25197517033435,
            42.15399892778914
          ],
          [
            -84.25265772934335,
            42.15401439459992
          ]
        ]
      },
      "properties": {
        "OBJECTID": 727356,
        "FCC": "A41",
        "RDNAME": "Jordan Dr",
        "FRADDL": 8001,
        "TOADDL": 8049,
        "FRADDR": 8000,
        "TOADDR": 8048,
        "ZIPL": 49201,
        "ZIPR": 49201,
        "FEDIRP": " ",
        "NAME": "Jordan",
        "FETYPE": "Dr",
        "FEDIRS": " ",
        "FEDIRP2": " ",
        "NAME2": " ",
        "FETYPE2": " ",
        "FEDIRS2": " ",
        "FEDIRP3": " ",
        "NAME3": " ",
        "FETYPE3": " ",
        "FEDIRS3": " ",
        "FMCDL": 56640,
        "FMCDR": 56640,
        "COUNTYL": 75,
        "COUNTYR": 75,
        "NFC": 0,
        "RU_L": 1,
        "RU_R": 1,
        "PR": 3381365,
        "BMP": 0,
        "EMP": 0.227,
        "BPT": "38020102",
        "EPT": "38020097",
        "LRS_LINK": "33813653802010238020097",
        "LENGTH": 364.50980126,
        "VER": "17a",
        "Shape.STLength()": 364.50980399868376,
        "ADJ_CNTY": 0,
        "LEGALSYSTEM": 0,
        "PAVENTRA_SEGMENT_ID": "NAP-378-33813653802010238020097"
      }
    },
    {
      "type": "Feature",
      "id": 727368,
      "geometry": {
        "type": "LineString",
        "coordinates": [
          [
            -84.30663498077318,
            42.15446583372645
          ],
          [
            -84.3065837932629,
            42.1597200090501
          ],
          [
            -84.30650119420169,
            42.16009731484062
          ],
          [
            -84.30639652984806,
            42.160379192897175
          ]
        ]
      },
      "properties": {
        "OBJECTID": 727368,
        "FCC": "A32",
        "RDNAME": "Benton Rd",
        "FRADDL": 7416,
        "TOADDL": 7000,
        "FRADDR": 7449,
        "TOADDR": 7057,
        "ZIPL": 49201,
        "ZIPR": 49201,
        "FEDIRP": " ",
        "NAME": "Benton",
        "FETYPE": "Rd",
        "FEDIRS": " ",
        "FEDIRP2": " ",
        "NAME2": " ",
        "FETYPE2": " ",
        "FEDIRS2": " ",
        "FEDIRP3": " ",
        "NAME3": " ",
        "FETYPE3": " ",
        "FEDIRS3": " ",
        "FMCDL": 56640,
        "FMCDR": 56640,
        "COUNTYL": 75,
        "COUNTYR": 75,
        "NFC": 7,
        "RU_L": 1,
        "RU_R": 1,
        "PR": 901108,
        "BMP": 0.571,
        "EMP": 0.98,
        "BPT": "38013126",
        "EPT": "38012870",
        "LRS_LINK": " 9011083801312638012870",
        "LENGTH": 658.3117666,
        "VER": "17a",
        "Shape.STLength()": 658.3117048966533,
        "ADJ_CNTY": 0,
        "LEGALSYSTEM": 3,
        "PAVENTRA_SEGMENT_ID": "NAP-379-9011083801312638012870"
      }
    },
    {
      "type": "Feature",
      "id": 727474,
      "geometry": {
        "type": "LineString",
        "coordinates": [
          [
            -84.2467271922147,
            42.152928024661456
          ],
          [
            -84.24599261245919,
            42.1536789733358
          ],
          [
            -84.24586618308099,
            42.15389358247667
          ],
          [
            -84.24575357206132,
            42.154273259298876
          ],
          [
            -84.2457182943265,
            42.154439323418096
          ],
          [
            -84.24535218318698,
            42.156457701410865
          ],
          [
            -84.24505242458181,
            42.15829830028086
          ]
        ]
      },
      "properties": {
        "OBJECTID": 727474,
        "FCC": "A32",
        "RDNAME": "Chicago St",
        "FRADDL": 7458,
        "TOADDL": 7348,
        "FRADDR": 7465,
        "TOADDR": 7349,
        "ZIPL": 49201,
        "ZIPR": 49201,
        "FEDIRP": " ",
        "NAME": "Chicago",
        "FETYPE": "St",
        "FEDIRS": " ",
        "FEDIRP2": " ",
        "NAME2": "Chicago",
        "FETYPE2": "Rd",
        "FEDIRS2": " ",
        "FEDIRP3": " ",
        "NAME3": " ",
        "FETYPE3": " ",
        "FEDIRS3": " ",
        "FMCDL": 56640,
        "FMCDR": 56640,
        "COUNTYL": 75,
        "COUNTYR": 75,
        "NFC": 7,
        "RU_L": 1,
        "RU_R": 1,
        "PR": 901210,
        "BMP": 0.136,
        "EMP": 0.523,
        "BPT": "38013152",
        "EPT": "38012942",
        "LRS_LINK": " 9012103801315238012942",
        "LENGTH": 622.97957672,
        "VER": "17a",
        "Shape.STLength()": 622.9796197768812,
        "ADJ_CNTY": 0,
        "LEGALSYSTEM": 3,
        "PAVENTRA_SEGMENT_ID": "NAP-380-9012103801315238012942"
      }
    },
    {
      "type": "Feature",
      "id": 727475,
      "geometry": {
        "type": "LineString",
        "coordinates": [
          [
            -84.26790462786258,
            42.153257774008694
          ],
          [
            -84.26302442741363,
            42.156041001270225
          ]
        ]
      },
      "properties": {
        "OBJECTID": 727475,
        "FCC": "A31",
        "RDNAME": "S Stony Lake Rd",
        "FRADDL": 8098,
        "TOADDL": 8376,
        "FRADDR": 8099,
        "TOADDR": 8377,
        "ZIPL": 49201,
        "ZIPR": 49201,
        "FEDIRP": "S",
        "NAME": "Stony Lake",
        "FETYPE": "Rd",
        "FEDIRS": " ",
        "FEDIRP2": " ",
        "NAME2": " ",
        "FETYPE2": " ",
        "FEDIRS2": " ",
        "FEDIRP3": "S",
        "NAME3": "Stoney Lake",
        "FETYPE3": "Rd",
        "FEDIRS3": " ",
        "FMCDL": 56640,
        "FMCDR": 56640,
        "COUNTYL": 75,
        "COUNTYR": 75,
        "NFC": 6,
        "RU_L": 1,
        "RU_R": 1,
        "PR": 918203,
        "BMP": 2.624,
        "EMP": 2.94,
        "BPT": "38013147",
        "EPT": "38013045",
        "LRS_LINK": " 9182033801314738013045",
        "LENGTH": 507.99322134,
        "VER": "17a",
        "Shape.STLength()": 507.9932266901302,
        "ADJ_CNTY": 0,
        "LEGALSYSTEM": 2,
        "PAVENTRA_SEGMENT_ID": "NAP-381-9182033801314738013045"
      }
    },
    {
      "type": "Feature",
      "id": 727701,
      "geometry": {
        "type": "LineString",
        "coordinates": [
          [
            -84.22054411544158,
            42.155568063577604
          ],
          [
            -84.22006828710802,
            42.15526241741652
          ],
          [
            -84.21715516478581,
            42.15338449096429
          ],
          [
            -84.21697044607252,
            42.153277930836396
          ],
          [
            -84.21672127599106,
            42.153160700906085
          ],
          [
            -84.21645867474336,
            42.15306012101812
          ],
          [
            -84.2151774425435,
            42.15269023509719
          ],
          [
            -84.21057251771691,
            42.15142277594231
          ]
        ]
      },
      "properties": {
        "OBJECTID": 727701,
        "FCC": "A31",
        "RDNAME": "Austin Rd",
        "FRADDL": 10700,
        "TOADDL": 10998,
        "FRADDR": 10525,
        "TOADDR": 10789,
        "ZIPL": 49230,
        "ZIPR": 49230,
        "FEDIRP": " ",
        "NAME": "Austin",
        "FETYPE": "Rd",
        "FEDIRS": " ",
        "FEDIRP2": " ",
        "NAME2": " ",
        "FETYPE2": " ",
        "FEDIRS2": " ",
        "FEDIRP3": " ",
        "NAME3": " ",
        "FETYPE3": " ",
        "FEDIRS3": " ",
        "FMCDL": 56640,
        "FMCDR": 56640,
        "COUNTYL": 75,
        "COUNTYR": 75,
        "NFC": 5,
        "RU_L": 1,
        "RU_R": 1,
        "PR": 901205,
        "BMP": 1.523,
        "EMP": 2.118,
        "BPT": "38013036",
        "EPT": "38013175",
        "LRS_LINK": " 9012053801303638013175",
        "LENGTH": 957.62940267,
        "VER": "17a",
        "Shape.STLength()": 957.6293815377287,
        "ADJ_CNTY": 0,
        "LEGALSYSTEM": 2,
        "PAVENTRA_SEGMENT_ID": "NAP-382-9012053801303638013175"
      }
    },
    {
      "type": "Feature",
      "id": 727744,
      "geometry": {
        "type": "LineString",
        "coordinates": [
          [
            -84.22046363414498,
            42.151363341138754
          ],
          [
            -84.22052071580363,
            42.15469878837517
          ]
        ]
      },
      "properties": {
        "OBJECTID": 727744,
        "FCC": "A32",
        "RDNAME": "Wolf Lake Rd",
        "FRADDL": 0,
        "TOADDL": 0,
        "FRADDR": 7641,
        "TOADDR": 7607,
        "ZIPL": 49201,
        "ZIPR": 49201,
        "FEDIRP": " ",
        "NAME": "Wolf Lake",
        "FETYPE": "Rd",
        "FEDIRS": " ",
        "FEDIRP2": " ",
        "NAME2": " ",
        "FETYPE2": " ",
        "FEDIRS2": " ",
        "FEDIRP3": " ",
        "NAME3": " ",
        "FETYPE3": " ",
        "FEDIRS3": " ",
        "FMCDL": 56640,
        "FMCDR": 56640,
        "COUNTYL": 75,
        "COUNTYR": 75,
        "NFC": 7,
        "RU_L": 1,
        "RU_R": 1,
        "PR": 918109,
        "BMP": 2.546,
        "EMP": 2.777,
        "BPT": "38013189",
        "EPT": "38013079",
        "LRS_LINK": " 9181093801318938013079",
        "LENGTH": 370.37083851,
        "VER": "17a",
        "Shape.STLength()": 370.3708950058036,
        "ADJ_CNTY": 0,
        "LEGALSYSTEM": 3,
        "PAVENTRA_SEGMENT_ID": "NAP-383-9181093801318938013079"
      }
    },
    {
      "type": "Feature",
      "id": 727745,
      "geometry": {
        "type": "LineString",
        "coordinates": [
          [
            -84.2467271922147,
            42.152928024661456
          ],
          [
            -84.24655603128194,
            42.15290755355692
          ],
          [
            -84.24639087897349,
            42.15289205674516
          ],
          [
            -84.24479059036213,
            42.1528873120184
          ],
          [
            -84.23867737474885,
            42.15299414292801
          ],
          [
            -84.23535302323837,
            42.15305210108867
          ],
          [
            -84.23390574296845,
            42.15306888841186
          ],
          [
            -84.23167494581637,
            42.15305082440035
          ],
          [
            -84.22550161954092,
            42.15303398888579
          ],
          [
            -84.22518731193264,
            42.153002912712125
          ],
          [
            -84.22468914985629,
            42.152912819027776
          ],
          [
            -84.223317269113,
            42.152629812009906
          ],
          [
            -84.22263137560307,
            42.15248683598574
          ],
          [
            -84.22232701292775,
            42.1523763539103
          ],
          [
            -84.22206299167088,
            42.152234241373286
          ],
          [
            -84.2216958347192,
            42.15203753528783
          ],
          [
            -84.22046363414498,
            42.151363341138754
          ]
        ]
      },
      "properties": {
        "OBJECTID": 727745,
        "FCC": "A32",
        "RDNAME": "Hastings Rd",
        "FRADDL": 9200,
        "TOADDL": 10198,
        "FRADDR": 9201,
        "TOADDR": 10199,
        "ZIPL": 49201,
        "ZIPR": 49201,
        "FEDIRP": " ",
        "NAME": "Hastings",
        "FETYPE": "Rd",
        "FEDIRS": " ",
        "FEDIRP2": " ",
        "NAME2": " ",
        "FETYPE2": " ",
        "FEDIRS2": " ",
        "FEDIRP3": " ",
        "NAME3": " ",
        "FETYPE3": " ",
        "FEDIRS3": " ",
        "FMCDL": 56640,
        "FMCDR": 56640,
        "COUNTYL": 75,
        "COUNTYR": 75,
        "NFC": 7,
        "RU_L": 1,
        "RU_R": 1,
        "PR": 915310,
        "BMP": 0,
        "EMP": 1.378,
        "BPT": "38013152",
        "EPT": "38013189",
        "LRS_LINK": " 9153103801315238013189",
        "LENGTH": 2217.83340207,
        "VER": "17a",
        "Shape.STLength()": 2217.833407987194,
        "ADJ_CNTY": 0,
        "LEGALSYSTEM": 3,
        "PAVENTRA_SEGMENT_ID": "NAP-384-9153103801315238013189"
      }
    },
    {
      "type": "Feature",
      "id": 727844,
      "geometry": {
        "type": "LineString",
        "coordinates": [
          [
            -84.24829118124691,
            42.15133916695516
          ],
          [
            -84.24824205443367,
            42.15139866104563
          ],
          [
            -84.2467271922147,
            42.152928024661456
          ]
        ]
      },
      "properties": {
        "OBJECTID": 727844,
        "FCC": "A32",
        "RDNAME": "Chicago St",
        "FRADDL": 7499,
        "TOADDL": 7467,
        "FRADDR": 7478,
        "TOADDR": 7460,
        "ZIPL": 49201,
        "ZIPR": 49201,
        "FEDIRP": " ",
        "NAME": "Chicago",
        "FETYPE": "St",
        "FEDIRS": " ",
        "FEDIRP2": " ",
        "NAME2": "Chicago",
        "FETYPE2": "Rd",
        "FEDIRS2": " ",
        "FEDIRP3": " ",
        "NAME3": " ",
        "FETYPE3": " ",
        "FEDIRS3": " ",
        "FMCDL": 56640,
        "FMCDR": 56640,
        "COUNTYL": 75,
        "COUNTYR": 75,
        "NFC": 7,
        "RU_L": 1,
        "RU_R": 1,
        "PR": 901210,
        "BMP": 0,
        "EMP": 0.136,
        "BPT": "38013200",
        "EPT": "38013152",
        "LRS_LINK": " 9012103801320038013152",
        "LENGTH": 218.70161901,
        "VER": "17a",
        "Shape.STLength()": 218.70165041111508,
        "ADJ_CNTY": 0,
        "LEGALSYSTEM": 3,
        "PAVENTRA_SEGMENT_ID": "NAP-385-9012103801320038013152"
      }
    },
    {
      "type": "Feature",
      "id": 727845,
      "geometry": {
        "type": "LineString",
        "coordinates": [
          [
            -84.24832387548349,
            42.153647320574805
          ],
          [
            -84.24829118124691,
            42.15133916695516
          ]
        ]
      },
      "properties": {
        "OBJECTID": 727845,
        "FCC": "A21",
        "RDNAME": "Brooklyn Rd",
        "FRADDL": 7261,
        "TOADDL": 7541,
        "FRADDR": 7260,
        "TOADDR": 7540,
        "ZIPL": 49201,
        "ZIPR": 49201,
        "FEDIRP": " ",
        "NAME": "Brooklyn",
        "FETYPE": "Rd",
        "FEDIRS": " ",
        "FEDIRP2": " ",
        "NAME2": "M 50",
        "FETYPE2": " ",
        "FEDIRS2": " ",
        "FEDIRP3": " ",
        "NAME3": " ",
        "FETYPE3": " ",
        "FEDIRS3": " ",
        "FMCDL": 56640,
        "FMCDR": 56640,
        "COUNTYL": 75,
        "COUNTYR": 75,
        "NFC": 4,
        "RU_L": 1,
        "RU_R": 1,
        "PR": 899310,
        "BMP": 9.181,
        "EMP": 9.34,
        "BPT": "38020102",
        "EPT": "38013200",
        "LRS_LINK": " 8993103802010238013200",
        "LENGTH": 256.29273631,
        "VER": "17a",
        "Shape.STLength()": 256.2927759906041,
        "ADJ_CNTY": 0,
        "LEGALSYSTEM": 1,
        "PAVENTRA_SEGMENT_ID": "NAP-386-8993103802010238013200"
      }
    },
    {
      "type": "Feature",
      "id": 728282,
      "geometry": {
        "type": "LineString",
        "coordinates": [
          [
            -84.24829118124691,
            42.15133916695516
          ],
          [
            -84.24827495440924,
            42.14923593806339
          ]
        ]
      },
      "properties": {
        "OBJECTID": 728282,
        "FCC": "A21",
        "RDNAME": "Brooklyn Rd",
        "FRADDL": 0,
        "TOADDL": 0,
        "FRADDR": 0,
        "TOADDR": 0,
        "ZIPL": 49201,
        "ZIPR": 49201,
        "FEDIRP": " ",
        "NAME": "Brooklyn",
        "FETYPE": "Rd",
        "FEDIRS": " ",
        "FEDIRP2": " ",
        "NAME2": "M 50",
        "FETYPE2": " ",
        "FEDIRS2": " ",
        "FEDIRP3": " ",
        "NAME3": " ",
        "FETYPE3": " ",
        "FEDIRS3": " ",
        "FMCDL": 56640,
        "FMCDR": 56640,
        "COUNTYL": 75,
        "COUNTYR": 75,
        "NFC": 4,
        "RU_L": 1,
        "RU_R": 1,
        "PR": 899310,
        "BMP": 9.34,
        "EMP": 9.485,
        "BPT": "38013200",
        "EPT": "38020333",
        "LRS_LINK": " 8993103801320038020333",
        "LENGTH": 233.5292023,
        "VER": "17a",
        "Shape.STLength()": 233.5291310627006,
        "ADJ_CNTY": 0,
        "LEGALSYSTEM": 1,
        "PAVENTRA_SEGMENT_ID": "NAP-387-8993103801320038020333"
      }
    },
    {
      "type": "Feature",
      "id": 723388,
      "geometry": {
        "type": "LineString",
        "coordinates": [
          [
            -84.2211426025308,
            42.170273784589185
          ],
          [
            -84.2211255519475,
            42.171387155851775
          ],
          [
            -84.22099580775298,
            42.174959772873436
          ]
        ]
      },
      "properties": {
        "OBJECTID": 723388,
        "FCC": "A31",
        "RDNAME": "Wolf Lake Rd",
        "FRADDL": 6252,
        "TOADDL": 6000,
        "FRADDR": 6193,
        "TOADDR": 6001,
        "ZIPL": 49201,
        "ZIPR": 49201,
        "FEDIRP": " ",
        "NAME": "Wolf Lake",
        "FETYPE": "Rd",
        "FEDIRS": " ",
        "FEDIRP2": " ",
        "NAME2": " ",
        "FETYPE2": " ",
        "FEDIRS2": " ",
        "FEDIRP3": " ",
        "NAME3": " ",
        "FETYPE3": " ",
        "FEDIRS3": " ",
        "FMCDL": 56640,
        "FMCDR": 56640,
        "COUNTYL": 75,
        "COUNTYR": 75,
        "NFC": 5,
        "RU_L": 1,
        "RU_R": 1,
        "PR": 918109,
        "BMP": 3.854,
        "EMP": 4.177,
        "BPT": "38018246",
        "EPT": "38012231",
        "LRS_LINK": " 9181093801824638012231",
        "LENGTH": 520.44841137,
        "VER": "17a",
        "Shape.STLength()": 520.4484630010147,
        "ADJ_CNTY": 0,
        "LEGALSYSTEM": 2,
        "PAVENTRA_SEGMENT_ID": "NAP-388-9181093801824638012231"
      }
    },
    {
      "type": "Feature",
      "id": 723394,
      "geometry": {
        "type": "LineString",
        "coordinates": [
          [
            -84.2211426025308,
            42.170273784589185
          ],
          [
            -84.22227188537491,
            42.17031584469408
          ],
          [
            -84.22292670665124,
            42.170342026935344
          ],
          [
            -84.22345470094895,
            42.17036618232775
          ],
          [
            -84.22389814352682,
            42.17038898685409
          ],
          [
            -84.22432067520676,
            42.170403590954194
          ],
          [
            -84.2262284002722,
            42.17034102219441
          ]
        ]
      },
      "properties": {
        "OBJECTID": 723394,
        "FCC": "A32",
        "RDNAME": "Pauline Dr",
        "FRADDL": 10461,
        "TOADDL": 10411,
        "FRADDR": 10460,
        "TOADDR": 10410,
        "ZIPL": 49201,
        "ZIPR": 49201,
        "FEDIRP": " ",
        "NAME": "Pauline",
        "FETYPE": "Dr",
        "FEDIRS": " ",
        "FEDIRP2": " ",
        "NAME2": " ",
        "FETYPE2": " ",
        "FEDIRS2": " ",
        "FEDIRP3": " ",
        "NAME3": " ",
        "FETYPE3": " ",
        "FEDIRS3": " ",
        "FMCDL": 56640,
        "FMCDR": 56640,
        "COUNTYL": 75,
        "COUNTYR": 75,
        "NFC": 7,
        "RU_L": 1,
        "RU_R": 1,
        "PR": 3381049,
        "BMP": 0,
        "EMP": 0.261,
        "BPT": "38018246",
        "EPT": "38018248",
        "LRS_LINK": "33810493801824638018248",
        "LENGTH": 420.62399999,
        "VER": "17a",
        "Shape.STLength()": 420.6239467002794,
        "ADJ_CNTY": 0,
        "LEGALSYSTEM": 3,
        "PAVENTRA_SEGMENT_ID": "NAP-389-33810493801824638018248"
      }
    },
    {
      "type": "Feature",
      "id": 723423,
      "geometry": {
        "type": "LineString",
        "coordinates": [
          [
            -84.28444401262706,
            42.17113593337515
          ],
          [
            -84.2844401422672,
            42.17166194122697
          ]
        ]
      },
      "properties": {
        "OBJECTID": 723423,
        "FCC": "A32",
        "RDNAME": "Country View Blvd",
        "FRADDL": 7032,
        "TOADDL": 7030,
        "FRADDR": 7036,
        "TOADDR": 7034,
        "ZIPL": 49201,
        "ZIPR": 49201,
        "FEDIRP": " ",
        "NAME": "Country View",
        "FETYPE": "Blvd",
        "FEDIRS": " ",
        "FEDIRP2": " ",
        "NAME2": " ",
        "FETYPE2": " ",
        "FEDIRS2": " ",
        "FEDIRP3": " ",
        "NAME3": " ",
        "FETYPE3": " ",
        "FEDIRS3": " ",
        "FMCDL": 56640,
        "FMCDR": 56640,
        "COUNTYL": 75,
        "COUNTYR": 75,
        "NFC": 7,
        "RU_L": 1,
        "RU_R": 1,
        "PR": 1920908,
        "BMP": 0.018,
        "EMP": 0.054,
        "BPT": "38012409",
        "EPT": "38012395",
        "LRS_LINK": "19209083801240938012395",
        "LENGTH": 58.40469158,
        "VER": "17a",
        "Shape.STLength()": 58.40469372447731,
        "ADJ_CNTY": 0,
        "LEGALSYSTEM": 3,
        "PAVENTRA_SEGMENT_ID": "NAP-390-19209083801240938012395"
      }
    },
    {
      "type": "Feature",
      "id": 723431,
      "geometry": {
        "type": "LineString",
        "coordinates": [
          [
            -84.24128647260731,
            42.17039806264898
          ],
          [
            -84.24126882777561,
            42.17124381398656
          ]
        ]
      },
      "properties": {
        "OBJECTID": 723431,
        "FCC": "A32",
        "RDNAME": "Thru Roamin Dr",
        "FRADDL": 6062,
        "TOADDL": 6050,
        "FRADDR": 6061,
        "TOADDR": 6049,
        "ZIPL": 49201,
        "ZIPR": 49201,
        "FEDIRP": " ",
        "NAME": "Thru Roamin",
        "FETYPE": "Dr",
        "FEDIRS": " ",
        "FEDIRP2": " ",
        "NAME2": " ",
        "FETYPE2": " ",
        "FEDIRS2": " ",
        "FEDIRP3": " ",
        "NAME3": " ",
        "FETYPE3": " ",
        "FEDIRS3": " ",
        "FMCDL": 56640,
        "FMCDR": 56640,
        "COUNTYL": 75,
        "COUNTYR": 75,
        "NFC": 7,
        "RU_L": 1,
        "RU_R": 1,
        "PR": 916106,
        "BMP": 0.036,
        "EMP": 0.094,
        "BPT": "38012422",
        "EPT": "38012393",
        "LRS_LINK": " 9161063801242238012393",
        "LENGTH": 93.9169556,
        "VER": "17a",
        "Shape.STLength()": 93.91693296056894,
        "ADJ_CNTY": 0,
        "LEGALSYSTEM": 3,
        "PAVENTRA_SEGMENT_ID": "NAP-391-9161063801242238012393"
      }
    },
    {
      "type": "Feature",
      "id": 723433,
      "geometry": {
        "type": "LineString",
        "coordinates": [
          [
            -84.24128647260731,
            42.17039806264898
          ],
          [
            -84.24059609046441,
            42.17037824545496
          ]
        ]
      },
      "properties": {
        "OBJECTID": 723433,
        "FCC": "A32",
        "RDNAME": "Charmin Pl",
        "FRADDL": 9300,
        "TOADDL": 9398,
        "FRADDR": 9379,
        "TOADDR": 9399,
        "ZIPL": 49201,
        "ZIPR": 49201,
        "FEDIRP": " ",
        "NAME": "Charmin",
        "FETYPE": "Pl",
        "FEDIRS": " ",
        "FEDIRP2": " ",
        "NAME2": " ",
        "FETYPE2": " ",
        "FEDIRS2": " ",
        "FEDIRP3": " ",
        "NAME3": " ",
        "FETYPE3": " ",
        "FEDIRS3": " ",
        "FMCDL": 56640,
        "FMCDR": 56640,
        "COUNTYL": 75,
        "COUNTYR": 75,
        "NFC": 7,
        "RU_L": 1,
        "RU_R": 1,
        "PR": 915404,
        "BMP": 0.214,
        "EMP": 0.25,
        "BPT": "38012422",
        "EPT": "38012421",
        "LRS_LINK": " 9154043801242238012421",
        "LENGTH": 57.06544799,
        "VER": "17a",
        "Shape.STLength()": 57.065470808624724,
        "ADJ_CNTY": 0,
        "LEGALSYSTEM": 3,
        "PAVENTRA_SEGMENT_ID": "NAP-392-9154043801242238012421"
      }
    },
    {
      "type": "Feature",
      "id": 723435,
      "geometry": {
        "type": "LineString",
        "coordinates": [
          [
            -84.24266682610677,
            42.17040322354568
          ],
          [
            -84.24128647260731,
            42.17039806264898
          ]
        ]
      },
      "properties": {
        "OBJECTID": 723435,
        "FCC": "A32",
        "RDNAME": "Charmin Pl",
        "FRADDL": 9274,
        "TOADDL": 9298,
        "FRADDR": 9323,
        "TOADDR": 9377,
        "ZIPL": 49201,
        "ZIPR": 49201,
        "FEDIRP": " ",
        "NAME": "Charmin",
        "FETYPE": "Pl",
        "FEDIRS": " ",
        "FEDIRP2": " ",
        "NAME2": " ",
        "FETYPE2": " ",
        "FEDIRS2": " ",
        "FEDIRP3": " ",
        "NAME3": " ",
        "FETYPE3": " ",
        "FEDIRS3": " ",
        "FMCDL": 56640,
        "FMCDR": 56640,
        "COUNTYL": 75,
        "COUNTYR": 75,
        "NFC": 7,
        "RU_L": 1,
        "RU_R": 1,
        "PR": 915404,
        "BMP": 0.144,
        "EMP": 0.214,
        "BPT": "38012423",
        "EPT": "38012422",
        "LRS_LINK": " 9154043801242338012422",
        "LENGTH": 114.01352394,
        "VER": "17a",
        "Shape.STLength()": 114.01355666257413,
        "ADJ_CNTY": 0,
        "LEGALSYSTEM": 3,
        "PAVENTRA_SEGMENT_ID": "NAP-393-9154043801242338012422"
      }
    },
    {
      "type": "Feature",
      "id": 723436,
      "geometry": {
        "type": "LineString",
        "coordinates": [
          [
            -84.24266682610677,
            42.17040322354568
          ],
          [
            -84.24264298355331,
            42.17162112935377
          ]
        ]
      },
      "properties": {
        "OBJECTID": 723436,
        "FCC": "A32",
        "RDNAME": "Flagstone Dr",
        "FRADDL": 6998,
        "TOADDL": 6048,
        "FRADDR": 6999,
        "TOADDR": 6053,
        "ZIPL": 49201,
        "ZIPR": 49201,
        "FEDIRP": " ",
        "NAME": "Flagstone",
        "FETYPE": "Dr",
        "FEDIRS": " ",
        "FEDIRP2": " ",
        "NAME2": " ",
        "FETYPE2": " ",
        "FEDIRS2": " ",
        "FEDIRP3": " ",
        "NAME3": " ",
        "FETYPE3": " ",
        "FEDIRS3": " ",
        "FMCDL": 56640,
        "FMCDR": 56640,
        "COUNTYL": 75,
        "COUNTYR": 75,
        "NFC": 7,
        "RU_L": 1,
        "RU_R": 1,
        "PR": 916105,
        "BMP": 0,
        "EMP": 0.084,
        "BPT": "38012423",
        "EPT": "38012374",
        "LRS_LINK": " 9161053801242338012374",
        "LENGTH": 135.24111211,
        "VER": "17a",
        "Shape.STLength()": 135.24109401960635,
        "ADJ_CNTY": 0,
        "LEGALSYSTEM": 3,
        "PAVENTRA_SEGMENT_ID": "NAP-394-9161053801242338012374"
      }
    },
    {
      "type": "Feature",
      "id": 723444,
      "geometry": {
        "type": "LineString",
        "coordinates": [
          [
            -84.24546283100398,
            42.170424905157006
          ],
          [
            -84.24266682610677,
            42.17040322354568
          ]
        ]
      },
      "properties": {
        "OBJECTID": 723444,
        "FCC": "A32",
        "RDNAME": "Charmin Pl",
        "FRADDL": 9200,
        "TOADDL": 9278,
        "FRADDR": 9201,
        "TOADDR": 9285,
        "ZIPL": 49201,
        "ZIPR": 49201,
        "FEDIRP": " ",
        "NAME": "Charmin",
        "FETYPE": "Pl",
        "FEDIRS": " ",
        "FEDIRP2": " ",
        "NAME2": " ",
        "FETYPE2": " ",
        "FEDIRS2": " ",
        "FEDIRP3": " ",
        "NAME3": " ",
        "FETYPE3": " ",
        "FEDIRS3": " ",
        "FMCDL": 56640,
        "FMCDR": 56640,
        "COUNTYL": 75,
        "COUNTYR": 75,
        "NFC": 7,
        "RU_L": 1,
        "RU_R": 1,
        "PR": 915404,
        "BMP": 0,
        "EMP": 0.144,
        "BPT": "38012426",
        "EPT": "38012423",
        "LRS_LINK": " 9154043801242638012423",
        "LENGTH": 230.95222807,
        "VER": "17a",
        "Shape.STLength()": 230.9522082063733,
        "ADJ_CNTY": 0,
        "LEGALSYSTEM": 3,
        "PAVENTRA_SEGMENT_ID": "NAP-395-9154043801242638012423"
      }
    },
    {
      "type": "Feature",
      "id": 723445,
      "geometry": {
        "type": "LineString",
        "coordinates": [
          [
            -84.24546283100398,
            42.170424905157006
          ],
          [
            -84.24541082486736,
            42.17171338017622
          ]
        ]
      },
      "properties": {
        "OBJECTID": 723445,
        "FCC": "A31",
        "RDNAME": "Oak Point Rd",
        "FRADDL": 6276,
        "TOADDL": 6192,
        "FRADDR": 6323,
        "TOADDR": 6041,
        "ZIPL": 49201,
        "ZIPR": 49201,
        "FEDIRP": " ",
        "NAME": "Oak Point",
        "FETYPE": "Rd",
        "FEDIRS": " ",
        "FEDIRP2": " ",
        "NAME2": " ",
        "FETYPE2": " ",
        "FEDIRS2": " ",
        "FEDIRP3": " ",
        "NAME3": "Oakpoint",
        "FETYPE3": "Rd",
        "FEDIRS3": " ",
        "FMCDL": 56640,
        "FMCDR": 56640,
        "COUNTYL": 75,
        "COUNTYR": 75,
        "NFC": 6,
        "RU_L": 1,
        "RU_R": 1,
        "PR": 915401,
        "BMP": 0.703,
        "EMP": 0.792,
        "BPT": "38012426",
        "EPT": "38012371",
        "LRS_LINK": " 9154013801242638012371",
        "LENGTH": 143.12670796,
        "VER": "17a",
        "Shape.STLength()": 143.1266832804072,
        "ADJ_CNTY": 0,
        "LEGALSYSTEM": 2,
        "PAVENTRA_SEGMENT_ID": "NAP-396-9154013801242638012371"
      }
    },
    {
      "type": "Feature",
      "id": 723455,
      "geometry": {
        "type": "LineString",
        "coordinates": [
          [
            -84.30661105355873,
            42.17129575373339
          ],
          [
            -84.29212981922994,
            42.17123198735152
          ],
          [
            -84.2912413243145,
            42.171381153636936
          ],
          [
            -84.28871706958151,
            42.1718510907117
          ],
          [
            -84.2881006170576,
            42.17207051137794
          ],
          [
            -84.28793204827605,
            42.1721832526451
          ],
          [
            -84.28776278769847,
            42.17233016149428
          ],
          [
            -84.28764739325212,
            42.172443716241546
          ]
        ]
      },
      "properties": {
        "OBJECTID": 723455,
        "FCC": "A32",
        "RDNAME": "Wheaton Rd",
        "FRADDL": 6200,
        "TOADDL": 6662,
        "FRADDR": 6401,
        "TOADDR": 6699,
        "ZIPL": 49201,
        "ZIPR": 49201,
        "FEDIRP": " ",
        "NAME": "Wheaton",
        "FETYPE": "Rd",
        "FEDIRS": " ",
        "FEDIRP2": " ",
        "NAME2": " ",
        "FETYPE2": " ",
        "FEDIRS2": " ",
        "FEDIRP3": " ",
        "NAME3": " ",
        "FETYPE3": " ",
        "FEDIRS3": " ",
        "FMCDL": 56640,
        "FMCDR": 56640,
        "COUNTYL": 75,
        "COUNTYR": 75,
        "NFC": 7,
        "RU_L": 1,
        "RU_R": 1,
        "PR": 901110,
        "BMP": 1.103,
        "EMP": 2.096,
        "BPT": "38012425",
        "EPT": "38012363",
        "LRS_LINK": " 9011103801242538012363",
        "LENGTH": 1598.7076994,
        "VER": "17a",
        "Shape.STLength()": 1598.707747975229,
        "ADJ_CNTY": 0,
        "LEGALSYSTEM": 3,
        "PAVENTRA_SEGMENT_ID": "NAP-397-9011103801242538012363"
      }
    },
    {
      "type": "Feature",
      "id": 723456,
      "geometry": {
        "type": "LineString",
        "coordinates": [
          [
            -84.30661105355873,
            42.17129575373339
          ],
          [
            -84.30667332122084,
            42.17500811016627
          ],
          [
            -84.30673423128553,
            42.178410669804634
          ]
        ]
      },
      "properties": {
        "OBJECTID": 723456,
        "FCC": "A32",
        "RDNAME": "Benton Rd",
        "FRADDL": 6258,
        "TOADDL": 5812,
        "FRADDR": 6259,
        "TOADDR": 5813,
        "ZIPL": 49201,
        "ZIPR": 49201,
        "FEDIRP": " ",
        "NAME": "Benton",
        "FETYPE": "Rd",
        "FEDIRS": " ",
        "FEDIRP2": " ",
        "NAME2": " ",
        "FETYPE2": " ",
        "FEDIRS2": " ",
        "FEDIRP3": " ",
        "NAME3": " ",
        "FETYPE3": " ",
        "FEDIRS3": " ",
        "FMCDL": 56640,
        "FMCDR": 56640,
        "COUNTYL": 75,
        "COUNTYR": 75,
        "NFC": 7,
        "RU_L": 1,
        "RU_R": 1,
        "PR": 901108,
        "BMP": 1.733,
        "EMP": 2.224,
        "BPT": "38012425",
        "EPT": "38012141",
        "LRS_LINK": " 9011083801242538012141",
        "LENGTH": 790.05106651,
        "VER": "17a",
        "Shape.STLength()": 790.0510939484673,
        "ADJ_CNTY": 0,
        "LEGALSYSTEM": 3,
        "PAVENTRA_SEGMENT_ID": "NAP-398-9011083801242538012141"
      }
    },
    {
      "type": "Feature",
      "id": 723470,
      "geometry": {
        "type": "LineString",
        "coordinates": [
          [
            -84.3208567843293,
            42.174944382546684
          ],
          [
            -84.31644524978609,
            42.17391357905181
          ],
          [
            -84.31205376114204,
            42.17298719367008
          ],
          [
            -84.31181162093341,
            42.17293392479811
          ],
          [
            -84.31165929610064,
            42.17287820404832
          ],
          [
            -84.31154552290624,
            42.17281925343925
          ],
          [
            -84.31146569921806,
            42.17273792820311
          ],
          [
            -84.31142474210792,
            42.17264193487746
          ],
          [
            -84.31138587683566,
            42.172469674173975
          ],
          [
            -84.31139162044266,
            42.17171656298673
          ],
          [
            -84.31137997644055,
            42.171569846863854
          ],
          [
            -84.31135604783519,
            42.17146290847499
          ],
          [
            -84.31130864739279,
            42.17139557973002
          ],
          [
            -84.31122261288061,
            42.17134931202494
          ],
          [
            -84.31112269631888,
            42.171319485208244
          ],
          [
            -84.31077609293736,
            42.17130589523746
          ],
          [
            -84.30661105355873,
            42.17129575373339
          ]
        ]
      },
      "properties": {
        "OBJECTID": 723470,
        "FCC": "A32",
        "RDNAME": "Wheaton Rd",
        "FRADDL": 5452,
        "TOADDL": 5998,
        "FRADDR": 5447,
        "TOADDR": 5999,
        "ZIPL": 49201,
        "ZIPR": 49201,
        "FEDIRP": " ",
        "NAME": "Wheaton",
        "FETYPE": "Rd",
        "FEDIRS": " ",
        "FEDIRP2": " ",
        "NAME2": " ",
        "FETYPE2": " ",
        "FEDIRS2": " ",
        "FEDIRP3": " ",
        "NAME3": " ",
        "FETYPE3": " ",
        "FEDIRS3": " ",
        "FMCDL": 56640,
        "FMCDR": 56640,
        "COUNTYL": 75,
        "COUNTYR": 75,
        "NFC": 7,
        "RU_L": 1,
        "RU_R": 1,
        "PR": 901110,
        "BMP": 0.259,
        "EMP": 1.103,
        "BPT": "38012296",
        "EPT": "38012425",
        "LRS_LINK": " 9011103801229638012425",
        "LENGTH": 1357.75470267,
        "VER": "17a",
        "Shape.STLength()": 1357.7546305690921,
        "ADJ_CNTY": 0,
        "LEGALSYSTEM": 3,
        "PAVENTRA_SEGMENT_ID": "NAP-399-9011103801229638012425"
      }
    },
    {
      "type": "Feature",
      "id": 723472,
      "geometry": {
        "type": "LineString",
        "coordinates": [
          [
            -84.28443820517576,
            42.1708743500127
          ],
          [
            -84.28444401262706,
            42.17113593337515
          ]
        ]
      },
      "properties": {
        "OBJECTID": 723472,
        "FCC": "A32",
        "RDNAME": "Country View Blvd",
        "FRADDL": 7038,
        "TOADDL": 7098,
        "FRADDR": 7099,
        "TOADDR": 7075,
        "ZIPL": 49201,
        "ZIPR": 49201,
        "FEDIRP": " ",
        "NAME": "Country View",
        "FETYPE": "Blvd",
        "FEDIRS": " ",
        "FEDIRP2": " ",
        "NAME2": " ",
        "FETYPE2": " ",
        "FEDIRS2": " ",
        "FEDIRP3": " ",
        "NAME3": " ",
        "FETYPE3": " ",
        "FEDIRS3": " ",
        "FMCDL": 56640,
        "FMCDR": 56640,
        "COUNTYL": 75,
        "COUNTYR": 75,
        "NFC": 7,
        "RU_L": 1,
        "RU_R": 1,
        "PR": 1920908,
        "BMP": 0,
        "EMP": 0.018,
        "BPT": "38016865",
        "EPT": "38012409",
        "LRS_LINK": "19209083801686538012409",
        "LENGTH": 29.0481608,
        "VER": "17a",
        "Shape.STLength()": 29.048139807051328,
        "ADJ_CNTY": 0,
        "LEGALSYSTEM": 3,
        "PAVENTRA_SEGMENT_ID": "NAP-400-19209083801686538012409"
      }
    },
    {
      "type": "Feature",
      "id": 727013,
      "geometry": {
        "type": "LineString",
        "coordinates": [
          [
            -84.22052071580363,
            42.15469878837517
          ],
          [
            -84.22054411544158,
            42.155568063577604
          ]
        ]
      },
      "properties": {
        "OBJECTID": 727013,
        "FCC": "A32",
        "RDNAME": "Wolf Lake Rd",
        "FRADDL": 7604,
        "TOADDL": 7202,
        "FRADDR": 7605,
        "TOADDR": 7201,
        "ZIPL": 49201,
        "ZIPR": 49201,
        "FEDIRP": " ",
        "NAME": "Wolf Lake",
        "FETYPE": "Rd",
        "FEDIRS": " ",
        "FEDIRP2": " ",
        "NAME2": " ",
        "FETYPE2": " ",
        "FEDIRS2": " ",
        "FEDIRP3": " ",
        "NAME3": " ",
        "FETYPE3": " ",
        "FEDIRS3": " ",
        "FMCDL": 56640,
        "FMCDR": 56640,
        "COUNTYL": 75,
        "COUNTYR": 75,
        "NFC": 7,
        "RU_L": 1,
        "RU_R": 1,
        "PR": 918109,
        "BMP": 2.777,
        "EMP": 2.836,
        "BPT": "38013079",
        "EPT": "38013036",
        "LRS_LINK": " 9181093801307938013036",
        "LENGTH": 96.53668873,
        "VER": "17a",
        "Shape.STLength()": 96.53662564198108,
        "ADJ_CNTY": 0,
        "LEGALSYSTEM": 3,
        "PAVENTRA_SEGMENT_ID": "NAP-401-9181093801307938013036"
      }
    },
    {
      "type": "Feature",
      "id": 727045,
      "geometry": {
        "type": "LineString",
        "coordinates": [
          [
            -84.25261310895007,
            42.15500094375844
          ],
          [
            -84.25257590500757,
            42.155981179892876
          ]
        ]
      },
      "properties": {
        "OBJECTID": 727045,
        "FCC": "A41",
        "RDNAME": "Joyln Dr",
        "FRADDL": 7040,
        "TOADDL": 7028,
        "FRADDR": 7039,
        "TOADDR": 7027,
        "ZIPL": 49201,
        "ZIPR": 49201,
        "FEDIRP": " ",
        "NAME": "Joyln",
        "FETYPE": "Dr",
        "FEDIRS": " ",
        "FEDIRP2": " ",
        "NAME2": " ",
        "FETYPE2": " ",
        "FEDIRS2": " ",
        "FEDIRP3": " ",
        "NAME3": " ",
        "FETYPE3": " ",
        "FEDIRS3": " ",
        "FMCDL": 56640,
        "FMCDR": 56640,
        "COUNTYL": 75,
        "COUNTYR": 75,
        "NFC": 0,
        "RU_L": 1,
        "RU_R": 1,
        "PR": 3381362,
        "BMP": 0.068,
        "EMP": 0.136,
        "BPT": "38020101",
        "EPT": "38020099",
        "LRS_LINK": "33813623802010138020099",
        "LENGTH": 108.8808868,
        "VER": "17a",
        "Shape.STLength()": 108.88087032394625,
        "ADJ_CNTY": 0,
        "LEGALSYSTEM": 0,
        "PAVENTRA_SEGMENT_ID": "NAP-402-33813623802010138020099"
      }
    },
    {
      "type": "Feature",
      "id": 727051,
      "geometry": {
        "type": "LineString",
        "coordinates": [
          [
            -84.25261310895007,
            42.15500094375844
          ],
          [
            -84.25330483304248,
            42.155016571170336
          ],
          [
            -84.25336906098484,
            42.15501652977989
          ],
          [
            -84.25342886551593,
            42.15501215974609
          ],
          [
            -84.25349380417576,
            42.154998961825996
          ]
        ]
      },
      "properties": {
        "OBJECTID": 727051,
        "FCC": "A41",
        "RDNAME": "Jason Ct",
        "FRADDL": 7041,
        "TOADDL": 7777,
        "FRADDR": 7034,
        "TOADDR": 7776,
        "ZIPL": 49201,
        "ZIPR": 49201,
        "FEDIRP": " ",
        "NAME": "Jason",
        "FETYPE": "Ct",
        "FEDIRS": " ",
        "FEDIRP2": " ",
        "NAME2": " ",
        "FETYPE2": " ",
        "FEDIRS2": " ",
        "FEDIRP3": " ",
        "NAME3": " ",
        "FETYPE3": " ",
        "FEDIRS3": " ",
        "FMCDL": 56640,
        "FMCDR": 56640,
        "COUNTYL": 75,
        "COUNTYR": 75,
        "NFC": 0,
        "RU_L": 1,
        "RU_R": 1,
        "PR": 3381364,
        "BMP": 0,
        "EMP": 0.045,
        "BPT": "38020101",
        "EPT": "38020108",
        "LRS_LINK": "33813643802010138020108",
        "LENGTH": 73.00648761,
        "VER": "17a",
        "Shape.STLength()": 73.00645125520761,
        "ADJ_CNTY": 0,
        "LEGALSYSTEM": 0,
        "PAVENTRA_SEGMENT_ID": "NAP-403-33813643802010138020108"
      }
    },
    {
      "type": "Feature",
      "id": 727083,
      "geometry": {
        "type": "LineString",
        "coordinates": [
          [
            -84.25349380417576,
            42.154998961825996
          ],
          [
            -84.25354721086538,
            42.15498222545098
          ],
          [
            -84.25378316376116,
            42.15487306703978
          ]
        ]
      },
      "properties": {
        "OBJECTID": 727083,
        "FCC": "A43",
        "RDNAME": "Jason Ct",
        "FRADDL": 7779,
        "TOADDL": 8059,
        "FRADDR": 7778,
        "TOADDR": 8060,
        "ZIPL": 49201,
        "ZIPR": 49201,
        "FEDIRP": " ",
        "NAME": "Jason",
        "FETYPE": "Ct",
        "FEDIRS": " ",
        "FEDIRP2": " ",
        "NAME2": " ",
        "FETYPE2": " ",
        "FEDIRS2": " ",
        "FEDIRP3": " ",
        "NAME3": " ",
        "FETYPE3": " ",
        "FEDIRS3": " ",
        "FMCDL": 56640,
        "FMCDR": 56640,
        "COUNTYL": 75,
        "COUNTYR": 75,
        "NFC": 0,
        "RU_L": 1,
        "RU_R": 1,
        "PR": 3381364,
        "BMP": 0.045,
        "EMP": 0.063,
        "BPT": "38020108",
        "EPT": "38020100",
        "LRS_LINK": "33813643802010838020100",
        "LENGTH": 27.74180446,
        "VER": "17a",
        "Shape.STLength()": 27.741832019480945,
        "ADJ_CNTY": 0,
        "LEGALSYSTEM": 0,
        "PAVENTRA_SEGMENT_ID": "NAP-404-33813643802010838020100"
      }
    },
    {
      "type": "Feature",
      "id": 727125,
      "geometry": {
        "type": "LineString",
        "coordinates": [
          [
            -84.25636353822858,
            42.15473551931679
          ],
          [
            -84.2566118812039,
            42.15492726472442
          ],
          [
            -84.2567129708643,
            42.15501227360287
          ],
          [
            -84.2568140212146,
            42.15513526576145
          ],
          [
            -84.2568637587835,
            42.15527133059924
          ],
          [
            -84.25688868377758,
            42.155406486049806
          ],
          [
            -84.25691805744415,
            42.15592884334241
          ]
        ]
      },
      "properties": {
        "OBJECTID": 727125,
        "FCC": "A41",
        "RDNAME": "Jordan Dr",
        "FRADDL": 8215,
        "TOADDL": 8287,
        "FRADDR": 8214,
        "TOADDR": 8286,
        "ZIPL": 49201,
        "ZIPR": 49201,
        "FEDIRP": " ",
        "NAME": "Jordan",
        "FETYPE": "Dr",
        "FEDIRS": " ",
        "FEDIRP2": " ",
        "NAME2": " ",
        "FETYPE2": " ",
        "FEDIRS2": " ",
        "FEDIRP3": " ",
        "NAME3": " ",
        "FETYPE3": " ",
        "FEDIRS3": " ",
        "FMCDL": 56640,
        "FMCDR": 56640,
        "COUNTYL": 75,
        "COUNTYR": 75,
        "NFC": 0,
        "RU_L": 1,
        "RU_R": 1,
        "PR": 3381365,
        "BMP": 0.43,
        "EMP": 0.521,
        "BPT": "38020105",
        "EPT": "38020109",
        "LRS_LINK": "33813653802010538020109",
        "LENGTH": 147.02870943,
        "VER": "17a",
        "Shape.STLength()": 147.0286623157173,
        "ADJ_CNTY": 0,
        "LEGALSYSTEM": 0,
        "PAVENTRA_SEGMENT_ID": "NAP-405-33813653802010538020109"
      }
    },
    {
      "type": "Feature",
      "id": 725756,
      "geometry": {
        "type": "LineString",
        "coordinates": [
          [
            -84.27252426553167,
            42.16174438260067
          ],
          [
            -84.27246586569474,
            42.161681327086384
          ],
          [
            -84.27236412164545,
            42.16153134153939
          ],
          [
            -84.27212948716506,
            42.16124224870024
          ]
        ]
      },
      "properties": {
        "OBJECTID": 725756,
        "FCC": "A31",
        "RDNAME": "N Stony Lake Rd",
        "FRADDL": 7576,
        "TOADDL": 7918,
        "FRADDR": 7577,
        "TOADDR": 7919,
        "ZIPL": 49201,
        "ZIPR": 49201,
        "FEDIRP": "N",
        "NAME": "Stony Lake",
        "FETYPE": "Rd",
        "FEDIRS": " ",
        "FEDIRP2": " ",
        "NAME2": " ",
        "FETYPE2": " ",
        "FEDIRS2": " ",
        "FEDIRP3": "N",
        "NAME3": "Stoney Lake",
        "FETYPE3": "Rd",
        "FEDIRS3": " ",
        "FMCDL": 56640,
        "FMCDR": 56640,
        "COUNTYL": 75,
        "COUNTYR": 75,
        "NFC": 5,
        "RU_L": 1,
        "RU_R": 1,
        "PR": 915501,
        "BMP": 4.276,
        "EMP": 4.316,
        "BPT": "38025449",
        "EPT": "38020544",
        "LRS_LINK": " 9155013802544938020544",
        "LENGTH": 64.65310676,
        "VER": "17a",
        "Shape.STLength()": 64.65308393645985,
        "ADJ_CNTY": 0,
        "LEGALSYSTEM": 3,
        "PAVENTRA_SEGMENT_ID": "NAP-406-9155013802544938020544"
      }
    },
    {
      "type": "Feature",
      "id": 725771,
      "geometry": {
        "type": "LineString",
        "coordinates": [
          [
            -84.25063610332731,
            42.160786774734525
          ],
          [
            -84.25070579343914,
            42.16123878571972
          ]
        ]
      },
      "properties": {
        "OBJECTID": 725771,
        "FCC": "A41",
        "RDNAME": "Kristi Ln",
        "FRADDL": 180,
        "TOADDL": 200,
        "FRADDR": 181,
        "TOADDR": 201,
        "ZIPL": 49201,
        "ZIPR": 49201,
        "FEDIRP": " ",
        "NAME": "Kristi",
        "FETYPE": "Ln",
        "FEDIRS": " ",
        "FEDIRP2": " ",
        "NAME2": " ",
        "FETYPE2": " ",
        "FEDIRS2": " ",
        "FEDIRP3": " ",
        "NAME3": " ",
        "FETYPE3": " ",
        "FEDIRS3": " ",
        "FMCDL": 56640,
        "FMCDR": 56640,
        "COUNTYL": 75,
        "COUNTYR": 75,
        "NFC": 0,
        "RU_L": 1,
        "RU_R": 1,
        "PR": 3381323,
        "BMP": 0,
        "EMP": 0.031,
        "BPT": "38020028",
        "EPT": "38020029",
        "LRS_LINK": "33813233802002838020029",
        "LENGTH": 50.51672389,
        "VER": "17a",
        "Shape.STLength()": 50.5167970134687,
        "ADJ_CNTY": 0,
        "LEGALSYSTEM": 0,
        "PAVENTRA_SEGMENT_ID": "NAP-407-33813233802002838020029"
      }
    },
    {
      "type": "Feature",
      "id": 725772,
      "geometry": {
        "type": "LineString",
        "coordinates": [
          [
            -84.3545657450904,
            42.16237177205614
          ],
          [
            -84.35464865666762,
            42.16255418523071
          ],
          [
            -84.354658995262,
            42.16277019606961
          ],
          [
            -84.35467758915352,
            42.16328013468025
          ],
          [
            -84.35475054748707,
            42.163994920863516
          ],
          [
            -84.3547971128739,
            42.16410079626694
          ],
          [
            -84.3548751511052,
            42.164240086912464
          ],
          [
            -84.35497362165555,
            42.16437967913028
          ],
          [
            -84.3551048532415,
            42.16450454958855
          ],
          [
            -84.35524237121169,
            42.1646089878115
          ],
          [
            -84.35532504203044,
            42.16467889452681
          ],
          [
            -84.35542558212192,
            42.164741212359935
          ],
          [
            -84.35554812195242,
            42.164808925535255
          ],
          [
            -84.35566926395391,
            42.16486521172979
          ],
          [
            -84.35582119163729,
            42.164916885394454
          ],
          [
            -84.35767109659953,
            42.16554399173316
          ],
          [
            -84.35833987300636,
            42.16575254146923
          ],
          [
            -84.35849947497212,
            42.16578596265424
          ],
          [
            -84.35905981725728,
            42.16594045221562
          ],
          [
            -84.35958255243057,
            42.16604848076842
          ],
          [
            -84.35979199107389,
            42.16607877510472
          ],
          [
            -84.36018701041667,
            42.16609140680402
          ],
          [
            -84.3642813290234,
            42.16607620992248
          ]
        ]
      },
      "properties": {
        "OBJECTID": 725772,
        "FCC": "A31",
        "RDNAME": "Blue Ridge Rd",
        "FRADDL": 5647,
        "TOADDL": 3001,
        "FRADDR": 0,
        "TOADDR": 0,
        "ZIPL": 49234,
        "ZIPR": 49234,
        "FEDIRP": " ",
        "NAME": "Blue Ridge",
        "FETYPE": "Rd",
        "FEDIRS": " ",
        "FEDIRP2": " ",
        "NAME2": " ",
        "FETYPE2": " ",
        "FEDIRS2": " ",
        "FEDIRP3": " ",
        "NAME3": " ",
        "FETYPE3": " ",
        "FEDIRS3": " ",
        "FMCDL": 56640,
        "FMCDR": 56640,
        "COUNTYL": 75,
        "COUNTYR": 75,
        "NFC": 5,
        "RU_L": 1,
        "RU_R": 1,
        "PR": 918202,
        "BMP": 1.645,
        "EMP": 2.294,
        "BPT": "38019386",
        "EPT": "38012639",
        "LRS_LINK": " 9182023801938638012639",
        "LENGTH": 1045.60948061,
        "VER": "17a",
        "Shape.STLength()": 1045.6094988878122,
        "ADJ_CNTY": 0,
        "LEGALSYSTEM": 3,
        "PAVENTRA_SEGMENT_ID": "NAP-408-9182023801938638012639"
      }
    },
    {
      "type": "Feature",
      "id": 725776,
      "geometry": {
        "type": "LineString",
        "coordinates": [
          [
            -84.27212948716506,
            42.16124224870024
          ],
          [
            -84.2722485728294,
            42.16118527156903
          ],
          [
            -84.27228077206291,
            42.16117174284839
          ],
          [
            -84.27236345010918,
            42.16116513537104
          ],
          [
            -84.27245071798998,
            42.16116298347695
          ],
          [
            -84.27393015493767,
            42.1611632633756
          ],
          [
            -84.27431813932493,
            42.16114633233293
          ],
          [
            -84.27464951516889,
            42.16115434008524
          ],
          [
            -84.27533539166316,
            42.161170713001304
          ],
          [
            -84.27542252884655,
            42.16118844188821
          ]
        ]
      },
      "properties": {
        "OBJECTID": 725776,
        "FCC": "A41",
        "RDNAME": "John R Dr",
        "FRADDL": 66,
        "TOADDL": 142,
        "FRADDR": 0,
        "TOADDR": 0,
        "ZIPL": 49201,
        "ZIPR": 49201,
        "FEDIRP": " ",
        "NAME": "John R",
        "FETYPE": "Dr",
        "FEDIRS": " ",
        "FEDIRP2": " ",
        "NAME2": " ",
        "FETYPE2": " ",
        "FEDIRS2": " ",
        "FEDIRP3": " ",
        "NAME3": " ",
        "FETYPE3": " ",
        "FEDIRS3": " ",
        "FMCDL": 56640,
        "FMCDR": 56640,
        "COUNTYL": 75,
        "COUNTYR": 75,
        "NFC": 0,
        "RU_L": 1,
        "RU_R": 1,
        "PR": 3381525,
        "BMP": 0,
        "EMP": 0.171,
        "BPT": "38020544",
        "EPT": "38020524",
        "LRS_LINK": "33815253802054438020524",
        "LENGTH": 274.69239978,
        "VER": "17a",
        "Shape.STLength()": 274.69237311315277,
        "ADJ_CNTY": 0,
        "LEGALSYSTEM": 0,
        "PAVENTRA_SEGMENT_ID": "NAP-409-33815253802054438020524"
      }
    },
    {
      "type": "Feature",
      "id": 725778,
      "geometry": {
        "type": "LineString",
        "coordinates": [
          [
            -84.2458741430052,
            42.16084711058549
          ],
          [
            -84.24558981604443,
            42.16076335076889
          ],
          [
            -84.24467054270514,
            42.16066375874829
          ]
        ]
      },
      "properties": {
        "OBJECTID": 725778,
        "FCC": "A31",
        "RDNAME": "Austin Rd",
        "FRADDL": 200,
        "TOADDL": 898,
        "FRADDR": 301,
        "TOADDR": 1001,
        "ZIPL": 49201,
        "ZIPR": 49201,
        "FEDIRP": " ",
        "NAME": "Austin",
        "FETYPE": "Rd",
        "FEDIRS": " ",
        "FEDIRP2": " ",
        "NAME2": " ",
        "FETYPE2": " ",
        "FEDIRS2": " ",
        "FEDIRP3": " ",
        "NAME3": " ",
        "FETYPE3": " ",
        "FEDIRS3": " ",
        "FMCDL": 56640,
        "FMCDR": 56640,
        "COUNTYL": 75,
        "COUNTYR": 75,
        "NFC": 5,
        "RU_L": 1,
        "RU_R": 1,
        "PR": 901205,
        "BMP": 0.151,
        "EMP": 0.214,
        "BPT": "38012806",
        "EPT": "38012810",
        "LRS_LINK": " 9012053801280638012810",
        "LENGTH": 102.0031897,
        "VER": "17a",
        "Shape.STLength()": 102.00311544738422,
        "ADJ_CNTY": 0,
        "LEGALSYSTEM": 2,
        "PAVENTRA_SEGMENT_ID": "NAP-410-9012053801280638012810"
      }
    },
    {
      "type": "Feature",
      "id": 725780,
      "geometry": {
        "type": "LineString",
        "coordinates": [
          [
            -84.27751496045101,
            42.16233730219295
          ],
          [
            -84.27749195055746,
            42.16200856420346
          ],
          [
            -84.27748312433201,
            42.16131725299256
          ],
          [
            -84.2774777742745,
            42.16123849833797
          ],
          [
            -84.27747517780863,
            42.16119631251876
          ],
          [
            -84.27744822103637,
            42.16116868357547
          ],
          [
            -84.27738747012542,
            42.16114935504431
          ],
          [
            -84.27731146640728,
            42.16114523603003
          ],
          [
            -84.27702410278155,
            42.16116947030446
          ]
        ]
      },
      "properties": {
        "OBJECTID": 725780,
        "FCC": "A41",
        "RDNAME": "Harvey Dr",
        "FRADDL": 0,
        "TOADDL": 0,
        "FRADDR": 64,
        "TOADDR": 144,
        "ZIPL": 49201,
        "ZIPR": 49201,
        "FEDIRP": " ",
        "NAME": "Harvey",
        "FETYPE": "Dr",
        "FEDIRS": " ",
        "FEDIRP2": " ",
        "NAME2": "John R",
        "FETYPE2": "Dr",
        "FEDIRS2": " ",
        "FEDIRP3": " ",
        "NAME3": " ",
        "FETYPE3": " ",
        "FEDIRS3": " ",
        "FMCDL": 56640,
        "FMCDR": 56640,
        "COUNTYL": 75,
        "COUNTYR": 75,
        "NFC": 0,
        "RU_L": 1,
        "RU_R": 1,
        "PR": 3381004,
        "BMP": 0,
        "EMP": 0.103,
        "BPT": "38012756",
        "EPT": "38012817",
        "LRS_LINK": "33810043801275638012817",
        "LENGTH": 166.19000673,
        "VER": "17a",
        "Shape.STLength()": 166.19009649401136,
        "ADJ_CNTY": 0,
        "LEGALSYSTEM": 0,
        "PAVENTRA_SEGMENT_ID": "NAP-411-33810043801275638012817"
      }
    },
    {
      "type": "Feature",
      "id": 725787,
      "geometry": {
        "type": "LineString",
        "coordinates": [
          [
            -84.24843254451017,
            42.16192570149772
          ],
          [
            -84.2484271270197,
            42.16061380919856
          ]
        ]
      },
      "properties": {
        "OBJECTID": 725787,
        "FCC": "A21",
        "RDNAME": "Brooklyn Rd",
        "FRADDL": 6955,
        "TOADDL": 6999,
        "FRADDR": 6954,
        "TOADDR": 6998,
        "ZIPL": 49201,
        "ZIPR": 49201,
        "FEDIRP": " ",
        "NAME": "Brooklyn",
        "FETYPE": "Rd",
        "FEDIRS": " ",
        "FEDIRP2": " ",
        "NAME2": "M 50",
        "FETYPE2": " ",
        "FEDIRS2": " ",
        "FEDIRP3": " ",
        "NAME3": " ",
        "FETYPE3": " ",
        "FEDIRS3": " ",
        "FMCDL": 56640,
        "FMCDR": 56640,
        "COUNTYL": 75,
        "COUNTYR": 75,
        "NFC": 4,
        "RU_L": 1,
        "RU_R": 1,
        "PR": 899310,
        "BMP": 8.61,
        "EMP": 8.7,
        "BPT": "38012751",
        "EPT": "38012825",
        "LRS_LINK": " 8993103801275138012825",
        "LENGTH": 145.66264231,
        "VER": "17a",
        "Shape.STLength()": 145.66272367112322,
        "ADJ_CNTY": 0,
        "LEGALSYSTEM": 1,
        "PAVENTRA_SEGMENT_ID": "NAP-412-8993103801275138012825"
      }
    },
    {
      "type": "Feature",
      "id": 725788,
      "geometry": {
        "type": "LineString",
        "coordinates": [
          [
            -84.25063610332731,
            42.160786774734525
          ],
          [
            -84.25053822943694,
            42.16079378624212
          ],
          [
            -84.25025468896719,
            42.16079502959964
          ],
          [
            -84.24996454295604,
            42.160784316912554
          ],
          [
            -84.2484271270197,
            42.16061380919856
          ]
        ]
      },
      "properties": {
        "OBJECTID": 725788,
        "FCC": "A31",
        "RDNAME": "Stony Lake Rd",
        "FRADDL": 6243,
        "TOADDL": 8898,
        "FRADDR": 6244,
        "TOADDR": 8899,
        "ZIPL": 49201,
        "ZIPR": 49201,
        "FEDIRP": " ",
        "NAME": "Stony Lake",
        "FETYPE": "Rd",
        "FEDIRS": " ",
        "FEDIRP2": " ",
        "NAME2": " ",
        "FETYPE2": " ",
        "FEDIRS2": " ",
        "FEDIRP3": " ",
        "NAME3": "Stoney Lake",
        "FETYPE3": "Rd",
        "FEDIRS3": " ",
        "FMCDL": 56640,
        "FMCDR": 56640,
        "COUNTYL": 75,
        "COUNTYR": 75,
        "NFC": 5,
        "RU_L": 1,
        "RU_R": 1,
        "PR": 918203,
        "BMP": 3.676,
        "EMP": 3.79,
        "BPT": "38020028",
        "EPT": "38012825",
        "LRS_LINK": " 9182033802002838012825",
        "LENGTH": 183.95170581,
        "VER": "17a",
        "Shape.STLength()": 183.9516821343467,
        "ADJ_CNTY": 0,
        "LEGALSYSTEM": 2,
        "PAVENTRA_SEGMENT_ID": "NAP-413-9182033802002838012825"
      }
    },
    {
      "type": "Feature",
      "id": 725875,
      "geometry": {
        "type": "LineString",
        "coordinates": [
          [
            -84.24590580614357,
            42.160248888377204
          ],
          [
            -84.2458741430052,
            42.16084711058549
          ]
        ]
      },
      "properties": {
        "OBJECTID": 725875,
        "FCC": "A32",
        "RDNAME": "East Ave",
        "FRADDL": 0,
        "TOADDL": 0,
        "FRADDR": 0,
        "TOADDR": 0,
        "ZIPL": 49201,
        "ZIPR": 49201,
        "FEDIRP": " ",
        "NAME": "East",
        "FETYPE": "Ave",
        "FEDIRS": " ",
        "FEDIRP2": " ",
        "NAME2": " ",
        "FETYPE2": " ",
        "FEDIRS2": " ",
        "FEDIRP3": " ",
        "NAME3": " ",
        "FETYPE3": " ",
        "FEDIRS3": " ",
        "FMCDL": 56640,
        "FMCDR": 56640,
        "COUNTYL": 75,
        "COUNTYR": 75,
        "NFC": 7,
        "RU_L": 1,
        "RU_R": 1,
        "PR": 915401,
        "BMP": 0,
        "EMP": 0.041,
        "BPT": "38012835",
        "EPT": "38012806",
        "LRS_LINK": " 9154013801283538012806",
        "LENGTH": 66.47337146,
        "VER": "17a",
        "Shape.STLength()": 66.47328631518079,
        "ADJ_CNTY": 0,
        "LEGALSYSTEM": 2,
        "PAVENTRA_SEGMENT_ID": "NAP-414-9154013801283538012806"
      }
    },
    {
      "type": "Feature",
      "id": 725876,
      "geometry": {
        "type": "LineString",
        "coordinates": [
          [
            -84.2484271270197,
            42.16061380919856
          ],
          [
            -84.24590580614357,
            42.160248888377204
          ]
        ]
      },
      "properties": {
        "OBJECTID": 725876,
        "FCC": "A32",
        "RDNAME": "Nottawa Sepee St",
        "FRADDL": 124,
        "TOADDL": 198,
        "FRADDR": 145,
        "TOADDR": 151,
        "ZIPL": 49201,
        "ZIPR": 49201,
        "FEDIRP": " ",
        "NAME": "Nottawa Sepee",
        "FETYPE": "St",
        "FEDIRS": " ",
        "FEDIRP2": " ",
        "NAME2": " ",
        "FETYPE2": " ",
        "FEDIRS2": " ",
        "FEDIRP3": " ",
        "NAME3": " ",
        "FETYPE3": " ",
        "FEDIRS3": " ",
        "FMCDL": 56640,
        "FMCDR": 56640,
        "COUNTYL": 75,
        "COUNTYR": 75,
        "NFC": 7,
        "RU_L": 1,
        "RU_R": 1,
        "PR": 3380026,
        "BMP": 0,
        "EMP": 0.132,
        "BPT": "38012825",
        "EPT": "38012835",
        "LRS_LINK": "33800263801282538012835",
        "LENGTH": 212.18893422,
        "VER": "17a",
        "Shape.STLength()": 212.18892790042088,
        "ADJ_CNTY": 0,
        "LEGALSYSTEM": 2,
        "PAVENTRA_SEGMENT_ID": "NAP-415-33800263801282538012835"
      }
    },
    {
      "type": "Feature",
      "id": 725909,
      "geometry": {
        "type": "LineString",
        "coordinates": [
          [
            -84.24476503567392,
            42.160110139097846
          ],
          [
            -84.24467054270514,
            42.16066375874829
          ]
        ]
      },
      "properties": {
        "OBJECTID": 725909,
        "FCC": "A32",
        "RDNAME": "Chicago St",
        "FRADDL": 0,
        "TOADDL": 0,
        "FRADDR": 0,
        "TOADDR": 0,
        "ZIPL": 49201,
        "ZIPR": 49201,
        "FEDIRP": " ",
        "NAME": "Chicago",
        "FETYPE": "St",
        "FEDIRS": " ",
        "FEDIRP2": " ",
        "NAME2": "Chicago",
        "FETYPE2": "Rd",
        "FEDIRS2": " ",
        "FEDIRP3": " ",
        "NAME3": " ",
        "FETYPE3": " ",
        "FEDIRS3": " ",
        "FMCDL": 56640,
        "FMCDR": 56640,
        "COUNTYL": 75,
        "COUNTYR": 75,
        "NFC": 7,
        "RU_L": 1,
        "RU_R": 1,
        "PR": 901210,
        "BMP": 0.649,
        "EMP": 0.688,
        "BPT": "38012843",
        "EPT": "38012810",
        "LRS_LINK": " 9012103801284338012810",
        "LENGTH": 61.96311822,
        "VER": "17a",
        "Shape.STLength()": 61.96315088905663,
        "ADJ_CNTY": 0,
        "LEGALSYSTEM": 3,
        "PAVENTRA_SEGMENT_ID": "NAP-416-9012103801284338012810"
      }
    },
    {
      "type": "Feature",
      "id": 725910,
      "geometry": {
        "type": "LineString",
        "coordinates": [
          [
            -84.24590580614357,
            42.160248888377204
          ],
          [
            -84.24476503567392,
            42.160110139097846
          ]
        ]
      },
      "properties": {
        "OBJECTID": 725910,
        "FCC": "A32",
        "RDNAME": "Nottawa Sepee St",
        "FRADDL": 0,
        "TOADDL": 0,
        "FRADDR": 149,
        "TOADDR": 199,
        "ZIPL": 49201,
        "ZIPR": 49201,
        "FEDIRP": " ",
        "NAME": "Nottawa Sepee",
        "FETYPE": "St",
        "FEDIRS": " ",
        "FEDIRP2": " ",
        "NAME2": " ",
        "FETYPE2": " ",
        "FEDIRS2": " ",
        "FEDIRP3": " ",
        "NAME3": " ",
        "FETYPE3": " ",
        "FEDIRS3": " ",
        "FMCDL": 56640,
        "FMCDR": 56640,
        "COUNTYL": 75,
        "COUNTYR": 75,
        "NFC": 7,
        "RU_L": 1,
        "RU_R": 1,
        "PR": 3380026,
        "BMP": 0.132,
        "EMP": 0.191,
        "BPT": "38012835",
        "EPT": "38012843",
        "LRS_LINK": "33800263801283538012843",
        "LENGTH": 95.4895025,
        "VER": "17a",
        "Shape.STLength()": 95.48951918011736,
        "ADJ_CNTY": 0,
        "LEGALSYSTEM": 3,
        "PAVENTRA_SEGMENT_ID": "NAP-417-33800263801283538012843"
      }
    },
    {
      "type": "Feature",
      "id": 725957,
      "geometry": {
        "type": "LineString",
        "coordinates": [
          [
            -84.24476503567392,
            42.160110139097846
          ],
          [
            -84.24354712856045,
            42.15999041940835
          ],
          [
            -84.24264668040047,
            42.159908213211224
          ]
        ]
      },
      "properties": {
        "OBJECTID": 725957,
        "FCC": "A32",
        "RDNAME": "Nottawa Sepee St",
        "FRADDL": 300,
        "TOADDL": 332,
        "FRADDR": 301,
        "TOADDR": 329,
        "ZIPL": 49201,
        "ZIPR": 49201,
        "FEDIRP": " ",
        "NAME": "Nottawa Sepee",
        "FETYPE": "St",
        "FEDIRS": " ",
        "FEDIRP2": " ",
        "NAME2": " ",
        "FETYPE2": " ",
        "FEDIRS2": " ",
        "FEDIRP3": " ",
        "NAME3": " ",
        "FETYPE3": " ",
        "FEDIRS3": " ",
        "FMCDL": 56640,
        "FMCDR": 56640,
        "COUNTYL": 75,
        "COUNTYR": 75,
        "NFC": 7,
        "RU_L": 1,
        "RU_R": 1,
        "PR": 3380026,
        "BMP": 0.191,
        "EMP": 0.301,
        "BPT": "38012843",
        "EPT": "38012858",
        "LRS_LINK": "33800263801284338012858",
        "LENGTH": 176.42915022,
        "VER": "17a",
        "Shape.STLength()": 176.42920768733833,
        "ADJ_CNTY": 0,
        "LEGALSYSTEM": 3,
        "PAVENTRA_SEGMENT_ID": "NAP-418-33800263801284338012858"
      }
    },
    {
      "type": "Feature",
      "id": 728909,
      "geometry": {
        "type": "LineString",
        "coordinates": [
          [
            -84.34416939613557,
            42.1470203898483
          ],
          [
            -84.34200978227693,
            42.147178042890964
          ],
          [
            -84.3410393830529,
            42.147282492259876
          ],
          [
            -84.34014635492393,
            42.147400947799305
          ],
          [
            -84.3364869874092,
            42.14786569341588
          ],
          [
            -84.32627821647526,
            42.14808022965684
          ]
        ]
      },
      "properties": {
        "OBJECTID": 728909,
        "FCC": "A32",
        "RDNAME": "Hyde Rd",
        "FRADDL": 4770,
        "TOADDL": 4000,
        "FRADDR": 4217,
        "TOADDR": 4001,
        "ZIPL": 49234,
        "ZIPR": 49234,
        "FEDIRP": " ",
        "NAME": "Hyde",
        "FETYPE": "Rd",
        "FEDIRS": " ",
        "FEDIRP2": " ",
        "NAME2": " ",
        "FETYPE2": " ",
        "FEDIRS2": " ",
        "FEDIRP3": " ",
        "NAME3": " ",
        "FETYPE3": " ",
        "FEDIRS3": " ",
        "FMCDL": 56640,
        "FMCDR": 56640,
        "COUNTYL": 75,
        "COUNTYR": 75,
        "NFC": 7,
        "RU_L": 1,
        "RU_R": 1,
        "PR": 899006,
        "BMP": 4.13,
        "EMP": 5.053,
        "BPT": "38013429",
        "EPT": "38013364",
        "LRS_LINK": " 8990063801342938013364",
        "LENGTH": 1485.83623536,
        "VER": "17a",
        "Shape.STLength()": 1485.8362716131624,
        "ADJ_CNTY": 0,
        "LEGALSYSTEM": 3,
        "PAVENTRA_SEGMENT_ID": "NAP-419-8990063801342938013364"
      }
    },
    {
      "type": "Feature",
      "id": 728965,
      "geometry": {
        "type": "LineString",
        "coordinates": [
          [
            -84.30663851405997,
            42.14618766330884
          ],
          [
            -84.2962361189518,
            42.146231941163045
          ],
          [
            -84.29611844099425,
            42.14620679093303
          ]
        ]
      },
      "properties": {
        "OBJECTID": 728965,
        "FCC": "A31",
        "RDNAME": "S Stony Lake Rd",
        "FRADDL": 6086,
        "TOADDL": 6598,
        "FRADDR": 6087,
        "TOADDR": 6599,
        "ZIPL": 49201,
        "ZIPR": 49201,
        "FEDIRP": "S",
        "NAME": "Stony Lake",
        "FETYPE": "Rd",
        "FEDIRS": " ",
        "FEDIRP2": " ",
        "NAME2": " ",
        "FETYPE2": " ",
        "FEDIRS2": " ",
        "FEDIRP3": "S",
        "NAME3": "Stoney Lake",
        "FETYPE3": "Rd",
        "FEDIRS3": " ",
        "FMCDL": 56640,
        "FMCDR": 17400,
        "COUNTYL": 75,
        "COUNTYR": 75,
        "NFC": 6,
        "RU_L": 1,
        "RU_R": 1,
        "PR": 918203,
        "BMP": 0.489,
        "EMP": 1.03,
        "BPT": "38013439",
        "EPT": "38013434",
        "LRS_LINK": " 9182033801343938013434",
        "LENGTH": 869.6577971,
        "VER": "17a",
        "Shape.STLength()": 869.6577653928828,
        "ADJ_CNTY": 0,
        "LEGALSYSTEM": 2,
        "PAVENTRA_SEGMENT_ID": "NAP-420-9182033801343938013434"
      }
    },
    {
      "type": "Feature",
      "id": 728966,
      "geometry": {
        "type": "LineString",
        "coordinates": [
          [
            -84.30663851405997,
            42.14618766330884
          ],
          [
            -84.30663498077318,
            42.15446583372645
          ]
        ]
      },
      "properties": {
        "OBJECTID": 728966,
        "FCC": "A32",
        "RDNAME": "Benton Rd",
        "FRADDL": 7998,
        "TOADDL": 7418,
        "FRADDR": 7999,
        "TOADDR": 7451,
        "ZIPL": 49201,
        "ZIPR": 49201,
        "FEDIRP": " ",
        "NAME": "Benton",
        "FETYPE": "Rd",
        "FEDIRS": " ",
        "FEDIRP2": " ",
        "NAME2": " ",
        "FETYPE2": " ",
        "FEDIRS2": " ",
        "FEDIRP3": " ",
        "NAME3": " ",
        "FETYPE3": " ",
        "FEDIRS3": " ",
        "FMCDL": 56640,
        "FMCDR": 56640,
        "COUNTYL": 75,
        "COUNTYR": 75,
        "NFC": 7,
        "RU_L": 1,
        "RU_R": 1,
        "PR": 901108,
        "BMP": 0,
        "EMP": 0.571,
        "BPT": "38013439",
        "EPT": "38013126",
        "LRS_LINK": " 9011083801343938013126",
        "LENGTH": 919.14053874,
        "VER": "17a",
        "Shape.STLength()": 919.1405668073246,
        "ADJ_CNTY": 0,
        "LEGALSYSTEM": 3,
        "PAVENTRA_SEGMENT_ID": "NAP-421-9011083801343938013126"
      }
    },
    {
      "type": "Feature",
      "id": 728973,
      "geometry": {
        "type": "LineString",
        "coordinates": [
          [
            -84.31123101629827,
            42.14620075342695
          ],
          [
            -84.30663851405997,
            42.14618766330884
          ]
        ]
      },
      "properties": {
        "OBJECTID": 728973,
        "FCC": "A31",
        "RDNAME": "S Stony Lake Rd",
        "FRADDL": 5806,
        "TOADDL": 5998,
        "FRADDR": 6605,
        "TOADDR": 7165,
        "ZIPL": 49201,
        "ZIPR": 49201,
        "FEDIRP": "S",
        "NAME": "Stony Lake",
        "FETYPE": "Rd",
        "FEDIRS": " ",
        "FEDIRP2": " ",
        "NAME2": " ",
        "FETYPE2": " ",
        "FEDIRS2": " ",
        "FEDIRP3": "S",
        "NAME3": "Stoney Lake",
        "FETYPE3": "Rd",
        "FEDIRS3": " ",
        "FMCDL": 56640,
        "FMCDR": 17400,
        "COUNTYL": 75,
        "COUNTYR": 75,
        "NFC": 6,
        "RU_L": 1,
        "RU_R": 1,
        "PR": 918203,
        "BMP": 0.254,
        "EMP": 0.489,
        "BPT": "38020454",
        "EPT": "38013439",
        "LRS_LINK": " 9182033802045438013439",
        "LENGTH": 379.47130899,
        "VER": "17a",
        "Shape.STLength()": 379.4713415625085,
        "ADJ_CNTY": 0,
        "LEGALSYSTEM": 2,
        "PAVENTRA_SEGMENT_ID": "NAP-422-9182033802045438013439"
      }
    },
    {
      "type": "Feature",
      "id": 728980,
      "geometry": {
        "type": "LineString",
        "coordinates": [
          [
            -84.3161678293774,
            42.14621462083629
          ],
          [
            -84.31395600533236,
            42.14620843382264
          ],
          [
            -84.31123101629827,
            42.14620075342695
          ]
        ]
      },
      "properties": {
        "OBJECTID": 728980,
        "FCC": "A31",
        "RDNAME": "S Stony Lake Rd",
        "FRADDL": 5600,
        "TOADDL": 5998,
        "FRADDR": 6001,
        "TOADDR": 7165,
        "ZIPL": 49201,
        "ZIPR": 49201,
        "FEDIRP": "S",
        "NAME": "Stony Lake",
        "FETYPE": "Rd",
        "FEDIRS": " ",
        "FEDIRP2": " ",
        "NAME2": " ",
        "FETYPE2": " ",
        "FEDIRS2": " ",
        "FEDIRP3": "S",
        "NAME3": "Stoney Lake",
        "FETYPE3": "Rd",
        "FEDIRS3": " ",
        "FMCDL": 56640,
        "FMCDR": 17400,
        "COUNTYL": 75,
        "COUNTYR": 75,
        "NFC": 6,
        "RU_L": 1,
        "RU_R": 1,
        "PR": 918203,
        "BMP": 0,
        "EMP": 0.254,
        "BPT": "38013446",
        "EPT": "38020454",
        "LRS_LINK": " 9182033801344638020454",
        "LENGTH": 407.92101845,
        "VER": "17a",
        "Shape.STLength()": 407.9210638702728,
        "ADJ_CNTY": 0,
        "LEGALSYSTEM": 2,
        "PAVENTRA_SEGMENT_ID": "NAP-423-9182033801344638020454"
      }
    },
    {
      "type": "Feature",
      "id": 728981,
      "geometry": {
        "type": "LineString",
        "coordinates": [
          [
            -84.3161678293774,
            42.14621462083629
          ],
          [
            -84.31617204955585,
            42.14738348230432
          ],
          [
            -84.31620301493626,
            42.14752113692393
          ],
          [
            -84.3162592135788,
            42.14761543310745
          ],
          [
            -84.31632380329425,
            42.14769593855346
          ],
          [
            -84.31641526389771,
            42.14777088749052
          ],
          [
            -84.31653953206246,
            42.14781849763492
          ],
          [
            -84.31659535744207,
            42.14783241419103
          ],
          [
            -84.31670936367098,
            42.1478608332998
          ],
          [
            -84.31696508964983,
            42.14788856434412
          ],
          [
            -84.32120887798982,
            42.14804385650703
          ],
          [
            -84.323731653953,
            42.14811157235977
          ],
          [
            -84.32485068215156,
            42.148101236918734
          ]
        ]
      },
      "properties": {
        "OBJECTID": 728981,
        "FCC": "A31",
        "RDNAME": "Clark Lake Rd",
        "FRADDL": 8052,
        "TOADDL": 7840,
        "FRADDR": 8051,
        "TOADDR": 7815,
        "ZIPL": 49234,
        "ZIPR": 49234,
        "FEDIRP": " ",
        "NAME": "Clark Lake",
        "FETYPE": "Rd",
        "FEDIRS": " ",
        "FEDIRP2": " ",
        "NAME2": "Clarklake",
        "FETYPE2": "Rd",
        "FEDIRS2": " ",
        "FEDIRP3": " ",
        "NAME3": "Clark Lake",
        "FETYPE3": "Rd",
        "FEDIRS3": " ",
        "FMCDL": 56640,
        "FMCDR": 56640,
        "COUNTYL": 75,
        "COUNTYR": 75,
        "NFC": 6,
        "RU_L": 1,
        "RU_R": 1,
        "PR": 917803,
        "BMP": 1.257,
        "EMP": 1.803,
        "BPT": "38013446",
        "EPT": "38013361",
        "LRS_LINK": " 9178033801344638013361",
        "LENGTH": 878.20036791,
        "VER": "17a",
        "Shape.STLength()": 878.200315591513,
        "ADJ_CNTY": 0,
        "LEGALSYSTEM": 2,
        "PAVENTRA_SEGMENT_ID": "NAP-424-9178033801344638013361"
      }
    },
    {
      "type": "Feature",
      "id": 729048,
      "geometry": {
        "type": "LineString",
        "coordinates": [
          [
            -84.34519135510394,
            42.14630247584408
          ],
          [
            -84.34512238254946,
            42.14644161914338
          ],
          [
            -84.34503027833458,
            42.146579772803584
          ],
          [
            -84.34492296602052,
            42.1466858079734
          ],
          [
            -84.34481051465214,
            42.14678379419201
          ],
          [
            -84.34465800851801,
            42.1468771973118
          ],
          [
            -84.34452531620275,
            42.14693103047894
          ],
          [
            -84.34439021400381,
            42.14697486087312
          ],
          [
            -84.34416939613557,
            42.1470203898483
          ]
        ]
      },
      "properties": {
        "OBJECTID": 729048,
        "FCC": "A32",
        "RDNAME": "Hyde Rd",
        "FRADDL": 0,
        "TOADDL": 0,
        "FRADDR": 0,
        "TOADDR": 0,
        "ZIPL": 49234,
        "ZIPR": 49234,
        "FEDIRP": " ",
        "NAME": "Hyde",
        "FETYPE": "Rd",
        "FEDIRS": " ",
        "FEDIRP2": " ",
        "NAME2": " ",
        "FETYPE2": " ",
        "FEDIRS2": " ",
        "FEDIRP3": " ",
        "NAME3": " ",
        "FETYPE3": " ",
        "FEDIRS3": " ",
        "FMCDL": 56640,
        "FMCDR": 56640,
        "COUNTYL": 75,
        "COUNTYR": 75,
        "NFC": 7,
        "RU_L": 1,
        "RU_R": 1,
        "PR": 3380608,
        "BMP": 0,
        "EMP": 0.076,
        "BPT": "38013448",
        "EPT": "38013429",
        "LRS_LINK": "33806083801344838013429",
        "LENGTH": 122.55455416,
        "VER": "17a",
        "Shape.STLength()": 122.55455081113828,
        "ADJ_CNTY": 0,
        "LEGALSYSTEM": 3,
        "PAVENTRA_SEGMENT_ID": "NAP-425-33806083801344838013429"
      }
    },
    {
      "type": "Feature",
      "id": 729049,
      "geometry": {
        "type": "LineString",
        "coordinates": [
          [
            -84.34519135510394,
            42.14630247584408
          ],
          [
            -84.34519563358865,
            42.14650649312236
          ],
          [
            -84.34519043306292,
            42.146799420947936
          ],
          [
            -84.34517811540654,
            42.14685903408815
          ],
          [
            -84.34514989433244,
            42.14691243065611
          ],
          [
            -84.34509800568904,
            42.14694952917235
          ],
          [
            -84.34502223509463,
            42.14697829869478
          ],
          [
            -84.34491165946903,
            42.14700654962068
          ],
          [
            -84.34480145776072,
            42.1470208540654
          ],
          [
            -84.3446648572246,
            42.14702081129146
          ],
          [
            -84.34449082876057,
            42.14701821797218
          ],
          [
            -84.34416939613557,
            42.1470203898483
          ]
        ]
      },
      "properties": {
        "OBJECTID": 729049,
        "FCC": "A32",
        "RDNAME": "Old Hyde Rd",
        "FRADDL": 4830,
        "TOADDL": 4772,
        "FRADDR": 0,
        "TOADDR": 0,
        "ZIPL": 49234,
        "ZIPR": 49234,
        "FEDIRP": " ",
        "NAME": "Old Hyde",
        "FETYPE": "Rd",
        "FEDIRS": " ",
        "FEDIRP2": " ",
        "NAME2": " ",
        "FETYPE2": " ",
        "FEDIRS2": " ",
        "FEDIRP3": " ",
        "NAME3": " ",
        "FETYPE3": " ",
        "FEDIRS3": " ",
        "FMCDL": 56640,
        "FMCDR": 56640,
        "COUNTYL": 75,
        "COUNTYR": 75,
        "NFC": 7,
        "RU_L": 1,
        "RU_R": 1,
        "PR": 899006,
        "BMP": 4.036,
        "EMP": 4.13,
        "BPT": "38013448",
        "EPT": "38013429",
        "LRS_LINK": " 8990063801344838013429",
        "LENGTH": 152.35617831,
        "VER": "17a",
        "Shape.STLength()": 152.356166482028,
        "ADJ_CNTY": 0,
        "LEGALSYSTEM": 3,
        "PAVENTRA_SEGMENT_ID": "NAP-426-8990063801344838013429"
      }
    },
    {
      "type": "Feature",
      "id": 729088,
      "geometry": {
        "type": "LineString",
        "coordinates": [
          [
            -84.34522535516696,
            42.14612053502293
          ],
          [
            -84.34519135510394,
            42.14630247584408
          ]
        ]
      },
      "properties": {
        "OBJECTID": 729088,
        "FCC": "A32",
        "RDNAME": "Hyde Rd",
        "FRADDL": 4898,
        "TOADDL": 4832,
        "FRADDR": 4899,
        "TOADDR": 4219,
        "ZIPL": 49234,
        "ZIPR": 49234,
        "FEDIRP": " ",
        "NAME": "Hyde",
        "FETYPE": "Rd",
        "FEDIRS": " ",
        "FEDIRP2": " ",
        "NAME2": " ",
        "FETYPE2": " ",
        "FEDIRS2": " ",
        "FEDIRP3": " ",
        "NAME3": " ",
        "FETYPE3": " ",
        "FEDIRS3": " ",
        "FMCDL": 56640,
        "FMCDR": 56640,
        "COUNTYL": 75,
        "COUNTYR": 75,
        "NFC": 7,
        "RU_L": 1,
        "RU_R": 1,
        "PR": 899006,
        "BMP": 4.023,
        "EMP": 4.036,
        "BPT": "38013457",
        "EPT": "38013448",
        "LRS_LINK": " 8990063801345738013448",
        "LENGTH": 20.39564812,
        "VER": "17a",
        "Shape.STLength()": 20.3956326651075,
        "ADJ_CNTY": 0,
        "LEGALSYSTEM": 3,
        "PAVENTRA_SEGMENT_ID": "NAP-427-8990063801345738013448"
      }
    },
    {
      "type": "Feature",
      "id": 729097,
      "geometry": {
        "type": "LineString",
        "coordinates": [
          [
            -84.34522535516696,
            42.14612053502293
          ],
          [
            -84.34832258838769,
            42.14610431330833
          ]
        ]
      },
      "properties": {
        "OBJECTID": 729097,
        "FCC": "A32",
        "RDNAME": "Blue Ridge Rd",
        "FRADDL": 0,
        "TOADDL": 0,
        "FRADDR": 0,
        "TOADDR": 0,
        "ZIPL": 49234,
        "ZIPR": 49234,
        "FEDIRP": " ",
        "NAME": "Blue Ridge",
        "FETYPE": "Rd",
        "FEDIRS": " ",
        "FEDIRP2": " ",
        "NAME2": " ",
        "FETYPE2": " ",
        "FEDIRS2": " ",
        "FEDIRP3": " ",
        "NAME3": " ",
        "FETYPE3": " ",
        "FEDIRS3": " ",
        "FMCDL": 17400,
        "FMCDR": 56640,
        "COUNTYL": 75,
        "COUNTYR": 75,
        "NFC": 7,
        "RU_L": 1,
        "RU_R": 1,
        "PR": 918202,
        "BMP": 0,
        "EMP": 0.159,
        "BPT": "38013457",
        "EPT": "38013458",
        "LRS_LINK": " 9182023801345738013458",
        "LENGTH": 255.92448702,
        "VER": "17a",
        "Shape.STLength()": 255.92451331953336,
        "ADJ_CNTY": 0,
        "LEGALSYSTEM": 3,
        "PAVENTRA_SEGMENT_ID": "NAP-428-9182023801345738013458"
      }
    },
    {
      "type": "Feature",
      "id": 729107,
      "geometry": {
        "type": "LineString",
        "coordinates": [
          [
            -84.35494945834148,
            42.1461632608951
          ],
          [
            -84.35497881281049,
            42.1462099167911
          ],
          [
            -84.35500934844463,
            42.14627491557092
          ],
          [
            -84.35502363195326,
            42.14634417593868
          ],
          [
            -84.35502556377043,
            42.14884997227452
          ]
        ]
      },
      "properties": {
        "OBJECTID": 729107,
        "FCC": "A32",
        "RDNAME": "Blue Ridge Rd",
        "FRADDL": 7998,
        "TOADDL": 7830,
        "FRADDR": 7999,
        "TOADDR": 7831,
        "ZIPL": 49234,
        "ZIPR": 49234,
        "FEDIRP": " ",
        "NAME": "Blue Ridge",
        "FETYPE": "Rd",
        "FEDIRS": " ",
        "FEDIRP2": " ",
        "NAME2": " ",
        "FETYPE2": " ",
        "FEDIRS2": " ",
        "FEDIRP3": " ",
        "NAME3": " ",
        "FETYPE3": " ",
        "FEDIRS3": " ",
        "FMCDL": 56640,
        "FMCDR": 56640,
        "COUNTYL": 75,
        "COUNTYR": 75,
        "NFC": 7,
        "RU_L": 1,
        "RU_R": 1,
        "PR": 918202,
        "BMP": 0.501,
        "EMP": 0.687,
        "BPT": "38013463",
        "EPT": "38013349",
        "LRS_LINK": " 9182023801346338013349",
        "LENGTH": 299.36871674,
        "VER": "17a",
        "Shape.STLength()": 299.36872478328405,
        "ADJ_CNTY": 0,
        "LEGALSYSTEM": 3,
        "PAVENTRA_SEGMENT_ID": "NAP-429-9182023801346338013349"
      }
    },
    {
      "type": "Feature",
      "id": 729109,
      "geometry": {
        "type": "LineString",
        "coordinates": [
          [
            -84.34832258838769,
            42.14610431330833
          ],
          [
            -84.35043865028233,
            42.14608443461092
          ]
        ]
      },
      "properties": {
        "OBJECTID": 729109,
        "FCC": "A32",
        "RDNAME": "Blue Ridge Rd",
        "FRADDL": 0,
        "TOADDL": 0,
        "FRADDR": 0,
        "TOADDR": 0,
        "ZIPL": 49234,
        "ZIPR": 49234,
        "FEDIRP": " ",
        "NAME": "Blue Ridge",
        "FETYPE": "Rd",
        "FEDIRS": " ",
        "FEDIRP2": " ",
        "NAME2": " ",
        "FETYPE2": " ",
        "FEDIRS2": " ",
        "FEDIRP3": " ",
        "NAME3": " ",
        "FETYPE3": " ",
        "FEDIRS3": " ",
        "FMCDL": 17400,
        "FMCDR": 56640,
        "COUNTYL": 75,
        "COUNTYR": 75,
        "NFC": 7,
        "RU_L": 1,
        "RU_R": 1,
        "PR": 918202,
        "BMP": 0.159,
        "EMP": 0.268,
        "BPT": "38013458",
        "EPT": "38013460",
        "LRS_LINK": " 9182023801345838013460",
        "LENGTH": 174.85995182,
        "VER": "17a",
        "Shape.STLength()": 174.8599428376036,
        "ADJ_CNTY": 0,
        "LEGALSYSTEM": 3,
        "PAVENTRA_SEGMENT_ID": "NAP-430-9182023801345838013460"
      }
    },
    {
      "type": "Feature",
      "id": 729118,
      "geometry": {
        "type": "LineString",
        "coordinates": [
          [
            -84.35043865028233,
            42.14608443461092
          ],
          [
            -84.35477019449267,
            42.146091245093594
          ],
          [
            -84.3548424992536,
            42.14610282329687
          ],
          [
            -84.3549023050988,
            42.14612922760192
          ],
          [
            -84.35494945834148,
            42.1461632608951
          ]
        ]
      },
      "properties": {
        "OBJECTID": 729118,
        "FCC": "A32",
        "RDNAME": "Blue Ridge Rd",
        "FRADDL": 0,
        "TOADDL": 0,
        "FRADDR": 0,
        "TOADDR": 0,
        "ZIPL": 49234,
        "ZIPR": 49234,
        "FEDIRP": " ",
        "NAME": "Blue Ridge",
        "FETYPE": "Rd",
        "FEDIRS": " ",
        "FEDIRP2": " ",
        "NAME2": " ",
        "FETYPE2": " ",
        "FEDIRS2": " ",
        "FEDIRP3": " ",
        "NAME3": " ",
        "FETYPE3": " ",
        "FEDIRS3": " ",
        "FMCDL": 17400,
        "FMCDR": 56640,
        "COUNTYL": 75,
        "COUNTYR": 75,
        "NFC": 7,
        "RU_L": 1,
        "RU_R": 1,
        "PR": 918202,
        "BMP": 0.268,
        "EMP": 0.501,
        "BPT": "38013460",
        "EPT": "38013463",
        "LRS_LINK": " 9182023801346038013463",
        "LENGTH": 375.19249901,
        "VER": "17a",
        "Shape.STLength()": 375.19243388559755,
        "ADJ_CNTY": 0,
        "LEGALSYSTEM": 3,
        "PAVENTRA_SEGMENT_ID": "NAP-431-9182023801346038013463"
      }
    },
    {
      "type": "Feature",
      "id": 718432,
      "geometry": {
        "type": "LineString",
        "coordinates": [
          [
            -84.24729288992937,
            42.19057537959326
          ],
          [
            -84.2473611262789,
            42.190651562756365
          ],
          [
            -84.2474478724101,
            42.19076699483178
          ],
          [
            -84.24770605114576,
            42.191068624384634
          ],
          [
            -84.2478501740265,
            42.19120526025417
          ],
          [
            -84.24815212463618,
            42.19136211371717
          ]
        ]
      },
      "properties": {
        "OBJECTID": 718432,
        "FCC": "A32",
        "RDNAME": "Lakeshore Blvd",
        "FRADDL": 8091,
        "TOADDL": 8041,
        "FRADDR": 8090,
        "TOADDR": 8040,
        "ZIPL": 49201,
        "ZIPR": 49201,
        "FEDIRP": " ",
        "NAME": "Lakeshore",
        "FETYPE": "Blvd",
        "FEDIRS": " ",
        "FEDIRP2": " ",
        "NAME2": " ",
        "FETYPE2": " ",
        "FEDIRS2": " ",
        "FEDIRP3": " ",
        "NAME3": " ",
        "FETYPE3": " ",
        "FEDIRS3": " ",
        "FMCDL": 56640,
        "FMCDR": 56640,
        "COUNTYL": 75,
        "COUNTYR": 75,
        "NFC": 7,
        "RU_L": 1,
        "RU_R": 1,
        "PR": 915609,
        "BMP": 0.011,
        "EMP": 0.082,
        "BPT": "38011540",
        "EPT": "38011475",
        "LRS_LINK": " 9156093801154038011475",
        "LENGTH": 114.23941597,
        "VER": "17a",
        "Shape.STLength()": 114.23932726005013,
        "ADJ_CNTY": 0,
        "LEGALSYSTEM": 3,
        "PAVENTRA_SEGMENT_ID": "NAP-432-9156093801154038011475"
      }
    },
    {
      "type": "Feature",
      "id": 718485,
      "geometry": {
        "type": "LineString",
        "coordinates": [
          [
            -84.35401258154418,
            42.19206040984668
          ],
          [
            -84.35323256449605,
            42.19288527090353
          ],
          [
            -84.35303016024805,
            42.19313123113199
          ],
          [
            -84.35289638551184,
            42.19326864551364
          ],
          [
            -84.35274569994459,
            42.193363858227755
          ],
          [
            -84.35260116403627,
            42.193442214867666
          ],
          [
            -84.35238873821784,
            42.19350261807849
          ],
          [
            -84.35214498773311,
            42.19356998556786
          ]
        ]
      },
      "properties": {
        "OBJECTID": 718485,
        "FCC": "A32",
        "RDNAME": "Ackerson Lake Dr",
        "FRADDL": 315,
        "TOADDL": 283,
        "FRADDR": 316,
        "TOADDR": 284,
        "ZIPL": 49201,
        "ZIPR": 49201,
        "FEDIRP": " ",
        "NAME": "Ackerson Lake",
        "FETYPE": "Dr",
        "FEDIRS": " ",
        "FEDIRP2": " ",
        "NAME2": " ",
        "FETYPE2": " ",
        "FEDIRS2": " ",
        "FEDIRP3": " ",
        "NAME3": " ",
        "FETYPE3": " ",
        "FEDIRS3": " ",
        "FMCDL": 56640,
        "FMCDR": 56640,
        "COUNTYL": 75,
        "COUNTYR": 75,
        "NFC": 7,
        "RU_L": 3,
        "RU_R": 3,
        "PR": 915801,
        "BMP": 0.233,
        "EMP": 0.379,
        "BPT": "38011569",
        "EPT": "38011413",
        "LRS_LINK": " 9158013801156938011413",
        "LENGTH": 234.1607307,
        "VER": "17a",
        "Shape.STLength()": 234.1607977179653,
        "ADJ_CNTY": 0,
        "LEGALSYSTEM": 3,
        "PAVENTRA_SEGMENT_ID": "NAP-433-9158013801156938011413"
      }
    },
    {
      "type": "Feature",
      "id": 718486,
      "geometry": {
        "type": "LineString",
        "coordinates": [
          [
            -84.35525972944438,
            42.19260499298384
          ],
          [
            -84.35521984241193,
            42.19249196318203
          ],
          [
            -84.35519802781131,
            42.19243968774222
          ],
          [
            -84.35516198313945,
            42.192401452598986
          ],
          [
            -84.35512707105576,
            42.19237512584826
          ],
          [
            -84.35507445103045,
            42.19234038827096
          ],
          [
            -84.3550212704079,
            42.19230971675352
          ],
          [
            -84.35494110230483,
            42.19227079070519
          ],
          [
            -84.35484292937078,
            42.19222685713194
          ],
          [
            -84.35473944602023,
            42.19219577425322
          ],
          [
            -84.35461605128245,
            42.19216624230655
          ],
          [
            -84.3544653476226,
            42.19213630684695
          ],
          [
            -84.35421445730589,
            42.192093928538775
          ],
          [
            -84.35401258154418,
            42.19206040984668
          ]
        ]
      },
      "properties": {
        "OBJECTID": 718486,
        "FCC": "A32",
        "RDNAME": "Ackerson Lake Dr",
        "FRADDL": 0,
        "TOADDL": 0,
        "FRADDR": 0,
        "TOADDR": 0,
        "ZIPL": 49201,
        "ZIPR": 49201,
        "FEDIRP": " ",
        "NAME": "Ackerson Lake",
        "FETYPE": "Dr",
        "FEDIRS": " ",
        "FEDIRP2": " ",
        "NAME2": " ",
        "FETYPE2": " ",
        "FEDIRS2": " ",
        "FEDIRP3": " ",
        "NAME3": " ",
        "FETYPE3": " ",
        "FEDIRS3": " ",
        "FMCDL": 56640,
        "FMCDR": 56640,
        "COUNTYL": 75,
        "COUNTYR": 75,
        "NFC": 7,
        "RU_L": 3,
        "RU_R": 3,
        "PR": 915801,
        "BMP": 0.154,
        "EMP": 0.233,
        "BPT": "38011528",
        "EPT": "38011569",
        "LRS_LINK": " 9158013801152838011569",
        "LENGTH": 128.19483851,
        "VER": "17a",
        "Shape.STLength()": 128.19476661310725,
        "ADJ_CNTY": 0,
        "LEGALSYSTEM": 3,
        "PAVENTRA_SEGMENT_ID": "NAP-434-9158013801152838011569"
      }
    },
    {
      "type": "Feature",
      "id": 718502,
      "geometry": {
        "type": "LineString",
        "coordinates": [
          [
            -84.2472997166828,
            42.19041378386339
          ],
          [
            -84.2419467797672,
            42.19047940278225
          ],
          [
            -84.24131988941274,
            42.19047324891324
          ],
          [
            -84.23989170785279,
            42.190499588234815
          ]
        ]
      },
      "properties": {
        "OBJECTID": 718502,
        "FCC": "A31",
        "RDNAME": "Rexford Rd",
        "FRADDL": 7516,
        "TOADDL": 8710,
        "FRADDR": 7517,
        "TOADDR": 8711,
        "ZIPL": 49201,
        "ZIPR": 49201,
        "FEDIRP": " ",
        "NAME": "Rexford",
        "FETYPE": "Rd",
        "FEDIRS": " ",
        "FEDIRP2": " ",
        "NAME2": " ",
        "FETYPE2": " ",
        "FEDIRS2": " ",
        "FEDIRP3": " ",
        "NAME3": " ",
        "FETYPE3": " ",
        "FEDIRS3": " ",
        "FMCDL": 56640,
        "FMCDR": 56640,
        "COUNTYL": 75,
        "COUNTYR": 75,
        "NFC": 6,
        "RU_L": 1,
        "RU_R": 1,
        "PR": 915408,
        "BMP": 0.069,
        "EMP": 0.449,
        "BPT": "38011568",
        "EPT": "38011541",
        "LRS_LINK": " 9154083801156838011541",
        "LENGTH": 611.78176449,
        "VER": "17a",
        "Shape.STLength()": 611.7817338949984,
        "ADJ_CNTY": 0,
        "LEGALSYSTEM": 2,
        "PAVENTRA_SEGMENT_ID": "NAP-435-9154083801156838011541"
      }
    },
    {
      "type": "Feature",
      "id": 718503,
      "geometry": {
        "type": "LineString",
        "coordinates": [
          [
            -84.2472997166828,
            42.19041378386339
          ],
          [
            -84.24729288992937,
            42.19057537959326
          ]
        ]
      },
      "properties": {
        "OBJECTID": 718503,
        "FCC": "A32",
        "RDNAME": "Lakeshore Blvd",
        "FRADDL": 8099,
        "TOADDL": 8093,
        "FRADDR": 8098,
        "TOADDR": 8092,
        "ZIPL": 49201,
        "ZIPR": 49201,
        "FEDIRP": " ",
        "NAME": "Lakeshore",
        "FETYPE": "Blvd",
        "FEDIRS": " ",
        "FEDIRP2": " ",
        "NAME2": " ",
        "FETYPE2": " ",
        "FEDIRS2": " ",
        "FEDIRP3": " ",
        "NAME3": " ",
        "FETYPE3": " ",
        "FEDIRS3": " ",
        "FMCDL": 56640,
        "FMCDR": 56640,
        "COUNTYL": 75,
        "COUNTYR": 75,
        "NFC": 7,
        "RU_L": 1,
        "RU_R": 1,
        "PR": 915609,
        "BMP": 0,
        "EMP": 0.011,
        "BPT": "38011568",
        "EPT": "38011540",
        "LRS_LINK": " 9156093801156838011540",
        "LENGTH": 17.95119387,
        "VER": "17a",
        "Shape.STLength()": 17.951241998814453,
        "ADJ_CNTY": 0,
        "LEGALSYSTEM": 3,
        "PAVENTRA_SEGMENT_ID": "NAP-436-9156093801156838011540"
      }
    },
    {
      "type": "Feature",
      "id": 718512,
      "geometry": {
        "type": "LineString",
        "coordinates": [
          [
            -84.22835324572763,
            42.1905431804093
          ],
          [
            -84.22810655063428,
            42.19043337786258
          ],
          [
            -84.22721835368635,
            42.19006936695829
          ]
        ]
      },
      "properties": {
        "OBJECTID": 718512,
        "FCC": "A32",
        "RDNAME": "Greens Dr",
        "FRADDL": 7140,
        "TOADDL": 7126,
        "FRADDR": 7139,
        "TOADDR": 7129,
        "ZIPL": 49201,
        "ZIPR": 49201,
        "FEDIRP": " ",
        "NAME": "Greens",
        "FETYPE": "Dr",
        "FEDIRS": " ",
        "FEDIRP2": " ",
        "NAME2": " ",
        "FETYPE2": " ",
        "FEDIRS2": " ",
        "FEDIRP3": " ",
        "NAME3": "Greenes",
        "FETYPE3": "Dr",
        "FEDIRS3": " ",
        "FMCDL": 56640,
        "FMCDR": 56640,
        "COUNTYL": 75,
        "COUNTYR": 75,
        "NFC": 7,
        "RU_L": 1,
        "RU_R": 1,
        "PR": 3381074,
        "BMP": 0.052,
        "EMP": 0.118,
        "BPT": "38011522",
        "EPT": "38011566",
        "LRS_LINK": "33810743801152238011566",
        "LENGTH": 107.47781713,
        "VER": "17a",
        "Shape.STLength()": 107.47785527739663,
        "ADJ_CNTY": 0,
        "LEGALSYSTEM": 3,
        "PAVENTRA_SEGMENT_ID": "NAP-437-33810743801152238011566"
      }
    },
    {
      "type": "Feature",
      "id": 718551,
      "geometry": {
        "type": "LineString",
        "coordinates": [
          [
            -84.23655099511573,
            42.19002316904033
          ],
          [
            -84.23650418412511,
            42.19080935728212
          ],
          [
            -84.23646906779756,
            42.19143489991341
          ],
          [
            -84.23646261315436,
            42.19175485735167
          ],
          [
            -84.23648822914544,
            42.19185289152779
          ]
        ]
      },
      "properties": {
        "OBJECTID": 718551,
        "FCC": "A32",
        "RDNAME": "Forestdale Rd",
        "FRADDL": 9998,
        "TOADDL": 7356,
        "FRADDR": 9999,
        "TOADDR": 7725,
        "ZIPL": 49201,
        "ZIPR": 49201,
        "FEDIRP": " ",
        "NAME": "Forestdale",
        "FETYPE": "Rd",
        "FEDIRS": " ",
        "FEDIRP2": " ",
        "NAME2": " ",
        "FETYPE2": " ",
        "FEDIRS2": " ",
        "FEDIRP3": " ",
        "NAME3": "Forestdale",
        "FETYPE3": "St",
        "FEDIRS3": " ",
        "FMCDL": 56640,
        "FMCDR": 56640,
        "COUNTYL": 75,
        "COUNTYR": 75,
        "NFC": 7,
        "RU_L": 1,
        "RU_R": 1,
        "PR": 915703,
        "BMP": 0,
        "EMP": 0.127,
        "BPT": "38011581",
        "EPT": "38011376",
        "LRS_LINK": " 9157033801158138011376",
        "LENGTH": 203.51237777,
        "VER": "17a",
        "Shape.STLength()": 203.5124259094493,
        "ADJ_CNTY": 0,
        "LEGALSYSTEM": 3,
        "PAVENTRA_SEGMENT_ID": "NAP-438-9157033801158138011376"
      }
    },
    {
      "type": "Feature",
      "id": 718552,
      "geometry": {
        "type": "LineString",
        "coordinates": [
          [
            -84.23762117315711,
            42.19047115955156
          ],
          [
            -84.23737335834059,
            42.190444189944266
          ],
          [
            -84.2371824389961,
            42.19042407938511
          ],
          [
            -84.23709615599522,
            42.19040562476358
          ],
          [
            -84.23702350017196,
            42.19037847646646
          ],
          [
            -84.23687636902294,
            42.19031229586474
          ],
          [
            -84.23671849891953,
            42.190219263954646
          ],
          [
            -84.23661854816966,
            42.19012774789916
          ],
          [
            -84.23655099511573,
            42.19002316904033
          ]
        ]
      },
      "properties": {
        "OBJECTID": 718552,
        "FCC": "A31",
        "RDNAME": "Rexford Rd",
        "FRADDL": 8848,
        "TOADDL": 8998,
        "FRADDR": 8849,
        "TOADDR": 8999,
        "ZIPL": 49201,
        "ZIPR": 49201,
        "FEDIRP": " ",
        "NAME": "Rexford",
        "FETYPE": "Rd",
        "FEDIRS": " ",
        "FEDIRP2": " ",
        "NAME2": " ",
        "FETYPE2": " ",
        "FEDIRS2": " ",
        "FEDIRP3": " ",
        "NAME3": " ",
        "FETYPE3": " ",
        "FEDIRS3": " ",
        "FMCDL": 56640,
        "FMCDR": 56640,
        "COUNTYL": 75,
        "COUNTYR": 75,
        "NFC": 6,
        "RU_L": 1,
        "RU_R": 1,
        "PR": 915408,
        "BMP": 0.566,
        "EMP": 0.632,
        "BPT": "38011535",
        "EPT": "38011581",
        "LRS_LINK": " 9154083801153538011581",
        "LENGTH": 107.53136616,
        "VER": "17a",
        "Shape.STLength()": 107.53139535493064,
        "ADJ_CNTY": 0,
        "LEGALSYSTEM": 2,
        "PAVENTRA_SEGMENT_ID": "NAP-439-9154083801153538011581"
      }
    },
    {
      "type": "Feature",
      "id": 718558,
      "geometry": {
        "type": "LineString",
        "coordinates": [
          [
            -84.24857631137182,
            42.19018374001521
          ],
          [
            -84.24847967065043,
            42.19023229217543
          ],
          [
            -84.24828468969386,
            42.19031766853669
          ],
          [
            -84.24807068360104,
            42.190374862519036
          ],
          [
            -84.2472997166828,
            42.19041378386339
          ]
        ]
      },
      "properties": {
        "OBJECTID": 718558,
        "FCC": "A31",
        "RDNAME": "Rexford Rd",
        "FRADDL": 4986,
        "TOADDL": 7228,
        "FRADDR": 7201,
        "TOADDR": 7515,
        "ZIPL": 49201,
        "ZIPR": 49201,
        "FEDIRP": " ",
        "NAME": "Rexford",
        "FETYPE": "Rd",
        "FEDIRS": " ",
        "FEDIRP2": " ",
        "NAME2": " ",
        "FETYPE2": " ",
        "FEDIRS2": " ",
        "FEDIRP3": " ",
        "NAME3": " ",
        "FETYPE3": " ",
        "FEDIRS3": " ",
        "FMCDL": 56640,
        "FMCDR": 56640,
        "COUNTYL": 75,
        "COUNTYR": 75,
        "NFC": 6,
        "RU_L": 1,
        "RU_R": 1,
        "PR": 915408,
        "BMP": 0,
        "EMP": 0.069,
        "BPT": "38011587",
        "EPT": "38011568",
        "LRS_LINK": " 9154083801158738011568",
        "LENGTH": 110.89564934,
        "VER": "17a",
        "Shape.STLength()": 110.89567360023734,
        "ADJ_CNTY": 0,
        "LEGALSYSTEM": 2,
        "PAVENTRA_SEGMENT_ID": "NAP-440-9154083801158738011568"
      }
    },
    {
      "type": "Feature",
      "id": 718560,
      "geometry": {
        "type": "LineString",
        "coordinates": [
          [
            -84.31994206660946,
            42.19204231516218
          ],
          [
            -84.31723276389646,
            42.19124069310328
          ]
        ]
      },
      "properties": {
        "OBJECTID": 718560,
        "FCC": "A21",
        "RDNAME": "Brooklyn Rd",
        "FRADDL": 0,
        "TOADDL": 0,
        "FRADDR": 5925,
        "TOADDR": 5887,
        "ZIPL": 49201,
        "ZIPR": 49201,
        "FEDIRP": " ",
        "NAME": "Brooklyn",
        "FETYPE": "Rd",
        "FEDIRS": " ",
        "FEDIRP2": " ",
        "NAME2": "M 50",
        "FETYPE2": " ",
        "FEDIRS2": " ",
        "FEDIRP3": " ",
        "NAME3": " ",
        "FETYPE3": " ",
        "FEDIRS3": " ",
        "FMCDL": 56640,
        "FMCDR": 56640,
        "COUNTYL": 75,
        "COUNTYR": 75,
        "NFC": 4,
        "RU_L": 1,
        "RU_R": 1,
        "PR": 899310,
        "BMP": 4.373,
        "EMP": 4.522,
        "BPT": "38011501",
        "EPT": "38020116",
        "LRS_LINK": " 8993103801150138020116",
        "LENGTH": 240.76010363,
        "VER": "17a",
        "Shape.STLength()": 240.76007515034544,
        "ADJ_CNTY": 0,
        "LEGALSYSTEM": 1,
        "PAVENTRA_SEGMENT_ID": "NAP-441-8993103801150138020116"
      }
    },
    {
      "type": "Feature",
      "id": 718591,
      "geometry": {
        "type": "LineString",
        "coordinates": [
          [
            -84.30293748372226,
            42.192581709365164
          ],
          [
            -84.30291123633498,
            42.19129743605415
          ],
          [
            -84.3029250728848,
            42.19090656531217
          ],
          [
            -84.3029420756699,
            42.190854515517536
          ]
        ]
      },
      "properties": {
        "OBJECTID": 718591,
        "FCC": "A32",
        "RDNAME": "Carbary Dr",
        "FRADDL": 4701,
        "TOADDL": 6099,
        "FRADDR": 4700,
        "TOADDR": 6098,
        "ZIPL": 49201,
        "ZIPR": 49201,
        "FEDIRP": " ",
        "NAME": "Carbary",
        "FETYPE": "Dr",
        "FEDIRS": " ",
        "FEDIRP2": " ",
        "NAME2": " ",
        "FETYPE2": " ",
        "FEDIRS2": " ",
        "FEDIRP3": " ",
        "NAME3": "Carbary",
        "FETYPE3": "Dr",
        "FEDIRS3": " ",
        "FMCDL": 56640,
        "FMCDR": 56640,
        "COUNTYL": 75,
        "COUNTYR": 75,
        "NFC": 7,
        "RU_L": 1,
        "RU_R": 1,
        "PR": 3380668,
        "BMP": 0,
        "EMP": 0.119,
        "BPT": "38011448",
        "EPT": "38011553",
        "LRS_LINK": "33806683801144838011553",
        "LENGTH": 191.97448313,
        "VER": "17a",
        "Shape.STLength()": 191.9744371495932,
        "ADJ_CNTY": 0,
        "LEGALSYSTEM": 3,
        "PAVENTRA_SEGMENT_ID": "NAP-442-33806683801144838011553"
      }
    },
    {
      "type": "Feature",
      "id": 718599,
      "geometry": {
        "type": "LineString",
        "coordinates": [
          [
            -84.31994206660946,
            42.19204231516218
          ],
          [
            -84.32006603447053,
            42.19181431054208
          ],
          [
            -84.32011564483221,
            42.19169553160883
          ],
          [
            -84.32015711424444,
            42.191535253148444
          ],
          [
            -84.32016447157099,
            42.19137905726093
          ],
          [
            -84.32016621969828,
            42.19110037837322
          ]
        ]
      },
      "properties": {
        "OBJECTID": 718599,
        "FCC": "A41",
        "RDNAME": "Donavon Dr",
        "FRADDL": 0,
        "TOADDL": 0,
        "FRADDR": 0,
        "TOADDR": 0,
        "ZIPL": 49201,
        "ZIPR": 49201,
        "FEDIRP": " ",
        "NAME": "Donavon",
        "FETYPE": "Dr",
        "FEDIRS": " ",
        "FEDIRP2": " ",
        "NAME2": " ",
        "FETYPE2": " ",
        "FEDIRS2": " ",
        "FEDIRP3": " ",
        "NAME3": " ",
        "FETYPE3": " ",
        "FEDIRS3": " ",
        "FMCDL": 56640,
        "FMCDR": 56640,
        "COUNTYL": 75,
        "COUNTYR": 75,
        "NFC": 0,
        "RU_L": 1,
        "RU_R": 1,
        "PR": 3381367,
        "BMP": 0,
        "EMP": 0.067,
        "BPT": "38011501",
        "EPT": "38021789",
        "LRS_LINK": "33813673801150138021789",
        "LENGTH": 107.53568153,
        "VER": "17a",
        "Shape.STLength()": 107.53560116775265,
        "ADJ_CNTY": 0,
        "LEGALSYSTEM": 0,
        "PAVENTRA_SEGMENT_ID": "NAP-443-33813673801150138021789"
      }
    },
    {
      "type": "Feature",
      "id": 722225,
      "geometry": {
        "type": "LineString",
        "coordinates": [
          [
            -84.28749003981223,
            42.17885376588781
          ],
          [
            -84.2843479937805,
            42.177533199503266
          ],
          [
            -84.27963785360161,
            42.17548856479171
          ]
        ]
      },
      "properties": {
        "OBJECTID": 722225,
        "FCC": "A21",
        "RDNAME": "Brooklyn Rd",
        "FRADDL": 5744,
        "TOADDL": 5888,
        "FRADDR": 5723,
        "TOADDR": 5879,
        "ZIPL": 49201,
        "ZIPR": 49201,
        "FEDIRP": " ",
        "NAME": "Brooklyn",
        "FETYPE": "Rd",
        "FEDIRS": " ",
        "FEDIRP2": " ",
        "NAME2": "M 50",
        "FETYPE2": " ",
        "FEDIRS2": " ",
        "FEDIRP3": " ",
        "NAME3": " ",
        "FETYPE3": " ",
        "FEDIRS3": " ",
        "FMCDL": 56640,
        "FMCDR": 56640,
        "COUNTYL": 75,
        "COUNTYR": 75,
        "NFC": 4,
        "RU_L": 1,
        "RU_R": 1,
        "PR": 899310,
        "BMP": 6.29,
        "EMP": 6.755,
        "BPT": "38012112",
        "EPT": "38016856",
        "LRS_LINK": " 8993103801211238016856",
        "LENGTH": 748.45165849,
        "VER": "17a",
        "Shape.STLength()": 748.4517115393713,
        "ADJ_CNTY": 0,
        "LEGALSYSTEM": 1,
        "PAVENTRA_SEGMENT_ID": "NAP-444-8993103801211238016856"
      }
    },
    {
      "type": "Feature",
      "id": 722252,
      "geometry": {
        "type": "LineString",
        "coordinates": [
          [
            -84.27963785360161,
            42.17548856479171
          ],
          [
            -84.279377986988,
            42.17537337304498
          ]
        ]
      },
      "properties": {
        "OBJECTID": 722252,
        "FCC": "A21",
        "RDNAME": "Brooklyn Rd",
        "FRADDL": 6500,
        "TOADDL": 6496,
        "FRADDR": 6521,
        "TOADDR": 6519,
        "ZIPL": 49201,
        "ZIPR": 49201,
        "FEDIRP": " ",
        "NAME": "Brooklyn",
        "FETYPE": "Rd",
        "FEDIRS": " ",
        "FEDIRP2": " ",
        "NAME2": "M 50",
        "FETYPE2": " ",
        "FEDIRS2": " ",
        "FEDIRP3": " ",
        "NAME3": " ",
        "FETYPE3": " ",
        "FEDIRS3": " ",
        "FMCDL": 56640,
        "FMCDR": 56640,
        "COUNTYL": 75,
        "COUNTYR": 75,
        "NFC": 4,
        "RU_L": 1,
        "RU_R": 1,
        "PR": 899310,
        "BMP": 6.755,
        "EMP": 6.771,
        "BPT": "38016856",
        "EPT": "38016857",
        "LRS_LINK": " 8993103801685638016857",
        "LENGTH": 24.98441627,
        "VER": "17a",
        "Shape.STLength()": 24.9843084693173,
        "ADJ_CNTY": 0,
        "LEGALSYSTEM": 1,
        "PAVENTRA_SEGMENT_ID": "NAP-445-8993103801685638016857"
      }
    }
  ]
}