road_id,segment_id,road_name,from_street,to_street,jurisdiction,latitude,longitude,road_length_miles,lanes,surface_type,functional_class,pci,condition_date,traffic_level,adt,age_years,freeze_thaw,recommended_treatment,treatment_cost_per_lane_mile,data_status,data_source,data_updated_at
GL-ROAD-1,GL-1-33817163801688238003161,Pleasant Dr,,,Grass Lake Charter Township,42.30500538705122,-84.24746247465126,0.111779,2,Asphalt,Local,65,2026-08-16,Medium,1000,10,Moderate,Crack Seal,1,provisional,Michigan GIS Open Data + Paventra rehearsal assumptions,2026-08-16
GL-ROAD-2,GL-2-9215043801688238003164,Fry Rd,,,Grass Lake Charter Township,42.30500538705122,-84.24746247465126,0.052843,2,Asphalt,Local,65,2026-08-16,Medium,1000,10,Moderate,Crack Seal,1,provisional,Michigan GIS Open Data + Paventra rehearsal assumptions,2026-08-16
GL-ROAD-3,GL-3-9171093800318838003136,Leach Rd,,,Grass Lake Charter Township,42.30367790618636,-84.17457506314666,0.816033,2,Asphalt,Local,65,2026-08-16,Medium,1000,10,Moderate,Crack Seal,1,provisional,Michigan GIS Open Data + Paventra rehearsal assumptions,2026-08-16
GL-ROAD-4,GL-4-9171093800319138003188,Leach Rd,,,Grass Lake Charter Township,42.303671935702376,-84.1752984543169,0.037051,2,Asphalt,Local,65,2026-08-16,Medium,1000,10,Moderate,Crack Seal,1,provisional,Michigan GIS Open Data + Paventra rehearsal assumptions,2026-08-16
GL-ROAD-5,GL-5-33800293800303838003191,Maute Rd,,,Grass Lake Charter Township,42.30722646329953,-84.17560907366384,0.246791,2,Asphalt,Local,65,2026-08-16,Medium,1000,10,Moderate,Crack Seal,1,provisional,Michigan GIS Open Data + Paventra rehearsal assumptions,2026-08-16
GL-ROAD-6,GL-6-33817173801688238003196,Lakeshore Dr,,,Grass Lake Charter Township,42.30500538705122,-84.24746247465126,0.161085,2,Asphalt,Local,65,2026-08-16,Medium,1000,10,Moderate,Crack Seal,1,provisional,Michigan GIS Open Data + Paventra rehearsal assumptions,2026-08-16
GL-ROAD-7,GL-7-9170013800319038003111,List Rd,,,Grass Lake Charter Township,42.30466662455783,-84.23876032151556,0.128867,2,Asphalt,Local,65,2026-08-16,Medium,1000,10,Moderate,Crack Seal,1,provisional,Michigan GIS Open Data + Paventra rehearsal assumptions,2026-08-16
GL-ROAD-8,GL-8-9171093800302038003017,Leach Rd,,,Grass Lake Charter Township,42.30743098285358,-84.15276571948776,0.165116,2,Asphalt,Local,65,2026-08-16,Medium,1000,10,Moderate,Crack Seal,1,provisional,Michigan GIS Open Data + Paventra rehearsal assumptions,2026-08-16
GL-ROAD-9,GL-9-33801173801747738017479,Grass Lake Rest Area,,,Grass Lake Charter Township,42.29274535912538,-84.21390295908566,0.119833,2,Asphalt,Local,65,2026-08-16,Medium,1000,10,Moderate,Crack Seal,1,provisional,Michigan GIS Open Data + Paventra rehearsal assumptions,2026-08-16
GL-ROAD-10,GL-10-18421043801747738017479,Grass Lake Rest Area,,,Grass Lake Charter Township,42.29274535912538,-84.21390295908566,0.144553,2,Asphalt,Local,65,2026-08-16,Medium,1000,10,Moderate,Crack Seal,1,provisional,Michigan GIS Open Data + Paventra rehearsal assumptions,2026-08-16
GL-ROAD-11,GL-11-8978033800365238003628,Mount Hope Rd,,,Grass Lake Charter Township,42.29237303989552,-84.20443533378686,0.030602,2,Asphalt,Local,65,2026-08-16,Medium,1000,10,Moderate,Crack Seal,1,provisional,Michigan GIS Open Data + Paventra rehearsal assumptions,2026-08-16
GL-ROAD-12,GL-12-18421073800363638003629,Ramp WS1A,,,Grass Lake Charter Township,42.29193793745226,-84.18530712304691,0.12289,2,Asphalt,Local,65,2026-08-16,Medium,1000,10,Moderate,Crack Seal,1,provisional,Michigan GIS Open Data + Paventra rehearsal assumptions,2026-08-16
GL-ROAD-13,GL-13-8971073800363638003627,E I 94,,,Grass Lake Charter Township,42.29193793745226,-84.18530712304691,0.120048,2,Asphalt,Local,65,2026-08-16,Medium,1000,10,Moderate,Crack Seal,1,provisional,Michigan GIS Open Data + Paventra rehearsal assumptions,2026-08-16
GL-ROAD-14,GL-14-18421043800366338017477,Ramp RA2A,,,Grass Lake Charter Township,42.29226918805612,-84.21220462375065,0.094754,2,Asphalt,Local,65,2026-08-16,Medium,1000,10,Moderate,Crack Seal,1,provisional,Michigan GIS Open Data + Paventra rehearsal assumptions,2026-08-16
GL-ROAD-15,GL-15-9188053800366638003652,Cedar Knoll Dr,,,Grass Lake Charter Township,42.29250665111656,-84.22882578308004,1.287741,2,Asphalt,Local,65,2026-08-16,Medium,1000,10,Moderate,Crack Seal,1,provisional,Michigan GIS Open Data + Paventra rehearsal assumptions,2026-08-16
GL-ROAD-16,GL-16-9170063800366638003096,Willis Rd,,,Grass Lake Charter Township,42.29250665111656,-84.22882578308004,0.97517,2,Asphalt,Local,65,2026-08-16,Medium,1000,10,Moderate,Crack Seal,1,provisional,Michigan GIS Open Data + Paventra rehearsal assumptions,2026-08-16
GL-ROAD-17,GL-17-8978093800366838003663,W I 94,,,Grass Lake Charter Township,42.29229607486694,-84.21794756356233,0.294184,2,Asphalt,Local,65,2026-08-16,Medium,1000,10,Moderate,Crack Seal,1,provisional,Michigan GIS Open Data + Paventra rehearsal assumptions,2026-08-16
GL-ROAD-18,GL-18-33801173801747938003668,Ramp RA2B,,,Grass Lake Charter Township,42.292715335218325,-84.21624199708849,0.096673,2,Asphalt,Local,65,2026-08-16,Medium,1000,10,Moderate,Crack Seal,1,provisional,Michigan GIS Open Data + Paventra rehearsal assumptions,2026-08-16
GL-ROAD-19,GL-19-8978033800367138003652,Mount Hope Rd,,,Grass Lake Charter Township,42.29201388598815,-84.20442594893078,0.024784,2,Asphalt,Local,65,2026-08-16,Medium,1000,10,Moderate,Crack Seal,1,provisional,Michigan GIS Open Data + Paventra rehearsal assumptions,2026-08-16
GL-ROAD-20,GL-20-18421063800367738016879,Knight Rd,,,Grass Lake Charter Township,42.29164638802919,-84.18243935826834,0.363651,2,Asphalt,Local,65,2026-08-16,Medium,1000,10,Moderate,Crack Seal,1,provisional,Michigan GIS Open Data + Paventra rehearsal assumptions,2026-08-16
GL-ROAD-21,GL-21-9171093800313638003020,Leach Rd,,,Grass Lake Charter Township,42.3047332589332,-84.15885806370743,0.371447,2,Asphalt,Local,65,2026-08-16,Medium,1000,10,Moderate,Crack Seal,1,provisional,Michigan GIS Open Data + Paventra rehearsal assumptions,2026-08-16
GL-ROAD-22,GL-22-9215043800316438003127,Fry Rd,,,Grass Lake Charter Township,42.30576153796292,-84.24760227821923,0.057558,2,Asphalt,Local,65,2026-08-16,Medium,1000,10,Moderate,Crack Seal,1,provisional,Michigan GIS Open Data + Paventra rehearsal assumptions,2026-08-16
GL-ROAD-23,GL-23-33806813800316438003154,Sylvan Ln,,,Grass Lake Charter Township,42.30576153796292,-84.24760227821923,0.031156,2,Asphalt,Local,65,2026-08-16,Medium,1000,10,Moderate,Crack Seal,1,provisional,Michigan GIS Open Data + Paventra rehearsal assumptions,2026-08-16
GL-ROAD-24,GL-24-8971073800375738020138,E I 94,,,Grass Lake Charter Township,42.29036759661391,-84.19952344537386,0.390041,2,Asphalt,Local,65,2026-08-16,Medium,1000,10,Moderate,Crack Seal,1,provisional,Michigan GIS Open Data + Paventra rehearsal assumptions,2026-08-16
GL-ROAD-25,GL-25-8978043800376338003757,Unnamed Road,,,Grass Lake Charter Township,42.29030210710412,-84.20435742439972,0.249139,2,Asphalt,Local,65,2026-08-16,Medium,1000,10,Moderate,Crack Seal,1,provisional,Michigan GIS Open Data + Paventra rehearsal assumptions,2026-08-16
GL-ROAD-26,GL-26-8978033800376338003723,Mount Hope Rd,,,Grass Lake Charter Township,42.29030210710412,-84.20435742439972,0.048538,2,Asphalt,Local,65,2026-08-16,Medium,1000,10,Moderate,Crack Seal,1,provisional,Michigan GIS Open Data + Paventra rehearsal assumptions,2026-08-16
GL-ROAD-27,GL-27-33817553800370438003763,Unnamed Road,,,Grass Lake Charter Township,42.29155246205359,-84.20758572406955,0.190297,2,Asphalt,Local,65,2026-08-16,Medium,1000,10,Moderate,Crack Seal,1,provisional,Michigan GIS Open Data + Paventra rehearsal assumptions,2026-08-16
GL-ROAD-28,GL-28-9171073800376738003742,Kalmbach Rd,,,Grass Lake Charter Township,42.28970355094599,-84.17401497962167,0.046407,2,Asphalt,Local,65,2026-08-16,Medium,1000,10,Moderate,Crack Seal,1,provisional,Michigan GIS Open Data + Paventra rehearsal assumptions,2026-08-16
GL-ROAD-29,GL-29-18421063801688438025368,Knight Rd,,,Grass Lake Charter Township,42.29000892426807,-84.19586770265643,0.534375,2,Asphalt,Local,65,2026-08-16,Medium,1000,10,Moderate,Crack Seal,1,provisional,Michigan GIS Open Data + Paventra rehearsal assumptions,2026-08-16
GL-ROAD-30,GL-30-33801443800377838003764,Reiman Rd,,,Grass Lake Charter Township,42.2889778231172,-84.13942501689698,0.449574,2,Asphalt,Local,65,2026-08-16,Medium,1000,10,Moderate,Crack Seal,1,provisional,Michigan GIS Open Data + Paventra rehearsal assumptions,2026-08-16
GL-ROAD-31,GL-31-8978053800377938016877,Maute Rd,,,Grass Lake Charter Township,42.289545516448655,-84.1751425917409,0.025096,2,Asphalt,Local,65,2026-08-16,Medium,1000,10,Moderate,Crack Seal,1,provisional,Michigan GIS Open Data + Paventra rehearsal assumptions,2026-08-16
GL-ROAD-32,GL-32-18421063800378438016884,Knight Rd,,,Grass Lake Charter Township,42.28998876856903,-84.20435230240079,0.436687,2,Asphalt,Local,65,2026-08-16,Medium,1000,10,Moderate,Crack Seal,1,provisional,Michigan GIS Open Data + Paventra rehearsal assumptions,2026-08-16
GL-ROAD-33,GL-33-8978033800378438003763,Mount Hope Rd,,,Grass Lake Charter Township,42.28998876856903,-84.20435230240079,0.02162,2,Asphalt,Local,65,2026-08-16,Medium,1000,10,Moderate,Crack Seal,1,provisional,Michigan GIS Open Data + Paventra rehearsal assumptions,2026-08-16
GL-ROAD-34,GL-34-8978033800380838003784,Mount Hope Rd,,,Grass Lake Charter Township,42.28959915361197,-84.20434061282148,0.026888,2,Asphalt,Local,65,2026-08-16,Medium,1000,10,Moderate,Crack Seal,1,provisional,Michigan GIS Open Data + Paventra rehearsal assumptions,2026-08-16
GL-ROAD-35,GL-35-18421093800357138003562,Ramp WS2A,,,Grass Lake Charter Township,42.29391893553226,-84.17415637007448,0.047496,2,Asphalt,Local,65,2026-08-16,Medium,1000,10,Moderate,Crack Seal,1,provisional,Michigan GIS Open Data + Paventra rehearsal assumptions,2026-08-16
GL-ROAD-36,GL-36-8971073800358138003582,E I 94,,,Grass Lake Charter Township,42.2934821705323,-84.1739106127215,0.009143,2,Asphalt,Local,65,2026-08-16,Medium,1000,10,Moderate,Crack Seal,1,provisional,Michigan GIS Open Data + Paventra rehearsal assumptions,2026-08-16
GL-ROAD-37,GL-37-33801183800358438003582,Unnamed Road,,,Grass Lake Charter Township,42.29344045092699,-84.17388064666285,0.007664,2,Asphalt,Local,65,2026-08-16,Medium,1000,10,Moderate,Crack Seal,1,provisional,Michigan GIS Open Data + Paventra rehearsal assumptions,2026-08-16
GL-ROAD-38,GL-38-18421093801749038003571,Ramp WS2A,,,Grass Lake Charter Township,42.293294110519305,-84.1703707014128,0.19997,2,Asphalt,Local,65,2026-08-16,Medium,1000,10,Moderate,Crack Seal,1,provisional,Michigan GIS Open Data + Paventra rehearsal assumptions,2026-08-16
GL-ROAD-39,GL-39-8978093800357438017490,W I 94,,,Grass Lake Charter Township,42.29372403601886,-84.17409402649955,0.193235,2,Asphalt,Local,65,2026-08-16,Medium,1000,10,Moderate,Crack Seal,1,provisional,Michigan GIS Open Data + Paventra rehearsal assumptions,2026-08-16
GL-ROAD-40,GL-40-33801183800359538003584,Ramp WS1B,,,Grass Lake Charter Township,42.29331933965508,-84.17522632343436,0.069435,2,Asphalt,Local,65,2026-08-16,Medium,1000,10,Moderate,Crack Seal,1,provisional,Michigan GIS Open Data + Paventra rehearsal assumptions,2026-08-16
GL-ROAD-41,GL-41-33801193800356238003580,W Bnd Grass Lake Weigh Station,,,Grass Lake Charter Township,42.29398334165451,-84.17507954306575,0.311935,2,Asphalt,Local,65,2026-08-16,Medium,1000,10,Moderate,Crack Seal,1,provisional,Michigan GIS Open Data + Paventra rehearsal assumptions,2026-08-16
GL-ROAD-42,GL-42-18421093800356238003580,W Bnd Grass Lake Weigh Station,,,Grass Lake Charter Township,42.29398334165451,-84.17507954306575,0.339212,2,Asphalt,Local,65,2026-08-16,Medium,1000,10,Moderate,Crack Seal,1,provisional,Michigan GIS Open Data + Paventra rehearsal assumptions,2026-08-16
GL-ROAD-43,GL-43-8978093800360638003450,W I 94,,,Grass Lake Charter Township,42.29269850806563,-84.16206132495611,0.574921,2,Asphalt,Local,65,2026-08-16,Medium,1000,10,Moderate,Crack Seal,1,provisional,Michigan GIS Open Data + Paventra rehearsal assumptions,2026-08-16
GL-ROAD-44,GL-44-8978093802013938003606,W I 94,,,Grass Lake Charter Township,42.29266881404293,-84.16226613438943,0.010689,2,Asphalt,Local,65,2026-08-16,Medium,1000,10,Moderate,Crack Seal,1,provisional,Michigan GIS Open Data + Paventra rehearsal assumptions,2026-08-16
GL-ROAD-45,GL-45-33801183800361138003595,E Bnd Grass Lake Weigh Station,,,Grass Lake Charter Township,42.2927804328985,-84.18057771772368,0.277263,2,Asphalt,Local,65,2026-08-16,Medium,1000,10,Moderate,Crack Seal,1,provisional,Michigan GIS Open Data + Paventra rehearsal assumptions,2026-08-16
GL-ROAD-46,GL-46-8978093801749038020139,W I 94,,,Grass Lake Charter Township,42.293294110519305,-84.1703707014128,0.421833,2,Asphalt,Local,65,2026-08-16,Medium,1000,10,Moderate,Crack Seal,1,provisional,Michigan GIS Open Data + Paventra rehearsal assumptions,2026-08-16
GL-ROAD-47,GL-47-8971073800361338003461,E I 94,,,Grass Lake Charter Township,42.2924226044966,-84.16200393280035,0.582253,2,Asphalt,Local,65,2026-08-16,Medium,1000,10,Moderate,Crack Seal,1,provisional,Michigan GIS Open Data + Paventra rehearsal assumptions,2026-08-16
GL-ROAD-48,GL-48-9188053800368038003666,Cedar Knoll Dr,,,Grass Lake Charter Township,42.292392727982126,-84.2386311828998,0.502461,2,Asphalt,Local,65,2026-08-16,Medium,1000,10,Moderate,Crack Seal,1,provisional,Michigan GIS Open Data + Paventra rehearsal assumptions,2026-08-16
GL-ROAD-49,GL-49-9170013800368038003190,List Rd,,,Grass Lake Charter Township,42.292392727982126,-84.2386311828998,0.846864,2,Asphalt,Local,65,2026-08-16,Medium,1000,10,Moderate,Crack Seal,1,provisional,Michigan GIS Open Data + Paventra rehearsal assumptions,2026-08-16
GL-ROAD-50,GL-50-18421063802536838003677,Knight Rd,,,Grass Lake Charter Township,42.29155406007664,-84.18569100915381,0.171631,2,Asphalt,Local,65,2026-08-16,Medium,1000,10,Moderate,Crack Seal,1,provisional,Michigan GIS Open Data + Paventra rehearsal assumptions,2026-08-16
GL-ROAD-51,GL-51-8978093800366338003688,W I 94,,,Grass Lake Charter Township,42.29226918805612,-84.21220462375065,0.227955,2,Asphalt,Local,65,2026-08-16,Medium,1000,10,Moderate,Crack Seal,1,provisional,Michigan GIS Open Data + Paventra rehearsal assumptions,2026-08-16
GL-ROAD-52,GL-52-8987043800367138003688,Unnamed Road,,,Grass Lake Charter Township,42.29201388598815,-84.20442594893078,0.174314,2,Asphalt,Local,65,2026-08-16,Medium,1000,10,Moderate,Crack Seal,1,provisional,Michigan GIS Open Data + Paventra rehearsal assumptions,2026-08-16
GL-ROAD-53,GL-53-9188053800369938003680,Cedar Knoll Dr,,,Grass Lake Charter Township,42.29234840344573,-84.25036543541728,0.65325,2,Asphalt,Local,65,2026-08-16,Medium,1000,10,Moderate,Crack Seal,1,provisional,Michigan GIS Open Data + Paventra rehearsal assumptions,2026-08-16
GL-ROAD-54,GL-54-9192043802140838003702,Knight Rd,,,Grass Lake Charter Township,42.2917625088632,-84.21653681652954,0.357822,2,Asphalt,Local,65,2026-08-16,Medium,1000,10,Moderate,Crack Seal,1,provisional,Michigan GIS Open Data + Paventra rehearsal assumptions,2026-08-16
GL-ROAD-55,GL-55-8978093802013538003668,W I 94,,,Grass Lake Charter Township,42.29205815755693,-84.24600825652962,1.437504,2,Asphalt,Local,65,2026-08-16,Medium,1000,10,Moderate,Crack Seal,1,provisional,Michigan GIS Open Data + Paventra rehearsal assumptions,2026-08-16
GL-ROAD-56,GL-56-9192043800371138021408,Knight Rd,,,Grass Lake Charter Township,42.29173901703156,-84.22881485575077,0.628942,2,Asphalt,Local,65,2026-08-16,Medium,1000,10,Moderate,Crack Seal,1,provisional,Michigan GIS Open Data + Paventra rehearsal assumptions,2026-08-16
GL-ROAD-57,GL-57-8978093800371538020135,W I 94,,,Grass Lake Charter Township,42.29201116960268,-84.25034903638033,0.222381,2,Asphalt,Local,65,2026-08-16,Medium,1000,10,Moderate,Crack Seal,1,provisional,Michigan GIS Open Data + Paventra rehearsal assumptions,2026-08-16
GL-ROAD-58,GL-58-8978033800371038003671,Mount Hope Rd,,,Grass Lake Charter Township,42.29125642859706,-84.20438543800401,0.052301,2,Asphalt,Local,65,2026-08-16,Medium,1000,10,Moderate,Crack Seal,1,provisional,Michigan GIS Open Data + Paventra rehearsal assumptions,2026-08-16
GL-ROAD-59,GL-59-8978093800368838003710,W I 94,,,Grass Lake Charter Township,42.29181928003428,-84.20780151412974,0.179276,2,Asphalt,Local,65,2026-08-16,Medium,1000,10,Moderate,Crack Seal,1,provisional,Michigan GIS Open Data + Paventra rehearsal assumptions,2026-08-16
GL-ROAD-60,GL-60-8971073802013638003704,E I 94,,,Grass Lake Charter Township,42.2917989315989,-84.24600190489087,1.970508,2,Asphalt,Local,65,2026-08-16,Medium,1000,10,Moderate,Crack Seal,1,provisional,Michigan GIS Open Data + Paventra rehearsal assumptions,2026-08-16
GL-ROAD-61,GL-61-8971073800346138003456,E I 94,,,Grass Lake Charter Township,42.29567451781662,-84.15156877438048,0.130587,2,Asphalt,Local,65,2026-08-16,Medium,1000,10,Moderate,Crack Seal,1,provisional,Michigan GIS Open Data + Paventra rehearsal assumptions,2026-08-16
GL-ROAD-62,GL-62-8978083801748038003514,Unnamed Road,,,Grass Lake Charter Township,42.29557334061433,-84.14581230254554,0.06907,2,Asphalt,Local,65,2026-08-16,Medium,1000,10,Moderate,Crack Seal,1,provisional,Michigan GIS Open Data + Paventra rehearsal assumptions,2026-08-16
GL-ROAD-63,GL-63-8978073801748038003446,Clear Lake Rd,,,Grass Lake Charter Township,42.29557334061433,-84.14581230254554,0.046241,2,Asphalt,Local,65,2026-08-16,Medium,1000,10,Moderate,Crack Seal,1,provisional,Michigan GIS Open Data + Paventra rehearsal assumptions,2026-08-16
GL-ROAD-64,GL-64-8978063800345638003499,Unnamed Road,,,Grass Lake Charter Township,42.29612767925836,-84.14909512639447,0.119374,2,Asphalt,Local,65,2026-08-16,Medium,1000,10,Moderate,Crack Seal,1,provisional,Michigan GIS Open Data + Paventra rehearsal assumptions,2026-08-16
GL-ROAD-65,GL-65-8978073800350038017480,Clear Lake Rd,,,Grass Lake Charter Township,42.29539617737781,-84.14581139474627,0.012223,2,Asphalt,Local,65,2026-08-16,Medium,1000,10,Moderate,Crack Seal,1,provisional,Michigan GIS Open Data + Paventra rehearsal assumptions,2026-08-16
GL-ROAD-66,GL-66-33810253801806238017482,Coy Dr,,,Grass Lake Charter Township,42.29513809551603,-84.14150242206173,0.020737,2,Asphalt,Local,65,2026-08-16,Medium,1000,10,Moderate,Crack Seal,1,provisional,Michigan GIS Open Data + Paventra rehearsal assumptions,2026-08-16
GL-ROAD-67,GL-67-9171083800351538003307,Morrissey Rd,,,Grass Lake Charter Township,42.295995026202256,-84.20446045120029,1.556703,2,Asphalt,Local,65,2026-08-16,Medium,1000,10,Moderate,Crack Seal,1,provisional,Michigan GIS Open Data + Paventra rehearsal assumptions,2026-08-16
GL-ROAD-68,GL-68-8978033800351538003267,Mount Hope Rd,,,Grass Lake Charter Township,42.295995026202256,-84.20446045120029,0.400205,2,Asphalt,Local,65,2026-08-16,Medium,1000,10,Moderate,Crack Seal,1,provisional,Michigan GIS Open Data + Paventra rehearsal assumptions,2026-08-16
GL-ROAD-69,GL-69-8978073800352738003500,Clear Lake Rd,,,Grass Lake Charter Township,42.29485742104316,-84.14580495760185,0.037172,2,Asphalt,Local,65,2026-08-16,Medium,1000,10,Moderate,Crack Seal,1,provisional,Michigan GIS Open Data + Paventra rehearsal assumptions,2026-08-16
GL-ROAD-70,GL-70-8978063800349938003527,Unnamed Road,,,Grass Lake Charter Township,42.295465027872616,-84.14705346029298,0.081559,2,Asphalt,Local,65,2026-08-16,Medium,1000,10,Moderate,Crack Seal,1,provisional,Michigan GIS Open Data + Paventra rehearsal assumptions,2026-08-16
GL-ROAD-71,GL-71-33810253800352738018062,Coy Dr,,,Grass Lake Charter Township,42.29485742104316,-84.14580495760185,0.229263,2,Asphalt,Local,65,2026-08-16,Medium,1000,10,Moderate,Crack Seal,1,provisional,Michigan GIS Open Data + Paventra rehearsal assumptions,2026-08-16
GL-ROAD-72,GL-72-33800293800330738003545,Maute Rd,,,Grass Lake Charter Township,42.30006710762926,-84.17572437735936,0.370164,2,Asphalt,Local,65,2026-08-16,Medium,1000,10,Moderate,Crack Seal,1,provisional,Michigan GIS Open Data + Paventra rehearsal assumptions,2026-08-16
GL-ROAD-73,GL-73-33800293800354538016880,Maute Rd,,,Grass Lake Charter Township,42.29470550972303,-84.17560877197259,0.022168,2,Asphalt,Local,65,2026-08-16,Medium,1000,10,Moderate,Crack Seal,1,provisional,Michigan GIS Open Data + Paventra rehearsal assumptions,2026-08-16
GL-ROAD-74,GL-74-33813743802013638020135,I 94 Crossover,,,Grass Lake Charter Township,42.2917989315989,-84.24600190489087,0.017888,2,Asphalt,Local,65,2026-08-16,Medium,1000,10,Moderate,Crack Seal,1,provisional,Michigan GIS Open Data + Paventra rehearsal assumptions,2026-08-16
GL-ROAD-75,GL-75-8971073800372538020136,E I 94,,,Grass Lake Charter Township,42.2917298451702,-84.24951633897126,0.180093,2,Asphalt,Local,65,2026-08-16,Medium,1000,10,Moderate,Crack Seal,1,provisional,Michigan GIS Open Data + Paventra rehearsal assumptions,2026-08-16
GL-ROAD-76,GL-76-8971073800372638003725,E I 94,,,Grass Lake Charter Township,42.29174236736183,-84.25035306811124,0.04287,2,Asphalt,Local,65,2026-08-16,Medium,1000,10,Moderate,Crack Seal,1,provisional,Michigan GIS Open Data + Paventra rehearsal assumptions,2026-08-16
GL-ROAD-77,GL-77-8978033800372338003710,Mount Hope Rd,,,Grass Lake Charter Township,42.29100544975461,-84.20437838537937,0.01732,2,Asphalt,Local,65,2026-08-16,Medium,1000,10,Moderate,Crack Seal,1,provisional,Michigan GIS Open Data + Paventra rehearsal assumptions,2026-08-16
GL-ROAD-78,GL-78-8971073800370438003723,E I 94,,,Grass Lake Charter Township,42.29155246205359,-84.20758572406955,0.168575,2,Asphalt,Local,65,2026-08-16,Medium,1000,10,Moderate,Crack Seal,1,provisional,Michigan GIS Open Data + Paventra rehearsal assumptions,2026-08-16
GL-ROAD-79,GL-79-8978093802013738003620,W I 94,,,Grass Lake Charter Township,42.29078735126078,-84.1920000168389,0.463433,2,Asphalt,Local,65,2026-08-16,Medium,1000,10,Moderate,Crack Seal,1,provisional,Michigan GIS Open Data + Paventra rehearsal assumptions,2026-08-16
GL-ROAD-80,GL-80-33817523800372738003725,Unnamed Road,,,Grass Lake Charter Township,42.29166789004531,-84.2503504205912,0.042939,2,Asphalt,Local,65,2026-08-16,Medium,1000,10,Moderate,Crack Seal,1,provisional,Michigan GIS Open Data + Paventra rehearsal assumptions,2026-08-16
GL-ROAD-81,GL-81-8987053800373138003628,Unnamed Road,,,Grass Lake Charter Township,42.29084369544667,-84.20172361253289,0.209279,2,Asphalt,Local,65,2026-08-16,Medium,1000,10,Moderate,Crack Seal,1,provisional,Michigan GIS Open Data + Paventra rehearsal assumptions,2026-08-16
GL-ROAD-82,GL-82-8978093800371038003731,W I 94,,,Grass Lake Charter Township,42.29125642859706,-84.20438543800401,0.139295,2,Asphalt,Local,65,2026-08-16,Medium,1000,10,Moderate,Crack Seal,1,provisional,Michigan GIS Open Data + Paventra rehearsal assumptions,2026-08-16
GL-ROAD-83,GL-83-8978053801687638016879,Maute Rd,,,Grass Lake Charter Township,42.29036739974664,-84.1750335209674,0.141664,2,Asphalt,Local,65,2026-08-16,Medium,1000,10,Moderate,Crack Seal,1,provisional,Michigan GIS Open Data + Paventra rehearsal assumptions,2026-08-16
GL-ROAD-84,GL-84-8971073802013838003636,E I 94,,,Grass Lake Charter Township,42.29056518055854,-84.19193968836744,0.353337,2,Asphalt,Local,65,2026-08-16,Medium,1000,10,Moderate,Crack Seal,1,provisional,Michigan GIS Open Data + Paventra rehearsal assumptions,2026-08-16
GL-ROAD-85,GL-85-33813753802013838020137,I 94 Crossover,,,Grass Lake Charter Township,42.29056518055854,-84.19193968836744,0.015637,2,Asphalt,Local,65,2026-08-16,Medium,1000,10,Moderate,Crack Seal,1,provisional,Michigan GIS Open Data + Paventra rehearsal assumptions,2026-08-16
GL-ROAD-86,GL-86-9192043800370238003734,Knight Rd,,,Grass Lake Charter Township,42.29155141925384,-84.20956665433111,0.193641,2,Asphalt,Local,65,2026-08-16,Medium,1000,10,Moderate,Crack Seal,1,provisional,Michigan GIS Open Data + Paventra rehearsal assumptions,2026-08-16
GL-ROAD-87,GL-87-8978093800373138020137,W I 94,,,Grass Lake Charter Township,42.29084369544667,-84.20172361253289,0.50048,2,Asphalt,Local,65,2026-08-16,Medium,1000,10,Moderate,Crack Seal,1,provisional,Michigan GIS Open Data + Paventra rehearsal assumptions,2026-08-16
GL-ROAD-88,GL-88-9192043800375338003711,Knight Rd,,,Grass Lake Charter Township,42.29135012310635,-84.2503603907473,1.104405,2,Asphalt,Local,65,2026-08-16,Medium,1000,10,Moderate,Crack Seal,1,provisional,Michigan GIS Open Data + Paventra rehearsal assumptions,2026-08-16
GL-ROAD-89,GL-89-8978073801748138003353,Clear Lake Rd,,,Grass Lake Charter Township,42.29721926494062,-84.14582466408245,0.04684,2,Asphalt,Local,65,2026-08-16,Medium,1000,10,Moderate,Crack Seal,1,provisional,Michigan GIS Open Data + Paventra rehearsal assumptions,2026-08-16
GL-ROAD-90,GL-90-8987073800341038003353,Unnamed Road,,,Grass Lake Charter Township,42.29700504111499,-84.1444426385293,0.098005,2,Asphalt,Local,65,2026-08-16,Medium,1000,10,Moderate,Crack Seal,1,provisional,Michigan GIS Open Data + Paventra rehearsal assumptions,2026-08-16
GL-ROAD-91,GL-91-8978093800342338003408,W I 94,,,Grass Lake Charter Township,42.29650567741994,-84.14268758422737,0.585389,2,Asphalt,Local,65,2026-08-16,Medium,1000,10,Moderate,Crack Seal,1,provisional,Michigan GIS Open Data + Paventra rehearsal assumptions,2026-08-16
GL-ROAD-92,GL-92-8987073800342338003410,Unnamed Road,,,Grass Lake Charter Township,42.29650567741994,-84.14268758422737,0.098496,2,Asphalt,Local,65,2026-08-16,Medium,1000,10,Moderate,Crack Seal,1,provisional,Michigan GIS Open Data + Paventra rehearsal assumptions,2026-08-16
GL-ROAD-93,GL-93-8978093800342738003423,W I 94,,,Grass Lake Charter Township,42.29649580762284,-84.14495809666019,0.1163,2,Asphalt,Local,65,2026-08-16,Medium,1000,10,Moderate,Crack Seal,1,provisional,Michigan GIS Open Data + Paventra rehearsal assumptions,2026-08-16
GL-ROAD-94,GL-94-8978093800343038003427,W I 94,,,Grass Lake Charter Township,42.2964797478373,-84.14582056554741,0.04419,2,Asphalt,Local,65,2026-08-16,Medium,1000,10,Moderate,Crack Seal,1,provisional,Michigan GIS Open Data + Paventra rehearsal assumptions,2026-08-16
GL-ROAD-95,GL-95-8978073800343038017481,Clear Lake Rd,,,Grass Lake Charter Township,42.2964797478373,-84.14582056554741,0.051023,2,Asphalt,Local,65,2026-08-16,Medium,1000,10,Moderate,Crack Seal,1,provisional,Michigan GIS Open Data + Paventra rehearsal assumptions,2026-08-16
GL-ROAD-96,GL-96-8971073800344238003412,E I 94,,,Grass Lake Charter Township,42.29629608466993,-84.14171842373348,0.536013,2,Asphalt,Local,65,2026-08-16,Medium,1000,10,Moderate,Crack Seal,1,provisional,Michigan GIS Open Data + Paventra rehearsal assumptions,2026-08-16
GL-ROAD-97,GL-97-8971073800344538003442,E I 94,,,Grass Lake Charter Township,42.29625120840381,-84.14489552467286,0.162764,2,Asphalt,Local,65,2026-08-16,Medium,1000,10,Moderate,Crack Seal,1,provisional,Michigan GIS Open Data + Paventra rehearsal assumptions,2026-08-16
GL-ROAD-98,GL-98-8971073800344638003445,E I 94,,,Grass Lake Charter Township,42.29624355865781,-84.14581374099063,0.047035,2,Asphalt,Local,65,2026-08-16,Medium,1000,10,Moderate,Crack Seal,1,provisional,Michigan GIS Open Data + Paventra rehearsal assumptions,2026-08-16
GL-ROAD-99,GL-99-8978073800344638003430,Clear Lake Rd,,,Grass Lake Charter Township,42.29624355865781,-84.14581374099063,0.016299,2,Asphalt,Local,65,2026-08-16,Medium,1000,10,Moderate,Crack Seal,1,provisional,Michigan GIS Open Data + Paventra rehearsal assumptions,2026-08-16
GL-ROAD-100,GL-100-8971073800345638003446,E I 94,,,Grass Lake Charter Township,42.29612767925836,-84.14909512639447,0.168404,2,Asphalt,Local,65,2026-08-16,Medium,1000,10,Moderate,Crack Seal,1,provisional,Michigan GIS Open Data + Paventra rehearsal assumptions,2026-08-16
GL-ROAD-101,GL-101-8978093800344038003430,W I 94,,,Grass Lake Charter Township,42.2960837138713,-84.15102725699224,0.268769,2,Asphalt,Local,65,2026-08-16,Medium,1000,10,Moderate,Crack Seal,1,provisional,Michigan GIS Open Data + Paventra rehearsal assumptions,2026-08-16
GL-ROAD-102,GL-102-8987063801748138003440,Unnamed Road,,,Grass Lake Charter Township,42.29721926494062,-84.14582466408245,0.278793,2,Asphalt,Local,65,2026-08-16,Medium,1000,10,Moderate,Crack Seal,1,provisional,Michigan GIS Open Data + Paventra rehearsal assumptions,2026-08-16
GL-ROAD-103,GL-103-8978083800351438003442,Unnamed Road,,,Grass Lake Charter Township,42.29590935849843,-84.14454866795172,0.148047,2,Asphalt,Local,65,2026-08-16,Medium,1000,10,Moderate,Crack Seal,1,provisional,Michigan GIS Open Data + Paventra rehearsal assumptions,2026-08-16
GL-ROAD-104,GL-104-33817163800318538003233,Pleasant Dr,,,Grass Lake Charter Township,42.30468926858699,-84.2449544894447,0.116748,2,Asphalt,Local,65,2026-08-16,Medium,1000,10,Moderate,Crack Seal,1,provisional,Michigan GIS Open Data + Paventra rehearsal assumptions,2026-08-16
GL-ROAD-105,GL-105-9172043800326738003068,Katz Rd,,,Grass Lake Charter Township,42.30172119796403,-84.2047053094778,0.489403,2,Asphalt,Local,65,2026-08-16,Medium,1000,10,Moderate,Crack Seal,1,provisional,Michigan GIS Open Data + Paventra rehearsal assumptions,2026-08-16
GL-ROAD-106,GL-106-8978033800326738003079,Mount Hope Rd,,,Grass Lake Charter Township,42.30172119796403,-84.2047053094778,0.455721,2,Asphalt,Local,65,2026-08-16,Medium,1000,10,Moderate,Crack Seal,1,provisional,Michigan GIS Open Data + Paventra rehearsal assumptions,2026-08-16
GL-ROAD-107,GL-107-33800293800321238003307,Maute Rd,,,Grass Lake Charter Township,42.30314390580363,-84.17529770795383,0.219912,2,Asphalt,Local,65,2026-08-16,Medium,1000,10,Moderate,Crack Seal,1,provisional,Michigan GIS Open Data + Paventra rehearsal assumptions,2026-08-16
GL-ROAD-108,GL-108-8978033801806938003808,Mount Hope Rd,,,Grass Lake Charter Township,42.28664781483907,-84.20427732810975,0.203652,2,Asphalt,Local,65,2026-08-16,Medium,1000,10,Moderate,Crack Seal,1,provisional,Michigan GIS Open Data + Paventra rehearsal assumptions,2026-08-16
GL-ROAD-109,GL-109-33810273802021538018069,Homestead Blvd,,,Grass Lake Charter Township,42.286618689401685,-84.20582025725002,0.079068,2,Asphalt,Local,65,2026-08-16,Medium,1000,10,Moderate,Crack Seal,1,provisional,Michigan GIS Open Data + Paventra rehearsal assumptions,2026-08-16
GL-ROAD-110,GL-110-33814123802021538020217,Deerfield Ct,,,Grass Lake Charter Township,42.286618689401685,-84.20582025725002,0.071554,2,Asphalt,Local,65,2026-08-16,Medium,1000,10,Moderate,Crack Seal,1,provisional,Michigan GIS Open Data + Paventra rehearsal assumptions,2026-08-16
GL-ROAD-111,GL-111-33810273802021938020215,Homestead Blvd,,,Grass Lake Charter Township,42.28685170463352,-84.20745440198958,0.087222,2,Asphalt,Local,65,2026-08-16,Medium,1000,10,Moderate,Crack Seal,1,provisional,Michigan GIS Open Data + Paventra rehearsal assumptions,2026-08-16
GL-ROAD-112,GL-112-9172053802555338016888,Sager Rd,,,Grass Lake Charter Township,42.28551801041875,-84.15043168772695,0.780915,2,Asphalt,Local,65,2026-08-16,Medium,1000,10,Moderate,Crack Seal,1,provisional,Michigan GIS Open Data + Paventra rehearsal assumptions,2026-08-16
GL-ROAD-113,GL-113-33806843801688838025552,Sportsman Rdg,,,Grass Lake Charter Township,42.28561663277746,-84.16546497608837,0.177111,2,Asphalt,Local,65,2026-08-16,Medium,1000,10,Moderate,Crack Seal,1,provisional,Michigan GIS Open Data + Paventra rehearsal assumptions,2026-08-16
GL-ROAD-114,GL-114-9172053801688838003953,Sager Rd,,,Grass Lake Charter Township,42.28561663277746,-84.16546497608837,0.126217,2,Asphalt,Local,65,2026-08-16,Medium,1000,10,Moderate,Crack Seal,1,provisional,Michigan GIS Open Data + Paventra rehearsal assumptions,2026-08-16
GL-ROAD-115,GL-115-9171073800395338025554,Kalmbach Rd,,,Grass Lake Charter Township,42.28565058370395,-84.16792829340952,0.103077,2,Asphalt,Local,65,2026-08-16,Medium,1000,10,Moderate,Crack Seal,1,provisional,Michigan GIS Open Data + Paventra rehearsal assumptions,2026-08-16
GL-ROAD-116,GL-116-33815693802140838021399,Lake Bluff Dr,,,Grass Lake Charter Township,42.2917625088632,-84.21653681652954,0.40014,2,Asphalt,Local,65,2026-08-16,Medium,1000,10,Moderate,Crack Seal,1,provisional,Michigan GIS Open Data + Paventra rehearsal assumptions,2026-08-16
GL-ROAD-117,GL-117-9170033800318538003190,Edna Dr,,,Grass Lake Charter Township,42.30468926858699,-84.2449544894447,0.317673,2,Asphalt,Local,65,2026-08-16,Medium,1000,10,Moderate,Crack Seal,1,provisional,Michigan GIS Open Data + Paventra rehearsal assumptions,2026-08-16
GL-ROAD-118,GL-118-33817163800316138003185,Pleasant Dr,,,Grass Lake Charter Township,42.305343519162726,-84.24560917204607,0.056371,2,Asphalt,Local,65,2026-08-16,Medium,1000,10,Moderate,Crack Seal,1,provisional,Michigan GIS Open Data + Paventra rehearsal assumptions,2026-08-16
GL-ROAD-119,GL-119-33806783800321238003188,Leach Rd,,,Grass Lake Charter Township,42.30314390580363,-84.17529770795383,0.053437,2,Asphalt,Local,65,2026-08-16,Medium,1000,10,Moderate,Crack Seal,1,provisional,Michigan GIS Open Data + Paventra rehearsal assumptions,2026-08-16
GL-ROAD-120,GL-120-33800293800319138003212,Maute Rd,,,Grass Lake Charter Township,42.303671935702376,-84.1752984543169,0.036431,2,Asphalt,Local,65,2026-08-16,Medium,1000,10,Moderate,Crack Seal,1,provisional,Michigan GIS Open Data + Paventra rehearsal assumptions,2026-08-16
GL-ROAD-121,GL-121-33801443801904238003778,Reiman Rd,,,Grass Lake Charter Township,42.28726635073195,-84.14082710958027,0.146448,2,Asphalt,Local,65,2026-08-16,Medium,1000,10,Moderate,Crack Seal,1,provisional,Michigan GIS Open Data + Paventra rehearsal assumptions,2026-08-16
GL-ROAD-122,GL-122-33801443800387338019042,Reiman Rd,,,Grass Lake Charter Township,42.28669158745517,-84.14092555829737,0.040445,2,Asphalt,Local,65,2026-08-16,Medium,1000,10,Moderate,Crack Seal,1,provisional,Michigan GIS Open Data + Paventra rehearsal assumptions,2026-08-16
GL-ROAD-123,GL-123-8978073800387338003527,Clear Lake Rd,,,Grass Lake Charter Township,42.28669158745517,-84.14092555829737,0.685207,2,Asphalt,Local,65,2026-08-16,Medium,1000,10,Moderate,Crack Seal,1,provisional,Michigan GIS Open Data + Paventra rehearsal assumptions,2026-08-16
GL-ROAD-124,GL-124-9171073802555438003767,Kalmbach Rd,,,Grass Lake Charter Township,42.28711485246431,-84.16832374361852,0.34787,2,Asphalt,Local,65,2026-08-16,Medium,1000,10,Moderate,Crack Seal,1,provisional,Michigan GIS Open Data + Paventra rehearsal assumptions,2026-08-16
GL-ROAD-125,GL-125-33814113802021738020218,Preserve Ct,,,Grass Lake Charter Township,42.28765577566084,-84.2058286014539,0.038975,2,Asphalt,Local,65,2026-08-16,Medium,1000,10,Moderate,Crack Seal,1,provisional,Michigan GIS Open Data + Paventra rehearsal assumptions,2026-08-16
GL-ROAD-126,GL-126-33814123802021738020216,Deerfield Ct,,,Grass Lake Charter Township,42.28765577566084,-84.2058286014539,0.068678,2,Asphalt,Local,65,2026-08-16,Medium,1000,10,Moderate,Crack Seal,1,provisional,Michigan GIS Open Data + Paventra rehearsal assumptions,2026-08-16
GL-ROAD-127,GL-127-33806823801688438016885,Elmer Dr,,,Grass Lake Charter Township,42.29000892426807,-84.19586770265643,0.197882,2,Asphalt,Local,65,2026-08-16,Medium,1000,10,Moderate,Crack Seal,1,provisional,Michigan GIS Open Data + Paventra rehearsal assumptions,2026-08-16
GL-ROAD-128,GL-128-33810263801806638003702,Tims Lake Blvd,,,Grass Lake Charter Township,42.2868965885637,-84.20941481912901,0.360761,2,Asphalt,Local,65,2026-08-16,Medium,1000,10,Moderate,Crack Seal,1,provisional,Michigan GIS Open Data + Paventra rehearsal assumptions,2026-08-16
GL-ROAD-129,GL-129-33814133802021938020220,Waterway Ct,,,Grass Lake Charter Township,42.28685170463352,-84.20745440198958,0.066012,2,Asphalt,Local,65,2026-08-16,Medium,1000,10,Moderate,Crack Seal,1,provisional,Michigan GIS Open Data + Paventra rehearsal assumptions,2026-08-16
GL-ROAD-130,GL-130-9171073800374238016876,Kalmbach Rd,,,Grass Lake Charter Township,42.29004498052737,-84.17479443272198,0.025993,2,Asphalt,Local,65,2026-08-16,Medium,1000,10,Moderate,Crack Seal,1,provisional,Michigan GIS Open Data + Paventra rehearsal assumptions,2026-08-16
GL-ROAD-131,GL-131-8971073800372338003757,E I 94,,,Grass Lake Charter Township,42.29100544975461,-84.20437838537937,0.252655,2,Asphalt,Local,65,2026-08-16,Medium,1000,10,Moderate,Crack Seal,1,provisional,Michigan GIS Open Data + Paventra rehearsal assumptions,2026-08-16
GL-ROAD-132,GL-132-33806763801687738003742,Maute Rd,,,Grass Lake Charter Township,42.28990799273428,-84.17510178968203,0.018437,2,Asphalt,Local,65,2026-08-16,Medium,1000,10,Moderate,Crack Seal,1,provisional,Michigan GIS Open Data + Paventra rehearsal assumptions,2026-08-16
GL-ROAD-133,GL-133-8978053801687738016876,Maute Rd,,,Grass Lake Charter Township,42.28990799273428,-84.17510178968203,0.031889,2,Asphalt,Local,65,2026-08-16,Medium,1000,10,Moderate,Crack Seal,1,provisional,Michigan GIS Open Data + Paventra rehearsal assumptions,2026-08-16
GL-ROAD-134,GL-134-9171063800422138019459,Bohne Rd,,,Grass Lake Charter Township,42.27788626304071,-84.20421831972693,0.297233,2,Asphalt,Local,65,2026-08-16,Medium,1000,10,Moderate,Crack Seal,1,provisional,Michigan GIS Open Data + Paventra rehearsal assumptions,2026-08-16
GL-ROAD-135,GL-135-8978033800422138016886,Mount Hope Rd,,,Grass Lake Charter Township,42.27788626304071,-84.20421831972693,0.335786,2,Asphalt,Local,65,2026-08-16,Medium,1000,10,Moderate,Crack Seal,1,provisional,Michigan GIS Open Data + Paventra rehearsal assumptions,2026-08-16
GL-ROAD-136,GL-136-33815503800422138021372,Faholo Way,,,Grass Lake Charter Township,42.27788626304071,-84.20421831972693,0.477005,2,Asphalt,Local,65,2026-08-16,Medium,1000,10,Moderate,Crack Seal,1,provisional,Michigan GIS Open Data + Paventra rehearsal assumptions,2026-08-16
GL-ROAD-137,GL-137-33815503802137238021373,Faholo Way,,,Grass Lake Charter Township,42.277780835758286,-84.21352616345376,0.100018,2,Asphalt,Local,65,2026-08-16,Medium,1000,10,Moderate,Crack Seal,1,provisional,Michigan GIS Open Data + Paventra rehearsal assumptions,2026-08-16
GL-ROAD-138,GL-138-33815573802137038021373,Trask Dr,,,Grass Lake Charter Township,42.27868156990148,-84.21614449319216,0.072798,2,Asphalt,Local,65,2026-08-16,Medium,1000,10,Moderate,Crack Seal,1,provisional,Michigan GIS Open Data + Paventra rehearsal assumptions,2026-08-16
GL-ROAD-139,GL-139-33815503802137338021374,Faholo Way,,,Grass Lake Charter Township,42.27777226655234,-84.21547823673774,0.036632,2,Asphalt,Local,65,2026-08-16,Medium,1000,10,Moderate,Crack Seal,1,provisional,Michigan GIS Open Data + Paventra rehearsal assumptions,2026-08-16
GL-ROAD-140,GL-140-33815503802137438021375,Faholo Way,,,Grass Lake Charter Township,42.27772302438936,-84.21618590687495,0.009497,2,Asphalt,Local,65,2026-08-16,Medium,1000,10,Moderate,Crack Seal,1,provisional,Michigan GIS Open Data + Paventra rehearsal assumptions,2026-08-16
GL-ROAD-141,GL-141-33815553802137538021369,Trask Dr,,,Grass Lake Charter Township,42.27767391850964,-84.21635906421797,0.070912,2,Asphalt,Local,65,2026-08-16,Medium,1000,10,Moderate,Crack Seal,1,provisional,Michigan GIS Open Data + Paventra rehearsal assumptions,2026-08-16
GL-ROAD-142,GL-142-33811513801946538019459,Tall Grass Dr,,,Grass Lake Charter Township,42.27713103255789,-84.19847357182377,0.05941,2,Asphalt,Local,65,2026-08-16,Medium,1000,10,Moderate,Crack Seal,1,provisional,Michigan GIS Open Data + Paventra rehearsal assumptions,2026-08-16
GL-ROAD-143,GL-143-33810343801809138019465,Sand Hill Dr,,,Grass Lake Charter Township,42.27718707598655,-84.1998986050296,0.073429,2,Asphalt,Local,65,2026-08-16,Medium,1000,10,Moderate,Crack Seal,1,provisional,Michigan GIS Open Data + Paventra rehearsal assumptions,2026-08-16
GL-ROAD-144,GL-144-8971073802014038003613,E I 94,,,Grass Lake Charter Township,42.29240274661873,-84.16221836191008,0.011069,2,Asphalt,Local,65,2026-08-16,Medium,1000,10,Moderate,Crack Seal,1,provisional,Michigan GIS Open Data + Paventra rehearsal assumptions,2026-08-16
GL-ROAD-145,GL-145-33813763802014038020139,I 94 Crossovers,,,Grass Lake Charter Township,42.29240274661873,-84.16221836191008,0.018519,2,Asphalt,Local,65,2026-08-16,Medium,1000,10,Moderate,Crack Seal,1,provisional,Michigan GIS Open Data + Paventra rehearsal assumptions,2026-08-16
GL-ROAD-146,GL-146-8978093800361438003574,W I 94,,,Grass Lake Charter Township,42.2927042096356,-84.18311326392907,0.470404,2,Asphalt,Local,65,2026-08-16,Medium,1000,10,Moderate,Crack Seal,1,provisional,Michigan GIS Open Data + Paventra rehearsal assumptions,2026-08-16
GL-ROAD-147,GL-147-33801193800358038003614,Ramp WS2B,,,Grass Lake Charter Township,42.29340264004571,-84.18110054712339,0.113925,2,Asphalt,Local,65,2026-08-16,Medium,1000,10,Moderate,Crack Seal,1,provisional,Michigan GIS Open Data + Paventra rehearsal assumptions,2026-08-16
GL-ROAD-148,GL-148-8978093800362038003614,W I 94,,,Grass Lake Charter Township,42.292652625313394,-84.18331555762384,0.010956,2,Asphalt,Local,65,2026-08-16,Medium,1000,10,Moderate,Crack Seal,1,provisional,Michigan GIS Open Data + Paventra rehearsal assumptions,2026-08-16
GL-ROAD-149,GL-149-8971073800358238020140,E I 94,,,Grass Lake Charter Township,42.293462727501,-84.17373406041631,0.599083,2,Asphalt,Local,65,2026-08-16,Medium,1000,10,Moderate,Crack Seal,1,provisional,Michigan GIS Open Data + Paventra rehearsal assumptions,2026-08-16
GL-ROAD-150,GL-150-18421073800361138003595,E Bnd Grass Lake Weigh Station,,,Grass Lake Charter Township,42.2927804328985,-84.18057771772368,0.298319,2,Asphalt,Local,65,2026-08-16,Medium,1000,10,Moderate,Crack Seal,1,provisional,Michigan GIS Open Data + Paventra rehearsal assumptions,2026-08-16
GL-ROAD-151,GL-151-8978033800362838003515,Mount Hope Rd,,,Grass Lake Charter Township,42.29281658665872,-84.20443443454774,0.219307,2,Asphalt,Local,65,2026-08-16,Medium,1000,10,Moderate,Crack Seal,1,provisional,Michigan GIS Open Data + Paventra rehearsal assumptions,2026-08-16
GL-ROAD-152,GL-152-8971073800362738003581,E I 94,,,Grass Lake Charter Township,42.29245893075248,-84.18307107285635,0.477913,2,Asphalt,Local,65,2026-08-16,Medium,1000,10,Moderate,Crack Seal,1,provisional,Michigan GIS Open Data + Paventra rehearsal assumptions,2026-08-16
GL-ROAD-153,GL-153-18421073800362938003611,Ramp WS1A,,,Grass Lake Charter Township,42.29233436509591,-84.1829710046437,0.126398,2,Asphalt,Local,65,2026-08-16,Medium,1000,10,Moderate,Crack Seal,1,provisional,Michigan GIS Open Data + Paventra rehearsal assumptions,2026-08-16
GL-ROAD-154,GL-154-9165023800413938020213,N Francisco Rd,,,Grass Lake Charter Township,42.278631938484665,-84.14081343722775,0.259648,2,Asphalt,Local,65,2026-08-16,Medium,1000,10,Moderate,Crack Seal,1,provisional,Michigan GIS Open Data + Paventra rehearsal assumptions,2026-08-16
GL-ROAD-155,GL-155-9171063802555038004139,Bohne Rd,,,Grass Lake Charter Township,42.27860468954713,-84.14360108792617,0.142839,2,Asphalt,Local,65,2026-08-16,Medium,1000,10,Moderate,Crack Seal,1,provisional,Michigan GIS Open Data + Paventra rehearsal assumptions,2026-08-16
GL-ROAD-156,GL-156-9171063800415338025550,Bohne Rd,,,Grass Lake Charter Township,42.278537659282016,-84.1504836430321,0.352662,2,Asphalt,Local,65,2026-08-16,Medium,1000,10,Moderate,Crack Seal,1,provisional,Michigan GIS Open Data + Paventra rehearsal assumptions,2026-08-16
GL-ROAD-157,GL-157-9172053800415338025553,Sager Rd,,,Grass Lake Charter Township,42.278537659282016,-84.1504836430321,0.481651,2,Asphalt,Local,65,2026-08-16,Medium,1000,10,Moderate,Crack Seal,1,provisional,Michigan GIS Open Data + Paventra rehearsal assumptions,2026-08-16
GL-ROAD-158,GL-158-33815563802136638021367,Scott Circle Dr,,,Grass Lake Charter Township,42.27989701910093,-84.21463597824192,0.025014,2,Asphalt,Local,65,2026-08-16,Medium,1000,10,Moderate,Crack Seal,1,provisional,Michigan GIS Open Data + Paventra rehearsal assumptions,2026-08-16
GL-ROAD-159,GL-159-33815583802136738021368,Trask Dr,,,Grass Lake Charter Township,42.27956852588464,-84.2144949834128,0.059197,2,Asphalt,Local,65,2026-08-16,Medium,1000,10,Moderate,Crack Seal,1,provisional,Michigan GIS Open Data + Paventra rehearsal assumptions,2026-08-16
GL-ROAD-160,GL-160-9171063800416538004153,Bohne Rd,,,Grass Lake Charter Township,42.27837779556216,-84.1670463544019,0.848674,2,Asphalt,Local,65,2026-08-16,Medium,1000,10,Moderate,Crack Seal,1,provisional,Michigan GIS Open Data + Paventra rehearsal assumptions,2026-08-16
GL-ROAD-161,GL-161-9171073800416538003953,Kalmbach Rd,,,Grass Lake Charter Township,42.27837779556216,-84.1670463544019,0.515318,2,Asphalt,Local,65,2026-08-16,Medium,1000,10,Moderate,Crack Seal,1,provisional,Michigan GIS Open Data + Paventra rehearsal assumptions,2026-08-16
GL-ROAD-162,GL-162-9171063800417738004165,Bohne Rd,,,Grass Lake Charter Township,42.27826470647393,-84.17510355288243,0.41289,2,Asphalt,Local,65,2026-08-16,Medium,1000,10,Moderate,Crack Seal,1,provisional,Michigan GIS Open Data + Paventra rehearsal assumptions,2026-08-16
GL-ROAD-163,GL-163-8978053800417738003779,Maute Rd,,,Grass Lake Charter Township,42.27826470647393,-84.17510355288243,0.778307,2,Asphalt,Local,65,2026-08-16,Medium,1000,10,Moderate,Crack Seal,1,provisional,Michigan GIS Open Data + Paventra rehearsal assumptions,2026-08-16
GL-ROAD-164,GL-164-33815553802136938021366,Scott Circle Dr,,,Grass Lake Charter Township,42.27869224643964,-84.21652482215362,0.136067,2,Asphalt,Local,65,2026-08-16,Medium,1000,10,Moderate,Crack Seal,1,provisional,Michigan GIS Open Data + Paventra rehearsal assumptions,2026-08-16
GL-ROAD-165,GL-165-33815573802136838021370,Trask Dr,,,Grass Lake Charter Township,42.27917272810548,-84.21545681044367,0.054576,2,Asphalt,Local,65,2026-08-16,Medium,1000,10,Moderate,Crack Seal,1,provisional,Michigan GIS Open Data + Paventra rehearsal assumptions,2026-08-16
GL-ROAD-166,GL-166-33815563802137038021369,Scott Circle Dr,,,Grass Lake Charter Township,42.27868156990148,-84.21614449319216,0.0195,2,Asphalt,Local,65,2026-08-16,Medium,1000,10,Moderate,Crack Seal,1,provisional,Michigan GIS Open Data + Paventra rehearsal assumptions,2026-08-16
GL-ROAD-167,GL-167-9171063800419038004177,Bohne Rd,,,Grass Lake Charter Township,42.27815694504508,-84.18477079471437,0.49537,2,Asphalt,Local,65,2026-08-16,Medium,1000,10,Moderate,Crack Seal,1,provisional,Michigan GIS Open Data + Paventra rehearsal assumptions,2026-08-16
GL-ROAD-168,GL-168-33815583802136838021371,Trask Dr,,,Grass Lake Charter Township,42.27917272810548,-84.21545681044367,0.0413,2,Asphalt,Local,65,2026-08-16,Medium,1000,10,Moderate,Crack Seal,1,provisional,Michigan GIS Open Data + Paventra rehearsal assumptions,2026-08-16
GL-ROAD-169,GL-169-33815563802137138021370,Scott Circle Dr,,,Grass Lake Charter Township,42.27865334812703,-84.21585714699911,0.014851,2,Asphalt,Local,65,2026-08-16,Medium,1000,10,Moderate,Crack Seal,1,provisional,Michigan GIS Open Data + Paventra rehearsal assumptions,2026-08-16
GL-ROAD-170,GL-170-33815563802136738021371,Scott Circle Dr,,,Grass Lake Charter Township,42.27956852588464,-84.2144949834128,0.161646,2,Asphalt,Local,65,2026-08-16,Medium,1000,10,Moderate,Crack Seal,1,provisional,Michigan GIS Open Data + Paventra rehearsal assumptions,2026-08-16
GL-ROAD-171,GL-171-9165023800419938004139,N Francisco Rd,,,Grass Lake Charter Township,42.27732484208437,-84.14079914971866,0.090257,2,Asphalt,Local,65,2026-08-16,Medium,1000,10,Moderate,Crack Seal,1,provisional,Michigan GIS Open Data + Paventra rehearsal assumptions,2026-08-16
GL-ROAD-172,GL-172-9192043800373438003808,Knight Rd,,,Grass Lake Charter Township,42.29076450298791,-84.20595395286277,0.124051,2,Asphalt,Local,65,2026-08-16,Medium,1000,10,Moderate,Crack Seal,1,provisional,Michigan GIS Open Data + Paventra rehearsal assumptions,2026-08-16
GL-ROAD-173,GL-173-33817183801688938025552,Sportsman Rdg,,,Grass Lake Charter Township,42.28880673665646,-84.1647468579244,0.080087,2,Asphalt,Local,65,2026-08-16,Medium,1000,10,Moderate,Crack Seal,1,provisional,Michigan GIS Open Data + Paventra rehearsal assumptions,2026-08-16
GL-ROAD-174,GL-174-33806843802555238016889,Sportsman Rdg,,,Grass Lake Charter Township,42.28813467722959,-84.16522400963485,0.065076,2,Asphalt,Local,65,2026-08-16,Medium,1000,10,Moderate,Crack Seal,1,provisional,Michigan GIS Open Data + Paventra rehearsal assumptions,2026-08-16
GL-ROAD-175,GL-175-33815523802137738021378,Cooley Dr,,,Grass Lake Charter Township,42.27615496750634,-84.21611669075942,0.047457,2,Asphalt,Local,65,2026-08-16,Medium,1000,10,Moderate,Crack Seal,1,provisional,Michigan GIS Open Data + Paventra rehearsal assumptions,2026-08-16
GL-ROAD-176,GL-176-33815513802137238021379,Frick Dr,,,Grass Lake Charter Township,42.277780835758286,-84.21352616345376,0.240243,2,Asphalt,Local,65,2026-08-16,Medium,1000,10,Moderate,Crack Seal,1,provisional,Michigan GIS Open Data + Paventra rehearsal assumptions,2026-08-16
GL-ROAD-177,GL-177-33811513801946438019465,Tall Grass Dr,,,Grass Lake Charter Township,42.274351622994985,-84.19823197386866,0.194112,2,Asphalt,Local,65,2026-08-16,Medium,1000,10,Moderate,Crack Seal,1,provisional,Michigan GIS Open Data + Paventra rehearsal assumptions,2026-08-16
GL-ROAD-178,GL-178-33810333801946438019463,Sand Hill Dr,,,Grass Lake Charter Township,42.274351622994985,-84.19823197386866,0.089512,2,Asphalt,Local,65,2026-08-16,Medium,1000,10,Moderate,Crack Seal,1,provisional,Michigan GIS Open Data + Paventra rehearsal assumptions,2026-08-16
GL-ROAD-179,GL-179-9165023802555138003873,N Francisco Rd,,,Grass Lake Charter Township,42.28407939337296,-84.14082345907796,0.181004,2,Asphalt,Local,65,2026-08-16,Medium,1000,10,Moderate,Crack Seal,1,provisional,Michigan GIS Open Data + Paventra rehearsal assumptions,2026-08-16
GL-ROAD-180,GL-180-9214083800482638004764,Island Dr,,,Grass Lake Charter Township,42.267145926767526,-84.21004966907519,0.315449,2,Asphalt,Local,65,2026-08-16,Medium,1000,10,Moderate,Crack Seal,1,provisional,Michigan GIS Open Data + Paventra rehearsal assumptions,2026-08-16
GL-ROAD-181,GL-181-9214083800480438004826,Island Dr,,,Grass Lake Charter Township,42.267522323262696,-84.21522873724058,0.279987,2,Asphalt,Local,65,2026-08-16,Medium,1000,10,Moderate,Crack Seal,1,provisional,Michigan GIS Open Data + Paventra rehearsal assumptions,2026-08-16
GL-ROAD-182,GL-182-33812043801969438019695,E Pinnacle Dr,,,Grass Lake Charter Township,42.26692242107754,-84.20411934759515,0.057015,2,Asphalt,Local,65,2026-08-16,Medium,1000,10,Moderate,Crack Seal,1,provisional,Michigan GIS Open Data + Paventra rehearsal assumptions,2026-08-16
GL-ROAD-183,GL-183-8978033801969438004764,Mount Hope Rd,,,Grass Lake Charter Township,42.26692242107754,-84.20411934759515,0.074973,2,Asphalt,Local,65,2026-08-16,Medium,1000,10,Moderate,Crack Seal,1,provisional,Michigan GIS Open Data + Paventra rehearsal assumptions,2026-08-16
GL-ROAD-184,GL-184-8978053800485738004177,Maute Rd,,,Grass Lake Charter Township,42.266108730858285,-84.1749663768539,0.838713,2,Asphalt,Local,65,2026-08-16,Medium,1000,10,Moderate,Crack Seal,1,provisional,Michigan GIS Open Data + Paventra rehearsal assumptions,2026-08-16
GL-ROAD-185,GL-185-9214083801690438004804,Island Dr,,,Grass Lake Charter Township,42.26668873393882,-84.21678401770974,0.120402,2,Asphalt,Local,65,2026-08-16,Medium,1000,10,Moderate,Crack Seal,1,provisional,Michigan GIS Open Data + Paventra rehearsal assumptions,2026-08-16
GL-ROAD-186,GL-186-9215183800482638004865,Jill St,,,Grass Lake Charter Township,42.267145926767526,-84.21004966907519,0.072917,2,Asphalt,Local,65,2026-08-16,Medium,1000,10,Moderate,Crack Seal,1,provisional,Michigan GIS Open Data + Paventra rehearsal assumptions,2026-08-16
GL-ROAD-187,GL-187-9215053801690538004804,Island Dr,,,Grass Lake Charter Township,42.26641335589007,-84.21569805113437,0.080245,2,Asphalt,Local,65,2026-08-16,Medium,1000,10,Moderate,Crack Seal,1,provisional,Michigan GIS Open Data + Paventra rehearsal assumptions,2026-08-16
GL-ROAD-188,GL-188-9215063801690438016905,Island Dr,,,Grass Lake Charter Township,42.26668873393882,-84.21678401770974,0.058804,2,Asphalt,Local,65,2026-08-16,Medium,1000,10,Moderate,Crack Seal,1,provisional,Michigan GIS Open Data + Paventra rehearsal assumptions,2026-08-16
GL-ROAD-189,GL-189-33812043801969538019696,E Pinnacle Dr,,,Grass Lake Charter Township,42.26691800035094,-84.20300677375303,0.37344,2,Asphalt,Local,65,2026-08-16,Medium,1000,10,Moderate,Crack Seal,1,provisional,Michigan GIS Open Data + Paventra rehearsal assumptions,2026-08-16
GL-ROAD-190,GL-190-9215053800488538016905,Island Dr,,,Grass Lake Charter Township,42.26614537586698,-84.21586553113308,0.021031,2,Asphalt,Local,65,2026-08-16,Medium,1000,10,Moderate,Crack Seal,1,provisional,Michigan GIS Open Data + Paventra rehearsal assumptions,2026-08-16
GL-ROAD-191,GL-191-9214083800488538016904,Island Dr,,,Grass Lake Charter Township,42.26614537586698,-84.21586553113308,0.075696,2,Asphalt,Local,65,2026-08-16,Medium,1000,10,Moderate,Crack Seal,1,provisional,Michigan GIS Open Data + Paventra rehearsal assumptions,2026-08-16
GL-ROAD-192,GL-192-9171063800420038004190,Bohne Rd,,,Grass Lake Charter Township,42.27809017768268,-84.18957607238357,0.246246,2,Asphalt,Local,65,2026-08-16,Medium,1000,10,Moderate,Crack Seal,1,provisional,Michigan GIS Open Data + Paventra rehearsal assumptions,2026-08-16
GL-ROAD-193,GL-193-9171063801945938004200,Bohne Rd,,,Grass Lake Charter Township,42.27799077583436,-84.19841943236086,0.453149,2,Asphalt,Local,65,2026-08-16,Medium,1000,10,Moderate,Crack Seal,1,provisional,Michigan GIS Open Data + Paventra rehearsal assumptions,2026-08-16
GL-ROAD-194,GL-194-9159083802025038005137,Greenwood Rd,,,Grass Lake Charter Township,42.26312675516477,-84.24434799282912,0.311016,2,Asphalt,Local,65,2026-08-16,Medium,1000,10,Moderate,Crack Seal,1,provisional,Michigan GIS Open Data + Paventra rehearsal assumptions,2026-08-16
GL-ROAD-195,GL-195-33812613801987238025548,North Way Dr,,,Grass Lake Charter Township,42.26236689757154,-84.16356546811078,0.154195,2,Asphalt,Local,65,2026-08-16,Medium,1000,10,Moderate,Crack Seal,1,provisional,Michigan GIS Open Data + Paventra rehearsal assumptions,2026-08-16
GL-ROAD-196,GL-196-9159083800514738020250,Greenwood Rd,,,Grass Lake Charter Township,42.26307059776521,-84.25035946318191,0.308106,2,Asphalt,Local,65,2026-08-16,Medium,1000,10,Moderate,Crack Seal,1,provisional,Michigan GIS Open Data + Paventra rehearsal assumptions,2026-08-16
GL-ROAD-197,GL-197-33812613802554838019869,North Way Dr,,,Grass Lake Charter Township,42.2617253208254,-84.16127078393808,0.018413,2,Asphalt,Local,65,2026-08-16,Medium,1000,10,Moderate,Crack Seal,1,provisional,Michigan GIS Open Data + Paventra rehearsal assumptions,2026-08-16
GL-ROAD-198,GL-198-8978033801807038019694,Mount Hope Rd,,,Grass Lake Charter Township,42.26207227958091,-84.20413708103543,0.334629,2,Asphalt,Local,65,2026-08-16,Medium,1000,10,Moderate,Crack Seal,1,provisional,Michigan GIS Open Data + Paventra rehearsal assumptions,2026-08-16
GL-ROAD-199,GL-199-33810273801806638020219,Homestead Blvd,,,Grass Lake Charter Township,42.2868965885637,-84.20941481912901,0.101294,2,Asphalt,Local,65,2026-08-16,Medium,1000,10,Moderate,Crack Seal,1,provisional,Michigan GIS Open Data + Paventra rehearsal assumptions,2026-08-16
GL-ROAD-200,GL-200-9171053800456238004190,Sarossy Lake Rd,,,Grass Lake Charter Township,42.2710345163565,-84.18787340447973,0.612164,2,Asphalt,Local,65,2026-08-16,Medium,1000,10,Moderate,Crack Seal,1,provisional,Michigan GIS Open Data + Paventra rehearsal assumptions,2026-08-16
GL-ROAD-201,GL-201-8992103800464638004548,E Michigan Ave,,,Grass Lake Charter Township,42.268757709216985,-84.13556665341451,0.253445,2,Asphalt,Local,65,2026-08-16,Medium,1000,10,Moderate,Crack Seal,1,provisional,Michigan GIS Open Data + Paventra rehearsal assumptions,2026-08-16
GL-ROAD-202,GL-202-9216033800537838016893,Simpson St,,,Grass Lake Charter Township,42.25867788555204,-84.21260273846451,0.018939,2,Asphalt,Local,65,2026-08-16,Medium,1000,10,Moderate,Crack Seal,1,provisional,Michigan GIS Open Data + Paventra rehearsal assumptions,2026-08-16
GL-ROAD-203,GL-203-33812783801880438016872,Brown St,,,Grass Lake Charter Township,42.25823995611524,-84.20985264508685,0.014548,2,Asphalt,Local,65,2026-08-16,Medium,1000,10,Moderate,Crack Seal,1,provisional,Michigan GIS Open Data + Paventra rehearsal assumptions,2026-08-16
GL-ROAD-204,GL-204-33813413802005338020054,Glenbro Ct,,,Grass Lake Charter Township,42.25791432996148,-84.19108998040119,0.050123,2,Asphalt,Local,65,2026-08-16,Medium,1000,10,Moderate,Crack Seal,1,provisional,Michigan GIS Open Data + Paventra rehearsal assumptions,2026-08-16
GL-ROAD-205,GL-205-9216043800544738005362,Lake Heights St,,,Grass Lake Charter Township,42.25800727279191,-84.21066479359081,0.077892,2,Asphalt,Local,65,2026-08-16,Medium,1000,10,Moderate,Crack Seal,1,provisional,Michigan GIS Open Data + Paventra rehearsal assumptions,2026-08-16
GL-ROAD-206,GL-206-9216033801689338005447,Simpson St,,,Grass Lake Charter Township,42.25857668355558,-84.21225961274254,0.090691,2,Asphalt,Local,65,2026-08-16,Medium,1000,10,Moderate,Crack Seal,1,provisional,Michigan GIS Open Data + Paventra rehearsal assumptions,2026-08-16
GL-ROAD-207,GL-207-33806873801689938016901,Deer Run,,,Grass Lake Charter Township,42.2577646909804,-84.20303182552453,0.187384,2,Asphalt,Local,65,2026-08-16,Medium,1000,10,Moderate,Crack Seal,1,provisional,Michigan GIS Open Data + Paventra rehearsal assumptions,2026-08-16
GL-ROAD-208,GL-208-33806883801690038016899,Willow Creek Ln,,,Grass Lake Charter Township,42.25777308582445,-84.20405275093626,0.052328,2,Asphalt,Local,65,2026-08-16,Medium,1000,10,Moderate,Crack Seal,1,provisional,Michigan GIS Open Data + Paventra rehearsal assumptions,2026-08-16
GL-ROAD-209,GL-209-8978033801690038005291,N Union St,,,Grass Lake Charter Township,42.25777308582445,-84.20405275093626,0.150942,2,Asphalt,Local,65,2026-08-16,Medium,1000,10,Moderate,Crack Seal,1,provisional,Michigan GIS Open Data + Paventra rehearsal assumptions,2026-08-16
GL-ROAD-210,GL-210-33806883801689938016901,Willow Creek Ln,,,Grass Lake Charter Township,42.2577646909804,-84.20303182552453,0.145052,2,Asphalt,Local,65,2026-08-16,Medium,1000,10,Moderate,Crack Seal,1,provisional,Michigan GIS Open Data + Paventra rehearsal assumptions,2026-08-16
GL-ROAD-211,GL-211-33813453802005338020052,Larkmore Ln,,,Grass Lake Charter Township,42.25791432996148,-84.19108998040119,0.054295,2,Asphalt,Local,65,2026-08-16,Medium,1000,10,Moderate,Crack Seal,1,provisional,Michigan GIS Open Data + Paventra rehearsal assumptions,2026-08-16
GL-ROAD-212,GL-212-8978073800335338003017,Clear Lake Rd,,,Grass Lake Charter Township,42.297898150721856,-84.14583104366228,0.718103,2,Asphalt,Local,65,2026-08-16,Medium,1000,10,Moderate,Crack Seal,1,provisional,Michigan GIS Open Data + Paventra rehearsal assumptions,2026-08-16
GL-ROAD-213,GL-213-33810263802036538018066,Tims Lake Blvd,,,Grass Lake Charter Township,42.28378433921114,-84.20941699545529,0.215098,2,Asphalt,Local,65,2026-08-16,Medium,1000,10,Moderate,Crack Seal,1,provisional,Michigan GIS Open Data + Paventra rehearsal assumptions,2026-08-16
GL-ROAD-214,GL-214-33814173802021338020214,Welton Way,,,Grass Lake Charter Township,42.28239530005125,-84.1408203614644,0.326227,2,Asphalt,Local,65,2026-08-16,Medium,1000,10,Moderate,Crack Seal,1,provisional,Michigan GIS Open Data + Paventra rehearsal assumptions,2026-08-16
GL-ROAD-215,GL-215-9165023802021338025551,N Francisco Rd,,,Grass Lake Charter Township,42.28239530005125,-84.1408203614644,0.116192,2,Asphalt,Local,65,2026-08-16,Medium,1000,10,Moderate,Crack Seal,1,provisional,Michigan GIS Open Data + Paventra rehearsal assumptions,2026-08-16
GL-ROAD-216,GL-216-33810263800373738020365,Tims Lake Blvd,,,Grass Lake Charter Township,42.28382538514795,-84.21379982210951,0.259202,2,Asphalt,Local,65,2026-08-16,Medium,1000,10,Moderate,Crack Seal,1,provisional,Michigan GIS Open Data + Paventra rehearsal assumptions,2026-08-16
GL-ROAD-217,GL-217-33806833801688638016887,Sawdy Ln,,,Grass Lake Charter Township,42.28275316056583,-84.2042377588061,0.318133,2,Asphalt,Local,65,2026-08-16,Medium,1000,10,Moderate,Crack Seal,1,provisional,Michigan GIS Open Data + Paventra rehearsal assumptions,2026-08-16
GL-ROAD-218,GL-218-8978033801688638018069,Mount Hope Rd,,,Grass Lake Charter Township,42.28275316056583,-84.2042377588061,0.268714,2,Asphalt,Local,65,2026-08-16,Medium,1000,10,Moderate,Crack Seal,1,provisional,Michigan GIS Open Data + Paventra rehearsal assumptions,2026-08-16
GL-ROAD-219,GL-219-9171073800469938004521,Kalmbach Rd,,,Grass Lake Charter Township,42.268237659897046,-84.16565179630464,0.208039,2,Asphalt,Local,65,2026-08-16,Medium,1000,10,Moderate,Crack Seal,1,provisional,Michigan GIS Open Data + Paventra rehearsal assumptions,2026-08-16
GL-ROAD-220,GL-220-8992103800475938004646,E Michigan Ave,,,Grass Lake Charter Township,42.26713322693512,-84.14075930963014,0.288734,2,Asphalt,Local,65,2026-08-16,Medium,1000,10,Moderate,Crack Seal,1,provisional,Michigan GIS Open Data + Paventra rehearsal assumptions,2026-08-16
GL-ROAD-221,GL-221-9165023800475938004199,N Francisco Rd,,,Grass Lake Charter Township,42.26713322693512,-84.14075930963014,0.703159,2,Asphalt,Local,65,2026-08-16,Medium,1000,10,Moderate,Crack Seal,1,provisional,Michigan GIS Open Data + Paventra rehearsal assumptions,2026-08-16
GL-ROAD-222,GL-222-8978033800476438018086,Mount Hope Rd,,,Grass Lake Charter Township,42.268008875502105,-84.20414844827822,0.420965,2,Asphalt,Local,65,2026-08-16,Medium,1000,10,Moderate,Crack Seal,1,provisional,Michigan GIS Open Data + Paventra rehearsal assumptions,2026-08-16
GL-ROAD-223,GL-223-8992103800598438005937,E Michigan Ave,,,Grass Lake Charter Township,42.25205264514394,-84.20690634920614,0.148923,2,Asphalt,Local,65,2026-08-16,Medium,1000,10,Moderate,Crack Seal,1,provisional,Michigan GIS Open Data + Paventra rehearsal assumptions,2026-08-16
GL-ROAD-224,GL-224-8992103800600338005984,E Michigan Ave,,,Grass Lake Charter Township,42.251934054525584,-84.20798226893558,0.055752,2,Asphalt,Local,65,2026-08-16,Medium,1000,10,Moderate,Crack Seal,1,provisional,Michigan GIS Open Data + Paventra rehearsal assumptions,2026-08-16
GL-ROAD-225,GL-225-8978093800345038003440,W I 94,,,Grass Lake Charter Township,42.29594485293903,-84.15177333940244,0.039398,2,Asphalt,Local,65,2026-08-16,Medium,1000,10,Moderate,Crack Seal,1,provisional,Michigan GIS Open Data + Paventra rehearsal assumptions,2026-08-16
GL-ROAD-226,GL-226-9169053801758338004288,Craft Rd,,,Grass Lake Charter Township,42.27315077549058,-84.23833890467597,0.14982,2,Asphalt,Local,65,2026-08-16,Medium,1000,10,Moderate,Crack Seal,1,provisional,Michigan GIS Open Data + Paventra rehearsal assumptions,2026-08-16
GL-ROAD-227,GL-227-9171073800452138004165,Kalmbach Rd,,,Grass Lake Charter Township,42.27108402844552,-84.1669475061802,0.510983,2,Asphalt,Local,65,2026-08-16,Medium,1000,10,Moderate,Crack Seal,1,provisional,Michigan GIS Open Data + Paventra rehearsal assumptions,2026-08-16
GL-ROAD-228,GL-228-33813343802004838020050,Cambry Cir,,,Grass Lake Charter Township,42.25601450247242,-84.19083974564744,0.047197,2,Asphalt,Local,65,2026-08-16,Medium,1000,10,Moderate,Crack Seal,1,provisional,Michigan GIS Open Data + Paventra rehearsal assumptions,2026-08-16
GL-ROAD-229,GL-229-33813393802004838020049,Lanark Ct,,,Grass Lake Charter Township,42.25601450247242,-84.19083974564744,0.038654,2,Asphalt,Local,65,2026-08-16,Medium,1000,10,Moderate,Crack Seal,1,provisional,Michigan GIS Open Data + Paventra rehearsal assumptions,2026-08-16
GL-ROAD-230,GL-230-33813383802004638020047,Heather Ct,,,Grass Lake Charter Township,42.25599052548122,-84.19303472081802,0.048487,2,Asphalt,Local,65,2026-08-16,Medium,1000,10,Moderate,Crack Seal,1,provisional,Michigan GIS Open Data + Paventra rehearsal assumptions,2026-08-16
GL-ROAD-231,GL-231-33813353802004238020046,Cambry Cir,,,Grass Lake Charter Township,42.25665681316298,-84.19305271727364,0.045979,2,Asphalt,Local,65,2026-08-16,Medium,1000,10,Moderate,Crack Seal,1,provisional,Michigan GIS Open Data + Paventra rehearsal assumptions,2026-08-16
GL-ROAD-232,GL-232-33806853801689438016893,N Lake St,,,Grass Lake Charter Township,42.25628264164956,-84.21290589212295,0.207868,2,Asphalt,Local,65,2026-08-16,Medium,1000,10,Moderate,Crack Seal,1,provisional,Michigan GIS Open Data + Paventra rehearsal assumptions,2026-08-16
GL-ROAD-233,GL-233-8978033800559138016900,N Union St,,,Grass Lake Charter Township,42.255926898722656,-84.20406626207301,0.127376,2,Asphalt,Local,65,2026-08-16,Medium,1000,10,Moderate,Crack Seal,1,provisional,Michigan GIS Open Data + Paventra rehearsal assumptions,2026-08-16
GL-ROAD-234,GL-234-9169083800563838005123,Willis Rd,,,Grass Lake Charter Township,42.25599627399296,-84.22843422295239,0.498362,2,Asphalt,Local,65,2026-08-16,Medium,1000,10,Moderate,Crack Seal,1,provisional,Michigan GIS Open Data + Paventra rehearsal assumptions,2026-08-16
GL-ROAD-235,GL-235-33813353802004638020055,Cambry Cir,,,Grass Lake Charter Township,42.25599052548122,-84.19303472081802,0.044184,2,Asphalt,Local,65,2026-08-16,Medium,1000,10,Moderate,Crack Seal,1,provisional,Michigan GIS Open Data + Paventra rehearsal assumptions,2026-08-16
GL-ROAD-236,GL-236-33813343802552938020048,Cambry Cir,,,Grass Lake Charter Township,42.25532178079554,-84.19170166020321,0.086099,2,Asphalt,Local,65,2026-08-16,Medium,1000,10,Moderate,Crack Seal,1,provisional,Michigan GIS Open Data + Paventra rehearsal assumptions,2026-08-16
GL-ROAD-237,GL-237-33810333801808838019464,Sand Hill Dr,,,Grass Lake Charter Township,42.27421723977354,-84.20024356517463,0.103572,2,Asphalt,Local,65,2026-08-16,Medium,1000,10,Moderate,Crack Seal,1,provisional,Michigan GIS Open Data + Paventra rehearsal assumptions,2026-08-16
GL-ROAD-238,GL-238-33810333801808938018088,Sand Hill Dr,,,Grass Lake Charter Township,42.27418144152539,-84.20050503094627,0.013627,2,Asphalt,Local,65,2026-08-16,Medium,1000,10,Moderate,Crack Seal,1,provisional,Michigan GIS Open Data + Paventra rehearsal assumptions,2026-08-16
GL-ROAD-239,GL-239-33810343801808938018094,Sand Hill Dr,,,Grass Lake Charter Township,42.27418144152539,-84.20050503094627,0.103547,2,Asphalt,Local,65,2026-08-16,Medium,1000,10,Moderate,Crack Seal,1,provisional,Michigan GIS Open Data + Paventra rehearsal assumptions,2026-08-16
GL-ROAD-240,GL-240-33810333801809238018089,Sand Hill Dr,,,Grass Lake Charter Township,42.27412390690491,-84.20277081610399,0.116184,2,Asphalt,Local,65,2026-08-16,Medium,1000,10,Moderate,Crack Seal,1,provisional,Michigan GIS Open Data + Paventra rehearsal assumptions,2026-08-16
GL-ROAD-241,GL-241-33810353801809238018094,Prairie Ridge Dr,,,Grass Lake Charter Township,42.27412390690491,-84.20277081610399,0.233065,2,Asphalt,Local,65,2026-08-16,Medium,1000,10,Moderate,Crack Seal,1,provisional,Michigan GIS Open Data + Paventra rehearsal assumptions,2026-08-16
GL-ROAD-242,GL-242-33810333801808638018092,Sand Hill Dr,,,Grass Lake Charter Township,42.27411021498165,-84.2041863998792,0.072539,2,Asphalt,Local,65,2026-08-16,Medium,1000,10,Moderate,Crack Seal,1,provisional,Michigan GIS Open Data + Paventra rehearsal assumptions,2026-08-16
GL-ROAD-243,GL-243-8978033801808638004221,Mount Hope Rd,,,Grass Lake Charter Township,42.27411021498165,-84.2041863998792,0.260528,2,Asphalt,Local,65,2026-08-16,Medium,1000,10,Moderate,Crack Seal,1,provisional,Michigan GIS Open Data + Paventra rehearsal assumptions,2026-08-16
GL-ROAD-244,GL-244-33812783800577038005724,Brown St,,,Grass Lake Charter Township,42.25410004733899,-84.21065990139485,0.055265,2,Asphalt,Local,65,2026-08-16,Medium,1000,10,Moderate,Crack Seal,1,provisional,Michigan GIS Open Data + Paventra rehearsal assumptions,2026-08-16
GL-ROAD-245,GL-245-9215103801687338005770,Wimple St,,,Grass Lake Charter Township,42.25404831239869,-84.21301904761967,0.121006,2,Asphalt,Local,65,2026-08-16,Medium,1000,10,Moderate,Crack Seal,1,provisional,Michigan GIS Open Data + Paventra rehearsal assumptions,2026-08-16
GL-ROAD-246,GL-246-9216013801687338016874,Mechanic St,,,Grass Lake Charter Township,42.25404831239869,-84.21301904761967,0.022801,2,Asphalt,Local,65,2026-08-16,Medium,1000,10,Moderate,Crack Seal,1,provisional,Michigan GIS Open Data + Paventra rehearsal assumptions,2026-08-16
GL-ROAD-247,GL-247-9215103800578738016873,Wimple St,,,Grass Lake Charter Township,42.25404007498576,-84.21387456352615,0.043853,2,Asphalt,Local,65,2026-08-16,Medium,1000,10,Moderate,Crack Seal,1,provisional,Michigan GIS Open Data + Paventra rehearsal assumptions,2026-08-16
GL-ROAD-248,GL-248-9171043800578738016894,N Lake St,,,Grass Lake Charter Township,42.25404007498576,-84.21387456352615,0.170309,2,Asphalt,Local,65,2026-08-16,Medium,1000,10,Moderate,Crack Seal,1,provisional,Michigan GIS Open Data + Paventra rehearsal assumptions,2026-08-16
GL-ROAD-249,GL-249-8992103800581238020040,E Michigan Ave,,,Grass Lake Charter Township,42.25335607216784,-84.1972483607005,0.270451,2,Asphalt,Local,65,2026-08-16,Medium,1000,10,Moderate,Crack Seal,1,provisional,Michigan GIS Open Data + Paventra rehearsal assumptions,2026-08-16
GL-ROAD-250,GL-250-8992103801891638005812,E Michigan Ave,,,Grass Lake Charter Township,42.25330795507576,-84.19752595486337,0.01461,2,Asphalt,Local,65,2026-08-16,Medium,1000,10,Moderate,Crack Seal,1,provisional,Michigan GIS Open Data + Paventra rehearsal assumptions,2026-08-16
GL-ROAD-251,GL-251-33815503802137538021376,Faholo Way,,,Grass Lake Charter Township,42.27767391850964,-84.21635906421797,0.072028,2,Asphalt,Local,65,2026-08-16,Medium,1000,10,Moderate,Crack Seal,1,provisional,Michigan GIS Open Data + Paventra rehearsal assumptions,2026-08-16
GL-ROAD-252,GL-252-33815543802137638021398,Lee Dr,,,Grass Lake Charter Township,42.27738428345664,-84.21770420317446,0.036704,2,Asphalt,Local,65,2026-08-16,Medium,1000,10,Moderate,Crack Seal,1,provisional,Michigan GIS Open Data + Paventra rehearsal assumptions,2026-08-16
GL-ROAD-253,GL-253-33815503802137638021365,Faholo Way,,,Grass Lake Charter Township,42.27738428345664,-84.21770420317446,0.026729,2,Asphalt,Local,65,2026-08-16,Medium,1000,10,Moderate,Crack Seal,1,provisional,Michigan GIS Open Data + Paventra rehearsal assumptions,2026-08-16
GL-ROAD-254,GL-254-33815523802137438021377,Cooley Dr,,,Grass Lake Charter Township,42.27772302438936,-84.21618590687495,0.109033,2,Asphalt,Local,65,2026-08-16,Medium,1000,10,Moderate,Crack Seal,1,provisional,Michigan GIS Open Data + Paventra rehearsal assumptions,2026-08-16
GL-ROAD-255,GL-255-33815533802137738021376,Leach Dr,,,Grass Lake Charter Township,42.27615496750634,-84.21611669075942,0.139007,2,Asphalt,Local,65,2026-08-16,Medium,1000,10,Moderate,Crack Seal,1,provisional,Michigan GIS Open Data + Paventra rehearsal assumptions,2026-08-16
GL-ROAD-256,GL-256-33810343801809438018091,Sand Hill Dr,,,Grass Lake Charter Township,42.27567845462838,-84.20055005610078,0.156452,2,Asphalt,Local,65,2026-08-16,Medium,1000,10,Moderate,Crack Seal,1,provisional,Michigan GIS Open Data + Paventra rehearsal assumptions,2026-08-16
GL-ROAD-257,GL-257-33814263802025038020251,Sand Hill Ln,,,Grass Lake Charter Township,42.26312675516477,-84.24434799282912,0.148042,2,Asphalt,Local,65,2026-08-16,Medium,1000,10,Moderate,Crack Seal,1,provisional,Michigan GIS Open Data + Paventra rehearsal assumptions,2026-08-16
GL-ROAD-258,GL-258-9171053800527738004562,Sarossy Lake Rd,,,Grass Lake Charter Township,42.26009332930958,-84.18944449400654,0.796324,2,Asphalt,Local,65,2026-08-16,Medium,1000,10,Moderate,Crack Seal,1,provisional,Michigan GIS Open Data + Paventra rehearsal assumptions,2026-08-16
GL-ROAD-259,GL-259-8978033800529138018070,Mount Hope Rd,,,Grass Lake Charter Township,42.25996037055555,-84.2041150046461,0.145712,2,Asphalt,Local,65,2026-08-16,Medium,1000,10,Moderate,Crack Seal,1,provisional,Michigan GIS Open Data + Paventra rehearsal assumptions,2026-08-16
GL-ROAD-260,GL-260-9171053800530438005277,Sarossy Lake Rd,,,Grass Lake Charter Township,42.25938332597245,-84.18945859351518,0.048991,2,Asphalt,Local,65,2026-08-16,Medium,1000,10,Moderate,Crack Seal,1,provisional,Michigan GIS Open Data + Paventra rehearsal assumptions,2026-08-16
GL-ROAD-261,GL-261-33812623801987438025549,South Way Dr,,,Grass Lake Charter Township,42.26058550445649,-84.16130619702884,0.139572,2,Asphalt,Local,65,2026-08-16,Medium,1000,10,Moderate,Crack Seal,1,provisional,Michigan GIS Open Data + Paventra rehearsal assumptions,2026-08-16
GL-ROAD-262,GL-262-33812623802554938019870,South Way Dr,,,Grass Lake Charter Township,42.258615928338514,-84.16136665830999,0.01828,2,Asphalt,Local,65,2026-08-16,Medium,1000,10,Moderate,Crack Seal,1,provisional,Michigan GIS Open Data + Paventra rehearsal assumptions,2026-08-16
GL-ROAD-263,GL-263-9216043800536238005305,Lake Heights St,,,Grass Lake Charter Township,42.25913620951462,-84.21065259267236,0.094631,2,Asphalt,Local,65,2026-08-16,Medium,1000,10,Moderate,Crack Seal,1,provisional,Michigan GIS Open Data + Paventra rehearsal assumptions,2026-08-16
GL-ROAD-264,GL-264-33812053801969538019696,Huckleberry Ln,,,Grass Lake Charter Township,42.26691800035094,-84.20300677375303,0.351841,2,Asphalt,Local,65,2026-08-16,Medium,1000,10,Moderate,Crack Seal,1,provisional,Michigan GIS Open Data + Paventra rehearsal assumptions,2026-08-16
GL-ROAD-265,GL-265-9214083800488238004885,Island Dr,,,Grass Lake Charter Township,42.26599073146672,-84.21512161624105,0.041114,2,Asphalt,Local,65,2026-08-16,Medium,1000,10,Moderate,Crack Seal,1,provisional,Michigan GIS Open Data + Paventra rehearsal assumptions,2026-08-16
GL-ROAD-266,GL-266-8978053800490338004857,Maute Rd,,,Grass Lake Charter Township,42.2652456625206,-84.17494332862383,0.059558,2,Asphalt,Local,65,2026-08-16,Medium,1000,10,Moderate,Crack Seal,1,provisional,Michigan GIS Open Data + Paventra rehearsal assumptions,2026-08-16
GL-ROAD-267,GL-267-8978033800626538006282,Grass Lake Rd,,,Grass Lake Charter Township,42.24935077280664,-84.17013732453098,0.233012,2,Asphalt,Local,65,2026-08-16,Medium,1000,10,Moderate,Crack Seal,1,provisional,Michigan GIS Open Data + Paventra rehearsal assumptions,2026-08-16
GL-ROAD-268,GL-268-8978053800628238005518,Maute Rd,,,Grass Lake Charter Township,42.24929691019074,-84.17468250533209,0.485237,2,Asphalt,Local,65,2026-08-16,Medium,1000,10,Moderate,Crack Seal,1,provisional,Michigan GIS Open Data + Paventra rehearsal assumptions,2026-08-16
GL-ROAD-269,GL-269-9170103800629638006250,South St,,,Grass Lake Charter Township,42.24978601933397,-84.21161146010422,0.085885,2,Asphalt,Local,65,2026-08-16,Medium,1000,10,Moderate,Crack Seal,1,provisional,Michigan GIS Open Data + Paventra rehearsal assumptions,2026-08-16
GL-ROAD-270,GL-270-9191023800629638006076,Drake St,,,Grass Lake Charter Township,42.24978601933397,-84.21161146010422,0.113206,2,Asphalt,Local,65,2026-08-16,Medium,1000,10,Moderate,Crack Seal,1,provisional,Michigan GIS Open Data + Paventra rehearsal assumptions,2026-08-16
GL-ROAD-271,GL-271-9170103800631338006296,South St,,,Grass Lake Charter Township,42.249665947434245,-84.21208114044529,0.025461,2,Asphalt,Local,65,2026-08-16,Medium,1000,10,Moderate,Crack Seal,1,provisional,Michigan GIS Open Data + Paventra rehearsal assumptions,2026-08-16
GL-ROAD-272,GL-272-9170083800631338006283,N Lake St,,,Grass Lake Charter Township,42.249665947434245,-84.21208114044529,0.021913,2,Asphalt,Local,65,2026-08-16,Medium,1000,10,Moderate,Crack Seal,1,provisional,Michigan GIS Open Data + Paventra rehearsal assumptions,2026-08-16
GL-ROAD-273,GL-273-03800627738006326,Unnamed Road,,,Grass Lake Charter Township,42.25011071851384,-84.21890928240119,0.031295,2,Asphalt,Local,65,2026-08-16,Medium,1000,10,Moderate,Crack Seal,1,provisional,Michigan GIS Open Data + Paventra rehearsal assumptions,2026-08-16
GL-ROAD-274,GL-274-8978033800628238006340,Grass Lake Rd,,,Grass Lake Charter Township,42.24929691019074,-84.17468250533209,0.774595,2,Asphalt,Local,65,2026-08-16,Medium,1000,10,Moderate,Crack Seal,1,provisional,Michigan GIS Open Data + Paventra rehearsal assumptions,2026-08-16
GL-ROAD-275,GL-275-33806753800634038005737,Norvell Rd,,,Grass Lake Charter Township,42.24907244056501,-84.18979079411734,0.371041,2,Asphalt,Local,65,2026-08-16,Medium,1000,10,Moderate,Crack Seal,1,provisional,Michigan GIS Open Data + Paventra rehearsal assumptions,2026-08-16
GL-ROAD-276,GL-276-8978033800634038006342,Grass Lake Rd,,,Grass Lake Charter Township,42.24907244056501,-84.18979079411734,0.036993,2,Asphalt,Local,65,2026-08-16,Medium,1000,10,Moderate,Crack Seal,1,provisional,Michigan GIS Open Data + Paventra rehearsal assumptions,2026-08-16
GL-ROAD-277,GL-277-8978033800634238006345,Grass Lake Rd,,,Grass Lake Charter Township,42.24906474575988,-84.19051239907417,0.099283,2,Asphalt,Local,65,2026-08-16,Medium,1000,10,Moderate,Crack Seal,1,provisional,Michigan GIS Open Data + Paventra rehearsal assumptions,2026-08-16
GL-ROAD-278,GL-278-9171013800636438006283,Water St,,,Grass Lake Charter Township,42.24936892386053,-84.2137578699927,0.08597,2,Asphalt,Local,65,2026-08-16,Medium,1000,10,Moderate,Crack Seal,1,provisional,Michigan GIS Open Data + Paventra rehearsal assumptions,2026-08-16
GL-ROAD-279,GL-279-33812783800546138018804,Brown St,,,Grass Lake Charter Township,42.25762267978196,-84.20988114492954,0.042614,2,Asphalt,Local,65,2026-08-16,Medium,1000,10,Moderate,Crack Seal,1,provisional,Michigan GIS Open Data + Paventra rehearsal assumptions,2026-08-16
GL-ROAD-280,GL-280-9216033800544738005461,Simpson St,,,Grass Lake Charter Township,42.25800727279191,-84.21066479359081,0.049674,2,Asphalt,Local,65,2026-08-16,Medium,1000,10,Moderate,Crack Seal,1,provisional,Michigan GIS Open Data + Paventra rehearsal assumptions,2026-08-16
GL-ROAD-281,GL-281-33813343802005238020044,Cambry Cir,,,Grass Lake Charter Township,42.25736882071846,-84.19169053835799,0.061833,2,Asphalt,Local,65,2026-08-16,Medium,1000,10,Moderate,Crack Seal,1,provisional,Michigan GIS Open Data + Paventra rehearsal assumptions,2026-08-16
GL-ROAD-282,GL-282-33813423802004438020045,Wildwood Ct,,,Grass Lake Charter Township,42.25732757672924,-84.19288203284479,0.075788,2,Asphalt,Local,65,2026-08-16,Medium,1000,10,Moderate,Crack Seal,1,provisional,Michigan GIS Open Data + Paventra rehearsal assumptions,2026-08-16
GL-ROAD-283,GL-283-8978053800548138004903,Maute Rd,,,Grass Lake Charter Township,42.256960770958,-84.17485960790513,0.571619,2,Asphalt,Local,65,2026-08-16,Medium,1000,10,Moderate,Crack Seal,1,provisional,Michigan GIS Open Data + Paventra rehearsal assumptions,2026-08-16
GL-ROAD-284,GL-284-8992103800550238005260,E Michigan Ave,,,Grass Lake Charter Township,42.256614125681246,-84.1738606409425,0.600379,2,Asphalt,Local,65,2026-08-16,Medium,1000,10,Moderate,Crack Seal,1,provisional,Michigan GIS Open Data + Paventra rehearsal assumptions,2026-08-16
GL-ROAD-285,GL-285-33813453802005038020053,Larkmore Ln,,,Grass Lake Charter Township,42.25669847381372,-84.19085670952411,0.147379,2,Asphalt,Local,65,2026-08-16,Medium,1000,10,Moderate,Crack Seal,1,provisional,Michigan GIS Open Data + Paventra rehearsal assumptions,2026-08-16
GL-ROAD-286,GL-286-33813343802004138025529,Cambry Cir,,,Grass Lake Charter Township,42.25529249994715,-84.19213184747538,0.022683,2,Asphalt,Local,65,2026-08-16,Medium,1000,10,Moderate,Crack Seal,1,provisional,Michigan GIS Open Data + Paventra rehearsal assumptions,2026-08-16
GL-ROAD-287,GL-287-33813353802005538020041,Cambry Cir,,,Grass Lake Charter Township,42.25537078242841,-84.19294659718753,0.043118,2,Asphalt,Local,65,2026-08-16,Medium,1000,10,Moderate,Crack Seal,1,provisional,Michigan GIS Open Data + Paventra rehearsal assumptions,2026-08-16
GL-ROAD-288,GL-288-8978033800567138005591,N Union St,,,Grass Lake Charter Township,42.255351651515184,-84.20407866146391,0.039693,2,Asphalt,Local,65,2026-08-16,Medium,1000,10,Moderate,Crack Seal,1,provisional,Michigan GIS Open Data + Paventra rehearsal assumptions,2026-08-16
GL-ROAD-289,GL-289-33813433802005538020056,Benton Ct,,,Grass Lake Charter Township,42.25537078242841,-84.19294659718753,0.027692,2,Asphalt,Local,65,2026-08-16,Medium,1000,10,Moderate,Crack Seal,1,provisional,Michigan GIS Open Data + Paventra rehearsal assumptions,2026-08-16
GL-ROAD-290,GL-290-9191073800570838005671,Portage St,,,Grass Lake Charter Township,42.25506431440715,-84.20683123125855,0.142469,2,Asphalt,Local,65,2026-08-16,Medium,1000,10,Moderate,Crack Seal,1,provisional,Michigan GIS Open Data + Paventra rehearsal assumptions,2026-08-16
GL-ROAD-291,GL-291-33812783800572438005461,Brown St,,,Grass Lake Charter Township,42.25488135761611,-84.21042220946566,0.191729,2,Asphalt,Local,65,2026-08-16,Medium,1000,10,Moderate,Crack Seal,1,provisional,Michigan GIS Open Data + Paventra rehearsal assumptions,2026-08-16
GL-ROAD-292,GL-292-9191073800572438005708,Portage St,,,Grass Lake Charter Township,42.25488135761611,-84.21042220946566,0.184961,2,Asphalt,Local,65,2026-08-16,Medium,1000,10,Moderate,Crack Seal,1,provisional,Michigan GIS Open Data + Paventra rehearsal assumptions,2026-08-16
GL-ROAD-293,GL-293-8978033800573238005671,N Union St,,,Grass Lake Charter Township,42.25471627898005,-84.2040664004888,0.043841,2,Asphalt,Local,65,2026-08-16,Medium,1000,10,Moderate,Crack Seal,1,provisional,Michigan GIS Open Data + Paventra rehearsal assumptions,2026-08-16
GL-ROAD-294,GL-294-8992103800573738005518,E Michigan Ave,,,Grass Lake Charter Township,42.25443670035522,-84.18942133678166,0.758899,2,Asphalt,Local,65,2026-08-16,Medium,1000,10,Moderate,Crack Seal,1,provisional,Michigan GIS Open Data + Paventra rehearsal assumptions,2026-08-16
GL-ROAD-295,GL-295-9171053800573738005304,Sarossy Lake Rd,,,Grass Lake Charter Township,42.25443670035522,-84.18942133678166,0.341307,2,Asphalt,Local,65,2026-08-16,Medium,1000,10,Moderate,Crack Seal,1,provisional,Michigan GIS Open Data + Paventra rehearsal assumptions,2026-08-16
GL-ROAD-296,GL-296-9169093800563838021773,Winegar Rd,,,Grass Lake Charter Township,42.25599627399296,-84.22843422295239,0.294196,2,Asphalt,Local,65,2026-08-16,Medium,1000,10,Moderate,Crack Seal,1,provisional,Michigan GIS Open Data + Paventra rehearsal assumptions,2026-08-16
GL-ROAD-297,GL-297-33811193801891638018919,Ridgeview Ct,,,Grass Lake Charter Township,42.25330795507576,-84.19752595486337,0.228386,2,Asphalt,Local,65,2026-08-16,Medium,1000,10,Moderate,Crack Seal,1,provisional,Michigan GIS Open Data + Paventra rehearsal assumptions,2026-08-16
GL-ROAD-298,GL-298-33812783800586138005770,Brown St,,,Grass Lake Charter Township,42.25321605491332,-84.21078978511856,0.061372,2,Asphalt,Local,65,2026-08-16,Medium,1000,10,Moderate,Crack Seal,1,provisional,Michigan GIS Open Data + Paventra rehearsal assumptions,2026-08-16
GL-ROAD-299,GL-299-8992103800586538018916,E Michigan Ave,,,Grass Lake Charter Township,42.25302355085486,-84.19916663141606,0.086353,2,Asphalt,Local,65,2026-08-16,Medium,1000,10,Moderate,Crack Seal,1,provisional,Michigan GIS Open Data + Paventra rehearsal assumptions,2026-08-16
GL-ROAD-300,GL-300-9169053800589238005137,Craft Rd,,,Grass Lake Charter Township,42.25328734732258,-84.23803102309186,0.680796,2,Asphalt,Local,65,2026-08-16,Medium,1000,10,Moderate,Crack Seal,1,provisional,Michigan GIS Open Data + Paventra rehearsal assumptions,2026-08-16
GL-ROAD-301,GL-301-9170083800589738005787,N Lake St,,,Grass Lake Charter Township,42.25290097300178,-84.2139122609981,0.078668,2,Asphalt,Local,65,2026-08-16,Medium,1000,10,Moderate,Crack Seal,1,provisional,Michigan GIS Open Data + Paventra rehearsal assumptions,2026-08-16
GL-ROAD-302,GL-302-8992103800591038005865,E Michigan Ave,,,Grass Lake Charter Township,42.252531882208935,-84.20259336276054,0.179012,2,Asphalt,Local,65,2026-08-16,Medium,1000,10,Moderate,Crack Seal,1,provisional,Michigan GIS Open Data + Paventra rehearsal assumptions,2026-08-16
GL-ROAD-303,GL-303-33812783800594838005861,Brown St,,,Grass Lake Charter Township,42.252657470880216,-84.21085791957428,0.038696,2,Asphalt,Local,65,2026-08-16,Medium,1000,10,Moderate,Crack Seal,1,provisional,Michigan GIS Open Data + Paventra rehearsal assumptions,2026-08-16
GL-ROAD-304,GL-304-33812783800595538005948,Brown St,,,Grass Lake Charter Township,42.25256395349913,-84.21087747764392,0.006529,2,Asphalt,Local,65,2026-08-16,Medium,1000,10,Moderate,Crack Seal,1,provisional,Michigan GIS Open Data + Paventra rehearsal assumptions,2026-08-16
GL-ROAD-305,GL-305-9169093800592638005897,Lakeside Dr,,,Grass Lake Charter Township,42.2526572230467,-84.21675551506314,0.147372,2,Asphalt,Local,65,2026-08-16,Medium,1000,10,Moderate,Crack Seal,1,provisional,Michigan GIS Open Data + Paventra rehearsal assumptions,2026-08-16
GL-ROAD-306,GL-306-9169093802177338005930,Winegar Rd,,,Grass Lake Charter Township,42.25485374012625,-84.2236780887377,0.256384,2,Asphalt,Local,65,2026-08-16,Medium,1000,10,Moderate,Crack Seal,1,provisional,Michigan GIS Open Data + Paventra rehearsal assumptions,2026-08-16
GL-ROAD-307,GL-307-8992103800593738005910,E Michigan Ave,,,Grass Lake Charter Township,42.25237199485705,-84.2040329009038,0.074607,2,Asphalt,Local,65,2026-08-16,Medium,1000,10,Moderate,Crack Seal,1,provisional,Michigan GIS Open Data + Paventra rehearsal assumptions,2026-08-16
GL-ROAD-308,GL-308-8978033800593738005732,N Union St,,,Grass Lake Charter Township,42.25237199485705,-84.2040329009038,0.161749,2,Asphalt,Local,65,2026-08-16,Medium,1000,10,Moderate,Crack Seal,1,provisional,Michigan GIS Open Data + Paventra rehearsal assumptions,2026-08-16
GL-ROAD-309,GL-309-33812783801942138005955,Brown St,,,Grass Lake Charter Township,42.25246132648141,-84.21091414042215,0.007326,2,Asphalt,Local,65,2026-08-16,Medium,1000,10,Moderate,Crack Seal,1,provisional,Michigan GIS Open Data + Paventra rehearsal assumptions,2026-08-16
GL-ROAD-310,GL-310-9169093800593038005926,Lakeside Dr,,,Grass Lake Charter Township,42.25265684378314,-84.21986704244492,0.161185,2,Asphalt,Local,65,2026-08-16,Medium,1000,10,Moderate,Crack Seal,1,provisional,Michigan GIS Open Data + Paventra rehearsal assumptions,2026-08-16
GL-ROAD-311,GL-311-33812053801969638019693,Huckleberry Ln,,,Grass Lake Charter Township,42.26586422825573,-84.19728781404501,0.135335,2,Asphalt,Local,65,2026-08-16,Medium,1000,10,Moderate,Crack Seal,1,provisional,Michigan GIS Open Data + Paventra rehearsal assumptions,2026-08-16
GL-ROAD-312,GL-312-33812053801969338019692,Huckleberry Ln,,,Grass Lake Charter Township,42.26437560844195,-84.19578529166968,0.016047,2,Asphalt,Local,65,2026-08-16,Medium,1000,10,Moderate,Crack Seal,1,provisional,Michigan GIS Open Data + Paventra rehearsal assumptions,2026-08-16
GL-ROAD-313,GL-313-9172063800514238004548,Rank Rd,,,Grass Lake Charter Township,42.26221373019585,-84.13091669614693,0.550322,2,Asphalt,Local,65,2026-08-16,Medium,1000,10,Moderate,Crack Seal,1,provisional,Michigan GIS Open Data + Paventra rehearsal assumptions,2026-08-16
GL-ROAD-314,GL-314-9171073801987238004699,Kalmbach Rd,,,Grass Lake Charter Township,42.26236689757154,-84.16356546811078,0.428745,2,Asphalt,Local,65,2026-08-16,Medium,1000,10,Moderate,Crack Seal,1,provisional,Michigan GIS Open Data + Paventra rehearsal assumptions,2026-08-16
GL-ROAD-315,GL-315-9169083800512338003711,Willis Rd,,,Grass Lake Charter Township,42.26321924022555,-84.22852737061751,1.967743,2,Asphalt,Local,65,2026-08-16,Medium,1000,10,Moderate,Crack Seal,1,provisional,Michigan GIS Open Data + Paventra rehearsal assumptions,2026-08-16
GL-ROAD-316,GL-316-9159083800513738005123,Greenwood Rd,,,Grass Lake Charter Township,42.26315105761128,-84.23827926121264,0.499787,2,Asphalt,Local,65,2026-08-16,Medium,1000,10,Moderate,Crack Seal,1,provisional,Michigan GIS Open Data + Paventra rehearsal assumptions,2026-08-16
GL-ROAD-317,GL-317-9169053800513738017583,Craft Rd,,,Grass Lake Charter Township,42.26315105761128,-84.23827926121264,0.68993,2,Asphalt,Local,65,2026-08-16,Medium,1000,10,Moderate,Crack Seal,1,provisional,Michigan GIS Open Data + Paventra rehearsal assumptions,2026-08-16
GL-ROAD-318,GL-318-9165023800655138004759,S Francisco Rd,,,Grass Lake Charter Township,42.24628030630088,-84.14083101440386,1.438904,2,Asphalt,Local,65,2026-08-16,Medium,1000,10,Moderate,Crack Seal,1,provisional,Michigan GIS Open Data + Paventra rehearsal assumptions,2026-08-16
GL-ROAD-319,GL-319-8978033800655138006209,Grass Lake Rd,,,Grass Lake Charter Township,42.24628030630088,-84.14083101440386,0.554659,2,Asphalt,Local,65,2026-08-16,Medium,1000,10,Moderate,Crack Seal,1,provisional,Michigan GIS Open Data + Paventra rehearsal assumptions,2026-08-16
GL-ROAD-320,GL-320-9214173801690338018096,Nelson St,,,Grass Lake Charter Township,42.24804956766135,-84.19240417136055,0.08101,2,Asphalt,Local,65,2026-08-16,Medium,1000,10,Moderate,Crack Seal,1,provisional,Michigan GIS Open Data + Paventra rehearsal assumptions,2026-08-16
GL-ROAD-321,GL-321-9181093802559338006513,Wolf Lake Rd,,,Grass Lake Charter Township,42.24723208844318,-84.21898062496788,0.059546,2,Asphalt,Local,65,2026-08-16,Medium,1000,10,Moderate,Crack Seal,1,provisional,Michigan GIS Open Data + Paventra rehearsal assumptions,2026-08-16
GL-ROAD-322,GL-322-9214173801809638016902,Nelson St,,,Grass Lake Charter Township,42.2468761732008,-84.19246160005834,0.016907,2,Asphalt,Local,65,2026-08-16,Medium,1000,10,Moderate,Crack Seal,1,provisional,Michigan GIS Open Data + Paventra rehearsal assumptions,2026-08-16
GL-ROAD-323,GL-323-9215013800665238025544,Grandview St,,,Grass Lake Charter Township,42.2463178888893,-84.1911835988811,0.119182,2,Asphalt,Local,65,2026-08-16,Medium,1000,10,Moderate,Crack Seal,1,provisional,Michigan GIS Open Data + Paventra rehearsal assumptions,2026-08-16
GL-ROAD-324,GL-324-33801383800666438025576,Norvell Rd,,,Grass Lake Charter Township,42.24620741714534,-84.18983357155064,0.159429,2,Asphalt,Local,65,2026-08-16,Medium,1000,10,Moderate,Crack Seal,1,provisional,Michigan GIS Open Data + Paventra rehearsal assumptions,2026-08-16
GL-ROAD-325,GL-325-33810283801807038018072,Suncrest Dr,,,Grass Lake Charter Township,42.26207227958091,-84.20413708103543,0.196314,2,Asphalt,Local,65,2026-08-16,Medium,1000,10,Moderate,Crack Seal,1,provisional,Michigan GIS Open Data + Paventra rehearsal assumptions,2026-08-16
GL-ROAD-326,GL-326-8992103801987438004759,E Michigan Ave,,,Grass Lake Charter Township,42.26058550445649,-84.16130619702884,1.14579,2,Asphalt,Local,65,2026-08-16,Medium,1000,10,Moderate,Crack Seal,1,provisional,Michigan GIS Open Data + Paventra rehearsal assumptions,2026-08-16
GL-ROAD-327,GL-327-8992103800526038019874,E Michigan Ave,,,Grass Lake Charter Township,42.26003101842095,-84.16308719812137,0.09897,2,Asphalt,Local,65,2026-08-16,Medium,1000,10,Moderate,Crack Seal,1,provisional,Michigan GIS Open Data + Paventra rehearsal assumptions,2026-08-16
GL-ROAD-328,GL-328-9171073800526038019872,Kalmbach Rd,,,Grass Lake Charter Township,42.26003101842095,-84.16308719812137,0.163013,2,Asphalt,Local,65,2026-08-16,Medium,1000,10,Moderate,Crack Seal,1,provisional,Michigan GIS Open Data + Paventra rehearsal assumptions,2026-08-16
GL-ROAD-329,GL-329-33806863802023538020420,Arthur Dr,,,Grass Lake Charter Township,42.24596999044465,-84.20317547553911,0.075047,2,Asphalt,Local,65,2026-08-16,Medium,1000,10,Moderate,Crack Seal,1,provisional,Michigan GIS Open Data + Paventra rehearsal assumptions,2026-08-16
GL-ROAD-330,GL-330-33815053802042038020434,Pinewood Dr,,,Grass Lake Charter Township,42.244886671712266,-84.2033018478525,0.202435,2,Asphalt,Local,65,2026-08-16,Medium,1000,10,Moderate,Crack Seal,1,provisional,Michigan GIS Open Data + Paventra rehearsal assumptions,2026-08-16
GL-ROAD-331,GL-331-33811453802007438020072,Warrior Trl,,,Grass Lake Charter Township,42.24410128208335,-84.19993118908451,0.025916,2,Asphalt,Local,65,2026-08-16,Medium,1000,10,Moderate,Crack Seal,1,provisional,Michigan GIS Open Data + Paventra rehearsal assumptions,2026-08-16
GL-ROAD-332,GL-332-33806863802042038016898,Arthur Dr,,,Grass Lake Charter Township,42.244886671712266,-84.2033018478525,0.05837,2,Asphalt,Local,65,2026-08-16,Medium,1000,10,Moderate,Crack Seal,1,provisional,Michigan GIS Open Data + Paventra rehearsal assumptions,2026-08-16
GL-ROAD-333,GL-333-33801383801943138006664,Norvell Rd,,,Grass Lake Charter Township,42.243642907289015,-84.18989263072035,0.17696,2,Asphalt,Local,65,2026-08-16,Medium,1000,10,Moderate,Crack Seal,1,provisional,Michigan GIS Open Data + Paventra rehearsal assumptions,2026-08-16
GL-ROAD-334,GL-334-9172063800696038017662,Rank Rd,,,Grass Lake Charter Township,42.24257386360006,-84.13109575886338,0.515595,2,Asphalt,Local,65,2026-08-16,Medium,1000,10,Moderate,Crack Seal,1,provisional,Michigan GIS Open Data + Paventra rehearsal assumptions,2026-08-16
GL-ROAD-335,GL-335-8978033800696038006551,Grass Lake Rd,,,Grass Lake Charter Township,42.24257386360006,-84.13109575886338,0.560879,2,Asphalt,Local,65,2026-08-16,Medium,1000,10,Moderate,Crack Seal,1,provisional,Michigan GIS Open Data + Paventra rehearsal assumptions,2026-08-16
GL-ROAD-336,GL-336-33811453801943338020074,Warrior Trl,,,Grass Lake Charter Township,42.2435688826162,-84.1973974705457,0.140822,2,Asphalt,Local,65,2026-08-16,Medium,1000,10,Moderate,Crack Seal,1,provisional,Michigan GIS Open Data + Paventra rehearsal assumptions,2026-08-16
GL-ROAD-337,GL-337-33811453801943138019433,Warrior Trl,,,Grass Lake Charter Township,42.243642907289015,-84.18989263072035,0.385643,2,Asphalt,Local,65,2026-08-16,Medium,1000,10,Moderate,Crack Seal,1,provisional,Michigan GIS Open Data + Paventra rehearsal assumptions,2026-08-16
GL-ROAD-338,GL-338-9170083802175138006742,Burtch Rd,,,Grass Lake Charter Township,42.24351791925894,-84.21071822235133,0.159862,2,Asphalt,Local,65,2026-08-16,Medium,1000,10,Moderate,Crack Seal,1,provisional,Michigan GIS Open Data + Paventra rehearsal assumptions,2026-08-16
GL-ROAD-339,GL-339-8992103800602838006003,E Michigan Ave,,,Grass Lake Charter Township,42.251702925904944,-84.21003207671686,0.106271,2,Asphalt,Local,65,2026-08-16,Medium,1000,10,Moderate,Crack Seal,1,provisional,Michigan GIS Open Data + Paventra rehearsal assumptions,2026-08-16
GL-ROAD-340,GL-340-9170083800605038005964,N Lake St,,,Grass Lake Charter Township,42.25173872545214,-84.21344427418953,0.037941,2,Asphalt,Local,65,2026-08-16,Medium,1000,10,Moderate,Crack Seal,1,provisional,Michigan GIS Open Data + Paventra rehearsal assumptions,2026-08-16
GL-ROAD-341,GL-341-9170083800605538006050,N Lake St,,,Grass Lake Charter Township,42.25165949066089,-84.21337921470841,0.006404,2,Asphalt,Local,65,2026-08-16,Medium,1000,10,Moderate,Crack Seal,1,provisional,Michigan GIS Open Data + Paventra rehearsal assumptions,2026-08-16
GL-ROAD-342,GL-342-8992103800604538006028,E Michigan Ave,,,Grass Lake Charter Township,42.25161066497916,-84.21092224060415,0.046069,2,Asphalt,Local,65,2026-08-16,Medium,1000,10,Moderate,Crack Seal,1,provisional,Michigan GIS Open Data + Paventra rehearsal assumptions,2026-08-16
GL-ROAD-343,GL-343-9191033800604538019928,Brown St,,,Grass Lake Charter Township,42.25161066497916,-84.21092224060415,0.033018,2,Asphalt,Local,65,2026-08-16,Medium,1000,10,Moderate,Crack Seal,1,provisional,Michigan GIS Open Data + Paventra rehearsal assumptions,2026-08-16
GL-ROAD-344,GL-344-33811363801942038019421,Brown St,,,Grass Lake Charter Township,42.25156781824896,-84.21331872633323,0.137855,2,Asphalt,Local,65,2026-08-16,Medium,1000,10,Moderate,Crack Seal,1,provisional,Michigan GIS Open Data + Paventra rehearsal assumptions,2026-08-16
GL-ROAD-345,GL-345-9170083801942038006055,N Lake St,,,Grass Lake Charter Township,42.25156781824896,-84.21331872633323,0.007044,2,Asphalt,Local,65,2026-08-16,Medium,1000,10,Moderate,Crack Seal,1,provisional,Michigan GIS Open Data + Paventra rehearsal assumptions,2026-08-16
GL-ROAD-346,GL-346-9191093800606938005865,East Ave,,,Grass Lake Charter Township,42.25120745186439,-84.1991858132127,0.125324,2,Asphalt,Local,65,2026-08-16,Medium,1000,10,Moderate,Crack Seal,1,provisional,Michigan GIS Open Data + Paventra rehearsal assumptions,2026-08-16
GL-ROAD-347,GL-347-9172063801766238005142,Rank Rd,,,Grass Lake Charter Township,42.25004318953213,-84.13077533185304,0.839718,2,Asphalt,Local,65,2026-08-16,Medium,1000,10,Moderate,Crack Seal,1,provisional,Michigan GIS Open Data + Paventra rehearsal assumptions,2026-08-16
GL-ROAD-348,GL-348-8992103800607638006045,E Michigan Ave,,,Grass Lake Charter Township,42.25137036270089,-84.21211391188466,0.063713,2,Asphalt,Local,65,2026-08-16,Medium,1000,10,Moderate,Crack Seal,1,provisional,Michigan GIS Open Data + Paventra rehearsal assumptions,2026-08-16
GL-ROAD-349,GL-349-9170083800608038019420,N Lake St,,,Grass Lake Charter Township,42.25137298287553,-84.21319784477105,0.014802,2,Asphalt,Local,65,2026-08-16,Medium,1000,10,Moderate,Crack Seal,1,provisional,Michigan GIS Open Data + Paventra rehearsal assumptions,2026-08-16
GL-ROAD-350,GL-350-9191063800608538006069,Church St,,,Grass Lake Charter Township,42.25118715626324,-84.20259004062306,0.174498,2,Asphalt,Local,65,2026-08-16,Medium,1000,10,Moderate,Crack Seal,1,provisional,Michigan GIS Open Data + Paventra rehearsal assumptions,2026-08-16
GL-ROAD-351,GL-351-9191083800608538005910,Walnut St,,,Grass Lake Charter Township,42.25118715626324,-84.20259004062306,0.092777,2,Asphalt,Local,65,2026-08-16,Medium,1000,10,Moderate,Crack Seal,1,provisional,Michigan GIS Open Data + Paventra rehearsal assumptions,2026-08-16
GL-ROAD-352,GL-352-9191063800609238006085,Church St,,,Grass Lake Charter Township,42.25117847290072,-84.2040128276647,0.072931,2,Asphalt,Local,65,2026-08-16,Medium,1000,10,Moderate,Crack Seal,1,provisional,Michigan GIS Open Data + Paventra rehearsal assumptions,2026-08-16
GL-ROAD-353,GL-353-8978033800609238005937,S Union St,,,Grass Lake Charter Township,42.25117847290072,-84.2040128276647,0.082351,2,Asphalt,Local,65,2026-08-16,Medium,1000,10,Moderate,Crack Seal,1,provisional,Michigan GIS Open Data + Paventra rehearsal assumptions,2026-08-16
GL-ROAD-354,GL-354-9191063800598438006092,Church St,,,Grass Lake Charter Township,42.25205264514394,-84.20690634920614,0.200263,2,Asphalt,Local,65,2026-08-16,Medium,1000,10,Moderate,Crack Seal,1,provisional,Michigan GIS Open Data + Paventra rehearsal assumptions,2026-08-16
GL-ROAD-355,GL-355-9169063800636438006205,Watson St,,,Grass Lake Charter Township,42.24936892386053,-84.2137578699927,0.087174,2,Asphalt,Local,65,2026-08-16,Medium,1000,10,Moderate,Crack Seal,1,provisional,Michigan GIS Open Data + Paventra rehearsal assumptions,2026-08-16
GL-ROAD-356,GL-356-03800632638006355,Unnamed Road,,,Grass Lake Charter Township,42.24965712351409,-84.2189099467046,0.017465,2,Asphalt,Local,65,2026-08-16,Medium,1000,10,Moderate,Crack Seal,1,provisional,Michigan GIS Open Data + Paventra rehearsal assumptions,2026-08-16
GL-ROAD-357,GL-357-8978033800634538006366,Grass Lake Rd,,,Grass Lake Charter Township,42.24907128347168,-84.19244924902735,0.239499,2,Asphalt,Local,65,2026-08-16,Medium,1000,10,Moderate,Crack Seal,1,provisional,Michigan GIS Open Data + Paventra rehearsal assumptions,2026-08-16
GL-ROAD-358,GL-358-8978033800636638006369,S Union St,,,Grass Lake Charter Township,42.24902189118202,-84.1971210490379,0.102197,2,Asphalt,Local,65,2026-08-16,Medium,1000,10,Moderate,Crack Seal,1,provisional,Michigan GIS Open Data + Paventra rehearsal assumptions,2026-08-16
GL-ROAD-359,GL-359-9191093800636938006069,East Ave,,,Grass Lake Charter Township,42.24900856360208,-84.19911469121993,0.151759,2,Asphalt,Local,65,2026-08-16,Medium,1000,10,Moderate,Crack Seal,1,provisional,Michigan GIS Open Data + Paventra rehearsal assumptions,2026-08-16
GL-ROAD-360,GL-360-8978033800636938016897,S Union St,,,Grass Lake Charter Township,42.24900856360208,-84.19911469121993,0.166769,2,Asphalt,Local,65,2026-08-16,Medium,1000,10,Moderate,Crack Seal,1,provisional,Michigan GIS Open Data + Paventra rehearsal assumptions,2026-08-16
GL-ROAD-361,GL-361-8978033802175238006238,S Union St,,,Grass Lake Charter Township,42.24898471997589,-84.20372026594212,0.083445,2,Asphalt,Local,65,2026-08-16,Medium,1000,10,Moderate,Crack Seal,1,provisional,Michigan GIS Open Data + Paventra rehearsal assumptions,2026-08-16
GL-ROAD-362,GL-362-8978033801689738021752,S Union St,,,Grass Lake Charter Township,42.24897163024148,-84.20236774151346,0.069519,2,Asphalt,Local,65,2026-08-16,Medium,1000,10,Moderate,Crack Seal,1,provisional,Michigan GIS Open Data + Paventra rehearsal assumptions,2026-08-16
GL-ROAD-363,GL-363-8992103800639138006259,W Michigan Ave,,,Grass Lake Charter Township,42.24918911497963,-84.2189828525067,0.161428,2,Asphalt,Local,65,2026-08-16,Medium,1000,10,Moderate,Crack Seal,1,provisional,Michigan GIS Open Data + Paventra rehearsal assumptions,2026-08-16
GL-ROAD-364,GL-364-03800635538006391,Unnamed Road,,,Grass Lake Charter Township,42.24940440734992,-84.21892972007711,0.015101,2,Asphalt,Local,65,2026-08-16,Medium,1000,10,Moderate,Crack Seal,1,provisional,Michigan GIS Open Data + Paventra rehearsal assumptions,2026-08-16
GL-ROAD-365,GL-365-9170083802551038006313,S Lake St,,,Grass Lake Charter Township,42.24899035730699,-84.21177990036237,0.049107,2,Asphalt,Local,65,2026-08-16,Medium,1000,10,Moderate,Crack Seal,1,provisional,Michigan GIS Open Data + Paventra rehearsal assumptions,2026-08-16
GL-ROAD-366,GL-366-9171013800640738006364,Water St,,,Grass Lake Charter Township,42.24899618838663,-84.21550134679869,0.093951,2,Asphalt,Local,65,2026-08-16,Medium,1000,10,Moderate,Crack Seal,1,provisional,Michigan GIS Open Data + Paventra rehearsal assumptions,2026-08-16
GL-ROAD-367,GL-367-9171023800640738006259,Clark St,,,Grass Lake Charter Township,42.24899618838663,-84.21550134679869,0.074899,2,Asphalt,Local,65,2026-08-16,Medium,1000,10,Moderate,Crack Seal,1,provisional,Michigan GIS Open Data + Paventra rehearsal assumptions,2026-08-16
GL-ROAD-368,GL-368-33801383802557638006340,Norvell Rd,,,Grass Lake Charter Township,42.24851807748485,-84.18979992763383,0.03825,2,Asphalt,Local,65,2026-08-16,Medium,1000,10,Moderate,Crack Seal,1,provisional,Michigan GIS Open Data + Paventra rehearsal assumptions,2026-08-16
GL-ROAD-369,GL-369-9169083800646238006157,Willis Rd,,,Grass Lake Charter Township,42.248755174982506,-84.22836913232679,0.164637,2,Asphalt,Local,65,2026-08-16,Medium,1000,10,Moderate,Crack Seal,1,provisional,Michigan GIS Open Data + Paventra rehearsal assumptions,2026-08-16
GL-ROAD-370,GL-370-33813343802005038020052,Cambry Cir,,,Grass Lake Charter Township,42.25669847381372,-84.19085670952411,0.069207,2,Asphalt,Local,65,2026-08-16,Medium,1000,10,Moderate,Crack Seal,1,provisional,Michigan GIS Open Data + Paventra rehearsal assumptions,2026-08-16
GL-ROAD-371,GL-371-33813403802005038020051,Larkmore Ct,,,Grass Lake Charter Township,42.25669847381372,-84.19085670952411,0.04033,2,Asphalt,Local,65,2026-08-16,Medium,1000,10,Moderate,Crack Seal,1,provisional,Michigan GIS Open Data + Paventra rehearsal assumptions,2026-08-16
GL-ROAD-372,GL-372-33813373802004238020043,Heritage Ct,,,Grass Lake Charter Township,42.25665681316298,-84.19305271727364,0.049233,2,Asphalt,Local,65,2026-08-16,Medium,1000,10,Moderate,Crack Seal,1,provisional,Michigan GIS Open Data + Paventra rehearsal assumptions,2026-08-16
GL-ROAD-373,GL-373-33813353802004438020042,Cambry Cir,,,Grass Lake Charter Township,42.25732757672924,-84.19288203284479,0.050002,2,Asphalt,Local,65,2026-08-16,Medium,1000,10,Moderate,Crack Seal,1,provisional,Michigan GIS Open Data + Paventra rehearsal assumptions,2026-08-16
GL-ROAD-374,GL-374-8992103800551838005502,E Michigan Ave,,,Grass Lake Charter Township,42.25632904818103,-84.17483978642983,0.053901,2,Asphalt,Local,65,2026-08-16,Medium,1000,10,Moderate,Crack Seal,1,provisional,Michigan GIS Open Data + Paventra rehearsal assumptions,2026-08-16
GL-ROAD-375,GL-375-8978053800551838005481,Maute Rd,,,Grass Lake Charter Township,42.25632904818103,-84.17483978642983,0.043596,2,Asphalt,Local,65,2026-08-16,Medium,1000,10,Moderate,Crack Seal,1,provisional,Michigan GIS Open Data + Paventra rehearsal assumptions,2026-08-16
GL-ROAD-376,GL-376-33811193801891938018918,Ridgeview Ct,,,Grass Lake Charter Township,42.256376694142965,-84.19731941947889,0.156376,2,Asphalt,Local,65,2026-08-16,Medium,1000,10,Moderate,Crack Seal,1,provisional,Michigan GIS Open Data + Paventra rehearsal assumptions,2026-08-16
GL-ROAD-377,GL-377-9017023800818938008171,Page Ave,,,Grass Lake Charter Township,42.23260276070414,-84.24987018084558,1.070734,2,Asphalt,Local,65,2026-08-16,Medium,1000,10,Moderate,Crack Seal,1,provisional,Michigan GIS Open Data + Paventra rehearsal assumptions,2026-08-16
GL-ROAD-378,GL-378-9165023800827338021753,S Francisco Rd,,,Grass Lake Charter Township,42.23062680903783,-84.1513510650735,0.496846,2,Asphalt,Local,65,2026-08-16,Medium,1000,10,Moderate,Crack Seal,1,provisional,Michigan GIS Open Data + Paventra rehearsal assumptions,2026-08-16
GL-ROAD-379,GL-379-33806903801690838016910,Keane Dr,,,Grass Lake Charter Township,42.24208017211258,-84.21905831077878,0.05405,2,Asphalt,Local,65,2026-08-16,Medium,1000,10,Moderate,Crack Seal,1,provisional,Michigan GIS Open Data + Paventra rehearsal assumptions,2026-08-16
GL-ROAD-380,GL-380-9181093801690838006737,Wolf Lake Rd,,,Grass Lake Charter Township,42.24208017211258,-84.21905831077878,0.271667,2,Asphalt,Local,65,2026-08-16,Medium,1000,10,Moderate,Crack Seal,1,provisional,Michigan GIS Open Data + Paventra rehearsal assumptions,2026-08-16
GL-ROAD-381,GL-381-33814323802025938020260,Hillview Ln,,,Grass Lake Charter Township,42.24161639587474,-84.2500289981705,0.244604,2,Asphalt,Local,65,2026-08-16,Medium,1000,10,Moderate,Crack Seal,1,provisional,Michigan GIS Open Data + Paventra rehearsal assumptions,2026-08-16
GL-ROAD-382,GL-382-9188023802025938006749,Hayball Rd,,,Grass Lake Charter Township,42.24161639587474,-84.2500289981705,0.317474,2,Asphalt,Local,65,2026-08-16,Medium,1000,10,Moderate,Crack Seal,1,provisional,Michigan GIS Open Data + Paventra rehearsal assumptions,2026-08-16
GL-ROAD-383,GL-383-33806903801691038016911,Keane Dr,,,Grass Lake Charter Township,42.24208782313788,-84.21800403215799,0.260868,2,Asphalt,Local,65,2026-08-16,Medium,1000,10,Moderate,Crack Seal,1,provisional,Michigan GIS Open Data + Paventra rehearsal assumptions,2026-08-16
GL-ROAD-384,GL-384-33806913801691038016911,Marquedat Dr,,,Grass Lake Charter Township,42.24208782313788,-84.21800403215799,0.269639,2,Asphalt,Local,65,2026-08-16,Medium,1000,10,Moderate,Crack Seal,1,provisional,Michigan GIS Open Data + Paventra rehearsal assumptions,2026-08-16
GL-ROAD-385,GL-385-9216153800536238005371,Lake Heights St,,,Grass Lake Charter Township,42.25913620951462,-84.21065259267236,0.01532,2,Asphalt,Local,65,2026-08-16,Medium,1000,10,Moderate,Crack Seal,1,provisional,Michigan GIS Open Data + Paventra rehearsal assumptions,2026-08-16
GL-ROAD-386,GL-386-33806873801690138005291,Deer Run,,,Grass Lake Charter Township,42.25854025665128,-84.20101988505562,0.375482,2,Asphalt,Local,65,2026-08-16,Medium,1000,10,Moderate,Crack Seal,1,provisional,Michigan GIS Open Data + Paventra rehearsal assumptions,2026-08-16
GL-ROAD-387,GL-387-33814193800775538020237,Wheelock Dr,,,Grass Lake Charter Township,42.23663369303228,-84.20956092781458,0.453019,2,Asphalt,Local,65,2026-08-16,Medium,1000,10,Moderate,Crack Seal,1,provisional,Michigan GIS Open Data + Paventra rehearsal assumptions,2026-08-16
GL-ROAD-388,GL-388-9170083800775538007448,Burtch Rd,,,Grass Lake Charter Township,42.23663369303228,-84.20956092781458,0.174229,2,Asphalt,Local,65,2026-08-16,Medium,1000,10,Moderate,Crack Seal,1,provisional,Michigan GIS Open Data + Paventra rehearsal assumptions,2026-08-16
GL-ROAD-389,GL-389-33811483801945338025532,Old Farm Ln,,,Grass Lake Charter Township,42.23615231301852,-84.19014570646367,0.560503,2,Asphalt,Local,65,2026-08-16,Medium,1000,10,Moderate,Crack Seal,1,provisional,Michigan GIS Open Data + Paventra rehearsal assumptions,2026-08-16
GL-ROAD-390,GL-390-33801383801945338019431,Norvell Rd,,,Grass Lake Charter Township,42.23615231301852,-84.19014570646367,0.516967,2,Asphalt,Local,65,2026-08-16,Medium,1000,10,Moderate,Crack Seal,1,provisional,Michigan GIS Open Data + Paventra rehearsal assumptions,2026-08-16
GL-ROAD-391,GL-391-9170093800780038007755,Grosvenor Rd,,,Grass Lake Charter Township,42.23648339431228,-84.21925392202456,0.497098,2,Asphalt,Local,65,2026-08-16,Medium,1000,10,Moderate,Crack Seal,1,provisional,Michigan GIS Open Data + Paventra rehearsal assumptions,2026-08-16
GL-ROAD-392,GL-392-9181093800780038016908,Wolf Lake Rd,,,Grass Lake Charter Township,42.23648339431228,-84.21925392202456,0.386277,2,Asphalt,Local,65,2026-08-16,Medium,1000,10,Moderate,Crack Seal,1,provisional,Michigan GIS Open Data + Paventra rehearsal assumptions,2026-08-16
GL-ROAD-393,GL-393-33801383800931938009273,Norvell Rd,,,Grass Lake Charter Township,42.21976153163069,-84.19060512600831,0.022932,2,Asphalt,Local,65,2026-08-16,Medium,1000,10,Moderate,Crack Seal,1,provisional,Michigan GIS Open Data + Paventra rehearsal assumptions,2026-08-16
GL-ROAD-394,GL-394-9165013800931438008082,Barber Rd,,,Grass Lake Charter Township,42.21929622096873,-84.17132031236392,0.925254,2,Asphalt,Local,65,2026-08-16,Medium,1000,10,Moderate,Crack Seal,1,provisional,Michigan GIS Open Data + Paventra rehearsal assumptions,2026-08-16
GL-ROAD-395,GL-395-9165013800934838009314,Barber Rd,,,Grass Lake Charter Township,42.21907407948357,-84.17153545532095,0.018885,2,Asphalt,Local,65,2026-08-16,Medium,1000,10,Moderate,Crack Seal,1,provisional,Michigan GIS Open Data + Paventra rehearsal assumptions,2026-08-16
GL-ROAD-396,GL-396-9163103800932038009348,Phal Rd,,,Grass Lake Charter Township,42.219289491667766,-84.17200327986095,0.028461,2,Asphalt,Local,65,2026-08-16,Medium,1000,10,Moderate,Crack Seal,1,provisional,Michigan GIS Open Data + Paventra rehearsal assumptions,2026-08-16
GL-ROAD-397,GL-397-8992103802004038005737,E Michigan Ave,,,Grass Lake Charter Township,42.25408213738198,-84.19206324864888,0.137603,2,Asphalt,Local,65,2026-08-16,Medium,1000,10,Moderate,Crack Seal,1,provisional,Michigan GIS Open Data + Paventra rehearsal assumptions,2026-08-16
GL-ROAD-398,GL-398-33813333802004038020041,Andover Blvd,,,Grass Lake Charter Township,42.25408213738198,-84.19206324864888,0.083581,2,Asphalt,Local,65,2026-08-16,Medium,1000,10,Moderate,Crack Seal,1,provisional,Michigan GIS Open Data + Paventra rehearsal assumptions,2026-08-16
GL-ROAD-399,GL-399-33806903801691138025547,Keane Dr,,,Grass Lake Charter Township,42.24094468932705,-84.2139214295913,0.120238,2,Asphalt,Local,65,2026-08-16,Medium,1000,10,Moderate,Crack Seal,1,provisional,Michigan GIS Open Data + Paventra rehearsal assumptions,2026-08-16
GL-ROAD-400,GL-400-9170083800744838021751,Burtch Rd,,,Grass Lake Charter Township,42.239158455428274,-84.20949441801564,0.325248,2,Asphalt,Local,65,2026-08-16,Medium,1000,10,Moderate,Crack Seal,1,provisional,Michigan GIS Open Data + Paventra rehearsal assumptions,2026-08-16
GL-ROAD-401,GL-401-33806903802554738016909,Keane Dr,,,Grass Lake Charter Township,42.23927570699529,-84.21342512505707,0.019439,2,Asphalt,Local,65,2026-08-16,Medium,1000,10,Moderate,Crack Seal,1,provisional,Michigan GIS Open Data + Paventra rehearsal assumptions,2026-08-16
GL-ROAD-402,GL-402-33812503801807938018077,N Burgett Ln,,,Grass Lake Charter Township,42.223308904978566,-84.22246782098495,0.29081,2,Asphalt,Local,65,2026-08-16,Medium,1000,10,Moderate,Crack Seal,1,provisional,Michigan GIS Open Data + Paventra rehearsal assumptions,2026-08-16
GL-ROAD-403,GL-403-9181093801983038018077,Wolf Lake Rd,,,Grass Lake Charter Township,42.2219313461106,-84.21965522512753,0.192927,2,Asphalt,Local,65,2026-08-16,Medium,1000,10,Moderate,Crack Seal,1,provisional,Michigan GIS Open Data + Paventra rehearsal assumptions,2026-08-16
GL-ROAD-404,GL-404-33812493801983038019835,S Burgett Ln,,,Grass Lake Charter Township,42.2219313461106,-84.21965522512753,0.130084,2,Asphalt,Local,65,2026-08-16,Medium,1000,10,Moderate,Crack Seal,1,provisional,Michigan GIS Open Data + Paventra rehearsal assumptions,2026-08-16
GL-ROAD-405,GL-405-9215013802554438016903,Grandview St,,,Grass Lake Charter Township,42.24803243866098,-84.191195570852,0.062594,2,Asphalt,Local,65,2026-08-16,Medium,1000,10,Moderate,Crack Seal,1,provisional,Michigan GIS Open Data + Paventra rehearsal assumptions,2026-08-16
GL-ROAD-406,GL-406-9214173800634538016903,Nelson St,,,Grass Lake Charter Township,42.24907128347168,-84.19244924902735,0.070529,2,Asphalt,Local,65,2026-08-16,Medium,1000,10,Moderate,Crack Seal,1,provisional,Michigan GIS Open Data + Paventra rehearsal assumptions,2026-08-16
GL-ROAD-407,GL-407-8992103800648138006391,W Michigan Ave,,,Grass Lake Charter Township,42.248526180916606,-84.22836740290039,0.48469,2,Asphalt,Local,65,2026-08-16,Medium,1000,10,Moderate,Crack Seal,1,provisional,Michigan GIS Open Data + Paventra rehearsal assumptions,2026-08-16
GL-ROAD-408,GL-408-9169083800648138006462,Willis Rd,,,Grass Lake Charter Township,42.248526180916606,-84.22836740290039,0.015799,2,Asphalt,Local,65,2026-08-16,Medium,1000,10,Moderate,Crack Seal,1,provisional,Michigan GIS Open Data + Paventra rehearsal assumptions,2026-08-16
GL-ROAD-409,GL-409-9169053800649138006184,Craft Rd,,,Grass Lake Charter Township,42.2485144750583,-84.23773794045762,0.179316,2,Asphalt,Local,65,2026-08-16,Medium,1000,10,Moderate,Crack Seal,1,provisional,Michigan GIS Open Data + Paventra rehearsal assumptions,2026-08-16
GL-ROAD-410,GL-410-9171013801941838006407,Clark St,,,Grass Lake Charter Township,42.24810266269641,-84.21547213625456,0.062438,2,Asphalt,Local,65,2026-08-16,Medium,1000,10,Moderate,Crack Seal,1,provisional,Michigan GIS Open Data + Paventra rehearsal assumptions,2026-08-16
GL-ROAD-411,GL-411-9171013800651338019418,Clark St,,,Grass Lake Charter Township,42.24809515371811,-84.21898198184495,0.180072,2,Asphalt,Local,65,2026-08-16,Medium,1000,10,Moderate,Crack Seal,1,provisional,Michigan GIS Open Data + Paventra rehearsal assumptions,2026-08-16
GL-ROAD-412,GL-412-9181093800651338006391,Wolf Lake Rd,,,Grass Lake Charter Township,42.24809515371811,-84.21898198184495,0.075476,2,Asphalt,Local,65,2026-08-16,Medium,1000,10,Moderate,Crack Seal,1,provisional,Michigan GIS Open Data + Paventra rehearsal assumptions,2026-08-16
GL-ROAD-413,GL-413-8992103800651838006481,W Michigan Ave,,,Grass Lake Charter Township,42.24837735320178,-84.23772112800054,0.479632,2,Asphalt,Local,65,2026-08-16,Medium,1000,10,Moderate,Crack Seal,1,provisional,Michigan GIS Open Data + Paventra rehearsal assumptions,2026-08-16
GL-ROAD-414,GL-414-9169053800651838006491,Craft Rd,,,Grass Lake Charter Township,42.24837735320178,-84.23772112800054,0.0095,2,Asphalt,Local,65,2026-08-16,Medium,1000,10,Moderate,Crack Seal,1,provisional,Michigan GIS Open Data + Paventra rehearsal assumptions,2026-08-16
GL-ROAD-415,GL-415-9170083801690638007755,Burtch Rd,,,Grass Lake Charter Township,42.2289588090982,-84.20979605164764,0.529663,2,Asphalt,Local,65,2026-08-16,Medium,1000,10,Moderate,Crack Seal,1,provisional,Michigan GIS Open Data + Paventra rehearsal assumptions,2026-08-16
GL-ROAD-416,GL-416-33806893801690638016907,Whiting Ridge Dr,,,Grass Lake Charter Township,42.2289588090982,-84.20979605164764,0.312772,2,Asphalt,Local,65,2026-08-16,Medium,1000,10,Moderate,Crack Seal,1,provisional,Michigan GIS Open Data + Paventra rehearsal assumptions,2026-08-16
GL-ROAD-417,GL-417-9170083801808038016906,Burtch Rd,,,Grass Lake Charter Township,42.22666708476224,-84.20985691815319,0.158144,2,Asphalt,Local,65,2026-08-16,Medium,1000,10,Moderate,Crack Seal,1,provisional,Michigan GIS Open Data + Paventra rehearsal assumptions,2026-08-16
GL-ROAD-418,GL-418-33810703801808038018082,Nylen Dr,,,Grass Lake Charter Township,42.22666708476224,-84.20985691815319,0.160227,2,Asphalt,Local,65,2026-08-16,Medium,1000,10,Moderate,Crack Seal,1,provisional,Michigan GIS Open Data + Paventra rehearsal assumptions,2026-08-16
GL-ROAD-419,GL-419-8992103800614538006076,E Michigan Ave,,,Grass Lake Charter Township,42.251059467474846,-84.21296209640946,0.048479,2,Asphalt,Local,65,2026-08-16,Medium,1000,10,Moderate,Crack Seal,1,provisional,Michigan GIS Open Data + Paventra rehearsal assumptions,2026-08-16
GL-ROAD-420,GL-420-9170083800614538006080,N Lake St,,,Grass Lake Charter Township,42.251059467474846,-84.21296209640946,0.024777,2,Asphalt,Local,65,2026-08-16,Medium,1000,10,Moderate,Crack Seal,1,provisional,Michigan GIS Open Data + Paventra rehearsal assumptions,2026-08-16
GL-ROAD-421,GL-421-9169083800615738005638,Willis Rd,,,Grass Lake Charter Township,42.251141309112654,-84.22840334471029,0.334976,2,Asphalt,Local,65,2026-08-16,Medium,1000,10,Moderate,Crack Seal,1,provisional,Michigan GIS Open Data + Paventra rehearsal assumptions,2026-08-16
GL-ROAD-422,GL-422-9169053800618438005892,Craft Rd,,,Grass Lake Charter Township,42.25111140168126,-84.23787740757336,0.150334,2,Asphalt,Local,65,2026-08-16,Medium,1000,10,Moderate,Crack Seal,1,provisional,Michigan GIS Open Data + Paventra rehearsal assumptions,2026-08-16
GL-ROAD-423,GL-423-8992103800620538006145,W Michigan Ave,,,Grass Lake Charter Township,42.250510901556986,-84.2144856443457,0.086782,2,Asphalt,Local,65,2026-08-16,Medium,1000,10,Moderate,Crack Seal,1,provisional,Michigan GIS Open Data + Paventra rehearsal assumptions,2026-08-16
GL-ROAD-424,GL-424-8978033800623838006092,S Union St,,,Grass Lake Charter Township,42.25011555841687,-84.20397947656333,0.073354,2,Asphalt,Local,65,2026-08-16,Medium,1000,10,Moderate,Crack Seal,1,provisional,Michigan GIS Open Data + Paventra rehearsal assumptions,2026-08-16
GL-ROAD-425,GL-425-9170103800624638006238,South St,,,Grass Lake Charter Township,42.2500980298178,-84.20781338926827,0.196524,2,Asphalt,Local,65,2026-08-16,Medium,1000,10,Moderate,Crack Seal,1,provisional,Michigan GIS Open Data + Paventra rehearsal assumptions,2026-08-16
GL-ROAD-426,GL-426-9191053800624638006003,Lafayette St,,,Grass Lake Charter Township,42.2500980298178,-84.20781338926827,0.127045,2,Asphalt,Local,65,2026-08-16,Medium,1000,10,Moderate,Crack Seal,1,provisional,Michigan GIS Open Data + Paventra rehearsal assumptions,2026-08-16
GL-ROAD-427,GL-427-9191043800625038006028,Maple St,,,Grass Lake Charter Township,42.25010722888329,-84.20999326081265,0.11011,2,Asphalt,Local,65,2026-08-16,Medium,1000,10,Moderate,Crack Seal,1,provisional,Michigan GIS Open Data + Paventra rehearsal assumptions,2026-08-16
GL-ROAD-428,GL-428-9170103800625038006246,South St,,,Grass Lake Charter Township,42.25010722888329,-84.20999326081265,0.111808,2,Asphalt,Local,65,2026-08-16,Medium,1000,10,Moderate,Crack Seal,1,provisional,Michigan GIS Open Data + Paventra rehearsal assumptions,2026-08-16
GL-ROAD-429,GL-429-8978033800620938006265,Grass Lake Rd,,,Grass Lake Charter Township,42.24956809270186,-84.1506034732541,1.001399,2,Asphalt,Local,65,2026-08-16,Medium,1000,10,Moderate,Crack Seal,1,provisional,Michigan GIS Open Data + Paventra rehearsal assumptions,2026-08-16
GL-ROAD-430,GL-430-9170083800628338006145,S Lake St,,,Grass Lake Charter Township,42.24994945723445,-84.21227384935544,0.084318,2,Asphalt,Local,65,2026-08-16,Medium,1000,10,Moderate,Crack Seal,1,provisional,Michigan GIS Open Data + Paventra rehearsal assumptions,2026-08-16
GL-ROAD-431,GL-431-8992103800625938006205,W Michigan Ave,,,Grass Lake Charter Township,42.25000751551547,-84.2160325256367,0.086586,2,Asphalt,Local,65,2026-08-16,Medium,1000,10,Moderate,Crack Seal,1,provisional,Michigan GIS Open Data + Paventra rehearsal assumptions,2026-08-16
GL-ROAD-432,GL-432-9181093801807738008155,Wolf Lake Rd,,,Grass Lake Charter Township,42.224727215991976,-84.21958715290984,0.559675,2,Asphalt,Local,65,2026-08-16,Medium,1000,10,Moderate,Crack Seal,1,provisional,Michigan GIS Open Data + Paventra rehearsal assumptions,2026-08-16
GL-ROAD-433,GL-433-9156073801058738010301,Prospect Hill Rd,,,Grass Lake Charter Township,42.19857245704713,-84.13273209226568,0.390585,2,Asphalt,Local,65,2026-08-16,Medium,1000,10,Moderate,Crack Seal,1,provisional,Michigan GIS Open Data + Paventra rehearsal assumptions,2026-08-16
GL-ROAD-434,GL-434-9156053801067538010446,Fishville Rd,,,Grass Lake Charter Township,42.19886261637635,-84.15730355190225,0.262225,2,Asphalt,Local,65,2026-08-16,Medium,1000,10,Moderate,Crack Seal,1,provisional,Michigan GIS Open Data + Paventra rehearsal assumptions,2026-08-16
GL-ROAD-435,GL-435-9170083800596438005897,N Lake St,,,Grass Lake Charter Township,42.25224149963942,-84.21374417574496,0.046432,2,Asphalt,Local,65,2026-08-16,Medium,1000,10,Moderate,Crack Seal,1,provisional,Michigan GIS Open Data + Paventra rehearsal assumptions,2026-08-16
GL-ROAD-436,GL-436-33810293801945438018075,Harvest Dr,,,Grass Lake Charter Township,42.23447402243064,-84.18333506990055,0.107373,2,Asphalt,Local,65,2026-08-16,Medium,1000,10,Moderate,Crack Seal,1,provisional,Michigan GIS Open Data + Paventra rehearsal assumptions,2026-08-16
GL-ROAD-437,GL-437-33811483802553238019454,Old Farm Ln,,,Grass Lake Charter Township,42.23957443074189,-84.1828780623819,0.427047,2,Asphalt,Local,65,2026-08-16,Medium,1000,10,Moderate,Crack Seal,1,provisional,Michigan GIS Open Data + Paventra rehearsal assumptions,2026-08-16
GL-ROAD-438,GL-438-33814203802023838020239,Shirley Ln,,,Grass Lake Charter Township,42.233533178629024,-84.14134228904189,0.251849,2,Asphalt,Local,65,2026-08-16,Medium,1000,10,Moderate,Crack Seal,1,provisional,Michigan GIS Open Data + Paventra rehearsal assumptions,2026-08-16
GL-ROAD-439,GL-439-9165023802023838006551,S Francisco Rd,,,Grass Lake Charter Township,42.233533178629024,-84.14134228904189,0.879855,2,Asphalt,Local,65,2026-08-16,Medium,1000,10,Moderate,Crack Seal,1,provisional,Michigan GIS Open Data + Paventra rehearsal assumptions,2026-08-16
GL-ROAD-440,GL-440-33810293801807338019454,Harvest Dr,,,Grass Lake Charter Township,42.234302010909175,-84.19019819570492,0.352081,2,Asphalt,Local,65,2026-08-16,Medium,1000,10,Moderate,Crack Seal,1,provisional,Michigan GIS Open Data + Paventra rehearsal assumptions,2026-08-16
GL-ROAD-441,GL-441-33801383801807338019453,Norvell Rd,,,Grass Lake Charter Township,42.234302010909175,-84.19019819570492,0.127686,2,Asphalt,Local,65,2026-08-16,Medium,1000,10,Moderate,Crack Seal,1,provisional,Michigan GIS Open Data + Paventra rehearsal assumptions,2026-08-16
GL-ROAD-442,GL-442-9165013800808238006265,Barber Rd,,,Grass Lake Charter Township,42.23268578623348,-84.17073346158449,1.150175,2,Asphalt,Local,65,2026-08-16,Medium,1000,10,Moderate,Crack Seal,1,provisional,Michigan GIS Open Data + Paventra rehearsal assumptions,2026-08-16
GL-ROAD-443,GL-443-9181093800815538007800,Wolf Lake Rd,,,Grass Lake Charter Township,42.23283772799179,-84.21939348174348,0.251627,2,Asphalt,Local,65,2026-08-16,Medium,1000,10,Moderate,Crack Seal,1,provisional,Michigan GIS Open Data + Paventra rehearsal assumptions,2026-08-16
GL-ROAD-444,GL-444-9165023802175338020238,S Francisco Rd,,,Grass Lake Charter Township,42.23123587593842,-84.14172944012063,0.163408,2,Asphalt,Local,65,2026-08-16,Medium,1000,10,Moderate,Crack Seal,1,provisional,Michigan GIS Open Data + Paventra rehearsal assumptions,2026-08-16
GL-ROAD-445,GL-445-9017023800817138008155,Page Ave,,,Grass Lake Charter Township,42.23264280836649,-84.22909050694226,0.49739,2,Asphalt,Local,65,2026-08-16,Medium,1000,10,Moderate,Crack Seal,1,provisional,Michigan GIS Open Data + Paventra rehearsal assumptions,2026-08-16
GL-ROAD-446,GL-446-9188023800818938020259,Hayball Rd,,,Grass Lake Charter Township,42.23260276070414,-84.24987018084558,0.621971,2,Asphalt,Local,65,2026-08-16,Medium,1000,10,Moderate,Crack Seal,1,provisional,Michigan GIS Open Data + Paventra rehearsal assumptions,2026-08-16
GL-ROAD-447,GL-447-9170083801024838010162,Burtch Rd,,,Grass Lake Charter Township,42.2062992796741,-84.21041754238817,0.096119,2,Asphalt,Local,65,2026-08-16,Medium,1000,10,Moderate,Crack Seal,1,provisional,Michigan GIS Open Data + Paventra rehearsal assumptions,2026-08-16
GL-ROAD-448,GL-448-9181093801026738009701,Wolf Lake Rd,,,Grass Lake Charter Township,42.20619033114139,-84.22120546604276,0.608564,2,Asphalt,Local,65,2026-08-16,Medium,1000,10,Moderate,Crack Seal,1,provisional,Michigan GIS Open Data + Paventra rehearsal assumptions,2026-08-16
GL-ROAD-449,GL-449-9163103802024038009320,Phal Rd,,,Grass Lake Charter Township,42.219069284857,-84.18398314200327,0.614741,2,Asphalt,Local,65,2026-08-16,Medium,1000,10,Moderate,Crack Seal,1,provisional,Michigan GIS Open Data + Paventra rehearsal assumptions,2026-08-16
GL-ROAD-450,GL-450-33814213802024038020241,Phal Rd,,,Grass Lake Charter Township,42.219069284857,-84.18398314200327,0.273501,2,Asphalt,Local,65,2026-08-16,Medium,1000,10,Moderate,Crack Seal,1,provisional,Michigan GIS Open Data + Paventra rehearsal assumptions,2026-08-16
GL-ROAD-451,GL-451-9163103800928838020240,Phal Rd,,,Grass Lake Charter Township,42.21987234119619,-84.18782465937149,0.208854,2,Asphalt,Local,65,2026-08-16,Medium,1000,10,Moderate,Crack Seal,1,provisional,Michigan GIS Open Data + Paventra rehearsal assumptions,2026-08-16
GL-ROAD-452,GL-452-33801383800936138009319,Norvell Rd,,,Grass Lake Charter Township,42.218945912167285,-84.19066355829818,0.056352,2,Asphalt,Local,65,2026-08-16,Medium,1000,10,Moderate,Crack Seal,1,provisional,Michigan GIS Open Data + Paventra rehearsal assumptions,2026-08-16
GL-ROAD-453,GL-453-9170083800939838018080,Burtch Rd,,,Grass Lake Charter Township,42.21851707345919,-84.21005780752189,0.562388,2,Asphalt,Local,65,2026-08-16,Medium,1000,10,Moderate,Crack Seal,1,provisional,Michigan GIS Open Data + Paventra rehearsal assumptions,2026-08-16
GL-ROAD-454,GL-454-9181093800942938019830,Wolf Lake Rd,,,Grass Lake Charter Township,42.218343855402,-84.21974483635627,0.247554,2,Asphalt,Local,65,2026-08-16,Medium,1000,10,Moderate,Crack Seal,1,provisional,Michigan GIS Open Data + Paventra rehearsal assumptions,2026-08-16
GL-ROAD-455,GL-455-9159033800944538009429,Lee Rd,,,Grass Lake Charter Township,42.21819845458953,-84.229437893517,0.497202,2,Asphalt,Local,65,2026-08-16,Medium,1000,10,Moderate,Crack Seal,1,provisional,Michigan GIS Open Data + Paventra rehearsal assumptions,2026-08-16
GL-ROAD-456,GL-456-9140203802140938009445,Grey Tower Rd,,,Grass Lake Charter Township,42.22049163620993,-84.22939356492373,0.158229,2,Asphalt,Local,65,2026-08-16,Medium,1000,10,Moderate,Crack Seal,1,provisional,Michigan GIS Open Data + Paventra rehearsal assumptions,2026-08-16
GL-ROAD-457,GL-457-9159033800946438009445,Lee Rd,,,Grass Lake Charter Township,42.21800644132321,-84.23915493564827,0.498525,2,Asphalt,Local,65,2026-08-16,Medium,1000,10,Moderate,Crack Seal,1,provisional,Michigan GIS Open Data + Paventra rehearsal assumptions,2026-08-16
GL-ROAD-458,GL-458-9165013800948638009348,Phal Rd,,,Grass Lake Charter Township,42.21670742788849,-84.16822564539135,0.240638,2,Asphalt,Local,65,2026-08-16,Medium,1000,10,Moderate,Crack Seal,1,provisional,Michigan GIS Open Data + Paventra rehearsal assumptions,2026-08-16
GL-ROAD-459,GL-459-9159033800948038009464,Lee Rd,,,Grass Lake Charter Township,42.21796424299799,-84.24936173572964,0.524347,2,Asphalt,Local,65,2026-08-16,Medium,1000,10,Moderate,Crack Seal,1,provisional,Michigan GIS Open Data + Paventra rehearsal assumptions,2026-08-16
GL-ROAD-460,GL-460-33801383800951538009361,Norvell Rd,,,Grass Lake Charter Township,42.2168727930949,-84.19066033020893,0.14303,2,Asphalt,Local,65,2026-08-16,Medium,1000,10,Moderate,Crack Seal,1,provisional,Michigan GIS Open Data + Paventra rehearsal assumptions,2026-08-16
GL-ROAD-461,GL-461-9164113800666438006652,Rowena St,,,Grass Lake Charter Township,42.24620741714534,-84.18983357155064,0.069978,2,Asphalt,Local,65,2026-08-16,Medium,1000,10,Moderate,Crack Seal,1,provisional,Michigan GIS Open Data + Paventra rehearsal assumptions,2026-08-16
GL-ROAD-462,GL-462-33811353801941838019419,Village Preserve,,,Grass Lake Charter Township,42.24810266269641,-84.21547213625456,0.189066,2,Asphalt,Local,65,2026-08-16,Medium,1000,10,Moderate,Crack Seal,1,provisional,Michigan GIS Open Data + Paventra rehearsal assumptions,2026-08-16
GL-ROAD-463,GL-463-33806863801689738020235,Arthur Dr,,,Grass Lake Charter Township,42.24897163024148,-84.20236774151346,0.235692,2,Asphalt,Local,65,2026-08-16,Medium,1000,10,Moderate,Crack Seal,1,provisional,Michigan GIS Open Data + Paventra rehearsal assumptions,2026-08-16
GL-ROAD-464,GL-464-33814183802023538020236,Meadows Ct,,,Grass Lake Charter Township,42.24596999044465,-84.20317547553911,0.065603,2,Asphalt,Local,65,2026-08-16,Medium,1000,10,Moderate,Crack Seal,1,provisional,Michigan GIS Open Data + Paventra rehearsal assumptions,2026-08-16
GL-ROAD-465,GL-465-9164113800665238025543,Rowena St,,,Grass Lake Charter Township,42.2463178888893,-84.1911835988811,0.113747,2,Asphalt,Local,65,2026-08-16,Medium,1000,10,Moderate,Crack Seal,1,provisional,Michigan GIS Open Data + Paventra rehearsal assumptions,2026-08-16
GL-ROAD-466,GL-466-9164113802554338006695,Rowena St,,,Grass Lake Charter Township,42.24576291977754,-84.19280115915049,0.019929,2,Asphalt,Local,65,2026-08-16,Medium,1000,10,Moderate,Crack Seal,1,provisional,Michigan GIS Open Data + Paventra rehearsal assumptions,2026-08-16
GL-ROAD-467,GL-467-9181093800673738025593,Wolf Lake Rd,,,Grass Lake Charter Township,42.24601751353889,-84.21899761015719,0.083804,2,Asphalt,Local,65,2026-08-16,Medium,1000,10,Moderate,Crack Seal,1,provisional,Michigan GIS Open Data + Paventra rehearsal assumptions,2026-08-16
GL-ROAD-468,GL-468-9170083800674238025510,Burtch Rd,,,Grass Lake Charter Township,42.24578115149729,-84.21132873860911,0.223007,2,Asphalt,Local,65,2026-08-16,Medium,1000,10,Moderate,Crack Seal,1,provisional,Michigan GIS Open Data + Paventra rehearsal assumptions,2026-08-16
GL-ROAD-469,GL-469-8992103800674938006518,E Michigan Ave,,,Grass Lake Charter Township,42.24621695646331,-84.25010366822467,0.655535,2,Asphalt,Local,65,2026-08-16,Medium,1000,10,Moderate,Crack Seal,1,provisional,Michigan GIS Open Data + Paventra rehearsal assumptions,2026-08-16
GL-ROAD-470,GL-470-9168103800998138009464,Burkhart Rd,,,Grass Lake Charter Township,42.210618565239386,-84.2393116184038,0.509792,2,Asphalt,Local,65,2026-08-16,Medium,1000,10,Moderate,Crack Seal,1,provisional,Michigan GIS Open Data + Paventra rehearsal assumptions,2026-08-16
GL-ROAD-471,GL-471-9163083801905238009948,Curtis Rd,,,Grass Lake Charter Township,42.20925790219852,-84.18118256014294,1.253395,2,Asphalt,Local,65,2026-08-16,Medium,1000,10,Moderate,Crack Seal,1,provisional,Michigan GIS Open Data + Paventra rehearsal assumptions,2026-08-16
GL-ROAD-472,GL-472-9156073801009238009800,Prospect Hill Rd,,,Grass Lake Charter Township,42.207279544176,-84.13236754047975,0.292256,2,Asphalt,Local,65,2026-08-16,Medium,1000,10,Moderate,Crack Seal,1,provisional,Michigan GIS Open Data + Paventra rehearsal assumptions,2026-08-16
GL-ROAD-473,GL-473-9156053801044638009948,Fishville Rd,,,Grass Lake Charter Township,42.20266173244613,-84.15715283490958,0.50611,2,Asphalt,Local,65,2026-08-16,Medium,1000,10,Moderate,Crack Seal,1,provisional,Michigan GIS Open Data + Paventra rehearsal assumptions,2026-08-16
GL-ROAD-474,GL-474-9140203800944538017605,Grey Tower Rd,,,Grass Lake Charter Township,42.21819845458953,-84.229437893517,1.006587,2,Asphalt,Local,65,2026-08-16,Medium,1000,10,Moderate,Crack Seal,1,provisional,Michigan GIS Open Data + Paventra rehearsal assumptions,2026-08-16
GL-ROAD-475,GL-475-9168103802141738009981,Burkhart Rd,,,Grass Lake Charter Township,42.20360014958472,-84.23950386866653,0.484327,2,Asphalt,Local,65,2026-08-16,Medium,1000,10,Moderate,Crack Seal,1,provisional,Michigan GIS Open Data + Paventra rehearsal assumptions,2026-08-16
GL-ROAD-476,GL-476-9169033801040138010368,Morris Dr,,,Grass Lake Charter Township,42.20332131044435,-84.23860809461618,0.113427,2,Asphalt,Local,65,2026-08-16,Medium,1000,10,Moderate,Crack Seal,1,provisional,Michigan GIS Open Data + Paventra rehearsal assumptions,2026-08-16
GL-ROAD-477,GL-477-9181093801047938010415,Wolf Lake Rd,,,Grass Lake Charter Township,42.203038852646536,-84.2209953662938,0.067863,2,Asphalt,Local,65,2026-08-16,Medium,1000,10,Moderate,Crack Seal,1,provisional,Michigan GIS Open Data + Paventra rehearsal assumptions,2026-08-16
GL-ROAD-478,GL-478-9169033801039738010401,Morris Dr,,,Grass Lake Charter Township,42.20327908281612,-84.23951498380265,0.046711,2,Asphalt,Local,65,2026-08-16,Medium,1000,10,Moderate,Crack Seal,1,provisional,Michigan GIS Open Data + Paventra rehearsal assumptions,2026-08-16
GL-ROAD-479,GL-479-9168103801039738021417,Burkhart Rd,,,Grass Lake Charter Township,42.20327908281612,-84.23951498380265,0.022159,2,Asphalt,Local,65,2026-08-16,Medium,1000,10,Moderate,Crack Seal,1,provisional,Michigan GIS Open Data + Paventra rehearsal assumptions,2026-08-16
GL-ROAD-480,GL-480-9168103801047838010397,Burkhart Rd,,,Grass Lake Charter Township,42.20306419812286,-84.23954492906186,0.014905,2,Asphalt,Local,65,2026-08-16,Medium,1000,10,Moderate,Crack Seal,1,provisional,Michigan GIS Open Data + Paventra rehearsal assumptions,2026-08-16
GL-ROAD-481,GL-481-9215023801047538010401,Unknown,,,Grass Lake Charter Township,42.20286949744437,-84.23821017106226,0.04058,2,Asphalt,Local,65,2026-08-16,Medium,1000,10,Moderate,Crack Seal,1,provisional,Michigan GIS Open Data + Paventra rehearsal assumptions,2026-08-16
GL-ROAD-482,GL-482-33815783802141738021418,Vatra Ln,,,Grass Lake Charter Township,42.20360014958472,-84.23950386866653,0.105932,2,Asphalt,Local,65,2026-08-16,Medium,1000,10,Moderate,Crack Seal,1,provisional,Michigan GIS Open Data + Paventra rehearsal assumptions,2026-08-16
GL-ROAD-483,GL-483-33810723801855838010478,Burkhart Rd,,,Grass Lake Charter Township,42.2026497804442,-84.23951695855241,0.028628,2,Asphalt,Local,65,2026-08-16,Medium,1000,10,Moderate,Crack Seal,1,provisional,Michigan GIS Open Data + Paventra rehearsal assumptions,2026-08-16
GL-ROAD-484,GL-484-33810733801855838010475,Vatra Ln,,,Grass Lake Charter Township,42.2026497804442,-84.23951695855241,0.072056,2,Asphalt,Local,65,2026-08-16,Medium,1000,10,Moderate,Crack Seal,1,provisional,Michigan GIS Open Data + Paventra rehearsal assumptions,2026-08-16
GL-ROAD-485,GL-485-33810733801047538010579,Vatra Ln,,,Grass Lake Charter Township,42.20286949744437,-84.23821017106226,0.070638,2,Asphalt,Local,65,2026-08-16,Medium,1000,10,Moderate,Crack Seal,1,provisional,Michigan GIS Open Data + Paventra rehearsal assumptions,2026-08-16
GL-ROAD-486,GL-486-9140203801760538010334,Grey Tower Rd,,,Grass Lake Charter Township,42.203721166250034,-84.23057187373041,0.232914,2,Asphalt,Local,65,2026-08-16,Medium,1000,10,Moderate,Crack Seal,1,provisional,Michigan GIS Open Data + Paventra rehearsal assumptions,2026-08-16
GL-ROAD-487,GL-487-33812503801983538018079,N Burgett Ln,,,Grass Lake Charter Township,42.221848789225135,-84.22218945820467,0.103943,2,Asphalt,Local,65,2026-08-16,Medium,1000,10,Moderate,Crack Seal,1,provisional,Michigan GIS Open Data + Paventra rehearsal assumptions,2026-08-16
GL-ROAD-488,GL-488-33812493801983538019834,S Burgett Ln,,,Grass Lake Charter Township,42.221848789225135,-84.22218945820467,0.102738,2,Asphalt,Local,65,2026-08-16,Medium,1000,10,Moderate,Crack Seal,1,provisional,Michigan GIS Open Data + Paventra rehearsal assumptions,2026-08-16
GL-ROAD-489,GL-489-33801383800927338018073,Norvell Rd,,,Grass Lake Charter Township,42.22009353401591,-84.190583587005,0.980485,2,Asphalt,Local,65,2026-08-16,Medium,1000,10,Moderate,Crack Seal,1,provisional,Michigan GIS Open Data + Paventra rehearsal assumptions,2026-08-16
GL-ROAD-490,GL-490-9163103800927338009288,Phal Rd,,,Grass Lake Charter Township,42.22009353401591,-84.190583587005,0.145175,2,Asphalt,Local,65,2026-08-16,Medium,1000,10,Moderate,Crack Seal,1,provisional,Michigan GIS Open Data + Paventra rehearsal assumptions,2026-08-16
GL-ROAD-491,GL-491-33815743802140938021414,Vargo Ct,,,Grass Lake Charter Township,42.22049163620993,-84.22939356492373,0.138408,2,Asphalt,Local,65,2026-08-16,Medium,1000,10,Moderate,Crack Seal,1,provisional,Michigan GIS Open Data + Paventra rehearsal assumptions,2026-08-16
GL-ROAD-492,GL-492-9140203800817138021409,Grey Tower Rd,,,Grass Lake Charter Township,42.23264280836649,-84.22909050694226,0.838491,2,Asphalt,Local,65,2026-08-16,Medium,1000,10,Moderate,Crack Seal,1,provisional,Michigan GIS Open Data + Paventra rehearsal assumptions,2026-08-16
GL-ROAD-493,GL-493-9173148302670638010913,Mack Island Rd,,,Grass Lake Charter Township,42.19704393259528,-84.23250840200977,0.033471,2,Asphalt,Local,65,2026-08-16,Medium,1000,10,Moderate,Crack Seal,1,provisional,Michigan GIS Open Data + Paventra rehearsal assumptions,2026-08-16
GL-ROAD-494,GL-494-33801383801094738010816,Norvell Rd,,,Grass Lake Charter Township,42.19576042264342,-84.19131501967156,0.105403,2,Asphalt,Local,65,2026-08-16,Medium,1000,10,Moderate,Crack Seal,1,provisional,Michigan GIS Open Data + Paventra rehearsal assumptions,2026-08-16
GL-ROAD-495,GL-495-9156053801904538010675,Fishville Rd,,,Grass Lake Charter Township,42.194249404594906,-84.1525966893364,0.486961,2,Asphalt,Local,65,2026-08-16,Medium,1000,10,Moderate,Crack Seal,1,provisional,Michigan GIS Open Data + Paventra rehearsal assumptions,2026-08-16
GL-ROAD-496,GL-496-33801383802140438010947,Norvell Rd,,,Grass Lake Charter Township,42.19373078164414,-84.19133575185593,0.140034,2,Asphalt,Local,65,2026-08-16,Medium,1000,10,Moderate,Crack Seal,1,provisional,Michigan GIS Open Data + Paventra rehearsal assumptions,2026-08-16
GL-ROAD-497,GL-497-33800283801072938010742,Mack Island Rd,,,Grass Lake Charter Township,42.19927036508422,-84.22879205464301,0.212609,2,Asphalt,Local,65,2026-08-16,Medium,1000,10,Moderate,Crack Seal,1,provisional,Michigan GIS Open Data + Paventra rehearsal assumptions,2026-08-16
GL-ROAD-498,GL-498-33806933801075238010706,Eastwood Beach Dr,,,Grass Lake Charter Township,42.1989006525664,-84.23425705718459,0.04927,2,Asphalt,Local,65,2026-08-16,Medium,1000,10,Moderate,Crack Seal,1,provisional,Michigan GIS Open Data + Paventra rehearsal assumptions,2026-08-16
GL-ROAD-499,GL-499-33800283801074238010752,Eastwood Beach Dr,,,Grass Lake Charter Township,42.1990010038768,-84.23286749929086,0.071723,2,Asphalt,Local,65,2026-08-16,Medium,1000,10,Moderate,Crack Seal,1,provisional,Michigan GIS Open Data + Paventra rehearsal assumptions,2026-08-16
GL-ROAD-500,GL-500-9181093801075638010479,Wolf Lake Rd,,,Grass Lake Charter Township,42.198630847742535,-84.22025682813062,0.313909,2,Asphalt,Local,65,2026-08-16,Medium,1000,10,Moderate,Crack Seal,1,provisional,Michigan GIS Open Data + Paventra rehearsal assumptions,2026-08-16
GL-ROAD-501,GL-501-33800283801075638010729,Mack Island Rd,,,Grass Lake Charter Township,42.198630847742535,-84.22025682813062,0.447013,2,Asphalt,Local,65,2026-08-16,Medium,1000,10,Moderate,Crack Seal,1,provisional,Michigan GIS Open Data + Paventra rehearsal assumptions,2026-08-16
GL-ROAD-502,GL-502-33801383801081638010336,Norvell Rd,,,Grass Lake Charter Township,42.19728811935016,-84.19129833696253,0.497116,2,Asphalt,Local,65,2026-08-16,Medium,1000,10,Moderate,Crack Seal,1,provisional,Michigan GIS Open Data + Paventra rehearsal assumptions,2026-08-16
GL-ROAD-503,GL-503-9173063801082738010816,Orban Rd,,,Grass Lake Charter Township,42.19717227420077,-84.19525181926831,0.202976,2,Asphalt,Local,65,2026-08-16,Medium,1000,10,Moderate,Crack Seal,1,provisional,Michigan GIS Open Data + Paventra rehearsal assumptions,2026-08-16
GL-ROAD-504,GL-504-9156073802035038010587,Prospect Hill Rd,,,Grass Lake Charter Township,42.196029016442765,-84.13281774025691,0.175534,2,Asphalt,Local,65,2026-08-16,Medium,1000,10,Moderate,Crack Seal,1,provisional,Michigan GIS Open Data + Paventra rehearsal assumptions,2026-08-16
GL-ROAD-505,GL-505-9173143801074238010835,Mack Island Rd,,,Grass Lake Charter Township,42.1990010038768,-84.23286749929086,0.103202,2,Asphalt,Local,65,2026-08-16,Medium,1000,10,Moderate,Crack Seal,1,provisional,Michigan GIS Open Data + Paventra rehearsal assumptions,2026-08-16
GL-ROAD-506,GL-506-33814733802035038020351,Sage Rd,,,Grass Lake Charter Township,42.196029016442765,-84.13281774025691,0.245461,2,Asphalt,Local,65,2026-08-16,Medium,1000,10,Moderate,Crack Seal,1,provisional,Michigan GIS Open Data + Paventra rehearsal assumptions,2026-08-16
GL-ROAD-507,GL-507-33810313801083538018083,Mack Island Rd,,,Grass Lake Charter Township,42.19751250407406,-84.23282343580674,0.045888,2,Asphalt,Local,65,2026-08-16,Medium,1000,10,Moderate,Crack Seal,1,provisional,Michigan GIS Open Data + Paventra rehearsal assumptions,2026-08-16
GL-ROAD-508,GL-508-9173063801085338010827,Orban Rd,,,Grass Lake Charter Township,42.19689739493906,-84.21063567773675,0.789464,2,Asphalt,Local,65,2026-08-16,Medium,1000,10,Moderate,Crack Seal,1,provisional,Michigan GIS Open Data + Paventra rehearsal assumptions,2026-08-16
GL-ROAD-509,GL-509-9170083801085338010391,Burtch Rd,,,Grass Lake Charter Township,42.19689739493906,-84.21063567773675,0.500095,2,Asphalt,Local,65,2026-08-16,Medium,1000,10,Moderate,Crack Seal,1,provisional,Michigan GIS Open Data + Paventra rehearsal assumptions,2026-08-16
GL-ROAD-510,GL-510-9173143801083583026706,Mack Island Rd,,,Grass Lake Charter Township,42.19751250407406,-84.23282343580674,0.036143,2,Asphalt,Local,65,2026-08-16,Medium,1000,10,Moderate,Crack Seal,1,provisional,Michigan GIS Open Data + Paventra rehearsal assumptions,2026-08-16
GL-ROAD-511,GL-511-33810723801855638018558,Burkhart Rd,,,Grass Lake Charter Township,42.20216598810795,-84.23950396844101,0.03339,2,Asphalt,Local,65,2026-08-16,Medium,1000,10,Moderate,Crack Seal,1,provisional,Michigan GIS Open Data + Paventra rehearsal assumptions,2026-08-16
GL-ROAD-512,GL-512-9173023801062938010601,Scout Dr,,,Grass Lake Charter Township,42.20111507345604,-84.24383662998397,0.082964,2,Asphalt,Local,65,2026-08-16,Medium,1000,10,Moderate,Crack Seal,1,provisional,Michigan GIS Open Data + Paventra rehearsal assumptions,2026-08-16
GL-ROAD-513,GL-513-9169113801047838010634,Highland Dr,,,Grass Lake Charter Township,42.20306419812286,-84.23954492906186,0.260986,2,Asphalt,Local,65,2026-08-16,Medium,1000,10,Moderate,Crack Seal,1,provisional,Michigan GIS Open Data + Paventra rehearsal assumptions,2026-08-16
GL-ROAD-514,GL-514-9173023801063438010629,Scout Dr,,,Grass Lake Charter Township,42.20106553534189,-84.24368721745525,0.008392,2,Asphalt,Local,65,2026-08-16,Medium,1000,10,Moderate,Crack Seal,1,provisional,Michigan GIS Open Data + Paventra rehearsal assumptions,2026-08-16
GL-ROAD-515,GL-515-9169113801063438010635,Highland Dr,,,Grass Lake Charter Township,42.20106553534189,-84.24368721745525,0.008197,2,Asphalt,Local,65,2026-08-16,Medium,1000,10,Moderate,Crack Seal,1,provisional,Michigan GIS Open Data + Paventra rehearsal assumptions,2026-08-16
GL-ROAD-516,GL-516-9169113801063538018568,Highland Dr,,,Grass Lake Charter Township,42.20101771454247,-84.2438334869212,0.250817,2,Asphalt,Local,65,2026-08-16,Medium,1000,10,Moderate,Crack Seal,1,provisional,Michigan GIS Open Data + Paventra rehearsal assumptions,2026-08-16
GL-ROAD-517,GL-517-9169113801856838010644,Highland Dr,,,Grass Lake Charter Township,42.20103939687892,-84.24863675026388,0.02577,2,Asphalt,Local,65,2026-08-16,Medium,1000,10,Moderate,Crack Seal,1,provisional,Michigan GIS Open Data + Paventra rehearsal assumptions,2026-08-16
GL-ROAD-518,GL-518-9163083801009438010092,Curtis Rd,,,Grass Lake Charter Township,42.20730973529609,-84.13369210595745,0.067973,2,Asphalt,Local,65,2026-08-16,Medium,1000,10,Moderate,Crack Seal,1,provisional,Michigan GIS Open Data + Paventra rehearsal assumptions,2026-08-16
GL-ROAD-519,GL-519-9163083800996338010094,Curtis Rd,,,Grass Lake Charter Township,42.20966887077716,-84.15273762486112,0.996638,2,Asphalt,Local,65,2026-08-16,Medium,1000,10,Moderate,Crack Seal,1,provisional,Michigan GIS Open Data + Paventra rehearsal assumptions,2026-08-16
GL-ROAD-520,GL-520-9163083801010538019052,Curtis Rd,,,Grass Lake Charter Township,42.20816418662236,-84.19099971291475,0.523615,2,Asphalt,Local,65,2026-08-16,Medium,1000,10,Moderate,Crack Seal,1,provisional,Michigan GIS Open Data + Paventra rehearsal assumptions,2026-08-16
GL-ROAD-521,GL-521-33801383801010538009965,Norvell Rd,,,Grass Lake Charter Township,42.20816418662236,-84.19099971291475,0.141882,2,Asphalt,Local,65,2026-08-16,Medium,1000,10,Moderate,Crack Seal,1,provisional,Michigan GIS Open Data + Paventra rehearsal assumptions,2026-08-16
GL-ROAD-522,GL-522-9156073801012538010092,Prospect Hill Rd,,,Grass Lake Charter Township,42.20653191671855,-84.13244138431178,0.05172,2,Asphalt,Local,65,2026-08-16,Medium,1000,10,Moderate,Crack Seal,1,provisional,Michigan GIS Open Data + Paventra rehearsal assumptions,2026-08-16
GL-ROAD-523,GL-523-33806283801009438010125,Curtis Rd,,,Grass Lake Charter Township,42.20730973529609,-84.13369210595745,0.090105,2,Asphalt,Local,65,2026-08-16,Medium,1000,10,Moderate,Crack Seal,1,provisional,Michigan GIS Open Data + Paventra rehearsal assumptions,2026-08-16
GL-ROAD-524,GL-524-9170083801016238009697,Burtch Rd,,,Grass Lake Charter Township,42.20769163246212,-84.21035293452174,0.478964,2,Asphalt,Local,65,2026-08-16,Medium,1000,10,Moderate,Crack Seal,1,provisional,Michigan GIS Open Data + Paventra rehearsal assumptions,2026-08-16
GL-ROAD-525,GL-525-9156073801014338010125,Prospect Hill Rd,,,Grass Lake Charter Township,42.20587180161816,-84.13248143141699,0.045589,2,Asphalt,Local,65,2026-08-16,Medium,1000,10,Moderate,Crack Seal,1,provisional,Michigan GIS Open Data + Paventra rehearsal assumptions,2026-08-16
GL-ROAD-526,GL-526-33814893802039738020396,Brook Trout Ln,,,Grass Lake Charter Township,42.20605394059567,-84.22108800548824,0.136233,2,Asphalt,Local,65,2026-08-16,Medium,1000,10,Moderate,Crack Seal,1,provisional,Michigan GIS Open Data + Paventra rehearsal assumptions,2026-08-16
GL-ROAD-527,GL-527-33814893802039438020397,Brook Trout Ln,,,Grass Lake Charter Township,42.20605110967289,-84.22122578232933,0.00707,2,Asphalt,Local,65,2026-08-16,Medium,1000,10,Moderate,Crack Seal,1,provisional,Michigan GIS Open Data + Paventra rehearsal assumptions,2026-08-16
GL-ROAD-528,GL-528-9181093802039438010267,Wolf Lake Rd,,,Grass Lake Charter Township,42.20605110967289,-84.22122578232933,0.009676,2,Asphalt,Local,65,2026-08-16,Medium,1000,10,Moderate,Crack Seal,1,provisional,Michigan GIS Open Data + Paventra rehearsal assumptions,2026-08-16
GL-ROAD-529,GL-529-33801383801028938010105,Norvell Rd,,,Grass Lake Charter Township,42.205474487146674,-84.19108776435249,0.18563,2,Asphalt,Local,65,2026-08-16,Medium,1000,10,Moderate,Crack Seal,1,provisional,Michigan GIS Open Data + Paventra rehearsal assumptions,2026-08-16
GL-ROAD-530,GL-530-9156073801030138010143,Prospect Hill Rd,,,Grass Lake Charter Township,42.20423142552266,-84.13252076844861,0.113192,2,Asphalt,Local,65,2026-08-16,Medium,1000,10,Moderate,Crack Seal,1,provisional,Michigan GIS Open Data + Paventra rehearsal assumptions,2026-08-16
GL-ROAD-531,GL-531-9170083801030638010248,Burtch Rd,,,Grass Lake Charter Township,42.20534302083857,-84.2104244279853,0.065976,2,Asphalt,Local,65,2026-08-16,Medium,1000,10,Moderate,Crack Seal,1,provisional,Michigan GIS Open Data + Paventra rehearsal assumptions,2026-08-16
GL-ROAD-532,GL-532-33801383801033638010289,Norvell Rd,,,Grass Lake Charter Township,42.20449185968236,-84.19109670643688,0.067796,2,Asphalt,Local,65,2026-08-16,Medium,1000,10,Moderate,Crack Seal,1,provisional,Michigan GIS Open Data + Paventra rehearsal assumptions,2026-08-16
GL-ROAD-533,GL-533-9163073801034538010336,Bellman Rd,,,Grass Lake Charter Township,42.20443903820081,-84.19375725076692,0.136522,2,Asphalt,Local,65,2026-08-16,Medium,1000,10,Moderate,Crack Seal,1,provisional,Michigan GIS Open Data + Paventra rehearsal assumptions,2026-08-16
GL-ROAD-534,GL-534-9163073801035738010345,Bellman Rd,,,Grass Lake Charter Township,42.204392865551696,-84.19575890394039,0.102725,2,Asphalt,Local,65,2026-08-16,Medium,1000,10,Moderate,Crack Seal,1,provisional,Michigan GIS Open Data + Paventra rehearsal assumptions,2026-08-16
GL-ROAD-535,GL-535-9163073801905438010357,Bellman Rd,,,Grass Lake Charter Township,42.204263092732646,-84.20305162464204,0.374198,2,Asphalt,Local,65,2026-08-16,Medium,1000,10,Moderate,Crack Seal,1,provisional,Michigan GIS Open Data + Paventra rehearsal assumptions,2026-08-16
GL-ROAD-536,GL-536-9163073801038738019054,Bellman Rd,,,Grass Lake Charter Township,42.20416719623061,-84.20977553664649,0.345016,2,Asphalt,Local,65,2026-08-16,Medium,1000,10,Moderate,Crack Seal,1,provisional,Michigan GIS Open Data + Paventra rehearsal assumptions,2026-08-16
GL-ROAD-537,GL-537-9163073801039138010387,Bellman Rd,,,Grass Lake Charter Township,42.20413708058009,-84.21045220547528,0.034792,2,Asphalt,Local,65,2026-08-16,Medium,1000,10,Moderate,Crack Seal,1,provisional,Michigan GIS Open Data + Paventra rehearsal assumptions,2026-08-16
GL-ROAD-538,GL-538-9170083801039138010306,Burtch Rd,,,Grass Lake Charter Township,42.20413708058009,-84.21045220547528,0.083213,2,Asphalt,Local,65,2026-08-16,Medium,1000,10,Moderate,Crack Seal,1,provisional,Michigan GIS Open Data + Paventra rehearsal assumptions,2026-08-16
GL-ROAD-539,GL-539-9181093801041538020394,Wolf Lake Rd,,,Grass Lake Charter Township,42.20402076509211,-84.22107187865431,0.14033,2,Asphalt,Local,65,2026-08-16,Medium,1000,10,Moderate,Crack Seal,1,provisional,Michigan GIS Open Data + Paventra rehearsal assumptions,2026-08-16
GL-ROAD-540,GL-540-9156073801125838020350,Prospect Hill Rd,,,Grass Lake Charter Township,42.191352481422335,-84.13299317609786,0.322772,2,Asphalt,Local,65,2026-08-16,Medium,1000,10,Moderate,Crack Seal,1,provisional,Michigan GIS Open Data + Paventra rehearsal assumptions,2026-08-16
GL-ROAD-541,GL-541-9156053801136638019045,Fishville Rd,,,Grass Lake Charter Township,42.19083039565418,-84.15271882952707,0.23597,2,Asphalt,Local,65,2026-08-16,Medium,1000,10,Moderate,Crack Seal,1,provisional,Michigan GIS Open Data + Paventra rehearsal assumptions,2026-08-16
GL-ROAD-542,GL-542-33801383801151638021404,Norvell Rd,,,Grass Lake Charter Township,42.19006070430272,-84.19147701162657,0.253316,2,Asphalt,Local,65,2026-08-16,Medium,1000,10,Moderate,Crack Seal,1,provisional,Michigan GIS Open Data + Paventra rehearsal assumptions,2026-08-16
GL-ROAD-543,GL-543-9173063801088838010853,Orban Rd,,,Grass Lake Charter Township,42.19668130941616,-84.22030661707065,0.496371,2,Asphalt,Local,65,2026-08-16,Medium,1000,10,Moderate,Crack Seal,1,provisional,Michigan GIS Open Data + Paventra rehearsal assumptions,2026-08-16
GL-ROAD-544,GL-544-9181093801088838010756,Wolf Lake Rd,,,Grass Lake Charter Township,42.19668130941616,-84.22030661707065,0.134528,2,Asphalt,Local,65,2026-08-16,Medium,1000,10,Moderate,Crack Seal,1,provisional,Michigan GIS Open Data + Paventra rehearsal assumptions,2026-08-16
GL-ROAD-545,GL-545-9154103801090138010729,Sandbeach Rd,,,Grass Lake Charter Township,42.19663448249927,-84.22834226335773,0.236821,2,Asphalt,Local,65,2026-08-16,Medium,1000,10,Moderate,Crack Seal,1,provisional,Michigan GIS Open Data + Paventra rehearsal assumptions,2026-08-16
GL-ROAD-546,GL-546-9170083800969738009398,Burtch Rd,,,Grass Lake Charter Township,42.21463069460006,-84.21014793006587,0.268172,2,Asphalt,Local,65,2026-08-16,Medium,1000,10,Moderate,Crack Seal,1,provisional,Michigan GIS Open Data + Paventra rehearsal assumptions,2026-08-16
GL-ROAD-547,GL-547-9163093800970138009697,Phal Rd,,,Grass Lake Charter Township,42.21474970291821,-84.2198128119218,0.496361,2,Asphalt,Local,65,2026-08-16,Medium,1000,10,Moderate,Crack Seal,1,provisional,Michigan GIS Open Data + Paventra rehearsal assumptions,2026-08-16
GL-ROAD-548,GL-548-9181093800970138009429,Wolf Lake Rd,,,Grass Lake Charter Township,42.21474970291821,-84.2198128119218,0.247995,2,Asphalt,Local,65,2026-08-16,Medium,1000,10,Moderate,Crack Seal,1,provisional,Michigan GIS Open Data + Paventra rehearsal assumptions,2026-08-16
GL-ROAD-549,GL-549-9163093800969738009361,Phal Rd,,,Grass Lake Charter Township,42.21463069460006,-84.21014793006587,1.110794,2,Asphalt,Local,65,2026-08-16,Medium,1000,10,Moderate,Crack Seal,1,provisional,Michigan GIS Open Data + Paventra rehearsal assumptions,2026-08-16
GL-ROAD-550,GL-550-9156053801691238008273,Fishville Rd,,,Grass Lake Charter Township,42.21349867031219,-84.15677011765789,1.31259,2,Asphalt,Local,65,2026-08-16,Medium,1000,10,Moderate,Crack Seal,1,provisional,Michigan GIS Open Data + Paventra rehearsal assumptions,2026-08-16
GL-ROAD-551,GL-551-33806923801691238016913,Betrasha Ln,,,Grass Lake Charter Township,42.21349867031219,-84.15677011765789,0.378638,2,Asphalt,Local,65,2026-08-16,Medium,1000,10,Moderate,Crack Seal,1,provisional,Michigan GIS Open Data + Paventra rehearsal assumptions,2026-08-16
GL-ROAD-552,GL-552-33815723802140438021405,Dons Way,,,Grass Lake Charter Township,42.19373078164414,-84.19133575185593,0.314196,2,Asphalt,Local,65,2026-08-16,Medium,1000,10,Moderate,Crack Seal,1,provisional,Michigan GIS Open Data + Paventra rehearsal assumptions,2026-08-16
GL-ROAD-553,GL-553-9156053800827338006209,Fishville Rd,,,Grass Lake Charter Township,42.23062680903783,-84.1513510650735,1.30738,2,Asphalt,Local,65,2026-08-16,Medium,1000,10,Moderate,Crack Seal,1,provisional,Michigan GIS Open Data + Paventra rehearsal assumptions,2026-08-16
GL-ROAD-554,GL-554-9156053800977538016912,Fishville Rd,,,Grass Lake Charter Township,42.21248003857188,-84.15682163455286,0.070328,2,Asphalt,Local,65,2026-08-16,Medium,1000,10,Moderate,Crack Seal,1,provisional,Michigan GIS Open Data + Paventra rehearsal assumptions,2026-08-16
GL-ROAD-555,GL-555-9165013800977538009486,Phal Rd,,,Grass Lake Charter Township,42.21248003857188,-84.15682163455286,0.67143,2,Asphalt,Local,65,2026-08-16,Medium,1000,10,Moderate,Crack Seal,1,provisional,Michigan GIS Open Data + Paventra rehearsal assumptions,2026-08-16
GL-ROAD-556,GL-556-33801383801905038009515,Norvell Rd,,,Grass Lake Charter Township,42.21175445473149,-84.19086279425869,0.353283,2,Asphalt,Local,65,2026-08-16,Medium,1000,10,Moderate,Crack Seal,1,provisional,Michigan GIS Open Data + Paventra rehearsal assumptions,2026-08-16
GL-ROAD-557,GL-557-9156053800994838009775,Fishville Rd,,,Grass Lake Charter Township,42.209994971035336,-84.15689702007202,0.171495,2,Asphalt,Local,65,2026-08-16,Medium,1000,10,Moderate,Crack Seal,1,provisional,Michigan GIS Open Data + Paventra rehearsal assumptions,2026-08-16
GL-ROAD-558,GL-558-9163083800994838009963,Curtis Rd,,,Grass Lake Charter Township,42.209994971035336,-84.15689702007202,0.214636,2,Asphalt,Local,65,2026-08-16,Medium,1000,10,Moderate,Crack Seal,1,provisional,Michigan GIS Open Data + Paventra rehearsal assumptions,2026-08-16
GL-ROAD-559,GL-559-33801383800996538019050,Norvell Rd,,,Grass Lake Charter Township,42.21021944130074,-84.19090644397389,0.105928,2,Asphalt,Local,65,2026-08-16,Medium,1000,10,Moderate,Crack Seal,1,provisional,Michigan GIS Open Data + Paventra rehearsal assumptions,2026-08-16
