{
"type": "FeatureCollection",
"name": "roads",
"crs": { "type": "name", "properties": { "name": "urn:ogc:def:crs:OGC:1.3:CRS84" } },
"features": [
{ "type": "Feature", "properties": { "road_id": "GL-ROAD-1", "segment_id": "GL-1-33817163801688238003161" }, "geometry": { "type": "LineString", "coordinates": [ [ -84.247462474651257, 42.305005387051224 ], [ -84.247180145657509, 42.305118134600654 ], [ -84.246699834679035, 42.305366297329513 ], [ -84.246604336200889, 42.305451969682665 ], [ -84.246508858233327, 42.305523300324126 ], [ -84.246423610389229, 42.305563577372979 ], [ -84.246339251279636, 42.305572655812703 ], [ -84.246220262961145, 42.305567317183353 ], [ -84.246108724961147, 42.305546488849053 ], [ -84.245881918794581, 42.30547182660073 ], [ -84.245609172046073, 42.305343519162726 ] ] } },
{ "type": "Feature", "properties": { "road_id": "GL-ROAD-2", "segment_id": "GL-2-9215043801688238003164" }, "geometry": { "type": "LineString", "coordinates": [ [ -84.247462474651257, 42.305005387051224 ], [ -84.247518147539466, 42.305461063111338 ], [ -84.247536024882109, 42.30557504453288 ], [ -84.247556332772461, 42.305665539217934 ], [ -84.247602278219233, 42.305761537962923 ] ] } },
{ "type": "Feature", "properties": { "road_id": "GL-ROAD-3", "segment_id": "GL-3-9171093800318838003136" }, "geometry": { "type": "LineString", "coordinates": [ [ -84.174575063146662, 42.303677906186358 ], [ -84.163651168984401, 42.30375106733112 ], [ -84.163452342031235, 42.303751898010901 ], [ -84.163283382764419, 42.303769615651476 ], [ -84.161639377549719, 42.304269328126374 ], [ -84.161380877314485, 42.304326562842441 ], [ -84.16110324367186, 42.30437733286977 ], [ -84.160818614184635, 42.304384944066584 ], [ -84.160461800261672, 42.30440571438043 ], [ -84.160197073868162, 42.304440296821532 ], [ -84.158858063707427, 42.304733258933204 ] ] } },
{ "type": "Feature", "properties": { "road_id": "GL-ROAD-4", "segment_id": "GL-4-9171093800319138003188" }, "geometry": { "type": "LineString", "coordinates": [ [ -84.175298454316902, 42.303671935702376 ], [ -84.174575063146662, 42.303677906186358 ] ] } },
{ "type": "Feature", "properties": { "road_id": "GL-ROAD-5", "segment_id": "GL-5-33800293800303838003191" }, "geometry": { "type": "LineString", "coordinates": [ [ -84.175609073663836, 42.307226463299529 ], [ -84.175560744702608, 42.306778759574016 ], [ -84.175504357995649, 42.306436005677163 ], [ -84.175454340014412, 42.306237597520656 ], [ -84.175320579561699, 42.305856037062441 ], [ -84.175279482375316, 42.305626160626268 ], [ -84.175268730331567, 42.305450128354195 ], [ -84.175298454316902, 42.303671935702376 ] ] } },
{ "type": "Feature", "properties": { "road_id": "GL-ROAD-6", "segment_id": "GL-6-33817173801688238003196" }, "geometry": { "type": "LineString", "coordinates": [ [ -84.247462474651257, 42.305005387051224 ], [ -84.247477985452761, 42.304996648642636 ], [ -84.247487572234121, 42.304990827709837 ], [ -84.247497069635713, 42.304984821604862 ], [ -84.24750650641684, 42.304978685729573 ], [ -84.247515907620794, 42.304972478129876 ], [ -84.247525301981256, 42.304966255107942 ], [ -84.247534716993187, 42.304960073847418 ], [ -84.247544178912989, 42.304953992413246 ], [ -84.247553715287069, 42.304948066188082 ], [ -84.247563353584795, 42.304942353255953 ], [ -84.247573120088276, 42.304936910781315 ], [ -84.247583043531336, 42.304931795066388 ], [ -84.247593150196138, 42.304927063275549 ], [ -84.247603466339243, 42.304922773473827 ], [ -84.247614021907495, 42.304918981982269 ], [ -84.24762484197025, 42.30491574594636 ], [ -84.247635954048505, 42.304913121649101 ], [ -84.247647278930259, 42.304910907864183 ], [ -84.247658719927102, 42.304908877867625 ], [ -84.247670269966449, 42.304907024341937 ], [ -84.247681924350402, 42.304905341808201 ], [ -84.247693676031815, 42.304903822048388 ], [ -84.247705516699583, 42.304902458626188 ], [ -84.247717440519693, 42.30490124334252 ], [ -84.247729441581072, 42.304900170699604 ], [ -84.247741511623914, 42.304899232460308 ], [ -84.24775364478846, 42.304898421325973 ], [ -84.247765835163747, 42.304897731798874 ], [ -84.247778073302484, 42.304897154722354 ], [ -84.247790355719715, 42.30489668463678 ], [ -84.247802674129744, 42.304896314205394 ], [ -84.247815021485479, 42.304896035210149 ], [ -84.247827391876072, 42.30489584215325 ], [ -84.247839778228794, 42.304895727717103 ], [ -84.247852173496597, 42.304895683683576 ], [ -84.247864570581143, 42.304895703635445 ], [ -84.24787696483574, 42.304895780293158 ], [ -84.247889346736031, 42.304895907201448 ], [ -84.247901711661015, 42.304896076180334 ], [ -84.247914052486593, 42.304896281713006 ], [ -84.247926362165714, 42.304896515581405 ], [ -84.247938633600015, 42.304896771368291 ], [ -84.247950859742488, 42.304897040855693 ], [ -84.247963035894955, 42.304897318564862 ], [ -84.247975153797441, 42.304897596258755 ], [ -84.247987206325845, 42.304897868420539 ], [ -84.247999236046539, 42.304898344708995 ], [ -84.248011267060576, 42.304899158823979 ], [ -84.248023291621422, 42.304900284519988 ], [ -84.248035299504949, 42.304901697314413 ], [ -84.248047284126343, 42.304903372781631 ], [ -84.248059236448753, 42.304905287358459 ], [ -84.248071146299523, 42.30490741476131 ], [ -84.248083007067919, 42.304909731465138 ], [ -84.248094808555535, 42.304912212086826 ], [ -84.248106544177219, 42.304914832200829 ], [ -84.248118202521482, 42.304917566404974 ], [ -84.248129778164966, 42.304920392093649 ], [ -84.248141259747385, 42.304923282063882 ], [ -84.248152633181405, 42.30492626221826 ], [ -84.248163875370665, 42.304929504250737 ], [ -84.248174998804657, 42.304932995745929 ], [ -84.248186021517668, 42.304936700053482 ], [ -84.248196960331072, 42.304940580504017 ], [ -84.248207834440848, 42.304944602266964 ], [ -84.248218660719644, 42.304948726872006 ], [ -84.24822945717608, 42.304952918569235 ], [ -84.248240240631347, 42.304957140689126 ], [ -84.248251029094064, 42.30496135748168 ], [ -84.248261840598516, 42.304965532296514 ], [ -84.248272693178734, 42.304969628483136 ], [ -84.248283602443024, 42.304973609352992 ], [ -84.248294584981551, 42.30497744634043 ], [ -84.248305581531653, 42.304981260125444 ], [ -84.248316570086544, 42.304985099006856 ], [ -84.248327552064552, 42.304988955800262 ], [ -84.248338530045615, 42.304992825141305 ], [ -84.248349509112771, 42.304996699002444 ], [ -84.248360489419923, 42.305000571981175 ], [ -84.248371476050082, 42.30500443604992 ], [ -84.248382469157178, 42.305008285806153 ], [ -84.248393473772822, 42.305012115023139 ], [ -84.248404491341006, 42.305015915616231 ], [ -84.248415525680329, 42.305019681339566 ], [ -84.248426578183413, 42.30502340590931 ], [ -84.24843765269452, 42.305027082179258 ], [ -84.248448751793617, 42.305030704784961 ], [ -84.248459879350577, 42.305034265679843 ], [ -84.248471035545052, 42.305037758560921 ], [ -84.248482224195598, 42.305041177182439 ], [ -84.248493450359462, 42.305044514417268 ], [ -84.248504733309431, 42.305047732733492 ], [ -84.248516233145807, 42.305050579712777 ], [ -84.248527938328422, 42.305053034455 ], [ -84.248539801582453, 42.305055137655614 ], [ -84.248551770780892, 42.305056929933848 ], [ -84.248563798597687, 42.305058453786039 ], [ -84.248575832957243, 42.305059748030679 ], [ -84.248587839671387, 42.305060862576859 ], [ -84.248599956807041, 42.305061892376642 ], [ -84.248612176353276, 42.305062777850146 ], [ -84.248624441514863, 42.305063425321293 ], [ -84.248636691960044, 42.305063737455093 ], [ -84.248648866066958, 42.305063619598961 ], [ -84.24866090709159, 42.305062976275984 ], [ -84.248672753437461, 42.30506171193317 ], [ -84.248684461346372, 42.305059854478039 ], [ -84.248696095616936, 42.305057514828007 ], [ -84.248707651616542, 42.305054770380764 ], [ -84.248719132093512, 42.305051695046743 ], [ -84.248730533654097, 42.305048365342415 ], [ -84.248741857833622, 42.305044855159046 ], [ -84.248753101238492, 42.305041241013129 ], [ -84.248764266565829, 42.305037598615833 ], [ -84.248775356608149, 42.305033957738054 ], [ -84.248786392151601, 42.305030227723414 ], [ -84.248797382823227, 42.305026411425452 ], [ -84.248808334354635, 42.305022520644854 ], [ -84.248819252400352, 42.305018569883408 ], [ -84.248830145118021, 42.305014570979928 ], [ -84.248841018213554, 42.305010536635479 ], [ -84.248851878580183, 42.305006480470503 ], [ -84.248862731949501, 42.305002414285681 ], [ -84.248873586427848, 42.304998351720521 ], [ -84.248884447721125, 42.304994305476058 ], [ -84.248895321560994, 42.304990287352972 ], [ -84.24890621605374, 42.30498631099077 ], [ -84.248917136905277, 42.304982389090469 ], [ -84.248928091060378, 42.304978533471719 ], [ -84.248939084173585, 42.304974758636448 ], [ -84.248950124376961, 42.304971077323735 ], [ -84.248961216214809, 42.304967500414698 ], [ -84.248972406173777, 42.304964057465241 ], [ -84.248983895507962, 42.30496088315401 ], [ -84.248995638581491, 42.304958088466194 ], [ -84.249007544100223, 42.304955768356479 ], [ -84.249019525545236, 42.304954020556913 ], [ -84.249031491545651, 42.304952942723588 ], [ -84.249043419864762, 42.304952591258989 ], [ -84.249055639814543, 42.304952780358256 ], [ -84.249068018227931, 42.304953541261419 ], [ -84.249080320906813, 42.3049549585729 ], [ -84.249092314891442, 42.304957116015842 ], [ -84.249103768383947, 42.304960099133304 ], [ -84.249114508111276, 42.304963941238718 ], [ -84.249124956254178, 42.304968221069082 ], [ -84.249135254012458, 42.304972795808645 ], [ -84.249145415806467, 42.304977627849404 ], [ -84.249155457244058, 42.304982680502718 ], [ -84.249165393932984, 42.30498791707992 ], [ -84.249175240293525, 42.304993299972963 ], [ -84.24918501193352, 42.304998792493272 ], [ -84.249194724434929, 42.305004358852585 ], [ -84.24920439224374, 42.305009960542414 ], [ -84.249214032155024, 42.30501556179356 ], [ -84.249223658588974, 42.305021124997928 ], [ -84.249233279567463, 42.305026624157655 ], [ -84.249242771265443, 42.30503223118756 ], [ -84.249252109302148, 42.305037992547753 ], [ -84.249261332358145, 42.305043871010774 ], [ -84.24927047800351, 42.305049825728702 ], [ -84.249279583731393, 42.305055818554628 ], [ -84.249288688273651, 42.305061810460373 ], [ -84.249297826748673, 42.30506776146018 ], [ -84.24930704026302, 42.305073634364781 ], [ -84.249316363960688, 42.305079388287865 ], [ -84.249325835309222, 42.305084985983115 ], [ -84.249335494304631, 42.305090386640387 ], [ -84.249345368300013, 42.305095567267571 ], [ -84.249355376200299, 42.305100648202632 ], [ -84.249365491814245, 42.305105654257488 ], [ -84.249375714339067, 42.305110571006388 ], [ -84.249386043048972, 42.305115381322345 ], [ -84.249396475902628, 42.305120071660973 ], [ -84.249407013361534, 42.30512462581482 ], [ -84.249417653461194, 42.305129027538158 ], [ -84.249428396611847, 42.305133262424356 ], [ -84.249439240823349, 42.305137315128299 ], [ -84.249450185318608, 42.305141170323658 ], [ -84.24946122937169, 42.305144810883583 ], [ -84.249472381550518, 42.305148234239944 ], [ -84.249483647304643, 42.305151462097989 ], [ -84.249495015050172, 42.305154517697133 ], [ -84.249506470777092, 42.305157424238857 ], [ -84.249518001688571, 42.305160204943668 ], [ -84.249529592612902, 42.305162881193091 ], [ -84.249541233179244, 42.305165476245691 ], [ -84.249552909377684, 42.305168013302925 ], [ -84.249564607198323, 42.305170515566324 ], [ -84.249576313895631, 42.305173004455469 ], [ -84.249588016672817, 42.30517550319091 ], [ -84.249599701519926, 42.305178034974155 ], [ -84.249611355665849, 42.305180622125256 ], [ -84.249622965100812, 42.305183287845722 ], [ -84.24963451826666, 42.305186054474717 ], [ -84.249645982700088, 42.305189081848781 ], [ -84.249657357588646, 42.305192441119814 ], [ -84.249668688577231, 42.30519593572469 ], [ -84.249680021387491, 42.305199366398817 ], [ -84.249691402877133, 42.305202536597946 ], [ -84.249702879954867, 42.305205247976915 ], [ -84.249714498265064, 42.305207303972423 ], [ -84.24972639986197, 42.305208446476449 ], [ -84.249738597746941, 42.305208645064987 ], [ -84.249750902285029, 42.305208081430642 ], [ -84.249763121517873, 42.305206933626394 ], [ -84.249775065836417, 42.305205382444584 ], [ -84.249787036888875, 42.305203403791758 ], [ -84.249799004514614, 42.305200778295514 ], [ -84.249810439114, 42.305197352614996 ], [ -84.249820813564725, 42.305192971646861 ], [ -84.249829505637322, 42.305187197739976 ], [ -84.249836620942446, 42.305179901932817 ], [ -84.249843102623615, 42.305171971916508 ], [ -84.249849910165395, 42.305164318158937 ], [ -84.249857470554261, 42.305157245530026 ], [ -84.24986535084264, 42.305150317546406 ], [ -84.249873281358106, 42.305143415573205 ], [ -84.249880992402581, 42.305136421875986 ], [ -84.249888213141944, 42.305129216000161 ], [ -84.249894676278686, 42.305121681149892 ], [ -84.249900211513364, 42.305113746191282 ], [ -84.249905011782886, 42.305105497026773 ], [ -84.249909324097061, 42.305097038423334 ], [ -84.249913396627335, 42.305088476967825 ], [ -84.249917477673279, 42.305079914744923 ], [ -84.249921811792646, 42.305071457383946 ], [ -84.249926647207857, 42.30506320967072 ], [ -84.249932227366145, 42.305055273613803 ], [ -84.249938333669917, 42.305047526875491 ], [ -84.249944714411257, 42.305039859210233 ], [ -84.249951366651459, 42.305032288588301 ], [ -84.249958286213058, 42.305024833861289 ], [ -84.249965468944154, 42.305017512980406 ], [ -84.24997291311908, 42.305010343935024 ], [ -84.249980612083064, 42.30500334733938 ], [ -84.249988564161612, 42.304996539381996 ], [ -84.249996745094521, 42.304989919682214 ], [ -84.250005033094723, 42.304983375528678 ], [ -84.250013402142372, 42.304976883091904 ], [ -84.250021846300683, 42.304970437774593 ], [ -84.250030357181103, 42.304964035841863 ], [ -84.250038928846678, 42.304957672696503 ], [ -84.250047555334902, 42.304951344641637 ], [ -84.250056229521618, 42.304945046160647 ], [ -84.250064944205505, 42.304938774438071 ], [ -84.250073693475443, 42.304932523976227 ], [ -84.250082470130195, 42.304926291959696 ], [ -84.250091268258515, 42.304920072890845 ], [ -84.250100080684902, 42.30491386305382 ], [ -84.250108901446879, 42.304907658751802 ], [ -84.250117722207051, 42.304901454449109 ], [ -84.250126538216023, 42.304895246467957 ], [ -84.250135341085198, 42.304889031073429 ], [ -84.250144126065109, 42.304882804587834 ], [ -84.250152886057137, 42.304876560594032 ], [ -84.250161612647048, 42.304870296257633 ], [ -84.25017030108539, 42.304864007900825 ] ] } },
{ "type": "Feature", "properties": { "road_id": "GL-ROAD-7", "segment_id": "GL-7-9170013800319038003111" }, "geometry": { "type": "LineString", "coordinates": [ [ -84.238760321515556, 42.304666624557832 ], [ -84.238758699727725, 42.30653443130327 ] ] } },
{ "type": "Feature", "properties": { "road_id": "GL-ROAD-8", "segment_id": "GL-8-9171093800302038003017" }, "geometry": { "type": "LineString", "coordinates": [ [ -84.152765719487761, 42.307430982853582 ], [ -84.152566199158059, 42.307471652760988 ], [ -84.152329015961698, 42.307492592624591 ], [ -84.149550840367965, 42.307466125989393 ] ] } },
{ "type": "Feature", "properties": { "road_id": "GL-ROAD-9", "segment_id": "GL-9-33801173801747738017479" }, "geometry": { "type": "LineString", "coordinates": [ [ -84.213902959085658, 42.292745359125384 ], [ -84.216241997088488, 42.292715335218325 ] ] } },
{ "type": "Feature", "properties": { "road_id": "GL-ROAD-10", "segment_id": "GL-10-18421043801747738017479" }, "geometry": { "type": "LineString", "coordinates": [ [ -84.213902959085658, 42.292745359125384 ], [ -84.214117432807029, 42.292923658789626 ], [ -84.214260237016717, 42.293018289840361 ], [ -84.214387969442043, 42.293085171826888 ], [ -84.214510697029169, 42.293142150049036 ], [ -84.214658028407911, 42.293172014049361 ], [ -84.214848368476524, 42.293178988475425 ], [ -84.215152848732984, 42.293174035273573 ], [ -84.215391200026644, 42.293168022836703 ], [ -84.215608617424422, 42.293153817238746 ], [ -84.215733852798621, 42.29312438259646 ], [ -84.215851721299629, 42.293075182060313 ], [ -84.216005002985185, 42.292991181920755 ], [ -84.216102394069111, 42.292918076370654 ], [ -84.216176489649754, 42.2928269150866 ], [ -84.216241997088488, 42.292715335218325 ] ] } },
{ "type": "Feature", "properties": { "road_id": "GL-ROAD-11", "segment_id": "GL-11-8978033800365238003628" }, "geometry": { "type": "LineString", "coordinates": [ [ -84.204435333786861, 42.292373039895516 ], [ -84.204434434547736, 42.292816586658716 ] ] } },
{ "type": "Feature", "properties": { "road_id": "GL-ROAD-12", "segment_id": "GL-12-18421073800363638003629" }, "geometry": { "type": "LineString", "coordinates": [ [ -84.185307123046911, 42.291937937452261 ], [ -84.18468991826299, 42.292004734628279 ], [ -84.182971004643704, 42.292334365095911 ] ] } },
{ "type": "Feature", "properties": { "road_id": "GL-ROAD-13", "segment_id": "GL-13-8971073800363638003627" }, "geometry": { "type": "LineString", "coordinates": [ [ -84.185307123046911, 42.291937937452261 ], [ -84.18307107285635, 42.292458930752481 ] ] } },
{ "type": "Feature", "properties": { "road_id": "GL-ROAD-14", "segment_id": "GL-14-18421043800366338017477" }, "geometry": { "type": "LineString", "coordinates": [ [ -84.212204623750651, 42.292269188056117 ], [ -84.212403077356072, 42.292340904067046 ], [ -84.213012242377161, 42.292409743020478 ], [ -84.213240430886557, 42.292444119587309 ], [ -84.213549583059205, 42.292557600958958 ], [ -84.213814619542219, 42.292688930650563 ], [ -84.213902959085658, 42.292745359125384 ] ] } },
{ "type": "Feature", "properties": { "road_id": "GL-ROAD-15", "segment_id": "GL-15-9188053800366638003652" }, "geometry": { "type": "LineString", "coordinates": [ [ -84.22882578308004, 42.292506651116561 ], [ -84.222522646500877, 42.292511458070258 ], [ -84.219379775615465, 42.292523229178919 ], [ -84.21913722831647, 42.292554460131264 ], [ -84.218957011453838, 42.292610086274429 ], [ -84.218760704211206, 42.292677155247297 ], [ -84.218477674684578, 42.292836443531726 ], [ -84.21821440552803, 42.293038948608427 ], [ -84.217914942594376, 42.293221373953919 ], [ -84.217629143592191, 42.293294812070641 ], [ -84.217381003411205, 42.293337650890628 ], [ -84.216658664010723, 42.293354329656722 ], [ -84.212420988258813, 42.293338359730448 ], [ -84.211867358886451, 42.29331911728719 ], [ -84.211635217881891, 42.293294652282285 ], [ -84.211426954313509, 42.293249824277268 ], [ -84.211242166380828, 42.293198456497493 ], [ -84.211085911901151, 42.293126800592745 ], [ -84.210788973675548, 42.292928416898825 ], [ -84.21047522979174, 42.292667526378729 ], [ -84.210260071837965, 42.292539603891676 ], [ -84.210021454726572, 42.292446347013708 ], [ -84.209729289649871, 42.292397571222658 ], [ -84.209517502434267, 42.292383116802576 ], [ -84.208881015178733, 42.29237843189501 ], [ -84.204435333786861, 42.292373039895516 ] ] } },
{ "type": "Feature", "properties": { "road_id": "GL-ROAD-16", "segment_id": "GL-16-9170063800366638003096" }, "geometry": { "type": "LineString", "coordinates": [ [ -84.22882578308004, 42.292506651116561 ], [ -84.228842241714972, 42.293002312653726 ], [ -84.228902297266643, 42.299515871708223 ], [ -84.228903139874873, 42.30041215353409 ], [ -84.228942740750881, 42.302776713267001 ], [ -84.228935374151959, 42.30356286912172 ], [ -84.22900916049214, 42.306639832463318 ] ] } },
{ "type": "Feature", "properties": { "road_id": "GL-ROAD-17", "segment_id": "GL-17-8978093800366838003663" }, "geometry": { "type": "LineString", "coordinates": [ [ -84.217947563562333, 42.29229607486694 ], [ -84.212204623750651, 42.292269188056117 ] ] } },
{ "type": "Feature", "properties": { "road_id": "GL-ROAD-18", "segment_id": "GL-18-33801173801747938003668" }, "geometry": { "type": "LineString", "coordinates": [ [ -84.216241997088488, 42.292715335218325 ], [ -84.216445970564934, 42.292523443596785 ], [ -84.21664981193932, 42.292429641652141 ], [ -84.216885931709427, 42.292378663463694 ], [ -84.217128030578451, 42.29235266751612 ], [ -84.217345955993551, 42.292351172074817 ], [ -84.217644364278868, 42.292348472789563 ], [ -84.217947563562333, 42.29229607486694 ] ] } },
{ "type": "Feature", "properties": { "road_id": "GL-ROAD-19", "segment_id": "GL-19-8978033800367138003652" }, "geometry": { "type": "LineString", "coordinates": [ [ -84.204425948930776, 42.292013885988148 ], [ -84.204435333786861, 42.292373039895516 ] ] } },
{ "type": "Feature", "properties": { "road_id": "GL-ROAD-20", "segment_id": "GL-20-18421063800367738016879" }, "geometry": { "type": "LineString", "coordinates": [ [ -84.18243935826834, 42.291646388029193 ], [ -84.178958801781278, 42.292094435448561 ], [ -84.178126092741877, 42.292170477833587 ], [ -84.176006578721811, 42.292395149739853 ], [ -84.175699202943946, 42.292419654858953 ], [ -84.175606715128026, 42.292413399002825 ], [ -84.175537112764559, 42.292389721873654 ], [ -84.175439849847891, 42.292354674559377 ] ] } },
{ "type": "Feature", "properties": { "road_id": "GL-ROAD-21", "segment_id": "GL-21-9171093800313638003020" }, "geometry": { "type": "LineString", "coordinates": [ [ -84.158858063707427, 42.304733258933204 ], [ -84.157744109165407, 42.305022446754755 ], [ -84.155249395668335, 42.305776594183271 ], [ -84.154999373109987, 42.305852625489301 ], [ -84.154821402879008, 42.305926702452716 ], [ -84.154635951774452, 42.306038379138897 ], [ -84.153386229303109, 42.307075531690309 ], [ -84.153240750766699, 42.307195724929421 ], [ -84.15310246788799, 42.307287746069342 ], [ -84.152765719487761, 42.307430982853582 ] ] } },
{ "type": "Feature", "properties": { "road_id": "GL-ROAD-22", "segment_id": "GL-22-9215043800316438003127" }, "geometry": { "type": "LineString", "coordinates": [ [ -84.247602278219233, 42.305761537962923 ], [ -84.247673589271614, 42.305859388142878 ], [ -84.247802668785553, 42.305992284891246 ], [ -84.248267952147629, 42.306432032143896 ] ] } },
{ "type": "Feature", "properties": { "road_id": "GL-ROAD-23", "segment_id": "GL-23-33806813800316438003154" }, "geometry": { "type": "LineString", "coordinates": [ [ -84.247602278219233, 42.305761537962923 ], [ -84.248185929449519, 42.305634143925687 ] ] } },
{ "type": "Feature", "properties": { "road_id": "GL-ROAD-24", "segment_id": "GL-24-8971073800375738020138" }, "geometry": { "type": "LineString", "coordinates": [ [ -84.199523445373856, 42.290367596613905 ], [ -84.199009910483696, 42.290306865931719 ], [ -84.198060139076162, 42.29026260019959 ], [ -84.197146858396394, 42.290251501830063 ], [ -84.195911731123942, 42.290269475934153 ], [ -84.194756794324505, 42.290330484628662 ], [ -84.192236145520042, 42.290522444053856 ], [ -84.191939688367441, 42.290565180558538 ] ] } },
{ "type": "Feature", "properties": { "road_id": "GL-ROAD-25", "segment_id": "GL-25-8978043800376338003757" }, "geometry": { "type": "LineString", "coordinates": [ [ -84.204357424399717, 42.290302107104118 ], [ -84.203141976827055, 42.290444898561816 ], [ -84.202620101955745, 42.290491148852666 ], [ -84.201993916941916, 42.290508388784971 ], [ -84.200094993558395, 42.290361753036798 ], [ -84.199523445373856, 42.290367596613905 ] ] } },
{ "type": "Feature", "properties": { "road_id": "GL-ROAD-26", "segment_id": "GL-26-8978033800376338003723" }, "geometry": { "type": "LineString", "coordinates": [ [ -84.204357424399717, 42.290302107104118 ], [ -84.204378385379371, 42.291005449754607 ] ] } },
{ "type": "Feature", "properties": { "road_id": "GL-ROAD-27", "segment_id": "GL-27-33817553800370438003763" }, "geometry": { "type": "LineString", "coordinates": [ [ -84.207585724069546, 42.291552462053588 ], [ -84.207366554596405, 42.29144436348912 ], [ -84.206906860932889, 42.291360100890707 ], [ -84.206644519316626, 42.291296530797098 ], [ -84.206270569172659, 42.2911701152291 ], [ -84.205699613028187, 42.290854553756567 ], [ -84.205467322545687, 42.290674449656535 ], [ -84.20523884103828, 42.290520410616097 ], [ -84.205076410446239, 42.290451094527114 ], [ -84.204928474446959, 42.290406884195392 ], [ -84.2045772189568, 42.290337922687172 ], [ -84.204357424399717, 42.290302107104118 ] ] } },
{ "type": "Feature", "properties": { "road_id": "GL-ROAD-28", "segment_id": "GL-28-9171073800376738003742" }, "geometry": { "type": "LineString", "coordinates": [ [ -84.174014979621674, 42.289703550945987 ], [ -84.1747192249845, 42.290001147749429 ], [ -84.174794432721981, 42.290044980527369 ] ] } },
{ "type": "Feature", "properties": { "road_id": "GL-ROAD-29", "segment_id": "GL-29-18421063801688438025368" }, "geometry": { "type": "LineString", "coordinates": [ [ -84.195867702656429, 42.290008924268065 ], [ -84.19458267159402, 42.290041433899347 ], [ -84.194074879937105, 42.290100218185046 ], [ -84.192799431511332, 42.290195942937032 ], [ -84.191484331763107, 42.290360832148735 ], [ -84.190073453618439, 42.290584663486761 ], [ -84.18903309326555, 42.290786562188153 ], [ -84.18810538353695, 42.290994933709563 ], [ -84.187343286580983, 42.291167585320196 ], [ -84.185691009153814, 42.291554060076635 ] ] } },
{ "type": "Feature", "properties": { "road_id": "GL-ROAD-30", "segment_id": "GL-30-33801443800377838003764" }, "geometry": { "type": "LineString", "coordinates": [ [ -84.139425016896979, 42.2889778231172 ], [ -84.139125428650303, 42.28915399305874 ], [ -84.138885410035684, 42.289276277854853 ], [ -84.138593717313739, 42.289390389876843 ], [ -84.138351723472326, 42.289459469127848 ], [ -84.138207684485565, 42.289486312830121 ], [ -84.138022971537239, 42.289496527139555 ], [ -84.134265070798435, 42.289533239670817 ], [ -84.131697147235911, 42.289601675808449 ], [ -84.131547390094752, 42.289582131830151 ], [ -84.131436839263486, 42.289560351666978 ], [ -84.131368580381064, 42.289535006943453 ], [ -84.131311025359551, 42.28947282718601 ], [ -84.131300183539423, 42.289324583426975 ], [ -84.131281217945656, 42.28925450636082 ], [ -84.131209798665139, 42.289190619955697 ] ] } },
{ "type": "Feature", "properties": { "road_id": "GL-ROAD-31", "segment_id": "GL-31-8978053800377938016877" }, "geometry": { "type": "LineString", "coordinates": [ [ -84.175142591740894, 42.289545516448655 ], [ -84.175101789682031, 42.289907992734278 ] ] } },
{ "type": "Feature", "properties": { "road_id": "GL-ROAD-32", "segment_id": "GL-32-18421063800378438016884" }, "geometry": { "type": "LineString", "coordinates": [ [ -84.204352302400792, 42.289988768569032 ], [ -84.20203862195828, 42.290220407553889 ], [ -84.20147863073494, 42.290255433105024 ], [ -84.200908661346716, 42.290201434276803 ], [ -84.200376562309259, 42.290153393268035 ], [ -84.1997548480782, 42.290101386559165 ], [ -84.199237500360425, 42.29006939318964 ], [ -84.198388847564217, 42.290027853317298 ], [ -84.19791275402882, 42.290020167610059 ], [ -84.197498096887301, 42.289999870395171 ], [ -84.195867702656429, 42.290008924268065 ] ] } },
{ "type": "Feature", "properties": { "road_id": "GL-ROAD-33", "segment_id": "GL-33-8978033800378438003763" }, "geometry": { "type": "LineString", "coordinates": [ [ -84.204352302400792, 42.289988768569032 ], [ -84.204357424399717, 42.290302107104118 ] ] } },
{ "type": "Feature", "properties": { "road_id": "GL-ROAD-34", "segment_id": "GL-34-8978033800380838003784" }, "geometry": { "type": "LineString", "coordinates": [ [ -84.204340612821483, 42.289599153611967 ], [ -84.204352302400792, 42.289988768569032 ] ] } },
{ "type": "Feature", "properties": { "road_id": "GL-ROAD-35", "segment_id": "GL-35-18421093800357138003562" }, "geometry": { "type": "LineString", "coordinates": [ [ -84.174156370074485, 42.293918935532261 ], [ -84.175079543065749, 42.29398334165451 ] ] } },
{ "type": "Feature", "properties": { "road_id": "GL-ROAD-36", "segment_id": "GL-36-8971073800358138003582" }, "geometry": { "type": "LineString", "coordinates": [ [ -84.1739106127215, 42.2934821705323 ], [ -84.173734060416308, 42.293462727501002 ] ] } },
{ "type": "Feature", "properties": { "road_id": "GL-ROAD-37", "segment_id": "GL-37-33801183800358438003582" }, "geometry": { "type": "LineString", "coordinates": [ [ -84.173880646662852, 42.293440450926987 ], [ -84.173734060416308, 42.293462727501002 ] ] } },
{ "type": "Feature", "properties": { "road_id": "GL-ROAD-38", "segment_id": "GL-38-18421093801749038003571" }, "geometry": { "type": "LineString", "coordinates": [ [ -84.170370701412807, 42.293294110519305 ], [ -84.170956111793515, 42.293471424294296 ], [ -84.171563848364187, 42.293624243773458 ], [ -84.172026036275781, 42.293727516747758 ], [ -84.172358016373451, 42.293778803489523 ], [ -84.174156370074485, 42.293918935532261 ] ] } },
{ "type": "Feature", "properties": { "road_id": "GL-ROAD-39", "segment_id": "GL-39-8978093800357438017490" }, "geometry": { "type": "LineString", "coordinates": [ [ -84.174094026499546, 42.293724036018858 ], [ -84.172905266154544, 42.293634650038427 ], [ -84.172028586687105, 42.293544200101998 ], [ -84.171304329512324, 42.293453236280371 ], [ -84.170370701412807, 42.293294110519305 ] ] } },
{ "type": "Feature", "properties": { "road_id": "GL-ROAD-40", "segment_id": "GL-40-33801183800359538003584" }, "geometry": { "type": "LineString", "coordinates": [ [ -84.175226323434359, 42.293319339655078 ], [ -84.173880646662852, 42.293440450926987 ] ] } },
{ "type": "Feature", "properties": { "road_id": "GL-ROAD-41", "segment_id": "GL-41-33801193800356238003580" }, "geometry": { "type": "LineString", "coordinates": [ [ -84.175079543065749, 42.29398334165451 ], [ -84.177227213128518, 42.293919101943885 ], [ -84.177849432724926, 42.29387241954165 ], [ -84.179253237566385, 42.293719830860667 ], [ -84.180722372131868, 42.293461828797547 ], [ -84.181100547123393, 42.293402640045713 ] ] } },
{ "type": "Feature", "properties": { "road_id": "GL-ROAD-42", "segment_id": "GL-42-18421093800356238003580" }, "geometry": { "type": "LineString", "coordinates": [ [ -84.175079543065749, 42.29398334165451 ], [ -84.176693183019651, 42.294089939432546 ], [ -84.176791855872438, 42.294108182810348 ], [ -84.176867292974975, 42.294154560908822 ], [ -84.176967265889729, 42.294236980267556 ], [ -84.177094438710569, 42.294349238807911 ], [ -84.177187931876205, 42.294417555872236 ], [ -84.177320632899367, 42.294437038023652 ], [ -84.177479476939411, 42.294436332891699 ], [ -84.179340037576225, 42.294265086688867 ], [ -84.17950779484211, 42.294215187988598 ], [ -84.179671801449089, 42.294142927693059 ], [ -84.179819722114757, 42.293985046181653 ], [ -84.179917711993667, 42.293889495587209 ], [ -84.180029761008583, 42.293801240242281 ], [ -84.180193654076177, 42.293729725964944 ], [ -84.180765296775107, 42.293546512285822 ], [ -84.181100547123393, 42.293402640045713 ] ] } },
{ "type": "Feature", "properties": { "road_id": "GL-ROAD-43", "segment_id": "GL-43-8978093800360638003450" }, "geometry": { "type": "LineString", "coordinates": [ [ -84.162061324956113, 42.292698508065627 ], [ -84.161267872235143, 42.292813675600165 ], [ -84.160595632358635, 42.292942691896272 ], [ -84.15997055692884, 42.293098599434764 ], [ -84.159399747507308, 42.293257771662148 ], [ -84.158999554580404, 42.293379390542718 ], [ -84.158443444142989, 42.293581538977747 ], [ -84.157774388402629, 42.293817436611931 ], [ -84.156686832837224, 42.294251805353731 ], [ -84.154748511919209, 42.295008081819759 ], [ -84.153536035773499, 42.295447480383771 ], [ -84.152790722267454, 42.29566546918997 ], [ -84.15212638747208, 42.295849177202214 ], [ -84.151773339402439, 42.29594485293903 ] ] } },
{ "type": "Feature", "properties": { "road_id": "GL-ROAD-44", "segment_id": "GL-44-8978093802013938003606" }, "geometry": { "type": "LineString", "coordinates": [ [ -84.162266134389426, 42.292668814042933 ], [ -84.162061324956113, 42.292698508065627 ] ] } },
{ "type": "Feature", "properties": { "road_id": "GL-ROAD-45", "segment_id": "GL-45-33801183800361138003595" }, "geometry": { "type": "LineString", "coordinates": [ [ -84.180577717723679, 42.292780432898503 ], [ -84.180309247559904, 42.292836548811394 ], [ -84.179887494579447, 42.292914683485563 ], [ -84.179662174804506, 42.29294831018435 ], [ -84.177208690933, 42.293207321186287 ], [ -84.176404194660606, 42.293286842302756 ], [ -84.175951397876702, 42.293316272521167 ], [ -84.175226323434359, 42.293319339655078 ] ] } },
{ "type": "Feature", "properties": { "road_id": "GL-ROAD-46", "segment_id": "GL-46-8978093801749038020139" }, "geometry": { "type": "LineString", "coordinates": [ [ -84.170370701412807, 42.293294110519305 ], [ -84.168039410579894, 42.292816652799523 ], [ -84.167360039364496, 42.292717145888162 ], [ -84.166686787903586, 42.292637517823039 ], [ -84.165812555188793, 42.292551713942132 ], [ -84.165056960982838, 42.292521439258017 ], [ -84.164677621316415, 42.292513221071346 ], [ -84.164014565408962, 42.292517207631683 ], [ -84.163288903129072, 42.292558860811184 ], [ -84.162696416705401, 42.292616593231017 ], [ -84.162266134389426, 42.292668814042933 ] ] } },
{ "type": "Feature", "properties": { "road_id": "GL-ROAD-47", "segment_id": "GL-47-8971073800361338003461" }, "geometry": { "type": "LineString", "coordinates": [ [ -84.162003932800346, 42.292422604496601 ], [ -84.161521119981586, 42.292498256328507 ], [ -84.160958116075903, 42.292605878042359 ], [ -84.16023600204295, 42.292769321732109 ], [ -84.159591619719095, 42.292943481789798 ], [ -84.15911418068886, 42.293079196445973 ], [ -84.158563267908136, 42.293258701076574 ], [ -84.158075760131098, 42.29344139278907 ], [ -84.156226868987062, 42.294167376927291 ], [ -84.154760573837393, 42.294743212033495 ], [ -84.153983818531856, 42.295041117950404 ], [ -84.153283867566202, 42.295280282568434 ], [ -84.152887889910616, 42.295393745285004 ], [ -84.152471970019178, 42.295498304394641 ], [ -84.151568774380479, 42.295674517816622 ] ] } },
{ "type": "Feature", "properties": { "road_id": "GL-ROAD-48", "segment_id": "GL-48-9188053800368038003666" }, "geometry": { "type": "LineString", "coordinates": [ [ -84.238631182899795, 42.292392727982126 ], [ -84.235810047674377, 42.292384871412523 ], [ -84.23440000066654, 42.292448263806143 ], [ -84.233872409648896, 42.292463234988169 ], [ -84.233201560655971, 42.292483313715209 ], [ -84.22882578308004, 42.292506651116561 ] ] } },
{ "type": "Feature", "properties": { "road_id": "GL-ROAD-49", "segment_id": "GL-49-9170013800368038003190" }, "geometry": { "type": "LineString", "coordinates": [ [ -84.238631182899795, 42.292392727982126 ], [ -84.238643722732434, 42.293470985132458 ], [ -84.238662712322864, 42.298857788701888 ], [ -84.238695775975899, 42.299830864229428 ], [ -84.238760321515556, 42.304666624557832 ] ] } },
{ "type": "Feature", "properties": { "road_id": "GL-ROAD-50", "segment_id": "GL-50-18421063802536838003677" }, "geometry": { "type": "LineString", "coordinates": [ [ -84.185691009153814, 42.291554060076635 ], [ -84.185139793493661, 42.291682985253601 ], [ -84.184939213277573, 42.291725133707395 ], [ -84.18479179858916, 42.291731145337003 ], [ -84.184603927363696, 42.291726408661049 ], [ -84.184416294060526, 42.29169830876689 ], [ -84.184365957916967, 42.291678460002053 ], [ -84.183853909504279, 42.291553448808386 ], [ -84.183695490922332, 42.291529017334888 ], [ -84.183457475018301, 42.291505955211029 ], [ -84.183221693667804, 42.291510653985767 ], [ -84.18243935826834, 42.291646388029193 ] ] } },
{ "type": "Feature", "properties": { "road_id": "GL-ROAD-51", "segment_id": "GL-51-8978093800366338003688" }, "geometry": { "type": "LineString", "coordinates": [ [ -84.212204623750651, 42.292269188056117 ], [ -84.210873388545949, 42.29219935931858 ], [ -84.209160681257828, 42.292021326648545 ], [ -84.207801514129741, 42.291819280034282 ] ] } },
{ "type": "Feature", "properties": { "road_id": "GL-ROAD-52", "segment_id": "GL-52-8987043800367138003688" }, "geometry": { "type": "LineString", "coordinates": [ [ -84.204425948930776, 42.292013885988148 ], [ -84.204692303235731, 42.291975319159029 ], [ -84.204875979757148, 42.291950711752904 ], [ -84.205056891432193, 42.291929998023285 ], [ -84.205352454865121, 42.291887502469912 ], [ -84.205685180424041, 42.291843636212022 ], [ -84.206107351827953, 42.291798658283952 ], [ -84.20648897513415, 42.291788840641857 ], [ -84.206971901657923, 42.291804575375636 ], [ -84.207410202553532, 42.291829517555051 ], [ -84.207801514129741, 42.291819280034282 ] ] } },
{ "type": "Feature", "properties": { "road_id": "GL-ROAD-53", "segment_id": "GL-53-9188053800369938003680" }, "geometry": { "type": "LineString", "coordinates": [ [ -84.25036543541728, 42.292348403445729 ], [ -84.249721317856199, 42.292372177926261 ], [ -84.248818961574642, 42.292408233626901 ], [ -84.248313739983388, 42.292422436004976 ], [ -84.247999157267969, 42.292469177830725 ], [ -84.247715984812857, 42.292554217969546 ], [ -84.247322003852801, 42.29275912271428 ], [ -84.246888483675704, 42.293092592476988 ], [ -84.246488300364035, 42.293381849917161 ], [ -84.246256782879783, 42.293472424297285 ], [ -84.245963867422233, 42.293563852384558 ], [ -84.245711471543871, 42.293605448455097 ], [ -84.24548989853578, 42.293631496875904 ], [ -84.245175924155504, 42.29363495252484 ], [ -84.244826586348751, 42.293583942047782 ], [ -84.244576062104741, 42.293516988050008 ], [ -84.244361059871636, 42.29342743065007 ], [ -84.244150108143799, 42.293320035450179 ], [ -84.243831716442244, 42.29313478739391 ], [ -84.243433234871986, 42.292898070758575 ], [ -84.243051054615634, 42.292692780624513 ], [ -84.242786343218896, 42.292563766669311 ], [ -84.24241806352147, 42.292437921627553 ], [ -84.242141463014093, 42.292385545515153 ], [ -84.241856767011001, 42.292358272289484 ], [ -84.241376770083505, 42.292347252922106 ], [ -84.239643778890908, 42.292381257685868 ], [ -84.238631182899795, 42.292392727982126 ] ] } },
{ "type": "Feature", "properties": { "road_id": "GL-ROAD-54", "segment_id": "GL-54-9192043802140838003702" }, "geometry": { "type": "LineString", "coordinates": [ [ -84.21653681652954, 42.291762508863194 ], [ -84.215533402650493, 42.291764370460164 ], [ -84.213725597578573, 42.291783323478917 ], [ -84.212302928104606, 42.291747179923242 ], [ -84.211397302043224, 42.291708747175839 ], [ -84.210584285324771, 42.291651288445742 ], [ -84.210005802400445, 42.291601002829118 ], [ -84.209566654331113, 42.291551419253842 ] ] } },
{ "type": "Feature", "properties": { "road_id": "GL-ROAD-55", "segment_id": "GL-55-8978093802013538003668" }, "geometry": { "type": "LineString", "coordinates": [ [ -84.24600825652962, 42.29205815755693 ], [ -84.242634087788488, 42.292103630085087 ], [ -84.233017398724272, 42.292220436862763 ], [ -84.217947563562333, 42.29229607486694 ] ] } },
{ "type": "Feature", "properties": { "road_id": "GL-ROAD-56", "segment_id": "GL-56-9192043800371138021408" }, "geometry": { "type": "LineString", "coordinates": [ [ -84.22881485575077, 42.29173901703156 ], [ -84.21653681652954, 42.291762508863194 ] ] } },
{ "type": "Feature", "properties": { "road_id": "GL-ROAD-57", "segment_id": "GL-57-8978093800371538020135" }, "geometry": { "type": "LineString", "coordinates": [ [ -84.250349036380328, 42.292011169602681 ], [ -84.24997001331252, 42.292013942068337 ], [ -84.249006010318553, 42.292017674248804 ], [ -84.24600825652962, 42.29205815755693 ] ] } },
{ "type": "Feature", "properties": { "road_id": "GL-ROAD-58", "segment_id": "GL-58-8978033800371038003671" }, "geometry": { "type": "LineString", "coordinates": [ [ -84.20438543800401, 42.291256428597059 ], [ -84.204425948930776, 42.292013885988148 ] ] } },
{ "type": "Feature", "properties": { "road_id": "GL-ROAD-59", "segment_id": "GL-59-8978093800368838003710" }, "geometry": { "type": "LineString", "coordinates": [ [ -84.207801514129741, 42.291819280034282 ], [ -84.207191292661037, 42.291737427902554 ], [ -84.20438543800401, 42.291256428597059 ] ] } },
{ "type": "Feature", "properties": { "road_id": "GL-ROAD-60", "segment_id": "GL-60-8971073802013638003704" }, "geometry": { "type": "LineString", "coordinates": [ [ -84.246001904890875, 42.291798931598898 ], [ -84.239232862096671, 42.291901899254448 ], [ -84.234083195501483, 42.2919576182911 ], [ -84.217644649514753, 42.292045311614615 ], [ -84.212566418014944, 42.292050330999302 ], [ -84.211374631329647, 42.291976861770465 ], [ -84.210816059697038, 42.291935439292303 ], [ -84.210056978151542, 42.291871315124503 ], [ -84.209150223280048, 42.291772347671383 ], [ -84.208313787012216, 42.291661514666082 ], [ -84.207585724069546, 42.291552462053588 ] ] } },
{ "type": "Feature", "properties": { "road_id": "GL-ROAD-61", "segment_id": "GL-61-8971073800346138003456" }, "geometry": { "type": "LineString", "coordinates": [ [ -84.151568774380479, 42.295674517816622 ], [ -84.151065022062582, 42.29578120284858 ], [ -84.15043889747011, 42.29591598460982 ], [ -84.149095126394471, 42.296127679258355 ] ] } },
{ "type": "Feature", "properties": { "road_id": "GL-ROAD-62", "segment_id": "GL-62-8978083801748038003514" }, "geometry": { "type": "LineString", "coordinates": [ [ -84.145812302545536, 42.295573340614332 ], [ -84.145580399718312, 42.29560015951742 ], [ -84.145372119769178, 42.295646619370814 ], [ -84.144548667951724, 42.295909358498427 ] ] } },
{ "type": "Feature", "properties": { "road_id": "GL-ROAD-63", "segment_id": "GL-63-8978073801748038003446" }, "geometry": { "type": "LineString", "coordinates": [ [ -84.145812302545536, 42.295573340614332 ], [ -84.145813740990633, 42.296243558657807 ] ] } },
{ "type": "Feature", "properties": { "road_id": "GL-ROAD-64", "segment_id": "GL-64-8978063800345638003499" }, "geometry": { "type": "LineString", "coordinates": [ [ -84.149095126394471, 42.296127679258355 ], [ -84.148351333484143, 42.296064327938744 ], [ -84.148147901074893, 42.296046181841746 ], [ -84.147966460927591, 42.296013625277006 ], [ -84.147818541959381, 42.295969313310273 ], [ -84.147599246194289, 42.29587210736868 ], [ -84.147439585117553, 42.295777121446143 ], [ -84.14705346029298, 42.295465027872616 ] ] } },
{ "type": "Feature", "properties": { "road_id": "GL-ROAD-65", "segment_id": "GL-65-8978073800350038017480" }, "geometry": { "type": "LineString", "coordinates": [ [ -84.145811394746275, 42.29539617737781 ], [ -84.145812302545536, 42.295573340614332 ] ] } },
{ "type": "Feature", "properties": { "road_id": "GL-ROAD-66", "segment_id": "GL-66-33810253801806238017482" }, "geometry": { "type": "LineString", "coordinates": [ [ -84.141502422061734, 42.29513809551603 ], [ -84.14109758747945, 42.295140771129418 ] ] } },
{ "type": "Feature", "properties": { "road_id": "GL-ROAD-67", "segment_id": "GL-67-9171083800351538003307" }, "geometry": { "type": "LineString", "coordinates": [ [ -84.204460451200291, 42.295995026202256 ], [ -84.204109443269004, 42.296005487725971 ], [ -84.203051832447557, 42.296021360781623 ], [ -84.202307079175881, 42.296008415440291 ], [ -84.201302178123314, 42.296053602871446 ], [ -84.198716342021612, 42.296097623359813 ], [ -84.195102411116849, 42.296143100478808 ], [ -84.194919892628718, 42.296158282170801 ], [ -84.194797591514345, 42.296173421226293 ], [ -84.194698900183838, 42.296199950146224 ], [ -84.194588629837369, 42.296242339153757 ], [ -84.194489264845615, 42.296292107496988 ], [ -84.194329746770208, 42.296396316625689 ], [ -84.192040643452287, 42.298348706213595 ], [ -84.191666356886415, 42.298584372862145 ], [ -84.191354308784369, 42.29869088524881 ], [ -84.190048772312863, 42.298887490524613 ], [ -84.189032456757374, 42.299015434093917 ], [ -84.188194500150757, 42.299136477488169 ], [ -84.186497031662341, 42.299307297599412 ], [ -84.185488848408838, 42.299434997952972 ], [ -84.184970262978624, 42.299550304051785 ], [ -84.184424442570403, 42.29973265729808 ], [ -84.183854594242078, 42.299873372455345 ], [ -84.183401444527036, 42.29993336345057 ], [ -84.175945984311653, 42.300019498013675 ], [ -84.175810245944731, 42.30004134926444 ], [ -84.175724377359359, 42.30006710762926 ] ] } },
{ "type": "Feature", "properties": { "road_id": "GL-ROAD-68", "segment_id": "GL-68-8978033800351538003267" }, "geometry": { "type": "LineString", "coordinates": [ [ -84.204460451200291, 42.295995026202256 ], [ -84.20437574954218, 42.296344872273359 ], [ -84.204268957710468, 42.296851362352776 ], [ -84.204138453130582, 42.297437104217259 ], [ -84.204119427002425, 42.297624595149045 ], [ -84.20412195025142, 42.29779840415592 ], [ -84.204166968169176, 42.298007660805894 ], [ -84.204216453677333, 42.298169425454859 ], [ -84.204374413526097, 42.298483843155097 ], [ -84.204461977540745, 42.29872336013046 ], [ -84.204519446862676, 42.299086455272622 ], [ -84.204547339655804, 42.299463405017377 ], [ -84.204540378929437, 42.300778804907225 ], [ -84.20454624920653, 42.301075545325325 ], [ -84.204577143047501, 42.301386172741942 ], [ -84.204630363319538, 42.301554229969824 ], [ -84.204705309477802, 42.301721197964028 ] ] } },
{ "type": "Feature", "properties": { "road_id": "GL-ROAD-69", "segment_id": "GL-69-8978073800352738003500" }, "geometry": { "type": "LineString", "coordinates": [ [ -84.145804957601854, 42.294857421043162 ], [ -84.145811394746275, 42.29539617737781 ] ] } },
{ "type": "Feature", "properties": { "road_id": "GL-ROAD-70", "segment_id": "GL-70-8978063800349938003527" }, "geometry": { "type": "LineString", "coordinates": [ [ -84.14705346029298, 42.295465027872616 ], [ -84.14652068036753, 42.294997165334927 ], [ -84.14639439272986, 42.294924864442613 ], [ -84.146309949103298, 42.294885048542788 ], [ -84.146214049018411, 42.294870211127154 ], [ -84.146075109468043, 42.294862606592055 ], [ -84.145804957601854, 42.294857421043162 ] ] } },
{ "type": "Feature", "properties": { "road_id": "GL-ROAD-71", "segment_id": "GL-71-33810253800352738018062" }, "geometry": { "type": "LineString", "coordinates": [ [ -84.145804957601854, 42.294857421043162 ], [ -84.145367131079865, 42.294848288206524 ], [ -84.145196189193683, 42.294882552200498 ], [ -84.144994086388465, 42.294955871668158 ], [ -84.144673716408377, 42.295111933873628 ], [ -84.144367080659165, 42.295226801642706 ], [ -84.144100377040971, 42.295287916540502 ], [ -84.143880080667017, 42.295301570714003 ], [ -84.14365531044507, 42.29529783590241 ], [ -84.143469467704563, 42.295273723684382 ], [ -84.142882027078926, 42.295136753255257 ], [ -84.142660974532589, 42.295130428905679 ], [ -84.141502422061734, 42.29513809551603 ] ] } },
{ "type": "Feature", "properties": { "road_id": "GL-ROAD-72", "segment_id": "GL-72-33800293800330738003545" }, "geometry": { "type": "LineString", "coordinates": [ [ -84.175724377359359, 42.30006710762926 ], [ -84.175719599064053, 42.295673454698068 ], [ -84.175680313177139, 42.295257095479322 ], [ -84.175608771972591, 42.29470550972303 ] ] } },
{ "type": "Feature", "properties": { "road_id": "GL-ROAD-73", "segment_id": "GL-73-33800293800354538016880" }, "geometry": { "type": "LineString", "coordinates": [ [ -84.175608771972591, 42.29470550972303 ], [ -84.175544020345427, 42.294387825479362 ] ] } },
{ "type": "Feature", "properties": { "road_id": "GL-ROAD-74", "segment_id": "GL-74-33813743802013638020135" }, "geometry": { "type": "LineString", "coordinates": [ [ -84.246001904890875, 42.291798931598898 ], [ -84.24600825652962, 42.29205815755693 ] ] } },
{ "type": "Feature", "properties": { "road_id": "GL-ROAD-75", "segment_id": "GL-75-8971073800372538020136" }, "geometry": { "type": "LineString", "coordinates": [ [ -84.249516338971262, 42.291729845170195 ], [ -84.247951122400096, 42.291769207074566 ], [ -84.246001904890875, 42.291798931598898 ] ] } },
{ "type": "Feature", "properties": { "road_id": "GL-ROAD-76", "segment_id": "GL-76-8971073800372638003725" }, "geometry": { "type": "LineString", "coordinates": [ [ -84.250353068111238, 42.291742367361827 ], [ -84.249516338971262, 42.291729845170195 ] ] } },
{ "type": "Feature", "properties": { "road_id": "GL-ROAD-77", "segment_id": "GL-77-8978033800372338003710" }, "geometry": { "type": "LineString", "coordinates": [ [ -84.204378385379371, 42.291005449754607 ], [ -84.20438543800401, 42.291256428597059 ] ] } },
{ "type": "Feature", "properties": { "road_id": "GL-ROAD-78", "segment_id": "GL-78-8971073800370438003723" }, "geometry": { "type": "LineString", "coordinates": [ [ -84.207585724069546, 42.291552462053588 ], [ -84.204378385379371, 42.291005449754607 ] ] } },
{ "type": "Feature", "properties": { "road_id": "GL-ROAD-79", "segment_id": "GL-79-8978093802013738003620" }, "geometry": { "type": "LineString", "coordinates": [ [ -84.192000016838904, 42.290787351260782 ], [ -84.190956463430368, 42.290937430262836 ], [ -84.189065632773634, 42.291309600417115 ], [ -84.184648779225739, 42.292333999455202 ], [ -84.183315557623843, 42.292652625313394 ] ] } },
{ "type": "Feature", "properties": { "road_id": "GL-ROAD-80", "segment_id": "GL-80-33817523800372738003725" }, "geometry": { "type": "LineString", "coordinates": [ [ -84.250350420591204, 42.291667890045311 ], [ -84.249516338971262, 42.291729845170195 ] ] } },
{ "type": "Feature", "properties": { "road_id": "GL-ROAD-81", "segment_id": "GL-81-8987053800373138003628" }, "geometry": { "type": "LineString", "coordinates": [ [ -84.201723612532888, 42.290843695446668 ], [ -84.202421047379858, 42.291036860571133 ], [ -84.202631114892213, 42.291111064387444 ], [ -84.202885075458923, 42.291233779918009 ], [ -84.203079706492986, 42.291346686305388 ], [ -84.203223869006862, 42.291472944562464 ], [ -84.203306421617654, 42.291585817208428 ], [ -84.203781814012729, 42.292512837911794 ], [ -84.203887198785281, 42.292642881640148 ], [ -84.20402250186612, 42.292749375214981 ], [ -84.204155594026545, 42.29278926071072 ], [ -84.204291005690138, 42.292805844630379 ], [ -84.204434434547736, 42.292816586658716 ] ] } },
{ "type": "Feature", "properties": { "road_id": "GL-ROAD-82", "segment_id": "GL-82-8978093800371038003731" }, "geometry": { "type": "LineString", "coordinates": [ [ -84.20438543800401, 42.291256428597059 ], [ -84.202791225636133, 42.291008682258685 ], [ -84.201723612532888, 42.290843695446668 ] ] } },
{ "type": "Feature", "properties": { "road_id": "GL-ROAD-83", "segment_id": "GL-83-8978053801687638016879" }, "geometry": { "type": "LineString", "coordinates": [ [ -84.175033520967403, 42.290367399746643 ], [ -84.175158724086742, 42.291859868853223 ], [ -84.175200881184907, 42.292047216814595 ], [ -84.175230684571957, 42.292148451770956 ], [ -84.175257494174446, 42.292199817863981 ], [ -84.175294704272716, 42.292252460143843 ], [ -84.175357119843213, 42.29230994372579 ], [ -84.175439849847891, 42.292354674559377 ] ] } },
{ "type": "Feature", "properties": { "road_id": "GL-ROAD-84", "segment_id": "GL-84-8971073802013838003636" }, "geometry": { "type": "LineString", "coordinates": [ [ -84.191939688367441, 42.290565180558538 ], [ -84.190897364893104, 42.290715432039157 ], [ -84.189397276128915, 42.290938469702901 ], [ -84.186207436934964, 42.291713049720499 ], [ -84.185538066641826, 42.291883374672985 ], [ -84.185307123046911, 42.291937937452261 ] ] } },
{ "type": "Feature", "properties": { "road_id": "GL-ROAD-85", "segment_id": "GL-85-33813753802013838020137" }, "geometry": { "type": "LineString", "coordinates": [ [ -84.191939688367441, 42.290565180558538 ], [ -84.192000016838904, 42.290787351260782 ] ] } },
{ "type": "Feature", "properties": { "road_id": "GL-ROAD-86", "segment_id": "GL-86-9192043800370238003734" }, "geometry": { "type": "LineString", "coordinates": [ [ -84.209566654331113, 42.291551419253842 ], [ -84.20904450850027, 42.29149790858424 ], [ -84.208443930700255, 42.291397354454602 ], [ -84.207427506519153, 42.291160241256009 ], [ -84.206490550432207, 42.290927057088211 ], [ -84.206268594157308, 42.290878390749484 ], [ -84.206035479327596, 42.290809176815372 ], [ -84.205953952862771, 42.290764502987912 ] ] } },
{ "type": "Feature", "properties": { "road_id": "GL-ROAD-87", "segment_id": "GL-87-8978093800373138020137" }, "geometry": { "type": "LineString", "coordinates": [ [ -84.201723612532888, 42.290843695446668 ], [ -84.200522595833704, 42.290698455242911 ], [ -84.199344863907214, 42.290595040657628 ], [ -84.198104419061224, 42.290542552570251 ], [ -84.197125481376673, 42.290520250754106 ], [ -84.196215912142961, 42.290518543916647 ], [ -84.195507031969044, 42.290533061741485 ], [ -84.194531525746385, 42.290562372291419 ], [ -84.192284156005286, 42.290746486124817 ], [ -84.192000016838904, 42.290787351260782 ] ] } },
{ "type": "Feature", "properties": { "road_id": "GL-ROAD-88", "segment_id": "GL-88-9192043800375338003711" }, "geometry": { "type": "LineString", "coordinates": [ [ -84.250360390747304, 42.291350123106348 ], [ -84.249787885000913, 42.291364080729657 ], [ -84.248568921697526, 42.291390824352675 ], [ -84.247296829216381, 42.291423273641072 ], [ -84.246651212425846, 42.291465559637714 ], [ -84.245987759934678, 42.291514115018714 ], [ -84.245288637739137, 42.291575214204265 ], [ -84.244264911523857, 42.29156565802932 ], [ -84.237527058350707, 42.291649471355747 ], [ -84.232864432587874, 42.2917067920352 ], [ -84.231332626199972, 42.291738149139711 ], [ -84.22881485575077, 42.29173901703156 ] ] } },
{ "type": "Feature", "properties": { "road_id": "GL-ROAD-89", "segment_id": "GL-89-8978073801748138003353" }, "geometry": { "type": "LineString", "coordinates": [ [ -84.145824664082454, 42.297219264940622 ], [ -84.145831043662284, 42.297898150721856 ] ] } },
{ "type": "Feature", "properties": { "road_id": "GL-ROAD-90", "segment_id": "GL-90-8987073800341038003353" }, "geometry": { "type": "LineString", "coordinates": [ [ -84.144442638529299, 42.297005041114993 ], [ -84.1452169636203, 42.297715442695029 ], [ -84.14532555339639, 42.297793193839311 ], [ -84.14540726684767, 42.297826589801133 ], [ -84.145482006211395, 42.297852750566221 ], [ -84.145572456126118, 42.297874721909153 ], [ -84.145831043662284, 42.297898150721856 ] ] } },
{ "type": "Feature", "properties": { "road_id": "GL-ROAD-91", "segment_id": "GL-91-8978093800342338003408" }, "geometry": { "type": "LineString", "coordinates": [ [ -84.142687584227374, 42.296505677419944 ], [ -84.140038595418758, 42.296541394507265 ], [ -84.13784284429245, 42.296573492893373 ], [ -84.135651210504108, 42.296588680310748 ], [ -84.13454986606645, 42.296614445102762 ], [ -84.133390302753298, 42.296660702000921 ], [ -84.131546369915824, 42.296803648898944 ], [ -84.131273265681457, 42.296822554095264 ] ] } },
{ "type": "Feature", "properties": { "road_id": "GL-ROAD-92", "segment_id": "GL-92-8987073800342338003410" }, "geometry": { "type": "LineString", "coordinates": [ [ -84.142687584227374, 42.296505677419944 ], [ -84.143507290740686, 42.296622066977079 ], [ -84.143663667011808, 42.296643643619376 ], [ -84.143806818314701, 42.29667991017309 ], [ -84.143951469526499, 42.296727046722374 ], [ -84.144160471782641, 42.296819984416523 ], [ -84.144442638529299, 42.297005041114993 ] ] } },
{ "type": "Feature", "properties": { "road_id": "GL-ROAD-93", "segment_id": "GL-93-8978093800342738003423" }, "geometry": { "type": "LineString", "coordinates": [ [ -84.14495809666019, 42.29649580762284 ], [ -84.142687584227374, 42.296505677419944 ] ] } },
{ "type": "Feature", "properties": { "road_id": "GL-ROAD-94", "segment_id": "GL-94-8978093800343038003427" }, "geometry": { "type": "LineString", "coordinates": [ [ -84.14582056554741, 42.296479747837303 ], [ -84.14495809666019, 42.29649580762284 ] ] } },
{ "type": "Feature", "properties": { "road_id": "GL-ROAD-95", "segment_id": "GL-95-8978073800343038017481" }, "geometry": { "type": "LineString", "coordinates": [ [ -84.14582056554741, 42.296479747837303 ], [ -84.145824664082454, 42.297219264940622 ] ] } },
{ "type": "Feature", "properties": { "road_id": "GL-ROAD-96", "segment_id": "GL-96-8971073800344238003412" }, "geometry": { "type": "LineString", "coordinates": [ [ -84.141718423733479, 42.296296084669933 ], [ -84.140200725816825, 42.296295684812812 ], [ -84.137892231294984, 42.296325532370297 ], [ -84.135639442987809, 42.29636270504065 ], [ -84.134452103112167, 42.296384760987422 ], [ -84.133367455628502, 42.296434707034599 ], [ -84.13126617004356, 42.296579771721959 ] ] } },
{ "type": "Feature", "properties": { "road_id": "GL-ROAD-97", "segment_id": "GL-97-8971073800344538003442" }, "geometry": { "type": "LineString", "coordinates": [ [ -84.144895524672862, 42.29625120840381 ], [ -84.141718423733479, 42.296296084669933 ] ] } },
{ "type": "Feature", "properties": { "road_id": "GL-ROAD-98", "segment_id": "GL-98-8971073800344638003445" }, "geometry": { "type": "LineString", "coordinates": [ [ -84.145813740990633, 42.296243558657807 ], [ -84.144895524672862, 42.29625120840381 ] ] } },
{ "type": "Feature", "properties": { "road_id": "GL-ROAD-99", "segment_id": "GL-99-8978073800344638003430" }, "geometry": { "type": "LineString", "coordinates": [ [ -84.145813740990633, 42.296243558657807 ], [ -84.14582056554741, 42.296479747837303 ] ] } },
{ "type": "Feature", "properties": { "road_id": "GL-ROAD-100", "segment_id": "GL-100-8971073800345638003446" }, "geometry": { "type": "LineString", "coordinates": [ [ -84.149095126394471, 42.296127679258355 ], [ -84.148734887928214, 42.296157192119338 ], [ -84.148207963834125, 42.296200736107224 ], [ -84.147369682407415, 42.296227912419404 ], [ -84.145813740990633, 42.296243558657807 ] ] } },
{ "type": "Feature", "properties": { "road_id": "GL-ROAD-101", "segment_id": "GL-101-8978093800344038003430" }, "geometry": { "type": "LineString", "coordinates": [ [ -84.151027256992236, 42.296083713871298 ], [ -84.148939831772225, 42.296370952274565 ], [ -84.148123757599052, 42.296428914566754 ], [ -84.147758549422278, 42.296445995053951 ], [ -84.14582056554741, 42.296479747837303 ] ] } },
{ "type": "Feature", "properties": { "road_id": "GL-ROAD-102", "segment_id": "GL-102-8987063801748138003440" }, "geometry": { "type": "LineString", "coordinates": [ [ -84.145824664082454, 42.297219264940622 ], [ -84.146263928269178, 42.29708035616104 ], [ -84.147710575213381, 42.296652839363958 ], [ -84.148088044212201, 42.29656894047023 ], [ -84.148385735355603, 42.296513019724202 ], [ -84.148694989254111, 42.296476448063956 ], [ -84.149235921433842, 42.296421571587253 ], [ -84.151027256992236, 42.296083713871298 ] ] } },
{ "type": "Feature", "properties": { "road_id": "GL-ROAD-103", "segment_id": "GL-103-8978083800351438003442" }, "geometry": { "type": "LineString", "coordinates": [ [ -84.144548667951724, 42.295909358498427 ], [ -84.144137449015346, 42.29601786278068 ], [ -84.143857695456987, 42.296085530204735 ], [ -84.143547287669051, 42.296138840680946 ], [ -84.141718423733479, 42.296296084669933 ] ] } },
{ "type": "Feature", "properties": { "road_id": "GL-ROAD-104", "segment_id": "GL-104-33817163800318538003233" }, "geometry": { "type": "LineString", "coordinates": [ [ -84.244954489444694, 42.304689268586991 ], [ -84.244603013132462, 42.304195179564374 ], [ -84.244435602039715, 42.303867412915395 ], [ -84.244324750624244, 42.303553658347333 ], [ -84.244174307702536, 42.303108965956397 ] ] } },
{ "type": "Feature", "properties": { "road_id": "GL-ROAD-105", "segment_id": "GL-105-9172043800326738003068" }, "geometry": { "type": "LineString", "coordinates": [ [ -84.204705309477802, 42.301721197964028 ], [ -84.203740517183931, 42.302045193376657 ], [ -84.202896240641664, 42.302328628887707 ], [ -84.20252694669783, 42.302463193643987 ], [ -84.202291176551796, 42.302547625213528 ], [ -84.202126225397024, 42.302632275358086 ], [ -84.201973438787974, 42.302725498024024 ], [ -84.201608835799703, 42.303000646934848 ], [ -84.201229520020391, 42.3032801644977 ], [ -84.200947995897081, 42.303488953515796 ], [ -84.200657666853488, 42.303765864864971 ], [ -84.200342688418061, 42.304144017021386 ], [ -84.20001857579382, 42.304525182082934 ], [ -84.199811814487717, 42.304871440616068 ], [ -84.199629729642439, 42.305251011277697 ], [ -84.199440177463316, 42.305906844042489 ], [ -84.199367902350659, 42.306231795097538 ], [ -84.199331853559414, 42.306451445923969 ], [ -84.1994698489993, 42.306714106049348 ], [ -84.199565305061796, 42.306916892727749 ] ] } },
{ "type": "Feature", "properties": { "road_id": "GL-ROAD-106", "segment_id": "GL-106-8978033800326738003079" }, "geometry": { "type": "LineString", "coordinates": [ [ -84.204705309477802, 42.301721197964028 ], [ -84.204815359304817, 42.301872235357898 ], [ -84.204914417180134, 42.30199039755373 ], [ -84.205013947637781, 42.302092377545165 ], [ -84.205158949016834, 42.302205702163121 ], [ -84.20540697380072, 42.302342809117256 ], [ -84.205846574127946, 42.302558549258514 ], [ -84.206542622420187, 42.302896044878402 ], [ -84.207127980842287, 42.303166634688196 ], [ -84.207358260161413, 42.303285399641766 ], [ -84.207546339679652, 42.303407119519477 ], [ -84.207741282946174, 42.3035383602408 ], [ -84.207895360605463, 42.303688358286145 ], [ -84.208044709545931, 42.303853402407498 ], [ -84.2087484397873, 42.304569341029655 ], [ -84.20901266904707, 42.304862899937113 ], [ -84.209187146505087, 42.305076972340785 ], [ -84.209267418838536, 42.305198650438285 ], [ -84.209569245969107, 42.30574725991179 ], [ -84.209822819712912, 42.306220367323121 ], [ -84.209924498689517, 42.306450376744799 ], [ -84.209952337652965, 42.306637375620483 ], [ -84.209951203522792, 42.306766532537537 ] ] } },
{ "type": "Feature", "properties": { "road_id": "GL-ROAD-107", "segment_id": "GL-107-33800293800321238003307" }, "geometry": { "type": "LineString", "coordinates": [ [ -84.175297707953831, 42.30314390580363 ], [ -84.175279921838282, 42.300704692537728 ], [ -84.175301326334463, 42.30054435291467 ], [ -84.175350372173853, 42.300414482602321 ], [ -84.175388285250676, 42.300339171488261 ], [ -84.175474220791699, 42.300248753334337 ], [ -84.175562113569541, 42.300172493109081 ], [ -84.175640024928683, 42.300111962305351 ], [ -84.175724377359359, 42.30006710762926 ] ] } },
{ "type": "Feature", "properties": { "road_id": "GL-ROAD-108", "segment_id": "GL-108-8978033801806938003808" }, "geometry": { "type": "LineString", "coordinates": [ [ -84.204277328109754, 42.286647814839071 ], [ -84.204284155313502, 42.287319691526378 ], [ -84.204340612821483, 42.289599153611967 ] ] } },
{ "type": "Feature", "properties": { "road_id": "GL-ROAD-109", "segment_id": "GL-109-33810273802021538018069" }, "geometry": { "type": "LineString", "coordinates": [ [ -84.205820257250025, 42.286618689401685 ], [ -84.204277328109754, 42.286647814839071 ] ] } },
{ "type": "Feature", "properties": { "road_id": "GL-ROAD-110", "segment_id": "GL-110-33814123802021538020217" }, "geometry": { "type": "LineString", "coordinates": [ [ -84.205820257250025, 42.286618689401685 ], [ -84.205828601453902, 42.287655775660838 ] ] } },
{ "type": "Feature", "properties": { "road_id": "GL-ROAD-111", "segment_id": "GL-111-33810273802021938020215" }, "geometry": { "type": "LineString", "coordinates": [ [ -84.20745440198958, 42.28685170463352 ], [ -84.207370961794695, 42.286816391247264 ], [ -84.20716008575944, 42.286726066150223 ], [ -84.206886955859403, 42.286644968425549 ], [ -84.206612187719514, 42.286620097956607 ], [ -84.206144070094965, 42.286612574201385 ], [ -84.205820257250025, 42.286618689401685 ] ] } },
{ "type": "Feature", "properties": { "road_id": "GL-ROAD-112", "segment_id": "GL-112-9172053802555338016888" }, "geometry": { "type": "LineString", "coordinates": [ [ -84.15043168772695, 42.285518010418748 ], [ -84.150453427599786, 42.285613929282164 ], [ -84.150485685418616, 42.285665882755218 ], [ -84.150518482987621, 42.285699907548214 ], [ -84.150575459545237, 42.2857331372959 ], [ -84.150658298481844, 42.28576320809502 ], [ -84.150723791092588, 42.285781033813471 ], [ -84.150898881263544, 42.285795890591359 ], [ -84.157394299006171, 42.285748677223921 ], [ -84.165464976088373, 42.285616632777462 ] ] } },
{ "type": "Feature", "properties": { "road_id": "GL-ROAD-113", "segment_id": "GL-113-33806843801688838025552" }, "geometry": { "type": "LineString", "coordinates": [ [ -84.165464976088373, 42.285616632777462 ], [ -84.16546333476775, 42.286526050555729 ], [ -84.165460144349524, 42.286633115309399 ], [ -84.165452052852743, 42.286714599442611 ], [ -84.165419357256624, 42.286790865252719 ], [ -84.165345517220857, 42.286920668549527 ], [ -84.165173241464657, 42.287188906296038 ], [ -84.165149467337969, 42.287272095648376 ], [ -84.165152655191733, 42.287369281175692 ], [ -84.165184096917741, 42.287539215306531 ], [ -84.165215001687159, 42.287727212361304 ], [ -84.165222117838013, 42.287896747671155 ], [ -84.165224009634855, 42.288134677229586 ] ] } },
{ "type": "Feature", "properties": { "road_id": "GL-ROAD-114", "segment_id": "GL-114-9172053801688838003953" }, "geometry": { "type": "LineString", "coordinates": [ [ -84.165464976088373, 42.285616632777462 ], [ -84.167928293409517, 42.285650583703948 ] ] } },
{ "type": "Feature", "properties": { "road_id": "GL-ROAD-115", "segment_id": "GL-115-9171073800395338025554" }, "geometry": { "type": "LineString", "coordinates": [ [ -84.167928293409517, 42.285650583703948 ], [ -84.168278850898574, 42.287005434186895 ], [ -84.168323743618515, 42.287114852464306 ] ] } },
{ "type": "Feature", "properties": { "road_id": "GL-ROAD-116", "segment_id": "GL-116-33815693802140838021399" }, "geometry": { "type": "LineString", "coordinates": [ [ -84.21653681652954, 42.291762508863194 ], [ -84.216458081952354, 42.286939735807898 ], [ -84.216416873589864, 42.286553809374354 ], [ -84.21623566343321, 42.28597997480172 ] ] } },
{ "type": "Feature", "properties": { "road_id": "GL-ROAD-117", "segment_id": "GL-117-9170033800318538003190" }, "geometry": { "type": "LineString", "coordinates": [ [ -84.244954489444694, 42.304689268586991 ], [ -84.243313542044646, 42.304768556263944 ], [ -84.242858999148083, 42.304756282432827 ], [ -84.241296611466069, 42.304680502303157 ], [ -84.240188035569233, 42.304642557075681 ], [ -84.238760321515556, 42.304666624557832 ] ] } },
{ "type": "Feature", "properties": { "road_id": "GL-ROAD-118", "segment_id": "GL-118-33817163800316138003185" }, "geometry": { "type": "LineString", "coordinates": [ [ -84.245609172046073, 42.305343519162726 ], [ -84.245475528753076, 42.305225652122374 ], [ -84.245292355711541, 42.305060046127089 ], [ -84.245055449585379, 42.304826438405343 ], [ -84.244954489444694, 42.304689268586991 ] ] } },
{ "type": "Feature", "properties": { "road_id": "GL-ROAD-119", "segment_id": "GL-119-33806783800321238003188" }, "geometry": { "type": "LineString", "coordinates": [ [ -84.175297707953831, 42.30314390580363 ], [ -84.175158113114549, 42.303305147259657 ], [ -84.175058031409705, 42.303422617644294 ], [ -84.174940884510448, 42.303508209539743 ], [ -84.174807517370198, 42.303588674413227 ], [ -84.174575063146662, 42.303677906186358 ] ] } },
{ "type": "Feature", "properties": { "road_id": "GL-ROAD-120", "segment_id": "GL-120-33800293800319138003212" }, "geometry": { "type": "LineString", "coordinates": [ [ -84.175298454316902, 42.303671935702376 ], [ -84.175297707953831, 42.30314390580363 ] ] } },
{ "type": "Feature", "properties": { "road_id": "GL-ROAD-121", "segment_id": "GL-121-33801443801904238003778" }, "geometry": { "type": "LineString", "coordinates": [ [ -84.140827109580272, 42.287266350731947 ], [ -84.14082567498879, 42.287744330102548 ], [ -84.140798913585598, 42.287883120328935 ], [ -84.140726500034233, 42.28798118467774 ], [ -84.140630863462476, 42.288100780011746 ], [ -84.140534737490981, 42.288179111085093 ], [ -84.139425016896979, 42.2889778231172 ] ] } },
{ "type": "Feature", "properties": { "road_id": "GL-ROAD-122", "segment_id": "GL-122-33801443800387338019042" }, "geometry": { "type": "LineString", "coordinates": [ [ -84.140925558297369, 42.286691587455174 ], [ -84.140828167042613, 42.286914114136486 ], [ -84.140827109580272, 42.287266350731947 ] ] } },
{ "type": "Feature", "properties": { "road_id": "GL-ROAD-123", "segment_id": "GL-123-8978073800387338003527" }, "geometry": { "type": "LineString", "coordinates": [ [ -84.140925558297369, 42.286691587455174 ], [ -84.141028302536355, 42.286809222746299 ], [ -84.141049094906791, 42.286824217428808 ], [ -84.141139797412791, 42.286889624757158 ], [ -84.144981738772728, 42.288776434359882 ], [ -84.145139546953629, 42.288877409221683 ], [ -84.14528124327633, 42.288989825508402 ], [ -84.145449618815022, 42.289158886462239 ], [ -84.145565320927844, 42.289296630442138 ], [ -84.145622255876035, 42.289395929865719 ], [ -84.14564766737206, 42.289494705935226 ], [ -84.145675525854728, 42.289616940971918 ], [ -84.1457008470951, 42.289823436704317 ], [ -84.145804957601854, 42.294857421043162 ] ] } },
{ "type": "Feature", "properties": { "road_id": "GL-ROAD-124", "segment_id": "GL-124-9171073802555438003767" }, "geometry": { "type": "LineString", "coordinates": [ [ -84.168323743618515, 42.287114852464306 ], [ -84.168353554157846, 42.287187510469373 ], [ -84.168436044165219, 42.287323312150576 ], [ -84.168544195645083, 42.287458343756477 ], [ -84.168655046198495, 42.287556536430834 ], [ -84.16878992218048, 42.2876551230069 ], [ -84.168982877998957, 42.287758886770646 ], [ -84.171097145740873, 42.288506292151119 ], [ -84.171690816650454, 42.288738979529271 ], [ -84.172508419208569, 42.289056655917136 ], [ -84.174014979621674, 42.289703550945987 ] ] } },
{ "type": "Feature", "properties": { "road_id": "GL-ROAD-125", "segment_id": "GL-125-33814113802021738020218" }, "geometry": { "type": "LineString", "coordinates": [ [ -84.205828601453902, 42.287655775660838 ], [ -84.205068075818957, 42.287671375646248 ] ] } },
{ "type": "Feature", "properties": { "road_id": "GL-ROAD-126", "segment_id": "GL-126-33814123802021738020216" }, "geometry": { "type": "LineString", "coordinates": [ [ -84.205828601453902, 42.287655775660838 ], [ -84.205829178762158, 42.28772746683196 ], [ -84.205828908230643, 42.28797293283867 ], [ -84.205804677752852, 42.288095278011227 ], [ -84.205745579373314, 42.288232404659929 ], [ -84.205646218002272, 42.288333085771946 ], [ -84.205378502431969, 42.288538453243426 ] ] } },
{ "type": "Feature", "properties": { "road_id": "GL-ROAD-127", "segment_id": "GL-127-33806823801688438016885" }, "geometry": { "type": "LineString", "coordinates": [ [ -84.195867702656429, 42.290008924268065 ], [ -84.195738474136107, 42.28863291717893 ], [ -84.19573025944176, 42.287863567723186 ], [ -84.195773650935308, 42.287144900020621 ] ] } },
{ "type": "Feature", "properties": { "road_id": "GL-ROAD-128", "segment_id": "GL-128-33810263801806638003702" }, "geometry": { "type": "LineString", "coordinates": [ [ -84.209414819129009, 42.2868965885637 ], [ -84.209443454303894, 42.286990188570911 ], [ -84.209502080811092, 42.287130840049201 ], [ -84.209568651455143, 42.287237984619132 ], [ -84.209646122130351, 42.287329780901615 ], [ -84.209720563006442, 42.28740600449887 ], [ -84.209925135446994, 42.287562481589568 ], [ -84.210184920297465, 42.287742494346361 ], [ -84.210300235693808, 42.287849014055801 ], [ -84.210370827083693, 42.287942256117802 ], [ -84.210424389838494, 42.288039412110592 ], [ -84.210472315052215, 42.288136476768216 ], [ -84.210625212319982, 42.288695775239177 ], [ -84.210643984119528, 42.288825867011425 ], [ -84.210647063401808, 42.288913839252444 ], [ -84.21063911535262, 42.288993261453292 ], [ -84.210613770587742, 42.289089152041399 ], [ -84.21056073079906, 42.28916785118907 ], [ -84.210490418291371, 42.289258832711027 ], [ -84.210398532941824, 42.289315974456741 ], [ -84.210101427532479, 42.289449375293167 ], [ -84.210027060290884, 42.289485863321353 ], [ -84.209918143700136, 42.289546918572611 ], [ -84.209836800079046, 42.289629349539489 ], [ -84.209794788617941, 42.289716599378252 ], [ -84.209763805640748, 42.289812398441896 ], [ -84.209761126495778, 42.289904465392461 ], [ -84.209797171022274, 42.290022275004752 ], [ -84.209820531613047, 42.290113665162004 ], [ -84.209843954051053, 42.290249547423073 ], [ -84.209830496604681, 42.290398388370072 ], [ -84.209718986668122, 42.291094459400959 ], [ -84.209566654331113, 42.291551419253842 ] ] } },
{ "type": "Feature", "properties": { "road_id": "GL-ROAD-129", "segment_id": "GL-129-33814133802021938020220" }, "geometry": { "type": "LineString", "coordinates": [ [ -84.20745440198958, 42.28685170463352 ], [ -84.207231077048021, 42.287168451989139 ], [ -84.207188032713475, 42.287259853397806 ], [ -84.207174005161562, 42.287345296225219 ], [ -84.207182805926792, 42.287538191242739 ], [ -84.207199383413212, 42.287761194460607 ] ] } },
{ "type": "Feature", "properties": { "road_id": "GL-ROAD-130", "segment_id": "GL-130-9171073800374238016876" }, "geometry": { "type": "LineString", "coordinates": [ [ -84.174794432721981, 42.290044980527369 ], [ -84.174898599346918, 42.290125803893758 ], [ -84.174956999236144, 42.290183562629622 ], [ -84.174988028970617, 42.290242903554905 ], [ -84.175008313885087, 42.290295981884171 ], [ -84.175033520967403, 42.290367399746643 ] ] } },
{ "type": "Feature", "properties": { "road_id": "GL-ROAD-131", "segment_id": "GL-131-8971073800372338003757" }, "geometry": { "type": "LineString", "coordinates": [ [ -84.204378385379371, 42.291005449754607 ], [ -84.201809081721493, 42.290617204283961 ], [ -84.199523445373856, 42.290367596613905 ] ] } },
{ "type": "Feature", "properties": { "road_id": "GL-ROAD-132", "segment_id": "GL-132-33806763801687738003742" }, "geometry": { "type": "LineString", "coordinates": [ [ -84.175101789682031, 42.289907992734278 ], [ -84.175023996669211, 42.289951353262161 ], [ -84.17496016037785, 42.289984798431618 ], [ -84.174882788048251, 42.290013964930132 ], [ -84.174794432721981, 42.290044980527369 ] ] } },
{ "type": "Feature", "properties": { "road_id": "GL-ROAD-133", "segment_id": "GL-133-8978053801687738016876" }, "geometry": { "type": "LineString", "coordinates": [ [ -84.175101789682031, 42.289907992734278 ], [ -84.175033520967403, 42.290367399746643 ] ] } },
{ "type": "Feature", "properties": { "road_id": "GL-ROAD-134", "segment_id": "GL-134-9171063800422138019459" }, "geometry": { "type": "LineString", "coordinates": [ [ -84.204218319726934, 42.277886263040713 ], [ -84.203557041162554, 42.27791860675967 ], [ -84.19976736333534, 42.277975140472606 ], [ -84.198419432360865, 42.277990775834361 ] ] } },
{ "type": "Feature", "properties": { "road_id": "GL-ROAD-135", "segment_id": "GL-135-8978033800422138016886" }, "geometry": { "type": "LineString", "coordinates": [ [ -84.204218319726934, 42.277886263040713 ], [ -84.204237758806102, 42.282753160565825 ] ] } },
{ "type": "Feature", "properties": { "road_id": "GL-ROAD-136", "segment_id": "GL-136-33815503800422138021372" }, "geometry": { "type": "LineString", "coordinates": [ [ -84.204218319726934, 42.277886263040713 ], [ -84.204943743320172, 42.277851967482135 ], [ -84.206363094463057, 42.2778355307833 ], [ -84.207992555786561, 42.277816430921767 ], [ -84.20919232749128, 42.277801580756169 ], [ -84.210325916873643, 42.277796037694884 ], [ -84.213526163453764, 42.277780835758286 ] ] } },
{ "type": "Feature", "properties": { "road_id": "GL-ROAD-137", "segment_id": "GL-137-33815503802137238021373" }, "geometry": { "type": "LineString", "coordinates": [ [ -84.213526163453764, 42.277780835758286 ], [ -84.214059956501757, 42.27777829156885 ], [ -84.215478236737738, 42.27777226655234 ] ] } },
{ "type": "Feature", "properties": { "road_id": "GL-ROAD-138", "segment_id": "GL-138-33815573802137038021373" }, "geometry": { "type": "LineString", "coordinates": [ [ -84.216144493192161, 42.27868156990148 ], [ -84.216150901247573, 42.278556447835633 ], [ -84.215654909631937, 42.277992634074131 ], [ -84.215478236737738, 42.27777226655234 ] ] } },
{ "type": "Feature", "properties": { "road_id": "GL-ROAD-139", "segment_id": "GL-139-33815503802137338021374" }, "geometry": { "type": "LineString", "coordinates": [ [ -84.215478236737738, 42.27777226655234 ], [ -84.215722151281128, 42.277771228487694 ], [ -84.216018097733638, 42.277758903948694 ], [ -84.216185906874955, 42.27772302438936 ] ] } },
{ "type": "Feature", "properties": { "road_id": "GL-ROAD-140", "segment_id": "GL-140-33815503802137438021375" }, "geometry": { "type": "LineString", "coordinates": [ [ -84.216185906874955, 42.27772302438936 ], [ -84.216359064217968, 42.277673918509642 ] ] } },
{ "type": "Feature", "properties": { "road_id": "GL-ROAD-141", "segment_id": "GL-141-33815553802137538021369" }, "geometry": { "type": "LineString", "coordinates": [ [ -84.216359064217968, 42.277673918509642 ], [ -84.216423415341708, 42.277858352020289 ], [ -84.216524822153616, 42.27869224643964 ] ] } },
{ "type": "Feature", "properties": { "road_id": "GL-ROAD-142", "segment_id": "GL-142-33811513801946538019459" }, "geometry": { "type": "LineString", "coordinates": [ [ -84.198473571823769, 42.27713103255789 ], [ -84.198458253664612, 42.277654328103573 ], [ -84.198419432360865, 42.277990775834361 ] ] } },
{ "type": "Feature", "properties": { "road_id": "GL-ROAD-143", "segment_id": "GL-143-33810343801809138019465" }, "geometry": { "type": "LineString", "coordinates": [ [ -84.199898605029603, 42.277187075986546 ], [ -84.19974600474869, 42.277154705647924 ], [ -84.199587826330045, 42.277140937430957 ], [ -84.199424506913246, 42.277130825409117 ], [ -84.199223283257083, 42.277125709194976 ], [ -84.19896413781656, 42.277121527056408 ], [ -84.198473571823769, 42.27713103255789 ] ] } },
{ "type": "Feature", "properties": { "road_id": "GL-ROAD-144", "segment_id": "GL-144-8971073802014038003613" }, "geometry": { "type": "LineString", "coordinates": [ [ -84.162218361910078, 42.292402746618727 ], [ -84.162003932800346, 42.292422604496601 ] ] } },
{ "type": "Feature", "properties": { "road_id": "GL-ROAD-145", "segment_id": "GL-145-33813763802014038020139" }, "geometry": { "type": "LineString", "coordinates": [ [ -84.162218361910078, 42.292402746618727 ], [ -84.162266134389426, 42.292668814042933 ] ] } },
{ "type": "Feature", "properties": { "road_id": "GL-ROAD-146", "segment_id": "GL-146-8978093800361438003574" }, "geometry": { "type": "LineString", "coordinates": [ [ -84.183113263929073, 42.292704209635602 ], [ -84.180804267831093, 42.293211670435596 ], [ -84.180057073550657, 42.293355116509723 ], [ -84.179385340438074, 42.293466933853331 ], [ -84.17890157549347, 42.293523022856554 ], [ -84.178186120390649, 42.293616829448361 ], [ -84.177469562977592, 42.293669113860226 ], [ -84.176872340655578, 42.293702592487513 ], [ -84.176331192546925, 42.29373006724024 ], [ -84.175683320817583, 42.293743692168682 ], [ -84.174094026499546, 42.293724036018858 ] ] } },
{ "type": "Feature", "properties": { "road_id": "GL-ROAD-147", "segment_id": "GL-147-33801193800358038003614" }, "geometry": { "type": "LineString", "coordinates": [ [ -84.181100547123393, 42.293402640045713 ], [ -84.181681788650138, 42.293172128508658 ], [ -84.182068522283103, 42.293038388572768 ], [ -84.182630832385755, 42.292876614938216 ], [ -84.183113263929073, 42.292704209635602 ] ] } },
{ "type": "Feature", "properties": { "road_id": "GL-ROAD-148", "segment_id": "GL-148-8978093800362038003614" }, "geometry": { "type": "LineString", "coordinates": [ [ -84.183315557623843, 42.292652625313394 ], [ -84.183113263929073, 42.292704209635602 ] ] } },
{ "type": "Feature", "properties": { "road_id": "GL-ROAD-149", "segment_id": "GL-149-8971073800358238020140" }, "geometry": { "type": "LineString", "coordinates": [ [ -84.173734060416308, 42.293462727501002 ], [ -84.172047277848293, 42.29330709198026 ], [ -84.171275151126466, 42.293207697974516 ], [ -84.170027456375635, 42.292990622839625 ], [ -84.168730709902434, 42.292720678227276 ], [ -84.167863380190852, 42.292548854179046 ], [ -84.166866770440393, 42.292402372478698 ], [ -84.166292339897907, 42.292335106696868 ], [ -84.165748107597423, 42.292300143588925 ], [ -84.165234931717535, 42.292268579838861 ], [ -84.164631790135005, 42.292249993717832 ], [ -84.16398851192838, 42.292271228312707 ], [ -84.163266945409916, 42.292305630223083 ], [ -84.162218361910078, 42.292402746618727 ] ] } },
{ "type": "Feature", "properties": { "road_id": "GL-ROAD-150", "segment_id": "GL-150-18421073800361138003595" }, "geometry": { "type": "LineString", "coordinates": [ [ -84.180577717723679, 42.292780432898503 ], [ -84.180257271779951, 42.292776715817233 ], [ -84.179854318296265, 42.292811784190384 ], [ -84.179747343040106, 42.292794426916338 ], [ -84.179664338563057, 42.292756641123198 ], [ -84.179531848841037, 42.292653857504966 ], [ -84.179418044398048, 42.292551378408902 ], [ -84.179344433550099, 42.292512010535404 ], [ -84.179265742098124, 42.292486438954128 ], [ -84.179137490497027, 42.292477407393797 ], [ -84.177157161484459, 42.292676250810416 ], [ -84.177039366872364, 42.292706402883283 ], [ -84.17692867272919, 42.292738640001154 ], [ -84.176713135630806, 42.292918301336947 ], [ -84.176623576112263, 42.293010909672468 ], [ -84.176551567135448, 42.293065480237892 ], [ -84.176486955624625, 42.29310797603582 ], [ -84.17639776926967, 42.293148329121806 ], [ -84.176344278515487, 42.293171844757367 ], [ -84.176275594930416, 42.293193369101282 ], [ -84.175655835856929, 42.293243345926172 ], [ -84.175226323434359, 42.293319339655078 ] ] } },
{ "type": "Feature", "properties": { "road_id": "GL-ROAD-151", "segment_id": "GL-151-8978033800362838003515" }, "geometry": { "type": "LineString", "coordinates": [ [ -84.204434434547736, 42.292816586658716 ], [ -84.204470110370067, 42.294648398018722 ], [ -84.204460451200291, 42.295995026202256 ] ] } },
{ "type": "Feature", "properties": { "road_id": "GL-ROAD-152", "segment_id": "GL-152-8971073800362738003581" }, "geometry": { "type": "LineString", "coordinates": [ [ -84.18307107285635, 42.292458930752481 ], [ -84.180804748533006, 42.292969811819823 ], [ -84.17983812680886, 42.293142519115634 ], [ -84.178992106600987, 42.293268641972581 ], [ -84.178162220062021, 42.293369322816154 ], [ -84.177452430773243, 42.29344054771056 ], [ -84.176404687401032, 42.293494828444253 ], [ -84.175653793546672, 42.293525393573645 ], [ -84.174792347431747, 42.29352273815509 ], [ -84.1739106127215, 42.2934821705323 ] ] } },
{ "type": "Feature", "properties": { "road_id": "GL-ROAD-153", "segment_id": "GL-153-18421073800362938003611" }, "geometry": { "type": "LineString", "coordinates": [ [ -84.182971004643704, 42.292334365095911 ], [ -84.180577717723679, 42.292780432898503 ] ] } },
{ "type": "Feature", "properties": { "road_id": "GL-ROAD-154", "segment_id": "GL-154-9165023800413938020213" }, "geometry": { "type": "LineString", "coordinates": [ [ -84.140813437227749, 42.278631938484665 ], [ -84.140820361464407, 42.282395300051249 ] ] } },
{ "type": "Feature", "properties": { "road_id": "GL-ROAD-155", "segment_id": "GL-155-9171063802555038004139" }, "geometry": { "type": "LineString", "coordinates": [ [ -84.143601087926172, 42.27860468954713 ], [ -84.140813437227749, 42.278631938484665 ] ] } },
{ "type": "Feature", "properties": { "road_id": "GL-ROAD-156", "segment_id": "GL-156-9171063800415338025550" }, "geometry": { "type": "LineString", "coordinates": [ [ -84.150483643032103, 42.278537659282016 ], [ -84.15028762033819, 42.278539053809091 ], [ -84.143601087926172, 42.27860468954713 ] ] } },
{ "type": "Feature", "properties": { "road_id": "GL-ROAD-157", "segment_id": "GL-157-9172053800415338025553" }, "geometry": { "type": "LineString", "coordinates": [ [ -84.150483643032103, 42.278537659282016 ], [ -84.150422144191097, 42.285475896457527 ], [ -84.15043168772695, 42.285518010418748 ] ] } },
{ "type": "Feature", "properties": { "road_id": "GL-ROAD-158", "segment_id": "GL-158-33815563802136638021367" }, "geometry": { "type": "LineString", "coordinates": [ [ -84.214635978241915, 42.279897019100929 ], [ -84.214610761763396, 42.279890543982162 ], [ -84.214545308159714, 42.27982781664879 ], [ -84.214517343463683, 42.279765139711493 ], [ -84.214501988242588, 42.279656081674311 ], [ -84.214494983412806, 42.279568525884635 ] ] } },
{ "type": "Feature", "properties": { "road_id": "GL-ROAD-159", "segment_id": "GL-159-33815583802136738021368" }, "geometry": { "type": "LineString", "coordinates": [ [ -84.214494983412806, 42.279568525884635 ], [ -84.214620902093827, 42.279575042383378 ], [ -84.214724008355475, 42.27957054048759 ], [ -84.214952242284284, 42.27949892785626 ], [ -84.215189931504611, 42.279392526400756 ], [ -84.215368307619087, 42.279267487000695 ], [ -84.215456810443669, 42.279172728105479 ] ] } },
{ "type": "Feature", "properties": { "road_id": "GL-ROAD-160", "segment_id": "GL-160-9171063800416538004153" }, "geometry": { "type": "LineString", "coordinates": [ [ -84.167046354401904, 42.278377795562157 ], [ -84.151105341595397, 42.278526347183345 ], [ -84.150483643032103, 42.278537659282016 ] ] } },
{ "type": "Feature", "properties": { "road_id": "GL-ROAD-161", "segment_id": "GL-161-9171073800416538003953" }, "geometry": { "type": "LineString", "coordinates": [ [ -84.167046354401904, 42.278377795562157 ], [ -84.166436351274285, 42.280711103682052 ], [ -84.166424358783246, 42.280846739222476 ], [ -84.166425696530567, 42.280935348139138 ], [ -84.166426682713634, 42.281035762213058 ], [ -84.16645742385812, 42.281205319843579 ], [ -84.166504259239943, 42.281368497141557 ], [ -84.166581892571514, 42.28149896071141 ], [ -84.166968001411391, 42.282220637463894 ], [ -84.167077203390662, 42.282426178819762 ], [ -84.16713525219204, 42.282546723791022 ], [ -84.167218926785637, 42.282741511488418 ], [ -84.167311275481495, 42.283045698175968 ], [ -84.167928293409517, 42.285650583703948 ] ] } },
{ "type": "Feature", "properties": { "road_id": "GL-ROAD-162", "segment_id": "GL-162-9171063800417738004165" }, "geometry": { "type": "LineString", "coordinates": [ [ -84.175103552882433, 42.278264706473927 ], [ -84.167046354401904, 42.278377795562157 ] ] } },
{ "type": "Feature", "properties": { "road_id": "GL-ROAD-163", "segment_id": "GL-163-8978053800417738003779" }, "geometry": { "type": "LineString", "coordinates": [ [ -84.175103552882433, 42.278264706473927 ], [ -84.175142591740894, 42.289545516448655 ] ] } },
{ "type": "Feature", "properties": { "road_id": "GL-ROAD-164", "segment_id": "GL-164-33815553802136938021366" }, "geometry": { "type": "LineString", "coordinates": [ [ -84.216524822153616, 42.27869224643964 ], [ -84.216509600132582, 42.278851410544199 ], [ -84.216418634713904, 42.279004407412557 ], [ -84.216287088000499, 42.279143432124421 ], [ -84.216096240309497, 42.279259176018407 ], [ -84.215792823979442, 42.279416530503717 ], [ -84.215458120001628, 42.279592401210827 ], [ -84.215220352015663, 42.279731282328079 ], [ -84.215029528975649, 42.279835425785222 ], [ -84.214823155854702, 42.279909388210974 ], [ -84.214710670469813, 42.279916197593188 ], [ -84.214635978241915, 42.279897019100929 ] ] } },
{ "type": "Feature", "properties": { "road_id": "GL-ROAD-165", "segment_id": "GL-165-33815573802136838021370" }, "geometry": { "type": "LineString", "coordinates": [ [ -84.215456810443669, 42.279172728105479 ], [ -84.215684176298254, 42.279128709734202 ], [ -84.215881120550094, 42.279075613213365 ], [ -84.215984349620882, 42.279020071977342 ], [ -84.216053247383996, 42.278950563824971 ], [ -84.216116002946293, 42.27883696894348 ], [ -84.216138066165101, 42.278755800112918 ], [ -84.216144493192161, 42.27868156990148 ] ] } },
{ "type": "Feature", "properties": { "road_id": "GL-ROAD-166", "segment_id": "GL-166-33815563802137038021369" }, "geometry": { "type": "LineString", "coordinates": [ [ -84.216144493192161, 42.27868156990148 ], [ -84.216524822153616, 42.27869224643964 ] ] } },
{ "type": "Feature", "properties": { "road_id": "GL-ROAD-167", "segment_id": "GL-167-9171063800419038004177" }, "geometry": { "type": "LineString", "coordinates": [ [ -84.184770794714368, 42.278156945045083 ], [ -84.182806447207923, 42.278192852442231 ], [ -84.175103552882433, 42.278264706473927 ] ] } },
{ "type": "Feature", "properties": { "road_id": "GL-ROAD-168", "segment_id": "GL-168-33815583802136838021371" }, "geometry": { "type": "LineString", "coordinates": [ [ -84.215456810443669, 42.279172728105479 ], [ -84.215487331710221, 42.279140047687768 ], [ -84.215759994001601, 42.278780816888279 ], [ -84.215857146999113, 42.27865334812703 ] ] } },
{ "type": "Feature", "properties": { "road_id": "GL-ROAD-169", "segment_id": "GL-169-33815563802137138021370" }, "geometry": { "type": "LineString", "coordinates": [ [ -84.215857146999113, 42.27865334812703 ], [ -84.216144493192161, 42.27868156990148 ] ] } },
{ "type": "Feature", "properties": { "road_id": "GL-ROAD-170", "segment_id": "GL-170-33815563802136738021371" }, "geometry": { "type": "LineString", "coordinates": [ [ -84.214494983412806, 42.279568525884635 ], [ -84.214492893525403, 42.279542391754504 ], [ -84.214446268432638, 42.279444890003063 ], [ -84.214387169926425, 42.279338092907466 ], [ -84.214290657883552, 42.279201084844111 ], [ -84.214191048858041, 42.279052473055721 ], [ -84.214116536644269, 42.278862135508199 ], [ -84.214098129995804, 42.278722912844408 ], [ -84.214110870266396, 42.278623171324746 ], [ -84.214151585199971, 42.278581466840599 ], [ -84.214201654165734, 42.278546734962283 ], [ -84.214282907033876, 42.278535244569397 ], [ -84.214426597088462, 42.278542397075086 ], [ -84.215857146999113, 42.27865334812703 ] ] } },
{ "type": "Feature", "properties": { "road_id": "GL-ROAD-171", "segment_id": "GL-171-9165023800419938004139" }, "geometry": { "type": "LineString", "coordinates": [ [ -84.14079914971866, 42.277324842084369 ], [ -84.140784117807527, 42.278322827311861 ], [ -84.140788007338614, 42.278454108594616 ], [ -84.140813437227749, 42.278631938484665 ] ] } },
{ "type": "Feature", "properties": { "road_id": "GL-ROAD-172", "segment_id": "GL-172-9192043800373438003808" }, "geometry": { "type": "LineString", "coordinates": [ [ -84.205953952862771, 42.290764502987912 ], [ -84.205885046938292, 42.290726744078697 ], [ -84.205751173904957, 42.290614025665839 ], [ -84.205623338992567, 42.290428662933323 ], [ -84.205457733788862, 42.29019468470738 ], [ -84.205298091463419, 42.289957891516089 ], [ -84.205126832358005, 42.289783469500186 ], [ -84.204953284458995, 42.289687569224171 ], [ -84.204700676361782, 42.289615130156335 ], [ -84.204519088594083, 42.289593295981469 ], [ -84.204340612821483, 42.289599153611967 ] ] } },
{ "type": "Feature", "properties": { "road_id": "GL-ROAD-173", "segment_id": "GL-173-33817183801688938025552" }, "geometry": { "type": "LineString", "coordinates": [ [ -84.164746857924399, 42.288806736656461 ], [ -84.164737051369244, 42.288801436191974 ], [ -84.164727184728406, 42.288796197797993 ], [ -84.16471728052791, 42.28879099842279 ], [ -84.164707363772834, 42.288785813253831 ], [ -84.164697454590723, 42.288780618299199 ], [ -84.164687577932909, 42.28877539054713 ], [ -84.16467775637912, 42.288770105145218 ], [ -84.16466801490769, 42.28876473818125 ], [ -84.164658379655734, 42.288759267563933 ], [ -84.164648878026981, 42.288753669420878 ], [ -84.164639541036095, 42.288747920840059 ], [ -84.164630471831401, 42.288741939738685 ], [ -84.164621704663105, 42.288735716770482 ], [ -84.164613219269413, 42.28872928042945 ], [ -84.164605000319767, 42.288722656587979 ], [ -84.164597027686639, 42.288715869238047 ], [ -84.164589281349834, 42.288708938769972 ], [ -84.164581696854455, 42.288701910968122 ], [ -84.164574163019807, 42.288694852468993 ], [ -84.164566703289424, 42.288687750145229 ], [ -84.164559345984202, 42.288680590049054 ], [ -84.164552121930924, 42.288673355571113 ], [ -84.164545060663229, 42.288666032783404 ], [ -84.164538194113234, 42.288658608698277 ], [ -84.16453155909052, 42.288651069507253 ], [ -84.164525192324135, 42.288643404103233 ], [ -84.164519130516325, 42.288635602279385 ], [ -84.164513326645917, 42.288627694792325 ], [ -84.164507740130972, 42.288619699892678 ], [ -84.164502381804922, 42.288611620461133 ], [ -84.164497262608634, 42.288603455776652 ], [ -84.16449239709398, 42.288595206078455 ], [ -84.164487798600348, 42.288586871585885 ], [ -84.164483484051246, 42.288578454378793 ], [ -84.164479470397097, 42.288569955636682 ], [ -84.164475780651685, 42.288561376638675 ], [ -84.164472396302742, 42.288552727890675 ], [ -84.164469164558511, 42.288544047419009 ], [ -84.164466096386519, 42.288535333602283 ], [ -84.164463233178608, 42.288526581715843 ], [ -84.164460618725002, 42.28851778797533 ], [ -84.164458295629956, 42.288508947675957 ], [ -84.164456316011339, 42.288500062575288 ], [ -84.164454730800983, 42.288491133510583 ], [ -84.164453599258394, 42.288482166860923 ], [ -84.164452981775128, 42.28847317172665 ], [ -84.164452948202424, 42.288464165470977 ], [ -84.164453556103751, 42.288455170660328 ], [ -84.164454773251464, 42.288446210186819 ], [ -84.164456534863916, 42.288437300101599 ], [ -84.164458781224951, 42.288428449332244 ], [ -84.164461461133897, 42.288419666045584 ], [ -84.164464526003371, 42.288410952145441 ], [ -84.164467934548924, 42.288402308754833 ], [ -84.16447164917777, 42.288393735255887 ], [ -84.164475637201491, 42.288385229309483 ], [ -84.164479865931781, 42.288376788576699 ], [ -84.164484300415921, 42.288368405276174 ], [ -84.1644889356959, 42.288360082929849 ], [ -84.164493777727529, 42.288351825238898 ], [ -84.164498838395815, 42.288343640506213 ], [ -84.164504127214101, 42.28833553519403 ], [ -84.164509656013578, 42.288327519406089 ], [ -84.164515437865163, 42.288319602365526 ], [ -84.164521484573243, 42.288311795076481 ], [ -84.164527811526497, 42.288304110403587 ], [ -84.164534432793701, 42.288296564793164 ], [ -84.164541360125568, 42.288289171050167 ], [ -84.164548673132941, 42.288281985434224 ], [ -84.164556551142951, 42.288275137911405 ], [ -84.164564932309659, 42.288268627465065 ], [ -84.164573715843062, 42.288262416404798 ], [ -84.164582816852146, 42.288256462797428 ], [ -84.16459216265298, 42.288250722207842 ], [ -84.164601690289757, 42.288245149460025 ], [ -84.164611345349073, 42.288239697716804 ], [ -84.164621074683851, 42.28823431835994 ], [ -84.164630836951417, 42.288228973775531 ], [ -84.164640649885499, 42.288223679569278 ], [ -84.164650540491451, 42.288218465912806 ], [ -84.164660531031416, 42.288213359296257 ], [ -84.164670646112398, 42.288208388951084 ], [ -84.16468090549067, 42.288203584028807 ], [ -84.164691328815294, 42.288198977282541 ], [ -84.164701932016641, 42.28819460410692 ], [ -84.164712730971559, 42.288190501697265 ], [ -84.164723737596802, 42.288186717993916 ], [ -84.164734916371586, 42.288183223586131 ], [ -84.164746183822757, 42.288179888281775 ], [ -84.164757521245733, 42.288176688351548 ], [ -84.164768933169057, 42.288173634679957 ], [ -84.164780415793814, 42.288170732609601 ], [ -84.164791968878433, 42.288167990244006 ], [ -84.164803592154698, 42.288165416587177 ], [ -84.164815285407855, 42.28816301884234 ], [ -84.164827043438478, 42.288160808634842 ], [ -84.164838866005113, 42.28815879406833 ], [ -84.164850749094029, 42.288156987688616 ], [ -84.164862688772203, 42.288155399340219 ], [ -84.164874679625427, 42.288154047851798 ], [ -84.16488670113624, 42.288152848207197 ], [ -84.16489873720829, 42.288151729876319 ], [ -84.164910784579391, 42.288150680193716 ], [ -84.164922840904708, 42.288149696418387 ], [ -84.164934907504431, 42.288148774968619 ], [ -84.164946980901561, 42.288147910382285 ], [ -84.164959061203504, 42.288147099057696 ], [ -84.164971147304968, 42.288146337373384 ], [ -84.16498323810066, 42.288145621707869 ], [ -84.164995333751719, 42.288144946658633 ], [ -84.165007433152752, 42.288144308604217 ], [ -84.165019535198539, 42.288143703923147 ], [ -84.165031640023301, 42.28814312811334 ], [ -84.165043746521675, 42.28814257755328 ], [ -84.165055856013723, 42.2881420486613 ], [ -84.165067965022544, 42.288141535975249 ], [ -84.16508007608077, 42.288141035933364 ], [ -84.165092188056221, 42.288140545814542 ], [ -84.165104299897337, 42.288140060196383 ], [ -84.165116411711395, 42.288139575477416 ], [ -84.165128523605787, 42.288139088055914 ], [ -84.165140634475222, 42.288138594310475 ], [ -84.165152745693348, 42.288138088858531 ], [ -84.16516485494212, 42.28813756805863 ], [ -84.165176962302155, 42.288137029209643 ], [ -84.165189067934307, 42.28813646690913 ], [ -84.165201171892349, 42.288135879356311 ], [ -84.165224009634855, 42.288134677229586 ] ] } },
{ "type": "Feature", "properties": { "road_id": "GL-ROAD-174", "segment_id": "GL-174-33806843802555238016889" }, "geometry": { "type": "LineString", "coordinates": [ [ -84.165224009634855, 42.288134677229586 ], [ -84.165223908658234, 42.288143683074821 ], [ -84.165223682750536, 42.288152687768182 ], [ -84.165223459268105, 42.288161692501362 ], [ -84.165223238210928, 42.288170697274374 ], [ -84.165223019579017, 42.28817970208722 ], [ -84.165222802159718, 42.288188706919989 ], [ -84.165222585953032, 42.288197711772675 ], [ -84.16522237217157, 42.288206716665179 ], [ -84.16522215841691, 42.288215720657305 ], [ -84.165221947060672, 42.288224725589622 ], [ -84.16522173570435, 42.288233730521952 ], [ -84.165221524347984, 42.288242735454233 ], [ -84.165221314204203, 42.288251740406444 ], [ -84.16522110284771, 42.288260745338711 ], [ -84.165220892703829, 42.288269750290901 ], [ -84.165220681347193, 42.288278755223153 ], [ -84.165220469990473, 42.288287760155356 ], [ -84.165220257447899, 42.288296764167228 ], [ -84.165220043665769, 42.288305769059562 ], [ -84.165219828670899, 42.288314773931944 ], [ -84.165219612463275, 42.288323778784424 ], [ -84.165219395042953, 42.28833278361693 ], [ -84.165219175197237, 42.288341788409589 ], [ -84.165218952926125, 42.288350793162358 ], [ -84.165218729442273, 42.288359797895225 ], [ -84.165218502320357, 42.288368802568293 ], [ -84.165218272773018, 42.288377807201442 ], [ -84.165218040800283, 42.288386811794773 ], [ -84.165217805189513, 42.288395816328297 ], [ -84.165217565940665, 42.288404820802072 ], [ -84.165217323053753, 42.288413825216018 ], [ -84.165217076528734, 42.288422829570173 ], [ -84.16521682515301, 42.288431833844612 ], [ -84.165216570139194, 42.28844083805928 ], [ -84.165216310274658, 42.288449842194218 ], [ -84.165216046772017, 42.288458846269357 ], [ -84.165215777205972, 42.288467850244849 ], [ -84.165215502789167, 42.28847685414064 ], [ -84.165215222308916, 42.288485857936806 ], [ -84.165214936977975, 42.288494861653241 ], [ -84.165214645583546, 42.28850386527003 ], [ -84.165214339663862, 42.288512867747315 ], [ -84.16521399491188, 42.288521870487344 ], [ -84.165213605291072, 42.288530872490178 ], [ -84.165213163552139, 42.288539872735754 ], [ -84.165212663631863, 42.288548871124554 ], [ -84.165212098254173, 42.288557867536966 ], [ -84.165211460169729, 42.288566860953047 ], [ -84.165210744527997, 42.28857585129311 ], [ -84.165209944052762, 42.288584838437608 ], [ -84.165209051521785, 42.28859382046614 ], [ -84.16520825956168, 42.288602806849653 ], [ -84.165207543919024, 42.288611797189574 ], [ -84.16520665138728, 42.2886207792181 ], [ -84.165205321752069, 42.288629731543587 ], [ -84.165203283343104, 42.288638610065227 ], [ -84.165200253570646, 42.288647329965123 ], [ -84.165196290932755, 42.288655841757176 ], [ -84.165191854124117, 42.288664224144568 ], [ -84.165187029002766, 42.288672486645581 ], [ -84.165181879491257, 42.288680642021291 ], [ -84.16517647072493, 42.288688703052934 ], [ -84.165170860402057, 42.288696687804432 ], [ -84.165165103768757, 42.288704615200359 ], [ -84.165159252433241, 42.288712504105433 ], [ -84.165153359162588, 42.288720375205244 ], [ -84.1651474538711, 42.288728242503865 ], [ -84.165141452718274, 42.288736069490945 ], [ -84.16513524434788, 42.288743806592123 ], [ -84.165128722388559, 42.288751399810835 ], [ -84.165121777152777, 42.288758784285847 ], [ -84.165114305499671, 42.288765879048313 ], [ -84.165106213233074, 42.288772587962143 ], [ -84.165097655123915, 42.288778969422452 ], [ -84.165088726951652, 42.288785066441648 ], [ -84.165079437849059, 42.288790857549465 ], [ -84.165069785090608, 42.288796312072542 ], [ -84.16505976743187, 42.288801390353349 ], [ -84.16504938031251, 42.288806041869769 ], [ -84.165038630193663, 42.28881021267744 ], [ -84.165027601457652, 42.288813961816665 ], [ -84.165016355795004, 42.288817336243888 ], [ -84.165004930127793, 42.288820359086913 ], [ -84.16499335302359, 42.288823048831794 ], [ -84.164981653103723, 42.288825422164052 ], [ -84.16496984699674, 42.288827491067714 ], [ -84.164957955023155, 42.288829265786013 ], [ -84.164945973401075, 42.288830669685282 ], [ -84.164933898875674, 42.288831527048181 ], [ -84.164921777855866, 42.288831868364923 ], [ -84.164909650123462, 42.288831742934796 ], [ -84.164897542416213, 42.288831189933198 ], [ -84.164885480473771, 42.288830241312588 ], [ -84.164873478960587, 42.28882893424845 ], [ -84.164861533604494, 42.288827371366359 ], [ -84.164849640450299, 42.288825603949284 ], [ -84.164837793573739, 42.288823667933464 ], [ -84.164825989502816, 42.288821598394634 ], [ -84.164814216303569, 42.288819429368701 ], [ -84.164802465706842, 42.288817194050736 ], [ -84.164790726991313, 42.288814926496556 ], [ -84.164778988249751, 42.288812659841675 ], [ -84.164767237709214, 42.288810422719287 ], [ -84.164746857924399, 42.288806736656461 ] ] } },
{ "type": "Feature", "properties": { "road_id": "GL-ROAD-175", "segment_id": "GL-175-33815523802137738021378" }, "geometry": { "type": "LineString", "coordinates": [ [ -84.216116690759421, 42.276154967506343 ], [ -84.216001234194266, 42.275774548654773 ], [ -84.215908504584391, 42.275621743179762 ], [ -84.215765159683926, 42.275546650920198 ] ] } },
{ "type": "Feature", "properties": { "road_id": "GL-ROAD-176", "segment_id": "GL-176-33815513802137238021379" }, "geometry": { "type": "LineString", "coordinates": [ [ -84.213526163453764, 42.277780835758286 ], [ -84.213443800294428, 42.27754521146489 ], [ -84.21341873882271, 42.277218687404492 ], [ -84.213378754934737, 42.276650156370259 ], [ -84.213369135748721, 42.276354381697168 ], [ -84.213240284247419, 42.276169835756349 ], [ -84.212971832425822, 42.275965896446706 ], [ -84.212553240544707, 42.275823207568799 ], [ -84.212418907786684, 42.275765410012013 ], [ -84.212212411864556, 42.275607644559045 ], [ -84.212000763155118, 42.275442190406977 ], [ -84.211892311257103, 42.275376744524209 ], [ -84.211711383315262, 42.275338086999 ], [ -84.211168382179835, 42.275310456569215 ] ] } },
{ "type": "Feature", "properties": { "road_id": "GL-ROAD-177", "segment_id": "GL-177-33811513801946438019465" }, "geometry": { "type": "LineString", "coordinates": [ [ -84.198231973868658, 42.274351622994985 ], [ -84.198171675759966, 42.274659126131326 ], [ -84.198136820218977, 42.2749365278518 ], [ -84.198113194878005, 42.275134692327825 ], [ -84.198100607467097, 42.275260234905716 ], [ -84.198108740096401, 42.275388318198857 ], [ -84.198123069450588, 42.27550767786343 ], [ -84.198158393793861, 42.275691581769408 ], [ -84.198220819947252, 42.275868299477189 ], [ -84.198319967988411, 42.276110155781161 ], [ -84.198386382382054, 42.276315624862697 ], [ -84.198416285150088, 42.276448786247627 ], [ -84.198443144209534, 42.27668588909863 ], [ -84.198473571823769, 42.27713103255789 ] ] } },
{ "type": "Feature", "properties": { "road_id": "GL-ROAD-178", "segment_id": "GL-178-33810333801946438019463" }, "geometry": { "type": "LineString", "coordinates": [ [ -84.198231973868658, 42.274351622994985 ], [ -84.197999337226264, 42.274354322808477 ], [ -84.197427090025585, 42.274340869991747 ], [ -84.196985801810399, 42.274308475992356 ], [ -84.19649096360385, 42.274264813795781 ] ] } },
{ "type": "Feature", "properties": { "road_id": "GL-ROAD-179", "segment_id": "GL-179-9165023802555138003873" }, "geometry": { "type": "LineString", "coordinates": [ [ -84.140823459077964, 42.284079393372963 ], [ -84.140827702785359, 42.286386143065386 ], [ -84.14083883347358, 42.28647526435207 ], [ -84.140856274490986, 42.28655879010887 ], [ -84.140882043895985, 42.286620790928509 ], [ -84.140925558297369, 42.286691587455174 ] ] } },
{ "type": "Feature", "properties": { "road_id": "GL-ROAD-180", "segment_id": "GL-180-9214083800482638004764" }, "geometry": { "type": "LineString", "coordinates": [ [ -84.21004966907519, 42.267145926767526 ], [ -84.209739659283031, 42.267287376521701 ], [ -84.209372084305329, 42.267435069434043 ], [ -84.208876800352272, 42.267604195620478 ], [ -84.20814622924847, 42.267852042002396 ], [ -84.20776931327984, 42.267956659576306 ], [ -84.207410810674929, 42.267987120510689 ], [ -84.207031581643719, 42.26798505049787 ], [ -84.206597959181622, 42.267990154730626 ], [ -84.204148448278218, 42.268008875502105 ] ] } },
{ "type": "Feature", "properties": { "road_id": "GL-ROAD-181", "segment_id": "GL-181-9214083800480438004826" }, "geometry": { "type": "LineString", "coordinates": [ [ -84.215228737240579, 42.267522323262696 ], [ -84.214627640075832, 42.267426343149495 ], [ -84.214285761952539, 42.26740592331678 ], [ -84.214145426645729, 42.267415565027292 ], [ -84.214000574650541, 42.267442968049764 ], [ -84.213782175492867, 42.267522691034806 ], [ -84.213511348512469, 42.267616435051181 ], [ -84.213152251732694, 42.267700495825196 ], [ -84.212971673835952, 42.267735594055118 ], [ -84.212780205901211, 42.267748253432202 ], [ -84.212590184421202, 42.267754161398443 ], [ -84.212433750780164, 42.267744939973788 ], [ -84.21217876313537, 42.267705041984669 ], [ -84.211897641737039, 42.267631151359055 ], [ -84.211661767801132, 42.267555745928775 ], [ -84.210660896781732, 42.267154718906887 ], [ -84.210526069178826, 42.267127935526638 ], [ -84.210402704970207, 42.267121480336591 ], [ -84.210236781516343, 42.267127770958894 ], [ -84.21004966907519, 42.267145926767526 ] ] } },
{ "type": "Feature", "properties": { "road_id": "GL-ROAD-182", "segment_id": "GL-182-33812043801969438019695" }, "geometry": { "type": "LineString", "coordinates": [ [ -84.204119347595153, 42.266922421077538 ], [ -84.203006773753032, 42.266918000350941 ] ] } },
{ "type": "Feature", "properties": { "road_id": "GL-ROAD-183", "segment_id": "GL-183-8978033801969438004764" }, "geometry": { "type": "LineString", "coordinates": [ [ -84.204119347595153, 42.266922421077538 ], [ -84.204148448278218, 42.268008875502105 ] ] } },
{ "type": "Feature", "properties": { "road_id": "GL-ROAD-184", "segment_id": "GL-184-8978053800485738004177" }, "geometry": { "type": "LineString", "coordinates": [ [ -84.174966376853902, 42.266108730858285 ], [ -84.175103552882433, 42.278264706473927 ] ] } },
{ "type": "Feature", "properties": { "road_id": "GL-ROAD-185", "segment_id": "GL-185-9214083801690438004804" }, "geometry": { "type": "LineString", "coordinates": [ [ -84.216784017709742, 42.266688733938821 ], [ -84.216426605856796, 42.267465923560451 ], [ -84.216383761299028, 42.267518258809993 ], [ -84.216300497424868, 42.267539251848433 ], [ -84.216202698431943, 42.267543268612087 ], [ -84.21598848384977, 42.267545423492436 ], [ -84.215635242490848, 42.267548145825749 ], [ -84.215228737240579, 42.267522323262696 ] ] } },
{ "type": "Feature", "properties": { "road_id": "GL-ROAD-186", "segment_id": "GL-186-9215183800482638004865" }, "geometry": { "type": "LineString", "coordinates": [ [ -84.21004966907519, 42.267145926767526 ], [ -84.20907542330437, 42.266375646365844 ] ] } },
{ "type": "Feature", "properties": { "road_id": "GL-ROAD-187", "segment_id": "GL-187-9215053801690538004804" }, "geometry": { "type": "LineString", "coordinates": [ [ -84.215698051134368, 42.266413355890073 ], [ -84.215668309210116, 42.26649629638127 ], [ -84.215647738789343, 42.266551080300438 ], [ -84.21543717968099, 42.267008510582237 ], [ -84.215295954356279, 42.267385362255631 ], [ -84.215228737240579, 42.267522323262696 ] ] } },
{ "type": "Feature", "properties": { "road_id": "GL-ROAD-188", "segment_id": "GL-188-9215063801690438016905" }, "geometry": { "type": "LineString", "coordinates": [ [ -84.216784017709742, 42.266688733938821 ], [ -84.215698051134368, 42.266413355890073 ] ] } },
{ "type": "Feature", "properties": { "road_id": "GL-ROAD-189", "segment_id": "GL-189-33812043801969538019696" }, "geometry": { "type": "LineString", "coordinates": [ [ -84.203006773753032, 42.266918000350941 ], [ -84.197643839522129, 42.266982111899772 ], [ -84.197424816275117, 42.266956809517481 ], [ -84.197271055735186, 42.266904268564851 ], [ -84.197138815463177, 42.26681725236341 ], [ -84.197042613451686, 42.266700349321702 ], [ -84.197008936442188, 42.266549633784372 ], [ -84.197036124988088, 42.266421665984879 ], [ -84.197287814045012, 42.26586422825573 ] ] } },
{ "type": "Feature", "properties": { "road_id": "GL-ROAD-190", "segment_id": "GL-190-9215053800488538016905" }, "geometry": { "type": "LineString", "coordinates": [ [ -84.215865531133076, 42.266145375866977 ], [ -84.215800531192784, 42.266195285520212 ], [ -84.215748108679279, 42.266250320276242 ], [ -84.215724442958006, 42.266295243724237 ], [ -84.215698051134368, 42.266413355890073 ] ] } },
{ "type": "Feature", "properties": { "road_id": "GL-ROAD-191", "segment_id": "GL-191-9214083800488538016904" }, "geometry": { "type": "LineString", "coordinates": [ [ -84.215865531133076, 42.266145375866977 ], [ -84.216720179713789, 42.266311167025798 ], [ -84.216848398889411, 42.266376639951247 ], [ -84.216867495435181, 42.26641922671925 ], [ -84.216876430792851, 42.266461651950564 ], [ -84.216871667511285, 42.266485737044327 ], [ -84.216803433595999, 42.266653167759735 ], [ -84.216784017709742, 42.266688733938821 ] ] } },
{ "type": "Feature", "properties": { "road_id": "GL-ROAD-192", "segment_id": "GL-192-9171063800420038004190" }, "geometry": { "type": "LineString", "coordinates": [ [ -84.189576072383574, 42.278090177682678 ], [ -84.184770794714368, 42.278156945045083 ] ] } },
{ "type": "Feature", "properties": { "road_id": "GL-ROAD-193", "segment_id": "GL-193-9171063801945938004200" }, "geometry": { "type": "LineString", "coordinates": [ [ -84.198419432360865, 42.277990775834361 ], [ -84.189576072383574, 42.278090177682678 ] ] } },
{ "type": "Feature", "properties": { "road_id": "GL-ROAD-194", "segment_id": "GL-194-9159083802025038005137" }, "geometry": { "type": "LineString", "coordinates": [ [ -84.24434799282912, 42.26312675516477 ], [ -84.243348523032211, 42.263132458177239 ], [ -84.240593544825288, 42.263148039828906 ], [ -84.238279261212639, 42.263151057611282 ] ] } },
{ "type": "Feature", "properties": { "road_id": "GL-ROAD-195", "segment_id": "GL-195-33812613801987238025548" }, "geometry": { "type": "LineString", "coordinates": [ [ -84.163565468110775, 42.262366897571539 ], [ -84.163553481981211, 42.26236825343743 ], [ -84.163541494665793, 42.262369608381704 ], [ -84.163529508562064, 42.262370963344708 ], [ -84.163517521245623, 42.262372318286488 ], [ -84.163505535167729, 42.262373672346584 ], [ -84.163493547903954, 42.262375025485078 ], [ -84.163481560639738, 42.262376378622321 ], [ -84.163469573374954, 42.262377731758299 ], [ -84.163457586136516, 42.262379083992599 ], [ -84.163445598924426, 42.262380435325241 ], [ -84.163433611711866, 42.262381786656661 ], [ -84.163421624498753, 42.262383137986845 ], [ -84.163409637311958, 42.262384488415321 ], [ -84.16339764891255, 42.262385838822652 ], [ -84.16338566175159, 42.262387188348221 ], [ -84.16337367459019, 42.262388537872546 ], [ -84.163361686216035, 42.262389887375697 ], [ -84.163349697841426, 42.262391236877576 ], [ -84.163337710705292, 42.262392585497764 ], [ -84.163325722356504, 42.262393934096735 ], [ -84.163313734007232, 42.262395282694477 ], [ -84.163301746896423, 42.262396630410471 ], [ -84.163289758572986, 42.262397978105298 ], [ -84.163277770222138, 42.26239932669926 ], [ -84.16326578192448, 42.26240067349115 ], [ -84.163253793599523, 42.262402021182218 ], [ -84.163241805274026, 42.262403368872022 ], [ -84.163229816974891, 42.262404715660161 ], [ -84.163217828675201, 42.262406062447049 ], [ -84.163205840348212, 42.2624074101331 ], [ -84.163193852047527, 42.26240875691748 ], [ -84.163181863746345, 42.262410103700624 ], [ -84.163169875444623, 42.262411450482489 ], [ -84.163157887142447, 42.262412797263117 ], [ -84.163145898839744, 42.262414144042488 ], [ -84.163133910536558, 42.262415490820629 ], [ -84.163121922232804, 42.262416837597485 ], [ -84.163109933928595, 42.262418184373097 ], [ -84.163097945623861, 42.262419531147437 ], [ -84.163085958503913, 42.262420878840906 ], [ -84.163073970198184, 42.262422225612752 ], [ -84.163061981865084, 42.262423573283755 ], [ -84.163049993558289, 42.262424920053093 ], [ -84.16303800522418, 42.262426267721629 ], [ -84.16302601688956, 42.262427615388845 ], [ -84.163014028554443, 42.262428963054823 ], [ -84.163002040191898, 42.26243031161998 ], [ -84.162990053067944, 42.262431659303431 ], [ -84.162978064704433, 42.262433007866029 ], [ -84.162966076340368, 42.26243435642742 ], [ -84.16295408916119, 42.26243570590789 ], [ -84.162942100796101, 42.262437054466794 ], [ -84.162930113615886, 42.262438403944735 ], [ -84.162918125196057, 42.262439754301944 ], [ -84.162906138014861, 42.262441103777391 ], [ -84.16289415080621, 42.262442454152023 ], [ -84.162882162358088, 42.262443805405823 ], [ -84.162870175121569, 42.262445156678353 ], [ -84.162858187884552, 42.262446507949576 ], [ -84.162846200620223, 42.26244786012002 ], [ -84.16283421335531, 42.262449212289162 ], [ -84.162822226063057, 42.262450565357462 ], [ -84.162810239982463, 42.262451918444476 ], [ -84.162798252662341, 42.262453272410674 ], [ -84.162786265341722, 42.262454626375614 ], [ -84.162774279205848, 42.262455981259684 ], [ -84.162762291857376, 42.262457336122516 ], [ -84.162750305693677, 42.262458691904499 ], [ -84.162738319502552, 42.262460048585595 ], [ -84.162726333310943, 42.262461405265441 ], [ -84.162714347091992, 42.262462762844443 ], [ -84.162702360872515, 42.262464120422166 ], [ -84.162690374625683, 42.262465478899081 ], [ -84.162678389563609, 42.262466838295083 ], [ -84.162666403262023, 42.262468198570254 ], [ -84.162654418172096, 42.262469558864176 ], [ -84.162642433054799, 42.262470920057204 ], [ -84.162630447910104, 42.26247228214941 ], [ -84.162618462764925, 42.262473644240352 ], [ -84.162606477565475, 42.262475008130856 ], [ -84.162594492365528, 42.262476372020096 ], [ -84.162582508350383, 42.262477736828444 ], [ -84.162570523095724, 42.262479102515996 ], [ -84.162558539025838, 42.262480469122657 ], [ -84.162546554955384, 42.262481835728032 ], [ -84.162534570830729, 42.262483204133019 ], [ -84.162522587917763, 42.262484572556666 ], [ -84.162510603738369, 42.262485942759874 ], [ -84.162498620770577, 42.262487312981882 ], [ -84.162486636536414, 42.262488684983431 ], [ -84.162474653513925, 42.262490057003674 ], [ -84.162462671676209, 42.262491429943019 ], [ -84.162450688572051, 42.262492804662003 ], [ -84.162438705467423, 42.262494179379701 ], [ -84.162426723520696, 42.262495555916928 ], [ -84.162414741546584, 42.262496933353283 ], [ -84.162402759571947, 42.262498310788395 ], [ -84.162390777543123, 42.262499690023077 ], [ -84.162378796698974, 42.262501070176832 ], [ -84.162366815827525, 42.262502451229786 ], [ -84.162354834901805, 42.26250383408226 ], [ -84.162342853975559, 42.262505216933505 ], [ -84.162330877306474, 42.262506619672145 ], [ -84.162318943481992, 42.26250821229246 ], [ -84.162307056299781, 42.262509989451821 ], [ -84.162295207701177, 42.262511896066009 ], [ -84.162283379849455, 42.262513879592476 ], [ -84.162271559837436, 42.262515884867035 ], [ -84.162259731013876, 42.262517860267408 ], [ -84.162247875596051, 42.262519751450149 ], [ -84.162235983074211, 42.26252150419149 ], [ -84.162224040595049, 42.262523061526522 ], [ -84.162212043870881, 42.262524363928883 ], [ -84.162199992304522, 42.262525350131185 ], [ -84.162187895049726, 42.262525957225002 ], [ -84.162175770682879, 42.262526050389191 ], [ -84.162163660659758, 42.262525622198794 ], [ -84.162151594723937, 42.262524732599246 ], [ -84.162139596772832, 42.26252343423306 ], [ -84.162127678662884, 42.262521776841929 ], [ -84.162115848828805, 42.262519802904542 ], [ -84.162104108486162, 42.262517552978871 ], [ -84.162092457853063, 42.262515060399927 ], [ -84.162080847861077, 42.262512465792504 ], [ -84.162069251012738, 42.262509837168196 ], [ -84.162057667254331, 42.262507176327752 ], [ -84.162046096532151, 42.262504485072022 ], [ -84.162034538846115, 42.262501763401033 ], [ -84.16202299293046, 42.262499013095557 ], [ -84.162011460024189, 42.262496233275243 ], [ -84.161999940046641, 42.262493426641257 ], [ -84.161988431839504, 42.26249059137281 ], [ -84.161976934083086, 42.262487731051621 ], [ -84.161965449255476, 42.262484843916781 ], [ -84.161953976090842, 42.26248193174915 ], [ -84.161942514562242, 42.262478995449079 ], [ -84.161931063430643, 42.262476035897109 ], [ -84.161919622722976, 42.262473052192739 ], [ -84.161908193570838, 42.262470047057249 ], [ -84.161896773576728, 42.262467019550208 ], [ -84.161885365138119, 42.262463970612004 ], [ -84.161873965776934, 42.262460902003504 ], [ -84.161862576732261, 42.262457812844325 ], [ -84.161851196711325, 42.262454705815678 ], [ -84.1618398257678, 42.262451579116735 ], [ -84.161828465060225, 42.262448434568277 ], [ -84.161817110925128, 42.262445273010869 ], [ -84.161805766972265, 42.262442095404751 ], [ -84.161794430804093, 42.262438900809592 ], [ -84.161783101100994, 42.262435692807102 ], [ -84.16177182286863, 42.262432385657206 ], [ -84.161760626677022, 42.262428930316794 ], [ -84.161749506035378, 42.262425341092552 ], [ -84.16173845429185, 42.262421637693542 ], [ -84.161727461211569, 42.262417837968201 ], [ -84.161716520276954, 42.262413957123506 ], [ -84.161705620041019, 42.262410012987971 ], [ -84.161694750269007, 42.262406023409916 ], [ -84.161683900833694, 42.262402002636129 ], [ -84.161673060287939, 42.262397968494994 ], [ -84.161662218450857, 42.262393937034091 ], [ -84.161651363929096, 42.262389924280953 ], [ -84.161640485329428, 42.262385946263265 ], [ -84.161629591432657, 42.262381993216266 ], [ -84.161618700095957, 42.262378035706156 ], [ -84.16160783033493, 42.262374046119874 ], [ -84.161596999979977, 42.262369995923947 ], [ -84.161586231710032, 42.262365856664914 ], [ -84.161575546992012, 42.262361599869308 ], [ -84.161564968451131, 42.262357198884224 ], [ -84.161554523615266, 42.262352625336149 ], [ -84.161544239904529, 42.262347854452941 ], [ -84.161534019007448, 42.262343010733979 ], [ -84.161523823295909, 42.262338135899235 ], [ -84.161513685307554, 42.262333196252506 ], [ -84.161503637687403, 42.262328154495954 ], [ -84.161493719087801, 42.262322975232316 ], [ -84.161483969426783, 42.2623176212836 ], [ -84.161474434629639, 42.262312057372355 ], [ -84.161465167840788, 42.262306250141826 ], [ -84.16145622953141, 42.26230016455419 ], [ -84.161447692159967, 42.262293770273281 ], [ -84.161439481924205, 42.262287142655616 ], [ -84.16143147831454, 42.262280377908581 ], [ -84.161423681196524, 42.262273480534205 ], [ -84.161416102691803, 42.26226645073222 ], [ -84.161408757453799, 42.262259285140587 ], [ -84.161401656365115, 42.262251984839523 ], [ -84.161394818900959, 42.262244547447224 ], [ -84.161388263297511, 42.262236971462379 ], [ -84.16138201024215, 42.262229254523376 ], [ -84.161376085163241, 42.26222139794978 ], [ -84.161370512411651, 42.262213398539473 ], [ -84.161365329564205, 42.262205256911258 ], [ -84.161360437091716, 42.262197016468313 ], [ -84.161355757660232, 42.262188708367269 ], [ -84.161351278959927, 42.262180338711353 ], [ -84.161346998405079, 42.262171912863032 ], [ -84.161342909827354, 42.262163434324151 ], [ -84.161339008270474, 42.262154906616473 ], [ -84.161335289963503, 42.262146334182127 ], [ -84.161331751162436, 42.26213772056289 ], [ -84.161328386964712, 42.26212906747962 ], [ -84.161325194811567, 42.262120379394496 ], [ -84.161322172251801, 42.26211165716802 ], [ -84.161319315541263, 42.262102904341837 ], [ -84.161316623387151, 42.262094123597286 ], [ -84.161314093338206, 42.262085315794813 ], [ -84.161311722916281, 42.262076482695257 ], [ -84.161309509589373, 42.262067627860418 ], [ -84.161307472805888, 42.262058749808851 ], [ -84.161305616175241, 42.262049849500912 ], [ -84.161303927441409, 42.262040931238957 ], [ -84.161302393189985, 42.262031997504572 ], [ -84.161301000006404, 42.262023050779362 ], [ -84.161299734476287, 42.262014093544892 ], [ -84.161298581973043, 42.262005128262821 ], [ -84.161297531560223, 42.261996155653819 ], [ -84.161296567399177, 42.261987178159544 ], [ -84.161295678553543, 42.261978196500735 ], [ -84.161294849238303, 42.261969211318238 ], [ -84.161294068517151, 42.26196022333275 ], [ -84.161293323002553, 42.261951234125419 ], [ -84.161292598121761, 42.261942244357094 ], [ -84.161291882965259, 42.261933253848106 ], [ -84.161291162960396, 42.261924263259225 ], [ -84.161290425958654, 42.261915273291208 ], [ -84.1612896573603, 42.261906285505262 ], [ -84.161288846256056, 42.261897299721674 ], [ -84.161287976861047, 42.261888316581313 ], [ -84.161287036999823, 42.261879337685293 ], [ -84.161286067993402, 42.261870360110933 ], [ -84.161285098987207, 42.261861382536495 ], [ -84.161284133617784, 42.261852405021948 ], [ -84.161283173124147, 42.261843426686816 ], [ -84.161282215055067, 42.261834448391632 ], [ -84.161281259410572, 42.261825470136344 ], [ -84.161280307402805, 42.261816491940941 ], [ -84.161279357819623, 42.261807513785442 ], [ -84.161278411900085, 42.261798534789406 ], [ -84.161277468405075, 42.261789555833282 ], [ -84.16127652733465, 42.261780576917054 ], [ -84.161275588715696, 42.261771597140374 ], [ -84.161274652494399, 42.261762618303962 ], [ -84.161273717512444, 42.261753638587145 ], [ -84.161272784955045, 42.261744658910175 ], [ -84.161271854822218, 42.261735679273173 ], [ -84.161270927113947, 42.261726699676032 ], [ -84.161270783938079, 42.261725320825398 ] ] } },
{ "type": "Feature", "properties": { "road_id": "GL-ROAD-196", "segment_id": "GL-196-9159083800514738020250" }, "geometry": { "type": "LineString", "coordinates": [ [ -84.250359463181908, 42.263070597765207 ], [ -84.247998306914624, 42.26310585249292 ], [ -84.24434799282912, 42.26312675516477 ] ] } },
{ "type": "Feature", "properties": { "road_id": "GL-ROAD-197", "segment_id": "GL-197-33812613802554838019869" }, "geometry": { "type": "LineString", "coordinates": [ [ -84.161270783938079, 42.261725320825398 ], [ -84.161269999405945, 42.261717720078906 ], [ -84.161269074149388, 42.261708739621263 ], [ -84.1612681512905, 42.261699760103951 ], [ -84.161267228458769, 42.261690779686241 ], [ -84.161266306839465, 42.261681799288411 ], [ -84.161265386432547, 42.261672818910597 ], [ -84.161264468450227, 42.26166383857263 ], [ -84.161263549255992, 42.261654858214698 ], [ -84.161262632486313, 42.261645877896676 ], [ -84.161261714504732, 42.261636897558645 ], [ -84.161260798947708, 42.261627917260562 ], [ -84.161259882205698, 42.261618936042076 ], [ -84.161258966649228, 42.261609955743921 ], [ -84.161258051092958, 42.261600975445738 ], [ -84.161257135536999, 42.261591995147597 ], [ -84.161256219981254, 42.261583014849371 ], [ -84.161255303240523, 42.261574033630772 ], [ -84.161254387685347, 42.261565053332539 ], [ -84.16125347091824, 42.26155607301429 ], [ -84.161252552939217, 42.261547092676039 ], [ -84.161251634960507, 42.261538112337803 ], [ -84.161250716982011, 42.261529131999502 ], [ -84.161249796579469, 42.261520151621312 ], [ -84.161248876177254, 42.261511171243065 ], [ -84.161247954563052, 42.261502190844823 ], [ -84.161247030497989, 42.261493211307034 ], [ -84.161246106460084, 42.261484230868824 ], [ -84.161245179971189, 42.261475251291067 ], [ -84.161243520763179, 42.261459210525423 ] ] } },
{ "type": "Feature", "properties": { "road_id": "GL-ROAD-198", "segment_id": "GL-198-8978033801807038019694" }, "geometry": { "type": "LineString", "coordinates": [ [ -84.204137081035427, 42.262072279580913 ], [ -84.20411942819716, 42.266504239170786 ], [ -84.204119347595153, 42.266922421077538 ] ] } },
{ "type": "Feature", "properties": { "road_id": "GL-ROAD-199", "segment_id": "GL-199-33810273801806638020219" }, "geometry": { "type": "LineString", "coordinates": [ [ -84.209414819129009, 42.2868965885637 ], [ -84.208504162425669, 42.286926640442516 ], [ -84.207733138813339, 42.286914260031978 ], [ -84.207534244552335, 42.286885495419412 ], [ -84.20745440198958, 42.28685170463352 ] ] } },
{ "type": "Feature", "properties": { "road_id": "GL-ROAD-200", "segment_id": "GL-200-9171053800456238004190" }, "geometry": { "type": "LineString", "coordinates": [ [ -84.187873404479731, 42.271034516356501 ], [ -84.187316818718585, 42.271314028633547 ], [ -84.18710160997297, 42.271425250232966 ], [ -84.18690289479116, 42.271497564624298 ], [ -84.186717769928137, 42.271532121932509 ], [ -84.186508731183295, 42.271554269573123 ], [ -84.185853347080993, 42.271564102352109 ], [ -84.185574329959948, 42.271600044883861 ], [ -84.185390952527214, 42.271611412055435 ], [ -84.185194711051963, 42.271628279274154 ], [ -84.185030910038407, 42.271659111529544 ], [ -84.184850963863454, 42.271712556879564 ], [ -84.184810511429603, 42.271733038054066 ], [ -84.184787296194827, 42.271767375209457 ], [ -84.18475033230078, 42.271983530285631 ], [ -84.184770794714368, 42.278156945045083 ] ] } },
{ "type": "Feature", "properties": { "road_id": "GL-ROAD-201", "segment_id": "GL-201-8992103800464638004548" }, "geometry": { "type": "LineString", "coordinates": [ [ -84.135566653414514, 42.268757709216985 ], [ -84.131012061584201, 42.270189846539211 ] ] } },
{ "type": "Feature", "properties": { "road_id": "GL-ROAD-202", "segment_id": "GL-202-9216033800537838016893" }, "geometry": { "type": "LineString", "coordinates": [ [ -84.212602738464511, 42.258677885552039 ], [ -84.212568034001336, 42.258670288484012 ], [ -84.212405692233403, 42.25862551241012 ], [ -84.212259612742542, 42.258576683555582 ] ] } },
{ "type": "Feature", "properties": { "road_id": "GL-ROAD-203", "segment_id": "GL-203-33812783801880438016872" }, "geometry": { "type": "LineString", "coordinates": [ [ -84.209852645086855, 42.25823995611524 ], [ -84.209851042259984, 42.258260709969399 ], [ -84.209832548603941, 42.258320684478718 ], [ -84.209796756490036, 42.258365845470209 ], [ -84.209738886194927, 42.258428692235846 ] ] } },
{ "type": "Feature", "properties": { "road_id": "GL-ROAD-204", "segment_id": "GL-204-33813413802005338020054" }, "geometry": { "type": "LineString", "coordinates": [ [ -84.191089980401188, 42.25791432996148 ], [ -84.191114625617061, 42.258640586615797 ] ] } },
{ "type": "Feature", "properties": { "road_id": "GL-ROAD-205", "segment_id": "GL-205-9216043800544738005362" }, "geometry": { "type": "LineString", "coordinates": [ [ -84.210664793590809, 42.258007272791907 ], [ -84.210658477217763, 42.258560565555662 ], [ -84.210652592672361, 42.259136209514622 ] ] } },
{ "type": "Feature", "properties": { "road_id": "GL-ROAD-206", "segment_id": "GL-206-9216033801689338005447" }, "geometry": { "type": "LineString", "coordinates": [ [ -84.212259612742542, 42.258576683555582 ], [ -84.211241758261508, 42.258208372512541 ], [ -84.210664793590809, 42.258007272791907 ] ] } },
{ "type": "Feature", "properties": { "road_id": "GL-ROAD-207", "segment_id": "GL-207-33806873801689938016901" }, "geometry": { "type": "LineString", "coordinates": [ [ -84.203031825524533, 42.257764690980402 ], [ -84.203004913497239, 42.25866800530428 ], [ -84.202954456312241, 42.258787270489201 ], [ -84.202878939287288, 42.258886248672333 ], [ -84.202788541703697, 42.258961864388418 ], [ -84.202693858135035, 42.259006582533416 ], [ -84.202573473392007, 42.259043179838415 ], [ -84.202408946312431, 42.259057364562423 ], [ -84.202196095307414, 42.259022159313709 ], [ -84.202040252759517, 42.258987871581134 ], [ -84.201851980665523, 42.258924816065424 ], [ -84.201659988359722, 42.258826394643002 ], [ -84.201548138542492, 42.258750448109701 ], [ -84.201379694727493, 42.258659466594338 ], [ -84.201238621041981, 42.258607763051671 ], [ -84.201019885055615, 42.25854025665128 ] ] } },
{ "type": "Feature", "properties": { "road_id": "GL-ROAD-208", "segment_id": "GL-208-33806883801690038016899" }, "geometry": { "type": "LineString", "coordinates": [ [ -84.204052750936256, 42.257773085824446 ], [ -84.203031825524533, 42.257764690980402 ] ] } },
{ "type": "Feature", "properties": { "road_id": "GL-ROAD-209", "segment_id": "GL-209-8978033801690038005291" }, "geometry": { "type": "LineString", "coordinates": [ [ -84.204052750936256, 42.257773085824446 ], [ -84.204115004646098, 42.259960370555547 ] ] } },
{ "type": "Feature", "properties": { "road_id": "GL-ROAD-210", "segment_id": "GL-210-33806883801689938016901" }, "geometry": { "type": "LineString", "coordinates": [ [ -84.203031825524533, 42.257764690980402 ], [ -84.201896527852085, 42.257725118631861 ], [ -84.201729976353846, 42.257719380111538 ], [ -84.20156536799206, 42.257726121350331 ], [ -84.201468746570455, 42.257743353310246 ], [ -84.201353824936163, 42.257780959852965 ], [ -84.201248412043185, 42.257839387521919 ], [ -84.20118372452626, 42.25788907785148 ], [ -84.201108101205861, 42.257966776311847 ], [ -84.201054572590621, 42.258067378987455 ], [ -84.201031331580168, 42.25825678277873 ], [ -84.20102699581966, 42.258405152888521 ], [ -84.201019885055615, 42.25854025665128 ] ] } },
{ "type": "Feature", "properties": { "road_id": "GL-ROAD-211", "segment_id": "GL-211-33813453802005338020052" }, "geometry": { "type": "LineString", "coordinates": [ [ -84.191089980401188, 42.25791432996148 ], [ -84.191101755320901, 42.25791214534906 ], [ -84.191113586907647, 42.257910054440678 ], [ -84.191125465914311, 42.257908041772083 ], [ -84.191137381881873, 42.257906091859425 ], [ -84.191149326828395, 42.257904187457413 ], [ -84.191161290241752, 42.257902314882877 ], [ -84.191173262901472, 42.257900457771342 ], [ -84.191185235560511, 42.257898600658493 ], [ -84.191197197812585, 42.257896726259773 ], [ -84.191209141569828, 42.25789482093144 ], [ -84.191221056399655, 42.257892868289218 ], [ -84.191232933054906, 42.257890852868975 ], [ -84.191244762314952, 42.25788875830608 ], [ -84.191256536144792, 42.257886569156049 ], [ -84.191268241634575, 42.257884270796168 ], [ -84.191279873226435, 42.257881846020425 ], [ -84.191291418036968, 42.257879279305683 ], [ -84.191302869190253, 42.257876557027878 ], [ -84.191314216306452, 42.257873661002066 ], [ -84.191325448899903, 42.257870576644805 ], [ -84.19133655896195, 42.257867287611191 ], [ -84.191347594742638, 42.257863761352347 ], [ -84.191358580959857, 42.257859982053859 ], [ -84.191369495531319, 42.257855958366179 ], [ -84.191380316374733, 42.257851698939781 ], [ -84.19139102148732, 42.257847209723899 ], [ -84.191401587574788, 42.257842499349358 ], [ -84.191411993819855, 42.257837574685468 ], [ -84.191422218166949, 42.25783244348235 ], [ -84.191432236109605, 42.257827114351166 ], [ -84.191442028069247, 42.257821593280511 ], [ -84.191451570725278, 42.257815889801662 ], [ -84.191460842074889, 42.257810009863917 ], [ -84.191469818850379, 42.257803961197666 ], [ -84.191478480155325, 42.257797753373602 ], [ -84.191486829387927, 42.257791394554424 ], [ -84.191495104483465, 42.257784917423749 ], [ -84.191503350050994, 42.257778330812236 ], [ -84.191511548989169, 42.257771638946927 ], [ -84.191519686699877, 42.257764843392927 ], [ -84.191527744869674, 42.257757948357487 ], [ -84.191535706449827, 42.257750956266932 ], [ -84.191543556816086, 42.257743869586641 ], [ -84.191551278866854, 42.257736692543745 ], [ -84.19155885555368, 42.257729427564371 ], [ -84.191566268615873, 42.257722077055185 ], [ -84.191573504614766, 42.257714644401666 ], [ -84.191580544051092, 42.257707132891213 ], [ -84.191587372300674, 42.2576995449893 ], [ -84.191593972314934, 42.257691883122178 ], [ -84.191600325753924, 42.257684152397651 ], [ -84.191606419258321, 42.257676353500109 ], [ -84.191612233276203, 42.25766849151767 ], [ -84.191617752024058, 42.257660567095435 ], [ -84.191622959586155, 42.257652585380519 ], [ -84.191627840152648, 42.257644547918375 ], [ -84.191632336072345, 42.257636435757853 ], [ -84.191636313786901, 42.257628171964562 ], [ -84.191639799909396, 42.257619758771568 ], [ -84.191642838864055, 42.257611211312401 ], [ -84.191645476366531, 42.25760254203896 ], [ -84.191647756893801, 42.257593764283911 ], [ -84.191649724922911, 42.257584891379899 ], [ -84.191651426116564, 42.257575937579588 ], [ -84.191652902553983, 42.257566915276009 ], [ -84.191654201109912, 42.257557838741462 ], [ -84.191655367473388, 42.257548721328206 ], [ -84.191656443723559, 42.257539575429227 ], [ -84.191657475549434, 42.25753041439669 ], [ -84.191658508587125, 42.25752125338385 ], [ -84.191659586154245, 42.257512103902755 ], [ -84.191660753913283, 42.257502980206169 ], [ -84.191662056341016, 42.257493895626659 ], [ -84.191663539126296, 42.257484863516474 ], [ -84.191665244348215, 42.257475896268581 ], [ -84.19166719242692, 42.257467000519803 ], [ -84.191669214018972, 42.257458120375937 ], [ -84.191671269416574, 42.257449245284107 ], [ -84.191673353850632, 42.257440372464558 ], [ -84.191675459995835, 42.257431503600209 ], [ -84.191677584268746, 42.257422636831336 ], [ -84.191679720635435, 42.257413771159207 ], [ -84.191681863035512, 42.257404906485675 ], [ -84.191684006647023, 42.25739604183174 ], [ -84.191686146648195, 42.257387176218415 ], [ -84.191688275740006, 42.25737831042823 ], [ -84.191690538357989, 42.257368820718462 ] ] } },
{ "type": "Feature", "properties": { "road_id": "GL-ROAD-212", "segment_id": "GL-212-8978073800335338003017" }, "geometry": { "type": "LineString", "coordinates": [ [ -84.145831043662284, 42.297898150721856 ], [ -84.145836160409431, 42.298421051610461 ], [ -84.145833229282076, 42.299977202689433 ], [ -84.145848433415424, 42.30008747495183 ], [ -84.145872544229817, 42.300181642927264 ], [ -84.14591038401835, 42.300267287058766 ], [ -84.145973437432971, 42.300354599083562 ], [ -84.14606020677887, 42.300437304058399 ], [ -84.146280586612974, 42.300557232775297 ], [ -84.1469064029843, 42.300803908866136 ], [ -84.147117716886868, 42.300917434598361 ], [ -84.147254197926259, 42.301027218159604 ], [ -84.14738637354283, 42.301168185772426 ], [ -84.147470108649287, 42.301295848083328 ], [ -84.147535553414357, 42.301415705727294 ], [ -84.147620362652845, 42.301619649212256 ], [ -84.147849901174794, 42.302331086138921 ], [ -84.147922281727645, 42.302612338016637 ], [ -84.147982077690045, 42.304263636135389 ], [ -84.147995285992849, 42.304496397420927 ], [ -84.148020400474977, 42.304669346506131 ], [ -84.148066241104175, 42.304825134894074 ], [ -84.148141858301301, 42.304998920173965 ], [ -84.148240215963639, 42.305200587700341 ], [ -84.149450655282038, 42.307236016101434 ], [ -84.149550840367965, 42.307466125989393 ] ] } },
{ "type": "Feature", "properties": { "road_id": "GL-ROAD-213", "segment_id": "GL-213-33810263802036538018066" }, "geometry": { "type": "LineString", "coordinates": [ [ -84.209416995455285, 42.283784339211138 ], [ -84.209384475062379, 42.283862431144946 ], [ -84.209366907467654, 42.283946377901138 ], [ -84.209364153251272, 42.28417094436309 ], [ -84.209355762269595, 42.284589146895364 ], [ -84.209398772552959, 42.286490134582145 ], [ -84.209401016932432, 42.286772179409887 ], [ -84.209414819129009, 42.2868965885637 ] ] } },
{ "type": "Feature", "properties": { "road_id": "GL-ROAD-214", "segment_id": "GL-214-33814173802021338020214" }, "geometry": { "type": "LineString", "coordinates": [ [ -84.140820361464407, 42.282395300051249 ], [ -84.139655525884265, 42.282411190772024 ], [ -84.139238431298139, 42.282456664451203 ], [ -84.139031781110447, 42.282546414369939 ], [ -84.138863272843551, 42.282671746913302 ], [ -84.138739165895672, 42.282885186842691 ], [ -84.138718032622236, 42.28306539508803 ], [ -84.138729150630354, 42.285552657355765 ], [ -84.13891741530982, 42.285812074198738 ] ] } },
{ "type": "Feature", "properties": { "road_id": "GL-ROAD-215", "segment_id": "GL-215-9165023802021338025551" }, "geometry": { "type": "LineString", "coordinates": [ [ -84.140820361464407, 42.282395300051249 ], [ -84.140823459077964, 42.284079393372963 ] ] } },
{ "type": "Feature", "properties": { "road_id": "GL-ROAD-216", "segment_id": "GL-216-33810263800373738020365" }, "geometry": { "type": "LineString", "coordinates": [ [ -84.213799822109507, 42.283825385147949 ], [ -84.213037301495064, 42.283226755717671 ], [ -84.212921578761268, 42.283149470360414 ], [ -84.212805148581452, 42.283096506798231 ], [ -84.212662234550379, 42.283052852367511 ], [ -84.212531502850496, 42.283041024695997 ], [ -84.212413377246079, 42.283046431748069 ], [ -84.211035087057027, 42.283271226985626 ], [ -84.210066311754346, 42.283429764934134 ], [ -84.209838003211829, 42.283479446962012 ], [ -84.209646833738191, 42.283552185765146 ], [ -84.209508003496467, 42.283645417536853 ], [ -84.209445410652492, 42.283717412063545 ], [ -84.209416995455285, 42.283784339211138 ] ] } },
{ "type": "Feature", "properties": { "road_id": "GL-ROAD-217", "segment_id": "GL-217-33806833801688638016887" }, "geometry": { "type": "LineString", "coordinates": [ [ -84.204237758806102, 42.282753160565825 ], [ -84.203219228475362, 42.282750188301407 ], [ -84.202904582371332, 42.282753880602726 ], [ -84.202763794025813, 42.282795406427709 ], [ -84.202636717067833, 42.282838613168337 ], [ -84.202577133617567, 42.282926699978752 ], [ -84.202544118251922, 42.28298017947737 ], [ -84.202524131298858, 42.283058684969525 ], [ -84.202514473121738, 42.283129753789964 ], [ -84.202539219378053, 42.284327730803504 ], [ -84.202529504888105, 42.284490053093315 ], [ -84.202510403870036, 42.284626838719163 ], [ -84.202451271023961, 42.28473037570221 ], [ -84.202363072649192, 42.284840804283448 ], [ -84.202244074886877, 42.284947869310344 ], [ -84.202075191885584, 42.285041975624019 ], [ -84.201895782403099, 42.285073446527093 ], [ -84.20065070547831, 42.285085399430898 ] ] } },
{ "type": "Feature", "properties": { "road_id": "GL-ROAD-218", "segment_id": "GL-218-8978033801688638018069" }, "geometry": { "type": "LineString", "coordinates": [ [ -84.204237758806102, 42.282753160565825 ], [ -84.204277328109754, 42.286647814839071 ] ] } },
{ "type": "Feature", "properties": { "road_id": "GL-ROAD-219", "segment_id": "GL-219-9171073800469938004521" }, "geometry": { "type": "LineString", "coordinates": [ [ -84.165651796304644, 42.268237659897046 ], [ -84.165767017678476, 42.268348353447557 ], [ -84.165886498939699, 42.26853117354414 ], [ -84.166172996245209, 42.269300579310332 ], [ -84.166947506180193, 42.271084028445514 ] ] } },
{ "type": "Feature", "properties": { "road_id": "GL-ROAD-220", "segment_id": "GL-220-8992103800475938004646" }, "geometry": { "type": "LineString", "coordinates": [ [ -84.140759309630141, 42.267133226935115 ], [ -84.135566653414514, 42.268757709216985 ] ] } },
{ "type": "Feature", "properties": { "road_id": "GL-ROAD-221", "segment_id": "GL-221-9165023800475938004199" }, "geometry": { "type": "LineString", "coordinates": [ [ -84.140759309630141, 42.267133226935115 ], [ -84.14079914971866, 42.277324842084369 ] ] } },
{ "type": "Feature", "properties": { "road_id": "GL-ROAD-222", "segment_id": "GL-222-8978033800476438018086" }, "geometry": { "type": "LineString", "coordinates": [ [ -84.204148448278218, 42.268008875502105 ], [ -84.204139446727623, 42.270660481287713 ], [ -84.204186399879205, 42.274110214981647 ] ] } },
{ "type": "Feature", "properties": { "road_id": "GL-ROAD-223", "segment_id": "GL-223-8992103800598438005937" }, "geometry": { "type": "LineString", "coordinates": [ [ -84.206906349206136, 42.252052645143941 ], [ -84.204032900903798, 42.25237199485705 ] ] } },
{ "type": "Feature", "properties": { "road_id": "GL-ROAD-224", "segment_id": "GL-224-8992103800600338005984" }, "geometry": { "type": "LineString", "coordinates": [ [ -84.207982268935581, 42.251934054525584 ], [ -84.206906349206136, 42.252052645143941 ] ] } },
{ "type": "Feature", "properties": { "road_id": "GL-ROAD-225", "segment_id": "GL-225-8978093800345038003440" }, "geometry": { "type": "LineString", "coordinates": [ [ -84.151773339402439, 42.29594485293903 ], [ -84.151027256992236, 42.296083713871298 ] ] } },
{ "type": "Feature", "properties": { "road_id": "GL-ROAD-226", "segment_id": "GL-226-9169053801758338004288" }, "geometry": { "type": "LineString", "coordinates": [ [ -84.23833890467597, 42.273150775490578 ], [ -84.238317269746702, 42.275322221191892 ] ] } },
{ "type": "Feature", "properties": { "road_id": "GL-ROAD-227", "segment_id": "GL-227-9171073800452138004165" }, "geometry": { "type": "LineString", "coordinates": [ [ -84.166947506180193, 42.271084028445514 ], [ -84.167560388511731, 42.272881586517414 ], [ -84.167627921737378, 42.273229797722934 ], [ -84.167681142284451, 42.273583033060866 ], [ -84.167758686827554, 42.274546726953972 ], [ -84.16778979612252, 42.274914599160127 ], [ -84.167769189457118, 42.275264770536083 ], [ -84.167714520017157, 42.275674085257442 ], [ -84.167046354401904, 42.278377795562157 ] ] } },
{ "type": "Feature", "properties": { "road_id": "GL-ROAD-228", "segment_id": "GL-228-33813343802004838020050" }, "geometry": { "type": "LineString", "coordinates": [ [ -84.190839745647438, 42.256014502472418 ], [ -84.190856709524112, 42.256698473813721 ] ] } },
{ "type": "Feature", "properties": { "road_id": "GL-ROAD-229", "segment_id": "GL-229-33813393802004838020049" }, "geometry": { "type": "LineString", "coordinates": [ [ -84.190839745647438, 42.256014502472418 ], [ -84.191593744284717, 42.256026726325096 ] ] } },
{ "type": "Feature", "properties": { "road_id": "GL-ROAD-230", "segment_id": "GL-230-33813383802004638020047" }, "geometry": { "type": "LineString", "coordinates": [ [ -84.193034720818019, 42.255990525481216 ], [ -84.192088803450432, 42.256000592395374 ] ] } },
{ "type": "Feature", "properties": { "road_id": "GL-ROAD-231", "segment_id": "GL-231-33813353802004238020046" }, "geometry": { "type": "LineString", "coordinates": [ [ -84.193052717273645, 42.256656813162977 ], [ -84.193034720818019, 42.255990525481216 ] ] } },
{ "type": "Feature", "properties": { "road_id": "GL-ROAD-232", "segment_id": "GL-232-33806853801689438016893" }, "geometry": { "type": "LineString", "coordinates": [ [ -84.212905892122947, 42.256282641649555 ], [ -84.212674812217301, 42.256308234025724 ], [ -84.212515231088446, 42.256344022512465 ], [ -84.212284752711966, 42.256408803787494 ], [ -84.212083359844812, 42.256487746252397 ], [ -84.211926428731203, 42.256559183737892 ], [ -84.211780076552841, 42.256647225465642 ], [ -84.211719837781345, 42.256690083516368 ], [ -84.21168523765192, 42.256738830594671 ], [ -84.211664425431081, 42.256820667520579 ], [ -84.211673492251762, 42.256889288107267 ], [ -84.211776231286819, 42.257033364625542 ], [ -84.211959174679521, 42.257208855257602 ], [ -84.212088349155437, 42.257331442428601 ], [ -84.212191169409607, 42.257472779499089 ], [ -84.212287416160095, 42.257710860811265 ], [ -84.21230646355616, 42.257981743682151 ], [ -84.212292880000618, 42.258283043624942 ], [ -84.212259612742542, 42.258576683555582 ] ] } },
{ "type": "Feature", "properties": { "road_id": "GL-ROAD-233", "segment_id": "GL-233-8978033800559138016900" }, "geometry": { "type": "LineString", "coordinates": [ [ -84.204066262073013, 42.255926898722656 ], [ -84.204052750936256, 42.257773085824446 ] ] } },
{ "type": "Feature", "properties": { "road_id": "GL-ROAD-234", "segment_id": "GL-234-9169083800563838005123" }, "geometry": { "type": "LineString", "coordinates": [ [ -84.228434222952387, 42.255996273992963 ], [ -84.228462133771785, 42.259524699751388 ], [ -84.228527370617513, 42.263219240225553 ] ] } },
{ "type": "Feature", "properties": { "road_id": "GL-ROAD-235", "segment_id": "GL-235-33813353802004638020055" }, "geometry": { "type": "LineString", "coordinates": [ [ -84.193034720818019, 42.255990525481216 ], [ -84.193034945150174, 42.255981518014273 ], [ -84.193035197438789, 42.255972508297518 ], [ -84.193035476498281, 42.255963495411038 ], [ -84.193035782302076, 42.25595448025517 ], [ -84.193036110028515, 42.255945461850956 ], [ -84.193036460863098, 42.255936441118521 ], [ -84.193036831143331, 42.255927418899311 ], [ -84.193037219709964, 42.255918393372859 ], [ -84.193037625271629, 42.25590936722088 ], [ -84.193038044245029, 42.255900338583523 ], [ -84.193038477789386, 42.255891309281338 ], [ -84.193038921082859, 42.255882278335356 ], [ -84.193039374125519, 42.255873245745576 ], [ -84.193039834440356, 42.255864213273597 ], [ -84.193040300841687, 42.255855179999273 ], [ -84.193040769693468, 42.255846145863821 ], [ -84.193041242181238, 42.255837111787251 ], [ -84.193041714668865, 42.255828077710675 ], [ -84.193042185944336, 42.255819043614437 ], [ -84.193042653557058, 42.255810010359689 ], [ -84.193043116321476, 42.255800977026375 ], [ -84.193043572999059, 42.255791944495343 ], [ -84.193044019927271, 42.255782913608073 ], [ -84.19304445713253, 42.25577388346418 ], [ -84.193044882190719, 42.255764854024321 ], [ -84.193045292624888, 42.255755827050145 ], [ -84.193045688461496, 42.255746801641237 ], [ -84.193046066064426, 42.255737777738588 ], [ -84.193046424195146, 42.255728756223149 ], [ -84.193046761641668, 42.255719737075168 ], [ -84.193047075979848, 42.255710720255486 ], [ -84.193047364759209, 42.255701706625132 ], [ -84.19304762800617, 42.255692695283813 ], [ -84.19304786324382, 42.255683687992978 ], [ -84.193048068100907, 42.255674682912606 ], [ -84.193048241312596, 42.255665681823949 ], [ -84.193048380454684, 42.255656684687565 ], [ -84.193048485527314, 42.255647691503661 ], [ -84.19304855168221, 42.255638702193636 ], [ -84.193048580105071, 42.255629717677465 ], [ -84.19304856718621, 42.255620736995908 ], [ -84.193048511687081, 42.255611761029819 ], [ -84.193048412369322, 42.255602790659836 ], [ -84.193048265623219, 42.255593824926699 ], [ -84.193048072660815, 42.255584863850075 ], [ -84.193047828581044, 42.255575909152221 ], [ -84.193047533410478, 42.255566959932814 ], [ -84.193047185910544, 42.255558017072552 ], [ -84.193046782471669, 42.255549079612145 ], [ -84.193046321855249, 42.255540148432374 ], [ -84.193045802823008, 42.25553122441405 ], [ -84.193045162322065, 42.255522307436742 ], [ -84.193043907574918, 42.255513412941191 ], [ -84.193041983775544, 42.25550454904814 ], [ -84.193039453739232, 42.255495723981568 ], [ -84.193036380281058, 42.255486945965551 ], [ -84.193032828666801, 42.25547822236306 ], [ -84.193028861737901, 42.255469560497659 ], [ -84.19302454230953, 42.255460968593347 ], [ -84.193019934408781, 42.255452454893934 ], [ -84.193015100903452, 42.25544402582257 ], [ -84.193010107032563, 42.255435689642688 ], [ -84.193005014399077, 42.255427454558635 ], [ -84.192999888268304, 42.255419327933424 ], [ -84.19299462374039, 42.255411372027659 ], [ -84.192988106439969, 42.255403957954847 ], [ -84.192980448777291, 42.255397015468319 ], [ -84.192972052111514, 42.255390379909016 ], [ -84.192963317854719, 42.255383884817149 ], [ -84.192946597187529, 42.255370782428407 ] ] } },
{ "type": "Feature", "properties": { "road_id": "GL-ROAD-236", "segment_id": "GL-236-33813343802552938020048" }, "geometry": { "type": "LineString", "coordinates": [ [ -84.191701660203208, 42.255321780795541 ], [ -84.191697185055276, 42.255321965902674 ], [ -84.191685016269204, 42.255322466821248 ], [ -84.191672847562316, 42.255322965037323 ], [ -84.191660678960972, 42.255323459650455 ], [ -84.191648509226752, 42.255323951541385 ], [ -84.191636340810177, 42.255324439849076 ], [ -84.191624172446282, 42.255324926354625 ], [ -84.191612004187959, 42.255325409257225 ], [ -84.191599838432907, 42.255325889496639 ], [ -84.191587673942621, 42.255326367953529 ], [ -84.19157551195552, 42.25532684374722 ], [ -84.191563352471732, 42.255327316877676 ], [ -84.191551194279057, 42.255327787325228 ], [ -84.191539040987308, 42.255328256049303 ], [ -84.191526890172355, 42.255328723010528 ], [ -84.191514743072702, 42.255329187328179 ], [ -84.191502600873918, 42.255329649922317 ], [ -84.191490463576002, 42.255330110792912 ], [ -84.191478329966955, 42.255330569920332 ], [ -84.191466202470821, 42.255331027343928 ], [ -84.191454079875612, 42.255331483043975 ], [ -84.191441963393288, 42.255331937040168 ], [ -84.191429853023877, 42.255332389332494 ], [ -84.191417734121728, 42.255332801848269 ], [ -84.191405593041509, 42.255333143737694 ], [ -84.191393432048656, 42.25533342044254 ], [ -84.191381254594233, 42.255333638324636 ], [ -84.191369060493088, 42.255333803686831 ], [ -84.191356853196311, 42.255333922890976 ], [ -84.191344633783658, 42.255334000458731 ], [ -84.191332405706106, 42.255334042751997 ], [ -84.191320169964214, 42.255334056993654 ], [ -84.191307928823349, 42.255334048625429 ], [ -84.191295684575351, 42.255334022188769 ], [ -84.191283439406263, 42.255333985826596 ], [ -84.191271194369449, 42.25533394496108 ], [ -84.191258951756737, 42.255333904133551 ], [ -84.191246714992644, 42.255333870606236 ], [ -84.191234483891989, 42.255333850682071 ], [ -84.191222261932239, 42.255333849822435 ], [ -84.191210051378775, 42.255333873469105 ], [ -84.191197854470389, 42.255333927964266 ], [ -84.191185672207638, 42.255334020530817 ], [ -84.191173505696682, 42.255334154790155 ], [ -84.191161359547607, 42.255334338924555 ], [ -84.191149234840083, 42.255334577455713 ], [ -84.191137132574667, 42.255334877606543 ], [ -84.1911250562286, 42.255335244838491 ], [ -84.191113006855261, 42.255335684573787 ], [ -84.191100986693442, 42.255336203154471 ], [ -84.191088998008539, 42.255336806022434 ], [ -84.191077041774463, 42.255337501300964 ], [ -84.191065121521447, 42.255338292650748 ], [ -84.191053239488397, 42.255339186413913 ], [ -84.191041396675558, 42.255340189813445 ], [ -84.191029595374843, 42.255341307390665 ], [ -84.191017837798583, 42.255342546388263 ], [ -84.191006069984269, 42.255344133843892 ], [ -84.190994254791121, 42.255346425888092 ], [ -84.190982484444589, 42.255349378974167 ], [ -84.190970851355331, 42.255352943252689 ], [ -84.190959450384568, 42.255357068013026 ], [ -84.190948377605736, 42.255361702564279 ], [ -84.19093772542972, 42.255366797057164 ], [ -84.190927589982877, 42.255372298999923 ], [ -84.1909180636234, 42.255378160344115 ], [ -84.190909242451482, 42.255384329498526 ], [ -84.190901220116785, 42.255390755733131 ], [ -84.19089382432422, 42.255397442560145 ], [ -84.190886572697536, 42.255404464134479 ], [ -84.19087949633132, 42.255411793935103 ], [ -84.190872649375635, 42.255419404914086 ], [ -84.190866081132299, 42.255427269944839 ], [ -84.190859842221059, 42.255435358318792 ], [ -84.190853985527028, 42.255443644769201 ], [ -84.190848561670137, 42.255452098587554 ], [ -84.190843619952332, 42.255460692647212 ], [ -84.190839214523891, 42.255469399900377 ], [ -84.190835393580684, 42.255478189599174 ], [ -84.190832210008068, 42.255487036476808 ], [ -84.190829715638174, 42.255495909844434 ], [ -84.190827958534712, 42.255504783456296 ], [ -84.190826945498955, 42.255513632199104 ], [ -84.190826159194728, 42.255522481915996 ], [ -84.190825446534035, 42.255531342736219 ], [ -84.190824806304803, 42.255540214640263 ], [ -84.190824236109506, 42.255549096688299 ], [ -84.190823732285523, 42.255557989721815 ], [ -84.190823296071386, 42.255566892860074 ], [ -84.190822922619006, 42.255575806024396 ], [ -84.190822610742757, 42.255584728294814 ], [ -84.190822359204162, 42.255593660551988 ], [ -84.190822164419998, 42.255602600936186 ], [ -84.190822026390364, 42.255611549447408 ], [ -84.19082194024061, 42.255620506907455 ], [ -84.190821905997183, 42.255629472415855 ], [ -84.190821921262526, 42.255638445032972 ], [ -84.190821983612452, 42.255647424719456 ], [ -84.190822091835074, 42.255656411455661 ], [ -84.190822242294161, 42.25566540518264 ], [ -84.190822433804243, 42.255674404980276 ], [ -84.190822665153178, 42.255683410828944 ], [ -84.190822932704876, 42.255692422669696 ], [ -84.190823235273825, 42.255701439582445 ], [ -84.190823571647869, 42.255710461547551 ], [ -84.19082393819096, 42.255719488506081 ], [ -84.190824332505514, 42.255728519518279 ], [ -84.190824754591461, 42.255737554584137 ], [ -84.190825200812668, 42.255746593644687 ], [ -84.19082566995715, 42.255755636680277 ], [ -84.190826159653611, 42.255764681850849 ], [ -84.190826667451688, 42.255773730017403 ], [ -84.190827190927138, 42.255782781140695 ], [ -84.190827730106477, 42.255791834320263 ], [ -84.190828281353575, 42.255800889497216 ], [ -84.190828842244315, 42.255809946632191 ], [ -84.190829410407488, 42.255819003885065 ], [ -84.190829985790273, 42.255828063056697 ], [ -84.190830566021404, 42.2558371223069 ], [ -84.19083114622623, 42.255846182457475 ], [ -84.190831727643257, 42.255855242627732 ], [ -84.190832306662813, 42.255864301858203 ], [ -84.19083288207284, 42.255873360129328 ], [ -84.190833450210718, 42.255882418282525 ], [ -84.190834011129354, 42.255891474516915 ], [ -84.19083456116617, 42.255900529673987 ], [ -84.19083509792344, 42.255909582814027 ], [ -84.190835621401177, 42.255918633937071 ], [ -84.190836126777668, 42.255927682064062 ], [ -84.190836615264899, 42.255936727214618 ], [ -84.19083708201471, 42.255945769310124 ], [ -84.190837527027071, 42.255954808350658 ], [ -84.190837946692227, 42.255963843376804 ], [ -84.190838338586076, 42.255972874349197 ], [ -84.190838702735135, 42.255981900367559 ], [ -84.190839035476699, 42.255990922273185 ], [ -84.190839335651589, 42.255999938245694 ], [ -84.190839745647438, 42.256014502472418 ] ] } },
{ "type": "Feature", "properties": { "road_id": "GL-ROAD-237", "segment_id": "GL-237-33810333801808838019464" }, "geometry": { "type": "LineString", "coordinates": [ [ -84.200243565174631, 42.274217239773542 ], [ -84.199714105594282, 42.274268311742624 ], [ -84.198924172297353, 42.274331357345218 ], [ -84.198606202586944, 42.274347278189659 ], [ -84.198231973868658, 42.274351622994985 ] ] } },
{ "type": "Feature", "properties": { "road_id": "GL-ROAD-238", "segment_id": "GL-238-33810333801808938018088" }, "geometry": { "type": "LineString", "coordinates": [ [ -84.200505030946275, 42.274181441525393 ], [ -84.200360704397951, 42.274203567109289 ], [ -84.200243565174631, 42.274217239773542 ] ] } },
{ "type": "Feature", "properties": { "road_id": "GL-ROAD-239", "segment_id": "GL-239-33810343801808938018094" }, "geometry": { "type": "LineString", "coordinates": [ [ -84.200505030946275, 42.274181441525393 ], [ -84.200534043677223, 42.274315291556398 ], [ -84.200560847663255, 42.274524689626105 ], [ -84.200581733524515, 42.274731768983571 ], [ -84.200587009824616, 42.27496082651944 ], [ -84.200550056100781, 42.275678454628377 ] ] } },
{ "type": "Feature", "properties": { "road_id": "GL-ROAD-240", "segment_id": "GL-240-33810333801809238018089" }, "geometry": { "type": "LineString", "coordinates": [ [ -84.202770816103993, 42.274123906904912 ], [ -84.200954727975713, 42.274157570678327 ], [ -84.200505030946275, 42.274181441525393 ] ] } },
{ "type": "Feature", "properties": { "road_id": "GL-ROAD-241", "segment_id": "GL-241-33810353801809238018094" }, "geometry": { "type": "LineString", "coordinates": [ [ -84.202770816103993, 42.274123906904912 ], [ -84.202792601823717, 42.274655221453322 ], [ -84.202820908488576, 42.274750327161655 ], [ -84.202852862927529, 42.274827023601716 ], [ -84.202897783784323, 42.274885460853916 ], [ -84.202970060413719, 42.274965114598942 ], [ -84.203033556300056, 42.275026159779706 ], [ -84.203075371261789, 42.275084546036318 ], [ -84.203116039734908, 42.275182159566903 ], [ -84.203132189211615, 42.275267835850663 ], [ -84.203123617491642, 42.275348496358234 ], [ -84.20309660433081, 42.275421934275414 ], [ -84.20306067537048, 42.275481378277483 ], [ -84.203015627319274, 42.275533748895981 ], [ -84.202961324155723, 42.27558366250792 ], [ -84.202869669980956, 42.275635282477374 ], [ -84.202784566304672, 42.275675465488575 ], [ -84.202646979733302, 42.275703259786368 ], [ -84.202516011120153, 42.275717310197386 ], [ -84.200550056100781, 42.275678454628377 ] ] } },
{ "type": "Feature", "properties": { "road_id": "GL-ROAD-242", "segment_id": "GL-242-33810333801808638018092" }, "geometry": { "type": "LineString", "coordinates": [ [ -84.204186399879205, 42.274110214981647 ], [ -84.202770816103993, 42.274123906904912 ] ] } },
{ "type": "Feature", "properties": { "road_id": "GL-ROAD-243", "segment_id": "GL-243-8978033801808638004221" }, "geometry": { "type": "LineString", "coordinates": [ [ -84.204186399879205, 42.274110214981647 ], [ -84.204188714068465, 42.274280192830361 ], [ -84.204213359095078, 42.277282039009393 ], [ -84.204218319726934, 42.277886263040713 ] ] } },
{ "type": "Feature", "properties": { "road_id": "GL-ROAD-244", "segment_id": "GL-244-33812783800577038005724" }, "geometry": { "type": "LineString", "coordinates": [ [ -84.210659901394848, 42.254100047338987 ], [ -84.210422209465662, 42.254881357616107 ] ] } },
{ "type": "Feature", "properties": { "road_id": "GL-ROAD-245", "segment_id": "GL-245-9215103801687338005770" }, "geometry": { "type": "LineString", "coordinates": [ [ -84.213019047619667, 42.254048312398687 ], [ -84.210868333799453, 42.254107417762839 ], [ -84.210659901394848, 42.254100047338987 ] ] } },
{ "type": "Feature", "properties": { "road_id": "GL-ROAD-246", "segment_id": "GL-246-9216013801687338016874" }, "geometry": { "type": "LineString", "coordinates": [ [ -84.213019047619667, 42.254048312398687 ], [ -84.213018436202589, 42.254378794897477 ] ] } },
{ "type": "Feature", "properties": { "road_id": "GL-ROAD-247", "segment_id": "GL-247-9215103800578738016873" }, "geometry": { "type": "LineString", "coordinates": [ [ -84.213874563526147, 42.25404007498576 ], [ -84.213019047619667, 42.254048312398687 ] ] } },
{ "type": "Feature", "properties": { "road_id": "GL-ROAD-248", "segment_id": "GL-248-9171043800578738016894" }, "geometry": { "type": "LineString", "coordinates": [ [ -84.213874563526147, 42.25404007498576 ], [ -84.213835064187265, 42.254149115522303 ], [ -84.213746267355532, 42.25425387486753 ], [ -84.213612202472632, 42.254386225053217 ], [ -84.213347923004704, 42.254601602845142 ], [ -84.213242367151778, 42.254702666565052 ], [ -84.213168317978358, 42.254794290637825 ], [ -84.213106397932719, 42.254929200460786 ], [ -84.213080059166856, 42.255067994500806 ], [ -84.213063698959132, 42.255170487089302 ], [ -84.213055427178872, 42.25545541585096 ], [ -84.213075006607227, 42.255856804911105 ], [ -84.213075812003794, 42.255982775324192 ], [ -84.213077866603868, 42.256065674287889 ], [ -84.213034458814946, 42.256177677836774 ], [ -84.212905892122947, 42.256282641649555 ] ] } },
{ "type": "Feature", "properties": { "road_id": "GL-ROAD-249", "segment_id": "GL-249-8992103800581238020040" }, "geometry": { "type": "LineString", "coordinates": [ [ -84.197248360700499, 42.25335607216784 ], [ -84.196987874436218, 42.253393463148825 ], [ -84.193983611641016, 42.253824654266118 ], [ -84.192363506077029, 42.254041837272545 ], [ -84.192063248648878, 42.254082137381978 ] ] } },
{ "type": "Feature", "properties": { "road_id": "GL-ROAD-250", "segment_id": "GL-250-8992103801891638005812" }, "geometry": { "type": "LineString", "coordinates": [ [ -84.197525954863366, 42.253307955075762 ], [ -84.197248360700499, 42.25335607216784 ] ] } },
{ "type": "Feature", "properties": { "road_id": "GL-ROAD-251", "segment_id": "GL-251-33815503802137538021376" }, "geometry": { "type": "LineString", "coordinates": [ [ -84.216359064217968, 42.277673918509642 ], [ -84.217046266433201, 42.277479033481512 ], [ -84.217704203174463, 42.277384283456641 ] ] } },
{ "type": "Feature", "properties": { "road_id": "GL-ROAD-252", "segment_id": "GL-252-33815543802137638021398" }, "geometry": { "type": "LineString", "coordinates": [ [ -84.217704203174463, 42.277384283456641 ], [ -84.217874530775404, 42.277534309222141 ], [ -84.218060410895092, 42.277669950039247 ], [ -84.218116000424942, 42.277772914677307 ], [ -84.218131686661494, 42.277801968382022 ] ] } },
{ "type": "Feature", "properties": { "road_id": "GL-ROAD-253", "segment_id": "GL-253-33815503802137638021365" }, "geometry": { "type": "LineString", "coordinates": [ [ -84.217704203174463, 42.277384283456641 ], [ -84.218204878935097, 42.277275469449322 ] ] } },
{ "type": "Feature", "properties": { "road_id": "GL-ROAD-254", "segment_id": "GL-254-33815523802137438021377" }, "geometry": { "type": "LineString", "coordinates": [ [ -84.216185906874955, 42.27772302438936 ], [ -84.21608302305377, 42.277249625716642 ], [ -84.216083299948295, 42.277134394002452 ], [ -84.216141937400138, 42.276947220007983 ], [ -84.216157981378245, 42.27672829977341 ], [ -84.216131610801114, 42.276402735638754 ], [ -84.216116690759421, 42.276154967506343 ] ] } },
{ "type": "Feature", "properties": { "road_id": "GL-ROAD-255", "segment_id": "GL-255-33815533802137738021376" }, "geometry": { "type": "LineString", "coordinates": [ [ -84.216116690759421, 42.276154967506343 ], [ -84.216349521778, 42.276120706678917 ], [ -84.216543518286244, 42.276103679047615 ], [ -84.216764551487486, 42.276135659685707 ], [ -84.216993287719234, 42.276190697270373 ], [ -84.217140528760126, 42.276260029936083 ], [ -84.217244982903651, 42.276378280242504 ], [ -84.217325990387366, 42.276568520451256 ], [ -84.217426214394891, 42.276833685279747 ], [ -84.21750344828412, 42.276980708021782 ], [ -84.217607999151852, 42.277058626593352 ], [ -84.217654281497886, 42.277171039339351 ], [ -84.217704203174463, 42.277384283456641 ] ] } },
{ "type": "Feature", "properties": { "road_id": "GL-ROAD-256", "segment_id": "GL-256-33810343801809438018091" }, "geometry": { "type": "LineString", "coordinates": [ [ -84.200550056100781, 42.275678454628377 ], [ -84.200548801378375, 42.275800606526573 ], [ -84.200556861180544, 42.275921188031361 ], [ -84.200572320908833, 42.276026401707767 ], [ -84.200612451933111, 42.276159545426268 ], [ -84.200655200641648, 42.276282405966057 ], [ -84.200707413715762, 42.276398537614504 ], [ -84.200901475721736, 42.276720964721086 ], [ -84.200927130233723, 42.276790543518437 ], [ -84.200939659383778, 42.276878603018709 ], [ -84.200924512952952, 42.276966217226814 ], [ -84.200892463167321, 42.277029257092956 ], [ -84.200826997043052, 42.277116059996636 ], [ -84.200767600380459, 42.277167442618143 ], [ -84.200672596690282, 42.277231337498336 ], [ -84.200565723713595, 42.277270739090149 ], [ -84.200429259993896, 42.277289100940372 ], [ -84.200316095862533, 42.27728540671054 ], [ -84.20008597597095, 42.277236988595035 ], [ -84.199898605029603, 42.277187075986546 ] ] } },
{ "type": "Feature", "properties": { "road_id": "GL-ROAD-257", "segment_id": "GL-257-33814263802025038020251" }, "geometry": { "type": "LineString", "coordinates": [ [ -84.24434799282912, 42.26312675516477 ], [ -84.244359021269034, 42.262375407203081 ], [ -84.244382543422745, 42.262282732931126 ], [ -84.244544356247076, 42.26209919241974 ], [ -84.245435111640077, 42.261244799627313 ] ] } },
{ "type": "Feature", "properties": { "road_id": "GL-ROAD-258", "segment_id": "GL-258-9171053800527738004562" }, "geometry": { "type": "LineString", "coordinates": [ [ -84.189444494006537, 42.260093329309584 ], [ -84.189519514048001, 42.263569481260241 ], [ -84.189583589786977, 42.269921500857706 ], [ -84.189508524584923, 42.270074383154082 ], [ -84.189427498958196, 42.270142432251738 ], [ -84.189332268810645, 42.270204915161642 ], [ -84.1884182157292, 42.270750325934067 ], [ -84.187873404479731, 42.271034516356501 ] ] } },
{ "type": "Feature", "properties": { "road_id": "GL-ROAD-259", "segment_id": "GL-259-8978033800529138018070" }, "geometry": { "type": "LineString", "coordinates": [ [ -84.204115004646098, 42.259960370555547 ], [ -84.204137081035427, 42.262072279580913 ] ] } },
{ "type": "Feature", "properties": { "road_id": "GL-ROAD-260", "segment_id": "GL-260-9171053800530438005277" }, "geometry": { "type": "LineString", "coordinates": [ [ -84.189458593515184, 42.259383325972451 ], [ -84.189444494006537, 42.260093329309584 ] ] } },
{ "type": "Feature", "properties": { "road_id": "GL-ROAD-261", "segment_id": "GL-261-33812623801987438025549" }, "geometry": { "type": "LineString", "coordinates": [ [ -84.161306197028836, 42.260585504456493 ], [ -84.161213334181156, 42.260422543211526 ], [ -84.161174175526128, 42.260305744879567 ], [ -84.161146065198977, 42.26013633084515 ], [ -84.161142992613577, 42.259926096626273 ], [ -84.161170834433946, 42.25977131426307 ], [ -84.161220752176959, 42.259654843685169 ], [ -84.161315018420254, 42.259452857490437 ], [ -84.161365245646323, 42.259326042127284 ], [ -84.161406496695108, 42.259188729974007 ], [ -84.161442355675945, 42.258940956418783 ], [ -84.161406259533621, 42.258729902581571 ], [ -84.161366658309987, 42.258615928338514 ] ] } },
{ "type": "Feature", "properties": { "road_id": "GL-ROAD-262", "segment_id": "GL-262-33812623802554938019870" }, "geometry": { "type": "LineString", "coordinates": [ [ -84.161366658309987, 42.258615928338514 ], [ -84.161358033616352, 42.258591106691085 ], [ -84.161270140703181, 42.258360870974201 ] ] } },
{ "type": "Feature", "properties": { "road_id": "GL-ROAD-263", "segment_id": "GL-263-9216043800536238005305" }, "geometry": { "type": "LineString", "coordinates": [ [ -84.210652592672361, 42.259136209514622 ], [ -84.208993543167807, 42.259738244194466 ] ] } },
{ "type": "Feature", "properties": { "road_id": "GL-ROAD-264", "segment_id": "GL-264-33812053801969538019696" }, "geometry": { "type": "LineString", "coordinates": [ [ -84.203006773753032, 42.266918000350941 ], [ -84.203032724358565, 42.266302689803986 ], [ -84.203005812588756, 42.266197809825925 ], [ -84.202953633656364, 42.266122816168703 ], [ -84.202847181858559, 42.266033342034362 ], [ -84.20268504603952, 42.26593976198297 ], [ -84.202474393739308, 42.265896372041375 ], [ -84.202144473267666, 42.265892346064803 ], [ -84.197877023347203, 42.265933612442886 ], [ -84.197757137025064, 42.265926952943161 ], [ -84.197472056283488, 42.26588935103365 ], [ -84.197287814045012, 42.26586422825573 ] ] } },
{ "type": "Feature", "properties": { "road_id": "GL-ROAD-265", "segment_id": "GL-265-9214083800488238004885" }, "geometry": { "type": "LineString", "coordinates": [ [ -84.215121616241049, 42.265990731466715 ], [ -84.215198717438795, 42.265991816511239 ], [ -84.215240001521565, 42.266004075297701 ], [ -84.215314455876324, 42.266039093742449 ], [ -84.215392532412267, 42.266083835127887 ], [ -84.215483586151791, 42.266129749760928 ], [ -84.215572964093838, 42.266143744412538 ], [ -84.215674439787207, 42.266144401098359 ], [ -84.215865531133076, 42.266145375866977 ] ] } },
{ "type": "Feature", "properties": { "road_id": "GL-ROAD-266", "segment_id": "GL-266-8978053800490338004857" }, "geometry": { "type": "LineString", "coordinates": [ [ -84.174943328623826, 42.265245662520599 ], [ -84.174966376853902, 42.266108730858285 ] ] } },
{ "type": "Feature", "properties": { "road_id": "GL-ROAD-267", "segment_id": "GL-267-8978033800626538006282" }, "geometry": { "type": "LineString", "coordinates": [ [ -84.170137324530984, 42.249350772806643 ], [ -84.174682505332086, 42.249296910190743 ] ] } },
{ "type": "Feature", "properties": { "road_id": "GL-ROAD-268", "segment_id": "GL-268-8978053800628238005518" }, "geometry": { "type": "LineString", "coordinates": [ [ -84.174682505332086, 42.249296910190743 ], [ -84.174839786429828, 42.25632904818103 ] ] } },
{ "type": "Feature", "properties": { "road_id": "GL-ROAD-269", "segment_id": "GL-269-9170103800629638006250" }, "geometry": { "type": "LineString", "coordinates": [ [ -84.211611460104223, 42.249786019333968 ], [ -84.210219572858009, 42.250050548078178 ], [ -84.209993260812652, 42.250107228883287 ] ] } },
{ "type": "Feature", "properties": { "road_id": "GL-ROAD-270", "segment_id": "GL-270-9191023800629638006076" }, "geometry": { "type": "LineString", "coordinates": [ [ -84.211611460104223, 42.249786019333968 ], [ -84.211769326610892, 42.250656661756366 ], [ -84.211830404303967, 42.250891526154035 ], [ -84.212113911884657, 42.251370362700889 ] ] } },
{ "type": "Feature", "properties": { "road_id": "GL-ROAD-271", "segment_id": "GL-271-9170103800631338006296" }, "geometry": { "type": "LineString", "coordinates": [ [ -84.212081140445292, 42.249665947434245 ], [ -84.211611460104223, 42.249786019333968 ] ] } },
{ "type": "Feature", "properties": { "road_id": "GL-ROAD-272", "segment_id": "GL-272-9170083800631338006283" }, "geometry": { "type": "LineString", "coordinates": [ [ -84.212081140445292, 42.249665947434245 ], [ -84.212273849355441, 42.24994945723445 ] ] } },
{ "type": "Feature", "properties": { "road_id": "GL-ROAD-273", "segment_id": "GL-273-03800627738006326" }, "geometry": { "type": "LineString", "coordinates": [ [ -84.218909282401185, 42.250110718513838 ], [ -84.218909946704599, 42.249657123514091 ] ] } },
{ "type": "Feature", "properties": { "road_id": "GL-ROAD-274", "segment_id": "GL-274-8978033800628238006340" }, "geometry": { "type": "LineString", "coordinates": [ [ -84.174682505332086, 42.249296910190743 ], [ -84.189790794117343, 42.249072440565008 ] ] } },
{ "type": "Feature", "properties": { "road_id": "GL-ROAD-275", "segment_id": "GL-275-33806753800634038005737" }, "geometry": { "type": "LineString", "coordinates": [ [ -84.189790794117343, 42.249072440565008 ], [ -84.189743582128585, 42.250321087629544 ], [ -84.189722181797464, 42.250516240082014 ], [ -84.189453623059407, 42.252235902218587 ], [ -84.189403277591339, 42.252977335930659 ], [ -84.189421336781663, 42.254436700355221 ] ] } },
{ "type": "Feature", "properties": { "road_id": "GL-ROAD-276", "segment_id": "GL-276-8978033800634038006342" }, "geometry": { "type": "LineString", "coordinates": [ [ -84.189790794117343, 42.249072440565008 ], [ -84.190512399074166, 42.249064745759881 ] ] } },
{ "type": "Feature", "properties": { "road_id": "GL-ROAD-277", "segment_id": "GL-277-8978033800634238006345" }, "geometry": { "type": "LineString", "coordinates": [ [ -84.190512399074166, 42.249064745759881 ], [ -84.192449249027348, 42.249071283471679 ] ] } },
{ "type": "Feature", "properties": { "road_id": "GL-ROAD-278", "segment_id": "GL-278-9171013800636438006283" }, "geometry": { "type": "LineString", "coordinates": [ [ -84.213757869992705, 42.24936892386053 ], [ -84.212273849355441, 42.24994945723445 ] ] } },
{ "type": "Feature", "properties": { "road_id": "GL-ROAD-279", "segment_id": "GL-279-33812783800546138018804" }, "geometry": { "type": "LineString", "coordinates": [ [ -84.20988114492954, 42.25762267978196 ], [ -84.20985517446826, 42.258207190974126 ], [ -84.209852645086855, 42.25823995611524 ] ] } },
{ "type": "Feature", "properties": { "road_id": "GL-ROAD-280", "segment_id": "GL-280-9216033800544738005461" }, "geometry": { "type": "LineString", "coordinates": [ [ -84.210664793590809, 42.258007272791907 ], [ -84.210319739305277, 42.257904893482326 ], [ -84.210174517802088, 42.257847311452068 ], [ -84.210025738471003, 42.257784146412163 ], [ -84.209953363294915, 42.257715300644072 ], [ -84.20988114492954, 42.25762267978196 ] ] } },
{ "type": "Feature", "properties": { "road_id": "GL-ROAD-281", "segment_id": "GL-281-33813343802005238020044" }, "geometry": { "type": "LineString", "coordinates": [ [ -84.191690538357989, 42.257368820718462 ], [ -84.191702661928232, 42.257368799208223 ], [ -84.191714786604749, 42.257368781318 ], [ -84.191726909963378, 42.257368767008494 ], [ -84.191739034454784, 42.257368755418568 ], [ -84.191751158866836, 42.25736874652867 ], [ -84.191763284385161, 42.257368741258709 ], [ -84.191775408612116, 42.257368738669101 ], [ -84.19178753399828, 42.257368737898624 ], [ -84.19179965927863, 42.257368740728566 ], [ -84.191811784506143, 42.257368745358022 ], [ -84.191823909680735, 42.257368751787034 ], [ -84.191836034776045, 42.257368760915966 ], [ -84.191848161056967, 42.257368770963723 ], [ -84.191860286046463, 42.257368783691739 ], [ -84.191872412195195, 42.25736879823895 ], [ -84.191884538317495, 42.257368813685304 ], [ -84.191896664413335, 42.257368830030778 ], [ -84.191908790456324, 42.257368848175815 ], [ -84.191920916446435, 42.257368868120352 ], [ -84.191933042436546, 42.257368888063638 ], [ -84.191945168400238, 42.257368908906074 ], [ -84.191957294337499, 42.257368930647594 ], [ -84.191969421486874, 42.257368952407496 ], [ -84.191981547397702, 42.257368975046901 ], [ -84.191993673308545, 42.257368997684985 ], [ -84.192005800431474, 42.257369020341443 ], [ -84.192017926342331, 42.257369042977011 ], [ -84.192030052253202, 42.257369065611236 ], [ -84.192042178164101, 42.257369088244246 ], [ -84.192054305313548, 42.25736910999516 ], [ -84.192066431277325, 42.257369130824749 ], [ -84.192078557241132, 42.257369151653101 ], [ -84.192090683257831, 42.25736917067929 ], [ -84.192102809274516, 42.257369189704221 ], [ -84.192114935344108, 42.257369206927059 ], [ -84.192127061466593, 42.257369222347776 ], [ -84.192139187615496, 42.257369236866793 ], [ -84.192151312578758, 42.257369250464471 ], [ -84.192163438833433, 42.25736926137931 ], [ -84.192175563928956, 42.25736927047236 ], [ -84.192187689077286, 42.257369277763352 ], [ -84.19219981427851, 42.257369283252224 ], [ -84.192211939559087, 42.257369286038589 ], [ -84.192224064892514, 42.257369287022833 ], [ -84.192236190331727, 42.25736928440412 ], [ -84.192248314611717, 42.25736927996369 ], [ -84.192260438997437, 42.257369271920354 ], [ -84.192272563462495, 42.257369261174496 ], [ -84.192284688006808, 42.257369247726132 ], [ -84.192296811444805, 42.2573692306552 ], [ -84.192308934962128, 42.257369210881734 ], [ -84.192321058611626, 42.257369186604947 ], [ -84.192333182366838, 42.25736915872519 ], [ -84.192345306227779, 42.257369127242534 ], [ -84.19235742898239, 42.257369092137331 ], [ -84.192369551869163, 42.25736905252878 ], [ -84.192381673675982, 42.257369008397248 ], [ -84.192393795588558, 42.257368960662809 ], [ -84.192405917659755, 42.257368907524572 ], [ -84.19241803983661, 42.25736885078345 ], [ -84.192430160960015, 42.25736878861894 ], [ -84.19244228224197, 42.257368721050675 ], [ -84.192454403656086, 42.257368648979096 ], [ -84.192466524016695, 42.257368571484072 ], [ -84.19247864332381, 42.257368488565731 ], [ -84.19249076397513, 42.257368401163639 ], [ -84.192502883625821, 42.257368306537344 ], [ -84.192515002196544, 42.257368207388112 ], [ -84.192527120952249, 42.257368101934674 ], [ -84.192539239892966, 42.257367990177073 ], [ -84.192551357806593, 42.257367872095735 ], [ -84.192563475905175, 42.257367747710191 ], [ -84.192575592976667, 42.257367617000881 ], [ -84.192587710233141, 42.257367479987394 ], [ -84.192599827701031, 42.257367335769338 ], [ -84.192611942929716, 42.257367185207869 ], [ -84.192624059608306, 42.257367026561006 ], [ -84.192636204587615, 42.257366853957897 ], [ -84.192648395206803, 42.257366655067663 ], [ -84.192660620768521, 42.257366422510252 ], [ -84.192672873026126, 42.257366148044568 ], [ -84.192685141282297, 42.257365824290481 ], [ -84.192697416078175, 42.257365442987364 ], [ -84.192709685478036, 42.257364997635861 ], [ -84.192721942473497, 42.257364479114088 ], [ -84.192734175155309, 42.25736388002251 ], [ -84.192746374011733, 42.25736319390105 ], [ -84.192758530848849, 42.257362410707834 ], [ -84.192770632492326, 42.257361524824425 ], [ -84.192782670695351, 42.257360528009741 ], [ -84.192794635999149, 42.257359412002948 ], [ -84.192806518918403, 42.257358169443762 ], [ -84.192818307543661, 42.257356792932598 ], [ -84.192829993628138, 42.257355274228296 ], [ -84.192841565288887, 42.257353605030929 ], [ -84.192852207632029, 42.257350338905475 ], [ -84.192861368956258, 42.257344482298485 ], [ -84.192869798924718, 42.25733734906597 ], [ -84.192882032844793, 42.257327576729239 ] ] } },
{ "type": "Feature", "properties": { "road_id": "GL-ROAD-282", "segment_id": "GL-282-33813423802004438020045" }, "geometry": { "type": "LineString", "coordinates": [ [ -84.192882032844793, 42.257327576729239 ], [ -84.192887902379226, 42.257335458656478 ], [ -84.192893782982438, 42.257343335357653 ], [ -84.192899676999275, 42.257351209573223 ], [ -84.192905582084833, 42.257359078562693 ], [ -84.19291149815993, 42.257366945027307 ], [ -84.192917424012393, 42.257374808947475 ], [ -84.192923358456611, 42.257382669403071 ], [ -84.192929302678237, 42.257390527314122 ], [ -84.192935253041014, 42.257398382621865 ], [ -84.192941210757041, 42.257406235345762 ], [ -84.192947174561397, 42.257414087267136 ], [ -84.19295314450693, 42.257421936585096 ], [ -84.192959118143008, 42.257429784160827 ], [ -84.192965096655357, 42.257437630914325 ], [ -84.192971077619731, 42.25744547680636 ], [ -84.192977061036231, 42.257453321836927 ], [ -84.192983046878382, 42.257461166906459 ], [ -84.192989032748386, 42.257469011075244 ], [ -84.192995019832026, 42.257476855263334 ], [ -84.193001005704971, 42.257484699431458 ], [ -84.193006990367394, 42.257492543579609 ], [ -84.193012972554257, 42.257500389489024 ], [ -84.193018952318425, 42.257508235358898 ], [ -84.193024928394962, 42.257516082970355 ], [ -84.193030900810328, 42.257523931422952 ], [ -84.193036868325947, 42.257531781597599 ], [ -84.193042828491329, 42.257539634355375 ], [ -84.193048783783368, 42.257547487934673 ], [ -84.193054731698695, 42.257555344997549 ], [ -84.193060671078044, 42.257563203723478 ], [ -84.193066600656437, 42.257571065893735 ], [ -84.193072522884606, 42.257578930647092 ], [ -84.193078432914035, 42.257586797905127 ], [ -84.193084333116175, 42.25759466950781 ], [ -84.193090221066782, 42.257602545415935 ], [ -84.193096096818735, 42.257610423828716 ], [ -84.193101959080607, 42.257618307427698 ], [ -84.193107807878945, 42.257626195312504 ], [ -84.193113642001506, 42.257634087463529 ], [ -84.193119460209914, 42.257641984761506 ], [ -84.193125262504068, 42.257649887206455 ], [ -84.193131047645466, 42.257657795679172 ], [ -84.193136814474897, 42.257665708359212 ], [ -84.193142564125196, 42.257673627967407 ], [ -84.193148292986422, 42.257681553544501 ], [ -84.193154003482846, 42.257689485129731 ], [ -84.193159691978124, 42.257697422664222 ], [ -84.19316535963155, 42.257705367968413 ], [ -84.193171005257412, 42.257713320122292 ], [ -84.193176628855724, 42.257721279125896 ], [ -84.193182226763781, 42.257729245820634 ], [ -84.19318780140577, 42.257737220245872 ], [ -84.193193351569562, 42.257745202381933 ], [ -84.193198874804594, 42.257753193090011 ], [ -84.193204362520461, 42.25776119583432 ], [ -84.193209567758103, 42.257769320121362 ], [ -84.193214382690797, 42.257777603841923 ], [ -84.193218822497812, 42.257786025621719 ], [ -84.193222902252444, 42.257794567688101 ], [ -84.193226634683313, 42.257803209527914 ], [ -84.193230036128654, 42.257811931587369 ], [ -84.193233119264178, 42.257820715154075 ], [ -84.193235899216191, 42.257829540654555 ], [ -84.19323838871307, 42.257838387575674 ], [ -84.193240604066958, 42.257847237264023 ], [ -84.193242569862861, 42.257856078406753 ], [ -84.193244361564084, 42.257864942854475 ], [ -84.193245999564752, 42.257873838144242 ], [ -84.193247491295821, 42.257882758991279 ], [ -84.193248840446358, 42.257891703653712 ], [ -84.193250056792294, 42.257900669587308 ], [ -84.193251145261328, 42.257909654169325 ], [ -84.193252112045826, 42.257918652995933 ], [ -84.193252964471171, 42.257927664384049 ], [ -84.193253709915638, 42.257936684849739 ], [ -84.193254353306727, 42.257945711770354 ], [ -84.193254901969809, 42.25795474346279 ], [ -84.193255363336007, 42.257963774642413 ], [ -84.19325574228003, 42.257972804487281 ], [ -84.193256046206486, 42.25798182861309 ], [ -84.193256283652858, 42.257990845356481 ], [ -84.193256457122601, 42.257999852055434 ], [ -84.193256585956277, 42.258008850824801 ], [ -84.193256683249174, 42.25801784998427 ], [ -84.19325675142538, 42.258026849573014 ], [ -84.193256791670635, 42.258035850511135 ], [ -84.193256805223413, 42.258044851917838 ], [ -84.193256793295802, 42.258053853812726 ], [ -84.193256755887759, 42.258062856195799 ], [ -84.193256695449833, 42.258071858205945 ], [ -84.193256613141415, 42.258080861663615 ], [ -84.19325650898881, 42.258089865668325 ], [ -84.193256386628349, 42.258098870279007 ], [ -84.193256244874306, 42.258107874575643 ], [ -84.193256084912377, 42.258116879478294 ], [ -84.193255910378824, 42.258125885045715 ], [ -84.193255718875875, 42.258134890338347 ], [ -84.193255515225502, 42.258143896335106 ], [ -84.193255298215576, 42.258152903016345 ], [ -84.193255070296701, 42.258161909520894 ], [ -84.193254831442502, 42.258170916749215 ], [ -84.193254582917874, 42.258179922920093 ], [ -84.193254328279821, 42.258188930793608 ], [ -84.193254065183453, 42.258197937629312 ], [ -84.193253797212179, 42.258206945286894 ], [ -84.193253525604561, 42.258215952885564 ], [ -84.193253250360542, 42.258224960425316 ], [ -84.193252972692264, 42.258233967925854 ], [ -84.193252695023887, 42.258242975426349 ], [ -84.193252417355481, 42.258251982926801 ], [ -84.193252140899006, 42.258260990446907 ], [ -84.19325186807886, 42.258269998025852 ], [ -84.193251598894832, 42.258279005663667 ], [ -84.193251334559164, 42.258288013380024 ], [ -84.193251077522447, 42.258297020313677 ], [ -84.193250827758206, 42.258306027365101 ], [ -84.193250586478626, 42.258315034553945 ], [ -84.193250354922171, 42.258324040999348 ], [ -84.193250134300996, 42.258333046720963 ], [ -84.193249926986425, 42.258342053558906 ], [ -84.19324956881502, 42.258359217756691 ] ] } },
{ "type": "Feature", "properties": { "road_id": "GL-ROAD-283", "segment_id": "GL-283-8978053800548138004903" }, "geometry": { "type": "LineString", "coordinates": [ [ -84.174859607905134, 42.256960770957996 ], [ -84.174943328623826, 42.265245662520599 ] ] } },
{ "type": "Feature", "properties": { "road_id": "GL-ROAD-284", "segment_id": "GL-284-8992103800550238005260" }, "geometry": { "type": "LineString", "coordinates": [ [ -84.173860640942493, 42.256614125681246 ], [ -84.163087198121374, 42.260031018420946 ] ] } },
{ "type": "Feature", "properties": { "road_id": "GL-ROAD-285", "segment_id": "GL-285-33813453802005038020053" }, "geometry": { "type": "LineString", "coordinates": [ [ -84.190856709524112, 42.256698473813721 ], [ -84.19084458603588, 42.256698661889374 ], [ -84.190832458254945, 42.256698830976475 ], [ -84.190820324942734, 42.2566989819558 ], [ -84.19080818604634, 42.256699116628177 ], [ -84.190796043963473, 42.256699235933326 ], [ -84.190783898667704, 42.256699340771618 ], [ -84.190771748920426, 42.256699432023879 ], [ -84.190759595880905, 42.25669951151054 ], [ -84.190747439549128, 42.256699579231579 ], [ -84.190735279872129, 42.256699636987847 ], [ -84.190723119247636, 42.256699685719063 ], [ -84.190710955225015, 42.256699726286321 ], [ -84.190698788989977, 42.256699759609702 ], [ -84.19068662291366, 42.256699787529321 ], [ -84.190674454545459, 42.256699810906312 ], [ -84.190662285071056, 42.256699830660686 ], [ -84.190650114463935, 42.256699847692865 ], [ -84.190637943883303, 42.256699863823371 ], [ -84.190625773329089, 42.256699879052121 ], [ -84.190613602748414, 42.25669989518007 ], [ -84.19060143332689, 42.25669991312715 ], [ -84.190589263825999, 42.256699933774172 ], [ -84.190577095431337, 42.256699958041224 ], [ -84.190564929301999, 42.256699987748782 ], [ -84.190552764199523, 42.256700023777597 ], [ -84.190540601309451, 42.256700067047689 ], [ -84.190528440605419, 42.256700118459477 ], [ -84.190516282060827, 42.256700178913448 ], [ -84.190504126834895, 42.25670025023004 ], [ -84.19049197490115, 42.256700333309645 ], [ -84.190479826233116, 42.256700429052664 ], [ -84.190467682042808, 42.256700537478793 ], [ -84.190455541012369, 42.256700662170047 ], [ -84.190443404380346, 42.256700802245597 ], [ -84.190431272120165, 42.25670095860594 ], [ -84.190419145364558, 42.256701133971873 ], [ -84.190407024113497, 42.256701328343489 ], [ -84.190394908340565, 42.25670154262113 ], [ -84.190382797992726, 42.256701778605674 ], [ -84.190370694282095, 42.256702036316746 ], [ -84.190358595917203, 42.256702318435913 ], [ -84.190346505322182, 42.256702625002553 ], [ -84.190334421258427, 42.256702956897357 ], [ -84.190322344911579, 42.256703315040419 ], [ -84.190310276202212, 42.256703702133009 ], [ -84.190298215156773, 42.25670411727468 ], [ -84.19028616169588, 42.256704563166629 ], [ -84.190274118243622, 42.256705039848278 ], [ -84.190262082349392, 42.256705548180669 ], [ -84.190250056357911, 42.256706090904309 ], [ -84.190238039083511, 42.256706667099202 ], [ -84.190226031658938, 42.256707279486221 ], [ -84.190214035322654, 42.256707927184628 ], [ -84.190202047544602, 42.256708613756729 ], [ -84.190190071987516, 42.256709338361091 ], [ -84.190178049307178, 42.256710345964528 ], [ -84.190165963873127, 42.256711879540362 ], [ -84.190153878373849, 42.256713910377698 ], [ -84.190141857869165, 42.256716411605829 ], [ -84.190129966233215, 42.256719355434115 ], [ -84.190118268552368, 42.256722714091346 ], [ -84.19010682627669, 42.256726459747647 ], [ -84.190095706863787, 42.256730566472093 ], [ -84.190084973055448, 42.256735003753136 ], [ -84.190074689858619, 42.256739746521113 ], [ -84.190064919962225, 42.256744766065282 ], [ -84.190055686369092, 42.256750063659801 ], [ -84.190046593933232, 42.256755922064443 ], [ -84.190037651662763, 42.256762364847241 ], [ -84.190029009732669, 42.256769316071249 ], [ -84.190020821927646, 42.256776700759033 ], [ -84.190013240741109, 42.256784446614802 ], [ -84.190006417586972, 42.256792476820898 ], [ -84.190000506197336, 42.256800718200886 ], [ -84.189995659145438, 42.256809095757674 ], [ -84.189992026580484, 42.256817534455031 ], [ -84.189989763447144, 42.256825961135959 ], [ -84.189988517737177, 42.25683442864468 ], [ -84.189987821025227, 42.256843031177276 ], [ -84.18998763502816, 42.25685175099656 ], [ -84.189987920118398, 42.256860574847991 ], [ -84.189988636747785, 42.25686948677572 ], [ -84.189989745341677, 42.256878471724214 ], [ -84.189991207537432, 42.256887514657755 ], [ -84.189992983786951, 42.256896599620461 ], [ -84.189995034488902, 42.256905712457247 ], [ -84.189997320121563, 42.256914836311807 ], [ -84.189999801030766, 42.256923958829987 ], [ -84.190002438933178, 42.256933062274754 ], [ -84.190005193041912, 42.256942131570923 ], [ -84.190008026153365, 42.256951153503238 ], [ -84.190010896321454, 42.256960111176113 ], [ -84.190013766395438, 42.25696898957343 ], [ -84.19001659677393, 42.256977774540132 ], [ -84.190019430165137, 42.256986498298474 ], [ -84.190022355912831, 42.25699521544739 ], [ -84.190025374043628, 42.257003925086423 ], [ -84.190028483371876, 42.257012626295555 ], [ -84.190031683977068, 42.257021316373532 ], [ -84.190034973435047, 42.257029995280988 ], [ -84.190038353010863, 42.257038661236791 ], [ -84.190041820333391, 42.257047312400744 ], [ -84.190045375429065, 42.257055947872452 ], [ -84.190049018324444, 42.257064566751559 ], [ -84.190052745462722, 42.257073166277742 ], [ -84.190056559294547, 42.257081745589907 ], [ -84.190060457395774, 42.257090304648827 ], [ -84.190064439845841, 42.257098840753144 ], [ -84.190068505485669, 42.257107352082421 ], [ -84.190072651891143, 42.257115838597329 ], [ -84.190076881565801, 42.257124297635876 ], [ -84.190081190873457, 42.257132729139229 ], [ -84.19008558110562, 42.257141130425623 ], [ -84.190090051050248, 42.257149501475531 ], [ -84.190094598362677, 42.257157839548277 ], [ -84.190099221777828, 42.257166146425099 ], [ -84.190103875654842, 42.257174448390764 ], [ -84.190108548767554, 42.25718275607332 ], [ -84.190113242460285, 42.257191064990316 ], [ -84.190117961581407, 42.257199375220431 ], [ -84.190122707422461, 42.257207684082061 ], [ -84.190127482513347, 42.257215988012845 ], [ -84.190132290463936, 42.257224287972278 ], [ -84.190137135042747, 42.257232579517201 ], [ -84.190142017514873, 42.257240860866503 ], [ -84.19014694275505, 42.257249131198343 ], [ -84.190151910842701, 42.257257387811549 ], [ -84.190156926679094, 42.257265628983937 ], [ -84.190161992767827, 42.257273852053551 ], [ -84.190167111585978, 42.257282055258898 ], [ -84.190172286796226, 42.257290237758539 ], [ -84.19017752095516, 42.257298395089734 ], [ -84.190182816460421, 42.257306528192245 ], [ -84.19018817586857, 42.257314632603276 ], [ -84.190193602842243, 42.257322707481428 ], [ -84.190199099885135, 42.257330750164741 ], [ -84.190204670659838, 42.25733875981183 ], [ -84.190210316484425, 42.257346732840674 ], [ -84.190216042233629, 42.257354668429507 ], [ -84.19022184796043, 42.257362564777438 ], [ -84.19022773983113, 42.257370418381178 ], [ -84.19023371908429, 42.257378228359926 ], [ -84.190239788196948, 42.25738599295223 ], [ -84.190245950884872, 42.25739370951576 ], [ -84.190252208412971, 42.257401376269321 ], [ -84.190258564417647, 42.257408993271902 ], [ -84.190264998843887, 42.257416582719252 ], [ -84.190271507896753, 42.257424149954758 ], [ -84.190278089178534, 42.257431694038743 ], [ -84.19028474392772, 42.257439214090454 ], [ -84.190291468561156, 42.257446708249979 ], [ -84.190298264264356, 42.257454177437488 ], [ -84.190305128666196, 42.257461619812794 ], [ -84.190312060554547, 42.257469035356195 ], [ -84.190319058770271, 42.257476422247194 ], [ -84.190326123313426, 42.257483780485821 ], [ -84.190333252998357, 42.257491109151992 ], [ -84.190340445400963, 42.257498408206324 ], [ -84.190347700574108, 42.257505675848016 ], [ -84.190355017332266, 42.257512911157001 ], [ -84.190362394436832, 42.257520115013996 ], [ -84.190369830755202, 42.257527284698135 ], [ -84.190377325075232, 42.257534420189693 ], [ -84.190384877396951, 42.257541521488704 ], [ -84.190392485349122, 42.257548586755 ], [ -84.190400148958219, 42.257555615088158 ], [ -84.190407865773651, 42.257562607349236 ], [ -84.190415635874757, 42.257569560837027 ], [ -84.190423458022963, 42.25757647643232 ], [ -84.190431331059216, 42.257583352314533 ], [ -84.190439253771373, 42.257590188464036 ], [ -84.19044722500027, 42.257596983060303 ], [ -84.190455244745891, 42.257603736103391 ], [ -84.190463309398552, 42.257610446633862 ], [ -84.190471421382242, 42.257617114691016 ], [ -84.190479577140223, 42.257623737514656 ], [ -84.19048777540749, 42.257630316885923 ], [ -84.19049603441816, 42.257636851298869 ], [ -84.190504380758796, 42.257643343887224 ], [ -84.19051281327026, 42.257649792830371 ], [ -84.190521329528309, 42.257656198089087 ], [ -84.190529929612339, 42.257662556962011 ], [ -84.190538609912664, 42.257668868489837 ], [ -84.190547369217114, 42.257675132652871 ], [ -84.190556206366537, 42.257681347630573 ], [ -84.190565118963292, 42.257687512483244 ], [ -84.190574104636013, 42.257693625370671 ], [ -84.190583160960628, 42.257699686253666 ], [ -84.190592287990015, 42.25770569333126 ], [ -84.190601483352935, 42.257711644763305 ], [ -84.190610744598658, 42.257717541410926 ], [ -84.190620069408979, 42.257723379633148 ], [ -84.190629457757353, 42.257729160330378 ], [ -84.190638906086946, 42.257734880742319 ], [ -84.190648413185585, 42.257740540849433 ], [ -84.190657976682047, 42.25774613881147 ], [ -84.190667595364232, 42.257751674608784 ], [ -84.190677266887334, 42.257757145500804 ], [ -84.190686990039211, 42.257762551467927 ], [ -84.190696763660725, 42.257767890689614 ], [ -84.190706584141992, 42.257773162206469 ], [ -84.190716450270926, 42.257778365998831 ], [ -84.19072635972924, 42.257783498425731 ], [ -84.190736312490372, 42.257788560387603 ], [ -84.190746327026659, 42.25779354227469 ], [ -84.190756433984291, 42.257798432873038 ], [ -84.190766628356144, 42.257803237506465 ], [ -84.19077690645301, 42.257807957916789 ], [ -84.190787262055679, 42.257812599408162 ], [ -84.190797691448424, 42.257817164622899 ], [ -84.190808190836322, 42.257821658904426 ], [ -84.190818754079444, 42.257826084855694 ], [ -84.190829377409244, 42.25783044691979 ], [ -84.190840057083633, 42.257834748639439 ], [ -84.190850786936267, 42.257838993517865 ], [ -84.190861563198595, 42.257843185998262 ], [ -84.19087238091646, 42.257847329603635 ], [ -84.190883236347688, 42.257851427876567 ], [ -84.190894123299586, 42.257855485220951 ], [ -84.190905039268557, 42.257859504298644 ], [ -84.190915978035378, 42.257863490413826 ], [ -84.19092693588442, 42.25786744620877 ], [ -84.190937907835092, 42.257871376106948 ], [ -84.190948888933093, 42.257875283631385 ], [ -84.190959875409916, 42.257879173225142 ], [ -84.190970862337892, 42.257883047510887 ], [ -84.190981845948372, 42.257886910931674 ], [ -84.190992818862981, 42.257890766971194 ], [ -84.191003779737443, 42.257894620111998 ], [ -84.191014722405399, 42.257898473857345 ], [ -84.191025643124803, 42.25790233174996 ], [ -84.191036583248589, 42.257906107078838 ], [ -84.191048035578007, 42.257908834926738 ], [ -84.191059944236216, 42.257910642306818 ], [ -84.191072065614406, 42.257912019830414 ], [ -84.191089980401188, 42.25791432996148 ] ] } },
{ "type": "Feature", "properties": { "road_id": "GL-ROAD-286", "segment_id": "GL-286-33813343802004138025529" }, "geometry": { "type": "LineString", "coordinates": [ [ -84.19213184747538, 42.255292499947153 ], [ -84.19213175045472, 42.255301090587743 ], [ -84.192119844619711, 42.255301763369516 ], [ -84.192107925610642, 42.255302430531522 ], [ -84.192095993480436, 42.255303090272974 ], [ -84.192084048176071, 42.255303744394659 ], [ -84.192072090909704, 42.255304392916223 ], [ -84.192060121707769, 42.255305034937273 ], [ -84.192048140543804, 42.255305671358151 ], [ -84.192036148656285, 42.255306301298155 ], [ -84.192024144780319, 42.255306926538417 ], [ -84.192012131366425, 42.2553075462178 ], [ -84.192000106016948, 42.255308159396655 ], [ -84.191988072315183, 42.2553087679347 ], [ -84.191976027863447, 42.255309370892228 ], [ -84.191963975085827, 42.255309968308531 ], [ -84.191951912743818, 42.255310561064356 ], [ -84.191939842075996, 42.255311148278977 ], [ -84.191927764267831, 42.255311730872386 ], [ -84.191915676895363, 42.255312308805358 ], [ -84.191903583621155, 42.255312881236343 ], [ -84.191891481968128, 42.255313449926945 ], [ -84.191879374413375, 42.255314013115559 ], [ -84.191867259718379, 42.255314571683002 ], [ -84.191855140280722, 42.255315126568895 ], [ -84.191843013729269, 42.255315675933197 ], [ -84.191830882435241, 42.255316221616063 ], [ -84.191818746398596, 42.255316763617351 ], [ -84.191806604433737, 42.255317301017101 ], [ -84.191794460176823, 42.255317833874237 ], [ -84.191782309965234, 42.255318363030227 ], [ -84.191770157408712, 42.255318889444368 ], [ -84.191758001374495, 42.255319410395842 ], [ -84.19175428488991, 42.255319569065051 ], [ -84.191745842995388, 42.255319928605509 ], [ -84.191733681085708, 42.255320443153295 ], [ -84.191721516857484, 42.255320954058895 ], [ -84.191709351496371, 42.255321462242264 ], [ -84.191701660203208, 42.255321780795541 ] ] } },
{ "type": "Feature", "properties": { "road_id": "GL-ROAD-287", "segment_id": "GL-287-33813353802005538020041" }, "geometry": { "type": "LineString", "coordinates": [ [ -84.192946597187529, 42.255370782428407 ], [ -84.192938089436609, 42.255364213531067 ], [ -84.192929887365679, 42.255357269429801 ], [ -84.192921475274588, 42.255350581367999 ], [ -84.192912340993672, 42.25534478424953 ], [ -84.192902005425083, 42.255340460364224 ], [ -84.192891128107618, 42.255336663702622 ], [ -84.192880139997158, 42.255332840922712 ], [ -84.192869043461286, 42.255329035303141 ], [ -84.192857845768657, 42.255325288400208 ], [ -84.192846549392641, 42.255321639890923 ], [ -84.192835159124854, 42.255318133093169 ], [ -84.192823682286658, 42.25531480776246 ], [ -84.192812120059997, 42.255311706257459 ], [ -84.192800479739759, 42.255308869234049 ], [ -84.192788764931876, 42.255306339090133 ], [ -84.19277698053348, 42.255304155541943 ], [ -84.192765132548104, 42.255302361927022 ], [ -84.1927532234224, 42.255300998822825 ], [ -84.192741259582576, 42.255300095160273 ], [ -84.192729273435873, 42.255299373104805 ], [ -84.192717275033118, 42.255298696792373 ], [ -84.192705266851334, 42.255298064461442 ], [ -84.192693248890436, 42.255297476112013 ], [ -84.192681219991243, 42.255296929923574 ], [ -84.192669182657099, 42.255296423234142 ], [ -84.192657135675915, 42.255295956024227 ], [ -84.192645079127004, 42.255295525592402 ], [ -84.192633014222309, 42.255295131958405 ], [ -84.192620942253257, 42.255294772440649 ], [ -84.192608860822091, 42.255294446099377 ], [ -84.192596773591333, 42.255294152093121 ], [ -84.192584676977773, 42.255293888562157 ], [ -84.192572574670379, 42.255293653764575 ], [ -84.192560466695483, 42.255293446799904 ], [ -84.192548351920394, 42.255293264947305 ], [ -84.192536230318666, 42.255293109107207 ], [ -84.192524104420031, 42.255292975717182 ], [ -84.192511971800471, 42.255292864738045 ], [ -84.192499836148897, 42.255292774427787 ], [ -84.192487695120604, 42.255292702045914 ], [ -84.192475549901118, 42.255292648512523 ], [ -84.192463400596154, 42.255292610225936 ], [ -84.19245124841774, 42.255292587205794 ], [ -84.192439092206726, 42.255292577631657 ], [ -84.192426934413618, 42.255292580642298 ], [ -84.19241477269361, 42.255292593497288 ], [ -84.19240260949725, 42.255292615335492 ], [ -84.192390444850901, 42.255292645256453 ], [ -84.192378278807453, 42.255292681459359 ], [ -84.192366110207786, 42.255292722123798 ], [ -84.192353941502304, 42.255292766388585 ], [ -84.192341772717583, 42.2552928133533 ], [ -84.192329603932777, 42.255292860316693 ], [ -84.192317435174431, 42.255292906378465 ], [ -84.192305266468921, 42.255292950638051 ], [ -84.192293099081169, 42.255292991314377 ], [ -84.19228093306404, 42.255293026606545 ], [ -84.19226876844408, 42.255293055614239 ], [ -84.192256605273982, 42.255293076536532 ], [ -84.192244443580307, 42.255293088473032 ], [ -84.192232285866439, 42.255293088761888 ], [ -84.192220130893887, 42.255293078283707 ], [ -84.192207978768394, 42.255293053437008 ], [ -84.192195829516422, 42.25529301332125 ], [ -84.192183685562043, 42.25529295797579 ], [ -84.192171544586998, 42.255292883759665 ], [ -84.192159409015289, 42.25529279071219 ], [ -84.192147277687837, 42.255292677012839 ], [ -84.19213184747538, 42.255292499947153 ] ] } },
{ "type": "Feature", "properties": { "road_id": "GL-ROAD-288", "segment_id": "GL-288-8978033800567138005591" }, "geometry": { "type": "LineString", "coordinates": [ [ -84.20407866146391, 42.255351651515184 ], [ -84.204066262073013, 42.255926898722656 ] ] } },
{ "type": "Feature", "properties": { "road_id": "GL-ROAD-289", "segment_id": "GL-289-33813433802005538020056" }, "geometry": { "type": "LineString", "coordinates": [ [ -84.192946597187529, 42.255370782428407 ], [ -84.192953663508035, 42.255363455944618 ], [ -84.192960846073731, 42.25535617638527 ], [ -84.192968092136084, 42.255348923077406 ], [ -84.192975352556303, 42.255341676307545 ], [ -84.192982578248461, 42.255334414561318 ], [ -84.192989716437651, 42.255327118066333 ], [ -84.192996719276351, 42.255319764427448 ], [ -84.193003533963363, 42.255312334772682 ], [ -84.193010112624791, 42.255304807607381 ], [ -84.193016406201195, 42.255297160516811 ], [ -84.193022393913438, 42.255289275154482 ], [ -84.193027941859242, 42.255281127731507 ], [ -84.193032859454121, 42.255272766509044 ], [ -84.193036958432003, 42.255264243389199 ], [ -84.193040046970253, 42.255255607513959 ], [ -84.193041978253746, 42.255246861910507 ], [ -84.193042904029369, 42.255237959490501 ], [ -84.193043105619466, 42.255228941744775 ], [ -84.19304286658533, 42.255219856506258 ], [ -84.193042473017968, 42.255210748045542 ], [ -84.193042206027812, 42.255201665056759 ], [ -84.19304230222329, 42.255192643802268 ], [ -84.193042488898882, 42.255183638426658 ], [ -84.193042674362388, 42.255174633031402 ], [ -84.193042854951244, 42.255165628458052 ], [ -84.193043034354488, 42.255156622964599 ], [ -84.193043210121516, 42.255147617412277 ], [ -84.193043383437995, 42.255138612721062 ], [ -84.193043555568821, 42.255129607109772 ], [ -84.193043725275501, 42.25512060145924 ], [ -84.19304389377011, 42.255111595789046 ], [ -84.19304405981417, 42.255102590980002 ], [ -84.193044225884591, 42.255093585270536 ], [ -84.193044390742926, 42.255084579541425 ], [ -84.193044555574772, 42.255075574712698 ], [ -84.193044719221007, 42.255066568963898 ], [ -84.193044881655112, 42.255057563195464 ], [ -84.193045045274829, 42.255048558347092 ], [ -84.193045208920893, 42.255039552598262 ], [ -84.193045373778915, 42.25503054686903 ], [ -84.193045538610491, 42.255021542040225 ], [ -84.1930457046805, 42.255012536330611 ], [ -84.193045871962454, 42.255003530640607 ], [ -84.193046129729282, 42.254989788898904 ] ] } },
{ "type": "Feature", "properties": { "road_id": "GL-ROAD-290", "segment_id": "GL-290-9191073800570838005671" }, "geometry": { "type": "LineString", "coordinates": [ [ -84.206831231258548, 42.25506431440715 ], [ -84.205898901542795, 42.255166064553286 ], [ -84.20407866146391, 42.255351651515184 ] ] } },
{ "type": "Feature", "properties": { "road_id": "GL-ROAD-291", "segment_id": "GL-291-33812783800572438005461" }, "geometry": { "type": "LineString", "coordinates": [ [ -84.210422209465662, 42.254881357616107 ], [ -84.210053641904608, 42.256136150973013 ], [ -84.209905225663661, 42.256948349182366 ], [ -84.209873263681217, 42.25747637106042 ], [ -84.20988114492954, 42.25762267978196 ] ] } },
{ "type": "Feature", "properties": { "road_id": "GL-ROAD-292", "segment_id": "GL-292-9191073800572438005708" }, "geometry": { "type": "LineString", "coordinates": [ [ -84.210422209465662, 42.254881357616107 ], [ -84.210237075334206, 42.254874383700397 ], [ -84.208920106644797, 42.254863757999615 ], [ -84.206831231258548, 42.25506431440715 ] ] } },
{ "type": "Feature", "properties": { "road_id": "GL-ROAD-293", "segment_id": "GL-293-8978033800573238005671" }, "geometry": { "type": "LineString", "coordinates": [ [ -84.204066400488799, 42.254716278980048 ], [ -84.20407866146391, 42.255351651515184 ] ] } },
{ "type": "Feature", "properties": { "road_id": "GL-ROAD-294", "segment_id": "GL-294-8992103800573738005518" }, "geometry": { "type": "LineString", "coordinates": [ [ -84.189421336781663, 42.254436700355221 ], [ -84.175495904489466, 42.256194719514646 ], [ -84.17515604888753, 42.256250907415662 ], [ -84.174839786429828, 42.25632904818103 ] ] } },
{ "type": "Feature", "properties": { "road_id": "GL-ROAD-295", "segment_id": "GL-295-9171053800573738005304" }, "geometry": { "type": "LineString", "coordinates": [ [ -84.189421336781663, 42.254436700355221 ], [ -84.189402509756277, 42.256173230076747 ], [ -84.189458593515184, 42.259383325972451 ] ] } },
{ "type": "Feature", "properties": { "road_id": "GL-ROAD-296", "segment_id": "GL-296-9169093800563838021773" }, "geometry": { "type": "LineString", "coordinates": [ [ -84.228434222952387, 42.255996273992963 ], [ -84.22824906807422, 42.255998248033499 ], [ -84.225027116971944, 42.256007953700127 ], [ -84.224760562032444, 42.255996815601577 ], [ -84.224494872920602, 42.255949280803449 ], [ -84.224378890923944, 42.255906778602373 ], [ -84.224268776496487, 42.255857483748592 ], [ -84.224098182866882, 42.255764613543924 ], [ -84.224012198512384, 42.255689358752058 ], [ -84.223921913944139, 42.255593952229503 ], [ -84.223859421141057, 42.25550053321642 ], [ -84.223805989250039, 42.255392615444748 ], [ -84.223757295152652, 42.255218947427011 ], [ -84.223737077586463, 42.255051053297947 ], [ -84.223691809588601, 42.254882761030338 ], [ -84.223680589250549, 42.254859029112986 ], [ -84.223678088737699, 42.254853740126251 ] ] } },
{ "type": "Feature", "properties": { "road_id": "GL-ROAD-297", "segment_id": "GL-297-33811193801891638018919" }, "geometry": { "type": "LineString", "coordinates": [ [ -84.197525954863366, 42.253307955075762 ], [ -84.197591741047361, 42.253522841202503 ], [ -84.197620772126271, 42.253661208913719 ], [ -84.197634946978809, 42.253759636606148 ], [ -84.19762918014851, 42.254155290159801 ], [ -84.197667090535106, 42.254263823174639 ], [ -84.19773268746232, 42.254353578664123 ], [ -84.197810092259573, 42.254474134475593 ], [ -84.197849970730971, 42.254641053755748 ], [ -84.197836159412461, 42.255907078546898 ], [ -84.197800899204211, 42.256068535592604 ], [ -84.197722701058225, 42.256206615841279 ], [ -84.197628578181309, 42.256292589184589 ], [ -84.197500524990673, 42.256345609269651 ], [ -84.197377588830278, 42.256372788459736 ], [ -84.197319419478887, 42.256376694142965 ] ] } },
{ "type": "Feature", "properties": { "road_id": "GL-ROAD-298", "segment_id": "GL-298-33812783800586138005770" }, "geometry": { "type": "LineString", "coordinates": [ [ -84.210789785118564, 42.253216054913317 ], [ -84.210682316641709, 42.254011133172369 ], [ -84.210659901394848, 42.254100047338987 ] ] } },
{ "type": "Feature", "properties": { "road_id": "GL-ROAD-299", "segment_id": "GL-299-8992103800586538018916" }, "geometry": { "type": "LineString", "coordinates": [ [ -84.199166631416063, 42.253023550854863 ], [ -84.197525954863366, 42.253307955075762 ] ] } },
{ "type": "Feature", "properties": { "road_id": "GL-ROAD-300", "segment_id": "GL-300-9169053800589238005137" }, "geometry": { "type": "LineString", "coordinates": [ [ -84.238031023091864, 42.253287347322583 ], [ -84.23813206390102, 42.254381127904573 ], [ -84.238201455086084, 42.255800838142619 ], [ -84.238220319538257, 42.256498420004988 ], [ -84.238249101129682, 42.257868017046576 ], [ -84.238279261212639, 42.263151057611282 ] ] } },
{ "type": "Feature", "properties": { "road_id": "GL-ROAD-301", "segment_id": "GL-301-9170083800589738005787" }, "geometry": { "type": "LineString", "coordinates": [ [ -84.2139122609981, 42.252900973001779 ], [ -84.213894969510335, 42.253930736768368 ], [ -84.213874563526147, 42.25404007498576 ] ] } },
{ "type": "Feature", "properties": { "road_id": "GL-ROAD-302", "segment_id": "GL-302-8992103800591038005865" }, "geometry": { "type": "LineString", "coordinates": [ [ -84.202593362760538, 42.252531882208935 ], [ -84.202227847522636, 42.252563461294187 ], [ -84.201190613168976, 42.25268745961359 ], [ -84.199166631416063, 42.253023550854863 ] ] } },
{ "type": "Feature", "properties": { "road_id": "GL-ROAD-303", "segment_id": "GL-303-33812783800594838005861" }, "geometry": { "type": "LineString", "coordinates": [ [ -84.210857919574281, 42.252657470880216 ], [ -84.210789785118564, 42.253216054913317 ] ] } },
{ "type": "Feature", "properties": { "road_id": "GL-ROAD-304", "segment_id": "GL-304-33812783800595538005948" }, "geometry": { "type": "LineString", "coordinates": [ [ -84.210877477643919, 42.252563953499127 ], [ -84.210857919574281, 42.252657470880216 ] ] } },
{ "type": "Feature", "properties": { "road_id": "GL-ROAD-305", "segment_id": "GL-305-9169093800592638005897" }, "geometry": { "type": "LineString", "coordinates": [ [ -84.216755515063142, 42.252657223046697 ], [ -84.216269900124658, 42.252742427650446 ], [ -84.215690661007059, 42.252827575461495 ], [ -84.215337317223401, 42.252876391535864 ], [ -84.21479884462326, 42.252904086049881 ], [ -84.214324727714114, 42.252903758333225 ], [ -84.2139122609981, 42.252900973001779 ] ] } },
{ "type": "Feature", "properties": { "road_id": "GL-ROAD-306", "segment_id": "GL-306-9169093802177338005930" }, "geometry": { "type": "LineString", "coordinates": [ [ -84.223678088737699, 42.254853740126251 ], [ -84.223578078485559, 42.254642214997943 ], [ -84.223364678438529, 42.254395061491785 ], [ -84.222808045068973, 42.253926656772968 ], [ -84.222529673187765, 42.253694450507915 ], [ -84.222181872763599, 42.253445152276541 ], [ -84.221911951648821, 42.253292998434475 ], [ -84.221496984894159, 42.253134534634448 ], [ -84.220818567480535, 42.252891420036441 ], [ -84.220556007600251, 42.252813364967388 ], [ -84.220306277849758, 42.252750049908585 ], [ -84.22005828630823, 42.25269566138504 ], [ -84.219867042444918, 42.252656843783143 ] ] } },
{ "type": "Feature", "properties": { "road_id": "GL-ROAD-307", "segment_id": "GL-307-8992103800593738005910" }, "geometry": { "type": "LineString", "coordinates": [ [ -84.204032900903798, 42.25237199485705 ], [ -84.203404961911815, 42.252444413759143 ], [ -84.202593362760538, 42.252531882208935 ] ] } },
{ "type": "Feature", "properties": { "road_id": "GL-ROAD-308", "segment_id": "GL-308-8978033800593738005732" }, "geometry": { "type": "LineString", "coordinates": [ [ -84.204032900903798, 42.25237199485705 ], [ -84.204066400488799, 42.254716278980048 ] ] } },
{ "type": "Feature", "properties": { "road_id": "GL-ROAD-309", "segment_id": "GL-309-33812783801942138005955" }, "geometry": { "type": "LineString", "coordinates": [ [ -84.210914140422148, 42.252461326481409 ], [ -84.210877477643919, 42.252563953499127 ] ] } },
{ "type": "Feature", "properties": { "road_id": "GL-ROAD-310", "segment_id": "GL-310-9169093800593038005926" }, "geometry": { "type": "LineString", "coordinates": [ [ -84.219867042444918, 42.252656843783143 ], [ -84.219621231292535, 42.252630600549956 ], [ -84.219104111555865, 42.25255465745596 ], [ -84.218527113836572, 42.252501445642437 ], [ -84.218180769722565, 42.252506065663034 ], [ -84.217359021552824, 42.252567387918262 ], [ -84.216755515063142, 42.252657223046697 ] ] } },
{ "type": "Feature", "properties": { "road_id": "GL-ROAD-311", "segment_id": "GL-311-33812053801969638019693" }, "geometry": { "type": "LineString", "coordinates": [ [ -84.197287814045012, 42.26586422825573 ], [ -84.197065227348276, 42.265789129617453 ], [ -84.196930189592408, 42.265736221360349 ], [ -84.196553460933018, 42.265533208002516 ], [ -84.196382307005678, 42.265408592402657 ], [ -84.196251181370954, 42.265294610318641 ], [ -84.196092477904017, 42.265112267171432 ], [ -84.195938393778022, 42.26486407967564 ], [ -84.195837569041942, 42.264607591620717 ], [ -84.19578899679064, 42.264404283467123 ], [ -84.195785291669679, 42.264375608441952 ] ] } },
{ "type": "Feature", "properties": { "road_id": "GL-ROAD-312", "segment_id": "GL-312-33812053801969338019692" }, "geometry": { "type": "LineString", "coordinates": [ [ -84.195785291669679, 42.264375608441952 ], [ -84.19575538061342, 42.264144089595348 ] ] } },
{ "type": "Feature", "properties": { "road_id": "GL-ROAD-313", "segment_id": "GL-313-9172063800514238004548" }, "geometry": { "type": "LineString", "coordinates": [ [ -84.130916696146926, 42.262213730195853 ], [ -84.131012061584201, 42.270189846539211 ] ] } },
{ "type": "Feature", "properties": { "road_id": "GL-ROAD-314", "segment_id": "GL-314-9171073801987238004699" }, "geometry": { "type": "LineString", "coordinates": [ [ -84.163565468110775, 42.262366897571539 ], [ -84.163965810928943, 42.264118431464603 ], [ -84.16417807872638, 42.265648486635556 ], [ -84.164388037795192, 42.266600962620409 ], [ -84.164424945360309, 42.266804724290822 ], [ -84.164466104862882, 42.266996947572686 ], [ -84.164544316082683, 42.267125930902942 ], [ -84.164633033829958, 42.267295717682885 ], [ -84.164917680188324, 42.26761446116673 ], [ -84.165651796304644, 42.268237659897046 ] ] } },
{ "type": "Feature", "properties": { "road_id": "GL-ROAD-315", "segment_id": "GL-315-9169083800512338003711" }, "geometry": { "type": "LineString", "coordinates": [ [ -84.228527370617513, 42.263219240225553 ], [ -84.228598022909367, 42.271186154406486 ], [ -84.228656108498939, 42.277734594050571 ], [ -84.228690915184359, 42.28150702963395 ], [ -84.228756975871789, 42.284927362422465 ], [ -84.228772528197922, 42.288377000299988 ], [ -84.22881485575077, 42.29173901703156 ] ] } },
{ "type": "Feature", "properties": { "road_id": "GL-ROAD-316", "segment_id": "GL-316-9159083800513738005123" }, "geometry": { "type": "LineString", "coordinates": [ [ -84.238279261212639, 42.263151057611282 ], [ -84.234159228272304, 42.26318819646923 ], [ -84.228527370617513, 42.263219240225553 ] ] } },
{ "type": "Feature", "properties": { "road_id": "GL-ROAD-317", "segment_id": "GL-317-9169053800513738017583" }, "geometry": { "type": "LineString", "coordinates": [ [ -84.238279261212639, 42.263151057611282 ], [ -84.238275867576391, 42.267294276860405 ], [ -84.238331135471128, 42.271214440742973 ], [ -84.23833890467597, 42.273150775490578 ] ] } },
{ "type": "Feature", "properties": { "road_id": "GL-ROAD-318", "segment_id": "GL-318-9165023800655138004759" }, "geometry": { "type": "LineString", "coordinates": [ [ -84.140831014403858, 42.246280306300882 ], [ -84.140688458484973, 42.249854653555779 ], [ -84.140658840839663, 42.250763099401652 ], [ -84.140597775527226, 42.25337904538015 ], [ -84.140657875226083, 42.257596064538617 ], [ -84.140674347062273, 42.258812526196692 ], [ -84.140759309630141, 42.267133226935115 ] ] } },
{ "type": "Feature", "properties": { "road_id": "GL-ROAD-319", "segment_id": "GL-319-8978033800655138006209" }, "geometry": { "type": "LineString", "coordinates": [ [ -84.140831014403858, 42.246280306300882 ], [ -84.148680175971023, 42.249242638279327 ], [ -84.149316792906745, 42.249474824436582 ], [ -84.149526410499917, 42.249534143195191 ], [ -84.149689860832552, 42.249566519412781 ], [ -84.14980708880411, 42.24957369822603 ], [ -84.150603473254094, 42.249568092701857 ] ] } },
{ "type": "Feature", "properties": { "road_id": "GL-ROAD-320", "segment_id": "GL-320-9214173801690338018096" }, "geometry": { "type": "LineString", "coordinates": [ [ -84.19240417136055, 42.248049567661347 ], [ -84.192460649777388, 42.246904500074749 ], [ -84.192461600058337, 42.246876173200796 ] ] } },
{ "type": "Feature", "properties": { "road_id": "GL-ROAD-321", "segment_id": "GL-321-9181093802559338006513" }, "geometry": { "type": "LineString", "coordinates": [ [ -84.218980624967884, 42.247232088443177 ], [ -84.218981981844948, 42.248095153718111 ] ] } },
{ "type": "Feature", "properties": { "road_id": "GL-ROAD-322", "segment_id": "GL-322-9214173801809638016902" }, "geometry": { "type": "LineString", "coordinates": [ [ -84.192461600058337, 42.246876173200796 ], [ -84.192469813822058, 42.246631201757978 ] ] } },
{ "type": "Feature", "properties": { "road_id": "GL-ROAD-323", "segment_id": "GL-323-9215013800665238025544" }, "geometry": { "type": "LineString", "coordinates": [ [ -84.191183598881096, 42.246317888889301 ], [ -84.191130788191614, 42.247915207617034 ], [ -84.191152733856953, 42.247971681380413 ], [ -84.191179499244868, 42.248024726311129 ], [ -84.191195570852003, 42.248032438660978 ] ] } },
{ "type": "Feature", "properties": { "road_id": "GL-ROAD-324", "segment_id": "GL-324-33801383800666438025576" }, "geometry": { "type": "LineString", "coordinates": [ [ -84.189833571550636, 42.246207417145342 ], [ -84.189799927633828, 42.248518077484853 ] ] } },
{ "type": "Feature", "properties": { "road_id": "GL-ROAD-325", "segment_id": "GL-325-33810283801807038018072" }, "geometry": { "type": "LineString", "coordinates": [ [ -84.204137081035427, 42.262072279580913 ], [ -84.205409159396197, 42.262062554280767 ], [ -84.205802737938939, 42.262107708355288 ], [ -84.206050699817794, 42.262167774986338 ], [ -84.206241873557929, 42.262183789634754 ], [ -84.206439355035741, 42.262182651668873 ], [ -84.206661562068149, 42.262130145222066 ], [ -84.20724945549857, 42.262083516689955 ], [ -84.207934518758364, 42.26209021092491 ] ] } },
{ "type": "Feature", "properties": { "road_id": "GL-ROAD-326", "segment_id": "GL-326-8992103801987438004759" }, "geometry": { "type": "LineString", "coordinates": [ [ -84.161306197028836, 42.260585504456493 ], [ -84.140759309630141, 42.267133226935115 ] ] } },
{ "type": "Feature", "properties": { "road_id": "GL-ROAD-327", "segment_id": "GL-327-8992103800526038019874" }, "geometry": { "type": "LineString", "coordinates": [ [ -84.163087198121374, 42.260031018420946 ], [ -84.161306197028836, 42.260585504456493 ] ] } },
{ "type": "Feature", "properties": { "road_id": "GL-ROAD-328", "segment_id": "GL-328-9171073800526038019872" }, "geometry": { "type": "LineString", "coordinates": [ [ -84.163087198121374, 42.260031018420946 ], [ -84.163565468110775, 42.262366897571539 ] ] } },
{ "type": "Feature", "properties": { "road_id": "GL-ROAD-329", "segment_id": "GL-329-33806863802023538020420" }, "geometry": { "type": "LineString", "coordinates": [ [ -84.203175475539112, 42.24596999044465 ], [ -84.20318398336039, 42.245770145708143 ], [ -84.203301847852501, 42.244886671712266 ] ] } },
{ "type": "Feature", "properties": { "road_id": "GL-ROAD-330", "segment_id": "GL-330-33815053802042038020434" }, "geometry": { "type": "LineString", "coordinates": [ [ -84.203301847852501, 42.244886671712266 ], [ -84.203839990573314, 42.244989947540752 ], [ -84.204046347222302, 42.245009038951693 ], [ -84.204232066391427, 42.245008087342278 ], [ -84.204402680767288, 42.244979297747022 ], [ -84.204584933879559, 42.244915218420019 ], [ -84.204821021175604, 42.244824409943369 ], [ -84.204954399885466, 42.244798963152888 ], [ -84.205071293885183, 42.244792960360918 ], [ -84.205198450561824, 42.244798948820353 ], [ -84.205320647569948, 42.244793031115258 ], [ -84.20551685731381, 42.244796188319093 ], [ -84.20575041674023, 42.244792061936195 ], [ -84.206159203366653, 42.244782869515021 ], [ -84.207172641804576, 42.244779455349445 ] ] } },
{ "type": "Feature", "properties": { "road_id": "GL-ROAD-331", "segment_id": "GL-331-33811453802007438020072" }, "geometry": { "type": "LineString", "coordinates": [ [ -84.199931189084509, 42.244101282083349 ], [ -84.200285032500389, 42.244369568182968 ] ] } },
{ "type": "Feature", "properties": { "road_id": "GL-ROAD-332", "segment_id": "GL-332-33806863802042038016898" }, "geometry": { "type": "LineString", "coordinates": [ [ -84.203301847852501, 42.244886671712266 ], [ -84.203326089751144, 42.244753266870326 ], [ -84.203434127419655, 42.24404639344688 ] ] } },
{ "type": "Feature", "properties": { "road_id": "GL-ROAD-333", "segment_id": "GL-333-33801383801943138006664" }, "geometry": { "type": "LineString", "coordinates": [ [ -84.189892630720351, 42.243642907289015 ], [ -84.189833571550636, 42.246207417145342 ] ] } },
{ "type": "Feature", "properties": { "road_id": "GL-ROAD-334", "segment_id": "GL-334-9172063800696038017662" }, "geometry": { "type": "LineString", "coordinates": [ [ -84.131095758863381, 42.242573863600057 ], [ -84.130775331853044, 42.250043189532128 ] ] } },
{ "type": "Feature", "properties": { "road_id": "GL-ROAD-335", "segment_id": "GL-335-8978033800696038006551" }, "geometry": { "type": "LineString", "coordinates": [ [ -84.131095758863381, 42.242573863600057 ], [ -84.131361951302154, 42.242645864453273 ], [ -84.13322827254774, 42.24335196975359 ], [ -84.140831014403858, 42.246280306300882 ] ] } },
{ "type": "Feature", "properties": { "road_id": "GL-ROAD-336", "segment_id": "GL-336-33811453801943338020074" }, "geometry": { "type": "LineString", "coordinates": [ [ -84.197397470545695, 42.243568882616202 ], [ -84.197597647826854, 42.243626027464479 ], [ -84.197725871899408, 42.243663675426234 ], [ -84.197861716437572, 42.243693189261073 ], [ -84.197940906662311, 42.243696535248851 ], [ -84.198250932796597, 42.243706065066341 ], [ -84.198503383757341, 42.243707881703365 ], [ -84.198926315720129, 42.243705670185157 ], [ -84.19913586379306, 42.243718095478364 ], [ -84.199296364488589, 42.243743291600403 ], [ -84.199429366596334, 42.243772563994305 ], [ -84.19953480281022, 42.243808172778557 ], [ -84.199636206582014, 42.243877623102165 ], [ -84.199931189084509, 42.244101282083349 ] ] } },
{ "type": "Feature", "properties": { "road_id": "GL-ROAD-337", "segment_id": "GL-337-33811453801943138019433" }, "geometry": { "type": "LineString", "coordinates": [ [ -84.189892630720351, 42.243642907289015 ], [ -84.197147329530708, 42.243502635797284 ], [ -84.197397470545695, 42.243568882616202 ] ] } },
{ "type": "Feature", "properties": { "road_id": "GL-ROAD-338", "segment_id": "GL-338-9170083802175138006742" }, "geometry": { "type": "LineString", "coordinates": [ [ -84.210718222351332, 42.243517919258942 ], [ -84.211062874906759, 42.244305926331464 ], [ -84.211133550662666, 42.244640987099174 ], [ -84.211328738609112, 42.24578115149729 ] ] } },
{ "type": "Feature", "properties": { "road_id": "GL-ROAD-339", "segment_id": "GL-339-8992103800602838006003" }, "geometry": { "type": "LineString", "coordinates": [ [ -84.210032076716857, 42.251702925904944 ], [ -84.20904916510284, 42.251810682282418 ], [ -84.207982268935581, 42.251934054525584 ] ] } },
{ "type": "Feature", "properties": { "road_id": "GL-ROAD-340", "segment_id": "GL-340-9170083800605038005964" }, "geometry": { "type": "LineString", "coordinates": [ [ -84.213444274189527, 42.251738725452142 ], [ -84.213744175744964, 42.252241499639418 ] ] } },
{ "type": "Feature", "properties": { "road_id": "GL-ROAD-341", "segment_id": "GL-341-9170083800605538006050" }, "geometry": { "type": "LineString", "coordinates": [ [ -84.213379214708411, 42.251659490660892 ], [ -84.213444274189527, 42.251738725452142 ] ] } },
{ "type": "Feature", "properties": { "road_id": "GL-ROAD-342", "segment_id": "GL-342-8992103800604538006028" }, "geometry": { "type": "LineString", "coordinates": [ [ -84.210922240604148, 42.251610664979161 ], [ -84.210032076716857, 42.251702925904944 ] ] } },
{ "type": "Feature", "properties": { "road_id": "GL-ROAD-343", "segment_id": "GL-343-9191033800604538019928" }, "geometry": { "type": "LineString", "coordinates": [ [ -84.210922240604148, 42.251610664979161 ], [ -84.210906256631716, 42.252089085187592 ] ] } },
{ "type": "Feature", "properties": { "road_id": "GL-ROAD-344", "segment_id": "GL-344-33811363801942038019421" }, "geometry": { "type": "LineString", "coordinates": [ [ -84.213318726333227, 42.251567818248958 ], [ -84.211080525264236, 42.252385802765836 ], [ -84.210973961546387, 42.252431009025024 ], [ -84.210914140422148, 42.252461326481409 ] ] } },
{ "type": "Feature", "properties": { "road_id": "GL-ROAD-345", "segment_id": "GL-345-9170083801942038006055" }, "geometry": { "type": "LineString", "coordinates": [ [ -84.213318726333227, 42.251567818248958 ], [ -84.213379214708411, 42.251659490660892 ] ] } },
{ "type": "Feature", "properties": { "road_id": "GL-ROAD-346", "segment_id": "GL-346-9191093800606938005865" }, "geometry": { "type": "LineString", "coordinates": [ [ -84.199185813212694, 42.251207451864389 ], [ -84.199153218697276, 42.252145818953608 ], [ -84.199166631416063, 42.253023550854863 ] ] } },
{ "type": "Feature", "properties": { "road_id": "GL-ROAD-347", "segment_id": "GL-347-9172063801766238005142" }, "geometry": { "type": "LineString", "coordinates": [ [ -84.130775331853044, 42.250043189532128 ], [ -84.130916696146926, 42.262213730195853 ] ] } },
{ "type": "Feature", "properties": { "road_id": "GL-ROAD-348", "segment_id": "GL-348-8992103800607638006045" }, "geometry": { "type": "LineString", "coordinates": [ [ -84.212113911884657, 42.251370362700889 ], [ -84.211710220790636, 42.251501047283369 ], [ -84.211569212993567, 42.251530734378434 ], [ -84.211452560804474, 42.251548838870356 ], [ -84.211287596107468, 42.251571740987529 ], [ -84.210922240604148, 42.251610664979161 ] ] } },
{ "type": "Feature", "properties": { "road_id": "GL-ROAD-349", "segment_id": "GL-349-9170083800608038019420" }, "geometry": { "type": "LineString", "coordinates": [ [ -84.213197844771045, 42.25137298287553 ], [ -84.213237001416843, 42.251436095813183 ], [ -84.213289445566772, 42.251520624589972 ], [ -84.213318726333227, 42.251567818248958 ] ] } },
{ "type": "Feature", "properties": { "road_id": "GL-ROAD-350", "segment_id": "GL-350-9191063800608538006069" }, "geometry": { "type": "LineString", "coordinates": [ [ -84.202590040623065, 42.251187156263242 ], [ -84.199369569067088, 42.25120543928459 ], [ -84.199185813212694, 42.251207451864389 ] ] } },
{ "type": "Feature", "properties": { "road_id": "GL-ROAD-351", "segment_id": "GL-351-9191083800608538005910" }, "geometry": { "type": "LineString", "coordinates": [ [ -84.202590040623065, 42.251187156263242 ], [ -84.202593362760538, 42.252531882208935 ] ] } },
{ "type": "Feature", "properties": { "road_id": "GL-ROAD-352", "segment_id": "GL-352-9191063800609238006085" }, "geometry": { "type": "LineString", "coordinates": [ [ -84.204012827664698, 42.251178472900719 ], [ -84.202590040623065, 42.251187156263242 ] ] } },
{ "type": "Feature", "properties": { "road_id": "GL-ROAD-353", "segment_id": "GL-353-8978033800609238005937" }, "geometry": { "type": "LineString", "coordinates": [ [ -84.204012827664698, 42.251178472900719 ], [ -84.204032900903798, 42.25237199485705 ] ] } },
{ "type": "Feature", "properties": { "road_id": "GL-ROAD-354", "segment_id": "GL-354-9191063800598438006092" }, "geometry": { "type": "LineString", "coordinates": [ [ -84.206906349206136, 42.252052645143941 ], [ -84.206742820721772, 42.251227570400019 ], [ -84.206718219275189, 42.251176797320213 ], [ -84.206640662281245, 42.251153267209219 ], [ -84.204012827664698, 42.251178472900719 ] ] } },
{ "type": "Feature", "properties": { "road_id": "GL-ROAD-355", "segment_id": "GL-355-9169063800636438006205" }, "geometry": { "type": "LineString", "coordinates": [ [ -84.213757869992705, 42.24936892386053 ], [ -84.2144856443457, 42.250510901556986 ] ] } },
{ "type": "Feature", "properties": { "road_id": "GL-ROAD-356", "segment_id": "GL-356-03800632638006355" }, "geometry": { "type": "LineString", "coordinates": [ [ -84.218909946704599, 42.249657123514091 ], [ -84.218929720077114, 42.249404407349914 ] ] } },
{ "type": "Feature", "properties": { "road_id": "GL-ROAD-357", "segment_id": "GL-357-8978033800634538006366" }, "geometry": { "type": "LineString", "coordinates": [ [ -84.192449249027348, 42.249071283471679 ], [ -84.194259698278898, 42.249056558176221 ], [ -84.197121049037904, 42.249021891182018 ] ] } },
{ "type": "Feature", "properties": { "road_id": "GL-ROAD-358", "segment_id": "GL-358-8978033800636638006369" }, "geometry": { "type": "LineString", "coordinates": [ [ -84.197121049037904, 42.249021891182018 ], [ -84.199114691219933, 42.249008563602075 ] ] } },
{ "type": "Feature", "properties": { "road_id": "GL-ROAD-359", "segment_id": "GL-359-9191093800636938006069" }, "geometry": { "type": "LineString", "coordinates": [ [ -84.199114691219933, 42.249008563602075 ], [ -84.199134687217793, 42.25005944004856 ], [ -84.199185813212694, 42.251207451864389 ] ] } },
{ "type": "Feature", "properties": { "road_id": "GL-ROAD-360", "segment_id": "GL-360-8978033800636938016897" }, "geometry": { "type": "LineString", "coordinates": [ [ -84.199114691219933, 42.249008563602075 ], [ -84.202367741513456, 42.248971630241478 ] ] } },
{ "type": "Feature", "properties": { "road_id": "GL-ROAD-361", "segment_id": "GL-361-8978033802175238006238" }, "geometry": { "type": "LineString", "coordinates": [ [ -84.203720265942124, 42.248984719975894 ], [ -84.203727845263174, 42.248986090600937 ], [ -84.203806724845265, 42.24901124843997 ], [ -84.203886438609459, 42.249060307192252 ], [ -84.203926032033095, 42.249120095628001 ], [ -84.203937216210136, 42.24921909590747 ], [ -84.203979476563333, 42.250115558416873 ] ] } },
{ "type": "Feature", "properties": { "road_id": "GL-ROAD-362", "segment_id": "GL-362-8978033801689738021752" }, "geometry": { "type": "LineString", "coordinates": [ [ -84.202367741513456, 42.248971630241478 ], [ -84.203595924687917, 42.24896223956133 ], [ -84.203720265942124, 42.248984719975894 ] ] } },
{ "type": "Feature", "properties": { "road_id": "GL-ROAD-363", "segment_id": "GL-363-8992103800639138006259" }, "geometry": { "type": "LineString", "coordinates": [ [ -84.218982852506699, 42.249189114979629 ], [ -84.217681274188223, 42.249554126404263 ], [ -84.216032525636706, 42.25000751551547 ] ] } },
{ "type": "Feature", "properties": { "road_id": "GL-ROAD-364", "segment_id": "GL-364-03800635538006391" }, "geometry": { "type": "LineString", "coordinates": [ [ -84.218929720077114, 42.249404407349914 ], [ -84.218982852506699, 42.249189114979629 ] ] } },
{ "type": "Feature", "properties": { "road_id": "GL-ROAD-365", "segment_id": "GL-365-9170083802551038006313" }, "geometry": { "type": "LineString", "coordinates": [ [ -84.211779900362373, 42.248990357306987 ], [ -84.211798313359523, 42.249035058397595 ], [ -84.211802821138264, 42.249046003776741 ], [ -84.211855434785178, 42.249173736551263 ], [ -84.212081140445292, 42.249665947434245 ] ] } },
{ "type": "Feature", "properties": { "road_id": "GL-ROAD-366", "segment_id": "GL-366-9171013800640738006364" }, "geometry": { "type": "LineString", "coordinates": [ [ -84.215501346798689, 42.248996188386627 ], [ -84.215118532930219, 42.249058465141417 ], [ -84.214603342952799, 42.2491105480958 ], [ -84.214377272760998, 42.249146359934379 ], [ -84.21426403176774, 42.249171360079814 ], [ -84.213757869992705, 42.24936892386053 ] ] } },
{ "type": "Feature", "properties": { "road_id": "GL-ROAD-367", "segment_id": "GL-367-9171023800640738006259" }, "geometry": { "type": "LineString", "coordinates": [ [ -84.215501346798689, 42.248996188386627 ], [ -84.216032525636706, 42.25000751551547 ] ] } },
{ "type": "Feature", "properties": { "road_id": "GL-ROAD-368", "segment_id": "GL-368-33801383802557638006340" }, "geometry": { "type": "LineString", "coordinates": [ [ -84.189799927633828, 42.248518077484853 ], [ -84.189799303793137, 42.248560872657414 ], [ -84.189790794117343, 42.249072440565008 ] ] } },
{ "type": "Feature", "properties": { "road_id": "GL-ROAD-369", "segment_id": "GL-369-9169083800646238006157" }, "geometry": { "type": "LineString", "coordinates": [ [ -84.22836913232679, 42.248755174982506 ], [ -84.228397207028166, 42.2503506496532 ], [ -84.228403344710287, 42.251141309112654 ] ] } },
{ "type": "Feature", "properties": { "road_id": "GL-ROAD-370", "segment_id": "GL-370-33813343802005038020052" }, "geometry": { "type": "LineString", "coordinates": [ [ -84.190856709524112, 42.256698473813721 ], [ -84.19085670368159, 42.256707504641383 ], [ -84.190856348599894, 42.256716576649751 ], [ -84.190855806171754, 42.256725669042133 ], [ -84.190855241820358, 42.256734764682371 ], [ -84.190854816200201, 42.256743843654519 ], [ -84.190854694734682, 42.256752888822376 ], [ -84.190855038104942, 42.256761879369549 ], [ -84.190856011760985, 42.256770797259499 ], [ -84.190857777516783, 42.2567796243967 ], [ -84.190860321801793, 42.256788368668659 ], [ -84.190862934381798, 42.256797141073108 ], [ -84.190865532518558, 42.256805951078555 ], [ -84.190868126093889, 42.256814792539359 ], [ -84.190870722565336, 42.256823659270545 ], [ -84.190873331788325, 42.256832546026928 ], [ -84.190875964830084, 42.256841447582865 ], [ -84.190878630360388, 42.256850357773068 ], [ -84.190881338234547, 42.256859271352305 ], [ -84.190884098334379, 42.256868182174898 ], [ -84.190886919329529, 42.256877084075583 ], [ -84.190889811048862, 42.256885972709483 ], [ -84.190892782188598, 42.256894841010897 ], [ -84.190895845028237, 42.256903683773935 ], [ -84.190899006972501, 42.256912496614319 ], [ -84.190902276743969, 42.256921271566043 ], [ -84.190905666595739, 42.256930004323529 ], [ -84.190909183985525, 42.256938688701787 ], [ -84.190912839980669, 42.256947319475245 ], [ -84.190916642038871, 42.256955890458897 ], [ -84.190920602439633, 42.256964396446868 ], [ -84.190924727428552, 42.256972831234435 ], [ -84.190929030523748, 42.256981188734883 ], [ -84.190933517917813, 42.256989464544539 ], [ -84.190938200704721, 42.256997652537244 ], [ -84.190943088766289, 42.257005746567351 ], [ -84.1909481907458, 42.257013741369946 ], [ -84.190953516525084, 42.257021630799343 ], [ -84.190959086524302, 42.257029421492497 ], [ -84.190964931384414, 42.257037143673877 ], [ -84.190971043806627, 42.257044798125968 ], [ -84.190977411696664, 42.257052383751791 ], [ -84.190984025437416, 42.257059897692827 ], [ -84.190990871722576, 42.257067338832421 ], [ -84.190997940934949, 42.257074704312195 ], [ -84.191005220953798, 42.257081993935437 ], [ -84.19101270218853, 42.257089203943373 ], [ -84.191020371332655, 42.257096333219302 ], [ -84.191028219928228, 42.257103380725283 ], [ -84.191036234721764, 42.257110343543786 ], [ -84.191044406043147, 42.257117220617211 ], [ -84.191052721824548, 42.257124009948186 ], [ -84.191061171236697, 42.257130708658536 ], [ -84.191069743370832, 42.257137316571438 ], [ -84.19107842621203, 42.257143829888683 ], [ -84.191087210063728, 42.257150248453023 ], [ -84.191096084096543, 42.257156569386304 ], [ -84.191105035004128, 42.257162791572028 ], [ -84.19111405435477, 42.257168913071709 ], [ -84.19112312889493, 42.25717493096797 ], [ -84.191132247715998, 42.257180845083923 ], [ -84.191141401227028, 42.257186651660788 ], [ -84.191150595461977, 42.257192351697121 ], [ -84.191159926095551, 42.257197949446564 ], [ -84.191169401532918, 42.257203447747919 ], [ -84.191179014448707, 42.257208848283987 ], [ -84.191188759968114, 42.257214151876632 ], [ -84.191198629500818, 42.257219361989833 ], [ -84.191208616959941, 42.257224479425815 ], [ -84.191218716258618, 42.257229504986583 ], [ -84.191228920018645, 42.257234442155976 ], [ -84.19123922217949, 42.25723929083567 ], [ -84.191249616574964, 42.257244054529011 ], [ -84.191260095906216, 42.257248734018468 ], [ -84.191270654059863, 42.257253331006702 ], [ -84.191281283710524, 42.257257847176497 ], [ -84.191291977506339, 42.257262285111267 ], [ -84.191302731811021, 42.257266644751994 ], [ -84.191313536822136, 42.257270929543147 ], [ -84.191324387638431, 42.257275141206904 ], [ -84.191335278199546, 42.257279279645005 ], [ -84.19134619991506, 42.257283348321572 ], [ -84.191357146671606, 42.257287348939208 ], [ -84.191368113594436, 42.257291282319628 ], [ -84.191379092146065, 42.257295150126218 ], [ -84.191390076186693, 42.257298954961904 ], [ -84.191401059629456, 42.257302697628838 ], [ -84.191412048772762, 42.257306370121647 ], [ -84.19142311719223, 42.257309903367364 ], [ -84.191434273478208, 42.257313293901902 ], [ -84.191445512491299, 42.257316551551234 ], [ -84.191456827880216, 42.257319686121477 ], [ -84.191468213346369, 42.257322705618222 ], [ -84.191479662512037, 42.25732562074807 ], [ -84.191491170264314, 42.25732844043651 ], [ -84.191502729066215, 42.257331173569824 ], [ -84.191514334964026, 42.257333830893899 ], [ -84.191525980447352, 42.257336420394672 ], [ -84.191537659138305, 42.25733895277871 ], [ -84.191549365924104, 42.257341436971551 ], [ -84.191561094479781, 42.257343881879102 ], [ -84.191572838454107, 42.257346297307691 ], [ -84.191584591522158, 42.257348692163085 ], [ -84.191596348518232, 42.257351077171691 ], [ -84.19160810311746, 42.257353461239383 ], [ -84.191619848995003, 42.257355853272088 ], [ -84.191631581011677, 42.257358263095689 ], [ -84.191643291630498, 42.257360699596475 ], [ -84.191654974473735, 42.257363173481103 ], [ -84.191666625667139, 42.257365692794423 ], [ -84.191678237647437, 42.257368267323045 ], [ -84.191690538357989, 42.257368820718462 ] ] } },
{ "type": "Feature", "properties": { "road_id": "GL-ROAD-371", "segment_id": "GL-371-33813403802005038020051" }, "geometry": { "type": "LineString", "coordinates": [ [ -84.190856709524112, 42.256698473813721 ], [ -84.191643380874709, 42.256685072910422 ] ] } },
{ "type": "Feature", "properties": { "road_id": "GL-ROAD-372", "segment_id": "GL-372-33813373802004238020043" }, "geometry": { "type": "LineString", "coordinates": [ [ -84.193052717273645, 42.256656813162977 ], [ -84.192092234203812, 42.256666728129908 ] ] } },
{ "type": "Feature", "properties": { "road_id": "GL-ROAD-373", "segment_id": "GL-373-33813353802004438020042" }, "geometry": { "type": "LineString", "coordinates": [ [ -84.192882032844793, 42.257327576729239 ], [ -84.19289127070904, 42.257321715053742 ], [ -84.192900707421231, 42.257315978211643 ], [ -84.192910267994549, 42.257310318144654 ], [ -84.192919880946292, 42.257304691355465 ], [ -84.19292947007753, 42.257299049766239 ], [ -84.192938961560799, 42.257293347139253 ], [ -84.192948282780421, 42.257287537256424 ], [ -84.19295735988247, 42.257281574780428 ], [ -84.192966117853743, 42.257275412553611 ], [ -84.192974482866603, 42.257269004338333 ], [ -84.192982381093472, 42.257262303896894 ], [ -84.192990152332357, 42.257255385196721 ], [ -84.192998212342005, 42.257248378386542 ], [ -84.193006425580876, 42.257241274064363 ], [ -84.193014650394346, 42.257234064530806 ], [ -84.193022747683941, 42.257226737623853 ], [ -84.193030574583034, 42.25721928562465 ], [ -84.193037993179018, 42.257211697291197 ], [ -84.193044861843788, 42.257203964023894 ], [ -84.193051040187953, 42.257196076342503 ], [ -84.193056389060587, 42.257188023885831 ], [ -84.193060766833852, 42.257179798054359 ], [ -84.193064034383497, 42.257171387586666 ], [ -84.193066048869767, 42.257162783863542 ], [ -84.193067073310402, 42.257154032583358 ], [ -84.193067971090443, 42.25714525853251 ], [ -84.193068785712626, 42.257136466919754 ], [ -84.193069515938433, 42.257127658625862 ], [ -84.193070165404137, 42.257118833709669 ], [ -84.193070737693148, 42.257109994031026 ], [ -84.193071234044055, 42.257101138709025 ], [ -84.19307165688096, 42.257092267782966 ], [ -84.193072008548825, 42.257083383993375 ], [ -84.193072291524658, 42.257074485578656 ], [ -84.193072509418258, 42.257065573498124 ], [ -84.193072662176874, 42.257056649552624 ], [ -84.193072754701646, 42.257047712019812 ], [ -84.193072788125349, 42.257038763620585 ], [ -84.193072764898702, 42.25702980349373 ], [ -84.193072687419345, 42.25702083257903 ], [ -84.19307255811151, 42.257011850915674 ], [ -84.193072379372865, 42.257002859443332 ], [ -84.193072153627682, 42.256993858201284 ], [ -84.193071883247214, 42.256984849029614 ], [ -84.193071571920569, 42.256975830186363 ], [ -84.193071219568537, 42.256966804372759 ], [ -84.193070831092157, 42.256957769866567 ], [ -84.193070406412289, 42.256948729368986 ], [ -84.193069950403597, 42.256939682058103 ], [ -84.193069463039748, 42.256930628834361 ], [ -84.19306894919535, 42.256921568875818 ], [ -84.19306840879122, 42.256912504883793 ], [ -84.19306784670205, 42.256903436036318 ], [ -84.193067264113537, 42.25689436325348 ], [ -84.193066662237769, 42.256885286554848 ], [ -84.193066044684457, 42.256876206899825 ], [ -84.193065415089919, 42.256867124347217 ], [ -84.193064773427665, 42.256858039797457 ], [ -84.193064124546041, 42.25684895332909 ], [ -84.193063468418586, 42.256839865842515 ], [ -84.193062808681532, 42.256830777396587 ], [ -84.193062147732618, 42.256821688931041 ], [ -84.193061487995934, 42.256812600485077 ], [ -84.193060831869246, 42.256803512998438 ], [ -84.19306018177663, 42.256794426510339 ], [ -84.19305953890381, 42.256785341940798 ], [ -84.193058908125423, 42.256776258467951 ], [ -84.193058289362213, 42.256767178793069 ], [ -84.193057687488874, 42.25675810209421 ], [ -84.193057102505406, 42.256749028371388 ], [ -84.19305653799519, 42.256739959484356 ], [ -84.19305599519663, 42.256730894552241 ], [ -84.19305547890518, 42.25672183545452 ], [ -84.193054989147285, 42.256712781290673 ], [ -84.193054530744718, 42.256703733039672 ], [ -84.19305410367113, 42.256694691601922 ], [ -84.193053710350526, 42.256685657016675 ], [ -84.193053355604874, 42.256676630262952 ], [ -84.19305303943402, 42.256667611340617 ], [ -84.193052717273645, 42.256656813162977 ] ] } },
{ "type": "Feature", "properties": { "road_id": "GL-ROAD-374", "segment_id": "GL-374-8992103800551838005502" }, "geometry": { "type": "LineString", "coordinates": [ [ -84.174839786429828, 42.25632904818103 ], [ -84.173860640942493, 42.256614125681246 ] ] } },
{ "type": "Feature", "properties": { "road_id": "GL-ROAD-375", "segment_id": "GL-375-8978053800551838005481" }, "geometry": { "type": "LineString", "coordinates": [ [ -84.174839786429828, 42.25632904818103 ], [ -84.174859607905134, 42.256960770957996 ] ] } },
{ "type": "Feature", "properties": { "road_id": "GL-ROAD-376", "segment_id": "GL-376-33811193801891938018918" }, "geometry": { "type": "LineString", "coordinates": [ [ -84.197319419478887, 42.256376694142965 ], [ -84.196599596349728, 42.256425024793323 ], [ -84.196468413277572, 42.256435866315393 ], [ -84.196345477738916, 42.256463043517861 ], [ -84.196248226399419, 42.256506839247336 ], [ -84.19614604695164, 42.256569998022279 ], [ -84.195894287996396, 42.256825169632464 ], [ -84.195755613019855, 42.256942826902232 ], [ -84.195627650656206, 42.256992606085952 ], [ -84.195500447556569, 42.257016473063558 ], [ -84.194591390663561, 42.256999350822142 ] ] } },
{ "type": "Feature", "properties": { "road_id": "GL-ROAD-377", "segment_id": "GL-377-9017023800818938008171" }, "geometry": { "type": "LineString", "coordinates": [ [ -84.249870180845576, 42.23260276070414 ], [ -84.249499107072353, 42.232444849070291 ], [ -84.249283527954859, 42.23236310519912 ], [ -84.249052814056725, 42.23230514466038 ], [ -84.248895440867614, 42.23229170944547 ], [ -84.248530161214788, 42.232283356112291 ], [ -84.236744485040646, 42.232544197311277 ], [ -84.232900673662698, 42.232602234398449 ], [ -84.229090506942256, 42.232642808366492 ] ] } },
{ "type": "Feature", "properties": { "road_id": "GL-ROAD-378", "segment_id": "GL-378-9165023800827338021753" }, "geometry": { "type": "LineString", "coordinates": [ [ -84.151351065073499, 42.23062680903783 ], [ -84.145425444759951, 42.230924654520592 ], [ -84.142853733161999, 42.231053822206412 ], [ -84.142324575047354, 42.231085976868044 ], [ -84.142052697371909, 42.23111558469725 ], [ -84.141867734922172, 42.231156879837826 ], [ -84.141729440120628, 42.231235875938424 ] ] } },
{ "type": "Feature", "properties": { "road_id": "GL-ROAD-379", "segment_id": "GL-379-33806903801690838016910" }, "geometry": { "type": "LineString", "coordinates": [ [ -84.219058310778777, 42.24208017211258 ], [ -84.218004032157992, 42.242087823137879 ] ] } },
{ "type": "Feature", "properties": { "road_id": "GL-ROAD-380", "segment_id": "GL-380-9181093801690838006737" }, "geometry": { "type": "LineString", "coordinates": [ [ -84.219058310778777, 42.24208017211258 ], [ -84.218997610157189, 42.246017513538888 ] ] } },
{ "type": "Feature", "properties": { "road_id": "GL-ROAD-381", "segment_id": "GL-381-33814323802025938020260" }, "geometry": { "type": "LineString", "coordinates": [ [ -84.250028998170507, 42.241616395874743 ], [ -84.245258660902422, 42.241688818334538 ] ] } },
{ "type": "Feature", "properties": { "road_id": "GL-ROAD-382", "segment_id": "GL-382-9188023802025938006749" }, "geometry": { "type": "LineString", "coordinates": [ [ -84.250028998170507, 42.241616395874743 ], [ -84.25004273501591, 42.243467839533238 ], [ -84.250087460163854, 42.24409752420847 ], [ -84.250106402254943, 42.246043968180651 ], [ -84.250103668224668, 42.246216956463307 ] ] } },
{ "type": "Feature", "properties": { "road_id": "GL-ROAD-383", "segment_id": "GL-383-33806903801691038016911" }, "geometry": { "type": "LineString", "coordinates": [ [ -84.218004032157992, 42.242087823137879 ], [ -84.217144882230571, 42.242150013401783 ], [ -84.216674435057968, 42.242152476060767 ], [ -84.21626501554492, 42.242135941514348 ], [ -84.215947106482844, 42.242113039615283 ], [ -84.215720394602158, 42.242110433591094 ], [ -84.215359501736543, 42.242137339559129 ], [ -84.215165121637014, 42.242157793352675 ], [ -84.214954278193886, 42.242149917683506 ], [ -84.214807427493795, 42.242121028069057 ], [ -84.214678471170075, 42.24207696820428 ], [ -84.214593776620546, 42.242031791807229 ], [ -84.214492684417408, 42.241958964620487 ], [ -84.214425606493492, 42.241899464002358 ], [ -84.214359054390385, 42.241820835273707 ], [ -84.214187290943357, 42.24153861956345 ], [ -84.214044249799699, 42.241268426747091 ], [ -84.213921429591295, 42.240944689327051 ] ] } },
{ "type": "Feature", "properties": { "road_id": "GL-ROAD-384", "segment_id": "GL-384-33806913801691038016911" }, "geometry": { "type": "LineString", "coordinates": [ [ -84.218004032157992, 42.242087823137879 ], [ -84.218001197804, 42.242079064948229 ], [ -84.217998400039249, 42.242070299235735 ], [ -84.217995635202243, 42.242061526842718 ], [ -84.217992899683722, 42.242052746810643 ], [ -84.217990192219702, 42.242043960920967 ], [ -84.21798750917479, 42.242035169115617 ], [ -84.217984846861469, 42.242026373137307 ], [ -84.217982202856106, 42.242017572947375 ], [ -84.217979575946984, 42.242008768526389 ], [ -84.217976960022952, 42.241999961578358 ], [ -84.217974355083911, 42.24199115210331 ], [ -84.217971757442541, 42.241982341843972 ], [ -84.217969162277527, 42.241973529822452 ], [ -84.21796656951075, 42.241964718740043 ], [ -84.217963974347242, 42.241955906718388 ], [ -84.21796137549687, 42.241947096439382 ], [ -84.217958768112581, 42.241938287825555 ], [ -84.217956150956482, 42.241929481758035 ], [ -84.217953520393138, 42.241920678178637 ], [ -84.217950872761193, 42.241911877929674 ], [ -84.217948206796677, 42.241903082792682 ], [ -84.217945518864227, 42.241894292709482 ], [ -84.217942806540293, 42.241885507641427 ], [ -84.217940066137388, 42.24187672933116 ], [ -84.217937295231849, 42.24186795774002 ], [ -84.217934490162349, 42.241859193710305 ], [ -84.217931648505285, 42.241850437203212 ], [ -84.217928767758849, 42.241841690881344 ], [ -84.217925845551648, 42.241832952905057 ], [ -84.217922876958283, 42.241824225898192 ], [ -84.217919860793117, 42.241815508940967 ], [ -84.217916794580447, 42.241806803795392 ], [ -84.217913673447015, 42.24179811128451 ], [ -84.217910496181076, 42.241789431388902 ], [ -84.217907259121191, 42.241780764950924 ], [ -84.217903959843852, 42.241772111931773 ], [ -84.217900594661529, 42.241763474074226 ], [ -84.217897162336428, 42.241754852259284 ], [ -84.217893658047458, 42.241746245509084 ], [ -84.217890079292829, 42.241737656486151 ], [ -84.217886439558725, 42.241729080001001 ], [ -84.217882769322387, 42.241720510234849 ], [ -84.217879071033352, 42.241711946326085 ], [ -84.217875345903522, 42.241703388293985 ], [ -84.217871592747187, 42.241694835218794 ], [ -84.217867812749958, 42.241686288020354 ], [ -84.21786400591202, 42.241677746698592 ], [ -84.217860174682855, 42.241669210391841 ], [ -84.217856317850803, 42.241660679080745 ], [ -84.21785243541585, 42.241652152765298 ], [ -84.217848529775495, 42.241643632384637 ], [ -84.217844600981891, 42.241635116137928 ], [ -84.217840648982929, 42.241626605826028 ], [ -84.217836675042491, 42.241618099667377 ], [ -84.217832679160622, 42.241609597662112 ], [ -84.217828661285182, 42.241601101610996 ], [ -84.217824623917949, 42.241592608851477 ], [ -84.217820564583263, 42.241584121145699 ], [ -84.217816486916419, 42.241575638551794 ], [ -84.217812389757839, 42.24156715924947 ], [ -84.217808273055383, 42.241558685039585 ], [ -84.217804139284709, 42.2415502141601 ], [ -84.217799988419827, 42.241541747511341 ], [ -84.21779581924892, 42.241533285074027 ], [ -84.217791635433429, 42.241524826005794 ], [ -84.217787434523714, 42.241516371168309 ], [ -84.217783217757685, 42.241507919680565 ], [ -84.217778987532753, 42.241499472481678 ], [ -84.217774741477555, 42.241491027732067 ], [ -84.217770483175258, 42.24148258729074 ], [ -84.217766211440249, 42.241474150237835 ], [ -84.217761926298564, 42.241465715672931 ], [ -84.217757630147617, 42.241457284535223 ], [ -84.21775332177576, 42.24144885680537 ], [ -84.217749002394683, 42.241440432502664 ], [ -84.217744672056611, 42.241432009826312 ], [ -84.217740331921092, 42.241423590596497 ], [ -84.217735983199972, 42.241415174832589 ], [ -84.217731624733631, 42.241406760714391 ], [ -84.217727258919496, 42.241398349181075 ], [ -84.217722884519816, 42.241389941113646 ], [ -84.217718504010222, 42.24138153475004 ], [ -84.217714116178954, 42.241373130070905 ], [ -84.217709722211765, 42.241364727995936 ], [ -84.217705322108628, 42.241356328525264 ], [ -84.217700917107351, 42.241347930777756 ], [ -84.217696508419735, 42.24133953477277 ], [ -84.217692094834078, 42.241331140490963 ], [ -84.217687678747765, 42.241322748871532 ], [ -84.217683259001276, 42.241314358094208 ], [ -84.217678836780209, 42.24130596907878 ], [ -84.217674413296393, 42.241297581844634 ], [ -84.217669988575921, 42.241289195491426 ], [ -84.217665562592657, 42.241280810919463 ], [ -84.217661137796355, 42.241272427267077 ], [ -84.217656711737277, 42.241264045396008 ], [ -84.217652288102897, 42.241255663563464 ], [ -84.21764786565538, 42.241247282650569 ], [ -84.217643457033986, 42.241238884842595 ], [ -84.217639062342883, 42.241230466537836 ], [ -84.217634672943277, 42.241222033003218 ], [ -84.217630280196232, 42.241213589505726 ], [ -84.217625875515054, 42.241205139511386 ], [ -84.217621452684412, 42.241196688325886 ], [ -84.217617001879759, 42.24118824029636 ], [ -84.217612516885794, 42.241179800728453 ], [ -84.217607987877926, 42.241171373969294 ], [ -84.217603407455144, 42.241162964404758 ], [ -84.217598768190413, 42.241154577321154 ], [ -84.217594061496939, 42.241146216184525 ], [ -84.217589278709923, 42.241137887162253 ], [ -84.217584413640125, 42.241129594659512 ], [ -84.217579455251141, 42.241121343004089 ], [ -84.217574398539526, 42.241113137520998 ], [ -84.217569234918571, 42.24110498167633 ], [ -84.217563954537681, 42.241096880717556 ], [ -84.217558549969752, 42.241088839931017 ], [ -84.217553015051692, 42.24108086282147 ], [ -84.217547338695084, 42.241072955517538 ], [ -84.217541515948469, 42.241065121543343 ], [ -84.217535536961321, 42.241057366146471 ], [ -84.217529394332686, 42.241049693712711 ], [ -84.217523079423628, 42.241042109508989 ], [ -84.217516602893113, 42.241034580374702 ], [ -84.217509982514201, 42.241027078667969 ], [ -84.217503219342305, 42.241019609810735 ], [ -84.217496316882418, 42.241012178363142 ], [ -84.217489278665596, 42.241004787984963 ], [ -84.217482105773328, 42.240997443197649 ], [ -84.217474802896362, 42.240990149481178 ], [ -84.217467373565682, 42.240982910495333 ], [ -84.217459818862736, 42.240975730761569 ], [ -84.217452142292615, 42.240968614840135 ], [ -84.2174443473602, 42.240961567291102 ], [ -84.217436436358753, 42.240954592655349 ], [ -84.217428411581437, 42.240947695473722 ], [ -84.217420278982885, 42.240940879444736 ], [ -84.217412038432656, 42.240934149070419 ], [ -84.21740369340975, 42.240927509811499 ], [ -84.217395247445168, 42.240920965327597 ], [ -84.217386704043818, 42.240914520179032 ], [ -84.217378064287132, 42.240908178887224 ], [ -84.217369332891863, 42.240901946031734 ], [ -84.217360512151089, 42.24089582615342 ], [ -84.217351605569831, 42.240889823812431 ], [ -84.217342615441197, 42.240883943549591 ], [ -84.217333541660906, 42.240878188966654 ], [ -84.217324257291892, 42.240872589563303 ], [ -84.217314707413308, 42.240867157974037 ], [ -84.217304910201662, 42.240861894489335 ], [ -84.217294881383992, 42.240856800261454 ], [ -84.217284640374686, 42.240851874699921 ], [ -84.217274202874606, 42.240847119857357 ], [ -84.217263587112413, 42.240842534223482 ], [ -84.217252811238666, 42.240838118989316 ], [ -84.217241891006267, 42.240833874406697 ], [ -84.217230843380023, 42.240829800746781 ], [ -84.217219688933938, 42.240825899239383 ], [ -84.217208442235219, 42.2408221692165 ], [ -84.217197121434296, 42.240818611869173 ], [ -84.217185743496003, 42.240815227468715 ], [ -84.217174326622825, 42.240812015405233 ], [ -84.217162888965191, 42.240808976869744 ], [ -84.217151446276034, 42.240806112114214 ], [ -84.217140009722002, 42.240803412308807 ], [ -84.217128519263483, 42.240800773798036 ], [ -84.217116958561505, 42.240798174700586 ], [ -84.217105333466336, 42.240795622316682 ], [ -84.217093647378576, 42.240793124808143 ], [ -84.217081904936592, 42.240790689455935 ], [ -84.217070108381435, 42.240788322601652 ], [ -84.217058263537268, 42.240786032445932 ], [ -84.217046373830655, 42.240783826250265 ], [ -84.217034443926181, 42.240781710395126 ], [ -84.217022477198284, 42.240779693942798 ], [ -84.217010477125797, 42.240777782353923 ], [ -84.216998448321021, 42.240775983809783 ], [ -84.216986396634098, 42.240774305610664 ], [ -84.216974323042109, 42.240772755879625 ], [ -84.216962233447347, 42.240771340116126 ], [ -84.2169501312503, 42.240770066482064 ], [ -84.216938021063271, 42.240768943158734 ], [ -84.216925907550745, 42.240767976526556 ], [ -84.2169137929275, 42.240767173827706 ], [ -84.216901681805894, 42.240766543243403 ], [ -84.216889580062002, 42.240766091173541 ], [ -84.216877489910729, 42.240765824860219 ], [ -84.216865414752519, 42.240765752465315 ], [ -84.216853361649257, 42.24076588130854 ], [ -84.216841324529923, 42.240766169854261 ], [ -84.216829286288956, 42.240766497116795 ], [ -84.216817248346871, 42.240766855912149 ], [ -84.216805208280078, 42.240767246201528 ], [ -84.216793168538118, 42.240767667123336 ], [ -84.216781126723561, 42.24076811773832 ], [ -84.216769084074286, 42.240768597165477 ], [ -84.216757040616301, 42.240769104504416 ], [ -84.21674499632347, 42.240769640655536 ], [ -84.216732951274125, 42.240770202917545 ], [ -84.216720904230314, 42.240770792171489 ], [ -84.216708857693831, 42.240771405754941 ], [ -84.21669680918896, 42.2407720454299 ], [ -84.216684760005748, 42.240772708514484 ], [ -84.216672710144096, 42.240773395008773 ], [ -84.216660659630136, 42.240774104012239 ], [ -84.216648607278188, 42.240774834605141 ], [ -84.216636555511712, 42.240775586826253 ], [ -84.216624501933239, 42.240776359736373 ], [ -84.216612446568917, 42.240777152435108 ], [ -84.216600391868297, 42.240777964060733 ], [ -84.216588335407806, 42.240778794574553 ], [ -84.216576278451413, 42.240779642195079 ], [ -84.216564220999146, 42.24078050692232 ], [ -84.216552163077026, 42.240781387855847 ], [ -84.216540103499398, 42.240782284075863 ], [ -84.216528043477922, 42.240783195601757 ], [ -84.216515983064838, 42.240784120632661 ], [ -84.216503922260188, 42.240785059168594 ], [ -84.216491859852098, 42.24078601119021 ], [ -84.216479797130589, 42.24078697401557 ], [ -84.216467732857907, 42.240787948525742 ], [ -84.216455668271763, 42.240788933839646 ], [ -84.216443603398346, 42.240789929056952 ], [ -84.216431538263691, 42.240790933277161 ], [ -84.216419471682059, 42.240791945580504 ], [ -84.216407404865322, 42.240792965986344 ], [ -84.216395337865578, 42.240793992693888 ], [ -84.216383269444961, 42.240795026584117 ], [ -84.216371200867457, 42.240796065875585 ], [ -84.216359130947353, 42.240797109648483 ], [ -84.216347060922459, 42.240798157021835 ], [ -84.216334990766768, 42.240799208895986 ], [ -84.216322919346723, 42.240800262550323 ], [ -84.216310847848007, 42.240801318904673 ], [ -84.216298775111085, 42.240802376138767 ], [ -84.216286702373679, 42.240803433371582 ], [ -84.216274629609842, 42.240804491503539 ], [ -84.21626255565991, 42.240805548714448 ], [ -84.216250481787824, 42.240806603222815 ], [ -84.216238406729644, 42.240807656810112 ], [ -84.216226331775431, 42.240808706794454 ], [ -84.21621425573953, 42.24080975225602 ], [ -84.216202179807553, 42.240810794114672 ], [ -84.216190102793831, 42.240811831450586 ], [ -84.216178025988441, 42.240812861581787 ], [ -84.216165948127454, 42.240813886289871 ], [ -84.216153870500889, 42.240814902892915 ], [ -84.216141793082627, 42.240815912291296 ], [ -84.216129714713148, 42.240816912664819 ], [ -84.216117635418485, 42.24081790311309 ], [ -84.216105556410454, 42.240818883655479 ], [ -84.216093476477269, 42.240819854272559 ], [ -84.216081396908962, 42.240820812282493 ], [ -84.216069316467753, 42.240821758566319 ], [ -84.216057235205753, 42.240822691323189 ], [ -84.216045154334779, 42.240823610572498 ], [ -84.216033073880908, 42.240824515413813 ], [ -84.216020992632409, 42.240825405827763 ], [ -84.216008910667526, 42.240826279113058 ], [ -84.215996827934092, 42.240827137070568 ], [ -84.215984745722224, 42.240827977018405 ], [ -84.215972664031838, 42.240828798956578 ], [ -84.215960581651231, 42.240829602865709 ], [ -84.215948498632585, 42.240830386944914 ], [ -84.215936414975928, 42.240831151194264 ], [ -84.215924331919126, 42.240831894732629 ], [ -84.215912248302587, 42.240832615739869 ], [ -84.215900165311993, 42.240833315135781 ], [ -84.215888081761761, 42.240833992000532 ], [ -84.215875997704003, 42.240834644533273 ], [ -84.215863913008306, 42.240835277236094 ], [ -84.215851823987123, 42.240835891851752 ], [ -84.215839733064115, 42.240836488418935 ], [ -84.215827640213078, 42.240837067838115 ], [ -84.215815544248429, 42.240837629189414 ], [ -84.215803446329687, 42.240838174293117 ], [ -84.215791345297362, 42.240838701328983 ], [ -84.21577924354888, 42.240839211236214 ], [ -84.215767138660652, 42.240839703975986 ], [ -84.21575503181846, 42.240840180468169 ], [ -84.215742923074458, 42.240840638911912 ], [ -84.215730813562104, 42.240841082027849 ], [ -84.215718700910116, 42.240841507976356 ], [ -84.215706587542002, 42.240841916796228 ], [ -84.215694472193803, 42.240842310268889 ], [ -84.2156823561035, 42.240842687513329 ], [ -84.21567023929704, 42.240843047629134 ], [ -84.215658120510597, 42.240843392397736 ], [ -84.215645999770203, 42.240843720918704 ], [ -84.215633879473359, 42.240844034131293 ], [ -84.215621757222578, 42.240844331096241 ], [ -84.215609635415333, 42.240844612752753 ], [ -84.215597511628161, 42.240844879062109 ], [ -84.215585388284524, 42.240845130063008 ], [ -84.215573264172676, 42.240845365736163 ], [ -84.215561139292632, 42.240845586081456 ], [ -84.21554901364442, 42.240845791098941 ], [ -84.215536888413681, 42.240845981708446 ], [ -84.215524763600513, 42.240846157909949 ], [ -84.215512638019135, 42.240846318783646 ], [ -84.2155005128553, 42.240846465249383 ], [ -84.21548838810898, 42.240846597307069 ], [ -84.215476262568473, 42.240846714937383 ], [ -84.215464138657268, 42.240846818179115 ], [ -84.215452015163606, 42.240846907012823 ], [ -84.215439890849638, 42.240846982319582 ], [ -84.215427768138937, 42.240847044138135 ], [ -84.215415647057583, 42.240847091568142 ], [ -84.215403525155949, 42.240847125471142 ], [ -84.215391404883704, 42.240847144985544 ], [ -84.215379286188607, 42.24084715191217 ], [ -84.21536716788502, 42.240847145331259 ], [ -84.215355051158667, 42.240847126162542 ], [ -84.215342936061688, 42.240847092605279 ], [ -84.215330822515838, 42.240847047360653 ], [ -84.215318709518144, 42.240846983205927 ], [ -84.215306597590612, 42.240846882132715 ], [ -84.215294485495463, 42.240846745022054 ], [ -84.215282373180486, 42.240846573674801 ], [ -84.215270261857427, 42.240846368110311 ], [ -84.215258149024535, 42.240846130991073 ], [ -84.215246038264866, 42.24084586417608 ], [ -84.215233927102759, 42.240845569427385 ], [ -84.215221815538158, 42.240845246745046 ], [ -84.215209704678486, 42.240844899750144 ], [ -84.215197593285879, 42.240844529323596 ], [ -84.215185482519871, 42.24084413728572 ], [ -84.21517337114264, 42.240843724517504 ], [ -84.215161260287644, 42.240843293739658 ], [ -84.215149149928791, 42.240842845852541 ], [ -84.2151370400139, 42.240842382656993 ], [ -84.215124929305105, 42.240841905034081 ], [ -84.215112818909702, 42.240841416604823 ], [ -84.215100708827762, 42.240840917369276 ], [ -84.215088599007089, 42.240840409128282 ], [ -84.215076489369295, 42.24083989458304 ], [ -84.215064378702706, 42.240839373714209 ], [ -84.215052269352526, 42.240838849261756 ], [ -84.215040158869087, 42.24083832208742 ], [ -84.215028049597578, 42.240837794931245 ], [ -84.215015939062312, 42.240837269555172 ], [ -84.215003829686808, 42.240836745998074 ], [ -84.21499172018099, 42.240836226941774 ], [ -84.214979610518697, 42.240835713286735 ], [ -84.214967500621682, 42.240835207734229 ], [ -84.214955391649454, 42.24083471210438 ], [ -84.214943281178435, 42.240834226358523 ], [ -84.214931171553886, 42.240833753236657 ], [ -84.214919062723595, 42.240833294539634 ], [ -84.214906952211749, 42.240832852029463 ], [ -84.214894842415774, 42.240832426645376 ], [ -84.214882733283503, 42.240832020188243 ], [ -84.214870623550937, 42.240831634439452 ], [ -84.21485851440363, 42.240831270318878 ], [ -84.21484640452546, 42.240830931408745 ], [ -84.21483429391634, 42.240830617709086 ], [ -84.214822184947664, 42.240830331059556 ], [ -84.214810073931829, 42.240830073202744 ], [ -84.214797964478066, 42.240829845097345 ], [ -84.214785854058306, 42.240829650306104 ], [ -84.214773743884365, 42.240829488848576 ], [ -84.214761633903962, 42.240829362525517 ], [ -84.21474952403878, 42.240829274038141 ], [ -84.21473741199577, 42.240829218845683 ], [ -84.214725285750973, 42.240829151713619 ], [ -84.214713143063619, 42.240829066300286 ], [ -84.21470098506714, 42.24082896532633 ], [ -84.214688812894991, 42.240828851512369 ], [ -84.214676628787942, 42.240828731200203 ], [ -84.214664435143462, 42.240828605328971 ], [ -84.214652231804834, 42.24082847930125 ], [ -84.214640021091171, 42.240828356757476 ], [ -84.214627804135958, 42.24082824041831 ], [ -84.214615582020301, 42.240828134805291 ], [ -84.214603357063382, 42.240828043558864 ], [ -84.214591130372483, 42.240827970300131 ], [ -84.214578904292807, 42.240827917769131 ], [ -84.214566678641603, 42.240827892268818 ], [ -84.214554455816142, 42.240827894738423 ], [ -84.214542238109544, 42.240827929718819 ], [ -84.214530025391142, 42.240828001712131 ], [ -84.21451781998006, 42.24082811435887 ], [ -84.214505623009586, 42.240828270379652 ], [ -84.214493437984586, 42.24082847433484 ], [ -84.214481262376978, 42.240828729787196 ], [ -84.214469102167271, 42.240829039535157 ], [ -84.214456954775144, 42.240829408942304 ], [ -84.21444482496932, 42.240829840787619 ], [ -84.214432712645376, 42.240830338672737 ], [ -84.214420618910552, 42.240830906218719 ], [ -84.21440854605774, 42.240831547966479 ], [ -84.21439649522037, 42.240832266636808 ], [ -84.214384468717455, 42.240833065870014 ], [ -84.214372466392291, 42.240833951068737 ], [ -84.214360490616087, 42.240834924072608 ], [ -84.214348543681808, 42.240835989422564 ], [ -84.214336626696735, 42.240837150739644 ], [ -84.21432473955629, 42.240838411625582 ], [ -84.214312885791287, 42.240839775740284 ], [ -84.214301066482889, 42.240841247605225 ], [ -84.2142892815788, 42.24084282902129 ], [ -84.214277538673386, 42.240844550738544 ], [ -84.21426584394024, 42.240846450691102 ], [ -84.214254195243171, 42.240848518935529 ], [ -84.214242591579094, 42.240850748249052 ], [ -84.214231027124228, 42.240853130430963 ], [ -84.214219503377464, 42.240855655595951 ], [ -84.214208015726783, 42.240858315562718 ], [ -84.214196561957479, 42.240861103089067 ], [ -84.214185139959383, 42.24086400733119 ], [ -84.214173748755627, 42.240867020165851 ], [ -84.214162383708128, 42.240870134312118 ], [ -84.214151043892343, 42.240873339846033 ], [ -84.214139727093595, 42.240876629525339 ], [ -84.214128429989913, 42.240879992486818 ], [ -84.214117151552415, 42.240883422408182 ], [ -84.214105888433039, 42.240886909326527 ], [ -84.214094637257617, 42.240890444179499 ], [ -84.21408339823499, 42.240894019763715 ], [ -84.214072167991162, 42.24089762701675 ], [ -84.21406094317804, 42.2409012559758 ], [ -84.214049722766674, 42.24090490031849 ], [ -84.214038503435219, 42.240908549181633 ], [ -84.214027282969042, 42.240912195322984 ], [ -84.214016060417535, 42.240915829718972 ], [ -84.214004831168836, 42.240919444188187 ], [ -84.213993594298415, 42.240923028806577 ], [ -84.213982347591681, 42.240926576331987 ], [ -84.213971088886325, 42.24093007772143 ], [ -84.213959813596574, 42.240933523893062 ], [ -84.213948521957491, 42.240936906743038 ], [ -84.213937210594906, 42.240940217209037 ], [ -84.213921429591295, 42.240944689327051 ] ] } },
{ "type": "Feature", "properties": { "road_id": "GL-ROAD-385", "segment_id": "GL-385-9216153800536238005371" }, "geometry": { "type": "LineString", "coordinates": [ [ -84.210652592672361, 42.259136209514622 ], [ -84.210931841988369, 42.2590570057355 ] ] } },
{ "type": "Feature", "properties": { "road_id": "GL-ROAD-386", "segment_id": "GL-386-33806873801690138005291" }, "geometry": { "type": "LineString", "coordinates": [ [ -84.201019885055615, 42.25854025665128 ], [ -84.200794691306868, 42.258531403713839 ], [ -84.200600819117071, 42.258535851941573 ], [ -84.200466003430009, 42.258554475881418 ], [ -84.200324089698938, 42.258617698240769 ], [ -84.200223543850015, 42.258685441601507 ], [ -84.200148135299216, 42.258780566018778 ], [ -84.200114265725901, 42.258959767341452 ], [ -84.200106402945224, 42.259054325738418 ], [ -84.200106506932897, 42.259493910088061 ], [ -84.200090413367334, 42.259985819471602 ], [ -84.200103712467708, 42.260104341032743 ], [ -84.200136790614707, 42.260233200805686 ], [ -84.200232384104183, 42.260334936847038 ], [ -84.200375433581669, 42.260410463652377 ], [ -84.200625869250032, 42.260469728117641 ], [ -84.20080418198809, 42.260474497528051 ], [ -84.200929648506886, 42.260455689939249 ], [ -84.201081286664035, 42.260424967266715 ], [ -84.201347085982945, 42.260378217825306 ], [ -84.201555132384939, 42.260366736005381 ], [ -84.20189415636581, 42.260384069379853 ], [ -84.202053338726145, 42.260404438192637 ], [ -84.202248629580836, 42.260419454854926 ], [ -84.202375596362643, 42.260437624005519 ], [ -84.202523685073658, 42.260438722864158 ], [ -84.202635910364663, 42.260425695140022 ], [ -84.202752647979366, 42.260394935860944 ], [ -84.202817741299924, 42.260354444227211 ], [ -84.203089507537442, 42.260112865613458 ], [ -84.203176082183333, 42.260049525042511 ], [ -84.20327428159051, 42.260002556071917 ], [ -84.203384054593684, 42.259973755016958 ], [ -84.203520055519391, 42.259968152088319 ], [ -84.204115004646098, 42.259960370555547 ] ] } },
{ "type": "Feature", "properties": { "road_id": "GL-ROAD-387", "segment_id": "GL-387-33814193800775538020237" }, "geometry": { "type": "LineString", "coordinates": [ [ -84.209560927814579, 42.236633693032275 ], [ -84.208537224825307, 42.236620539972975 ], [ -84.207565477258115, 42.236622115590002 ], [ -84.206662854611878, 42.236633392290791 ], [ -84.206061357150702, 42.236632313169522 ], [ -84.20523942085228, 42.236653472499341 ], [ -84.204034919682229, 42.236702849549026 ], [ -84.203410296510555, 42.23670138499768 ], [ -84.20257554138125, 42.236765299670743 ], [ -84.201683474193246, 42.236811091574417 ], [ -84.201279540625208, 42.236778788853314 ], [ -84.200933921601973, 42.236730232897877 ], [ -84.200762242536697, 42.236667289741604 ] ] } },
{ "type": "Feature", "properties": { "road_id": "GL-ROAD-388", "segment_id": "GL-388-9170083800775538007448" }, "geometry": { "type": "LineString", "coordinates": [ [ -84.209560927814579, 42.236633693032275 ], [ -84.209498655794519, 42.238596999025567 ], [ -84.209494418015638, 42.239158455428274 ] ] } },
{ "type": "Feature", "properties": { "road_id": "GL-ROAD-389", "segment_id": "GL-389-33811483801945338025532" }, "geometry": { "type": "LineString", "coordinates": [ [ -84.190145706463667, 42.236152313018522 ], [ -84.186778370711707, 42.236178346249673 ], [ -84.186310984385827, 42.236186894380545 ], [ -84.186037860116585, 42.236238963117287 ], [ -84.18579296149062, 42.236309802649373 ], [ -84.185624269306274, 42.236391313981137 ], [ -84.185477580846879, 42.236495650069294 ], [ -84.185345505377455, 42.236617074900153 ], [ -84.185242824204067, 42.236767062531761 ], [ -84.185185471765578, 42.236917787551711 ], [ -84.18514896539601, 42.237130637930022 ], [ -84.185092028729414, 42.239021007459648 ], [ -84.185071756196578, 42.239217849922326 ], [ -84.184988019658448, 42.23935809303147 ], [ -84.184861207745016, 42.239456996301818 ], [ -84.184723389778668, 42.239516539918228 ], [ -84.184593955268383, 42.239548135982339 ], [ -84.182878062381903, 42.239574430741889 ] ] } },
{ "type": "Feature", "properties": { "road_id": "GL-ROAD-390", "segment_id": "GL-390-33801383801945338019431" }, "geometry": { "type": "LineString", "coordinates": [ [ -84.190145706463667, 42.236152313018522 ], [ -84.190112883129231, 42.237309289616164 ], [ -84.190004944638702, 42.240948158056305 ], [ -84.189892630720351, 42.243642907289015 ] ] } },
{ "type": "Feature", "properties": { "road_id": "GL-ROAD-391", "segment_id": "GL-391-9170093800780038007755" }, "geometry": { "type": "LineString", "coordinates": [ [ -84.219253922024564, 42.23648339431228 ], [ -84.213924671544589, 42.236576156211129 ], [ -84.211690850007102, 42.236633748426719 ], [ -84.209560927814579, 42.236633693032275 ] ] } },
{ "type": "Feature", "properties": { "road_id": "GL-ROAD-392", "segment_id": "GL-392-9181093800780038016908" }, "geometry": { "type": "LineString", "coordinates": [ [ -84.219253922024564, 42.23648339431228 ], [ -84.219215126620639, 42.237566351079025 ], [ -84.219146348653425, 42.240148930021256 ], [ -84.219058310778777, 42.24208017211258 ] ] } },
{ "type": "Feature", "properties": { "road_id": "GL-ROAD-393", "segment_id": "GL-393-33801383800931938009273" }, "geometry": { "type": "LineString", "coordinates": [ [ -84.190605126008307, 42.219761531630688 ], [ -84.190583587004994, 42.220093534015909 ] ] } },
{ "type": "Feature", "properties": { "road_id": "GL-ROAD-394", "segment_id": "GL-394-9165013800931438008082" }, "geometry": { "type": "LineString", "coordinates": [ [ -84.171320312363918, 42.219296220968729 ], [ -84.171266174659252, 42.219361383754034 ], [ -84.171237711801055, 42.219427198080922 ], [ -84.171221612116952, 42.2194824670527 ], [ -84.171220187597754, 42.219550852484424 ], [ -84.171209332490136, 42.219820846782433 ], [ -84.171198592046849, 42.220090853757725 ], [ -84.171187960292812, 42.220360870609881 ], [ -84.171177431119105, 42.220630899040501 ], [ -84.171166999734851, 42.220900937169191 ], [ -84.171156660084463, 42.22117098489678 ], [ -84.171146407350264, 42.221441041243374 ], [ -84.171136235476411, 42.221711106109787 ], [ -84.171126139618309, 42.221981179416474 ], [ -84.171116113773394, 42.222251259263416 ], [ -84.171106151885496, 42.222521345551229 ], [ -84.171096249109794, 42.222791438200559 ], [ -84.171086399389864, 42.223061537112116 ], [ -84.171076599145678, 42.223331640425421 ], [ -84.171066839897776, 42.223601748001492 ], [ -84.171057118039144, 42.223871858880337 ], [ -84.1710474274863, 42.224141973863112 ], [ -84.171037763447373, 42.224412091069482 ], [ -84.171028118653936, 42.224682210380315 ], [ -84.171018489471919, 42.224952331736006 ], [ -84.171008869897662, 42.225222453236462 ], [ -84.170999253847256, 42.225492575682708 ], [ -84.170989635316772, 42.225762697174673 ], [ -84.170980010645067, 42.226032818553158 ], [ -84.170970372589963, 42.226302938798554 ], [ -84.170960716331962, 42.226573056931009 ], [ -84.170951035813516, 42.226843172851169 ], [ -84.170941327426434, 42.227113285599088 ], [ -84.170931582716619, 42.227383394135238 ], [ -84.170921798022391, 42.22765349930043 ], [ -84.170911968550612, 42.227923599214421 ], [ -84.170872144138912, 42.228419104251003 ], [ -84.17073346158449, 42.232685786233475 ] ] } },
{ "type": "Feature", "properties": { "road_id": "GL-ROAD-395", "segment_id": "GL-395-9165013800934838009314" }, "geometry": { "type": "LineString", "coordinates": [ [ -84.171535455320949, 42.219074079483569 ], [ -84.171320312363918, 42.219296220968729 ] ] } },
{ "type": "Feature", "properties": { "road_id": "GL-ROAD-396", "segment_id": "GL-396-9163103800932038009348" }, "geometry": { "type": "LineString", "coordinates": [ [ -84.172003279860945, 42.219289491667766 ], [ -84.17185638671684, 42.219244855934605 ], [ -84.171778267178965, 42.219211501656972 ], [ -84.171694954182016, 42.219171379688312 ], [ -84.171590552545226, 42.219114874127349 ], [ -84.171535455320949, 42.219074079483569 ] ] } },
{ "type": "Feature", "properties": { "road_id": "GL-ROAD-397", "segment_id": "GL-397-8992103802004038005737" }, "geometry": { "type": "LineString", "coordinates": [ [ -84.192063248648878, 42.254082137381978 ], [ -84.189421336781663, 42.254436700355221 ] ] } },
{ "type": "Feature", "properties": { "road_id": "GL-ROAD-398", "segment_id": "GL-398-33813333802004038020041" }, "geometry": { "type": "LineString", "coordinates": [ [ -84.192063248648878, 42.254082137381978 ], [ -84.19213184747538, 42.255292499947153 ] ] } },
{ "type": "Feature", "properties": { "road_id": "GL-ROAD-399", "segment_id": "GL-399-33806903801691138025547" }, "geometry": { "type": "LineString", "coordinates": [ [ -84.213921429591295, 42.240944689327051 ], [ -84.213916549064677, 42.240936445058495 ], [ -84.21391166119038, 42.240928203374509 ], [ -84.213906768418028, 42.240919963413539 ], [ -84.213901869535789, 42.240911725156124 ], [ -84.213896965755538, 42.240903488621669 ], [ -84.213892058315096, 42.240895252929214 ], [ -84.213887145976614, 42.240887018959739 ], [ -84.213882229977941, 42.240878785832187 ], [ -84.213877311504774, 42.240870554466433 ], [ -84.213872389397537, 42.240862323042251 ], [ -84.213867464841954, 42.240854092479452 ], [ -84.213862539049742, 42.240845862797435 ], [ -84.213857610809143, 42.240837633976788 ], [ -84.213852682569794, 42.2408294051559 ], [ -84.213847753120035, 42.240821176315393 ], [ -84.213842822459682, 42.240812947455247 ], [ -84.213837892986305, 42.240804719514699 ], [ -84.213832963540341, 42.240796490673532 ], [ -84.213828034095627, 42.240788261832115 ], [ -84.213823107101916, 42.240780032128896 ], [ -84.213818181321187, 42.240771802444883 ], [ -84.213813257991433, 42.240763571899038 ], [ -84.21380833711261, 42.240755340491347 ], [ -84.213803419922641, 42.240747107340837 ], [ -84.213798505157456, 42.240738874228917 ], [ -84.213793595292898, 42.240730639393632 ], [ -84.213788689091061, 42.2407224037159 ], [ -84.21378378657802, 42.240714166295369 ], [ -84.213778890177352, 42.240705927170779 ], [ -84.213773999862923, 42.240697687242694 ], [ -84.213769114475227, 42.240689444690723 ], [ -84.213764235225966, 42.240681199534329 ], [ -84.213759363274761, 42.240672953593773 ], [ -84.213754498673779, 42.240664705068191 ], [ -84.21374964142305, 42.240656453957655 ], [ -84.213744791522586, 42.240648200262065 ], [ -84.21373995139588, 42.240639944020337 ], [ -84.213735118619397, 42.240631685193563 ], [ -84.213730295642861, 42.240623422920237 ], [ -84.21372548244004, 42.240615158100709 ], [ -84.213720679037124, 42.240606889834595 ], [ -84.21371588661971, 42.240598619041698 ], [ -84.213711105213974, 42.240590344821634 ], [ -84.213706334845995, 42.240582066274015 ], [ -84.213701575489665, 42.24057378429918 ], [ -84.213696829568519, 42.240565498935993 ], [ -84.213692094685115, 42.240557209245218 ], [ -84.213687374448682, 42.240548916185503 ], [ -84.213682671387147, 42.240540616194018 ], [ -84.213677984236568, 42.240532311052135 ], [ -84.213673312996903, 42.240524000759933 ], [ -84.213668660117818, 42.240515684455737 ], [ -84.213664024387541, 42.240507362120262 ], [ -84.213659404568233, 42.240499034634368 ], [ -84.213654803109421, 42.240490701136615 ], [ -84.213650217561522, 42.240482362488436 ], [ -84.21364565034807, 42.240474018728747 ], [ -84.213641099071637, 42.240465668918326 ], [ -84.213636566129566, 42.240457313996352 ], [ -84.213632049072288, 42.240448954824494 ], [ -84.213627550375563, 42.24044058964072 ], [ -84.213623068801411, 42.240432219325982 ], [ -84.213618605561706, 42.240423843899762 ], [ -84.213614158232801, 42.240415463323238 ], [ -84.213609729238357, 42.24040707763519 ], [ -84.213605317340338, 42.240398687716592 ], [ -84.213600923802829, 42.240390291786184 ], [ -84.213596547361746, 42.240381891625184 ], [ -84.213592188017202, 42.240373487233789 ], [ -84.213587847033054, 42.240365076830408 ], [ -84.213583524331071, 42.240356663116394 ], [ -84.213579218777724, 42.240348243371081 ], [ -84.213574930294726, 42.240339820295688 ], [ -84.21357066014609, 42.240331392108821 ], [ -84.213566408305581, 42.240322959710873 ], [ -84.213562174799435, 42.240314522201487 ], [ -84.213557957177883, 42.24030608044216 ], [ -84.21355372499022, 42.24029763935016 ], [ -84.213549467278327, 42.240289200551572 ], [ -84.213545190179403, 42.240280761442143 ], [ -84.213540897302622, 42.24027232298063 ], [ -84.213536593547246, 42.240263883443781 ], [ -84.213532284972047, 42.240255442928657 ], [ -84.213527977688244, 42.240246999731525 ], [ -84.213523674119145, 42.240238553891231 ], [ -84.213519380375985, 42.240230103703986 ], [ -84.213515102491286, 42.240221650167214 ], [ -84.213510842967082, 42.240213190618604 ], [ -84.213506610285549, 42.240204725194005 ], [ -84.21350240689641, 42.240196253031804 ], [ -84.213498238858406, 42.240187774229113 ], [ -84.213494111096992, 42.240179286162295 ], [ -84.213490027221241, 42.240170789790035 ], [ -84.213485994580097, 42.240162282527642 ], [ -84.213482017994451, 42.240153765353092 ], [ -84.213478101125688, 42.240145237424244 ], [ -84.213474248873069, 42.240136697017959 ], [ -84.213470467295338, 42.240128144231321 ], [ -84.213466761291755, 42.240119577341076 ], [ -84.213463135709404, 42.240110996424939 ], [ -84.213459595447418, 42.240102399759806 ], [ -84.213456145326745, 42.240093788323669 ], [ -84.213452791484499, 42.240085159512375 ], [ -84.213449537555931, 42.240076513384182 ], [ -84.213446389599738, 42.240067850036226 ], [ -84.21344335254129, 42.240059166844794 ], [ -84.2134404325178, 42.240050461205833 ], [ -84.213437632135495, 42.240041726855196 ], [ -84.213434946469064, 42.240032966416493 ], [ -84.213432374280515, 42.240024180770746 ], [ -84.213429908220817, 42.24001537250269 ], [ -84.213427547052149, 42.240006542493397 ], [ -84.213425285901295, 42.239997691565563 ], [ -84.213423119842759, 42.239988822342895 ], [ -84.213421046426888, 42.239979935686868 ], [ -84.213419061966206, 42.23997103334014 ], [ -84.213417160349493, 42.239962117006492 ], [ -84.213415340338997, 42.239953187566918 ], [ -84.21341359703527, 42.239944246744578 ], [ -84.213411925539077, 42.239935296262672 ], [ -84.213410323374632, 42.239926337883198 ], [ -84.213408785642613, 42.239917373329369 ], [ -84.213407308707716, 42.239908402542866 ], [ -84.213405888856329, 42.239899428166787 ], [ -84.213404522400836, 42.239890451943694 ], [ -84.213403205679867, 42.239881474715794 ], [ -84.213401932556252, 42.239872499087184 ], [ -84.213400701818216, 42.239863525038551 ], [ -84.213399508540306, 42.239854555193403 ], [ -84.213398349061237, 42.239845590393976 ], [ -84.213397218481575, 42.239836632363442 ], [ -84.213396115694167, 42.239827677480683 ], [ -84.213395041064786, 42.239818713139812 ], [ -84.213393999414265, 42.239809740319011 ], [ -84.213392993140005, 42.239800759957383 ], [ -84.213392027089, 42.239791772132719 ], [ -84.213391104844177, 42.239782778704033 ], [ -84.213390230066949, 42.239773778829232 ], [ -84.21338940512851, 42.23976477434784 ], [ -84.21338863366411, 42.239755765318272 ], [ -84.213387920494597, 42.23974675271851 ], [ -84.213387269255236, 42.239737736606799 ], [ -84.213386682317164, 42.23972871882286 ], [ -84.213386163315619, 42.239719699424946 ], [ -84.213385717097651, 42.23971067849061 ], [ -84.213385346034372, 42.239701657859698 ], [ -84.213385053761073, 42.239692637590288 ], [ -84.213384845098545, 42.239683618660578 ], [ -84.21338472125845, 42.239674601089902 ], [ -84.213384688247402, 42.239665586776269 ], [ -84.213384749726586, 42.239656574877394 ], [ -84.213384906855495, 42.239647567213652 ], [ -84.213385165666722, 42.23963856478246 ], [ -84.213385527398088, 42.239629566702838 ], [ -84.213385998056026, 42.239620574872703 ], [ -84.213386580037891, 42.239611590231284 ], [ -84.213387269734469, 42.239602611819933 ], [ -84.213388000578036, 42.239593635869518 ], [ -84.213388755682445, 42.239584659406965 ], [ -84.213389533783698, 42.239575684213754 ], [ -84.213390333696196, 42.239566709369996 ], [ -84.213391156631644, 42.239557734895072 ], [ -84.213391998928699, 42.239548761631198 ], [ -84.213392864274809, 42.239539787835817 ], [ -84.213393747770766, 42.239530815232044 ], [ -84.213394651892258, 42.239521842057869 ], [ -84.213395575375316, 42.239512870094757 ], [ -84.213396517034283, 42.239503898422903 ], [ -84.213397478054802, 42.239494927962006 ], [ -84.213398454853859, 42.239485956853123 ], [ -84.213399449828785, 42.23947698603542 ], [ -84.213400461741742, 42.239468016389978 ], [ -84.213401488221521, 42.239459046077009 ], [ -84.213402531639304, 42.239450076936301 ], [ -84.213403589597718, 42.239441108028537 ], [ -84.213404660885004, 42.239432139334333 ], [ -84.213405746712894, 42.239423170873074 ], [ -84.213406845869699, 42.239414202625348 ], [ -84.213407958355361, 42.239405234591182 ], [ -84.213409082932031, 42.239396267651578 ], [ -84.213410218440174, 42.239387299986255 ], [ -84.213411366039338, 42.239378333415459 ], [ -84.213412523358201, 42.239369366099567 ], [ -84.213413691556354, 42.239360399858761 ], [ -84.213414869474221, 42.239351432872859 ], [ -84.213416055847816, 42.23934246692329 ], [ -84.213417250703287, 42.239333501109549 ], [ -84.213418454040593, 42.239324535431706 ], [ -84.213419664648043, 42.239315569870314 ], [ -84.213420882525568, 42.23930660442538 ], [ -84.213422106461493, 42.239297639077563 ], [ -84.213423336455719, 42.239288673826728 ], [ -84.213424571296613, 42.23927970865352 ], [ -84.213425125057071, 42.239275706995294 ] ] } },
{ "type": "Feature", "properties": { "road_id": "GL-ROAD-400", "segment_id": "GL-400-9170083800744838021751" }, "geometry": { "type": "LineString", "coordinates": [ [ -84.209494418015638, 42.239158455428274 ], [ -84.209492796100818, 42.239861996238616 ], [ -84.209479048869156, 42.240365665066427 ], [ -84.209450845490622, 42.240619914444608 ], [ -84.209398022674975, 42.240962341648341 ], [ -84.209318592320699, 42.241237101164458 ], [ -84.209257996570287, 42.241513227867109 ], [ -84.209246944952227, 42.24162297522313 ], [ -84.20925162306159, 42.241723194766152 ], [ -84.209260833360048, 42.241798098753563 ], [ -84.209302193490302, 42.241891658283841 ], [ -84.209373136483123, 42.242031156332793 ], [ -84.209469409951268, 42.242172561842658 ], [ -84.209588207849862, 42.242316194534666 ], [ -84.209775318905756, 42.24251772163597 ], [ -84.209936177340694, 42.242649023747454 ], [ -84.210157748475609, 42.242806222672243 ], [ -84.210402911486099, 42.243008580412898 ], [ -84.210598598816389, 42.243253568608814 ], [ -84.210642986137643, 42.243345897871805 ], [ -84.210718222351332, 42.243517919258942 ] ] } },
{ "type": "Feature", "properties": { "road_id": "GL-ROAD-401", "segment_id": "GL-401-33806903802554738016909" }, "geometry": { "type": "LineString", "coordinates": [ [ -84.213425125057071, 42.239275706995294 ], [ -84.213425812195823, 42.239270743577393 ], [ -84.213427056729941, 42.239261778559467 ], [ -84.213428303661033, 42.239252814480757 ], [ -84.213429555464913, 42.239243849579282 ], [ -84.213430809691872, 42.239234884716602 ], [ -84.21343206513022, 42.239225919873356 ], [ -84.213433322965585, 42.239216955969198 ], [ -84.213434582038445, 42.239207991184124 ], [ -84.213435841110922, 42.239199026399014 ], [ -84.213437100183114, 42.23919006161384 ], [ -84.213438359228732, 42.239181097729052 ], [ -84.213439617088426, 42.239172132924438 ], [ -84.213440872524288, 42.239163168080907 ], [ -84.213442126748077, 42.239154203217993 ], [ -84.213443378521859, 42.239145239216604 ], [ -84.213444626686226, 42.239136274256509 ], [ -84.213445871215015, 42.239127309238192 ], [ -84.213447110896453, 42.239118344142149 ], [ -84.213448345730626, 42.23910937896845 ], [ -84.213449575717519, 42.239100413717033 ], [ -84.213450800857089, 42.239091448387946 ], [ -84.213452018725874, 42.239082482942315 ], [ -84.213453229323903, 42.239073517380184 ], [ -84.213454432651133, 42.239064551701567 ], [ -84.21345562749589, 42.23905558588698 ], [ -84.213456815069861, 42.2390466199559 ], [ -84.213457992975734, 42.239037652969031 ], [ -84.213459161161282, 42.239028686727259 ], [ -84.213460319652555, 42.23901972033012 ], [ -84.213461467264068, 42.239010752857858 ], [ -84.213463406508495, 42.238995393110613 ] ] } },
{ "type": "Feature", "properties": { "road_id": "GL-ROAD-402", "segment_id": "GL-402-33812503801807938018077" }, "geometry": { "type": "LineString", "coordinates": [ [ -84.222467820984946, 42.223308904978566 ], [ -84.223035461150161, 42.223770917461174 ], [ -84.223169385688621, 42.223883048448265 ], [ -84.223295787013114, 42.224005790133909 ], [ -84.223342970273677, 42.224121902685724 ], [ -84.223357992501704, 42.224226771797788 ], [ -84.223340929688675, 42.224317716000897 ], [ -84.22330214310692, 42.224410995720071 ], [ -84.223216221288268, 42.224511573053057 ], [ -84.223112800974377, 42.224593091595345 ], [ -84.222974075637651, 42.224647219325284 ], [ -84.222767419700062, 42.224678800407446 ], [ -84.219587152909838, 42.224727215991976 ] ] } },
{ "type": "Feature", "properties": { "road_id": "GL-ROAD-403", "segment_id": "GL-403-9181093801983038018077" }, "geometry": { "type": "LineString", "coordinates": [ [ -84.219655225127525, 42.221931346110601 ], [ -84.219587152909838, 42.224727215991976 ] ] } },
{ "type": "Feature", "properties": { "road_id": "GL-ROAD-404", "segment_id": "GL-404-33812493801983038019835" }, "geometry": { "type": "LineString", "coordinates": [ [ -84.219655225127525, 42.221931346110601 ], [ -84.222189458204667, 42.221848789225135 ] ] } },
{ "type": "Feature", "properties": { "road_id": "GL-ROAD-405", "segment_id": "GL-405-9215013802554438016903" }, "geometry": { "type": "LineString", "coordinates": [ [ -84.191195570852003, 42.248032438660978 ], [ -84.191240015876261, 42.248053766941489 ], [ -84.191329152739911, 42.248072748833629 ], [ -84.19240417136055, 42.248049567661347 ] ] } },
{ "type": "Feature", "properties": { "road_id": "GL-ROAD-406", "segment_id": "GL-406-9214173800634538016903" }, "geometry": { "type": "LineString", "coordinates": [ [ -84.192449249027348, 42.249071283471679 ], [ -84.19240417136055, 42.248049567661347 ] ] } },
{ "type": "Feature", "properties": { "road_id": "GL-ROAD-407", "segment_id": "GL-407-8992103800648138006391" }, "geometry": { "type": "LineString", "coordinates": [ [ -84.228367402900389, 42.248526180916606 ], [ -84.224166565703158, 42.248640630480679 ], [ -84.222742876801973, 42.24868701598519 ], [ -84.221913883519051, 42.248742869406996 ], [ -84.220738683967298, 42.248876075394428 ], [ -84.219636020857266, 42.249072590579239 ], [ -84.218982852506699, 42.249189114979629 ] ] } },
{ "type": "Feature", "properties": { "road_id": "GL-ROAD-408", "segment_id": "GL-408-9169083800648138006462" }, "geometry": { "type": "LineString", "coordinates": [ [ -84.228367402900389, 42.248526180916606 ], [ -84.22836913232679, 42.248755174982506 ] ] } },
{ "type": "Feature", "properties": { "road_id": "GL-ROAD-409", "segment_id": "GL-409-9169053800649138006184" }, "geometry": { "type": "LineString", "coordinates": [ [ -84.23773794045762, 42.2485144750583 ], [ -84.237810104742053, 42.250049241075033 ], [ -84.237877407573365, 42.251111401681257 ] ] } },
{ "type": "Feature", "properties": { "road_id": "GL-ROAD-410", "segment_id": "GL-410-9171013801941838006407" }, "geometry": { "type": "LineString", "coordinates": [ [ -84.215472136254562, 42.248102662696411 ], [ -84.215447338995901, 42.248138497505991 ], [ -84.215429236762603, 42.248171119868864 ], [ -84.215417428329289, 42.248221605635493 ], [ -84.215410710017238, 42.248276560830767 ], [ -84.215435839672764, 42.248476943189544 ], [ -84.215454117762746, 42.248700202524937 ], [ -84.215501346798689, 42.248996188386627 ] ] } },
{ "type": "Feature", "properties": { "road_id": "GL-ROAD-411", "segment_id": "GL-411-9171013800651338019418" }, "geometry": { "type": "LineString", "coordinates": [ [ -84.218981981844948, 42.248095153718111 ], [ -84.21566027117548, 42.248080608304512 ], [ -84.215552577349172, 42.248087243919578 ], [ -84.215472136254562, 42.248102662696411 ] ] } },
{ "type": "Feature", "properties": { "road_id": "GL-ROAD-412", "segment_id": "GL-412-9181093800651338006391" }, "geometry": { "type": "LineString", "coordinates": [ [ -84.218981981844948, 42.248095153718111 ], [ -84.218982852506699, 42.249189114979629 ] ] } },
{ "type": "Feature", "properties": { "road_id": "GL-ROAD-413", "segment_id": "GL-413-8992103800651838006481" }, "geometry": { "type": "LineString", "coordinates": [ [ -84.237721128000544, 42.248377353201782 ], [ -84.236065776143533, 42.248405312764284 ], [ -84.235070444478026, 42.248392347555281 ], [ -84.232896260397197, 42.248438288480365 ], [ -84.230915976303365, 42.248464521839701 ], [ -84.22902906727218, 42.248513930558069 ], [ -84.228367402900389, 42.248526180916606 ] ] } },
{ "type": "Feature", "properties": { "road_id": "GL-ROAD-414", "segment_id": "GL-414-9169053800651838006491" }, "geometry": { "type": "LineString", "coordinates": [ [ -84.237721128000544, 42.248377353201782 ], [ -84.23773794045762, 42.2485144750583 ] ] } },
{ "type": "Feature", "properties": { "road_id": "GL-ROAD-415", "segment_id": "GL-415-9170083801690638007755" }, "geometry": { "type": "LineString", "coordinates": [ [ -84.209796051647643, 42.228958809098195 ], [ -84.209679406805634, 42.23304099057156 ], [ -84.209594456390576, 42.234904660217815 ], [ -84.209560927814579, 42.236633693032275 ] ] } },
{ "type": "Feature", "properties": { "road_id": "GL-ROAD-416", "segment_id": "GL-416-33806893801690638016907" }, "geometry": { "type": "LineString", "coordinates": [ [ -84.209796051647643, 42.228958809098195 ], [ -84.208126572572382, 42.228995107122358 ], [ -84.207927754388109, 42.228994171902436 ], [ -84.207771752464623, 42.228991664379443 ], [ -84.207642880725842, 42.228981593310159 ], [ -84.207521414082407, 42.228963641676074 ], [ -84.207417957146532, 42.228943312073454 ], [ -84.207343150765098, 42.228924777172153 ], [ -84.207275865907306, 42.228894363054195 ], [ -84.207212244834508, 42.228861342217868 ], [ -84.207118377259022, 42.22879487590928 ], [ -84.206270434252559, 42.228147467958607 ], [ -84.206123087255193, 42.228038232379376 ], [ -84.206009473344309, 42.227927869210362 ], [ -84.205926398837676, 42.22782052778971 ], [ -84.205740491071026, 42.227523973593883 ], [ -84.205685519598688, 42.22738726095551 ], [ -84.205654629851665, 42.22723340996437 ], [ -84.205652566110686, 42.227101930436888 ], [ -84.205617367507031, 42.226691275585736 ] ] } },
{ "type": "Feature", "properties": { "road_id": "GL-ROAD-417", "segment_id": "GL-417-9170083801808038016906" }, "geometry": { "type": "LineString", "coordinates": [ [ -84.209856918153193, 42.226667084762234 ], [ -84.209796051647643, 42.228958809098195 ] ] } },
{ "type": "Feature", "properties": { "road_id": "GL-ROAD-418", "segment_id": "GL-418-33810703801808038018082" }, "geometry": { "type": "LineString", "coordinates": [ [ -84.209856918153193, 42.226667084762234 ], [ -84.212980148973244, 42.226595681299017 ] ] } },
{ "type": "Feature", "properties": { "road_id": "GL-ROAD-419", "segment_id": "GL-419-8992103800614538006076" }, "geometry": { "type": "LineString", "coordinates": [ [ -84.212962096409456, 42.251059467474846 ], [ -84.212113911884657, 42.251370362700889 ] ] } },
{ "type": "Feature", "properties": { "road_id": "GL-ROAD-420", "segment_id": "GL-420-9170083800614538006080" }, "geometry": { "type": "LineString", "coordinates": [ [ -84.212962096409456, 42.251059467474846 ], [ -84.213197844771045, 42.25137298287553 ] ] } },
{ "type": "Feature", "properties": { "road_id": "GL-ROAD-421", "segment_id": "GL-421-9169083800615738005638" }, "geometry": { "type": "LineString", "coordinates": [ [ -84.228403344710287, 42.251141309112654 ], [ -84.228437235840175, 42.252500045692173 ], [ -84.228434222952387, 42.255996273992963 ] ] } },
{ "type": "Feature", "properties": { "road_id": "GL-ROAD-422", "segment_id": "GL-422-9169053800618438005892" }, "geometry": { "type": "LineString", "coordinates": [ [ -84.237877407573365, 42.251111401681257 ], [ -84.237906905021816, 42.251593833074629 ], [ -84.238019645083654, 42.253086397627065 ], [ -84.238031023091864, 42.253287347322583 ] ] } },
{ "type": "Feature", "properties": { "road_id": "GL-ROAD-423", "segment_id": "GL-423-8992103800620538006145" }, "geometry": { "type": "LineString", "coordinates": [ [ -84.2144856443457, 42.250510901556986 ], [ -84.212962096409456, 42.251059467474846 ] ] } },
{ "type": "Feature", "properties": { "road_id": "GL-ROAD-424", "segment_id": "GL-424-8978033800623838006092" }, "geometry": { "type": "LineString", "coordinates": [ [ -84.203979476563333, 42.250115558416873 ], [ -84.204012827664698, 42.251178472900719 ] ] } },
{ "type": "Feature", "properties": { "road_id": "GL-ROAD-425", "segment_id": "GL-425-9170103800624638006238" }, "geometry": { "type": "LineString", "coordinates": [ [ -84.207813389268267, 42.250098029817799 ], [ -84.203979476563333, 42.250115558416873 ] ] } },
{ "type": "Feature", "properties": { "road_id": "GL-ROAD-426", "segment_id": "GL-426-9191053800624638006003" }, "geometry": { "type": "LineString", "coordinates": [ [ -84.207813389268267, 42.250098029817799 ], [ -84.207864389730901, 42.251073569816903 ], [ -84.207879147660023, 42.251256624674497 ], [ -84.207982268935581, 42.251934054525584 ] ] } },
{ "type": "Feature", "properties": { "road_id": "GL-ROAD-427", "segment_id": "GL-427-9191043800625038006028" }, "geometry": { "type": "LineString", "coordinates": [ [ -84.209993260812652, 42.250107228883287 ], [ -84.210032076716857, 42.251702925904944 ] ] } },
{ "type": "Feature", "properties": { "road_id": "GL-ROAD-428", "segment_id": "GL-428-9170103800625038006246" }, "geometry": { "type": "LineString", "coordinates": [ [ -84.209993260812652, 42.250107228883287 ], [ -84.209819924683813, 42.250091095441441 ], [ -84.207813389268267, 42.250098029817799 ] ] } },
{ "type": "Feature", "properties": { "road_id": "GL-ROAD-429", "segment_id": "GL-429-8978033800620938006265" }, "geometry": { "type": "LineString", "coordinates": [ [ -84.150603473254094, 42.249568092701857 ], [ -84.170137324530984, 42.249350772806643 ] ] } },
{ "type": "Feature", "properties": { "road_id": "GL-ROAD-430", "segment_id": "GL-430-9170083800628338006145" }, "geometry": { "type": "LineString", "coordinates": [ [ -84.212273849355441, 42.24994945723445 ], [ -84.212962096409456, 42.251059467474846 ] ] } },
{ "type": "Feature", "properties": { "road_id": "GL-ROAD-431", "segment_id": "GL-431-8992103800625938006205" }, "geometry": { "type": "LineString", "coordinates": [ [ -84.216032525636706, 42.25000751551547 ], [ -84.215307309543078, 42.250227895095556 ], [ -84.2144856443457, 42.250510901556986 ] ] } },
{ "type": "Feature", "properties": { "road_id": "GL-ROAD-432", "segment_id": "GL-432-9181093801807738008155" }, "geometry": { "type": "LineString", "coordinates": [ [ -84.219587152909838, 42.224727215991976 ], [ -84.219564746553218, 42.225632396725771 ], [ -84.219389402087984, 42.231689461222892 ], [ -84.219393481743481, 42.232837727991793 ] ] } },
{ "type": "Feature", "properties": { "road_id": "GL-ROAD-433", "segment_id": "GL-433-9156073801058738010301" }, "geometry": { "type": "LineString", "coordinates": [ [ -84.132732092265684, 42.198572457047128 ], [ -84.132557246988483, 42.203638235798785 ], [ -84.132520768448614, 42.204231425522657 ] ] } },
{ "type": "Feature", "properties": { "road_id": "GL-ROAD-434", "segment_id": "GL-434-9156053801067538010446" }, "geometry": { "type": "LineString", "coordinates": [ [ -84.157303551902245, 42.198862616376353 ], [ -84.157152834909581, 42.202661732446124 ] ] } },
{ "type": "Feature", "properties": { "road_id": "GL-ROAD-435", "segment_id": "GL-435-9170083800596438005897" }, "geometry": { "type": "LineString", "coordinates": [ [ -84.213744175744964, 42.252241499639418 ], [ -84.213805634503743, 42.252395716154538 ], [ -84.213867241709067, 42.252601073650737 ], [ -84.2139122609981, 42.252900973001779 ] ] } },
{ "type": "Feature", "properties": { "road_id": "GL-ROAD-436", "segment_id": "GL-436-33810293801945438018075" }, "geometry": { "type": "LineString", "coordinates": [ [ -84.183335069900551, 42.234474022430639 ], [ -84.181241277585855, 42.234505176276372 ] ] } },
{ "type": "Feature", "properties": { "road_id": "GL-ROAD-437", "segment_id": "GL-437-33811483802553238019454" }, "geometry": { "type": "LineString", "coordinates": [ [ -84.182878062381903, 42.239574430741889 ], [ -84.182816768887136, 42.239575370045905 ], [ -84.182804969571009, 42.239574952631337 ], [ -84.18252227153981, 42.239564955739397 ], [ -84.18231317616474, 42.239541228633698 ], [ -84.182194497710043, 42.239501123360562 ], [ -84.182064014436605, 42.239425835876283 ], [ -84.181972604596751, 42.239332098812532 ], [ -84.181920922543924, 42.239197656742647 ], [ -84.181894161645275, 42.239089067866757 ], [ -84.181941362805873, 42.23748982001365 ], [ -84.181962231464354, 42.237362922034499 ], [ -84.182077760439086, 42.237209819771266 ], [ -84.182194402267655, 42.237099381544098 ], [ -84.182355710309182, 42.237012138081113 ], [ -84.182592238906949, 42.236937354349735 ], [ -84.18277422428686, 42.236917851119244 ], [ -84.182948985895365, 42.236886996396819 ], [ -84.183148069015743, 42.236800368048186 ], [ -84.183226103723271, 42.236717383843647 ], [ -84.183289028534347, 42.236634154411185 ], [ -84.183330673614648, 42.236247262046994 ], [ -84.183330718558594, 42.235573291852759 ], [ -84.183335069900551, 42.234474022430639 ] ] } },
{ "type": "Feature", "properties": { "road_id": "GL-ROAD-438", "segment_id": "GL-438-33814203802023838020239" }, "geometry": { "type": "LineString", "coordinates": [ [ -84.141342289041887, 42.233533178629024 ], [ -84.136437691143954, 42.233733893601517 ] ] } },
{ "type": "Feature", "properties": { "road_id": "GL-ROAD-439", "segment_id": "GL-439-9165023802023838006551" }, "geometry": { "type": "LineString", "coordinates": [ [ -84.141342289041887, 42.233533178629024 ], [ -84.140831014403858, 42.246280306300882 ] ] } },
{ "type": "Feature", "properties": { "road_id": "GL-ROAD-440", "segment_id": "GL-440-33810293801807338019454" }, "geometry": { "type": "LineString", "coordinates": [ [ -84.190198195704923, 42.234302010909175 ], [ -84.183335069900551, 42.234474022430639 ] ] } },
{ "type": "Feature", "properties": { "road_id": "GL-ROAD-441", "segment_id": "GL-441-33801383801807338019453" }, "geometry": { "type": "LineString", "coordinates": [ [ -84.190198195704923, 42.234302010909175 ], [ -84.190145706463667, 42.236152313018522 ] ] } },
{ "type": "Feature", "properties": { "road_id": "GL-ROAD-442", "segment_id": "GL-442-9165013800808238006265" }, "geometry": { "type": "LineString", "coordinates": [ [ -84.17073346158449, 42.232685786233475 ], [ -84.170137324530984, 42.249350772806643 ] ] } },
{ "type": "Feature", "properties": { "road_id": "GL-ROAD-443", "segment_id": "GL-443-9181093800815538007800" }, "geometry": { "type": "LineString", "coordinates": [ [ -84.219393481743481, 42.232837727991793 ], [ -84.219253922024564, 42.23648339431228 ] ] } },
{ "type": "Feature", "properties": { "road_id": "GL-ROAD-444", "segment_id": "GL-444-9165023802175338020238" }, "geometry": { "type": "LineString", "coordinates": [ [ -84.141729440120628, 42.231235875938424 ], [ -84.141691589192789, 42.231257496851363 ], [ -84.141676124660776, 42.231266330797141 ], [ -84.141553578845645, 42.231370104782165 ], [ -84.141481221021749, 42.231484954385614 ], [ -84.141440175755108, 42.231627632085576 ], [ -84.141412696514649, 42.231777363255482 ], [ -84.141342289041887, 42.233533178629024 ] ] } },
{ "type": "Feature", "properties": { "road_id": "GL-ROAD-445", "segment_id": "GL-445-9017023800817138008155" }, "geometry": { "type": "LineString", "coordinates": [ [ -84.229090506942256, 42.232642808366492 ], [ -84.220557686510801, 42.232833846334657 ], [ -84.219393481743481, 42.232837727991793 ] ] } },
{ "type": "Feature", "properties": { "road_id": "GL-ROAD-446", "segment_id": "GL-446-9188023800818938020259" }, "geometry": { "type": "LineString", "coordinates": [ [ -84.249870180845576, 42.23260276070414 ], [ -84.249862680972782, 42.232789074400536 ], [ -84.249866801857621, 42.23309943307207 ], [ -84.24988712265386, 42.234804351222415 ], [ -84.249926245341612, 42.236526909612806 ], [ -84.249924728381103, 42.236756203883367 ], [ -84.249986043370086, 42.239157649573833 ], [ -84.250014166685432, 42.239617317210659 ], [ -84.250028998170507, 42.241616395874743 ] ] } },
{ "type": "Feature", "properties": { "road_id": "GL-ROAD-447", "segment_id": "GL-447-9170083801024838010162" }, "geometry": { "type": "LineString", "coordinates": [ [ -84.210417542388171, 42.206299279674099 ], [ -84.210383802540747, 42.207038911833607 ], [ -84.210352934521737, 42.207691632462122 ] ] } },
{ "type": "Feature", "properties": { "road_id": "GL-ROAD-448", "segment_id": "GL-448-9181093801026738009701" }, "geometry": { "type": "LineString", "coordinates": [ [ -84.221205466042761, 42.206190331141393 ], [ -84.221137496788728, 42.206349992315872 ], [ -84.221012517194225, 42.206531910268687 ], [ -84.220868137089823, 42.20667509475264 ], [ -84.220786171790039, 42.20673877190503 ], [ -84.220371668262246, 42.20711485850552 ], [ -84.22023145705181, 42.20727595446678 ], [ -84.220143141554288, 42.207420501908501 ], [ -84.220058894719259, 42.207585966053443 ], [ -84.220016097191007, 42.207772943090141 ], [ -84.219996677447838, 42.208208788873272 ], [ -84.219812811921798, 42.214749702918212 ] ] } },
{ "type": "Feature", "properties": { "road_id": "GL-ROAD-449", "segment_id": "GL-449-9163103802024038009320" }, "geometry": { "type": "LineString", "coordinates": [ [ -84.183983142003271, 42.219069284857 ], [ -84.182676445896519, 42.219095121345106 ], [ -84.176087571128548, 42.219240150596498 ], [ -84.175724211563619, 42.219247529759961 ], [ -84.1753608501146, 42.219255009539317 ], [ -84.174997488059745, 42.219262546714823 ], [ -84.174634125306795, 42.219270103449198 ], [ -84.174270763135823, 42.219277636522612 ], [ -84.173907401509894, 42.219285106297072 ], [ -84.173544041631004, 42.219292472254061 ], [ -84.173180684728607, 42.219299692974481 ], [ -84.1728173283459, 42.219306728780751 ], [ -84.172453977374957, 42.219313537413008 ], [ -84.172187020435175, 42.219311750341703 ], [ -84.172086623116769, 42.219302086617475 ], [ -84.172003279860945, 42.219289491667766 ] ] } },
{ "type": "Feature", "properties": { "road_id": "GL-ROAD-450", "segment_id": "GL-450-33814213802024038020241" }, "geometry": { "type": "LineString", "coordinates": [ [ -84.183983142003271, 42.219069284857 ], [ -84.183997759974162, 42.219364378476193 ], [ -84.184032716749186, 42.219491533927432 ], [ -84.184060953695379, 42.21958405675587 ], [ -84.184067834216279, 42.22040122947179 ], [ -84.184045578957154, 42.220631024620133 ], [ -84.183972044360885, 42.22076216801814 ], [ -84.183884898726205, 42.220829797075439 ], [ -84.183783634981921, 42.220851162839999 ], [ -84.183519376447194, 42.22088713674512 ], [ -84.183401789255456, 42.220937007572424 ], [ -84.183345084947661, 42.221022392319881 ], [ -84.183357846103533, 42.221114664111106 ], [ -84.183329403699702, 42.222604471877723 ], [ -84.183347230929101, 42.222664364126707 ], [ -84.18337294602604, 42.222702998739194 ] ] } },
{ "type": "Feature", "properties": { "road_id": "GL-ROAD-451", "segment_id": "GL-451-9163103800928838020240" }, "geometry": { "type": "LineString", "coordinates": [ [ -84.187824659371486, 42.219872341196186 ], [ -84.185857369083152, 42.219185595573748 ], [ -84.185602793696049, 42.219122257411627 ], [ -84.185408659679808, 42.219076625513978 ], [ -84.185213475897228, 42.2190605960661 ], [ -84.184739231237259, 42.219054328732405 ], [ -84.183983142003271, 42.219069284857 ] ] } },
{ "type": "Feature", "properties": { "road_id": "GL-ROAD-452", "segment_id": "GL-452-33801383800936138009319" }, "geometry": { "type": "LineString", "coordinates": [ [ -84.190663558298183, 42.218945912167285 ], [ -84.190605126008307, 42.219761531630688 ] ] } },
{ "type": "Feature", "properties": { "road_id": "GL-ROAD-453", "segment_id": "GL-453-9170083800939838018080" }, "geometry": { "type": "LineString", "coordinates": [ [ -84.210057807521892, 42.218517073459189 ], [ -84.209999488300497, 42.221298409745245 ], [ -84.209856918153193, 42.226667084762234 ] ] } },
{ "type": "Feature", "properties": { "road_id": "GL-ROAD-454", "segment_id": "GL-454-9181093800942938019830" }, "geometry": { "type": "LineString", "coordinates": [ [ -84.21974483635627, 42.218343855401997 ], [ -84.219655225127525, 42.221931346110601 ] ] } },
{ "type": "Feature", "properties": { "road_id": "GL-ROAD-455", "segment_id": "GL-455-9159033800944538009429" }, "geometry": { "type": "LineString", "coordinates": [ [ -84.229437893517002, 42.218198454589533 ], [ -84.21974483635627, 42.218343855401997 ] ] } },
{ "type": "Feature", "properties": { "road_id": "GL-ROAD-456", "segment_id": "GL-456-9140203802140938009445" }, "geometry": { "type": "LineString", "coordinates": [ [ -84.229393564923726, 42.220491636209928 ], [ -84.229437893517002, 42.218198454589533 ] ] } },
{ "type": "Feature", "properties": { "road_id": "GL-ROAD-457", "segment_id": "GL-457-9159033800946438009445" }, "geometry": { "type": "LineString", "coordinates": [ [ -84.239154935648273, 42.218006441323212 ], [ -84.23411449923249, 42.218134954221625 ], [ -84.229437893517002, 42.218198454589533 ] ] } },
{ "type": "Feature", "properties": { "road_id": "GL-ROAD-458", "segment_id": "GL-458-9165013800948638009348" }, "geometry": { "type": "LineString", "coordinates": [ [ -84.168225645391345, 42.216707427888487 ], [ -84.168276239996501, 42.216732195279967 ], [ -84.168326849685187, 42.216756945779949 ], [ -84.16837747437711, 42.216781682089653 ], [ -84.168428111622873, 42.216806405069619 ], [ -84.168478760184399, 42.216831115600407 ], [ -84.168529418796894, 42.216855815462935 ], [ -84.168580086222264, 42.216880505537731 ], [ -84.168630761168927, 42.216905188506111 ], [ -84.168681442425608, 42.216929864348096 ], [ -84.168732128700753, 42.216954535745209 ], [ -84.168782817544923, 42.216979203557941 ], [ -84.168833510142719, 42.217003868706627 ], [ -84.168884202806737, 42.217028532932446 ], [ -84.168934894272113, 42.217053198016281 ], [ -84.168985584512171, 42.217077864858666 ], [ -84.169036272262119, 42.217102535240393 ], [ -84.169086955072544, 42.217127210022227 ], [ -84.16913763167868, 42.217151890985065 ], [ -84.169188302053783, 42.217176579029328 ], [ -84.169238963721739, 42.217201275916118 ], [ -84.169289615417824, 42.217225983426353 ], [ -84.169340255903933, 42.217250702440573 ], [ -84.169390885126646, 42.217275434759699 ], [ -84.169441499425304, 42.217300181224395 ], [ -84.169492098746403, 42.217324943635589 ], [ -84.169542683063284, 42.217349722893715 ], [ -84.1695932486885, 42.217374520739945 ], [ -84.169643794357313, 42.217399338955282 ], [ -84.169694321254312, 42.217424178460014 ], [ -84.169744825692135, 42.217449040995383 ], [ -84.169795307643994, 42.217473927461789 ], [ -84.169845764633948, 42.217498839620397 ], [ -84.169896196635207, 42.217523778371614 ], [ -84.169946601145, 42.217548746377012 ], [ -84.169996978190099, 42.217573742736121 ], [ -84.170047325240958, 42.217598771010955 ], [ -84.170097641059584, 42.217623832082118 ], [ -84.170147929253204, 42.217648926909611 ], [ -84.170198372960996, 42.217674132367591 ], [ -84.170248667907813, 42.217699737141963 ], [ -84.170298245760691, 42.217726066125692 ], [ -84.1703465369486, 42.217753445093351 ], [ -84.17039297308493, 42.217782200740714 ], [ -84.170436985809701, 42.217812658863991 ], [ -84.170478148066096, 42.217845325045424 ], [ -84.170516741950195, 42.217880045365177 ], [ -84.170553242748511, 42.217916281705619 ], [ -84.170588123297719, 42.217953496809066 ], [ -84.170621858856862, 42.217991153456879 ], [ -84.170654788383274, 42.218028896868837 ], [ -84.170686749689807, 42.218067087428686 ], [ -84.170717902795033, 42.218105682718935 ], [ -84.170748451958033, 42.218144578888889 ], [ -84.170778601331349, 42.218183675689197 ], [ -84.17080855635929, 42.218222870188896 ], [ -84.170838521221796, 42.218262061237759 ], [ -84.170868700152369, 42.218301145884631 ], [ -84.170899291194814, 42.218340025580765 ], [ -84.170930101151328, 42.218378798953871 ], [ -84.170960949231102, 42.218417554925978 ], [ -84.170991819446442, 42.218456301342549 ], [ -84.171022699497072, 42.218495044307829 ], [ -84.171053574713298, 42.218533788085551 ], [ -84.171084431503388, 42.218572541461292 ], [ -84.171115255224322, 42.21861130779844 ], [ -84.171146032284298, 42.218650095882644 ], [ -84.171176319816198, 42.218689127268803 ], [ -84.171205901204459, 42.218728513714595 ], [ -84.171235419996336, 42.21876792795284 ], [ -84.171265531960287, 42.218807039312622 ], [ -84.171296885570911, 42.218845517903617 ], [ -84.171330135440741, 42.218883031232799 ], [ -84.17136570487105, 42.218919363728148 ], [ -84.171403097973169, 42.218954767603719 ], [ -84.171441606009751, 42.218989602389421 ], [ -84.171480521400625, 42.219024229436783 ], [ -84.171535455320949, 42.219074079483569 ] ] } },
{ "type": "Feature", "properties": { "road_id": "GL-ROAD-459", "segment_id": "GL-459-9159033800948038009464" }, "geometry": { "type": "LineString", "coordinates": [ [ -84.249361735729636, 42.217964242997994 ], [ -84.248790829707318, 42.217873109595672 ], [ -84.248665124326578, 42.217862808007979 ], [ -84.248194987109954, 42.217846107933852 ], [ -84.247789335170566, 42.217839728497829 ], [ -84.247033218936195, 42.217859925908158 ], [ -84.245282295270286, 42.217906053168406 ], [ -84.239154935648273, 42.218006441323212 ] ] } },
{ "type": "Feature", "properties": { "road_id": "GL-ROAD-460", "segment_id": "GL-460-33801383800951538009361" }, "geometry": { "type": "LineString", "coordinates": [ [ -84.190660330208928, 42.2168727930949 ], [ -84.190663558298183, 42.218945912167285 ] ] } },
{ "type": "Feature", "properties": { "road_id": "GL-ROAD-461", "segment_id": "GL-461-9164113800666438006652" }, "geometry": { "type": "LineString", "coordinates": [ [ -84.189833571550636, 42.246207417145342 ], [ -84.190267433869792, 42.246218185880103 ], [ -84.19059326496685, 42.24623279499793 ], [ -84.190753590475396, 42.24624285431652 ], [ -84.190896247775939, 42.246256356367425 ], [ -84.191071076119684, 42.246285296959819 ], [ -84.191183598881096, 42.246317888889301 ] ] } },
{ "type": "Feature", "properties": { "road_id": "GL-ROAD-462", "segment_id": "GL-462-33811353801941838019419" }, "geometry": { "type": "LineString", "coordinates": [ [ -84.215472136254562, 42.248102662696411 ], [ -84.215402570454842, 42.248071467827387 ], [ -84.215388527284915, 42.247979468604704 ], [ -84.21539462375361, 42.247808198295679 ], [ -84.215394887063397, 42.247609574426527 ], [ -84.215391833563629, 42.247550580241146 ], [ -84.215416158793545, 42.24711270366123 ], [ -84.21538501024699, 42.246929624570669 ], [ -84.215379485318934, 42.246888505758321 ], [ -84.215374264973065, 42.246860134150232 ], [ -84.215364252090808, 42.246824308894176 ], [ -84.215354255551816, 42.246801345139481 ], [ -84.215341622974506, 42.246771027107719 ], [ -84.215322923296, 42.246735607829528 ], [ -84.215295860471187, 42.246695787439037 ], [ -84.215270367623376, 42.246664880721269 ], [ -84.215229565076299, 42.246622019895099 ], [ -84.215176248585976, 42.24657716429649 ], [ -84.215128976377287, 42.246543467687623 ], [ -84.215082326357333, 42.246517752519374 ], [ -84.215023725265183, 42.24648815080235 ], [ -84.214972894931677, 42.246469331240036 ], [ -84.214923034994371, 42.246453424278734 ], [ -84.214860345820568, 42.246438242486889 ], [ -84.214813738172595, 42.246429092467125 ], [ -84.214772491937026, 42.246422451509581 ], [ -84.214750052452644, 42.24642047347033 ], [ -84.214691922425274, 42.246416861950856 ], [ -84.214372800032109, 42.246403589970377 ], [ -84.214221667761933, 42.246396619740537 ], [ -84.213918039115526, 42.246383939625439 ], [ -84.213892095046333, 42.246384993355129 ], [ -84.213872484055273, 42.246387617779931 ], [ -84.213851024958174, 42.246391758436133 ], [ -84.213828547552268, 42.24639777453514 ], [ -84.213806743838518, 42.246406061620064 ], [ -84.213786524708567, 42.24641602261358 ], [ -84.213767891399613, 42.246427656635369 ], [ -84.213752745661296, 42.246438810519869 ], [ -84.213732720534395, 42.246457963146931 ] ] } },
{ "type": "Feature", "properties": { "road_id": "GL-ROAD-463", "segment_id": "GL-463-33806863801689738020235" }, "geometry": { "type": "LineString", "coordinates": [ [ -84.202367741513456, 42.248971630241478 ], [ -84.20236876687251, 42.248146810701513 ], [ -84.20237799242139, 42.248079624372849 ], [ -84.202409932924411, 42.248042946202354 ], [ -84.202478912848719, 42.248023601637456 ], [ -84.202557412270977, 42.248021147127588 ], [ -84.202811755351121, 42.248013888737916 ], [ -84.202892064764512, 42.248010111905245 ], [ -84.202953982537238, 42.24799336029124 ], [ -84.203008798347568, 42.24797778782812 ], [ -84.203041924269172, 42.247950954035829 ], [ -84.203059498926052, 42.247915190109765 ], [ -84.203095717170541, 42.247843510113086 ], [ -84.203175475539112, 42.24596999044465 ] ] } },
{ "type": "Feature", "properties": { "road_id": "GL-ROAD-464", "segment_id": "GL-464-33814183802023538020236" }, "geometry": { "type": "LineString", "coordinates": [ [ -84.203175475539112, 42.24596999044465 ], [ -84.20224563713461, 42.24594924499003 ], [ -84.201917646325967, 42.246038931553898 ] ] } },
{ "type": "Feature", "properties": { "road_id": "GL-ROAD-465", "segment_id": "GL-465-9164113800665238025543" }, "geometry": { "type": "LineString", "coordinates": [ [ -84.191183598881096, 42.246317888889301 ], [ -84.191342349458907, 42.24630483867486 ], [ -84.191395323494319, 42.246280982054657 ], [ -84.191420965611925, 42.246254886913306 ], [ -84.191435084827461, 42.246221601807925 ], [ -84.191449017673918, 42.245985844993996 ], [ -84.191444130321713, 42.245902739676545 ], [ -84.191452893132279, 42.245853882257045 ], [ -84.191457273333825, 42.245829453077022 ], [ -84.191470730404347, 42.245807894299062 ], [ -84.191517816905545, 42.245781666650117 ], [ -84.19157312565838, 42.245766725599175 ], [ -84.19166805243249, 42.245767126697238 ], [ -84.192801159150491, 42.24576291977754 ] ] } },
{ "type": "Feature", "properties": { "road_id": "GL-ROAD-466", "segment_id": "GL-466-9164113802554338006695" }, "geometry": { "type": "LineString", "coordinates": [ [ -84.192801159150491, 42.24576291977754 ], [ -84.192858386154256, 42.245762710922101 ], [ -84.193189346830039, 42.245777261570929 ] ] } },
{ "type": "Feature", "properties": { "road_id": "GL-ROAD-467", "segment_id": "GL-467-9181093800673738025593" }, "geometry": { "type": "LineString", "coordinates": [ [ -84.218997610157189, 42.246017513538888 ], [ -84.218980105887198, 42.246902680625773 ], [ -84.218980624967884, 42.247232088443177 ] ] } },
{ "type": "Feature", "properties": { "road_id": "GL-ROAD-468", "segment_id": "GL-468-9170083800674238025510" }, "geometry": { "type": "LineString", "coordinates": [ [ -84.211328738609112, 42.24578115149729 ], [ -84.211348510644399, 42.245879061745825 ], [ -84.211463532888544, 42.246884254616688 ], [ -84.211567050916983, 42.247963037596442 ], [ -84.211644228687831, 42.248594683644512 ], [ -84.211704026575717, 42.248806153697693 ], [ -84.211779900362373, 42.248990357306987 ] ] } },
{ "type": "Feature", "properties": { "road_id": "GL-ROAD-469", "segment_id": "GL-469-8992103800674938006518" }, "geometry": { "type": "LineString", "coordinates": [ [ -84.250103668224668, 42.246216956463307 ], [ -84.249950205376877, 42.246260899900427 ], [ -84.248665091394571, 42.246592108019328 ], [ -84.246236628565825, 42.247211306896702 ], [ -84.245449385003241, 42.247412137455427 ], [ -84.244612745272974, 42.247609201228805 ], [ -84.24354083495335, 42.24780476521083 ], [ -84.242391825131136, 42.247988038713544 ], [ -84.241130367804217, 42.248145182538003 ], [ -84.239887171255376, 42.24828650306808 ], [ -84.238872208732374, 42.248352397964638 ], [ -84.237721128000544, 42.248377353201782 ] ] } },
{ "type": "Feature", "properties": { "road_id": "GL-ROAD-470", "segment_id": "GL-470-9168103800998138009464" }, "geometry": { "type": "LineString", "coordinates": [ [ -84.239311618403804, 42.210618565239386 ], [ -84.239310931009058, 42.211475623148019 ], [ -84.239199686102936, 42.217038892342792 ], [ -84.239154935648273, 42.218006441323212 ] ] } },
{ "type": "Feature", "properties": { "road_id": "GL-ROAD-471", "segment_id": "GL-471-9163083801905238009948" }, "geometry": { "type": "LineString", "coordinates": [ [ -84.181182560142943, 42.209257902198516 ], [ -84.179496793580029, 42.209254994465276 ], [ -84.178098461554001, 42.209232849842898 ], [ -84.162633696501771, 42.209032988064656 ], [ -84.162317886750131, 42.209063257381558 ], [ -84.157261926998842, 42.209965962709589 ], [ -84.156897020072023, 42.209994971035336 ] ] } },
{ "type": "Feature", "properties": { "road_id": "GL-ROAD-472", "segment_id": "GL-472-9156073801009238009800" }, "geometry": { "type": "LineString", "coordinates": [ [ -84.132367540479748, 42.207279544176004 ], [ -84.132221456381728, 42.211285816204828 ], [ -84.132205628332215, 42.211392676207176 ], [ -84.132181303429178, 42.211456752659352 ], [ -84.132141319064019, 42.211502082242973 ] ] } },
{ "type": "Feature", "properties": { "road_id": "GL-ROAD-473", "segment_id": "GL-473-9156053801044638009948" }, "geometry": { "type": "LineString", "coordinates": [ [ -84.157152834909581, 42.202661732446124 ], [ -84.156897020072023, 42.209994971035336 ] ] } },
{ "type": "Feature", "properties": { "road_id": "GL-ROAD-474", "segment_id": "GL-474-9140203800944538017605" }, "geometry": { "type": "LineString", "coordinates": [ [ -84.229437893517002, 42.218198454589533 ], [ -84.229549953192333, 42.213079579298288 ], [ -84.229581518912966, 42.210511347799006 ], [ -84.229646923385289, 42.208323493577389 ], [ -84.22968601139155, 42.207022914127499 ], [ -84.229735369806576, 42.205994067435789 ], [ -84.229797741116798, 42.205200771734702 ], [ -84.230067912614601, 42.204749084046384 ], [ -84.230571873730412, 42.203721166250034 ] ] } },
{ "type": "Feature", "properties": { "road_id": "GL-ROAD-475", "segment_id": "GL-475-9168103802141738009981" }, "geometry": { "type": "LineString", "coordinates": [ [ -84.239503868666532, 42.203600149584723 ], [ -84.239377144749696, 42.20726030879311 ], [ -84.239311618403804, 42.210618565239386 ] ] } },
{ "type": "Feature", "properties": { "road_id": "GL-ROAD-476", "segment_id": "GL-476-9169033801040138010368" }, "geometry": { "type": "LineString", "coordinates": [ [ -84.238608094616183, 42.203321310444352 ], [ -84.238523248776431, 42.203374568649792 ], [ -84.238361847118995, 42.203433967009907 ], [ -84.238215064541265, 42.203467783731966 ], [ -84.238114132188372, 42.20347651282858 ], [ -84.236495385590388, 42.203507687108633 ], [ -84.236450211153908, 42.203503604644069 ] ] } },
{ "type": "Feature", "properties": { "road_id": "GL-ROAD-477", "segment_id": "GL-477-9181093801047938010415" }, "geometry": { "type": "LineString", "coordinates": [ [ -84.220995366293806, 42.203038852646536 ], [ -84.221026660434248, 42.203343321629561 ], [ -84.221071878654314, 42.20402076509211 ] ] } },
{ "type": "Feature", "properties": { "road_id": "GL-ROAD-478", "segment_id": "GL-478-9169033801039738010401" }, "geometry": { "type": "LineString", "coordinates": [ [ -84.23951498380265, 42.203279082816117 ], [ -84.239110063089655, 42.203278991330457 ], [ -84.23892881643107, 42.203286096613752 ], [ -84.238608094616183, 42.203321310444352 ] ] } },
{ "type": "Feature", "properties": { "road_id": "GL-ROAD-479", "segment_id": "GL-479-9168103801039738021417" }, "geometry": { "type": "LineString", "coordinates": [ [ -84.23951498380265, 42.203279082816117 ], [ -84.239503868666532, 42.203600149584723 ] ] } },
{ "type": "Feature", "properties": { "road_id": "GL-ROAD-480", "segment_id": "GL-480-9168103801047838010397" }, "geometry": { "type": "LineString", "coordinates": [ [ -84.239544929061864, 42.20306419812286 ], [ -84.23951498380265, 42.203279082816117 ] ] } },
{ "type": "Feature", "properties": { "road_id": "GL-ROAD-481", "segment_id": "GL-481-9215023801047538010401" }, "geometry": { "type": "LineString", "coordinates": [ [ -84.238210171062263, 42.202869497444368 ], [ -84.238214303575546, 42.203010405275869 ], [ -84.238261514984018, 42.203109166744447 ], [ -84.238323051538273, 42.203178106371013 ], [ -84.238414730635554, 42.203236075673978 ], [ -84.238492883447492, 42.20328917548018 ], [ -84.238608094616183, 42.203321310444352 ] ] } },
{ "type": "Feature", "properties": { "road_id": "GL-ROAD-482", "segment_id": "GL-482-33815783802141738021418" }, "geometry": { "type": "LineString", "coordinates": [ [ -84.239503868666532, 42.203600149584723 ], [ -84.239685289634266, 42.203573030416742 ], [ -84.239953632569041, 42.203549862565779 ], [ -84.24026305677674, 42.20350327268617 ], [ -84.240474618104017, 42.203463612208083 ], [ -84.240553584981001, 42.203435538135388 ], [ -84.240604171966339, 42.203393351862275 ], [ -84.240702242568744, 42.203283160873497 ], [ -84.240866852151839, 42.203046316058114 ], [ -84.241009239426575, 42.202872809334366 ], [ -84.241040948638997, 42.202800093561464 ] ] } },
{ "type": "Feature", "properties": { "road_id": "GL-ROAD-483", "segment_id": "GL-483-33810723801855838010478" }, "geometry": { "type": "LineString", "coordinates": [ [ -84.239516958552414, 42.202649780444197 ], [ -84.239544929061864, 42.20306419812286 ] ] } },
{ "type": "Feature", "properties": { "road_id": "GL-ROAD-484", "segment_id": "GL-484-33810733801855838010475" }, "geometry": { "type": "LineString", "coordinates": [ [ -84.239516958552414, 42.202649780444197 ], [ -84.239246232371897, 42.202620574455025 ], [ -84.239031904179896, 42.202612200349208 ], [ -84.238785936060268, 42.202623876428433 ], [ -84.238485234747941, 42.202713333285388 ], [ -84.238416453601289, 42.202749755632759 ], [ -84.238210171062263, 42.202869497444368 ] ] } },
{ "type": "Feature", "properties": { "road_id": "GL-ROAD-485", "segment_id": "GL-485-33810733801047538010579" }, "geometry": { "type": "LineString", "coordinates": [ [ -84.238210171062263, 42.202869497444368 ], [ -84.237978539009802, 42.202841906684178 ], [ -84.237779945187611, 42.20283535469175 ], [ -84.237697834724614, 42.202819275685492 ], [ -84.237599335250593, 42.20278815817764 ], [ -84.237520932032879, 42.202749400529562 ], [ -84.237419862712414, 42.20270118933125 ], [ -84.237309917452762, 42.202642604968872 ], [ -84.237002855884725, 42.202449419189499 ] ] } },
{ "type": "Feature", "properties": { "road_id": "GL-ROAD-486", "segment_id": "GL-486-9140203801760538010334" }, "geometry": { "type": "LineString", "coordinates": [ [ -84.230571873730412, 42.203721166250034 ], [ -84.230626831924027, 42.203670630840413 ], [ -84.230777040104854, 42.203595803460068 ], [ -84.230954841257159, 42.203580873962466 ], [ -84.231121978031894, 42.203580991858672 ], [ -84.233177370197652, 42.203555928046796 ], [ -84.233276565192526, 42.20354718563874 ], [ -84.233364565173716, 42.203519762380807 ], [ -84.233443154451777, 42.203482582381405 ], [ -84.233496052985245, 42.203440192595636 ], [ -84.233526969097582, 42.203375839493503 ], [ -84.233869983707521, 42.202357095605038 ] ] } },
{ "type": "Feature", "properties": { "road_id": "GL-ROAD-487", "segment_id": "GL-487-33812503801983538018079" }, "geometry": { "type": "LineString", "coordinates": [ [ -84.222189458204667, 42.221848789225135 ], [ -84.22224674750467, 42.222932231071375 ], [ -84.222260111358949, 42.223037250495842 ], [ -84.222293845056228, 42.223118220808168 ], [ -84.22233769341176, 42.223189602648091 ], [ -84.222467820984946, 42.223308904978566 ] ] } },
{ "type": "Feature", "properties": { "road_id": "GL-ROAD-488", "segment_id": "GL-488-33812493801983538019834" }, "geometry": { "type": "LineString", "coordinates": [ [ -84.222189458204667, 42.221848789225135 ], [ -84.224190946145896, 42.221783548058603 ] ] } },
{ "type": "Feature", "properties": { "road_id": "GL-ROAD-489", "segment_id": "GL-489-33801383800927338018073" }, "geometry": { "type": "LineString", "coordinates": [ [ -84.190583587004994, 42.220093534015909 ], [ -84.190417588553672, 42.225993320202811 ], [ -84.190300633071629, 42.230159456179905 ], [ -84.190238770410417, 42.232871651491216 ], [ -84.190198195704923, 42.234302010909175 ] ] } },
{ "type": "Feature", "properties": { "road_id": "GL-ROAD-490", "segment_id": "GL-490-9163103800927338009288" }, "geometry": { "type": "LineString", "coordinates": [ [ -84.190583587004994, 42.220093534015909 ], [ -84.189235905808729, 42.220132860662545 ], [ -84.188796721347799, 42.22013700687296 ], [ -84.188622972520136, 42.220125196067826 ], [ -84.188475668208426, 42.220088989956892 ], [ -84.188335698823778, 42.220044950143354 ], [ -84.187824659371486, 42.219872341196186 ] ] } },
{ "type": "Feature", "properties": { "road_id": "GL-ROAD-491", "segment_id": "GL-491-33815743802140938021414" }, "geometry": { "type": "LineString", "coordinates": [ [ -84.229393564923726, 42.220491636209928 ], [ -84.227579143251745, 42.220506470701231 ], [ -84.227366676857201, 42.220508354191224 ], [ -84.227259762127346, 42.220532967978606 ], [ -84.2267997789844, 42.22077037380096 ] ] } },
{ "type": "Feature", "properties": { "road_id": "GL-ROAD-492", "segment_id": "GL-492-9140203800817138021409" }, "geometry": { "type": "LineString", "coordinates": [ [ -84.229090506942256, 42.232642808366492 ], [ -84.229241718774944, 42.225788911500779 ], [ -84.229393564923726, 42.220491636209928 ] ] } },
{ "type": "Feature", "properties": { "road_id": "GL-ROAD-493", "segment_id": "GL-493-9173148302670638010913" }, "geometry": { "type": "LineString", "coordinates": [ [ -84.232508402009771, 42.197043932595278 ], [ -84.23232880253525, 42.196769146964463 ], [ -84.232260688712515, 42.196596810881147 ] ] } },
{ "type": "Feature", "properties": { "road_id": "GL-ROAD-494", "segment_id": "GL-494-33801383801094738010816" }, "geometry": { "type": "LineString", "coordinates": [ [ -84.191315019671563, 42.195760422643417 ], [ -84.191298336962532, 42.197288119350162 ] ] } },
{ "type": "Feature", "properties": { "road_id": "GL-ROAD-495", "segment_id": "GL-495-9156053801904538010675" }, "geometry": { "type": "LineString", "coordinates": [ [ -84.152596689336406, 42.194249404594906 ], [ -84.152594961734621, 42.194294418917856 ], [ -84.152593236578994, 42.194339432380154 ], [ -84.15259151021003, 42.194384445821953 ], [ -84.152589786233321, 42.194429460203885 ], [ -84.15258806228104, 42.194474473685027 ], [ -84.152586338326302, 42.194519487165742 ], [ -84.15258461557994, 42.194564500666147 ], [ -84.152582894014984, 42.194609515086611 ], [ -84.152581173685334, 42.194654528626316 ], [ -84.152579454564076, 42.194699542185681 ], [ -84.152577735440332, 42.194744555744677 ], [ -84.152576018708857, 42.194789570243763 ], [ -84.152574303212774, 42.194834583862111 ], [ -84.152572588925025, 42.194879597500119 ], [ -84.152570877056618, 42.194924611177846 ], [ -84.152569165185653, 42.194969624855197 ], [ -84.152567455733973, 42.195014638572225 ], [ -84.152565748674633, 42.1950596532294 ], [ -84.152564042850642, 42.195104667005836 ], [ -84.152562339445922, 42.195149680821949 ], [ -84.152560637249636, 42.195194694657779 ], [ -84.152558938683512, 42.195239708553359 ], [ -84.152557241325823, 42.195284722468621 ], [ -84.152555546387418, 42.195329736423531 ], [ -84.152553853868326, 42.195374750418182 ], [ -84.152552162557683, 42.195419764432557 ], [ -84.152550476088066, 42.195464778526706 ], [ -84.15254879082697, 42.195509792640543 ], [ -84.152547107985157, 42.195554806794071 ], [ -84.15254542877355, 42.195599821007406 ], [ -84.152543751981312, 42.195644835260438 ], [ -84.152542078819323, 42.195689849573249 ], [ -84.152540408076661, 42.195734863925779 ], [ -84.152538740991218, 42.195779877437687 ], [ -84.152537076298202, 42.1958248918897 ], [ -84.152535415235405, 42.195869906401512 ], [ -84.152533757802914, 42.195914920973088 ], [ -84.152532104027671, 42.195959934704049 ], [ -84.152530453855718, 42.196004949395196 ], [ -84.152528807314084, 42.196049964146063 ], [ -84.15252716321875, 42.196094978036285 ], [ -84.152524251341831, 42.196140293433736 ], [ -84.152523372055541, 42.196185537999426 ], [ -84.152533264236197, 42.196229366465175 ], [ -84.152552087110649, 42.196272281645783 ], [ -84.152576296538399, 42.196314017635103 ], [ -84.15260329018335, 42.196354292598585 ], [ -84.152631715456153, 42.196394055256434 ], [ -84.152661503172752, 42.196433350405449 ], [ -84.152692638084318, 42.196472080499333 ], [ -84.152725104914879, 42.19651014889206 ], [ -84.15275868564612, 42.196547594312079 ], [ -84.152792529110954, 42.19658492515935 ], [ -84.152826550300716, 42.196622188672272 ], [ -84.152860760410462, 42.196659375126522 ], [ -84.152895167110373, 42.196696471136114 ], [ -84.152929782833382, 42.196733466096461 ], [ -84.152964614011807, 42.196770347501918 ], [ -84.15299967428939, 42.196807104767899 ], [ -84.153034971282423, 42.196843726309162 ], [ -84.153070515055902, 42.196880199680123 ], [ -84.15310631562086, 42.196916514236086 ], [ -84.153142383042336, 42.196952657531369 ], [ -84.153178726147459, 42.196988618000802 ], [ -84.153216078721584, 42.197024004209588 ], [ -84.153255474546597, 42.197058237806388 ], [ -84.153296468452751, 42.197091498796894 ], [ -84.153338584457515, 42.197123984694279 ], [ -84.153381347842654, 42.197155891231525 ], [ -84.153424907288226, 42.197187108262348 ], [ -84.153469525999469, 42.197217544652339 ], [ -84.153514871013513, 42.19724743631798 ], [ -84.15356060449713, 42.19727701999647 ], [ -84.153606394617555, 42.1973065343266 ], [ -84.153652031822787, 42.197336139795482 ], [ -84.153697636643102, 42.197365776239337 ], [ -84.153743225090139, 42.197395434914668 ], [ -84.153788799801333, 42.197425108658294 ], [ -84.153834368177115, 42.197454793088426 ], [ -84.153879935276791, 42.197484481081915 ], [ -84.153925507343629, 42.197514166436164 ], [ -84.153971089356148, 42.197543844729232 ], [ -84.154016686373723, 42.197573508837969 ], [ -84.154062305850431, 42.197603152579752 ], [ -84.154107951553968, 42.197632771512602 ], [ -84.154153630965382, 42.197662358553423 ], [ -84.154199347879185, 42.19769190835985 ], [ -84.154245108565533, 42.197721413828774 ], [ -84.154290919186934, 42.197750871458602 ], [ -84.15433678606739, 42.197780272345391 ], [ -84.154382712947481, 42.197809612947601 ], [ -84.154428706097391, 42.197838886161939 ], [ -84.154474772944354, 42.19786808670618 ], [ -84.154520916098818, 42.197897208317357 ], [ -84.154567143014873, 42.197926244812727 ], [ -84.154613459908788, 42.197955190889914 ], [ -84.154661484932603, 42.197982806715331 ], [ -84.154712950124093, 42.198007002125557 ], [ -84.154766871276578, 42.198027265361382 ], [ -84.154823208351033, 42.198043314689556 ], [ -84.154881153771811, 42.198056873600507 ], [ -84.154951797800351, 42.198073331609692 ], [ -84.155010838234816, 42.198083538460132 ], [ -84.155069904310494, 42.198093617782241 ], [ -84.155129384632744, 42.198101757172438 ], [ -84.155189653160079, 42.198107079074347 ], [ -84.155250209844922, 42.198107871694418 ], [ -84.155310730930694, 42.198106735858595 ], [ -84.155371256402418, 42.198105534300808 ], [ -84.155431784887369, 42.198104272403498 ], [ -84.155492316304617, 42.198102952867963 ], [ -84.155552851622474, 42.198101583817838 ], [ -84.155613387127289, 42.198100167894381 ], [ -84.155673926290078, 42.198098710560039 ], [ -84.155734466500419, 42.19809721807767 ], [ -84.155795007677355, 42.198095693148574 ], [ -84.155855550816355, 42.19809414299597 ], [ -84.155916094571751, 42.198092572102013 ], [ -84.155976637597959, 42.198090984948621 ], [ -84.156037182182118, 42.198089386077967 ], [ -84.156097725713892, 42.198087781752896 ], [ -84.15615826926954, 42.198086176495423 ], [ -84.156218811503621, 42.198084574787643 ], [ -84.156279352281473, 42.198082981131677 ], [ -84.156339891387702, 42.198081402730708 ], [ -84.156400428714733, 42.198079843186456 ], [ -84.156460964128016, 42.198078307000984 ], [ -84.156521497466102, 42.198076799576768 ], [ -84.156582027356635, 42.198075326296241 ], [ -84.156642553638235, 42.198073892561915 ], [ -84.156703077414235, 42.198072501995426 ], [ -84.156763597285533, 42.198071160879699 ], [ -84.156824113144481, 42.198069872816362 ], [ -84.156884623591949, 42.198068644088309 ], [ -84.156945129677652, 42.19806748011802 ], [ -84.157005631320914, 42.198066383606729 ], [ -84.157066524495718, 42.198068766337677 ], [ -84.157123456140951, 42.198083466759996 ], [ -84.157176460027557, 42.198106396446406 ], [ -84.157247602052962, 42.198172130937742 ], [ -84.15727857296946, 42.198210915564268 ], [ -84.157301599927891, 42.198252617432097 ], [ -84.157317921165259, 42.198295937248488 ], [ -84.157324578689199, 42.198340733356901 ], [ -84.157324472547415, 42.198385842020549 ], [ -84.157323136356226, 42.198430840275556 ], [ -84.157321543200823, 42.198475842392369 ], [ -84.157319734252809, 42.198520849051292 ], [ -84.157317755608332, 42.198565858311333 ], [ -84.157315648466195, 42.198610869952219 ], [ -84.157313457711851, 42.198655882013085 ], [ -84.157311226912341, 42.198700896114524 ], [ -84.157308999769313, 42.198745909375184 ], [ -84.157306819877093, 42.198790922515258 ], [ -84.157303551902245, 42.198862616376353 ] ] } },
{ "type": "Feature", "properties": { "road_id": "GL-ROAD-496", "segment_id": "GL-496-33801383802140438010947" }, "geometry": { "type": "LineString", "coordinates": [ [ -84.191335751855931, 42.193730781644142 ], [ -84.191315019671563, 42.195760422643417 ] ] } },
{ "type": "Feature", "properties": { "road_id": "GL-ROAD-497", "segment_id": "GL-497-33800283801072938010742" }, "geometry": { "type": "LineString", "coordinates": [ [ -84.228792054643009, 42.199270365084217 ], [ -84.229022859503331, 42.199306557351356 ], [ -84.229226845692068, 42.199336061134723 ], [ -84.229360333097191, 42.199345785887559 ], [ -84.230130155269705, 42.199362956854543 ], [ -84.230934298990306, 42.199341164912809 ], [ -84.231526888293772, 42.199286384162455 ], [ -84.23185425699404, 42.199217515245913 ], [ -84.232168490633981, 42.199143500360755 ], [ -84.232867499290862, 42.199001003876802 ] ] } },
{ "type": "Feature", "properties": { "road_id": "GL-ROAD-498", "segment_id": "GL-498-33806933801075238010706" }, "geometry": { "type": "LineString", "coordinates": [ [ -84.234257057184593, 42.198900652566401 ], [ -84.234277701695987, 42.198956134620111 ], [ -84.234287559440688, 42.199018482153086 ], [ -84.234317597556981, 42.199192102389453 ], [ -84.234324678089735, 42.199443788544905 ], [ -84.234279835054167, 42.199607427876771 ] ] } },
{ "type": "Feature", "properties": { "road_id": "GL-ROAD-499", "segment_id": "GL-499-33800283801074238010752" }, "geometry": { "type": "LineString", "coordinates": [ [ -84.232867499290862, 42.199001003876802 ], [ -84.233700481010686, 42.198922180996711 ], [ -84.233956697287198, 42.198905574333601 ], [ -84.234090421191326, 42.19889529238376 ], [ -84.234257057184593, 42.198900652566401 ] ] } },
{ "type": "Feature", "properties": { "road_id": "GL-ROAD-500", "segment_id": "GL-500-9181093801075638010479" }, "geometry": { "type": "LineString", "coordinates": [ [ -84.220256828130616, 42.198630847742535 ], [ -84.220215971277497, 42.200167169182883 ], [ -84.220172630652314, 42.201279225751307 ], [ -84.220242768796638, 42.201592017772057 ], [ -84.220320877897407, 42.201770555651436 ], [ -84.220430226198616, 42.201915823400078 ], [ -84.220548873770213, 42.202031235180378 ], [ -84.2207715763289, 42.202284297750495 ], [ -84.220836910673526, 42.202381021230586 ], [ -84.220888364878718, 42.202503426771258 ], [ -84.220950660726473, 42.202636109227669 ], [ -84.220977513932212, 42.202754732065983 ], [ -84.220995366293806, 42.203038852646536 ] ] } },
{ "type": "Feature", "properties": { "road_id": "GL-ROAD-501", "segment_id": "GL-501-33800283801075638010729" }, "geometry": { "type": "LineString", "coordinates": [ [ -84.220256828130616, 42.198630847742535 ], [ -84.226006100446753, 42.198568922611642 ], [ -84.226183906459298, 42.198573617504458 ], [ -84.226341134646447, 42.19859661933566 ], [ -84.226458067796571, 42.198626433065506 ], [ -84.226980665475921, 42.19881239793294 ], [ -84.2275153074889, 42.199012974457695 ], [ -84.227669693511359, 42.199056363007685 ], [ -84.228383470240701, 42.199198634991014 ], [ -84.228792054643009, 42.199270365084217 ] ] } },
{ "type": "Feature", "properties": { "road_id": "GL-ROAD-502", "segment_id": "GL-502-33801383801081638010336" }, "geometry": { "type": "LineString", "coordinates": [ [ -84.191298336962532, 42.197288119350162 ], [ -84.191211991105519, 42.200412028098654 ], [ -84.191201189706703, 42.201205657679807 ], [ -84.19109670643688, 42.204491859682363 ] ] } },
{ "type": "Feature", "properties": { "road_id": "GL-ROAD-503", "segment_id": "GL-503-9173063801082738010816" }, "geometry": { "type": "LineString", "coordinates": [ [ -84.195251819268307, 42.197172274200767 ], [ -84.191298336962532, 42.197288119350162 ] ] } },
{ "type": "Feature", "properties": { "road_id": "GL-ROAD-504", "segment_id": "GL-504-9156073802035038010587" }, "geometry": { "type": "LineString", "coordinates": [ [ -84.132817740256911, 42.196029016442765 ], [ -84.132732092265684, 42.198572457047128 ] ] } },
{ "type": "Feature", "properties": { "road_id": "GL-ROAD-505", "segment_id": "GL-505-9173143801074238010835" }, "geometry": { "type": "LineString", "coordinates": [ [ -84.232867499290862, 42.199001003876802 ], [ -84.232924458030652, 42.198585366098584 ], [ -84.232917787141346, 42.197986090694172 ], [ -84.232823435806736, 42.197512504074062 ] ] } },
{ "type": "Feature", "properties": { "road_id": "GL-ROAD-506", "segment_id": "GL-506-33814733802035038020351" }, "geometry": { "type": "LineString", "coordinates": [ [ -84.132817740256911, 42.196029016442765 ], [ -84.137599410592259, 42.19590471373472 ] ] } },
{ "type": "Feature", "properties": { "road_id": "GL-ROAD-507", "segment_id": "GL-507-33810313801083538018083" }, "geometry": { "type": "LineString", "coordinates": [ [ -84.232823435806736, 42.197512504074062 ], [ -84.233689359863334, 42.197345792078366 ] ] } },
{ "type": "Feature", "properties": { "road_id": "GL-ROAD-508", "segment_id": "GL-508-9173063801085338010827" }, "geometry": { "type": "LineString", "coordinates": [ [ -84.210635677736747, 42.196897394939057 ], [ -84.209444939933135, 42.196909478456234 ], [ -84.207334018447725, 42.196933017084895 ], [ -84.207141140093654, 42.196935165288266 ], [ -84.205034478485658, 42.196996982822853 ], [ -84.201837884881073, 42.19706107714422 ], [ -84.195251819268307, 42.197172274200767 ] ] } },
{ "type": "Feature", "properties": { "road_id": "GL-ROAD-509", "segment_id": "GL-509-9170083801085338010391" }, "geometry": { "type": "LineString", "coordinates": [ [ -84.210635677736747, 42.196897394939057 ], [ -84.210621245357771, 42.197450833593301 ], [ -84.210583182174105, 42.197939485910055 ], [ -84.21053863075916, 42.198287184138181 ], [ -84.210442488488653, 42.198987591465439 ], [ -84.210454867271025, 42.199536086926692 ], [ -84.210493219636987, 42.199910972374646 ], [ -84.210540929079073, 42.200717230769406 ], [ -84.210542336705856, 42.201233907695702 ], [ -84.210452205475278, 42.20413708058009 ] ] } },
{ "type": "Feature", "properties": { "road_id": "GL-ROAD-510", "segment_id": "GL-510-9173143801083583026706" }, "geometry": { "type": "LineString", "coordinates": [ [ -84.232823435806736, 42.197512504074062 ], [ -84.232508402009771, 42.197043932595278 ] ] } },
{ "type": "Feature", "properties": { "road_id": "GL-ROAD-511", "segment_id": "GL-511-33810723801855638018558" }, "geometry": { "type": "LineString", "coordinates": [ [ -84.239503968441014, 42.20216598810795 ], [ -84.239516596165004, 42.202427922607264 ], [ -84.239516958552414, 42.202649780444197 ] ] } },
{ "type": "Feature", "properties": { "road_id": "GL-ROAD-512", "segment_id": "GL-512-9173023801062938010601" }, "geometry": { "type": "LineString", "coordinates": [ [ -84.243836629983974, 42.201115073456037 ], [ -84.244042751523878, 42.201202291094539 ], [ -84.244661314680812, 42.201363891573763 ], [ -84.245359089715905, 42.201508875652863 ] ] } },
{ "type": "Feature", "properties": { "road_id": "GL-ROAD-513", "segment_id": "GL-513-9169113801047838010634" }, "geometry": { "type": "LineString", "coordinates": [ [ -84.239544929061864, 42.20306419812286 ], [ -84.239634993609442, 42.202892464156889 ], [ -84.23981982268117, 42.202659866160893 ], [ -84.240026826659104, 42.202459511507257 ], [ -84.240365823088894, 42.20225878864165 ], [ -84.24106078897816, 42.202006124642004 ], [ -84.241569915366398, 42.201865791424503 ], [ -84.241910743521132, 42.201722798878862 ], [ -84.242561889512643, 42.201413148174176 ], [ -84.243248079175117, 42.201173161525283 ], [ -84.243495512215247, 42.201097152257709 ], [ -84.243687217455246, 42.20106553534189 ] ] } },
{ "type": "Feature", "properties": { "road_id": "GL-ROAD-514", "segment_id": "GL-514-9173023801063438010629" }, "geometry": { "type": "LineString", "coordinates": [ [ -84.243687217455246, 42.20106553534189 ], [ -84.243836629983974, 42.201115073456037 ] ] } },
{ "type": "Feature", "properties": { "road_id": "GL-ROAD-515", "segment_id": "GL-515-9169113801063438010635" }, "geometry": { "type": "LineString", "coordinates": [ [ -84.243687217455246, 42.20106553534189 ], [ -84.243833486921204, 42.201017714542466 ] ] } },
{ "type": "Feature", "properties": { "road_id": "GL-ROAD-516", "segment_id": "GL-516-9169113801063538018568" }, "geometry": { "type": "LineString", "coordinates": [ [ -84.243833486921204, 42.201017714542466 ], [ -84.244182241469943, 42.200980631087702 ], [ -84.244370696567614, 42.200970686397717 ], [ -84.24455619559545, 42.200987933426035 ], [ -84.245240087477598, 42.2011609029081 ], [ -84.246104466111234, 42.201255890126824 ], [ -84.246694331811113, 42.201263576421077 ], [ -84.247362556012419, 42.201252226635148 ], [ -84.248204486587838, 42.201095298759796 ], [ -84.248636750263884, 42.201039396878919 ] ] } },
{ "type": "Feature", "properties": { "road_id": "GL-ROAD-517", "segment_id": "GL-517-9169113801856838010644" }, "geometry": { "type": "LineString", "coordinates": [ [ -84.248636750263884, 42.201039396878919 ], [ -84.248951066338847, 42.200998746825462 ], [ -84.249125392625501, 42.200956587106823 ] ] } },
{ "type": "Feature", "properties": { "road_id": "GL-ROAD-518", "segment_id": "GL-518-9163083801009438010092" }, "geometry": { "type": "LineString", "coordinates": [ [ -84.133692105957451, 42.207309735296093 ], [ -84.132367540479748, 42.207279544176004 ] ] } },
{ "type": "Feature", "properties": { "road_id": "GL-ROAD-519", "segment_id": "GL-519-9163083800996338010094" }, "geometry": { "type": "LineString", "coordinates": [ [ -84.152737624861118, 42.209668870777158 ], [ -84.145484793436495, 42.209057660143465 ], [ -84.145027480563243, 42.209005315612238 ], [ -84.144406936530885, 42.208877549882018 ], [ -84.138297082374876, 42.20748495373185 ], [ -84.137827957860267, 42.207384751081854 ], [ -84.137485952855698, 42.207326697313938 ], [ -84.137184228545962, 42.207306264690956 ], [ -84.136256779211735, 42.207296934444344 ], [ -84.133692105957451, 42.207309735296093 ] ] } },
{ "type": "Feature", "properties": { "road_id": "GL-ROAD-520", "segment_id": "GL-520-9163083801010538019052" }, "geometry": { "type": "LineString", "coordinates": [ [ -84.190999712914746, 42.208164186622355 ], [ -84.190647460087135, 42.20816891584704 ], [ -84.186975998019847, 42.208206957996801 ], [ -84.186751751476478, 42.208251881514684 ], [ -84.186566769840994, 42.208313995423367 ], [ -84.186336723834685, 42.20846417990645 ], [ -84.186116070816141, 42.208655958505602 ], [ -84.18599637081752, 42.208754655792553 ], [ -84.185887921268844, 42.208831828246915 ], [ -84.185610110353196, 42.208922530333545 ], [ -84.184869735105096, 42.209021240459059 ], [ -84.183338972771196, 42.209247548008889 ], [ -84.183106254359217, 42.209268803481677 ], [ -84.182743071417235, 42.209271234169428 ], [ -84.181793212485928, 42.209258948859819 ], [ -84.181182560142943, 42.209257902198516 ] ] } },
{ "type": "Feature", "properties": { "road_id": "GL-ROAD-521", "segment_id": "GL-521-33801383801010538009965" }, "geometry": { "type": "LineString", "coordinates": [ [ -84.190999712914746, 42.208164186622355 ], [ -84.190982141727929, 42.208766936342862 ], [ -84.190906443973887, 42.210219441300737 ] ] } },
{ "type": "Feature", "properties": { "road_id": "GL-ROAD-522", "segment_id": "GL-522-9156073801012538010092" }, "geometry": { "type": "LineString", "coordinates": [ [ -84.132441384311775, 42.206531916718546 ], [ -84.132367540479748, 42.207279544176004 ] ] } },
{ "type": "Feature", "properties": { "road_id": "GL-ROAD-523", "segment_id": "GL-523-33806283801009438010125" }, "geometry": { "type": "LineString", "coordinates": [ [ -84.133692105957451, 42.207309735296093 ], [ -84.133418770898345, 42.207281771535591 ], [ -84.133273673674879, 42.207249269023329 ], [ -84.133108967452714, 42.207196388693554 ], [ -84.132980352608953, 42.20713909871062 ], [ -84.132858881009795, 42.207068561130384 ], [ -84.132764365065412, 42.206998475388922 ], [ -84.132663869204634, 42.206903226636868 ], [ -84.132598960176736, 42.206820268328549 ], [ -84.132508460016581, 42.206691770164241 ], [ -84.132441384311775, 42.206531916718546 ] ] } },
{ "type": "Feature", "properties": { "road_id": "GL-ROAD-524", "segment_id": "GL-524-9170083801016238009697" }, "geometry": { "type": "LineString", "coordinates": [ [ -84.210352934521737, 42.207691632462122 ], [ -84.210259531831767, 42.211445499687926 ], [ -84.210199378060125, 42.214112013694638 ], [ -84.210192764297958, 42.214339630641746 ], [ -84.210169311476037, 42.214536864726298 ], [ -84.210147930065872, 42.214630694600061 ] ] } },
{ "type": "Feature", "properties": { "road_id": "GL-ROAD-525", "segment_id": "GL-525-9156073801014338010125" }, "geometry": { "type": "LineString", "coordinates": [ [ -84.132481431416991, 42.205871801618159 ], [ -84.132441384311775, 42.206531916718546 ] ] } },
{ "type": "Feature", "properties": { "road_id": "GL-ROAD-526", "segment_id": "GL-526-33814893802039738020396" }, "geometry": { "type": "LineString", "coordinates": [ [ -84.221088005488241, 42.206053940595666 ], [ -84.218433096822153, 42.20610845860503 ] ] } },
{ "type": "Feature", "properties": { "road_id": "GL-ROAD-527", "segment_id": "GL-527-33814893802039438020397" }, "geometry": { "type": "LineString", "coordinates": [ [ -84.221225782329327, 42.206051109672892 ], [ -84.221088005488241, 42.206053940595666 ] ] } },
{ "type": "Feature", "properties": { "road_id": "GL-ROAD-528", "segment_id": "GL-528-9181093802039438010267" }, "geometry": { "type": "LineString", "coordinates": [ [ -84.221225782329327, 42.206051109672892 ], [ -84.221226054226875, 42.206075763742753 ], [ -84.221205466042761, 42.206190331141393 ] ] } },
{ "type": "Feature", "properties": { "road_id": "GL-ROAD-529", "segment_id": "GL-529-33801383801028938010105" }, "geometry": { "type": "LineString", "coordinates": [ [ -84.191087764352488, 42.205474487146674 ], [ -84.191068451420435, 42.205868612048178 ], [ -84.191054353438943, 42.206643184899725 ], [ -84.190999712914746, 42.208164186622355 ] ] } },
{ "type": "Feature", "properties": { "road_id": "GL-ROAD-530", "segment_id": "GL-530-9156073801030138010143" }, "geometry": { "type": "LineString", "coordinates": [ [ -84.132520768448614, 42.204231425522657 ], [ -84.132481431416991, 42.205871801618159 ] ] } },
{ "type": "Feature", "properties": { "road_id": "GL-ROAD-531", "segment_id": "GL-531-9170083801030638010248" }, "geometry": { "type": "LineString", "coordinates": [ [ -84.210424427985302, 42.205343020838569 ], [ -84.210417542388171, 42.206299279674099 ] ] } },
{ "type": "Feature", "properties": { "road_id": "GL-ROAD-532", "segment_id": "GL-532-33801383801033638010289" }, "geometry": { "type": "LineString", "coordinates": [ [ -84.19109670643688, 42.204491859682363 ], [ -84.191087764352488, 42.205474487146674 ] ] } },
{ "type": "Feature", "properties": { "road_id": "GL-ROAD-533", "segment_id": "GL-533-9163073801034538010336" }, "geometry": { "type": "LineString", "coordinates": [ [ -84.193757250766922, 42.20443903820081 ], [ -84.19109670643688, 42.204491859682363 ] ] } },
{ "type": "Feature", "properties": { "road_id": "GL-ROAD-534", "segment_id": "GL-534-9163073801035738010345" }, "geometry": { "type": "LineString", "coordinates": [ [ -84.195758903940387, 42.204392865551696 ], [ -84.193757250766922, 42.20443903820081 ] ] } },
{ "type": "Feature", "properties": { "road_id": "GL-ROAD-535", "segment_id": "GL-535-9163073801905438010357" }, "geometry": { "type": "LineString", "coordinates": [ [ -84.203051624642043, 42.204263092732646 ], [ -84.200728953822519, 42.204289409264867 ], [ -84.196240575370354, 42.204383604742581 ], [ -84.195758903940387, 42.204392865551696 ] ] } },
{ "type": "Feature", "properties": { "road_id": "GL-ROAD-536", "segment_id": "GL-536-9163073801038738019054" }, "geometry": { "type": "LineString", "coordinates": [ [ -84.20977553664649, 42.204167196230607 ], [ -84.207524383255461, 42.204229988696042 ], [ -84.206606550259366, 42.204244516614224 ], [ -84.205438810384464, 42.204235996012834 ], [ -84.203051624642043, 42.204263092732646 ] ] } },
{ "type": "Feature", "properties": { "road_id": "GL-ROAD-537", "segment_id": "GL-537-9163073801039138010387" }, "geometry": { "type": "LineString", "coordinates": [ [ -84.210452205475278, 42.20413708058009 ], [ -84.210104059810988, 42.204143989942168 ], [ -84.20977553664649, 42.204167196230607 ] ] } },
{ "type": "Feature", "properties": { "road_id": "GL-ROAD-538", "segment_id": "GL-538-9170083801039138010306" }, "geometry": { "type": "LineString", "coordinates": [ [ -84.210452205475278, 42.20413708058009 ], [ -84.210424427985302, 42.205343020838569 ] ] } },
{ "type": "Feature", "properties": { "road_id": "GL-ROAD-539", "segment_id": "GL-539-9181093801041538020394" }, "geometry": { "type": "LineString", "coordinates": [ [ -84.221071878654314, 42.20402076509211 ], [ -84.221222364464921, 42.205740576431872 ], [ -84.221225782329327, 42.206051109672892 ] ] } },
{ "type": "Feature", "properties": { "road_id": "GL-ROAD-540", "segment_id": "GL-540-9156073801125838020350" }, "geometry": { "type": "LineString", "coordinates": [ [ -84.132993176097855, 42.191352481422335 ], [ -84.132875846624401, 42.194303393047171 ], [ -84.132817740256911, 42.196029016442765 ] ] } },
{ "type": "Feature", "properties": { "road_id": "GL-ROAD-541", "segment_id": "GL-541-9156053801136638019045" }, "geometry": { "type": "LineString", "coordinates": [ [ -84.152718829527075, 42.190830395654181 ], [ -84.152643163582127, 42.193034032925034 ], [ -84.152641456632011, 42.193079047599731 ], [ -84.152639748495616, 42.193124061353501 ], [ -84.152638037935034, 42.193169075066749 ], [ -84.152636326161186, 42.193214088759589 ], [ -84.15263461317393, 42.193259102431938 ], [ -84.152632897762572, 42.193304116063821 ], [ -84.152631181110891, 42.193349130575641 ], [ -84.152629463272831, 42.193394144166547 ], [ -84.15262774543227, 42.193439157757105 ], [ -84.152626025167592, 42.193484171307162 ], [ -84.152624303662549, 42.193529185737155 ], [ -84.152622582181991, 42.19357419926633 ], [ -84.152620858277231, 42.193619212755067 ], [ -84.152619134369942, 42.193664226243314 ], [ -84.152617410433251, 42.193709240631605 ], [ -84.152615685310195, 42.193754254099048 ], [ -84.152613958973703, 42.193799267546026 ], [ -84.15261223260778, 42.193844281893007 ], [ -84.152610506266356, 42.193889295339197 ], [ -84.152608779922403, 42.193934308784975 ], [ -84.152607052338112, 42.193979323110746 ], [ -84.152605324778278, 42.194024336535669 ], [ -84.152603597215958, 42.194069349960209 ], [ -84.152601869651178, 42.19411436338433 ], [ -84.152600143267705, 42.194159377728546 ], [ -84.152598415697895, 42.194204391151928 ], [ -84.152596689336406, 42.194249404594906 ] ] } },
{ "type": "Feature", "properties": { "road_id": "GL-ROAD-542", "segment_id": "GL-542-33801383801151638021404" }, "geometry": { "type": "LineString", "coordinates": [ [ -84.191477011626574, 42.190060704302716 ], [ -84.191338697585067, 42.193442430333683 ], [ -84.191335751855931, 42.193730781644142 ] ] } },
{ "type": "Feature", "properties": { "road_id": "GL-ROAD-543", "segment_id": "GL-543-9173063801088838010853" }, "geometry": { "type": "LineString", "coordinates": [ [ -84.220306617070648, 42.196681309416164 ], [ -84.21541498126453, 42.196772677034303 ], [ -84.214860734351916, 42.196781216864608 ], [ -84.21308097723724, 42.196837891386238 ], [ -84.210635677736747, 42.196897394939057 ] ] } },
{ "type": "Feature", "properties": { "road_id": "GL-ROAD-544", "segment_id": "GL-544-9181093801088838010756" }, "geometry": { "type": "LineString", "coordinates": [ [ -84.220306617070648, 42.196681309416164 ], [ -84.220256828130616, 42.198630847742535 ] ] } },
{ "type": "Feature", "properties": { "road_id": "GL-ROAD-545", "segment_id": "GL-545-9154103801090138010729" }, "geometry": { "type": "LineString", "coordinates": [ [ -84.228342263357732, 42.19663448249927 ], [ -84.229206404440319, 42.196898592530658 ], [ -84.229438475819379, 42.196978432883284 ], [ -84.229634608393596, 42.197075275245133 ], [ -84.229681925292482, 42.197133500846078 ], [ -84.229658022396748, 42.197209798796948 ], [ -84.229614096301404, 42.197309262568758 ], [ -84.229533443716988, 42.197489389520925 ], [ -84.229494940661326, 42.197716197657456 ], [ -84.229470082202369, 42.19795511463213 ], [ -84.229428116957735, 42.198118506153911 ], [ -84.229360331381102, 42.198255482701327 ], [ -84.229258728956196, 42.19836319298723 ], [ -84.22912535803242, 42.198465961564956 ], [ -84.22899312787068, 42.19858331112431 ], [ -84.22888719786512, 42.198695700631518 ], [ -84.228823382798325, 42.198792535459262 ], [ -84.22879897798633, 42.199008579939949 ], [ -84.228792054643009, 42.199270365084217 ] ] } },
{ "type": "Feature", "properties": { "road_id": "GL-ROAD-546", "segment_id": "GL-546-9170083800969738009398" }, "geometry": { "type": "LineString", "coordinates": [ [ -84.210147930065872, 42.214630694600061 ], [ -84.210057807521892, 42.218517073459189 ] ] } },
{ "type": "Feature", "properties": { "road_id": "GL-ROAD-547", "segment_id": "GL-547-9163093800970138009697" }, "geometry": { "type": "LineString", "coordinates": [ [ -84.219812811921798, 42.214749702918212 ], [ -84.217998500915357, 42.214794564225905 ], [ -84.215007563175547, 42.214868780667985 ], [ -84.210147930065872, 42.214630694600061 ] ] } },
{ "type": "Feature", "properties": { "road_id": "GL-ROAD-548", "segment_id": "GL-548-9181093800970138009429" }, "geometry": { "type": "LineString", "coordinates": [ [ -84.219812811921798, 42.214749702918212 ], [ -84.21974483635627, 42.218343855401997 ] ] } },
{ "type": "Feature", "properties": { "road_id": "GL-ROAD-549", "segment_id": "GL-549-9163093800969738009361" }, "geometry": { "type": "LineString", "coordinates": [ [ -84.210147930065872, 42.214630694600061 ], [ -84.208416279113436, 42.214533643578143 ], [ -84.207003204951562, 42.214518783358074 ], [ -84.206449328788551, 42.214534073383909 ], [ -84.206053198915725, 42.214562271759569 ], [ -84.205749536272123, 42.214609242510065 ], [ -84.205514895205425, 42.214681523830734 ], [ -84.205336037441313, 42.214754702754419 ], [ -84.204828849937698, 42.215036494576225 ], [ -84.204168720927271, 42.215493971448424 ], [ -84.203616227345279, 42.215845718326413 ], [ -84.202612609038027, 42.216497801481694 ], [ -84.201664436649551, 42.21706025546623 ], [ -84.201229764738557, 42.217267510756301 ], [ -84.20103628787389, 42.217377533222418 ], [ -84.200793201615411, 42.217557470160799 ], [ -84.20053419355574, 42.217784320531301 ], [ -84.200058633464508, 42.218250420487358 ], [ -84.199693148430001, 42.21856345167447 ], [ -84.199478325104423, 42.21869782625263 ], [ -84.199299849319615, 42.218774549693222 ], [ -84.199074907604015, 42.218815639821173 ], [ -84.198780203124628, 42.218821691105738 ], [ -84.19686210753963, 42.218846030221648 ], [ -84.190663558298183, 42.218945912167285 ] ] } },
{ "type": "Feature", "properties": { "road_id": "GL-ROAD-550", "segment_id": "GL-550-9156053801691238008273" }, "geometry": { "type": "LineString", "coordinates": [ [ -84.156770117657885, 42.213498670312191 ], [ -84.156727553125407, 42.214159070017651 ], [ -84.15671290196974, 42.214257475116803 ], [ -84.156670076121202, 42.214384427594425 ], [ -84.156612253786875, 42.214490822488933 ], [ -84.1565100448165, 42.214645807471449 ], [ -84.15637289816182, 42.214794411686739 ], [ -84.156217114496485, 42.214913694803101 ], [ -84.156073812873927, 42.215007071853449 ], [ -84.155911613133128, 42.215079826579128 ], [ -84.15567919378941, 42.215151419334298 ], [ -84.155380975456595, 42.215204516473662 ], [ -84.155083277333532, 42.215240213330247 ], [ -84.154840106767139, 42.215279712028909 ], [ -84.154552982726656, 42.215353299398835 ], [ -84.154335210541106, 42.21545704814497 ], [ -84.154092032782344, 42.215627106967638 ], [ -84.153873382954757, 42.215890415082811 ], [ -84.15369157848346, 42.216096304886861 ], [ -84.153490788697383, 42.216284472072708 ], [ -84.153248734822995, 42.216416829870525 ], [ -84.152595048797295, 42.216739665477824 ], [ -84.152305395027668, 42.21689734532962 ], [ -84.152074344470407, 42.217053094368637 ], [ -84.151911776810408, 42.217268004129366 ], [ -84.151799575196605, 42.217495353719428 ], [ -84.151762801744027, 42.217680432418348 ], [ -84.151626387561564, 42.221075016124914 ], [ -84.151351065073499, 42.23062680903783 ] ] } },
{ "type": "Feature", "properties": { "road_id": "GL-ROAD-551", "segment_id": "GL-551-33806923801691238016913" }, "geometry": { "type": "LineString", "coordinates": [ [ -84.156770117657885, 42.213498670312191 ], [ -84.156831351631439, 42.213498661386993 ], [ -84.156893406692035, 42.213496724653162 ], [ -84.156955420001594, 42.213494887190933 ], [ -84.157016528810615, 42.213495173381212 ], [ -84.157075871534573, 42.213499609427544 ], [ -84.157132612785432, 42.213510196743925 ], [ -84.157187636104055, 42.213526810296948 ], [ -84.15724141369418, 42.21354800481042 ], [ -84.157293505375392, 42.21357285774674 ], [ -84.157343467329156, 42.213600446508799 ], [ -84.157390859420232, 42.213629846759574 ], [ -84.157435280269112, 42.213660175341126 ], [ -84.157477888086888, 42.213692253147101 ], [ -84.157518729442401, 42.213726549393073 ], [ -84.157556896096835, 42.213762759005242 ], [ -84.157591479834963, 42.213800576010613 ], [ -84.157621571199996, 42.213839695317297 ], [ -84.15764624622426, 42.213879851231887 ], [ -84.157664676095209, 42.213921851649538 ], [ -84.157677788638125, 42.213965670456901 ], [ -84.157686973884154, 42.214010697311259 ], [ -84.157693619390997, 42.214056323629727 ], [ -84.157699114011976, 42.214101938147707 ], [ -84.157704788922231, 42.214146953871591 ], [ -84.157709546012128, 42.214191782374158 ], [ -84.157712638294711, 42.214236764454483 ], [ -84.157714349843388, 42.214281842645001 ], [ -84.157714967154902, 42.214326959518289 ], [ -84.157714776726635, 42.214372057646685 ], [ -84.157714046834414, 42.214417081103477 ], [ -84.15771236430696, 42.214462068108027 ], [ -84.157709617922904, 42.214507050155262 ], [ -84.157706057439782, 42.214552023261987 ], [ -84.157701931485363, 42.214596980723925 ], [ -84.157697487423093, 42.214641917617492 ], [ -84.157692956924592, 42.214686826958399 ], [ -84.157687848435671, 42.214731693421989 ], [ -84.157682090275898, 42.214776523031325 ], [ -84.157676029616823, 42.214821336834191 ], [ -84.157670014923099, 42.214866153197327 ], [ -84.157664394633301, 42.214910991387875 ], [ -84.157659490512557, 42.214955871133455 ], [ -84.157654295790877, 42.215000823552849 ], [ -84.157648740752705, 42.215045829477553 ], [ -84.15764365672571, 42.215090848585547 ], [ -84.157639873828643, 42.215135840534906 ], [ -84.157638224632052, 42.215180764123424 ], [ -84.157639522167145, 42.215225583231188 ], [ -84.157643485912516, 42.215270439163668 ], [ -84.157649593630069, 42.2153153296018 ], [ -84.157657696095441, 42.215360138573246 ], [ -84.157667645429598, 42.215404745623388 ], [ -84.157679294883479, 42.215449033018942 ], [ -84.157692568203316, 42.215492876082969 ], [ -84.157709320408955, 42.215536043300482 ], [ -84.157729149581868, 42.215578682979434 ], [ -84.157750339467199, 42.215621087480429 ], [ -84.157771172540748, 42.215663550946068 ], [ -84.157789928851457, 42.215706367479967 ], [ -84.157804943193483, 42.215749823983359 ], [ -84.157816991232252, 42.215793877413525 ], [ -84.157827110188222, 42.215838329595087 ], [ -84.157835478113853, 42.215883061853383 ], [ -84.157842274219277, 42.215927957334614 ], [ -84.157847678980445, 42.215972897403908 ], [ -84.157851808379704, 42.216017772270831 ], [ -84.157853254047666, 42.216062709122141 ], [ -84.157852279957609, 42.21610775555795 ], [ -84.157850150439046, 42.216152859486598 ], [ -84.157848128721525, 42.216197965195065 ], [ -84.157847477984333, 42.216243018770939 ], [ -84.157849372529256, 42.216287980148863 ], [ -84.157852057536871, 42.216333174387373 ], [ -84.157855113957339, 42.216378552226637 ], [ -84.15785951501654, 42.216423827050228 ], [ -84.157866240026351, 42.216468711441053 ], [ -84.157876261033408, 42.216512917861749 ], [ -84.157890565537684, 42.216556168938943 ], [ -84.157909736554402, 42.216598461685706 ], [ -84.157932845465965, 42.216640009583216 ], [ -84.157958683224621, 42.216681001663609 ], [ -84.157986043121412, 42.216721629701247 ], [ -84.15801371368012, 42.216762082690089 ], [ -84.1580407065684, 42.216802503762807 ], [ -84.158070202659644, 42.216842133768992 ], [ -84.158101960508091, 42.216881103848372 ], [ -84.158133771476002, 42.216920000925136 ], [ -84.158163426787155, 42.216959416427706 ], [ -84.158188715318616, 42.216999939045678 ], [ -84.158207616465546, 42.217042108365959 ], [ -84.158222584055423, 42.217085283857422 ], [ -84.158235374484647, 42.217129007156402 ], [ -84.158246383385105, 42.217173178494441 ], [ -84.158256008785301, 42.21721769904331 ], [ -84.158264646372729, 42.217262467233262 ], [ -84.158272694177967, 42.217307384235646 ], [ -84.158280547863683, 42.217352349381002 ], [ -84.158288604251283, 42.21739726382031 ], [ -84.158315207204467, 42.217480484245328 ], [ -84.158315092193945, 42.217750551975492 ], [ -84.158489227215938, 42.217974909487225 ], [ -84.158846318546566, 42.218339767334783 ] ] } },
{ "type": "Feature", "properties": { "road_id": "GL-ROAD-552", "segment_id": "GL-552-33815723802140438021405" }, "geometry": { "type": "LineString", "coordinates": [ [ -84.191335751855931, 42.193730781644142 ], [ -84.192673303581671, 42.193705247759539 ], [ -84.194909139517421, 42.193675657148795 ], [ -84.196146354894751, 42.193652774671122 ], [ -84.196479355804996, 42.193603771271135 ], [ -84.196712606623578, 42.193513361635176 ], [ -84.196884967418725, 42.193373355747347 ], [ -84.196990900582307, 42.193179618581922 ], [ -84.197013437406028, 42.193051764411528 ] ] } },
{ "type": "Feature", "properties": { "road_id": "GL-ROAD-553", "segment_id": "GL-553-9156053800827338006209" }, "geometry": { "type": "LineString", "coordinates": [ [ -84.151351065073499, 42.23062680903783 ], [ -84.150603473254094, 42.249568092701857 ] ] } },
{ "type": "Feature", "properties": { "road_id": "GL-ROAD-554", "segment_id": "GL-554-9156053800977538016912" }, "geometry": { "type": "LineString", "coordinates": [ [ -84.156821634552855, 42.212480038571883 ], [ -84.156770117657885, 42.213498670312191 ] ] } },
{ "type": "Feature", "properties": { "road_id": "GL-ROAD-555", "segment_id": "GL-555-9165013800977538009486" }, "geometry": { "type": "LineString", "coordinates": [ [ -84.156821634552855, 42.212480038571883 ], [ -84.156882173848246, 42.212478466884946 ], [ -84.156942713840579, 42.212476871755385 ], [ -84.157003253237818, 42.212475255864454 ], [ -84.157063793197224, 42.212473621032998 ], [ -84.157124333638095, 42.212471969962188 ], [ -84.157184874506541, 42.212470304452935 ], [ -84.157245415748605, 42.212468626305949 ], [ -84.157305957283583, 42.212466938222505 ], [ -84.157366497846425, 42.212465241983445 ], [ -84.157427038567548, 42.212463540309962 ], [ -84.157487580604311, 42.212461835022928 ], [ -84.157548121507403, 42.212460126982705 ], [ -84.157608663564673, 42.212458420731373 ], [ -84.157669204326822, 42.212456717129356 ], [ -84.157729744951197, 42.212455017997414 ], [ -84.157790286595286, 42.212453325156396 ], [ -84.15785082791335, 42.212451643088379 ], [ -84.157911367721013, 42.212449970872953 ], [ -84.157971908306394, 42.212448313052121 ], [ -84.158032449642477, 42.212446670526354 ], [ -84.158092989253106, 42.212445045056434 ], [ -84.158153529453202, 42.212443440284034 ], [ -84.158214067793452, 42.2124418570695 ], [ -84.158274607799939, 42.212440299074572 ], [ -84.158335145839175, 42.212438766239146 ], [ -84.158395684225965, 42.212437262204972 ], [ -84.158456221695516, 42.212435788752778 ], [ -84.15851675937833, 42.212434348603828 ], [ -84.158577296036427, 42.212432942638564 ], [ -84.158637832800409, 42.212431573578165 ], [ -84.158698368378509, 42.212430244103928 ], [ -84.158758902717111, 42.212428956016652 ], [ -84.158819436946814, 42.212427712037496 ], [ -84.158879971067677, 42.212426512166545 ], [ -84.158940503707427, 42.212425361786281 ], [ -84.159001216315232, 42.212424596306477 ], [ -84.159062157531523, 42.212425184047206 ], [ -84.159122871212517, 42.212427791319463 ], [ -84.159182890557901, 42.212433076151839 ], [ -84.159241862224135, 42.212441833573969 ], [ -84.159299991008297, 42.212454429110132 ], [ -84.159357355796203, 42.212469682142256 ], [ -84.15941399985573, 42.212486306064534 ], [ -84.159470033537374, 42.212503364909352 ], [ -84.159525595075777, 42.212521423992285 ], [ -84.159580468884997, 42.212540682449287 ], [ -84.159634410253531, 42.212561259661115 ], [ -84.159687275615426, 42.212583174880976 ], [ -84.159739734768053, 42.212605627490412 ], [ -84.159791977271468, 42.212628397205322 ], [ -84.159844012384255, 42.212651458053891 ], [ -84.159895851760368, 42.212674785004751 ], [ -84.159947508291722, 42.212698352146006 ], [ -84.159998991209804, 42.212722134406299 ], [ -84.160050312222097, 42.212746104953339 ], [ -84.16010148298237, 42.21277023875556 ], [ -84.160152513932971, 42.21279451076159 ], [ -84.160203472602745, 42.212818850917799 ], [ -84.160254411179793, 42.212843215943238 ], [ -84.160305329690956, 42.212867604937422 ], [ -84.160356229401216, 42.212892016119646 ], [ -84.160407110337559, 42.212916448589453 ], [ -84.160457974949239, 42.212940901486398 ], [ -84.160508823290087, 42.212965373009673 ], [ -84.160559655360061, 42.212989863159365 ], [ -84.160610473608529, 42.213014371074983 ], [ -84.160661278116166, 42.213038894055316 ], [ -84.160712070067248, 42.213063433020793 ], [ -84.160762850753684, 42.213087985290116 ], [ -84.160813618964298, 42.213112550843384 ], [ -84.160864378386421, 42.21313712793966 ], [ -84.160915127835793, 42.2131617156586 ], [ -84.160965869734824, 42.213186314040144 ], [ -84.161016604164104, 42.213210920383034 ], [ -84.161067332361768, 42.213235533806902 ], [ -84.161118055539063, 42.213260154331714 ], [ -84.161168773749694, 42.213284780156613 ], [ -84.161219487020489, 42.213309410381179 ], [ -84.16127019901208, 42.213334044164966 ], [ -84.161320908540048, 42.213358680587582 ], [ -84.16137161689619, 42.213383316967793 ], [ -84.16142232526488, 42.213407954225879 ], [ -84.161473034911126, 42.21343259058105 ], [ -84.161523745861714, 42.213457225132871 ], [ -84.161574459354725, 42.213481857000914 ], [ -84.161625176681952, 42.213506483503899 ], [ -84.161675897816565, 42.213531105542231 ], [ -84.161726624023473, 42.213555721335027 ], [ -84.161777357751973, 42.213580330021792 ], [ -84.16182809781769, 42.21360493068218 ], [ -84.161878845485532, 42.21362952153526 ], [ -84.161929601993577, 42.213654101700605 ], [ -84.161993588047167, 42.213685064370907 ], [ -84.168225645391345, 42.216707427888487 ] ] } },
{ "type": "Feature", "properties": { "road_id": "GL-ROAD-556", "segment_id": "GL-556-33801383801905038009515" }, "geometry": { "type": "LineString", "coordinates": [ [ -84.190862794258692, 42.211754454731491 ], [ -84.190840897867758, 42.212524411339103 ], [ -84.190660330208928, 42.2168727930949 ] ] } },
{ "type": "Feature", "properties": { "road_id": "GL-ROAD-557", "segment_id": "GL-557-9156053800994838009775" }, "geometry": { "type": "LineString", "coordinates": [ [ -84.156897020072023, 42.209994971035336 ], [ -84.156821634552855, 42.212480038571883 ] ] } },
{ "type": "Feature", "properties": { "road_id": "GL-ROAD-558", "segment_id": "GL-558-9163083800994838009963" }, "geometry": { "type": "LineString", "coordinates": [ [ -84.156897020072023, 42.209994971035336 ], [ -84.156631187854231, 42.20999872491948 ], [ -84.156567681485384, 42.209992414468708 ], [ -84.152737624861118, 42.209668870777158 ] ] } },
{ "type": "Feature", "properties": { "road_id": "GL-ROAD-559", "segment_id": "GL-559-33801383800996538019050" }, "geometry": { "type": "LineString", "coordinates": [ [ -84.190906443973887, 42.210219441300737 ], [ -84.190862794258692, 42.211754454731491 ] ] } }
]
}
