{
"type": "FeatureCollection",
"name": "roads",
"crs": { "type": "name", "properties": { "name": "urn:ogc:def:crs:OGC:1.3:CRS84" } },
"features": [
{ "type": "Feature", "properties": { "road_id": "SUM-ROAD-1", "segment_id": "SUM-1-8972073800693238006931" }, "geometry": { "type": "LineString", "coordinates": [ [ -84.434433794352259, 42.247405451847776 ], [ -84.433184619972238, 42.247414418023801 ] ] } },
{ "type": "Feature", "properties": { "road_id": "SUM-ROAD-2", "segment_id": "SUM-2-8972073800693538006932" }, "geometry": { "type": "LineString", "coordinates": [ [ -84.435638934432902, 42.247414427130742 ], [ -84.434433794352259, 42.247405451847776 ] ] } },
{ "type": "Feature", "properties": { "road_id": "SUM-ROAD-3", "segment_id": "SUM-3-8972073800694138006935" }, "geometry": { "type": "LineString", "coordinates": [ [ -84.43927824381926, 42.247412001893267 ], [ -84.435638934432902, 42.247414427130742 ] ] } },
{ "type": "Feature", "properties": { "road_id": "SUM-ROAD-4", "segment_id": "SUM-4-9091053800694938006945" }, "geometry": { "type": "LineString", "coordinates": [ [ -84.442735619734933, 42.247452425475799 ], [ -84.442453015130042, 42.247442089066084 ], [ -84.442243162257085, 42.247437352767236 ], [ -84.442126945815019, 42.247451861350854 ], [ -84.442043960136516, 42.247488354802243 ], [ -84.441974585880999, 42.247559108660724 ], [ -84.441894726061392, 42.247702742150437 ] ] } },
{ "type": "Feature", "properties": { "road_id": "SUM-ROAD-5", "segment_id": "SUM-5-8972073800694538006941" }, "geometry": { "type": "LineString", "coordinates": [ [ -84.441894726061392, 42.247702742150437 ], [ -84.441527503861906, 42.24757208928105 ], [ -84.441235652552038, 42.24750120528423 ], [ -84.440897878159689, 42.247440265615133 ], [ -84.440622963417439, 42.247420035690794 ], [ -84.440285363866451, 42.247409838876123 ], [ -84.43927824381926, 42.247412001893267 ] ] } },
{ "type": "Feature", "properties": { "road_id": "SUM-ROAD-6", "segment_id": "SUM-6-9106103800697038006961" }, "geometry": { "type": "LineString", "coordinates": [ [ -84.457835977156861, 42.247446820953115 ], [ -84.455275902838565, 42.247456027371342 ], [ -84.453039456984285, 42.247456341896438 ] ] } },
{ "type": "Feature", "properties": { "road_id": "SUM-ROAD-7", "segment_id": "SUM-7-9106103800697138006970" }, "geometry": { "type": "LineString", "coordinates": [ [ -84.458965678247182, 42.247447700443054 ], [ -84.457835977156861, 42.247446820953115 ] ] } },
{ "type": "Feature", "properties": { "road_id": "SUM-ROAD-8", "segment_id": "SUM-8-9106103800697238006971" }, "geometry": { "type": "LineString", "coordinates": [ [ -84.459027706509602, 42.247448181140292 ], [ -84.458965678247182, 42.247447700443054 ] ] } },
{ "type": "Feature", "properties": { "road_id": "SUM-ROAD-9", "segment_id": "SUM-9-9106103800697538006972" }, "geometry": { "type": "LineString", "coordinates": [ [ -84.460185809147319, 42.247456089620314 ], [ -84.459742174299734, 42.247456769042785 ], [ -84.459027706509602, 42.247448181140292 ] ] } },
{ "type": "Feature", "properties": { "road_id": "SUM-ROAD-10", "segment_id": "SUM-10-9106103800697738006975" }, "geometry": { "type": "LineString", "coordinates": [ [ -84.461320771900745, 42.247454347138039 ], [ -84.460185809147319, 42.247456089620314 ] ] } },
{ "type": "Feature", "properties": { "road_id": "SUM-ROAD-11", "segment_id": "SUM-11-9106103800697938006977" }, "geometry": { "type": "LineString", "coordinates": [ [ -84.462583648233462, 42.247465373120853 ], [ -84.461320771900745, 42.247454347138039 ] ] } },
{ "type": "Feature", "properties": { "road_id": "SUM-ROAD-12", "segment_id": "SUM-12-9174063800698038006989" }, "geometry": { "type": "LineString", "coordinates": [ [ -84.471203621893821, 42.24757088321423 ], [ -84.471180158199246, 42.247530805061174 ], [ -84.471150574691919, 42.247500337716254 ], [ -84.471096351518838, 42.247484561434433 ], [ -84.47088829106788, 42.247472678054116 ], [ -84.468792079930566, 42.247482468407625 ] ] } },
{ "type": "Feature", "properties": { "road_id": "SUM-ROAD-13", "segment_id": "SUM-13-33813773800700238007003" }, "geometry": { "type": "LineString", "coordinates": [ [ -84.476039277658799, 42.247440588884167 ], [ -84.475664408146727, 42.247441829931184 ] ] } },
{ "type": "Feature", "properties": { "road_id": "SUM-ROAD-14", "segment_id": "SUM-14-17733063800700638006971" }, "geometry": { "type": "LineString", "coordinates": [ [ -84.45895669549617, 42.247094805851056 ], [ -84.458965678247182, 42.247447700443054 ] ] } },
{ "type": "Feature", "properties": { "road_id": "SUM-ROAD-15", "segment_id": "SUM-15-8999073800702438006935" }, "geometry": { "type": "LineString", "coordinates": [ [ -84.435647799515451, 42.24651273897549 ], [ -84.435638934432902, 42.247414427130742 ] ] } },
{ "type": "Feature", "properties": { "road_id": "SUM-ROAD-16", "segment_id": "SUM-16-33800653800702438007028" }, "geometry": { "type": "LineString", "coordinates": [ [ -84.435647799515451, 42.24651273897549 ], [ -84.439281751681975, 42.246500881612988 ] ] } },
{ "type": "Feature", "properties": { "road_id": "SUM-ROAD-17", "segment_id": "SUM-17-9003023800702838006941" }, "geometry": { "type": "LineString", "coordinates": [ [ -84.439281751681975, 42.246500881612988 ], [ -84.43927824381926, 42.247412001893267 ] ] } },
{ "type": "Feature", "properties": { "road_id": "SUM-ROAD-18", "segment_id": "SUM-18-9091043800703338017237" }, "geometry": { "type": "LineString", "coordinates": [ [ -84.44299938888129, 42.246514305212905 ], [ -84.441783900912071, 42.246526001619927 ], [ -84.441721143706047, 42.246525372534776 ] ] } },
{ "type": "Feature", "properties": { "road_id": "SUM-ROAD-19", "segment_id": "SUM-19-9091013800703338006949" }, "geometry": { "type": "LineString", "coordinates": [ [ -84.44299938888129, 42.246514305212905 ], [ -84.44299385082661, 42.247243456416349 ], [ -84.442972866196357, 42.247309509667524 ], [ -84.442950105773434, 42.247350434010322 ], [ -84.44291072979351, 42.247380365534688 ], [ -84.442866665501498, 42.247404852726937 ], [ -84.44280830760863, 42.247421966556345 ], [ -84.442735619734933, 42.247452425475799 ] ] } },
{ "type": "Feature", "properties": { "road_id": "SUM-ROAD-20", "segment_id": "SUM-20-33815473802065638020657" }, "geometry": { "type": "LineString", "coordinates": [ [ -84.458047659866082, 42.246564750400012 ], [ -84.457741779292149, 42.246633189271677 ], [ -84.457542494092365, 42.246912450076543 ] ] } },
{ "type": "Feature", "properties": { "road_id": "SUM-ROAD-21", "segment_id": "SUM-21-33815473800706838020656" }, "geometry": { "type": "LineString", "coordinates": [ [ -84.458328486666019, 42.246508581944603 ], [ -84.458047659866082, 42.246564750400012 ] ] } },
{ "type": "Feature", "properties": { "road_id": "SUM-ROAD-22", "segment_id": "SUM-22-17733063800706838007006" }, "geometry": { "type": "LineString", "coordinates": [ [ -84.458328486666019, 42.246508581944603 ], [ -84.458443709743761, 42.246694063870848 ], [ -84.458544311324331, 42.246791837039538 ], [ -84.458694482311827, 42.246896898221252 ], [ -84.45895669549617, 42.247094805851056 ] ] } },
{ "type": "Feature", "properties": { "road_id": "SUM-ROAD-23", "segment_id": "SUM-23-17734133800700638007021" }, "geometry": { "type": "LineString", "coordinates": [ [ -84.45895669549617, 42.247094805851056 ], [ -84.459264479428199, 42.246939052952158 ], [ -84.45978210414215, 42.246617392732929 ], [ -84.460049073123713, 42.246425341173783 ], [ -84.460807629586725, 42.246899718811633 ] ] } },
{ "type": "Feature", "properties": { "road_id": "SUM-ROAD-24", "segment_id": "SUM-24-8999083800715438006932" }, "geometry": { "type": "LineString", "coordinates": [ [ -84.434407018838385, 42.245643729049519 ], [ -84.434433794352259, 42.247405451847776 ] ] } },
{ "type": "Feature", "properties": { "road_id": "SUM-ROAD-25", "segment_id": "SUM-25-9100053800714738006931" }, "geometry": { "type": "LineString", "coordinates": [ [ -84.433197396283049, 42.245611594357023 ], [ -84.433184619972238, 42.247414418023801 ] ] } },
{ "type": "Feature", "properties": { "road_id": "SUM-ROAD-26", "segment_id": "SUM-26-9091033800715438007147" }, "geometry": { "type": "LineString", "coordinates": [ [ -84.434407018838385, 42.245643729049519 ], [ -84.433197396283049, 42.245611594357023 ] ] } },
{ "type": "Feature", "properties": { "road_id": "SUM-ROAD-27", "segment_id": "SUM-27-9091033800715838007154" }, "geometry": { "type": "LineString", "coordinates": [ [ -84.435637747427208, 42.245621668516883 ], [ -84.434407018838385, 42.245643729049519 ] ] } },
{ "type": "Feature", "properties": { "road_id": "SUM-ROAD-28", "segment_id": "SUM-28-8999073800715838007024" }, "geometry": { "type": "LineString", "coordinates": [ [ -84.435637747427208, 42.245621668516883 ], [ -84.435647799515451, 42.24651273897549 ] ] } },
{ "type": "Feature", "properties": { "road_id": "SUM-ROAD-29", "segment_id": "SUM-29-9091033800716338007158" }, "geometry": { "type": "LineString", "coordinates": [ [ -84.438086578291163, 42.245612134035539 ], [ -84.435637747427208, 42.245621668516883 ] ] } },
{ "type": "Feature", "properties": { "road_id": "SUM-ROAD-30", "segment_id": "SUM-30-9091033800716738007163" }, "geometry": { "type": "LineString", "coordinates": [ [ -84.439277801483286, 42.245621801904463 ], [ -84.438086578291163, 42.245612134035539 ] ] } },
{ "type": "Feature", "properties": { "road_id": "SUM-ROAD-31", "segment_id": "SUM-31-9003023800716738007028" }, "geometry": { "type": "LineString", "coordinates": [ [ -84.439277801483286, 42.245621801904463 ], [ -84.439281751681975, 42.246500881612988 ] ] } },
{ "type": "Feature", "properties": { "road_id": "SUM-ROAD-32", "segment_id": "SUM-32-9091033800717138007167" }, "geometry": { "type": "LineString", "coordinates": [ [ -84.440486254851436, 42.245624505614757 ], [ -84.439277801483286, 42.245621801904463 ] ] } },
{ "type": "Feature", "properties": { "road_id": "SUM-ROAD-33", "segment_id": "SUM-33-9091033800717538007171" }, "geometry": { "type": "LineString", "coordinates": [ [ -84.441758357875869, 42.245627071645636 ], [ -84.440486254851436, 42.245624505614757 ] ] } },
{ "type": "Feature", "properties": { "road_id": "SUM-ROAD-34", "segment_id": "SUM-34-9091033800717738007175" }, "geometry": { "type": "LineString", "coordinates": [ [ -84.442977380446507, 42.245619829269785 ], [ -84.441758357875869, 42.245627071645636 ] ] } },
{ "type": "Feature", "properties": { "road_id": "SUM-ROAD-35", "segment_id": "SUM-35-9091013800717738007033" }, "geometry": { "type": "LineString", "coordinates": [ [ -84.442977380446507, 42.245619829269785 ], [ -84.44299938888129, 42.246514305212905 ] ] } },
{ "type": "Feature", "properties": { "road_id": "SUM-ROAD-36", "segment_id": "SUM-36-33808903800695338007180" }, "geometry": { "type": "LineString", "coordinates": [ [ -84.445154616711875, 42.247454101999942 ], [ -84.445134742345289, 42.245640243681322 ] ] } },
{ "type": "Feature", "properties": { "road_id": "SUM-ROAD-37", "segment_id": "SUM-37-9091033800718038007177" }, "geometry": { "type": "LineString", "coordinates": [ [ -84.445134742345289, 42.245640243681322 ], [ -84.443982177457485, 42.245620233743878 ], [ -84.442977380446507, 42.245619829269785 ] ] } },
{ "type": "Feature", "properties": { "road_id": "SUM-ROAD-38", "segment_id": "SUM-38-9091033800718338007180" }, "geometry": { "type": "LineString", "coordinates": [ [ -84.447133475784128, 42.24563160936728 ], [ -84.445134742345289, 42.245640243681322 ] ] } },
{ "type": "Feature", "properties": { "road_id": "SUM-ROAD-39", "segment_id": "SUM-39-33808903800718338006943" }, "geometry": { "type": "LineString", "coordinates": [ [ -84.447133475784128, 42.24563160936728 ], [ -84.447108561905168, 42.24632338136616 ], [ -84.44703641203499, 42.246627199238844 ], [ -84.447030328453238, 42.246867379766975 ], [ -84.447028954292733, 42.247164832311611 ], [ -84.447028382469597, 42.247308984200693 ], [ -84.447033917446305, 42.247377605951904 ], [ -84.447074725142258, 42.247422702353205 ], [ -84.4471708370626, 42.247477289772092 ] ] } },
{ "type": "Feature", "properties": { "road_id": "SUM-ROAD-40", "segment_id": "SUM-40-17733063800719038007068" }, "geometry": { "type": "LineString", "coordinates": [ [ -84.458579306628735, 42.245788297579232 ], [ -84.45843245905867, 42.246004397961251 ], [ -84.458356791044707, 42.246150448885174 ], [ -84.458324486218174, 42.246272027634753 ], [ -84.458328486666019, 42.246508581944603 ] ] } },
{ "type": "Feature", "properties": { "road_id": "SUM-ROAD-41", "segment_id": "SUM-41-9091033800718438007183" }, "geometry": { "type": "LineString", "coordinates": [ [ -84.449301737354531, 42.245639472307886 ], [ -84.447133475784128, 42.24563160936728 ] ] } },
{ "type": "Feature", "properties": { "road_id": "SUM-ROAD-42", "segment_id": "SUM-42-33800673800718438007055" }, "geometry": { "type": "LineString", "coordinates": [ [ -84.449301737354531, 42.245639472307886 ], [ -84.449331936575732, 42.247134112462398 ], [ -84.449332804554913, 42.247212247849333 ] ] } },
{ "type": "Feature", "properties": { "road_id": "SUM-ROAD-43", "segment_id": "SUM-43-9091033800718538007184" }, "geometry": { "type": "LineString", "coordinates": [ [ -84.450774634913301, 42.245634742170516 ], [ -84.449301737354531, 42.245639472307886 ] ] } },
{ "type": "Feature", "properties": { "road_id": "SUM-ROAD-44", "segment_id": "SUM-44-9091033800718738007185" }, "geometry": { "type": "LineString", "coordinates": [ [ -84.452728365702967, 42.245651180053621 ], [ -84.450774634913301, 42.245634742170516 ] ] } },
{ "type": "Feature", "properties": { "road_id": "SUM-ROAD-45", "segment_id": "SUM-45-9101023800718738006961" }, "geometry": { "type": "LineString", "coordinates": [ [ -84.452728365702967, 42.245651180053621 ], [ -84.452736529592599, 42.247243474909148 ], [ -84.452763787056639, 42.247350717391775 ], [ -84.45283432903112, 42.247405131096599 ], [ -84.4529175253614, 42.247433005592661 ], [ -84.453039456984285, 42.247456341896438 ] ] } },
{ "type": "Feature", "properties": { "road_id": "SUM-ROAD-46", "segment_id": "SUM-46-17734023800721538020656" }, "geometry": { "type": "LineString", "coordinates": [ [ -84.458368669759125, 42.245671670172491 ], [ -84.457622220892048, 42.246016548685525 ], [ -84.457585270167684, 42.246054482649299 ], [ -84.457570682009973, 42.246097741897131 ], [ -84.457603156173221, 42.24614834138427 ], [ -84.457693642894554, 42.24621813343645 ], [ -84.458047659866082, 42.246564750400012 ] ] } },
{ "type": "Feature", "properties": { "road_id": "SUM-ROAD-47", "segment_id": "SUM-47-17734113800719038007215" }, "geometry": { "type": "LineString", "coordinates": [ [ -84.458579306628735, 42.245788297579232 ], [ -84.458368669759125, 42.245671670172491 ] ] } },
{ "type": "Feature", "properties": { "road_id": "SUM-ROAD-48", "segment_id": "SUM-48-9091033800719838007187" }, "geometry": { "type": "LineString", "coordinates": [ [ -84.454900690295403, 42.245476852458914 ], [ -84.454882141817876, 42.245572455787652 ], [ -84.454826880458683, 42.245625117742712 ], [ -84.454700293117853, 42.245654524253318 ], [ -84.454538209844472, 42.245665626322626 ], [ -84.452728365702967, 42.245651180053621 ] ] } },
{ "type": "Feature", "properties": { "road_id": "SUM-ROAD-49", "segment_id": "SUM-49-9108033800721438007216" }, "geometry": { "type": "LineString", "coordinates": [ [ -84.468096111007753, 42.245584268536533 ], [ -84.468024708628334, 42.24559231175904 ], [ -84.466704459242337, 42.245609308432925 ], [ -84.464120658742502, 42.245604260218116 ], [ -84.463941782796567, 42.245584745469266 ] ] } },
{ "type": "Feature", "properties": { "road_id": "SUM-ROAD-50", "segment_id": "SUM-50-9090063800721438007189" }, "geometry": { "type": "LineString", "coordinates": [ [ -84.468096111007753, 42.245584268536533 ], [ -84.468127154303076, 42.246005330948464 ], [ -84.468125612704725, 42.246052309719254 ] ] } },
{ "type": "Feature", "properties": { "road_id": "SUM-ROAD-51", "segment_id": "SUM-51-17733083800723338007103" }, "geometry": { "type": "LineString", "coordinates": [ [ -84.46178932180149, 42.245181974598999 ], [ -84.461829873239623, 42.245684514469325 ], [ -84.461835772963695, 42.245872669634281 ], [ -84.46183139585294, 42.245976509725622 ], [ -84.461792223991267, 42.246056193417608 ], [ -84.461717530135971, 42.246140646429723 ], [ -84.461376362609926, 42.246373734734348 ], [ -84.461172152479833, 42.246359303538334 ], [ -84.460997762903943, 42.246325321277325 ], [ -84.460852279961884, 42.246268066895254 ], [ -84.46060701393111, 42.246118018443624 ] ] } },
{ "type": "Feature", "properties": { "road_id": "SUM-ROAD-52", "segment_id": "SUM-52-17733063800723638007233" }, "geometry": { "type": "LineString", "coordinates": [ [ -84.462570841135815, 42.245187926003439 ], [ -84.46178932180149, 42.245181974598999 ] ] } },
{ "type": "Feature", "properties": { "road_id": "SUM-ROAD-53", "segment_id": "SUM-53-8998063800723638006979" }, "geometry": { "type": "LineString", "coordinates": [ [ -84.462570841135815, 42.245187926003439 ], [ -84.462592317095613, 42.246496358078538 ], [ -84.462583648233462, 42.247465373120853 ] ] } },
{ "type": "Feature", "properties": { "road_id": "SUM-ROAD-54", "segment_id": "SUM-54-17733063800723538007190" }, "geometry": { "type": "LineString", "coordinates": [ [ -84.459773358738914, 42.2451207506355 ], [ -84.459437671620051, 42.245282205136519 ], [ -84.459163152180096, 42.245408440170479 ], [ -84.458839512748554, 42.245587975817458 ], [ -84.458579306628735, 42.245788297579232 ] ] } },
{ "type": "Feature", "properties": { "road_id": "SUM-ROAD-55", "segment_id": "SUM-55-17733063800723338007247" }, "geometry": { "type": "LineString", "coordinates": [ [ -84.46178932180149, 42.245181974598999 ], [ -84.461370624598814, 42.245156841437904 ], [ -84.461036298250093, 42.245091487960664 ], [ -84.460810093063643, 42.245059679548376 ], [ -84.460611042618211, 42.245025679044538 ] ] } },
{ "type": "Feature", "properties": { "road_id": "SUM-ROAD-56", "segment_id": "SUM-56-17733063800724738007235" }, "geometry": { "type": "LineString", "coordinates": [ [ -84.460611042618211, 42.245025679044538 ], [ -84.46037900720421, 42.24500755019826 ], [ -84.460199406403191, 42.245012267681858 ], [ -84.46005073679143, 42.245040842344743 ], [ -84.459773358738914, 42.2451207506355 ] ] } },
{ "type": "Feature", "properties": { "road_id": "SUM-ROAD-57", "segment_id": "SUM-57-9090063800729438007214" }, "geometry": { "type": "LineString", "coordinates": [ [ -84.46809984818276, 42.244555650721964 ], [ -84.468096111007753, 42.245584268536533 ] ] } },
{ "type": "Feature", "properties": { "road_id": "SUM-ROAD-58", "segment_id": "SUM-58-17734113800721538017249" }, "geometry": { "type": "LineString", "coordinates": [ [ -84.458368669759125, 42.245671670172491 ], [ -84.457865425501709, 42.244950042990986 ], [ -84.457842589053286, 42.244890993853772 ], [ -84.457833251465573, 42.244800066110209 ], [ -84.457809056692668, 42.244138440682782 ] ] } },
{ "type": "Feature", "properties": { "road_id": "SUM-ROAD-59", "segment_id": "SUM-59-9100053800732238007147" }, "geometry": { "type": "LineString", "coordinates": [ [ -84.433169468739209, 42.243768932488884 ], [ -84.433197396283049, 42.245611594357023 ] ] } },
{ "type": "Feature", "properties": { "road_id": "SUM-ROAD-60", "segment_id": "SUM-60-9107103800732538007216" }, "geometry": { "type": "LineString", "coordinates": [ [ -84.46387068045037, 42.244196310689745 ], [ -84.463923366206814, 42.244446723819401 ], [ -84.463953954769579, 42.244660871069776 ], [ -84.463904927161039, 42.245421585877544 ], [ -84.463914788797936, 42.245506321950863 ], [ -84.463941782796567, 42.245584745469266 ] ] } },
{ "type": "Feature", "properties": { "road_id": "SUM-ROAD-61", "segment_id": "SUM-61-9108043800729438007325" }, "geometry": { "type": "LineString", "coordinates": [ [ -84.46809984818276, 42.244555650721964 ], [ -84.464762807714152, 42.244502273359991 ], [ -84.464381968424959, 42.244483072139765 ], [ -84.464195777827825, 42.244429404301222 ], [ -84.464032542682688, 42.244333320642632 ], [ -84.46387068045037, 42.244196310689745 ] ] } },
{ "type": "Feature", "properties": { "road_id": "SUM-ROAD-62", "segment_id": "SUM-62-8999073800732338007158" }, "geometry": { "type": "LineString", "coordinates": [ [ -84.435635220453705, 42.24377993085799 ], [ -84.435637747427208, 42.245621668516883 ] ] } },
{ "type": "Feature", "properties": { "road_id": "SUM-ROAD-63", "segment_id": "SUM-63-9091023800732438007322" }, "geometry": { "type": "LineString", "coordinates": [ [ -84.434420489961653, 42.243757603825237 ], [ -84.433169468739209, 42.243768932488884 ] ] } },
{ "type": "Feature", "properties": { "road_id": "SUM-ROAD-64", "segment_id": "SUM-64-8999083800732438007154" }, "geometry": { "type": "LineString", "coordinates": [ [ -84.434420489961653, 42.243757603825237 ], [ -84.434407018838385, 42.245643729049519 ] ] } },
{ "type": "Feature", "properties": { "road_id": "SUM-ROAD-65", "segment_id": "SUM-65-9091023800732338007324" }, "geometry": { "type": "LineString", "coordinates": [ [ -84.435635220453705, 42.24377993085799 ], [ -84.434420489961653, 42.243757603825237 ] ] } },
{ "type": "Feature", "properties": { "road_id": "SUM-ROAD-66", "segment_id": "SUM-66-9091023800732638007323" }, "geometry": { "type": "LineString", "coordinates": [ [ -84.436822802996289, 42.243769045456119 ], [ -84.435635220453705, 42.24377993085799 ] ] } },
{ "type": "Feature", "properties": { "road_id": "SUM-ROAD-67", "segment_id": "SUM-67-9091023800733038007326" }, "geometry": { "type": "LineString", "coordinates": [ [ -84.438064787614977, 42.243772114695673 ], [ -84.436822802996289, 42.243769045456119 ] ] } },
{ "type": "Feature", "properties": { "road_id": "SUM-ROAD-68", "segment_id": "SUM-68-33800663800716338007330" }, "geometry": { "type": "LineString", "coordinates": [ [ -84.438086578291163, 42.245612134035539 ], [ -84.438064787614977, 42.243772114695673 ] ] } },
{ "type": "Feature", "properties": { "road_id": "SUM-ROAD-69", "segment_id": "SUM-69-9091023800732838007330" }, "geometry": { "type": "LineString", "coordinates": [ [ -84.439278701587853, 42.243766476200499 ], [ -84.438064787614977, 42.243772114695673 ] ] } },
{ "type": "Feature", "properties": { "road_id": "SUM-ROAD-70", "segment_id": "SUM-70-9003023800732838007167" }, "geometry": { "type": "LineString", "coordinates": [ [ -84.439278701587853, 42.243766476200499 ], [ -84.439277801483286, 42.245621801904463 ] ] } },
{ "type": "Feature", "properties": { "road_id": "SUM-ROAD-71", "segment_id": "SUM-71-9091023800733838007328" }, "geometry": { "type": "LineString", "coordinates": [ [ -84.440504359459297, 42.243783501315427 ], [ -84.439278701587853, 42.243766476200499 ] ] } },
{ "type": "Feature", "properties": { "road_id": "SUM-ROAD-72", "segment_id": "SUM-72-9100073800733838007171" }, "geometry": { "type": "LineString", "coordinates": [ [ -84.440504359459297, 42.243783501315427 ], [ -84.440486254851436, 42.245624505614757 ] ] } },
{ "type": "Feature", "properties": { "road_id": "SUM-ROAD-73", "segment_id": "SUM-73-17733203800723538017248" }, "geometry": { "type": "LineString", "coordinates": [ [ -84.459773358738914, 42.2451207506355 ], [ -84.459534164705616, 42.244790630098613 ], [ -84.459218404952907, 42.244394713572156 ], [ -84.459160856501413, 42.244299908345489 ], [ -84.459162597062942, 42.244230664081492 ], [ -84.45918393438653, 42.244176534869936 ], [ -84.459264809102834, 42.24413807494264 ], [ -84.45953380829134, 42.244032956762965 ] ] } },
{ "type": "Feature", "properties": { "road_id": "SUM-ROAD-74", "segment_id": "SUM-74-9091013800733938007177" }, "geometry": { "type": "LineString", "coordinates": [ [ -84.442948250238089, 42.243792643673267 ], [ -84.442965666800873, 42.244689826351966 ], [ -84.442977380446507, 42.245619829269785 ] ] } },
{ "type": "Feature", "properties": { "road_id": "SUM-ROAD-75", "segment_id": "SUM-75-9091023800733338007338" }, "geometry": { "type": "LineString", "coordinates": [ [ -84.441725559207356, 42.243773074948706 ], [ -84.440504359459297, 42.243783501315427 ] ] } },
{ "type": "Feature", "properties": { "road_id": "SUM-ROAD-76", "segment_id": "SUM-76-9100063800733338007175" }, "geometry": { "type": "LineString", "coordinates": [ [ -84.441725559207356, 42.243773074948706 ], [ -84.441758357875869, 42.245627071645636 ] ] } },
{ "type": "Feature", "properties": { "road_id": "SUM-ROAD-77", "segment_id": "SUM-77-9091023800733938007333" }, "geometry": { "type": "LineString", "coordinates": [ [ -84.442948250238089, 42.243792643673267 ], [ -84.441725559207356, 42.243773074948706 ] ] } },
{ "type": "Feature", "properties": { "road_id": "SUM-ROAD-78", "segment_id": "SUM-78-17733193800724738007321" }, "geometry": { "type": "LineString", "coordinates": [ [ -84.460611042618211, 42.245025679044538 ], [ -84.460756046901494, 42.244409564184728 ], [ -84.460753498281548, 42.244330255468292 ], [ -84.460718969095907, 42.244258936512857 ], [ -84.460541386661191, 42.244008534850494 ] ] } },
{ "type": "Feature", "properties": { "road_id": "SUM-ROAD-79", "segment_id": "SUM-79-9106093800734538007348" }, "geometry": { "type": "LineString", "coordinates": [ [ -84.449250598104115, 42.243787306813765 ], [ -84.448860479190046, 42.243790324122067 ] ] } },
{ "type": "Feature", "properties": { "road_id": "SUM-ROAD-80", "segment_id": "SUM-80-33800673800734538007184" }, "geometry": { "type": "LineString", "coordinates": [ [ -84.449250598104115, 42.243787306813765 ], [ -84.449301737354531, 42.245639472307886 ] ] } },
{ "type": "Feature", "properties": { "road_id": "SUM-ROAD-81", "segment_id": "SUM-81-9106093800734738007345" }, "geometry": { "type": "LineString", "coordinates": [ [ -84.450795127100491, 42.24379520645207 ], [ -84.449250598104115, 42.243787306813765 ] ] } },
{ "type": "Feature", "properties": { "road_id": "SUM-ROAD-82", "segment_id": "SUM-82-9101033800734738007185" }, "geometry": { "type": "LineString", "coordinates": [ [ -84.450795127100491, 42.24379520645207 ], [ -84.450774634913301, 42.245634742170516 ] ] } },
{ "type": "Feature", "properties": { "road_id": "SUM-ROAD-83", "segment_id": "SUM-83-9106093800735338007347" }, "geometry": { "type": "LineString", "coordinates": [ [ -84.451732644737007, 42.243786005032725 ], [ -84.450795127100491, 42.24379520645207 ] ] } },
{ "type": "Feature", "properties": { "road_id": "SUM-ROAD-84", "segment_id": "SUM-84-9106093800735938007353" }, "geometry": { "type": "LineString", "coordinates": [ [ -84.454883506980138, 42.243804334018328 ], [ -84.451732644737007, 42.243786005032725 ] ] } },
{ "type": "Feature", "properties": { "road_id": "SUM-ROAD-85", "segment_id": "SUM-85-9101013800735938007198" }, "geometry": { "type": "LineString", "coordinates": [ [ -84.454883506980138, 42.243804334018328 ], [ -84.454900690295403, 42.245476852458914 ] ] } },
{ "type": "Feature", "properties": { "road_id": "SUM-ROAD-86", "segment_id": "SUM-86-9106093800736238007359" }, "geometry": { "type": "LineString", "coordinates": [ [ -84.457023385261209, 42.243795682381517 ], [ -84.454883506980138, 42.243804334018328 ] ] } },
{ "type": "Feature", "properties": { "road_id": "SUM-ROAD-87", "segment_id": "SUM-87-17733173800723338007367" }, "geometry": { "type": "LineString", "coordinates": [ [ -84.46178932180149, 42.245181974598999 ], [ -84.461751524922008, 42.244744720103505 ], [ -84.461698165387659, 42.244629016650968 ], [ -84.461688108014926, 42.244562686005793 ], [ -84.461694411391093, 42.244498323253424 ], [ -84.461824386759119, 42.244270195677188 ], [ -84.46183811347305, 42.244190259441893 ], [ -84.461821857239755, 42.244090746374091 ], [ -84.461789281737381, 42.243987523881813 ], [ -84.461723827566829, 42.243793268552992 ] ] } },
{ "type": "Feature", "properties": { "road_id": "SUM-ROAD-88", "segment_id": "SUM-88-8998013800741538007002" }, "geometry": { "type": "LineString", "coordinates": [ [ -84.475810505441089, 42.243819214955145 ], [ -84.476039277658799, 42.247440588884167 ] ] } },
{ "type": "Feature", "properties": { "road_id": "SUM-ROAD-89", "segment_id": "SUM-89-8998023800740738007003" }, "geometry": { "type": "LineString", "coordinates": [ [ -84.475422175117714, 42.243813881702451 ], [ -84.475471778111668, 42.244362333340639 ], [ -84.475664408146727, 42.247441829931184 ] ] } },
{ "type": "Feature", "properties": { "road_id": "SUM-ROAD-90", "segment_id": "SUM-90-9090063800739738007294" }, "geometry": { "type": "LineString", "coordinates": [ [ -84.466889094217606, 42.243473351148019 ], [ -84.467859073267235, 42.243784243551985 ], [ -84.467994628687094, 42.243875165574011 ], [ -84.468069945244594, 42.243978613853052 ], [ -84.468102661435623, 42.244108190496341 ], [ -84.46809984818276, 42.244555650721964 ] ] } },
{ "type": "Feature", "properties": { "road_id": "SUM-ROAD-91", "segment_id": "SUM-91-9107103800742738007325" }, "geometry": { "type": "LineString", "coordinates": [ [ -84.46371999062319, 42.243220201744442 ], [ -84.463711268622177, 42.24358443934905 ], [ -84.463719790966678, 42.243722587734979 ], [ -84.46387068045037, 42.244196310689745 ] ] } },
{ "type": "Feature", "properties": { "road_id": "SUM-ROAD-92", "segment_id": "SUM-92-9090063800742738007397" }, "geometry": { "type": "LineString", "coordinates": [ [ -84.46371999062319, 42.243220201744442 ], [ -84.46473474496004, 42.243502382201626 ], [ -84.466889094217606, 42.243473351148019 ] ] } },
{ "type": "Feature", "properties": { "road_id": "SUM-ROAD-93", "segment_id": "SUM-93-8998063800743138007236" }, "geometry": { "type": "LineString", "coordinates": [ [ -84.46256094558747, 42.24319884622691 ], [ -84.462570841135815, 42.245187926003439 ] ] } },
{ "type": "Feature", "properties": { "road_id": "SUM-ROAD-94", "segment_id": "SUM-94-9090063800743138007427" }, "geometry": { "type": "LineString", "coordinates": [ [ -84.46256094558747, 42.24319884622691 ], [ -84.46371999062319, 42.243220201744442 ] ] } },
{ "type": "Feature", "properties": { "road_id": "SUM-ROAD-95", "segment_id": "SUM-95-9100053800751238007322" }, "geometry": { "type": "LineString", "coordinates": [ [ -84.433162043217123, 42.242148337110926 ], [ -84.433169468739209, 42.243768932488884 ] ] } },
{ "type": "Feature", "properties": { "road_id": "SUM-ROAD-96", "segment_id": "SUM-96-9107103800751638007427" }, "geometry": { "type": "LineString", "coordinates": [ [ -84.464031808879852, 42.242568417060383 ], [ -84.46371999062319, 42.243220201744442 ] ] } },
{ "type": "Feature", "properties": { "road_id": "SUM-ROAD-97", "segment_id": "SUM-97-9042033800751738007512" }, "geometry": { "type": "LineString", "coordinates": [ [ -84.434397082825043, 42.242140975149191 ], [ -84.433162043217123, 42.242148337110926 ] ] } },
{ "type": "Feature", "properties": { "road_id": "SUM-ROAD-98", "segment_id": "SUM-98-8999083800751738007324" }, "geometry": { "type": "LineString", "coordinates": [ [ -84.434397082825043, 42.242140975149191 ], [ -84.434420489961653, 42.243757603825237 ] ] } },
{ "type": "Feature", "properties": { "road_id": "SUM-ROAD-99", "segment_id": "SUM-99-9042033800751838007517" }, "geometry": { "type": "LineString", "coordinates": [ [ -84.435619380518204, 42.242141551854175 ], [ -84.434397082825043, 42.242140975149191 ] ] } },
{ "type": "Feature", "properties": { "road_id": "SUM-ROAD-100", "segment_id": "SUM-100-8999073800751838007323" }, "geometry": { "type": "LineString", "coordinates": [ [ -84.435619380518204, 42.242141551854175 ], [ -84.435635220453705, 42.24377993085799 ] ] } },
{ "type": "Feature", "properties": { "road_id": "SUM-ROAD-101", "segment_id": "SUM-101-9042033800752038007518" }, "geometry": { "type": "LineString", "coordinates": [ [ -84.436830450143788, 42.242138873214699 ], [ -84.435619380518204, 42.242141551854175 ] ] } },
{ "type": "Feature", "properties": { "road_id": "SUM-ROAD-102", "segment_id": "SUM-102-8999063800752038007326" }, "geometry": { "type": "LineString", "coordinates": [ [ -84.436830450143788, 42.242138873214699 ], [ -84.436822802996289, 42.243769045456119 ] ] } },
{ "type": "Feature", "properties": { "road_id": "SUM-ROAD-103", "segment_id": "SUM-103-9042033800752338007520" }, "geometry": { "type": "LineString", "coordinates": [ [ -84.43804890969858, 42.242150701910823 ], [ -84.436830450143788, 42.242138873214699 ] ] } },
{ "type": "Feature", "properties": { "road_id": "SUM-ROAD-104", "segment_id": "SUM-104-33800663800733038007523" }, "geometry": { "type": "LineString", "coordinates": [ [ -84.438064787614977, 42.243772114695673 ], [ -84.43804890969858, 42.242150701910823 ] ] } },
{ "type": "Feature", "properties": { "road_id": "SUM-ROAD-105", "segment_id": "SUM-105-9042033800752538007523" }, "geometry": { "type": "LineString", "coordinates": [ [ -84.439261421533018, 42.242146013610842 ], [ -84.43804890969858, 42.242150701910823 ] ] } },
{ "type": "Feature", "properties": { "road_id": "SUM-ROAD-106", "segment_id": "SUM-106-9003023800752538007328" }, "geometry": { "type": "LineString", "coordinates": [ [ -84.439261421533018, 42.242146013610842 ], [ -84.439278701587853, 42.243766476200499 ] ] } },
{ "type": "Feature", "properties": { "road_id": "SUM-ROAD-107", "segment_id": "SUM-107-9042033800752938007525" }, "geometry": { "type": "LineString", "coordinates": [ [ -84.440466041148468, 42.242147937760535 ], [ -84.439261421533018, 42.242146013610842 ] ] } },
{ "type": "Feature", "properties": { "road_id": "SUM-ROAD-108", "segment_id": "SUM-108-9100073800752938007338" }, "geometry": { "type": "LineString", "coordinates": [ [ -84.440466041148468, 42.242147937760535 ], [ -84.440504359459297, 42.243783501315427 ] ] } },
{ "type": "Feature", "properties": { "road_id": "SUM-ROAD-109", "segment_id": "SUM-109-9042033800753138007529" }, "geometry": { "type": "LineString", "coordinates": [ [ -84.441690309537833, 42.242146513673042 ], [ -84.440466041148468, 42.242147937760535 ] ] } },
{ "type": "Feature", "properties": { "road_id": "SUM-ROAD-110", "segment_id": "SUM-110-9100063800753138007333" }, "geometry": { "type": "LineString", "coordinates": [ [ -84.441690309537833, 42.242146513673042 ], [ -84.441725559207356, 42.243773074948706 ] ] } },
{ "type": "Feature", "properties": { "road_id": "SUM-ROAD-111", "segment_id": "SUM-111-9042033800753238007531" }, "geometry": { "type": "LineString", "coordinates": [ [ -84.442959544929053, 42.242158127874781 ], [ -84.441690309537833, 42.242146513673042 ] ] } },
{ "type": "Feature", "properties": { "road_id": "SUM-ROAD-112", "segment_id": "SUM-112-9091013800753238007339" }, "geometry": { "type": "LineString", "coordinates": [ [ -84.442959544929053, 42.242158127874781 ], [ -84.442948250238089, 42.243792643673267 ] ] } },
{ "type": "Feature", "properties": { "road_id": "SUM-ROAD-113", "segment_id": "SUM-113-9042033800753438007532" }, "geometry": { "type": "LineString", "coordinates": [ [ -84.443724212313754, 42.242156418158459 ], [ -84.442959544929053, 42.242158127874781 ] ] } },
{ "type": "Feature", "properties": { "road_id": "SUM-ROAD-114", "segment_id": "SUM-114-9107083800759538007397" }, "geometry": { "type": "LineString", "coordinates": [ [ -84.466882088273081, 42.242390501424204 ], [ -84.466889094217606, 42.243473351148019 ] ] } },
{ "type": "Feature", "properties": { "road_id": "SUM-ROAD-115", "segment_id": "SUM-115-9106083800754538007544" }, "geometry": { "type": "LineString", "coordinates": [ [ -84.451702085209931, 42.242174471062128 ], [ -84.450080904649511, 42.242164056652179 ] ] } },
{ "type": "Feature", "properties": { "road_id": "SUM-ROAD-116", "segment_id": "SUM-116-9105033800754538007353" }, "geometry": { "type": "LineString", "coordinates": [ [ -84.451702085209931, 42.242174471062128 ], [ -84.451732644737007, 42.243786005032725 ] ] } },
{ "type": "Feature", "properties": { "road_id": "SUM-ROAD-117", "segment_id": "SUM-117-9108113800759538007591" }, "geometry": { "type": "LineString", "coordinates": [ [ -84.466882088273081, 42.242390501424204 ], [ -84.467475293306777, 42.242372934442244 ], [ -84.467502237729619, 42.242371815619656 ] ] } },
{ "type": "Feature", "properties": { "road_id": "SUM-ROAD-118", "segment_id": "SUM-118-9106083800755738007545" }, "geometry": { "type": "LineString", "coordinates": [ [ -84.454856090473825, 42.242176118310717 ], [ -84.451702085209931, 42.242174471062128 ] ] } },
{ "type": "Feature", "properties": { "road_id": "SUM-ROAD-119", "segment_id": "SUM-119-9101013800755738007359" }, "geometry": { "type": "LineString", "coordinates": [ [ -84.454856090473825, 42.242176118310717 ], [ -84.454883506980138, 42.243804334018328 ] ] } },
{ "type": "Feature", "properties": { "road_id": "SUM-ROAD-120", "segment_id": "SUM-120-9106083800757438007557" }, "geometry": { "type": "LineString", "coordinates": [ [ -84.458743482953636, 42.242036431806596 ], [ -84.45872677654188, 42.242103882965999 ], [ -84.458653774505507, 42.242147395281947 ], [ -84.458563248100646, 42.242172853969933 ], [ -84.458413156145497, 42.242184127852568 ], [ -84.454856090473825, 42.242176118310717 ] ] } },
{ "type": "Feature", "properties": { "road_id": "SUM-ROAD-121", "segment_id": "SUM-121-9107083800764338007595" }, "geometry": { "type": "LineString", "coordinates": [ [ -84.46689363591814, 42.241447831587102 ], [ -84.466882088273081, 42.242390501424204 ] ] } },
{ "type": "Feature", "properties": { "road_id": "SUM-ROAD-122", "segment_id": "SUM-122-9105013800764738007534" }, "geometry": { "type": "LineString", "coordinates": [ [ -84.443755375319341, 42.241110141369461 ], [ -84.443724212313754, 42.242156418158459 ] ] } },
{ "type": "Feature", "properties": { "road_id": "SUM-ROAD-123", "segment_id": "SUM-123-9100053800765338007512" }, "geometry": { "type": "LineString", "coordinates": [ [ -84.43315704084921, 42.240801810917453 ], [ -84.433162043217123, 42.242148337110926 ] ] } },
{ "type": "Feature", "properties": { "road_id": "SUM-ROAD-124", "segment_id": "SUM-124-8998063800772438007431" }, "geometry": { "type": "LineString", "coordinates": [ [ -84.462524591273962, 42.2406948172843 ], [ -84.46256094558747, 42.24319884622691 ] ] } },
{ "type": "Feature", "properties": { "road_id": "SUM-ROAD-125", "segment_id": "SUM-125-9090053800773738007724" }, "geometry": { "type": "LineString", "coordinates": [ [ -84.463883556163125, 42.2405594883285 ], [ -84.46347634503104, 42.240671494325291 ], [ -84.463171893514769, 42.240718408567766 ], [ -84.462524591273962, 42.2406948172843 ] ] } },
{ "type": "Feature", "properties": { "road_id": "SUM-ROAD-126", "segment_id": "SUM-126-9107103800773738007516" }, "geometry": { "type": "LineString", "coordinates": [ [ -84.463883556163125, 42.2405594883285 ], [ -84.463994630403988, 42.24088563571253 ], [ -84.464026299969234, 42.241295712827018 ], [ -84.464031808879852, 42.242568417060383 ] ] } },
{ "type": "Feature", "properties": { "road_id": "SUM-ROAD-127", "segment_id": "SUM-127-9090053800775238007737" }, "geometry": { "type": "LineString", "coordinates": [ [ -84.46546623431766, 42.240519177051027 ], [ -84.464225411298216, 42.240523716195774 ], [ -84.463883556163125, 42.2405594883285 ] ] } },
{ "type": "Feature", "properties": { "road_id": "SUM-ROAD-128", "segment_id": "SUM-128-9107193800751638007752" }, "geometry": { "type": "LineString", "coordinates": [ [ -84.464031808879852, 42.242568417060383 ], [ -84.464599422785639, 42.242577083037261 ], [ -84.464839481624693, 42.242562591704015 ], [ -84.465020417713745, 42.242516115358129 ], [ -84.465226652132671, 42.242416556791532 ], [ -84.465373874767323, 42.242280561599166 ], [ -84.465480723890252, 42.242081672244062 ], [ -84.465481642673353, 42.241805624076036 ], [ -84.46546623431766, 42.240519177051027 ] ] } },
{ "type": "Feature", "properties": { "road_id": "SUM-ROAD-129", "segment_id": "SUM-129-9100053800775038007653" }, "geometry": { "type": "LineString", "coordinates": [ [ -84.433133900026903, 42.240054041884342 ], [ -84.43315704084921, 42.240801810917453 ] ] } },
{ "type": "Feature", "properties": { "road_id": "SUM-ROAD-130", "segment_id": "SUM-130-9090053800775438007752" }, "geometry": { "type": "LineString", "coordinates": [ [ -84.466894010259793, 42.240515859019936 ], [ -84.46546623431766, 42.240519177051027 ] ] } },
{ "type": "Feature", "properties": { "road_id": "SUM-ROAD-131", "segment_id": "SUM-131-9107083800775438007643" }, "geometry": { "type": "LineString", "coordinates": [ [ -84.466894010259793, 42.240515859019936 ], [ -84.46689363591814, 42.241447831587102 ] ] } },
{ "type": "Feature", "properties": { "road_id": "SUM-ROAD-132", "segment_id": "SUM-132-8999093800773238007750" }, "geometry": { "type": "LineString", "coordinates": [ [ -84.434397526096035, 42.240061499104399 ], [ -84.433133900026903, 42.240054041884342 ] ] } },
{ "type": "Feature", "properties": { "road_id": "SUM-ROAD-133", "segment_id": "SUM-133-8994073800773238007653" }, "geometry": { "type": "LineString", "coordinates": [ [ -84.434397526096035, 42.240061499104399 ], [ -84.43315704084921, 42.240801810917453 ] ] } },
{ "type": "Feature", "properties": { "road_id": "SUM-ROAD-134", "segment_id": "SUM-134-8999083800773238007517" }, "geometry": { "type": "LineString", "coordinates": [ [ -84.434397526096035, 42.240061499104399 ], [ -84.434397082825043, 42.242140975149191 ] ] } },
{ "type": "Feature", "properties": { "road_id": "SUM-ROAD-135", "segment_id": "SUM-135-8999093800774438007732" }, "geometry": { "type": "LineString", "coordinates": [ [ -84.435613731273591, 42.240044569364855 ], [ -84.434397526096035, 42.240061499104399 ] ] } },
{ "type": "Feature", "properties": { "road_id": "SUM-ROAD-136", "segment_id": "SUM-136-8999073800774438007518" }, "geometry": { "type": "LineString", "coordinates": [ [ -84.435613731273591, 42.240044569364855 ], [ -84.435598050308357, 42.241371684268714 ], [ -84.435619380518204, 42.242141551854175 ] ] } },
{ "type": "Feature", "properties": { "road_id": "SUM-ROAD-137", "segment_id": "SUM-137-8999093800775138007744" }, "geometry": { "type": "LineString", "coordinates": [ [ -84.436804521314642, 42.240049915779373 ], [ -84.436193441849497, 42.240050084181156 ], [ -84.435613731273591, 42.240044569364855 ] ] } },
{ "type": "Feature", "properties": { "road_id": "SUM-ROAD-138", "segment_id": "SUM-138-8999063800775138007520" }, "geometry": { "type": "LineString", "coordinates": [ [ -84.436804521314642, 42.240049915779373 ], [ -84.436830450143788, 42.242138873214699 ] ] } },
{ "type": "Feature", "properties": { "road_id": "SUM-ROAD-139", "segment_id": "SUM-139-9090053800775938007754" }, "geometry": { "type": "LineString", "coordinates": [ [ -84.470355820887136, 42.240515683682169 ], [ -84.466894010259793, 42.240515859019936 ] ] } },
{ "type": "Feature", "properties": { "road_id": "SUM-ROAD-140", "segment_id": "SUM-140-9107073800775938007643" }, "geometry": { "type": "LineString", "coordinates": [ [ -84.470355820887136, 42.240515683682169 ], [ -84.470380711261797, 42.240951552554066 ], [ -84.470317364694168, 42.24108870989739 ], [ -84.470224068213568, 42.241225454455439 ], [ -84.470071646067481, 42.241330216110924 ], [ -84.469889828111334, 42.241412308663818 ], [ -84.469673734468273, 42.241466462687484 ], [ -84.467191634635583, 42.241450472142532 ], [ -84.46689363591814, 42.241447831587102 ] ] } },
{ "type": "Feature", "properties": { "road_id": "SUM-ROAD-141", "segment_id": "SUM-141-9090053800776138007759" }, "geometry": { "type": "LineString", "coordinates": [ [ -84.471061374772873, 42.240522144499991 ], [ -84.470355820887136, 42.240515683682169 ] ] } },
{ "type": "Feature", "properties": { "road_id": "SUM-ROAD-142", "segment_id": "SUM-142-8999093800775738007751" }, "geometry": { "type": "LineString", "coordinates": [ [ -84.438034446822329, 42.240036681847123 ], [ -84.436804521314642, 42.240049915779373 ] ] } },
{ "type": "Feature", "properties": { "road_id": "SUM-ROAD-143", "segment_id": "SUM-143-33800663800752338007757" }, "geometry": { "type": "LineString", "coordinates": [ [ -84.43804890969858, 42.242150701910823 ], [ -84.438034446822329, 42.240036681847123 ] ] } },
{ "type": "Feature", "properties": { "road_id": "SUM-ROAD-144", "segment_id": "SUM-144-8999093800776438007757" }, "geometry": { "type": "LineString", "coordinates": [ [ -84.43925983774453, 42.240036494585965 ], [ -84.438034446822329, 42.240036681847123 ] ] } },
{ "type": "Feature", "properties": { "road_id": "SUM-ROAD-145", "segment_id": "SUM-145-9003023800776438007525" }, "geometry": { "type": "LineString", "coordinates": [ [ -84.43925983774453, 42.240036494585965 ], [ -84.439240776744811, 42.241356143317539 ], [ -84.439261421533018, 42.242146013610842 ] ] } },
{ "type": "Feature", "properties": { "road_id": "SUM-ROAD-146", "segment_id": "SUM-146-8999093800776638007764" }, "geometry": { "type": "LineString", "coordinates": [ [ -84.440464433880535, 42.240034616821802 ], [ -84.43925983774453, 42.240036494585965 ] ] } },
{ "type": "Feature", "properties": { "road_id": "SUM-ROAD-147", "segment_id": "SUM-147-9100073800776638007529" }, "geometry": { "type": "LineString", "coordinates": [ [ -84.440464433880535, 42.240034616821802 ], [ -84.440466041148468, 42.242147937760535 ] ] } },
{ "type": "Feature", "properties": { "road_id": "SUM-ROAD-148", "segment_id": "SUM-148-8999093800777038007766" }, "geometry": { "type": "LineString", "coordinates": [ [ -84.441687845395236, 42.240047271482908 ], [ -84.440464433880535, 42.240034616821802 ] ] } },
{ "type": "Feature", "properties": { "road_id": "SUM-ROAD-149", "segment_id": "SUM-149-9100063800777038007531" }, "geometry": { "type": "LineString", "coordinates": [ [ -84.441687845395236, 42.240047271482908 ], [ -84.441690309537833, 42.242146513673042 ] ] } },
{ "type": "Feature", "properties": { "road_id": "SUM-ROAD-150", "segment_id": "SUM-150-8999093800777338007770" }, "geometry": { "type": "LineString", "coordinates": [ [ -84.442939031500586, 42.240036032567616 ], [ -84.441687845395236, 42.240047271482908 ] ] } },
{ "type": "Feature", "properties": { "road_id": "SUM-ROAD-151", "segment_id": "SUM-151-9091013800777338007532" }, "geometry": { "type": "LineString", "coordinates": [ [ -84.442939031500586, 42.240036032567616 ], [ -84.442959544929053, 42.242158127874781 ] ] } },
{ "type": "Feature", "properties": { "road_id": "SUM-ROAD-152", "segment_id": "SUM-152-9042033800777838007534" }, "geometry": { "type": "LineString", "coordinates": [ [ -84.446903004929254, 42.240045715833546 ], [ -84.446780644889444, 42.240579380612139 ], [ -84.446601984721198, 42.24100878532164 ], [ -84.446322389203701, 42.24140115701266 ], [ -84.445911908431114, 42.241756074970688 ], [ -84.445510572829676, 42.241986446168546 ], [ -84.445178288286627, 42.24209311027299 ], [ -84.444810017122578, 42.242148430917496 ], [ -84.443724212313754, 42.242156418158459 ] ] } },
{ "type": "Feature", "properties": { "road_id": "SUM-ROAD-153", "segment_id": "SUM-153-8999093800777638007773" }, "geometry": { "type": "LineString", "coordinates": [ [ -84.443684565836449, 42.23998889520459 ], [ -84.443407597878945, 42.240029834049004 ], [ -84.443180402503558, 42.240053236210706 ], [ -84.442939031500586, 42.240036032567616 ] ] } },
{ "type": "Feature", "properties": { "road_id": "SUM-ROAD-154", "segment_id": "SUM-154-9105013800777638007647" }, "geometry": { "type": "LineString", "coordinates": [ [ -84.443684565836449, 42.23998889520459 ], [ -84.443755375319341, 42.241110141369461 ] ] } },
{ "type": "Feature", "properties": { "road_id": "SUM-ROAD-155", "segment_id": "SUM-155-8999093800778138007778" }, "geometry": { "type": "LineString", "coordinates": [ [ -84.449237182949034, 42.240050589524714 ], [ -84.446903004929254, 42.240045715833546 ] ] } },
{ "type": "Feature", "properties": { "road_id": "SUM-ROAD-156", "segment_id": "SUM-156-33808933800778138007464" }, "geometry": { "type": "LineString", "coordinates": [ [ -84.449237182949034, 42.240050589524714 ], [ -84.449255601311023, 42.240809884018788 ], [ -84.449172147466626, 42.241503326190688 ], [ -84.449183835193608, 42.242004655029305 ] ] } },
{ "type": "Feature", "properties": { "road_id": "SUM-ROAD-157", "segment_id": "SUM-157-8999093800778438007781" }, "geometry": { "type": "LineString", "coordinates": [ [ -84.449620728190538, 42.240044774451867 ], [ -84.449237182949034, 42.240050589524714 ] ] } },
{ "type": "Feature", "properties": { "road_id": "SUM-ROAD-158", "segment_id": "SUM-158-9105053800778338007647" }, "geometry": { "type": "LineString", "coordinates": [ [ -84.446057432687297, 42.23996500480331 ], [ -84.445915451468551, 42.240197709852424 ], [ -84.445681510338588, 42.240443781700108 ], [ -84.445393543705265, 42.240693550319847 ], [ -84.445046575435725, 42.240906870542439 ], [ -84.444677676453793, 42.241039736014628 ], [ -84.444443044212349, 42.241076524055238 ], [ -84.444034925263594, 42.241106410569039 ], [ -84.443755375319341, 42.241110141369461 ] ] } },
{ "type": "Feature", "properties": { "road_id": "SUM-ROAD-159", "segment_id": "SUM-159-8999093800777838007783" }, "geometry": { "type": "LineString", "coordinates": [ [ -84.446903004929254, 42.240045715833546 ], [ -84.446309986674066, 42.240005476113417 ], [ -84.446057432687297, 42.23996500480331 ] ] } },
{ "type": "Feature", "properties": { "road_id": "SUM-ROAD-160", "segment_id": "SUM-160-8999093800778638007776" }, "geometry": { "type": "LineString", "coordinates": [ [ -84.443961502149605, 42.239912976789384 ], [ -84.443684565836449, 42.23998889520459 ] ] } },
{ "type": "Feature", "properties": { "road_id": "SUM-ROAD-161", "segment_id": "SUM-161-8999093800779038007784" }, "geometry": { "type": "LineString", "coordinates": [ [ -84.451688112094999, 42.240017812658955 ], [ -84.449620728190538, 42.240044774451867 ] ] } },
{ "type": "Feature", "properties": { "road_id": "SUM-ROAD-162", "segment_id": "SUM-162-9105033800779038007545" }, "geometry": { "type": "LineString", "coordinates": [ [ -84.451688112094999, 42.240017812658955 ], [ -84.451702085209931, 42.242174471062128 ] ] } },
{ "type": "Feature", "properties": { "road_id": "SUM-ROAD-163", "segment_id": "SUM-163-8999093800779538007790" }, "geometry": { "type": "LineString", "coordinates": [ [ -84.454837862794989, 42.240024365179501 ], [ -84.451688112094999, 42.240017812658955 ] ] } },
{ "type": "Feature", "properties": { "road_id": "SUM-ROAD-164", "segment_id": "SUM-164-9101013800779538007557" }, "geometry": { "type": "LineString", "coordinates": [ [ -84.454837862794989, 42.240024365179501 ], [ -84.454856090473825, 42.242176118310717 ] ] } },
{ "type": "Feature", "properties": { "road_id": "SUM-ROAD-165", "segment_id": "SUM-165-8999093800779738007795" }, "geometry": { "type": "LineString", "coordinates": [ [ -84.456116657180587, 42.240038922796103 ], [ -84.454837862794989, 42.240024365179501 ] ] } },
{ "type": "Feature", "properties": { "road_id": "SUM-ROAD-166", "segment_id": "SUM-166-8999093800779938007797" }, "geometry": { "type": "LineString", "coordinates": [ [ -84.456663970574382, 42.240023534839459 ], [ -84.456116657180587, 42.240038922796103 ] ] } },
{ "type": "Feature", "properties": { "road_id": "SUM-ROAD-167", "segment_id": "SUM-167-8999093800780138007799" }, "geometry": { "type": "LineString", "coordinates": [ [ -84.458510113772462, 42.240001143798814 ], [ -84.456663970574382, 42.240023534839459 ] ] } },
{ "type": "Feature", "properties": { "road_id": "SUM-ROAD-168", "segment_id": "SUM-168-9105023800780138007574" }, "geometry": { "type": "LineString", "coordinates": [ [ -84.458510113772462, 42.240001143798814 ], [ -84.458610868555013, 42.240040719662467 ], [ -84.458687843834468, 42.240077409794942 ], [ -84.458740075673816, 42.240144923506257 ], [ -84.458768347380357, 42.240212104584693 ], [ -84.458743482953636, 42.242036431806596 ] ] } },
{ "type": "Feature", "properties": { "road_id": "SUM-ROAD-169", "segment_id": "SUM-169-9107193800775238007785" }, "geometry": { "type": "LineString", "coordinates": [ [ -84.46546623431766, 42.240519177051027 ], [ -84.465452238241653, 42.240080556630602 ] ] } },
{ "type": "Feature", "properties": { "road_id": "SUM-ROAD-170", "segment_id": "SUM-170-9105013800780638007776" }, "geometry": { "type": "LineString", "coordinates": [ [ -84.443768723666679, 42.239726853706784 ], [ -84.443684565836449, 42.23998889520459 ] ] } },
{ "type": "Feature", "properties": { "road_id": "SUM-ROAD-171", "segment_id": "SUM-171-33808943800778638007806" }, "geometry": { "type": "LineString", "coordinates": [ [ -84.443961502149605, 42.239912976789384 ], [ -84.443768723666679, 42.239726853706784 ] ] } },
{ "type": "Feature", "properties": { "road_id": "SUM-ROAD-172", "segment_id": "SUM-172-9090043800783138007797" }, "geometry": { "type": "LineString", "coordinates": [ [ -84.456465416292261, 42.23980919489987 ], [ -84.456116657180587, 42.240038922796103 ] ] } },
{ "type": "Feature", "properties": { "road_id": "SUM-ROAD-173", "segment_id": "SUM-173-33808893800783138007799" }, "geometry": { "type": "LineString", "coordinates": [ [ -84.456465416292261, 42.23980919489987 ], [ -84.456663970574382, 42.240023534839459 ] ] } },
{ "type": "Feature", "properties": { "road_id": "SUM-ROAD-174", "segment_id": "SUM-174-9003023800781338007764" }, "geometry": { "type": "LineString", "coordinates": [ [ -84.439236183590396, 42.239432825991429 ], [ -84.439240259978106, 42.239528392045841 ], [ -84.43925983774453, 42.240036494585965 ] ] } },
{ "type": "Feature", "properties": { "road_id": "SUM-ROAD-175", "segment_id": "SUM-175-8994073800780938007732" }, "geometry": { "type": "LineString", "coordinates": [ [ -84.435617077160856, 42.239380013487263 ], [ -84.434397526096035, 42.240061499104399 ] ] } },
{ "type": "Feature", "properties": { "road_id": "SUM-ROAD-176", "segment_id": "SUM-176-8999073800780938007744" }, "geometry": { "type": "LineString", "coordinates": [ [ -84.435617077160856, 42.239380013487263 ], [ -84.435613731273591, 42.240044569364855 ] ] } },
{ "type": "Feature", "properties": { "road_id": "SUM-ROAD-177", "segment_id": "SUM-177-8999093800783638007786" }, "geometry": { "type": "LineString", "coordinates": [ [ -84.445085912261106, 42.239414647318981 ], [ -84.444808547341921, 42.239575337262579 ], [ -84.444579107029625, 42.239687331052949 ], [ -84.44429579162869, 42.23980743255742 ], [ -84.443961502149605, 42.239912976789384 ] ] } },
{ "type": "Feature", "properties": { "road_id": "SUM-ROAD-178", "segment_id": "SUM-178-8999093800778338007836" }, "geometry": { "type": "LineString", "coordinates": [ [ -84.446057432687297, 42.23996500480331 ], [ -84.445697088173006, 42.239809329755055 ], [ -84.445444468162677, 42.239659568193055 ], [ -84.445085912261106, 42.239414647318981 ] ] } },
{ "type": "Feature", "properties": { "road_id": "SUM-ROAD-179", "segment_id": "SUM-179-33800663800775738007805" }, "geometry": { "type": "LineString", "coordinates": [ [ -84.438034446822329, 42.240036681847123 ], [ -84.438028354866816, 42.239311986643088 ] ] } },
{ "type": "Feature", "properties": { "road_id": "SUM-ROAD-180", "segment_id": "SUM-180-9104083800784438007770" }, "geometry": { "type": "LineString", "coordinates": [ [ -84.441742091001146, 42.239346706372629 ], [ -84.441687845395236, 42.240047271482908 ] ] } },
{ "type": "Feature", "properties": { "road_id": "SUM-ROAD-181", "segment_id": "SUM-181-33812573801985138020356" }, "geometry": { "type": "LineString", "coordinates": [ [ -84.468154760598395, 42.239598423738691 ], [ -84.471680804309344, 42.239583682288981 ] ] } },
{ "type": "Feature", "properties": { "road_id": "SUM-ROAD-182", "segment_id": "SUM-182-33812573802035638020355" }, "geometry": { "type": "LineString", "coordinates": [ [ -84.471680804309344, 42.239583682288981 ], [ -84.472237737432863, 42.239581344490915 ] ] } },
{ "type": "Feature", "properties": { "road_id": "SUM-ROAD-183", "segment_id": "SUM-183-33800683800786638007784" }, "geometry": { "type": "LineString", "coordinates": [ [ -84.449607800223262, 42.239211240002426 ], [ -84.449631670135673, 42.239381345295598 ], [ -84.449663316393256, 42.239780582150907 ], [ -84.449620728190538, 42.240044774451867 ] ] } },
{ "type": "Feature", "properties": { "road_id": "SUM-ROAD-184", "segment_id": "SUM-184-9104083800787238007844" }, "geometry": { "type": "LineString", "coordinates": [ [ -84.441890067691489, 42.239068647429001 ], [ -84.441742091001146, 42.239346706372629 ] ] } },
{ "type": "Feature", "properties": { "road_id": "SUM-ROAD-185", "segment_id": "SUM-185-9104093800787238007844" }, "geometry": { "type": "LineString", "coordinates": [ [ -84.441890067691489, 42.239068647429001 ], [ -84.441295046356558, 42.23891322647119 ], [ -84.441198210750272, 42.238913712192847 ], [ -84.441120947971953, 42.238925541442541 ], [ -84.441085734501655, 42.238943495311638 ], [ -84.441052627734024, 42.238976237249943 ], [ -84.441034317766722, 42.239012876507871 ], [ -84.441023265556581, 42.239056996894256 ], [ -84.441032301892363, 42.239092175193882 ], [ -84.441051405961744, 42.239121960369978 ], [ -84.441085400678844, 42.23915195455438 ], [ -84.441129275641416, 42.239183932221096 ], [ -84.441200637668587, 42.239208916410838 ], [ -84.441306603982412, 42.239239920652302 ], [ -84.441449890784597, 42.23926775889862 ], [ -84.441742091001146, 42.239346706372629 ] ] } },
{ "type": "Feature", "properties": { "road_id": "SUM-ROAD-186", "segment_id": "SUM-186-9107043801835538007889" }, "geometry": { "type": "LineString", "coordinates": [ [ -84.451878883081406, 42.239000945611011 ], [ -84.452122299159484, 42.238986279264573 ] ] } },
{ "type": "Feature", "properties": { "road_id": "SUM-ROAD-187", "segment_id": "SUM-187-8994073800788138007809" }, "geometry": { "type": "LineString", "coordinates": [ [ -84.436814653601829, 42.238744496600347 ], [ -84.436152835311347, 42.23908012853709 ], [ -84.435617077160856, 42.239380013487263 ] ] } },
{ "type": "Feature", "properties": { "road_id": "SUM-ROAD-188", "segment_id": "SUM-188-8999063800788138007751" }, "geometry": { "type": "LineString", "coordinates": [ [ -84.436814653601829, 42.238744496600347 ], [ -84.436804521314642, 42.240049915779373 ] ] } },
{ "type": "Feature", "properties": { "road_id": "SUM-ROAD-189", "segment_id": "SUM-189-9107023800791838007866" }, "geometry": { "type": "LineString", "coordinates": [ [ -84.450358142256945, 42.238670838243308 ], [ -84.450145494548892, 42.238870083346143 ], [ -84.449607800223262, 42.239211240002426 ] ] } },
{ "type": "Feature", "properties": { "road_id": "SUM-ROAD-190", "segment_id": "SUM-190-9107043800791838018355" }, "geometry": { "type": "LineString", "coordinates": [ [ -84.450358142256945, 42.238670838243308 ], [ -84.450724827518457, 42.238833858198646 ], [ -84.450961027742594, 42.238925774596339 ], [ -84.451162694371916, 42.238968466398575 ], [ -84.451358734816537, 42.238997787382502 ], [ -84.451644526322951, 42.239015065782048 ], [ -84.451878883081406, 42.239000945611011 ] ] } },
{ "type": "Feature", "properties": { "road_id": "SUM-ROAD-191", "segment_id": "SUM-191-9100053800794438007750" }, "geometry": { "type": "LineString", "coordinates": [ [ -84.433115233170966, 42.238263549320948 ], [ -84.433133900026903, 42.240054041884342 ] ] } },
{ "type": "Feature", "properties": { "road_id": "SUM-ROAD-192", "segment_id": "SUM-192-33812573802035738019851" }, "geometry": { "type": "LineString", "coordinates": [ [ -84.467570131345468, 42.238694684331065 ], [ -84.467573876179216, 42.239170802021832 ], [ -84.467588460905048, 42.239258351291468 ], [ -84.467616697791669, 42.239336834389228 ], [ -84.467675147089096, 42.239414837361977 ], [ -84.467778231322214, 42.239495250777324 ], [ -84.467866425417213, 42.239543144827202 ], [ -84.467959852463395, 42.23957495370685 ], [ -84.468059744230004, 42.239589796324672 ], [ -84.468154760598395, 42.239598423738691 ] ] } },
{ "type": "Feature", "properties": { "road_id": "SUM-ROAD-193", "segment_id": "SUM-193-9042033800795738007778" }, "geometry": { "type": "LineString", "coordinates": [ [ -84.447155522069735, 42.238333697434385 ], [ -84.447150735619815, 42.238921298258013 ], [ -84.447057425908866, 42.239544772637785 ], [ -84.446903004929254, 42.240045715833546 ] ] } },
{ "type": "Feature", "properties": { "road_id": "SUM-ROAD-194", "segment_id": "SUM-194-9106023800795638007957" }, "geometry": { "type": "LineString", "coordinates": [ [ -84.448715320801526, 42.238325933721981 ], [ -84.447155522069735, 42.238333697434385 ] ] } },
{ "type": "Feature", "properties": { "road_id": "SUM-ROAD-195", "segment_id": "SUM-195-33800683800795638007866" }, "geometry": { "type": "LineString", "coordinates": [ [ -84.448715320801526, 42.238325933721981 ], [ -84.449031863508793, 42.238702226039869 ], [ -84.449607800223262, 42.239211240002426 ] ] } },
{ "type": "Feature", "properties": { "road_id": "SUM-ROAD-196", "segment_id": "SUM-196-9090043801968138007831" }, "geometry": { "type": "LineString", "coordinates": [ [ -84.458559554271815, 42.238395899962846 ], [ -84.456465416292261, 42.23980919489987 ] ] } },
{ "type": "Feature", "properties": { "road_id": "SUM-ROAD-197", "segment_id": "SUM-197-9107023800796538007918" }, "geometry": { "type": "LineString", "coordinates": [ [ -84.450539954714344, 42.238265033858376 ], [ -84.450502648498656, 42.238423100234151 ], [ -84.450451490665998, 42.238559748985047 ], [ -84.450358142256945, 42.238670838243308 ] ] } },
{ "type": "Feature", "properties": { "road_id": "SUM-ROAD-198", "segment_id": "SUM-198-33814783802035838020357" }, "geometry": { "type": "LineString", "coordinates": [ [ -84.471481109986684, 42.238501547178551 ], [ -84.471063980876608, 42.238639323523074 ], [ -84.470903036684746, 42.238673313335795 ], [ -84.470644934913082, 42.238695618809359 ], [ -84.467936992029038, 42.238704827880625 ], [ -84.467570131345468, 42.238694684331065 ] ] } },
{ "type": "Feature", "properties": { "road_id": "SUM-ROAD-199", "segment_id": "SUM-199-33808963802035838020356" }, "geometry": { "type": "LineString", "coordinates": [ [ -84.471481109986684, 42.238501547178551 ], [ -84.471551578413411, 42.238625349916148 ], [ -84.471636749022679, 42.238838590932978 ], [ -84.471666383564099, 42.239045893995836 ], [ -84.471673208302533, 42.239330469940782 ], [ -84.471680804309344, 42.239583682288981 ] ] } },
{ "type": "Feature", "properties": { "road_id": "SUM-ROAD-200", "segment_id": "SUM-200-33812023801968238019672" }, "geometry": { "type": "LineString", "coordinates": [ [ -84.45829378431911, 42.238200494899566 ], [ -84.458088959665048, 42.238341120137477 ] ] } },
{ "type": "Feature", "properties": { "road_id": "SUM-ROAD-201", "segment_id": "SUM-201-33812033801968238019681" }, "geometry": { "type": "LineString", "coordinates": [ [ -84.45829378431911, 42.238200494899566 ], [ -84.458559554271815, 42.238395899962846 ] ] } },
{ "type": "Feature", "properties": { "road_id": "SUM-ROAD-202", "segment_id": "SUM-202-8999023800797838007836" }, "geometry": { "type": "LineString", "coordinates": [ [ -84.445724304555569, 42.237862691404686 ], [ -84.445694882449544, 42.238249564857156 ], [ -84.445634272898545, 42.238523442132163 ], [ -84.445514277902589, 42.23878762617808 ], [ -84.445085912261106, 42.239414647318981 ] ] } },
{ "type": "Feature", "properties": { "road_id": "SUM-ROAD-203", "segment_id": "SUM-203-9106023800795738007978" }, "geometry": { "type": "LineString", "coordinates": [ [ -84.447155522069735, 42.238333697434385 ], [ -84.446719709348002, 42.238281628017788 ], [ -84.446387581761854, 42.238210515570472 ], [ -84.446139132569797, 42.238131711109965 ], [ -84.445885956880886, 42.238004099273589 ], [ -84.445724304555569, 42.237862691404686 ] ] } },
{ "type": "Feature", "properties": { "road_id": "SUM-ROAD-204", "segment_id": "SUM-204-33808963801985738020358" }, "geometry": { "type": "LineString", "coordinates": [ [ -84.471245894903831, 42.23808829912057 ], [ -84.471481109986684, 42.238501547178551 ] ] } },
{ "type": "Feature", "properties": { "road_id": "SUM-ROAD-205", "segment_id": "SUM-205-9090043801968338019681" }, "geometry": { "type": "LineString", "coordinates": [ [ -84.459585089349886, 42.237834463680933 ], [ -84.45945452458686, 42.23786425329267 ], [ -84.459169174744318, 42.237984459187949 ], [ -84.458559554271815, 42.238395899962846 ] ] } },
{ "type": "Feature", "properties": { "road_id": "SUM-ROAD-206", "segment_id": "SUM-206-9090043800802138019683" }, "geometry": { "type": "LineString", "coordinates": [ [ -84.462519384701693, 42.237792230228251 ], [ -84.462409059677938, 42.237795615086434 ], [ -84.459790635520733, 42.237787567005064 ], [ -84.459585089349886, 42.237834463680933 ] ] } },
{ "type": "Feature", "properties": { "road_id": "SUM-ROAD-207", "segment_id": "SUM-207-8998063800802138007724" }, "geometry": { "type": "LineString", "coordinates": [ [ -84.462519384701693, 42.237792230228251 ], [ -84.462534586137338, 42.240120981336375 ], [ -84.462524591273962, 42.2406948172843 ] ] } },
{ "type": "Feature", "properties": { "road_id": "SUM-ROAD-208", "segment_id": "SUM-208-33808963801725338019859" }, "geometry": { "type": "LineString", "coordinates": [ [ -84.466206003885944, 42.237806654727486 ], [ -84.467563173006894, 42.237809981506842 ] ] } },
{ "type": "Feature", "properties": { "road_id": "SUM-ROAD-209", "segment_id": "SUM-209-33812573801985938020357" }, "geometry": { "type": "LineString", "coordinates": [ [ -84.467563173006894, 42.237809981506842 ], [ -84.467570131345468, 42.238694684331065 ] ] } },
{ "type": "Feature", "properties": { "road_id": "SUM-ROAD-210", "segment_id": "SUM-210-33808963801985938019858" }, "geometry": { "type": "LineString", "coordinates": [ [ -84.467563173006894, 42.237809981506842 ], [ -84.468697018659242, 42.237812749028315 ] ] } },
{ "type": "Feature", "properties": { "road_id": "SUM-ROAD-211", "segment_id": "SUM-211-33812023801968438019682" }, "geometry": { "type": "LineString", "coordinates": [ [ -84.459436206232596, 42.237505443833719 ], [ -84.458858557863635, 42.237657901265223 ], [ -84.458736171399082, 42.237716107125244 ], [ -84.458646358141976, 42.237814703157277 ], [ -84.458576566255118, 42.237918568345435 ], [ -84.458540730331009, 42.238007929416611 ], [ -84.458423928003739, 42.238111141798719 ], [ -84.45829378431911, 42.238200494899566 ] ] } },
{ "type": "Feature", "properties": { "road_id": "SUM-ROAD-212", "segment_id": "SUM-212-33811983801968438019683" }, "geometry": { "type": "LineString", "coordinates": [ [ -84.459436206232596, 42.237505443833719 ], [ -84.459458633266877, 42.237571378959231 ], [ -84.459585089349886, 42.237834463680933 ] ] } },
{ "type": "Feature", "properties": { "road_id": "SUM-ROAD-213", "segment_id": "SUM-213-33808963801985838019857" }, "geometry": { "type": "LineString", "coordinates": [ [ -84.468697018659242, 42.237812749028315 ], [ -84.469166948286045, 42.237813893038137 ], [ -84.46938861003791, 42.237809819304303 ], [ -84.469557639903641, 42.237783434924189 ], [ -84.469721459535563, 42.23774467198502 ], [ -84.469958194897188, 42.237659739124105 ], [ -84.470069075700749, 42.237640756734066 ], [ -84.470165853254358, 42.237633886333022 ], [ -84.470569109274578, 42.237623035032023 ], [ -84.470734408104846, 42.237635568029063 ], [ -84.470863477779659, 42.237661959225306 ], [ -84.471018963372345, 42.237735888992482 ], [ -84.471102300117153, 42.237825233369719 ], [ -84.471163614351084, 42.237912223263265 ], [ -84.471245894903831, 42.23808829912057 ] ] } },
{ "type": "Feature", "properties": { "road_id": "SUM-ROAD-214", "segment_id": "SUM-214-9105013800807038007806" }, "geometry": { "type": "LineString", "coordinates": [ [ -84.444113227437825, 42.236969797480675 ], [ -84.44397801534042, 42.2372905668934 ], [ -84.443933258229549, 42.23764442485129 ], [ -84.443935963054784, 42.238007809762195 ], [ -84.443981413794745, 42.23880160783937 ], [ -84.443940594528314, 42.239235280205115 ], [ -84.443849496320198, 42.239535316166439 ], [ -84.443768723666679, 42.239726853706784 ] ] } },
{ "type": "Feature", "properties": { "road_id": "SUM-ROAD-215", "segment_id": "SUM-215-9107033801835638008026" }, "geometry": { "type": "LineString", "coordinates": [ [ -84.453695900837843, 42.236962412383498 ], [ -84.45442010848781, 42.237688467093797 ] ] } },
{ "type": "Feature", "properties": { "road_id": "SUM-ROAD-216", "segment_id": "SUM-216-33811983801967838019684" }, "geometry": { "type": "LineString", "coordinates": [ [ -84.459574107744331, 42.236984408093718 ], [ -84.45941469107062, 42.237181383671583 ], [ -84.45939228682424, 42.237270930482687 ], [ -84.459402332017049, 42.237405857800056 ], [ -84.459436206232596, 42.237505443833719 ] ] } },
{ "type": "Feature", "properties": { "road_id": "SUM-ROAD-217", "segment_id": "SUM-217-8999053800807038008086" }, "geometry": { "type": "LineString", "coordinates": [ [ -84.444113227437825, 42.236969797480675 ], [ -84.443243849909621, 42.236839453839288 ], [ -84.442885155879978, 42.236746778408481 ] ] } },
{ "type": "Feature", "properties": { "road_id": "SUM-ROAD-218", "segment_id": "SUM-218-9104083800810338007872" }, "geometry": { "type": "LineString", "coordinates": [ [ -84.442520041596595, 42.236629964363274 ], [ -84.442372874493913, 42.236864837269799 ], [ -84.442266815564651, 42.237049455150014 ], [ -84.442228124980588, 42.237164119613496 ], [ -84.442244877757744, 42.237678358553595 ], [ -84.442264217460703, 42.238090719506637 ], [ -84.442178174751007, 42.238426273901602 ], [ -84.442051079371865, 42.23873466559747 ], [ -84.441890067691489, 42.239068647429001 ] ] } },
{ "type": "Feature", "properties": { "road_id": "SUM-ROAD-219", "segment_id": "SUM-219-8999053800808638008103" }, "geometry": { "type": "LineString", "coordinates": [ [ -84.442885155879978, 42.236746778408481 ], [ -84.442520041596595, 42.236629964363274 ] ] } },
{ "type": "Feature", "properties": { "road_id": "SUM-ROAD-220", "segment_id": "SUM-220-9100053800810038007944" }, "geometry": { "type": "LineString", "coordinates": [ [ -84.433106730099965, 42.23646894245983 ], [ -84.433115233170966, 42.238263549320948 ] ] } },
{ "type": "Feature", "properties": { "road_id": "SUM-ROAD-221", "segment_id": "SUM-221-33812003802032238019678" }, "geometry": { "type": "LineString", "coordinates": [ [ -84.458924858072692, 42.236824189221309 ], [ -84.459033538262219, 42.236827592135676 ], [ -84.459119618992759, 42.236837340776269 ], [ -84.459261469936109, 42.236860692329174 ], [ -84.459391224376191, 42.236907398015887 ], [ -84.459574107744331, 42.236984408093718 ] ] } },
{ "type": "Feature", "properties": { "road_id": "SUM-ROAD-222", "segment_id": "SUM-222-17735263801741938007981" }, "geometry": { "type": "LineString", "coordinates": [ [ -84.434291285220198, 42.236468802627506 ], [ -84.434274694682401, 42.237099915141677 ] ] } },
{ "type": "Feature", "properties": { "road_id": "SUM-ROAD-223", "segment_id": "SUM-223-9084043801741938008100" }, "geometry": { "type": "LineString", "coordinates": [ [ -84.434291285220198, 42.236468802627506 ], [ -84.433645722730319, 42.23645934401484 ], [ -84.433106730099965, 42.23646894245983 ] ] } },
{ "type": "Feature", "properties": { "road_id": "SUM-ROAD-224", "segment_id": "SUM-224-9042073800810238008104" }, "geometry": { "type": "LineString", "coordinates": [ [ -84.48287573866385, 42.237175646921173 ], [ -84.482558592147015, 42.237193326368434 ], [ -84.482440729507786, 42.237195605019259 ], [ -84.482354439775051, 42.237191507276506 ], [ -84.482302436773651, 42.237177178062389 ], [ -84.482262474739088, 42.237152314061404 ], [ -84.482234639613623, 42.2371097264433 ] ] } },
{ "type": "Feature", "properties": { "road_id": "SUM-ROAD-225", "segment_id": "SUM-225-9106043800810638007965" }, "geometry": { "type": "LineString", "coordinates": [ [ -84.451012737842106, 42.236650018267859 ], [ -84.450413515842001, 42.236995055548441 ], [ -84.45027957999622, 42.237103962301482 ], [ -84.450139010006481, 42.237239363007284 ], [ -84.450039942779583, 42.237384205712573 ], [ -84.450023654497571, 42.237556789659102 ], [ -84.450054716092126, 42.237743327440604 ], [ -84.450145723701397, 42.237917409024689 ], [ -84.450302636108532, 42.238079117424896 ], [ -84.450539954714344, 42.238265033858376 ] ] } },
{ "type": "Feature", "properties": { "road_id": "SUM-ROAD-226", "segment_id": "SUM-226-33812563801986038019858" }, "geometry": { "type": "LineString", "coordinates": [ [ -84.468529161218228, 42.236795794118535 ], [ -84.468598928091282, 42.236859991602003 ], [ -84.468650450298256, 42.236940257701526 ], [ -84.468674788112935, 42.237009948283976 ], [ -84.468686337527785, 42.23709409293361 ], [ -84.468697018659242, 42.237812749028315 ] ] } },
{ "type": "Feature", "properties": { "road_id": "SUM-ROAD-227", "segment_id": "SUM-227-9107023800811838007965" }, "geometry": { "type": "LineString", "coordinates": [ [ -84.453293354493852, 42.236558829434678 ], [ -84.45086618471872, 42.237968048480695 ], [ -84.450732999450366, 42.238078048081796 ], [ -84.450539954714344, 42.238265033858376 ] ] } },
{ "type": "Feature", "properties": { "road_id": "SUM-ROAD-228", "segment_id": "SUM-228-9107033800811838018356" }, "geometry": { "type": "LineString", "coordinates": [ [ -84.453293354493852, 42.236558829434678 ], [ -84.453695900837843, 42.236962412383498 ] ] } },
{ "type": "Feature", "properties": { "road_id": "SUM-ROAD-229", "segment_id": "SUM-229-8998063801725038008021" }, "geometry": { "type": "LineString", "coordinates": [ [ -84.462517575602178, 42.236664782902402 ], [ -84.462519384701693, 42.237792230228251 ] ] } },
{ "type": "Feature", "properties": { "road_id": "SUM-ROAD-230", "segment_id": "SUM-230-33808953801725038017252" }, "geometry": { "type": "LineString", "coordinates": [ [ -84.462517575602178, 42.236664782902402 ], [ -84.464083701413045, 42.236670519959901 ] ] } },
{ "type": "Feature", "properties": { "road_id": "SUM-ROAD-231", "segment_id": "SUM-231-33808963801725238017253" }, "geometry": { "type": "LineString", "coordinates": [ [ -84.464083701413045, 42.236670519959901 ], [ -84.464088910541605, 42.237634938824648 ], [ -84.464108202856082, 42.237714274677131 ], [ -84.464174249103692, 42.237767901375818 ], [ -84.464251394568862, 42.237803231751521 ], [ -84.464385929769961, 42.237812999972959 ], [ -84.464612980145816, 42.237810869229946 ], [ -84.464997520363184, 42.237811378015721 ], [ -84.466053905820232, 42.237806246490905 ], [ -84.466206003885944, 42.237806654727486 ] ] } },
{ "type": "Feature", "properties": { "road_id": "SUM-ROAD-232", "segment_id": "SUM-232-33808953801725238017251" }, "geometry": { "type": "LineString", "coordinates": [ [ -84.464083701413045, 42.236670519959901 ], [ -84.464616868664265, 42.236664689376653 ], [ -84.464656373942191, 42.236664870073234 ] ] } },
{ "type": "Feature", "properties": { "road_id": "SUM-ROAD-233", "segment_id": "SUM-233-33808953801725138019860" }, "geometry": { "type": "LineString", "coordinates": [ [ -84.464656373942191, 42.236664870073234 ], [ -84.468100257753349, 42.236663612913809 ], [ -84.468220687577372, 42.236672205543869 ], [ -84.468336776090709, 42.23669522632089 ], [ -84.468442725271586, 42.236739524971682 ], [ -84.468529161218228, 42.236795794118535 ] ] } },
{ "type": "Feature", "properties": { "road_id": "SUM-ROAD-234", "segment_id": "SUM-234-33812003802037238020322" }, "geometry": { "type": "LineString", "coordinates": [ [ -84.457180866669447, 42.236462335963324 ], [ -84.457196475360277, 42.236481143263276 ], [ -84.457243039005803, 42.23652790869415 ], [ -84.457302596282702, 42.236564212788558 ], [ -84.457359209528676, 42.236591015002844 ], [ -84.457420685160344, 42.236614337458747 ], [ -84.457602108673896, 42.236677168319297 ], [ -84.457786832385537, 42.236735313810037 ], [ -84.457946638621209, 42.236771826463929 ], [ -84.458092277923853, 42.236802230286905 ], [ -84.458217682161148, 42.236814614665327 ], [ -84.458349688427973, 42.236817630546156 ], [ -84.458849520681326, 42.236821830076003 ], [ -84.458924858072692, 42.236824189221309 ] ] } },
{ "type": "Feature", "properties": { "road_id": "SUM-ROAD-235", "segment_id": "SUM-235-17735163801741938017420" }, "geometry": { "type": "LineString", "coordinates": [ [ -84.434291285220198, 42.236468802627506 ], [ -84.434289806157508, 42.236025333784085 ] ] } },
{ "type": "Feature", "properties": { "road_id": "SUM-ROAD-236", "segment_id": "SUM-236-8994073800815238007881" }, "geometry": { "type": "LineString", "coordinates": [ [ -84.440972708525535, 42.236026960257348 ], [ -84.439741133392786, 42.23702460644742 ], [ -84.439317170573617, 42.237347910279865 ], [ -84.439077482557749, 42.237523399736922 ], [ -84.438877521278542, 42.237642537096477 ], [ -84.438522376183954, 42.237840792250502 ], [ -84.437703978564585, 42.238283695294342 ], [ -84.436814653601829, 42.238744496600347 ] ] } },
{ "type": "Feature", "properties": { "road_id": "SUM-ROAD-237", "segment_id": "SUM-237-8999053800810338008152" }, "geometry": { "type": "LineString", "coordinates": [ [ -84.442520041596595, 42.236629964363274 ], [ -84.441287180159605, 42.236135768576595 ], [ -84.440972708525535, 42.236026960257348 ] ] } },
{ "type": "Feature", "properties": { "road_id": "SUM-ROAD-238", "segment_id": "SUM-238-33814603802032238020323" }, "geometry": { "type": "LineString", "coordinates": [ [ -84.458924858072692, 42.236824189221309 ], [ -84.458969256696236, 42.236431124972675 ], [ -84.458738082614019, 42.236107823904348 ] ] } },
{ "type": "Feature", "properties": { "road_id": "SUM-ROAD-239", "segment_id": "SUM-239-33800683800817438007956" }, "geometry": { "type": "LineString", "coordinates": [ [ -84.450118018240119, 42.235817655470413 ], [ -84.449653447213507, 42.236095105854666 ], [ -84.449525704583877, 42.236160450599648 ], [ -84.449294349070428, 42.23622994213445 ], [ -84.449125995174228, 42.236263952017886 ], [ -84.448970809181219, 42.236298145590212 ], [ -84.448797808273838, 42.236367053214764 ], [ -84.448717894276854, 42.236455402026635 ], [ -84.448635253651418, 42.236575859961142 ], [ -84.448594446752153, 42.236774687943452 ], [ -84.448596057559925, 42.23718236858268 ], [ -84.448619718166057, 42.2376612536479 ], [ -84.448646630351234, 42.238011683320202 ], [ -84.448715320801526, 42.238325933721981 ] ] } },
{ "type": "Feature", "properties": { "road_id": "SUM-ROAD-240", "segment_id": "SUM-240-9042023800817438008106" }, "geometry": { "type": "LineString", "coordinates": [ [ -84.450118018240119, 42.235817655470413 ], [ -84.450876772444218, 42.236513068370783 ], [ -84.451012737842106, 42.236650018267859 ] ] } },
{ "type": "Feature", "properties": { "road_id": "SUM-ROAD-241", "segment_id": "SUM-241-8994073800818738008152" }, "geometry": { "type": "LineString", "coordinates": [ [ -84.441629936984597, 42.235542228419959 ], [ -84.440972708525535, 42.236026960257348 ] ] } },
{ "type": "Feature", "properties": { "road_id": "SUM-ROAD-242", "segment_id": "SUM-242-9105013800820038008070" }, "geometry": { "type": "LineString", "coordinates": [ [ -84.445436418399282, 42.235552291497754 ], [ -84.445177808523198, 42.235787629037326 ], [ -84.444969542574839, 42.235985655072412 ], [ -84.444480739835527, 42.236490676290877 ], [ -84.444272650085708, 42.236787654179629 ], [ -84.444113227437825, 42.236969797480675 ] ] } },
{ "type": "Feature", "properties": { "road_id": "SUM-ROAD-243", "segment_id": "SUM-243-8999023800820038007978" }, "geometry": { "type": "LineString", "coordinates": [ [ -84.445436418399282, 42.235552291497754 ], [ -84.445630276496445, 42.236059005627432 ], [ -84.445683789632056, 42.236336651261034 ], [ -84.445711403430039, 42.236992935141153 ], [ -84.445724304555569, 42.237862691404686 ] ] } },
{ "type": "Feature", "properties": { "road_id": "SUM-ROAD-244", "segment_id": "SUM-244-33812003801968838020372" }, "geometry": { "type": "LineString", "coordinates": [ [ -84.458384483509803, 42.235212561791023 ], [ -84.4583410046002, 42.235263953106603 ], [ -84.458264388844071, 42.235335591463055 ], [ -84.458068055545937, 42.23543835562635 ], [ -84.457785308886812, 42.235514769173669 ], [ -84.457630217381777, 42.235548610869145 ], [ -84.457496835596842, 42.23558085964423 ], [ -84.457403943984673, 42.235625037879771 ], [ -84.457349448202663, 42.23566311889271 ], [ -84.45728170808674, 42.235720908770226 ], [ -84.457248707655225, 42.235765919107976 ], [ -84.457232082273023, 42.235818735292121 ], [ -84.457212746442991, 42.235961051811401 ], [ -84.457201386915898, 42.236033028795283 ], [ -84.457188526785615, 42.236101437634183 ], [ -84.457171548026679, 42.236143772771925 ], [ -84.457144905279037, 42.236190704528987 ], [ -84.457119704794962, 42.236243568173549 ], [ -84.457116627493264, 42.236302652916031 ], [ -84.457124773034238, 42.236358345432279 ], [ -84.457154774144655, 42.236430897193472 ], [ -84.457180866669447, 42.236462335963324 ] ] } },
{ "type": "Feature", "properties": { "road_id": "SUM-ROAD-245", "segment_id": "SUM-245-33812593801986638019854" }, "geometry": { "type": "LineString", "coordinates": [ [ -84.469746475593041, 42.235519337138214 ], [ -84.469668854627599, 42.235481779866248 ], [ -84.469432336741775, 42.235355066375334 ] ] } },
{ "type": "Feature", "properties": { "road_id": "SUM-ROAD-246", "segment_id": "SUM-246-9105013800825538008200" }, "geometry": { "type": "LineString", "coordinates": [ [ -84.44712170472036, 42.235032717152848 ], [ -84.446833967414364, 42.235075731970284 ], [ -84.446656769908998, 42.235097688986187 ], [ -84.446390528303851, 42.235140657493197 ], [ -84.445991921347144, 42.235238721745837 ], [ -84.44575486000916, 42.235337653212511 ], [ -84.445436418399282, 42.235552291497754 ] ] } },
{ "type": "Feature", "properties": { "road_id": "SUM-ROAD-247", "segment_id": "SUM-247-9042033800825538007957" }, "geometry": { "type": "LineString", "coordinates": [ [ -84.44712170472036, 42.235032717152848 ], [ -84.447133438051409, 42.236757426194011 ], [ -84.447155522069735, 42.238333697434385 ] ] } },
{ "type": "Feature", "properties": { "road_id": "SUM-ROAD-248", "segment_id": "SUM-248-33812593801986538019866" }, "geometry": { "type": "LineString", "coordinates": [ [ -84.470826493739565, 42.23527461705654 ], [ -84.470779718359054, 42.235372791055568 ], [ -84.470676679750099, 42.235480133529641 ], [ -84.470524020953391, 42.235565040064472 ], [ -84.47035564753449, 42.235609332462872 ], [ -84.470154917713913, 42.23560967357313 ], [ -84.469975633253981, 42.235588556976509 ], [ -84.469801071066627, 42.235545753118032 ], [ -84.469746475593041, 42.235519337138214 ] ] } },
{ "type": "Feature", "properties": { "road_id": "SUM-ROAD-249", "segment_id": "SUM-249-33812603801986538019867" }, "geometry": { "type": "LineString", "coordinates": [ [ -84.470826493739565, 42.23527461705654 ], [ -84.471022452373333, 42.235306308416838 ], [ -84.471196144548713, 42.235314940786985 ], [ -84.471342661295836, 42.235307154780472 ], [ -84.471457813415626, 42.23529291040154 ] ] } },
{ "type": "Feature", "properties": { "road_id": "SUM-ROAD-250", "segment_id": "SUM-250-9100053800827238008100" }, "geometry": { "type": "LineString", "coordinates": [ [ -84.433106089263589, 42.234713688006572 ], [ -84.433106730099965, 42.23646894245983 ] ] } },
{ "type": "Feature", "properties": { "road_id": "SUM-ROAD-251", "segment_id": "SUM-251-33812603801986738019863" }, "geometry": { "type": "LineString", "coordinates": [ [ -84.471457813415626, 42.23529291040154 ], [ -84.471459360043355, 42.23529271911756 ], [ -84.471848909236087, 42.235206281153054 ] ] } },
{ "type": "Feature", "properties": { "road_id": "SUM-ROAD-252", "segment_id": "SUM-252-9104063800827538008272" }, "geometry": { "type": "LineString", "coordinates": [ [ -84.43784739813016, 42.234706466422637 ], [ -84.433106089263589, 42.234713688006572 ] ] } },
{ "type": "Feature", "properties": { "road_id": "SUM-ROAD-253", "segment_id": "SUM-253-9106043800828738008106" }, "geometry": { "type": "LineString", "coordinates": [ [ -84.453935580174132, 42.234904185480744 ], [ -84.451092963798786, 42.236604048832859 ], [ -84.451012737842106, 42.236650018267859 ] ] } },
{ "type": "Feature", "properties": { "road_id": "SUM-ROAD-254", "segment_id": "SUM-254-9106043800829438008287" }, "geometry": { "type": "LineString", "coordinates": [ [ -84.45464400736752, 42.234865484288825 ], [ -84.454100371591537, 42.234863718936303 ], [ -84.453935580174132, 42.234904185480744 ] ] } },
{ "type": "Feature", "properties": { "road_id": "SUM-ROAD-255", "segment_id": "SUM-255-9107023800829438008118" }, "geometry": { "type": "LineString", "coordinates": [ [ -84.45464400736752, 42.234865484288825 ], [ -84.454638426688362, 42.235399401217244 ], [ -84.454589357459255, 42.235613301502724 ], [ -84.454495062603101, 42.235792311755439 ], [ -84.454399705751854, 42.235917210485042 ], [ -84.454254179309416, 42.236010755149863 ], [ -84.453293354493852, 42.236558829434678 ] ] } },
{ "type": "Feature", "properties": { "road_id": "SUM-ROAD-256", "segment_id": "SUM-256-9104073800829138008086" }, "geometry": { "type": "LineString", "coordinates": [ [ -84.444510442612838, 42.234686528329973 ], [ -84.443063313972559, 42.235878363986593 ], [ -84.442966154657213, 42.236012573958575 ], [ -84.442940251733376, 42.236134601727002 ], [ -84.442885155879978, 42.236746778408481 ] ] } },
{ "type": "Feature", "properties": { "road_id": "SUM-ROAD-257", "segment_id": "SUM-257-8999023800829138008200" }, "geometry": { "type": "LineString", "coordinates": [ [ -84.444510442612838, 42.234686528329973 ], [ -84.445004902559432, 42.235055411536202 ], [ -84.4451857294695, 42.235212176386888 ], [ -84.445318454866282, 42.235359817217748 ], [ -84.445436418399282, 42.235552291497754 ] ] } },
{ "type": "Feature", "properties": { "road_id": "SUM-ROAD-258", "segment_id": "SUM-258-9105013800829238008255" }, "geometry": { "type": "LineString", "coordinates": [ [ -84.449007261171388, 42.234742541374644 ], [ -84.448585550171785, 42.234941792481777 ], [ -84.448451654916184, 42.234982454074434 ], [ -84.448280843057219, 42.235013546716061 ], [ -84.447911634862024, 42.235034552638758 ], [ -84.447616695658041, 42.235033606725089 ], [ -84.44712170472036, 42.235032717152848 ] ] } },
{ "type": "Feature", "properties": { "road_id": "SUM-ROAD-259", "segment_id": "SUM-259-9042023800829238008174" }, "geometry": { "type": "LineString", "coordinates": [ [ -84.449007261171388, 42.234742541374644 ], [ -84.449344350147655, 42.235086065928627 ], [ -84.450118018240119, 42.235817655470413 ] ] } },
{ "type": "Feature", "properties": { "road_id": "SUM-ROAD-260", "segment_id": "SUM-260-8994073800829338008187" }, "geometry": { "type": "LineString", "coordinates": [ [ -84.442702937180329, 42.234608969352053 ], [ -84.441629936984597, 42.235542228419959 ] ] } },
{ "type": "Feature", "properties": { "road_id": "SUM-ROAD-261", "segment_id": "SUM-261-33812003801968738019688" }, "geometry": { "type": "LineString", "coordinates": [ [ -84.45852049937514, 42.234796850347912 ], [ -84.458511420197581, 42.2348186971196 ], [ -84.458479933105366, 42.234926601774646 ], [ -84.458474806849253, 42.234977850093514 ], [ -84.458471205793956, 42.23504480134919 ], [ -84.458456384818234, 42.235100191973928 ], [ -84.458422064480857, 42.235168141703952 ], [ -84.458384483509803, 42.235212561791023 ] ] } },
{ "type": "Feature", "properties": { "road_id": "SUM-ROAD-262", "segment_id": "SUM-262-33812013801968738019688" }, "geometry": { "type": "LineString", "coordinates": [ [ -84.45852049937514, 42.234796850347912 ], [ -84.458664305651496, 42.234851104263875 ], [ -84.458748152427489, 42.234884465105146 ], [ -84.458782890517924, 42.234912754596969 ], [ -84.458807747791724, 42.23494237068013 ], [ -84.458814813674337, 42.234974666415674 ], [ -84.458821732448882, 42.235012814306842 ], [ -84.458812864426406, 42.235052205909419 ], [ -84.458795827107878, 42.235103193396647 ], [ -84.458752755465667, 42.235171381140248 ], [ -84.458712167724329, 42.235219114109157 ], [ -84.458674246634416, 42.235239076869853 ], [ -84.45862283875924, 42.235247143967612 ], [ -84.458559766023967, 42.235249195780654 ], [ -84.458498881867087, 42.235242496199717 ], [ -84.458384483509803, 42.235212561791023 ] ] } },
{ "type": "Feature", "properties": { "road_id": "SUM-ROAD-263", "segment_id": "SUM-263-9042053800830638008304" }, "geometry": { "type": "LineString", "coordinates": [ [ -84.482168238549747, 42.23507532632847 ], [ -84.481182395100873, 42.235080464173755 ] ] } },
{ "type": "Feature", "properties": { "road_id": "SUM-ROAD-264", "segment_id": "SUM-264-9042073800810438008306" }, "geometry": { "type": "LineString", "coordinates": [ [ -84.482234639613623, 42.2371097264433 ], [ -84.482224718215804, 42.237033613633322 ], [ -84.482168238549747, 42.23507532632847 ] ] } },
{ "type": "Feature", "properties": { "road_id": "SUM-ROAD-265", "segment_id": "SUM-265-9042053800830838008306" }, "geometry": { "type": "LineString", "coordinates": [ [ -84.482803500700768, 42.235067874913668 ], [ -84.482168238549747, 42.23507532632847 ] ] } },
{ "type": "Feature", "properties": { "road_id": "SUM-ROAD-266", "segment_id": "SUM-266-9106043800829638008294" }, "geometry": { "type": "LineString", "coordinates": [ [ -84.455990058301694, 42.234665398870391 ], [ -84.455981860236989, 42.234742231728553 ], [ -84.455945904100091, 42.23479326108108 ], [ -84.455891853455142, 42.234828580387294 ], [ -84.455817224602711, 42.234855024464224 ], [ -84.455698823442063, 42.23487570714223 ], [ -84.455541532232459, 42.234880389419388 ], [ -84.45464400736752, 42.234865484288825 ] ] } },
{ "type": "Feature", "properties": { "road_id": "SUM-ROAD-267", "segment_id": "SUM-267-33800683800832038008174" }, "geometry": { "type": "LineString", "coordinates": [ [ -84.452325126523405, 42.234549286046061 ], [ -84.451358119948495, 42.235117802210489 ], [ -84.450118018240119, 42.235817655470413 ] ] } },
{ "type": "Feature", "properties": { "road_id": "SUM-ROAD-268", "segment_id": "SUM-268-8998013800832338007415" }, "geometry": { "type": "LineString", "coordinates": [ [ -84.475319104389072, 42.234827365957173 ], [ -84.475619862817211, 42.240039817271466 ], [ -84.475810505441089, 42.243819214955145 ] ] } },
{ "type": "Feature", "properties": { "road_id": "SUM-ROAD-269", "segment_id": "SUM-269-8998023800834038007407" }, "geometry": { "type": "LineString", "coordinates": [ [ -84.474950144301687, 42.234658863160448 ], [ -84.475357546689835, 42.242079437137576 ], [ -84.475422175117714, 42.243813881702451 ] ] } },
{ "type": "Feature", "properties": { "road_id": "SUM-ROAD-270", "segment_id": "SUM-270-33812003801967738019687" }, "geometry": { "type": "LineString", "coordinates": [ [ -84.45891830012863, 42.234431242792297 ], [ -84.458790260008783, 42.23448613994519 ], [ -84.458708359405335, 42.234539173373548 ], [ -84.458620202611911, 42.23461207766541 ], [ -84.45856848207049, 42.234685487810928 ], [ -84.458542047251882, 42.234744994115289 ], [ -84.45852049937514, 42.234796850347912 ] ] } },
{ "type": "Feature", "properties": { "road_id": "SUM-ROAD-271", "segment_id": "SUM-271-33811993801967738019678" }, "geometry": { "type": "LineString", "coordinates": [ [ -84.45891830012863, 42.234431242792297 ], [ -84.458983194217026, 42.234413842387227 ], [ -84.459067143142889, 42.23440487925847 ], [ -84.459226783099467, 42.234405647486156 ], [ -84.459393737000013, 42.23442532807487 ], [ -84.459678584011968, 42.234479923756716 ], [ -84.459871018675244, 42.234526912264634 ], [ -84.460019756121511, 42.234577704514209 ], [ -84.460102877707158, 42.23462793319618 ], [ -84.460214654296053, 42.234705823315771 ], [ -84.460286226144305, 42.234777703246685 ], [ -84.460320916325443, 42.234857250723728 ], [ -84.460341278454891, 42.234922967900921 ], [ -84.460322843331838, 42.235072665758963 ], [ -84.460305092650628, 42.23519510816989 ], [ -84.460301122480345, 42.235353185762129 ], [ -84.460296125512301, 42.235552145608651 ], [ -84.460319619811088, 42.235931444834762 ], [ -84.460335943726761, 42.236157964396632 ], [ -84.460366597424425, 42.236398315148087 ], [ -84.460381963327023, 42.236662992114539 ], [ -84.460384420665633, 42.236820426473393 ], [ -84.460360263219187, 42.236979840062695 ], [ -84.460277419857121, 42.237068548802405 ], [ -84.460135139662881, 42.23711649682059 ], [ -84.460013882444358, 42.237129791278427 ], [ -84.459853210280528, 42.237107593795749 ], [ -84.459574107744331, 42.236984408093718 ] ] } },
{ "type": "Feature", "properties": { "road_id": "SUM-ROAD-272", "segment_id": "SUM-272-33816593802165638021655" }, "geometry": { "type": "LineString", "coordinates": [ [ -84.479282948102252, 42.234602481798291 ], [ -84.479550307175117, 42.234723961110653 ] ] } },
{ "type": "Feature", "properties": { "road_id": "SUM-ROAD-273", "segment_id": "SUM-273-9106163800832038017246" }, "geometry": { "type": "LineString", "coordinates": [ [ -84.452325126523405, 42.234549286046061 ], [ -84.451982445153206, 42.234241477095509 ], [ -84.451964160535425, 42.234210058563384 ] ] } },
{ "type": "Feature", "properties": { "road_id": "SUM-ROAD-274", "segment_id": "SUM-274-8994073800836838008293" }, "geometry": { "type": "LineString", "coordinates": [ [ -84.443441269353016, 42.234008908199655 ], [ -84.442702937180329, 42.234608969352053 ] ] } },
{ "type": "Feature", "properties": { "road_id": "SUM-ROAD-275", "segment_id": "SUM-275-8999023800836838008291" }, "geometry": { "type": "LineString", "coordinates": [ [ -84.443441269353016, 42.234008908199655 ], [ -84.444510442612838, 42.234686528329973 ] ] } },
{ "type": "Feature", "properties": { "road_id": "SUM-ROAD-276", "segment_id": "SUM-276-9104073800835738008291" }, "geometry": { "type": "LineString", "coordinates": [ [ -84.447109075225015, 42.234035762768627 ], [ -84.444510442612838, 42.234686528329973 ] ] } },
{ "type": "Feature", "properties": { "road_id": "SUM-ROAD-277", "segment_id": "SUM-277-9042033800835738008255" }, "geometry": { "type": "LineString", "coordinates": [ [ -84.447109075225015, 42.234035762768627 ], [ -84.44712170472036, 42.235032717152848 ] ] } },
{ "type": "Feature", "properties": { "road_id": "SUM-ROAD-278", "segment_id": "SUM-278-9100053800837238008272" }, "geometry": { "type": "LineString", "coordinates": [ [ -84.43307479818165, 42.233800474831853 ], [ -84.433106089263589, 42.234713688006572 ] ] } },
{ "type": "Feature", "properties": { "road_id": "SUM-ROAD-279", "segment_id": "SUM-279-33816593801980538021656" }, "geometry": { "type": "LineString", "coordinates": [ [ -84.478681449276237, 42.234413823570087 ], [ -84.479282948102252, 42.234602481798291 ] ] } },
{ "type": "Feature", "properties": { "road_id": "SUM-ROAD-280", "segment_id": "SUM-280-33800683800837738008320" }, "geometry": { "type": "LineString", "coordinates": [ [ -84.45324225824119, 42.234052166020028 ], [ -84.452325126523405, 42.234549286046061 ] ] } },
{ "type": "Feature", "properties": { "road_id": "SUM-ROAD-281", "segment_id": "SUM-281-9106053800837738008287" }, "geometry": { "type": "LineString", "coordinates": [ [ -84.45324225824119, 42.234052166020028 ], [ -84.453589634525216, 42.234380346543063 ], [ -84.453811901932369, 42.234687313208646 ], [ -84.453935580174132, 42.234904185480744 ] ] } },
{ "type": "Feature", "properties": { "road_id": "SUM-ROAD-282", "segment_id": "SUM-282-9104053800837538008372" }, "geometry": { "type": "LineString", "coordinates": [ [ -84.437845262260296, 42.233802904202967 ], [ -84.43307479818165, 42.233800474831853 ] ] } },
{ "type": "Feature", "properties": { "road_id": "SUM-ROAD-283", "segment_id": "SUM-283-9100043800837538008275" }, "geometry": { "type": "LineString", "coordinates": [ [ -84.437845262260296, 42.233802904202967 ], [ -84.43784739813016, 42.234706466422637 ] ] } },
{ "type": "Feature", "properties": { "road_id": "SUM-ROAD-284", "segment_id": "SUM-284-33812373801980438019805" }, "geometry": { "type": "LineString", "coordinates": [ [ -84.477721702609969, 42.234301891443913 ], [ -84.477763612934879, 42.234340699977658 ], [ -84.477808140287991, 42.234360428031323 ], [ -84.47787235137703, 42.234364494858106 ], [ -84.477936719468232, 42.234362191681925 ], [ -84.478016167762078, 42.234356908337752 ], [ -84.478136372958033, 42.234350592213566 ], [ -84.478273444742683, 42.234355658014955 ], [ -84.478446709664325, 42.234370778097102 ], [ -84.478681449276237, 42.234413823570087 ] ] } },
{ "type": "Feature", "properties": { "road_id": "SUM-ROAD-285", "segment_id": "SUM-285-9042073800830638008361" }, "geometry": { "type": "LineString", "coordinates": [ [ -84.482168238549747, 42.23507532632847 ], [ -84.482153816480178, 42.234637541247658 ], [ -84.482147433456618, 42.234404797925905 ], [ -84.482148307299056, 42.234360955432784 ] ] } },
{ "type": "Feature", "properties": { "road_id": "SUM-ROAD-286", "segment_id": "SUM-286-33800683800839438008377" }, "geometry": { "type": "LineString", "coordinates": [ [ -84.455978788823899, 42.233859667187268 ], [ -84.454497898024528, 42.233861143682752 ], [ -84.454031772009571, 42.233861108997537 ], [ -84.453785360175772, 42.233873814198901 ], [ -84.453610894741459, 42.233903656766877 ], [ -84.453421253666605, 42.233961258878551 ], [ -84.45324225824119, 42.234052166020028 ] ] } },
{ "type": "Feature", "properties": { "road_id": "SUM-ROAD-287", "segment_id": "SUM-287-9041083800839438008296" }, "geometry": { "type": "LineString", "coordinates": [ [ -84.455978788823899, 42.233859667187268 ], [ -84.455990058301694, 42.234665398870391 ] ] } },
{ "type": "Feature", "properties": { "road_id": "SUM-ROAD-288", "segment_id": "SUM-288-8994073800841238008368" }, "geometry": { "type": "LineString", "coordinates": [ [ -84.444178029526299, 42.233413827906048 ], [ -84.443595258959348, 42.233895383780776 ], [ -84.443441269353016, 42.234008908199655 ] ] } },
{ "type": "Feature", "properties": { "road_id": "SUM-ROAD-289", "segment_id": "SUM-289-33814863801986438020389" }, "geometry": { "type": "LineString", "coordinates": [ [ -84.469440578790639, 42.233738429070954 ], [ -84.46937069869071, 42.233745807533161 ], [ -84.469276846087425, 42.233760965078979 ], [ -84.469207719480281, 42.233770980515807 ] ] } },
{ "type": "Feature", "properties": { "road_id": "SUM-ROAD-290", "segment_id": "SUM-290-33812593801986438019865" }, "geometry": { "type": "LineString", "coordinates": [ [ -84.469440578790639, 42.233738429070954 ], [ -84.469620633434388, 42.233728482027345 ], [ -84.469808352043529, 42.233746607852801 ], [ -84.46999560429154, 42.233783372231109 ], [ -84.470185951694063, 42.233863684038589 ], [ -84.470363371997649, 42.23395935404907 ], [ -84.470490397822914, 42.234063652395406 ], [ -84.470579261399166, 42.234189176801003 ], [ -84.47063460561705, 42.234317347848169 ], [ -84.470655965281608, 42.234466801761833 ], [ -84.470655262577267, 42.234662565326275 ], [ -84.470681656662464, 42.234777906623933 ], [ -84.470729415775324, 42.23487489701143 ], [ -84.47080999751762, 42.234997200287211 ], [ -84.470843674064199, 42.235104935683232 ], [ -84.47084289172912, 42.235187211324472 ], [ -84.470828257731057, 42.23527091212361 ], [ -84.470826493739565, 42.23527461705654 ] ] } },
{ "type": "Feature", "properties": { "road_id": "SUM-ROAD-291", "segment_id": "SUM-291-33812393801980638019810" }, "geometry": { "type": "LineString", "coordinates": [ [ -84.477004213712846, 42.233642365112715 ], [ -84.47705131724868, 42.23374521233405 ], [ -84.477061221791132, 42.233796904441604 ], [ -84.477053312017375, 42.233845026387954 ], [ -84.477043206744895, 42.233891454461187 ], [ -84.47701959548273, 42.233941023760799 ], [ -84.476993871313269, 42.233985574633849 ], [ -84.476943619863391, 42.234026462292853 ], [ -84.476909401594511, 42.234052602614987 ], [ -84.476873110556681, 42.234072061312126 ], [ -84.476830150315578, 42.234089766519048 ], [ -84.476785241284858, 42.234095802371051 ], [ -84.476740249591174, 42.234105163653894 ], [ -84.476057578450011, 42.234109095532403 ], [ -84.476003886184657, 42.23410835819822 ], [ -84.475957153668986, 42.234097737568746 ], [ -84.475924009905398, 42.234080651275796 ], [ -84.475889808760158, 42.234061778615029 ] ] } },
{ "type": "Feature", "properties": { "road_id": "SUM-ROAD-292", "segment_id": "SUM-292-8998063800844338017250" }, "geometry": { "type": "LineString", "coordinates": [ [ -84.462484071209801, 42.233414105724258 ], [ -84.462500966306067, 42.234950502229488 ], [ -84.462517575602178, 42.236664782902402 ] ] } },
{ "type": "Feature", "properties": { "road_id": "SUM-ROAD-293", "segment_id": "SUM-293-33812383801980738019806" }, "geometry": { "type": "LineString", "coordinates": [ [ -84.477329118728036, 42.233542099864444 ], [ -84.477004213712846, 42.233642365112715 ] ] } },
{ "type": "Feature", "properties": { "road_id": "SUM-ROAD-294", "segment_id": "SUM-294-33812363801980738019804" }, "geometry": { "type": "LineString", "coordinates": [ [ -84.477329118728036, 42.233542099864444 ], [ -84.477721702609969, 42.234301891443913 ] ] } },
{ "type": "Feature", "properties": { "road_id": "SUM-ROAD-295", "segment_id": "SUM-295-9100053800845038008372" }, "geometry": { "type": "LineString", "coordinates": [ [ -84.43306210924834, 42.232863249435489 ], [ -84.43307479818165, 42.233800474831853 ] ] } },
{ "type": "Feature", "properties": { "road_id": "SUM-ROAD-296", "segment_id": "SUM-296-8994073800845138008412" }, "geometry": { "type": "LineString", "coordinates": [ [ -84.444646977678772, 42.233020526728687 ], [ -84.444178029526299, 42.233413827906048 ] ] } },
{ "type": "Feature", "properties": { "road_id": "SUM-ROAD-297", "segment_id": "SUM-297-9035093800845238008412" }, "geometry": { "type": "LineString", "coordinates": [ [ -84.447082202619839, 42.233024447740128 ], [ -84.444475538474336, 42.233633731866327 ], [ -84.444369154248889, 42.23363910647339 ], [ -84.444295493108598, 42.233618994033613 ], [ -84.444250671853467, 42.233586566474337 ], [ -84.444206603357202, 42.233524468479644 ], [ -84.444178029526299, 42.233413827906048 ] ] } },
{ "type": "Feature", "properties": { "road_id": "SUM-ROAD-298", "segment_id": "SUM-298-9042033800845238008357" }, "geometry": { "type": "LineString", "coordinates": [ [ -84.447082202619839, 42.233024447740128 ], [ -84.447109075225015, 42.234035762768627 ] ] } },
{ "type": "Feature", "properties": { "road_id": "SUM-ROAD-299", "segment_id": "SUM-299-33817263801724138008450" }, "geometry": { "type": "LineString", "coordinates": [ [ -84.437848046055905, 42.232858144083352 ], [ -84.433374447939897, 42.232853740967975 ], [ -84.43306210924834, 42.232863249435489 ] ] } },
{ "type": "Feature", "properties": { "road_id": "SUM-ROAD-300", "segment_id": "SUM-300-9100043801724138008375" }, "geometry": { "type": "LineString", "coordinates": [ [ -84.437848046055905, 42.232858144083352 ], [ -84.437845262260296, 42.233802904202967 ] ] } },
{ "type": "Feature", "properties": { "road_id": "SUM-ROAD-301", "segment_id": "SUM-301-33817263800845438017241" }, "geometry": { "type": "LineString", "coordinates": [ [ -84.438104621360495, 42.232857874939704 ], [ -84.437848046055905, 42.232858144083352 ] ] } },
{ "type": "Feature", "properties": { "road_id": "SUM-ROAD-302", "segment_id": "SUM-302-8999043800845438008187" }, "geometry": { "type": "LineString", "coordinates": [ [ -84.438104621360495, 42.232857874939704 ], [ -84.438103214865862, 42.232963323186446 ], [ -84.438106319033068, 42.232981413258223 ], [ -84.438122653725074, 42.233004396026303 ], [ -84.438144594042257, 42.233024206678188 ], [ -84.438212394255174, 42.233075792641529 ], [ -84.441629936984597, 42.235542228419959 ] ] } },
{ "type": "Feature", "properties": { "road_id": "SUM-ROAD-303", "segment_id": "SUM-303-33812383801980538019807" }, "geometry": { "type": "LineString", "coordinates": [ [ -84.478681449276237, 42.234413823570087 ], [ -84.478751192531462, 42.234244840296448 ], [ -84.47878918744459, 42.234165070112162 ], [ -84.478812619621166, 42.234113921649701 ], [ -84.478816513472523, 42.234068682898005 ], [ -84.478809562615652, 42.233790654574314 ], [ -84.478799813416927, 42.233736992961575 ], [ -84.478784627695575, 42.233679139353377 ], [ -84.478766263352753, 42.233637712033797 ], [ -84.478736872703578, 42.233594075267455 ], [ -84.478701790141784, 42.233556536209832 ], [ -84.478636448525108, 42.233510348260005 ], [ -84.478562646304994, 42.233470220021182 ], [ -84.478461098439396, 42.233431769583909 ], [ -84.478347962306529, 42.233413748387541 ], [ -84.478256777779407, 42.233404263045102 ], [ -84.47807133099414, 42.233397602332928 ], [ -84.477841216969097, 42.233404739316484 ], [ -84.477760597498289, 42.233415985837169 ], [ -84.477629567424103, 42.233449188164286 ], [ -84.477329118728036, 42.233542099864444 ] ] } },
{ "type": "Feature", "properties": { "road_id": "SUM-ROAD-304", "segment_id": "SUM-304-33817263800845838008454" }, "geometry": { "type": "LineString", "coordinates": [ [ -84.441313223418874, 42.232874152958857 ], [ -84.438104621360495, 42.232857874939704 ] ] } },
{ "type": "Feature", "properties": { "road_id": "SUM-ROAD-305", "segment_id": "SUM-305-8999033800845838008293" }, "geometry": { "type": "LineString", "coordinates": [ [ -84.441313223418874, 42.232874152958857 ], [ -84.441572287899206, 42.23318958425655 ], [ -84.442702937180329, 42.234608969352053 ] ] } },
{ "type": "Feature", "properties": { "road_id": "SUM-ROAD-306", "segment_id": "SUM-306-9035093801986138008443" }, "geometry": { "type": "LineString", "coordinates": [ [ -84.469240629446048, 42.233256268841167 ], [ -84.469177908038887, 42.233272696986894 ], [ -84.469160306900463, 42.23327750310532 ], [ -84.468292133652938, 42.233514561967496 ], [ -84.467753164469983, 42.233637021038447 ], [ -84.467195061144594, 42.233722778502951 ], [ -84.466723012020495, 42.233776756097271 ], [ -84.46594279868269, 42.233811352573937 ], [ -84.465514367908085, 42.233783809945727 ], [ -84.465165778361808, 42.233762775345383 ], [ -84.464839791230744, 42.2337297962248 ], [ -84.462484071209801, 42.233414105724258 ] ] } },
{ "type": "Feature", "properties": { "road_id": "SUM-ROAD-307", "segment_id": "SUM-307-33812583801986138019864" }, "geometry": { "type": "LineString", "coordinates": [ [ -84.469240629446048, 42.233256268841167 ], [ -84.469440578790639, 42.233738429070954 ] ] } },
{ "type": "Feature", "properties": { "road_id": "SUM-ROAD-308", "segment_id": "SUM-308-33817263800846238008458" }, "geometry": { "type": "LineString", "coordinates": [ [ -84.444203894105286, 42.232907354699201 ], [ -84.441313223418874, 42.232874152958857 ] ] } },
{ "type": "Feature", "properties": { "road_id": "SUM-ROAD-309", "segment_id": "SUM-309-8998103800846238008412" }, "geometry": { "type": "LineString", "coordinates": [ [ -84.444203894105286, 42.232907354699201 ], [ -84.444178029526299, 42.233413827906048 ] ] } },
{ "type": "Feature", "properties": { "road_id": "SUM-ROAD-310", "segment_id": "SUM-310-9035093800846838008452" }, "geometry": { "type": "LineString", "coordinates": [ [ -84.448556292864652, 42.232844447155273 ], [ -84.447839168835912, 42.232881503463823 ], [ -84.447636101492222, 42.23290696283933 ], [ -84.447082202619839, 42.233024447740128 ] ] } },
{ "type": "Feature", "properties": { "road_id": "SUM-ROAD-311", "segment_id": "SUM-311-9042023800846838008292" }, "geometry": { "type": "LineString", "coordinates": [ [ -84.448556292864652, 42.232844447155273 ], [ -84.448621507334181, 42.233924542637801 ], [ -84.448660383704635, 42.23408458454368 ], [ -84.448729564756107, 42.234258721058637 ], [ -84.448844476158627, 42.234483623359729 ], [ -84.449007261171388, 42.234742541374644 ] ] } },
{ "type": "Feature", "properties": { "road_id": "SUM-ROAD-312", "segment_id": "SUM-312-33812403801981038019806" }, "geometry": { "type": "LineString", "coordinates": [ [ -84.475889808760158, 42.234061778615029 ], [ -84.475877649515766, 42.234055068349072 ], [ -84.475853618462068, 42.234031454921301 ], [ -84.475827351817443, 42.234007810783673 ], [ -84.475810156515038, 42.233979301805434 ], [ -84.47579300380302, 42.23394912966689 ], [ -84.47578266009188, 42.233375216259063 ], [ -84.475787961845953, 42.233342026839473 ], [ -84.475808839675437, 42.233312377938034 ], [ -84.475831914152778, 42.233284422044633 ], [ -84.475868329098574, 42.233259975952741 ], [ -84.475906939494692, 42.233237221942623 ], [ -84.47594302243661, 42.233226075802925 ], [ -84.475979106577469, 42.233214929668513 ], [ -84.476014942653777, 42.23321375896775 ], [ -84.476583549664255, 42.233206597936181 ], [ -84.476648179605164, 42.233217464007296 ], [ -84.476694911585298, 42.233228084357393 ], [ -84.476761158547376, 42.233263918784104 ], [ -84.476796416150307, 42.233286023279838 ], [ -84.476822641542441, 42.233311329472187 ], [ -84.476848785519493, 42.233339961123932 ], [ -84.477004213712846, 42.233642365112715 ] ] } },
{ "type": "Feature", "properties": { "road_id": "SUM-ROAD-313", "segment_id": "SUM-313-9035093800847438008468" }, "geometry": { "type": "LineString", "coordinates": [ [ -84.452064327456895, 42.232815685949952 ], [ -84.451449833174408, 42.232821124170897 ], [ -84.45012152188167, 42.232827321854927 ], [ -84.448556292864652, 42.232844447155273 ] ] } },
{ "type": "Feature", "properties": { "road_id": "SUM-ROAD-314", "segment_id": "SUM-314-9035093800847138019861" }, "geometry": { "type": "LineString", "coordinates": [ [ -84.470004047376378, 42.23305630962075 ], [ -84.469293447326208, 42.233242434347879 ], [ -84.469240629446048, 42.233256268841167 ] ] } },
{ "type": "Feature", "properties": { "road_id": "SUM-ROAD-315", "segment_id": "SUM-315-9035093800847938008474" }, "geometry": { "type": "LineString", "coordinates": [ [ -84.453423023607186, 42.232796531272434 ], [ -84.452064327456895, 42.232815685949952 ] ] } },
{ "type": "Feature", "properties": { "road_id": "SUM-ROAD-316", "segment_id": "SUM-316-9035093800848238008479" }, "geometry": { "type": "LineString", "coordinates": [ [ -84.456002818785151, 42.232803500838472 ], [ -84.453423023607186, 42.232796531272434 ] ] } },
{ "type": "Feature", "properties": { "road_id": "SUM-ROAD-317", "segment_id": "SUM-317-9041083800848238008394" }, "geometry": { "type": "LineString", "coordinates": [ [ -84.456002818785151, 42.232803500838472 ], [ -84.455978788823899, 42.233859667187268 ] ] } },
{ "type": "Feature", "properties": { "road_id": "SUM-ROAD-318", "segment_id": "SUM-318-33811973800848438019677" }, "geometry": { "type": "LineString", "coordinates": [ [ -84.45808082882894, 42.232828363136001 ], [ -84.458018566431534, 42.233100900975138 ], [ -84.458006494852029, 42.233196522772289 ], [ -84.458003123178457, 42.233330580298308 ], [ -84.458026002331422, 42.233445844553067 ], [ -84.458075074661878, 42.233544709005599 ], [ -84.458152897470043, 42.23365355259272 ], [ -84.458279161253074, 42.233758279389413 ], [ -84.458456362230947, 42.233887659829726 ], [ -84.458614297359816, 42.234014378198246 ], [ -84.458733758870565, 42.234133378433704 ], [ -84.458842352671141, 42.234300121480985 ], [ -84.45891830012863, 42.234431242792297 ] ] } },
{ "type": "Feature", "properties": { "road_id": "SUM-ROAD-319", "segment_id": "SUM-319-9035093800844338008484" }, "geometry": { "type": "LineString", "coordinates": [ [ -84.462484071209801, 42.233414105724258 ], [ -84.45808082882894, 42.232828363136001 ] ] } },
{ "type": "Feature", "properties": { "road_id": "SUM-ROAD-320", "segment_id": "SUM-320-9035093800848338008482" }, "geometry": { "type": "LineString", "coordinates": [ [ -84.456404937494426, 42.232803052034278 ], [ -84.456002818785151, 42.232803500838472 ] ] } },
{ "type": "Feature", "properties": { "road_id": "SUM-ROAD-321", "segment_id": "SUM-321-9035093800848438008483" }, "geometry": { "type": "LineString", "coordinates": [ [ -84.45808082882894, 42.232828363136001 ], [ -84.456404937494426, 42.232803052034278 ] ] } },
{ "type": "Feature", "properties": { "road_id": "SUM-ROAD-322", "segment_id": "SUM-322-8998013800849638008323" }, "geometry": { "type": "LineString", "coordinates": [ [ -84.475195077945017, 42.232829902247559 ], [ -84.475319104389072, 42.234827365957173 ] ] } },
{ "type": "Feature", "properties": { "road_id": "SUM-ROAD-323", "segment_id": "SUM-323-9035093800849738008496" }, "geometry": { "type": "LineString", "coordinates": [ [ -84.475333344914944, 42.232829760811043 ], [ -84.475195077945017, 42.232829902247559 ] ] } },
{ "type": "Feature", "properties": { "road_id": "SUM-ROAD-324", "segment_id": "SUM-324-9035093800849538008471" }, "geometry": { "type": "LineString", "coordinates": [ [ -84.474848273256754, 42.2328217676314 ], [ -84.471525601154241, 42.232827315949017 ], [ -84.471111938241677, 42.232863446852946 ], [ -84.470631891311243, 42.232928290945253 ], [ -84.470004047376378, 42.23305630962075 ] ] } },
{ "type": "Feature", "properties": { "road_id": "SUM-ROAD-325", "segment_id": "SUM-325-8998023800849538008340" }, "geometry": { "type": "LineString", "coordinates": [ [ -84.474848273256754, 42.2328217676314 ], [ -84.474950144301687, 42.234658863160448 ] ] } },
{ "type": "Feature", "properties": { "road_id": "SUM-ROAD-326", "segment_id": "SUM-326-9035093800849638008495" }, "geometry": { "type": "LineString", "coordinates": [ [ -84.475195077945017, 42.232829902247559 ], [ -84.474848273256754, 42.2328217676314 ] ] } },
{ "type": "Feature", "properties": { "road_id": "SUM-ROAD-327", "segment_id": "SUM-327-9035093801725738008497" }, "geometry": { "type": "LineString", "coordinates": [ [ -84.477235164037097, 42.232840839183005 ], [ -84.475333344914944, 42.232829760811043 ] ] } },
{ "type": "Feature", "properties": { "road_id": "SUM-ROAD-328", "segment_id": "SUM-328-33812363801725738019807" }, "geometry": { "type": "LineString", "coordinates": [ [ -84.477235164037097, 42.232840839183005 ], [ -84.477236613923552, 42.233320270784759 ], [ -84.477241283282581, 42.23335533379089 ], [ -84.477272777975386, 42.233425763826574 ], [ -84.477309554562851, 42.233506559548012 ], [ -84.477329118728036, 42.233542099864444 ] ] } },
{ "type": "Feature", "properties": { "road_id": "SUM-ROAD-329", "segment_id": "SUM-329-9035093802540538017257" }, "geometry": { "type": "LineString", "coordinates": [ [ -84.478294024799425, 42.232848543684568 ], [ -84.477235164037097, 42.232840839183005 ] ] } },
{ "type": "Feature", "properties": { "road_id": "SUM-ROAD-330", "segment_id": "SUM-330-9035093800850138025405" }, "geometry": { "type": "LineString", "coordinates": [ [ -84.480196819230102, 42.232862364267 ], [ -84.478294024799425, 42.232848543684568 ] ] } },
{ "type": "Feature", "properties": { "road_id": "SUM-ROAD-331", "segment_id": "SUM-331-9035093800850338008501" }, "geometry": { "type": "LineString", "coordinates": [ [ -84.482637931084795, 42.232892543727175 ], [ -84.480196819230102, 42.232862364267 ] ] } },
{ "type": "Feature", "properties": { "road_id": "SUM-ROAD-332", "segment_id": "SUM-332-9100053800853138008450" }, "geometry": { "type": "LineString", "coordinates": [ [ -84.432965852960706, 42.231845585189753 ], [ -84.43306210924834, 42.232863249435489 ] ] } },
{ "type": "Feature", "properties": { "road_id": "SUM-ROAD-333", "segment_id": "SUM-333-8998073800856738008483" }, "geometry": { "type": "LineString", "coordinates": [ [ -84.456243694920104, 42.231721265402896 ], [ -84.456385580791192, 42.232180851813943 ], [ -84.456410491642046, 42.232313113710873 ], [ -84.456415555208352, 42.232512555854804 ], [ -84.456404937494426, 42.232803052034278 ] ] } },
{ "type": "Feature", "properties": { "road_id": "SUM-ROAD-334", "segment_id": "SUM-334-9100053800858138008531" }, "geometry": { "type": "LineString", "coordinates": [ [ -84.432967700613332, 42.231266900943119 ], [ -84.432965852960706, 42.231845585189753 ] ] } },
{ "type": "Feature", "properties": { "road_id": "SUM-ROAD-335", "segment_id": "SUM-335-9042013800859738008468" }, "geometry": { "type": "LineString", "coordinates": [ [ -84.449579588728426, 42.231415998070887 ], [ -84.449125954728814, 42.231415348319615 ], [ -84.448835622340127, 42.231410292677744 ], [ -84.448695516979527, 42.231420327408202 ], [ -84.448631629932265, 42.23144741682448 ], [ -84.448598381460386, 42.231485927522264 ], [ -84.448571577204731, 42.231535521463705 ], [ -84.448560524622167, 42.23160032549994 ], [ -84.448556292864652, 42.232844447155273 ] ] } },
{ "type": "Feature", "properties": { "road_id": "SUM-ROAD-336", "segment_id": "SUM-336-9042013800860238008597" }, "geometry": { "type": "LineString", "coordinates": [ [ -84.452061998244105, 42.231424499627849 ], [ -84.449579588728426, 42.231415998070887 ] ] } },
{ "type": "Feature", "properties": { "road_id": "SUM-ROAD-337", "segment_id": "SUM-337-33800703800847438008602" }, "geometry": { "type": "LineString", "coordinates": [ [ -84.452064327456895, 42.232815685949952 ], [ -84.452061998244105, 42.231424499627849 ] ] } },
{ "type": "Feature", "properties": { "road_id": "SUM-ROAD-338", "segment_id": "SUM-338-9041173800848438008618" }, "geometry": { "type": "LineString", "coordinates": [ [ -84.45808082882894, 42.232828363136001 ], [ -84.458126964228057, 42.232523944079347 ], [ -84.458263121838527, 42.232067200431587 ], [ -84.458309201459429, 42.231911190259709 ], [ -84.458314031702571, 42.231719099163712 ], [ -84.458304607674592, 42.231261513559225 ] ] } },
{ "type": "Feature", "properties": { "road_id": "SUM-ROAD-339", "segment_id": "SUM-339-33808973801725738017259" }, "geometry": { "type": "LineString", "coordinates": [ [ -84.477235164037097, 42.232840839183005 ], [ -84.477234744501374, 42.231465410443704 ] ] } },
{ "type": "Feature", "properties": { "road_id": "SUM-ROAD-340", "segment_id": "SUM-340-9100053800864138008581" }, "geometry": { "type": "LineString", "coordinates": [ [ -84.432898073566776, 42.230663632660736 ], [ -84.432967700613332, 42.231266900943119 ] ] } },
{ "type": "Feature", "properties": { "road_id": "SUM-ROAD-341", "segment_id": "SUM-341-33815883800864938008531" }, "geometry": { "type": "LineString", "coordinates": [ [ -84.436827748919086, 42.230706683693327 ], [ -84.43681435921836, 42.230782824566603 ], [ -84.436800842074987, 42.230900015346663 ], [ -84.43678950923119, 42.231034843710638 ], [ -84.436762636551606, 42.231159671653742 ], [ -84.436693471711337, 42.231298717755216 ], [ -84.436624156068177, 42.231402057982869 ], [ -84.436556292791337, 42.231475039474994 ], [ -84.436444536342592, 42.231579529648918 ], [ -84.436296999668528, 42.231654496986678 ], [ -84.436167455123154, 42.23169936447011 ], [ -84.436006769679153, 42.231743502315162 ], [ -84.435799941551778, 42.23178770348332 ], [ -84.435658020585393, 42.23180439862773 ], [ -84.435522953066922, 42.231808867331409 ], [ -84.435359594086194, 42.231793184777047 ], [ -84.43520133392154, 42.231770824207715 ], [ -84.435029277292998, 42.231716843141569 ], [ -84.434834199699537, 42.231602485296477 ], [ -84.434705724978457, 42.231504172079553 ], [ -84.434558066775239, 42.231421395386015 ], [ -84.434408990271294, 42.231394250237209 ], [ -84.43428173163295, 42.231392456253481 ], [ -84.434112873804395, 42.231406770873022 ], [ -84.433951148820412, 42.23143509943327 ], [ -84.433796481927487, 42.231480223453687 ], [ -84.433675359186566, 42.231531385429633 ], [ -84.433516239935813, 42.231604271708783 ], [ -84.433394903614555, 42.231663778009001 ], [ -84.433259020892791, 42.231706382830282 ], [ -84.432965852960706, 42.231845585189753 ] ] } },
{ "type": "Feature", "properties": { "road_id": "SUM-ROAD-342", "segment_id": "SUM-342-9090103800865538008649" }, "geometry": { "type": "LineString", "coordinates": [ [ -84.438100660062545, 42.230610660884466 ], [ -84.437400593969315, 42.230607178502581 ], [ -84.437276205144926, 42.230605747079871 ], [ -84.437142262902867, 42.23062115015923 ], [ -84.437028513642133, 42.230643025706343 ], [ -84.436909300390369, 42.230672649399196 ], [ -84.436827748919086, 42.230706683693327 ] ] } },
{ "type": "Feature", "properties": { "road_id": "SUM-ROAD-343", "segment_id": "SUM-343-8999043800865538008454" }, "geometry": { "type": "LineString", "coordinates": [ [ -84.438100660062545, 42.230610660884466 ], [ -84.438087889763494, 42.231717977855638 ], [ -84.438104621360495, 42.232857874939704 ] ] } },
{ "type": "Feature", "properties": { "road_id": "SUM-ROAD-344", "segment_id": "SUM-344-9090103800866038008655" }, "geometry": { "type": "LineString", "coordinates": [ [ -84.441249870197524, 42.230596863006205 ], [ -84.438100660062545, 42.230610660884466 ] ] } },
{ "type": "Feature", "properties": { "road_id": "SUM-ROAD-345", "segment_id": "SUM-345-8999033800866038008458" }, "geometry": { "type": "LineString", "coordinates": [ [ -84.441249870197524, 42.230596863006205 ], [ -84.441251462953645, 42.230751713885134 ], [ -84.441267302385299, 42.232729982132717 ], [ -84.441274264014922, 42.232808226874241 ], [ -84.441313223418874, 42.232874152958857 ] ] } },
{ "type": "Feature", "properties": { "road_id": "SUM-ROAD-346", "segment_id": "SUM-346-9090103800866938008660" }, "geometry": { "type": "LineString", "coordinates": [ [ -84.444193170354637, 42.23059471261255 ], [ -84.441249870197524, 42.230596863006205 ] ] } },
{ "type": "Feature", "properties": { "road_id": "SUM-ROAD-347", "segment_id": "SUM-347-8998103800866938008462" }, "geometry": { "type": "LineString", "coordinates": [ [ -84.444193170354637, 42.23059471261255 ], [ -84.444203894105286, 42.232907354699201 ] ] } },
{ "type": "Feature", "properties": { "road_id": "SUM-ROAD-348", "segment_id": "SUM-348-8994073801862838008451" }, "geometry": { "type": "LineString", "coordinates": [ [ -84.447747615057551, 42.230462083095176 ], [ -84.444646977678772, 42.233020526728687 ] ] } },
{ "type": "Feature", "properties": { "road_id": "SUM-ROAD-349", "segment_id": "SUM-349-33800703800869638008597" }, "geometry": { "type": "LineString", "coordinates": [ [ -84.450427461509037, 42.230244618641507 ], [ -84.450134909300431, 42.230498041310369 ], [ -84.449849569441128, 42.230747514018582 ], [ -84.449726041476424, 42.230891718575513 ], [ -84.449654402106447, 42.231027431615459 ], [ -84.449608535269348, 42.231206515285493 ], [ -84.449579588728426, 42.231415998070887 ] ] } },
{ "type": "Feature", "properties": { "road_id": "SUM-ROAD-350", "segment_id": "SUM-350-33809013800869638008689" }, "geometry": { "type": "LineString", "coordinates": [ [ -84.450427461509037, 42.230244618641507 ], [ -84.450676367068723, 42.230427624614101 ], [ -84.450829196267776, 42.230539990120619 ] ] } },
{ "type": "Feature", "properties": { "road_id": "SUM-ROAD-351", "segment_id": "SUM-351-33810863801862838018630" }, "geometry": { "type": "LineString", "coordinates": [ [ -84.447747615057551, 42.230462083095176 ], [ -84.446356540491792, 42.229667457362979 ] ] } },
{ "type": "Feature", "properties": { "road_id": "SUM-ROAD-352", "segment_id": "SUM-352-8994073801730038018628" }, "geometry": { "type": "LineString", "coordinates": [ [ -84.448934732758275, 42.229482473574642 ], [ -84.447747615057551, 42.230462083095176 ] ] } },
{ "type": "Feature", "properties": { "road_id": "SUM-ROAD-353", "segment_id": "SUM-353-8998083800875738008479" }, "geometry": { "type": "LineString", "coordinates": [ [ -84.453419996177956, 42.229520837476869 ], [ -84.453423023607186, 42.232796531272434 ] ] } },
{ "type": "Feature", "properties": { "road_id": "SUM-ROAD-354", "segment_id": "SUM-354-33800703800860238008696" }, "geometry": { "type": "LineString", "coordinates": [ [ -84.452061998244105, 42.231424499627849 ], [ -84.452033620269191, 42.229762927252516 ], [ -84.452019776006679, 42.229705944115885 ], [ -84.451972493334978, 42.229641679372662 ], [ -84.451903850666383, 42.229575980866599 ], [ -84.451801339793747, 42.22952003215034 ], [ -84.451669257607875, 42.229485251981806 ], [ -84.451543897354739, 42.2294869112649 ], [ -84.451410295712535, 42.229512306491955 ], [ -84.451278658743661, 42.229580891080531 ], [ -84.451051077470652, 42.229757173633693 ], [ -84.450427461509037, 42.230244618641507 ] ] } },
{ "type": "Feature", "properties": { "road_id": "SUM-ROAD-355", "segment_id": "SUM-355-9108093800876738008567" }, "geometry": { "type": "LineString", "coordinates": [ [ -84.456303899188896, 42.229527920113334 ], [ -84.456350065461834, 42.229553410267336 ], [ -84.456372640093747, 42.229599762441119 ], [ -84.456410507394821, 42.229698969178315 ], [ -84.456435372092898, 42.229892728042046 ], [ -84.456775112395292, 42.231302959018564 ], [ -84.456779717997989, 42.231412430647502 ], [ -84.456758363326074, 42.231529746645684 ], [ -84.456705272701868, 42.231591918552738 ], [ -84.456604558087122, 42.231645222183907 ], [ -84.456243694920104, 42.231721265402896 ] ] } },
{ "type": "Feature", "properties": { "road_id": "SUM-ROAD-356", "segment_id": "SUM-356-9108083800876338008757" }, "geometry": { "type": "LineString", "coordinates": [ [ -84.454972969555755, 42.229505688806761 ], [ -84.453419996177956, 42.229520837476869 ] ] } },
{ "type": "Feature", "properties": { "road_id": "SUM-ROAD-357", "segment_id": "SUM-357-8998073800876338008567" }, "geometry": { "type": "LineString", "coordinates": [ [ -84.454972969555755, 42.229505688806761 ], [ -84.454986459929046, 42.231442995280943 ], [ -84.454998376378455, 42.231558952640832 ], [ -84.455051502584809, 42.231658941461973 ], [ -84.455135059187057, 42.231729026959492 ], [ -84.455263602806454, 42.231780440837653 ], [ -84.455426286879785, 42.231802002816984 ], [ -84.455627027141176, 42.231785497115034 ], [ -84.455846724647088, 42.231752712720464 ], [ -84.456132770442579, 42.231727773162909 ], [ -84.456243694920104, 42.231721265402896 ] ] } },
{ "type": "Feature", "properties": { "road_id": "SUM-ROAD-358", "segment_id": "SUM-358-9108083800876738008763" }, "geometry": { "type": "LineString", "coordinates": [ [ -84.456303899188896, 42.229527920113334 ], [ -84.456270726753061, 42.229517519543244 ], [ -84.456163963314282, 42.229508580812855 ], [ -84.454972969555755, 42.229505688806761 ] ] } },
{ "type": "Feature", "properties": { "road_id": "SUM-ROAD-359", "segment_id": "SUM-359-9108173800861838008783" }, "geometry": { "type": "LineString", "coordinates": [ [ -84.458304607674592, 42.231261513559225 ], [ -84.458483775416838, 42.231218387751191 ], [ -84.458605567196841, 42.231195833414972 ], [ -84.45887767002516, 42.231063471207214 ], [ -84.459329165703551, 42.230783849134042 ], [ -84.459667765194311, 42.230549018601678 ], [ -84.459782111512837, 42.230446294353413 ], [ -84.459823851369038, 42.230336767852954 ], [ -84.459835720597866, 42.230174670536968 ], [ -84.459822468968298, 42.229271177613548 ] ] } },
{ "type": "Feature", "properties": { "road_id": "SUM-ROAD-360", "segment_id": "SUM-360-9090033800878438008783" }, "geometry": { "type": "LineString", "coordinates": [ [ -84.462464063849296, 42.229270003123148 ], [ -84.459822468968298, 42.229271177613548 ] ] } },
{ "type": "Feature", "properties": { "road_id": "SUM-ROAD-361", "segment_id": "SUM-361-8998063800878438008443" }, "geometry": { "type": "LineString", "coordinates": [ [ -84.462464063849296, 42.229270003123148 ], [ -84.462472209379499, 42.231724709190146 ], [ -84.462473277260813, 42.232257827853481 ], [ -84.462484071209801, 42.233414105724258 ] ] } },
{ "type": "Feature", "properties": { "road_id": "SUM-ROAD-362", "segment_id": "SUM-362-8998063800878838008784" }, "geometry": { "type": "LineString", "coordinates": [ [ -84.462466299415624, 42.229174821164591 ], [ -84.462464063849296, 42.229270003123148 ] ] } },
{ "type": "Feature", "properties": { "road_id": "SUM-ROAD-363", "segment_id": "SUM-363-33813113802000338020004" }, "geometry": { "type": "LineString", "coordinates": [ [ -84.463957245990244, 42.229184296479481 ], [ -84.463906115685063, 42.229878900568394 ] ] } },
{ "type": "Feature", "properties": { "road_id": "SUM-ROAD-364", "segment_id": "SUM-364-33808983801725938017260" }, "geometry": { "type": "LineString", "coordinates": [ [ -84.477234744501374, 42.231465410443704 ], [ -84.476656308399043, 42.231461957142734 ], [ -84.476341387333292, 42.231459974668596 ], [ -84.476247219353922, 42.231446977802847 ], [ -84.476178647943854, 42.231417946242786 ], [ -84.4761230196616, 42.23137504920355 ], [ -84.476096660721666, 42.231295100504852 ], [ -84.476065555316865, 42.230772681407842 ], [ -84.476045704498929, 42.230494863654521 ], [ -84.476082292795169, 42.23024669732991 ], [ -84.476147977006946, 42.230051677610014 ], [ -84.476238241264298, 42.229683680538706 ], [ -84.476347278008532, 42.229376225055233 ], [ -84.476484473494679, 42.229159581034494 ], [ -84.476588264378464, 42.229063045142169 ], [ -84.476700693541929, 42.22902691164132 ], [ -84.476843529300311, 42.228991195420441 ], [ -84.476945260243326, 42.228977520839983 ] ] } },
{ "type": "Feature", "properties": { "road_id": "SUM-ROAD-365", "segment_id": "SUM-365-33808973801725938017260" }, "geometry": { "type": "LineString", "coordinates": [ [ -84.477234744501374, 42.231465410443704 ], [ -84.477221286956237, 42.230518538256305 ], [ -84.477211870471166, 42.230081353640614 ], [ -84.477208818871262, 42.229388051640122 ], [ -84.477172767510439, 42.229206706129006 ], [ -84.477105185356166, 42.229070140775185 ], [ -84.477025597704369, 42.229008765460051 ], [ -84.476945260243326, 42.228977520839983 ] ] } },
{ "type": "Feature", "properties": { "road_id": "SUM-ROAD-366", "segment_id": "SUM-366-33813123802000138020002" }, "geometry": { "type": "LineString", "coordinates": [ [ -84.464390271654665, 42.228130324824605 ], [ -84.463846499231281, 42.22813549211304 ] ] } },
{ "type": "Feature", "properties": { "road_id": "SUM-ROAD-367", "segment_id": "SUM-367-33813113802000138020003" }, "geometry": { "type": "LineString", "coordinates": [ [ -84.464390271654665, 42.228130324824605 ], [ -84.464403108286504, 42.228252497441716 ], [ -84.464365368520106, 42.22837941193513 ], [ -84.46429601345767, 42.228506354682906 ], [ -84.464176087344626, 42.228642738656518 ], [ -84.464087775952351, 42.228779096100418 ], [ -84.464005810004622, 42.228929545785746 ], [ -84.463968039436381, 42.229037663062421 ], [ -84.463957245990244, 42.229184296479481 ] ] } },
{ "type": "Feature", "properties": { "road_id": "SUM-ROAD-368", "segment_id": "SUM-368-33810563800876738018373" }, "geometry": { "type": "LineString", "coordinates": [ [ -84.456303899188896, 42.229527920113334 ], [ -84.456368345299325, 42.229405088837062 ], [ -84.45642953127107, 42.229229518021782 ], [ -84.456497129381418, 42.229004178732552 ], [ -84.45654235498678, 42.228847561867006 ], [ -84.456576105441869, 42.228736809291078 ], [ -84.456604214249609, 42.228645154197217 ], [ -84.456623067729751, 42.228511182106722 ], [ -84.4566278928896, 42.228319487176044 ], [ -84.456629753071368, 42.228006752936061 ] ] } },
{ "type": "Feature", "properties": { "road_id": "SUM-ROAD-369", "segment_id": "SUM-369-9108173800878338008864" }, "geometry": { "type": "LineString", "coordinates": [ [ -84.459822468968298, 42.229271177613548 ], [ -84.459819561786247, 42.228650298121892 ], [ -84.45981821911343, 42.228014135032858 ] ] } },
{ "type": "Feature", "properties": { "road_id": "SUM-ROAD-370", "segment_id": "SUM-370-33809023801729938017300" }, "geometry": { "type": "LineString", "coordinates": [ [ -84.448567226926841, 42.227843916148444 ], [ -84.448591181545467, 42.228989287222589 ], [ -84.448615275859424, 42.229101102676033 ], [ -84.44865645524807, 42.229221732346303 ], [ -84.448759259413862, 42.229338935276516 ], [ -84.448934732758275, 42.229482473574642 ] ] } },
{ "type": "Feature", "properties": { "road_id": "SUM-ROAD-371", "segment_id": "SUM-371-8998013800890238008496" }, "geometry": { "type": "LineString", "coordinates": [ [ -84.476030882523872, 42.228214203796227 ], [ -84.475796837699562, 42.228529192109136 ], [ -84.475597829725203, 42.228848440975085 ], [ -84.475420094530179, 42.229226942446587 ], [ -84.475210284934718, 42.229818854793685 ], [ -84.47513450299553, 42.230223746192088 ], [ -84.475120392905367, 42.230547836364202 ], [ -84.475101229689258, 42.230900859544363 ], [ -84.475115607592002, 42.231148279295049 ], [ -84.475195077945017, 42.232829902247559 ] ] } },
{ "type": "Feature", "properties": { "road_id": "SUM-ROAD-372", "segment_id": "SUM-372-9041173800861838008855" }, "geometry": { "type": "LineString", "coordinates": [ [ -84.458304607674592, 42.231261513559225 ], [ -84.45830726125557, 42.231145379750828 ], [ -84.458277361307438, 42.228099921553977 ], [ -84.458272295625761, 42.227961754451179 ] ] } },
{ "type": "Feature", "properties": { "road_id": "SUM-ROAD-373", "segment_id": "SUM-373-8998023800892138008495" }, "geometry": { "type": "LineString", "coordinates": [ [ -84.475748928457833, 42.228031221433248 ], [ -84.475453339354189, 42.228440631227571 ], [ -84.475095308141618, 42.229118495256984 ], [ -84.474866343790708, 42.229777502457772 ], [ -84.474782577412782, 42.230173127477713 ], [ -84.474757880113941, 42.230505469206882 ], [ -84.4747493862737, 42.231176819373196 ], [ -84.474848273256754, 42.2328217676314 ] ] } },
{ "type": "Feature", "properties": { "road_id": "SUM-ROAD-374", "segment_id": "SUM-374-9100053800893338008830" }, "geometry": { "type": "LineString", "coordinates": [ [ -84.432808524069117, 42.22740879971046 ], [ -84.43281369255223, 42.228237461048252 ], [ -84.432792026559355, 42.228488277897682 ] ] } },
{ "type": "Feature", "properties": { "road_id": "SUM-ROAD-375", "segment_id": "SUM-375-9100023800894138008781" }, "geometry": { "type": "LineString", "coordinates": [ [ -84.441217908164248, 42.227493346586613 ], [ -84.441254023278802, 42.22914019750398 ] ] } },
{ "type": "Feature", "properties": { "road_id": "SUM-ROAD-376", "segment_id": "SUM-376-8998063801999838008788" }, "geometry": { "type": "LineString", "coordinates": [ [ -84.462443517992327, 42.227627743016541 ], [ -84.462466299415624, 42.229174821164591 ] ] } },
{ "type": "Feature", "properties": { "road_id": "SUM-ROAD-377", "segment_id": "SUM-377-9090093800894138008957" }, "geometry": { "type": "LineString", "coordinates": [ [ -84.441217908164248, 42.227493346586613 ], [ -84.438976595441801, 42.227295785758933 ] ] } },
{ "type": "Feature", "properties": { "road_id": "SUM-ROAD-378", "segment_id": "SUM-378-33813133802000038019998" }, "geometry": { "type": "LineString", "coordinates": [ [ -84.464085968892391, 42.227618358238772 ], [ -84.462443517992327, 42.227627743016541 ] ] } },
{ "type": "Feature", "properties": { "road_id": "SUM-ROAD-379", "segment_id": "SUM-379-33813113802000038020001" }, "geometry": { "type": "LineString", "coordinates": [ [ -84.464085968892391, 42.227618358238772 ], [ -84.464295008875069, 42.22786254394839 ], [ -84.464364751781559, 42.227984667123586 ], [ -84.464390271654665, 42.228130324824605 ] ] } },
{ "type": "Feature", "properties": { "road_id": "SUM-ROAD-380", "segment_id": "SUM-380-33817323802000038025605" }, "geometry": { "type": "LineString", "coordinates": [ [ -84.464085968892391, 42.227618358238772 ], [ -84.465509569603611, 42.227616456269864 ] ] } },
{ "type": "Feature", "properties": { "road_id": "SUM-ROAD-381", "segment_id": "SUM-381-33817273802560638025605" }, "geometry": { "type": "LineString", "coordinates": [ [ -84.466347137571077, 42.227978893296971 ], [ -84.466338677276696, 42.227985015215758 ], [ -84.466328212145882, 42.227989593410271 ], [ -84.466317772735138, 42.227994306176086 ], [ -84.466307337668724, 42.227999087460582 ], [ -84.466296881823382, 42.228003875663219 ], [ -84.466286385034948, 42.228008604748226 ], [ -84.466275824648562, 42.228013211347545 ], [ -84.466265179243436, 42.228017631209561 ], [ -84.466254424953206, 42.228021800949527 ], [ -84.466243540357141, 42.228025656315701 ], [ -84.466232502845628, 42.228029132139213 ], [ -84.466221290953015, 42.228032165969218 ], [ -84.466209865097326, 42.22803478968693 ], [ -84.466198190658304, 42.22803722440662 ], [ -84.466186304254194, 42.228039459824835 ], [ -84.466174252669276, 42.228041466862315 ], [ -84.466162075350553, 42.228043219040501 ], [ -84.466149819082304, 42.228044687280253 ], [ -84.466137524545815, 42.228045844219281 ], [ -84.466125236057181, 42.228046662545935 ], [ -84.466112996743391, 42.228047114031021 ], [ -84.466100849686484, 42.228047172246477 ], [ -84.466088839270128, 42.228046807179169 ], [ -84.466077006130675, 42.22804599326799 ], [ -84.466065331220818, 42.228044716738054 ], [ -84.466053670536041, 42.22804301703502 ], [ -84.466042026832625, 42.228040929327655 ], [ -84.466030412604624, 42.22803848711763 ], [ -84.466018837922974, 42.228035723873127 ], [ -84.466007315304154, 42.228032672195376 ], [ -84.465995854796518, 42.2280293664531 ], [ -84.465984466493381, 42.22802583921402 ], [ -84.465973162888588, 42.228022123979841 ], [ -84.465961955287113, 42.228018253335073 ], [ -84.465950853714574, 42.228014262548903 ], [ -84.465939869498229, 42.228010183305379 ], [ -84.465929015109481, 42.228006050006705 ], [ -84.465918297119273, 42.228001890667969 ], [ -84.465907667204291, 42.227997650574324 ], [ -84.465897102885052, 42.227993307796204 ], [ -84.465886600323955, 42.227988870387641 ], [ -84.465876154516948, 42.227984344584975 ], [ -84.465865761649027, 42.227979737541787 ], [ -84.465855417882622, 42.227975057312058 ], [ -84.465845118236174, 42.227970309231637 ], [ -84.465834858849561, 42.227965502255074 ], [ -84.465824635952814, 42.227960641734889 ], [ -84.465814444496758, 42.227955735708449 ], [ -84.465804279477268, 42.227950790411995 ], [ -84.465794139480053, 42.227945813933019 ], [ -84.4657840170551, 42.227940813374921 ], [ -84.465773910855802, 42.227935794123702 ], [ -84.465763814598674, 42.22793076510041 ], [ -84.465753725702882, 42.227925732574832 ], [ -84.465743637952684, 42.227920702766468 ], [ -84.465733548699518, 42.227915684646668 ], [ -84.465723454173371, 42.227910683567906 ], [ -84.465713348136035, 42.227905706650283 ], [ -84.465703171709805, 42.227900781904886 ], [ -84.465692805189548, 42.227895946410605 ], [ -84.465682310078918, 42.227891164085527 ], [ -84.465671752817983, 42.227886395312815 ], [ -84.465661204648342, 42.227881602343544 ], [ -84.465650734433282, 42.227876745594564 ], [ -84.465640411013695, 42.227871786383048 ], [ -84.465630304464455, 42.227866685142615 ], [ -84.465620482437387, 42.227861402273255 ], [ -84.465611014939839, 42.227855900909972 ], [ -84.465601970880257, 42.227850139668718 ], [ -84.465593420288457, 42.227844080784045 ], [ -84.465585437257388, 42.227837669431793 ], [ -84.465578114875939, 42.227830721337554 ], [ -84.465571441586235, 42.227823262464412 ], [ -84.465565381367554, 42.227815376087406 ], [ -84.465559896897389, 42.227807149066699 ], [ -84.465554953389173, 42.227798663793507 ], [ -84.465550513542865, 42.22779000622748 ], [ -84.465546542504171, 42.22778126146131 ], [ -84.465543001784027, 42.227772514537399 ], [ -84.46553985426273, 42.227763844211545 ], [ -84.465537013432368, 42.22775517182032 ], [ -84.465534424957085, 42.227746440763937 ], [ -84.465532065658806, 42.22773765702744 ], [ -84.465529908702123, 42.227728827446022 ], [ -84.465527928508422, 42.227719957070846 ], [ -84.465526099453882, 42.227711052753875 ], [ -84.465524397193988, 42.227702118662485 ], [ -84.465522796105049, 42.227693161648652 ], [ -84.465521270608363, 42.227684186763419 ], [ -84.465519795080226, 42.227675200858862 ], [ -84.46551834391957, 42.227666209886429 ], [ -84.465516891547708, 42.227657218897214 ], [ -84.465515413575119, 42.227648233859526 ], [ -84.465513883211685, 42.227639259807589 ], [ -84.465512276022821, 42.22763030451069 ], [ -84.465509569603611, 42.227616456269864 ] ] } },
{ "type": "Feature", "properties": { "road_id": "SUM-ROAD-382", "segment_id": "SUM-382-33817323802560538025606" }, "geometry": { "type": "LineString", "coordinates": [ [ -84.465509569603611, 42.227616456269864 ], [ -84.465521687788055, 42.22761643465126 ], [ -84.465533807477058, 42.227616401342026 ], [ -84.465545927413942, 42.227616358126312 ], [ -84.465558048810323, 42.227616305020788 ], [ -84.465570170409535, 42.227616243809827 ], [ -84.465582293445692, 42.227616173609562 ], [ -84.465594416684624, 42.227616095303773 ], [ -84.465606540081325, 42.227616010693389 ], [ -84.465618664847327, 42.227615919795205 ], [ -84.465630789771055, 42.227615822592391 ], [ -84.465642916019021, 42.227615720902662 ], [ -84.46565504116802, 42.227615614692589 ], [ -84.465667167618705, 42.227615504896079 ], [ -84.46567929413699, 42.227615392396828 ], [ -84.465691420722834, 42.227615277194936 ], [ -84.465703547353655, 42.22761516019078 ], [ -84.465715674029553, 42.227615041384396 ], [ -84.465727800682856, 42.227614923477198 ], [ -84.465739928547649, 42.227614805585482 ], [ -84.465752055200838, 42.227614687675711 ], [ -84.465764181786398, 42.227614572466116 ], [ -84.465776308326809, 42.227614459056184 ], [ -84.465788433587988, 42.227614348329574 ], [ -84.465800559970546, 42.227614241220344 ], [ -84.465812685028808, 42.227614138595442 ], [ -84.465824809951869, 42.227614041372142 ], [ -84.465836934762166, 42.227613948649882 ], [ -84.465849059392156, 42.227613863130124 ], [ -84.465861182652759, 42.227613783895634 ], [ -84.465873305733098, 42.227613711863661 ], [ -84.465885427376463, 42.227613648818362 ], [ -84.465897548816997, 42.227613593876043 ], [ -84.465909668798034, 42.227613548820905 ], [ -84.465921788531219, 42.22761351366966 ], [ -84.465933907971419, 42.227613490223284 ], [ -84.465946024718079, 42.22761347754782 ], [ -84.465958141171768, 42.227613476577197 ], [ -84.465970257287452, 42.227613489112386 ], [ -84.46598237185357, 42.22761351513666 ], [ -84.465994484870137, 42.227613554649963 ], [ -84.466006596292104, 42.227613609453286 ], [ -84.466018706096889, 42.227613680447121 ], [ -84.46603081551865, 42.227613766747666 ], [ -84.466042923323343, 42.227613869238681 ], [ -84.466055029465821, 42.227613989721142 ], [ -84.46606713394614, 42.227614128195057 ], [ -84.466079235507578, 42.227614286444556 ], [ -84.466091336618589, 42.227614462702256 ], [ -84.466103435999784, 42.227614659652801 ], [ -84.466115533651248, 42.227614877296176 ], [ -84.466127629550513, 42.227615116532881 ], [ -84.466139723697538, 42.227615377362852 ], [ -84.466151817281371, 42.227615660703435 ], [ -84.466163973349751, 42.227615965624331 ], [ -84.466176206216304, 42.227616301331146 ], [ -84.466188497346891, 42.227616681980265 ], [ -84.466200829418739, 42.227617121744871 ], [ -84.466213185109254, 42.227617634798023 ], [ -84.466225547118299, 42.227618234412439 ], [ -84.466237896889112, 42.227618935644948 ], [ -84.466250215887484, 42.227619752652025 ], [ -84.466262489259009, 42.227620697839299 ], [ -84.466274697235448, 42.227621786246949 ], [ -84.466286823683177, 42.227623032965425 ], [ -84.466298848924083, 42.227624449432952 ], [ -84.46631075799111, 42.227626052557618 ], [ -84.466322531206202, 42.22762785377774 ], [ -84.466334151201565, 42.227629869067471 ], [ -84.466345600699867, 42.227632110799064 ], [ -84.466356862355866, 42.227634594046144 ], [ -84.466367919946094, 42.227637337501221 ], [ -84.46637888558638, 42.227640801212445 ], [ -84.466389727215855, 42.227645200925032 ], [ -84.466400285410586, 42.22765041733409 ], [ -84.466410401957958, 42.2276563311516 ], [ -84.466419919879598, 42.227662822205851 ], [ -84.466428678539373, 42.227669771175435 ], [ -84.466436522170056, 42.227677057905396 ], [ -84.466443292535942, 42.227684564008342 ], [ -84.466448829023108, 42.22769216926244 ], [ -84.466453134044656, 42.227699970985853 ], [ -84.466456470396238, 42.227708268267158 ], [ -84.466458924961159, 42.227716979434803 ], [ -84.466460575200273, 42.22772601187765 ], [ -84.466461498484477, 42.227735276586422 ], [ -84.46646177588697, 42.227744681900752 ], [ -84.466461482400447, 42.22775413697682 ], [ -84.466460699075725, 42.227763551054657 ], [ -84.466459503328721, 42.227772833324003 ], [ -84.466457973809668, 42.227781892090867 ], [ -84.466456176620227, 42.227790701245098 ], [ -84.466454108394231, 42.22779949224163 ], [ -84.466451775747927, 42.227808291294608 ], [ -84.466449192233938, 42.227817089583489 ], [ -84.46644636893673, 42.227825880055079 ], [ -84.466443319363904, 42.227834655689776 ], [ -84.466440053388311, 42.227843409417673 ], [ -84.466436585751708, 42.22785213333546 ], [ -84.466432927561087, 42.227860819489514 ], [ -84.466429089878417, 42.227869461727167 ], [ -84.46642508746794, 42.227878051244595 ], [ -84.466420930180064, 42.227886581872426 ], [ -84.466416631567512, 42.227895044790024 ], [ -84.4664122039039, 42.227903433861542 ], [ -84.466407658296234, 42.227911741133333 ], [ -84.466402967350845, 42.227919947310433 ], [ -84.466397513958029, 42.227927866411072 ], [ -84.466391232871644, 42.227935490327205 ], [ -84.466384318725247, 42.227942887505492 ], [ -84.466376967318993, 42.227950128210253 ], [ -84.466369374430641, 42.227957283606329 ], [ -84.46636173590538, 42.227964422157129 ], [ -84.466347137571077, 42.227978893296971 ] ] } },
{ "type": "Feature", "properties": { "road_id": "SUM-ROAD-383", "segment_id": "SUM-383-9090093800896538008941" }, "geometry": { "type": "LineString", "coordinates": [ [ -84.444140391865787, 42.227276395510572 ], [ -84.443548257504759, 42.227332035498776 ], [ -84.442929171785991, 42.227436132587002 ], [ -84.442399223087662, 42.227515631347742 ], [ -84.442050533600167, 42.227553030623568 ], [ -84.441772262904408, 42.227556174588507 ], [ -84.441217908164248, 42.227493346586613 ] ] } },
{ "type": "Feature", "properties": { "road_id": "SUM-ROAD-384", "segment_id": "SUM-384-8998103800896538008669" }, "geometry": { "type": "LineString", "coordinates": [ [ -84.444140391865787, 42.227276395510572 ], [ -84.444171520425925, 42.230047839661566 ], [ -84.444193170354637, 42.23059471261255 ] ] } },
{ "type": "Feature", "properties": { "road_id": "SUM-ROAD-385", "segment_id": "SUM-385-9090093800895738008933" }, "geometry": { "type": "LineString", "coordinates": [ [ -84.438976595441801, 42.227295785758933 ], [ -84.437358941954088, 42.227165852329087 ], [ -84.436499982457022, 42.22711362088868 ], [ -84.43617589739263, 42.22711479193871 ], [ -84.435913002412747, 42.227136894440875 ], [ -84.435340424151022, 42.227200508951192 ], [ -84.434808982222805, 42.227277488935911 ], [ -84.434192619400235, 42.227363537283935 ], [ -84.433651085027847, 42.227393221329919 ], [ -84.433233472381346, 42.227417540313297 ], [ -84.432808524069117, 42.22740879971046 ] ] } },
{ "type": "Feature", "properties": { "road_id": "SUM-ROAD-386", "segment_id": "SUM-386-8994073801729838017300" }, "geometry": { "type": "LineString", "coordinates": [ [ -84.451953104895921, 42.22698958394912 ], [ -84.448934732758275, 42.229482473574642 ] ] } },
{ "type": "Feature", "properties": { "road_id": "SUM-ROAD-387", "segment_id": "SUM-387-8994073800909138017298" }, "geometry": { "type": "LineString", "coordinates": [ [ -84.453391723461522, 42.226082931414666 ], [ -84.452913350701181, 42.226322656115975 ], [ -84.45243470211868, 42.226622486351033 ], [ -84.451953104895921, 42.22698958394912 ] ] } },
{ "type": "Feature", "properties": { "road_id": "SUM-ROAD-388", "segment_id": "SUM-388-8998083800909138008757" }, "geometry": { "type": "LineString", "coordinates": [ [ -84.453391723461522, 42.226082931414666 ], [ -84.453419996177956, 42.229520837476869 ] ] } },
{ "type": "Feature", "properties": { "road_id": "SUM-ROAD-389", "segment_id": "SUM-389-33809033801730138017299" }, "geometry": { "type": "LineString", "coordinates": [ [ -84.448562312314152, 42.225999367010949 ], [ -84.446911492506246, 42.226008259389815 ], [ -84.446696886806464, 42.226034344473653 ], [ -84.446526030924744, 42.226084311391233 ], [ -84.446367969197453, 42.226144153181991 ], [ -84.446243617333664, 42.226212223209849 ], [ -84.446105242944014, 42.226318879403443 ], [ -84.445982122417078, 42.226441263224039 ], [ -84.445908237935228, 42.22660662452752 ], [ -84.445835771842056, 42.226846472030502 ], [ -84.445828947905909, 42.227115755527379 ], [ -84.445936385254498, 42.227371244807614 ], [ -84.44614948901831, 42.227543551319684 ], [ -84.446241487695815, 42.227591017727526 ], [ -84.446364932831045, 42.22762353142754 ], [ -84.446643853173768, 42.227650523974312 ], [ -84.447098953609043, 42.22767228382672 ], [ -84.447429829383793, 42.227692303893498 ], [ -84.44767672017754, 42.227757328579521 ], [ -84.448047447340315, 42.227839476495227 ], [ -84.448567226926841, 42.227843916148444 ] ] } },
{ "type": "Feature", "properties": { "road_id": "SUM-ROAD-390", "segment_id": "SUM-390-33809023801730138017299" }, "geometry": { "type": "LineString", "coordinates": [ [ -84.448562312314152, 42.225999367010949 ], [ -84.448567226926841, 42.227843916148444 ] ] } },
{ "type": "Feature", "properties": { "road_id": "SUM-ROAD-391", "segment_id": "SUM-391-33809033801730238017301" }, "geometry": { "type": "LineString", "coordinates": [ [ -84.450027997169116, 42.2260001691889 ], [ -84.448562312314152, 42.225999367010949 ] ] } },
{ "type": "Feature", "properties": { "road_id": "SUM-ROAD-392", "segment_id": "SUM-392-33809043801730238017303" }, "geometry": { "type": "LineString", "coordinates": [ [ -84.450027997169116, 42.2260001691889 ], [ -84.449911789549859, 42.22711132038102 ] ] } },
{ "type": "Feature", "properties": { "road_id": "SUM-ROAD-393", "segment_id": "SUM-393-33809033801729838017302" }, "geometry": { "type": "LineString", "coordinates": [ [ -84.451953104895921, 42.22698958394912 ], [ -84.450873581558255, 42.226222057059353 ], [ -84.450578100015036, 42.226099580794958 ], [ -84.450307615015006, 42.226038272967465 ], [ -84.450027997169116, 42.2260001691889 ] ] } },
{ "type": "Feature", "properties": { "road_id": "SUM-ROAD-394", "segment_id": "SUM-394-8998023801663538008921" }, "geometry": { "type": "LineString", "coordinates": [ [ -84.477984980350257, 42.226267083139668 ], [ -84.477232998751205, 42.226712733839584 ], [ -84.476670926294119, 42.227110973007093 ], [ -84.476295768753403, 42.227434135278045 ], [ -84.475980171678145, 42.227762550769825 ], [ -84.475748928457833, 42.228031221433248 ] ] } },
{ "type": "Feature", "properties": { "road_id": "SUM-ROAD-395", "segment_id": "SUM-395-9041063801725438008501" }, "geometry": { "type": "LineString", "coordinates": [ [ -84.480117159150225, 42.226233554908355 ], [ -84.480099770648025, 42.226289426355471 ], [ -84.480086914965895, 42.226388448756595 ], [ -84.480214020201188, 42.229297487857863 ], [ -84.480280622072215, 42.23109972138225 ], [ -84.480286219638685, 42.231521282149998 ], [ -84.480222200066976, 42.231933796785597 ], [ -84.480185338586509, 42.232352927560626 ], [ -84.480196819230102, 42.232862364267 ] ] } },
{ "type": "Feature", "properties": { "road_id": "SUM-ROAD-396", "segment_id": "SUM-396-8998013800913438008902" }, "geometry": { "type": "LineString", "coordinates": [ [ -84.478913286062351, 42.226199822215897 ], [ -84.478434962918698, 42.226394416290411 ], [ -84.477989157696115, 42.226608542032636 ], [ -84.477371232824041, 42.226952332717048 ], [ -84.476817110374455, 42.227391516833485 ], [ -84.476320630226141, 42.22787683434499 ], [ -84.476030882523872, 42.228214203796227 ] ] } },
{ "type": "Feature", "properties": { "road_id": "SUM-ROAD-397", "segment_id": "SUM-397-8998023800913238016635" }, "geometry": { "type": "LineString", "coordinates": [ [ -84.478353645400375, 42.226098184394175 ], [ -84.477984980350257, 42.226267083139668 ] ] } },
{ "type": "Feature", "properties": { "road_id": "SUM-ROAD-398", "segment_id": "SUM-398-8998033800913238009134" }, "geometry": { "type": "LineString", "coordinates": [ [ -84.478353645400375, 42.226098184394175 ], [ -84.478913286062351, 42.226199822215897 ] ] } },
{ "type": "Feature", "properties": { "road_id": "SUM-ROAD-399", "segment_id": "SUM-399-8998103800913838008965" }, "geometry": { "type": "LineString", "coordinates": [ [ -84.444129317913863, 42.225537268922814 ], [ -84.44412591598838, 42.225579070113199 ], [ -84.444132913678274, 42.22711324162276 ], [ -84.444140391865787, 42.227276395510572 ] ] } },
{ "type": "Feature", "properties": { "road_id": "SUM-ROAD-400", "segment_id": "SUM-400-9044033801725538008503" }, "geometry": { "type": "LineString", "coordinates": [ [ -84.482582266685498, 42.226036428444253 ], [ -84.482620779880293, 42.226084090340628 ], [ -84.482646570625306, 42.226148021067971 ], [ -84.482656287308487, 42.226308373083278 ], [ -84.482683222713831, 42.22864400538645 ], [ -84.482632896928664, 42.228884460469786 ], [ -84.482563753731384, 42.229268932509619 ], [ -84.482580930622959, 42.230274887394799 ], [ -84.482619476522771, 42.231705896132752 ], [ -84.482637931084795, 42.232892543727175 ] ] } },
{ "type": "Feature", "properties": { "road_id": "SUM-ROAD-401", "segment_id": "SUM-401-8994073800914738009091" }, "geometry": { "type": "LineString", "coordinates": [ [ -84.454916725428063, 42.225609369387129 ], [ -84.454638305170604, 42.225671074592235 ], [ -84.454224563010115, 42.225780073305764 ], [ -84.453943664938123, 42.225856114395654 ], [ -84.453391723461522, 42.226082931414666 ] ] } },
{ "type": "Feature", "properties": { "road_id": "SUM-ROAD-402", "segment_id": "SUM-402-8998073800914738008763" }, "geometry": { "type": "LineString", "coordinates": [ [ -84.454916725428063, 42.225609369387129 ], [ -84.454972969555755, 42.229505688806761 ] ] } },
{ "type": "Feature", "properties": { "road_id": "SUM-ROAD-403", "segment_id": "SUM-403-8999013801725538009151" }, "geometry": { "type": "LineString", "coordinates": [ [ -84.482582266685498, 42.226036428444253 ], [ -84.482484269990877, 42.225975357302779 ] ] } },
{ "type": "Feature", "properties": { "road_id": "SUM-ROAD-404", "segment_id": "SUM-404-8999013800915138017254" }, "geometry": { "type": "LineString", "coordinates": [ [ -84.482484269990877, 42.225975357302779 ], [ -84.482394875694283, 42.225948755915567 ], [ -84.482273949620378, 42.225926756664869 ], [ -84.482039923562397, 42.225912110500687 ], [ -84.480878965073458, 42.225980064865219 ], [ -84.480643247606565, 42.226024017314316 ], [ -84.480348046954902, 42.226089054351306 ], [ -84.480200038352834, 42.22614403923037 ], [ -84.480117159150225, 42.226233554908355 ] ] } },
{ "type": "Feature", "properties": { "road_id": "SUM-ROAD-405", "segment_id": "SUM-405-8998063800916638019998" }, "geometry": { "type": "LineString", "coordinates": [ [ -84.462412361774923, 42.225511714394351 ], [ -84.462443517992327, 42.227627743016541 ] ] } },
{ "type": "Feature", "properties": { "road_id": "SUM-ROAD-406", "segment_id": "SUM-406-8994073800916438009147" }, "geometry": { "type": "LineString", "coordinates": [ [ -84.460120628850746, 42.225470460998075 ], [ -84.459186883887881, 42.225464256846941 ], [ -84.456675333919705, 42.225446103816601 ], [ -84.456336594472262, 42.225443042018007 ], [ -84.455868838785221, 42.225467984397575 ], [ -84.455315876422162, 42.225529538916859 ], [ -84.454916725428063, 42.225609369387129 ] ] } },
{ "type": "Feature", "properties": { "road_id": "SUM-ROAD-407", "segment_id": "SUM-407-8994073800916638009164" }, "geometry": { "type": "LineString", "coordinates": [ [ -84.462412361774923, 42.225511714394351 ], [ -84.460120628850746, 42.225470460998075 ] ] } },
{ "type": "Feature", "properties": { "road_id": "SUM-ROAD-408", "segment_id": "SUM-408-8994073801999938009166" }, "geometry": { "type": "LineString", "coordinates": [ [ -84.463896042599714, 42.225520407506203 ], [ -84.462412361774923, 42.225511714394351 ] ] } },
{ "type": "Feature", "properties": { "road_id": "SUM-ROAD-409", "segment_id": "SUM-409-33813113801999938020000" }, "geometry": { "type": "LineString", "coordinates": [ [ -84.463896042599714, 42.225520407506203 ], [ -84.463899863785656, 42.225856261232543 ], [ -84.463907750329753, 42.226861915374336 ], [ -84.463914511057098, 42.227143870732547 ], [ -84.463946359780792, 42.227294222776919 ], [ -84.463990876274195, 42.227458661836195 ], [ -84.464085968892391, 42.227618358238772 ] ] } },
{ "type": "Feature", "properties": { "road_id": "SUM-ROAD-410", "segment_id": "SUM-410-8998033800916838009132" }, "geometry": { "type": "LineString", "coordinates": [ [ -84.475665549740668, 42.225652411660775 ], [ -84.475920914070613, 42.225684067180637 ], [ -84.477928553959345, 42.226040355252714 ], [ -84.478353645400375, 42.226098184394175 ] ] } },
{ "type": "Feature", "properties": { "road_id": "SUM-ROAD-411", "segment_id": "SUM-411-8994073800917338019999" }, "geometry": { "type": "LineString", "coordinates": [ [ -84.473983605630849, 42.225583147660892 ], [ -84.468897733545575, 42.225559696450809 ], [ -84.467029731938752, 42.225538705084169 ], [ -84.463896042599714, 42.225520407506203 ] ] } },
{ "type": "Feature", "properties": { "road_id": "SUM-ROAD-412", "segment_id": "SUM-412-8994073800917538009173" }, "geometry": { "type": "LineString", "coordinates": [ [ -84.475117035386987, 42.225584414413284 ], [ -84.474933090736016, 42.225583094319546 ], [ -84.474240315012437, 42.225586677791753 ], [ -84.473983605630849, 42.225583147660892 ] ] } },
{ "type": "Feature", "properties": { "road_id": "SUM-ROAD-413", "segment_id": "SUM-413-8998033800917538009168" }, "geometry": { "type": "LineString", "coordinates": [ [ -84.475117035386987, 42.225584414413284 ], [ -84.475665549740668, 42.225652411660775 ] ] } },
{ "type": "Feature", "properties": { "road_id": "SUM-ROAD-414", "segment_id": "SUM-414-8994073800917738009175" }, "geometry": { "type": "LineString", "coordinates": [ [ -84.475679454236086, 42.225572893368899 ], [ -84.475117035386987, 42.225584414413284 ] ] } },
{ "type": "Feature", "properties": { "road_id": "SUM-ROAD-415", "segment_id": "SUM-415-33810083800918238009134" }, "geometry": { "type": "LineString", "coordinates": [ [ -84.482490821724312, 42.225656530959377 ], [ -84.481751633916687, 42.225653347445032 ], [ -84.481078487344092, 42.225693387418801 ], [ -84.480573103117223, 42.225760635785889 ], [ -84.480218783126659, 42.225835524464564 ], [ -84.479912928153055, 42.225896811306832 ], [ -84.479525831809852, 42.226004603828329 ], [ -84.478913286062351, 42.226199822215897 ] ] } },
{ "type": "Feature", "properties": { "road_id": "SUM-ROAD-416", "segment_id": "SUM-416-8994073800918038009177" }, "geometry": { "type": "LineString", "coordinates": [ [ -84.480309008238081, 42.225535311248841 ], [ -84.479144457672049, 42.225594454878959 ], [ -84.475679454236086, 42.225572893368899 ] ] } },
{ "type": "Feature", "properties": { "road_id": "SUM-ROAD-417", "segment_id": "SUM-417-8998023800918038009132" }, "geometry": { "type": "LineString", "coordinates": [ [ -84.480309008238081, 42.225535311248841 ], [ -84.479686434519508, 42.225668624345147 ], [ -84.479047184424999, 42.225841375002815 ], [ -84.478353645400375, 42.226098184394175 ] ] } },
{ "type": "Feature", "properties": { "road_id": "SUM-ROAD-418", "segment_id": "SUM-418-8994073800920238009180" }, "geometry": { "type": "LineString", "coordinates": [ [ -84.482477295421006, 42.22539103361958 ], [ -84.481810218789221, 42.22539029064405 ], [ -84.481165771550849, 42.225418410139376 ], [ -84.480653074049229, 42.225478234457341 ], [ -84.480309008238081, 42.225535311248841 ] ] } },
{ "type": "Feature", "properties": { "road_id": "SUM-ROAD-419", "segment_id": "SUM-419-33809073801730538017306" }, "geometry": { "type": "LineString", "coordinates": [ [ -84.45491811450168, 42.224554391702739 ], [ -84.454500623744721, 42.224612824801127 ], [ -84.454290723834518, 42.224638332832136 ], [ -84.454171216918965, 42.224648375296475 ], [ -84.453752077701679, 42.224584004543281 ], [ -84.4536728480318, 42.224602969527702 ], [ -84.453609067005686, 42.224633856299356 ], [ -84.453549657858503, 42.224669820425767 ], [ -84.45319467053443, 42.224975306479962 ] ] } },
{ "type": "Feature", "properties": { "road_id": "SUM-ROAD-420", "segment_id": "SUM-420-33809053801730538009147" }, "geometry": { "type": "LineString", "coordinates": [ [ -84.45491811450168, 42.224554391702739 ], [ -84.454909450101809, 42.224907207503861 ], [ -84.454916725428063, 42.225609369387129 ] ] } },
{ "type": "Feature", "properties": { "road_id": "SUM-ROAD-421", "segment_id": "SUM-421-8998053800925038009173" }, "geometry": { "type": "LineString", "coordinates": [ [ -84.473984886824098, 42.224642271759798 ], [ -84.473987283121033, 42.225384851329693 ], [ -84.473983605630849, 42.225583147660892 ] ] } },
{ "type": "Feature", "properties": { "road_id": "SUM-ROAD-422", "segment_id": "SUM-422-9039033802553438009241" }, "geometry": { "type": "LineString", "coordinates": [ [ -84.433411401034959, 42.22377663599876 ], [ -84.432980359066732, 42.224146294497402 ] ] } },
{ "type": "Feature", "properties": { "road_id": "SUM-ROAD-423", "segment_id": "SUM-423-33817143802553438025535" }, "geometry": { "type": "LineString", "coordinates": [ [ -84.433411401034959, 42.22377663599876 ], [ -84.432976868095665, 42.224285146435179 ] ] } },
{ "type": "Feature", "properties": { "road_id": "SUM-ROAD-424", "segment_id": "SUM-424-9039033800932138025534" }, "geometry": { "type": "LineString", "coordinates": [ [ -84.433953419907283, 42.223278500950912 ], [ -84.433832418467446, 42.223389665463053 ], [ -84.433698010079922, 42.223519107883114 ], [ -84.433450151959306, 42.223743402967081 ], [ -84.433411401034959, 42.22377663599876 ] ] } },
{ "type": "Feature", "properties": { "road_id": "SUM-ROAD-425", "segment_id": "SUM-425-9040173800932138009315" }, "geometry": { "type": "LineString", "coordinates": [ [ -84.433953419907283, 42.223278500950912 ], [ -84.434150582102646, 42.22334473484684 ], [ -84.434195279376567, 42.223360027293865 ], [ -84.434243008402149, 42.223366983306796 ], [ -84.437191439001907, 42.22336249241912 ], [ -84.437418966784193, 42.223361186029543 ] ] } },
{ "type": "Feature", "properties": { "road_id": "SUM-ROAD-426", "segment_id": "SUM-426-33809063801730838017304" }, "geometry": { "type": "LineString", "coordinates": [ [ -84.454056912046212, 42.223007023779182 ], [ -84.453716867447795, 42.22340200459648 ] ] } },
{ "type": "Feature", "properties": { "road_id": "SUM-ROAD-427", "segment_id": "SUM-427-33809053801730838017305" }, "geometry": { "type": "LineString", "coordinates": [ [ -84.454056912046212, 42.223007023779182 ], [ -84.454612865355273, 42.223319854697422 ], [ -84.454707661668763, 42.223412364718811 ], [ -84.454806180642535, 42.223560019515354 ], [ -84.454928385822484, 42.223782097251473 ], [ -84.454943591749782, 42.223888697256285 ], [ -84.454943103420447, 42.224110965949592 ], [ -84.45493244253953, 42.224331193282019 ], [ -84.45491811450168, 42.224554391702739 ] ] } },
{ "type": "Feature", "properties": { "road_id": "SUM-ROAD-428", "segment_id": "SUM-428-8998053800939038009250" }, "geometry": { "type": "LineString", "coordinates": [ [ -84.473969335602064, 42.222617608917602 ], [ -84.473984886824098, 42.224642271759798 ] ] } },
{ "type": "Feature", "properties": { "road_id": "SUM-ROAD-429", "segment_id": "SUM-429-33808993800939038018368" }, "geometry": { "type": "LineString", "coordinates": [ [ -84.473969335602064, 42.222617608917602 ], [ -84.47495680609201, 42.22262675483843 ], [ -84.475053706488239, 42.222626371586649 ], [ -84.475129852777286, 42.222625703024512 ], [ -84.475194510690471, 42.222623162341051 ], [ -84.475206042609244, 42.222620994099223 ] ] } },
{ "type": "Feature", "properties": { "road_id": "SUM-ROAD-430", "segment_id": "SUM-430-33808993801836838009414" }, "geometry": { "type": "LineString", "coordinates": [ [ -84.475206042609244, 42.222620994099223 ], [ -84.475245501460208, 42.222613575244736 ], [ -84.475294527847268, 42.222590243112776 ], [ -84.47531182217358, 42.222544184143487 ], [ -84.475325352709106, 42.222371185602462 ], [ -84.475358576880595, 42.222333918276227 ], [ -84.475412343029788, 42.222305507758783 ], [ -84.475486608554959, 42.222287666724569 ], [ -84.475826100902523, 42.22224278249832 ] ] } },
{ "type": "Feature", "properties": { "road_id": "SUM-ROAD-431", "segment_id": "SUM-431-9109053800944138009439" }, "geometry": { "type": "LineString", "coordinates": [ [ -84.438541835532135, 42.2213898048388 ], [ -84.437887505778718, 42.22139396886498 ], [ -84.437798652322741, 42.221391576572969 ] ] } },
{ "type": "Feature", "properties": { "road_id": "SUM-ROAD-432", "segment_id": "SUM-432-9109053800944438009441" }, "geometry": { "type": "LineString", "coordinates": [ [ -84.439922306193651, 42.221375008868883 ], [ -84.438541835532135, 42.2213898048388 ] ] } },
{ "type": "Feature", "properties": { "road_id": "SUM-ROAD-433", "segment_id": "SUM-433-9109053800944738009444" }, "geometry": { "type": "LineString", "coordinates": [ [ -84.441318348106535, 42.221362377706512 ], [ -84.439922306193651, 42.221375008868883 ] ] } },
{ "type": "Feature", "properties": { "road_id": "SUM-ROAD-434", "segment_id": "SUM-434-9109053800945438009447" }, "geometry": { "type": "LineString", "coordinates": [ [ -84.442689308437977, 42.221355633723448 ], [ -84.442635327285544, 42.221370994364101 ], [ -84.442522938897923, 42.221379480531539 ], [ -84.441318348106535, 42.221362377706512 ] ] } },
{ "type": "Feature", "properties": { "road_id": "SUM-ROAD-435", "segment_id": "SUM-435-33800693800925038017263" }, "geometry": { "type": "LineString", "coordinates": [ [ -84.473984886824098, 42.224642271759798 ], [ -84.473636593628356, 42.224633711443431 ], [ -84.473437198998042, 42.224619656396285 ], [ -84.47324438963922, 42.22457034489193 ], [ -84.47308654930815, 42.224491821755741 ], [ -84.472948184474845, 42.224395185040976 ], [ -84.472833661530416, 42.224257873549142 ], [ -84.472786999924651, 42.224145532447913 ], [ -84.472756255393037, 42.223928779951414 ], [ -84.47272171222302, 42.221153269732213 ], [ -84.472715345036903, 42.220605850743389 ] ] } },
{ "type": "Feature", "properties": { "road_id": "SUM-ROAD-436", "segment_id": "SUM-436-8998053801726338009390" }, "geometry": { "type": "LineString", "coordinates": [ [ -84.472715345036903, 42.220605850743389 ], [ -84.472743623584549, 42.220544335446789 ], [ -84.472778924608079, 42.220520383091902 ], [ -84.47284310287462, 42.220510405700701 ], [ -84.472970984867516, 42.220509449910651 ], [ -84.473102315328362, 42.220516688119616 ], [ -84.473320951629915, 42.220538704114439 ], [ -84.473475073095202, 42.220584270346627 ], [ -84.473617766469644, 42.220648686580226 ], [ -84.473748998059392, 42.220733309872685 ], [ -84.473830625579865, 42.220829468933118 ], [ -84.473905862811947, 42.220962198308115 ], [ -84.473946662079257, 42.221057261534362 ], [ -84.473969335602064, 42.222617608917602 ] ] } },
{ "type": "Feature", "properties": { "road_id": "SUM-ROAD-437", "segment_id": "SUM-437-9040063800956538009559" }, "geometry": { "type": "LineString", "coordinates": [ [ -84.434406993034628, 42.219669966441657 ], [ -84.434255931631952, 42.219705917437899 ], [ -84.434044574360158, 42.219721094197595 ], [ -84.433102375424184, 42.219731835035041 ], [ -84.433034103434437, 42.219727482854289 ], [ -84.433004950760122, 42.21971970298025 ] ] } },
{ "type": "Feature", "properties": { "road_id": "SUM-ROAD-438", "segment_id": "SUM-438-9039033800957138009321" }, "geometry": { "type": "LineString", "coordinates": [ [ -84.436859868434368, 42.219702096925793 ], [ -84.43556189915428, 42.221302375523472 ], [ -84.43516547578254, 42.221777361999656 ], [ -84.433953419907283, 42.223278500950912 ] ] } },
{ "type": "Feature", "properties": { "road_id": "SUM-ROAD-439", "segment_id": "SUM-439-9040063800957138009565" }, "geometry": { "type": "LineString", "coordinates": [ [ -84.436859868434368, 42.219702096925793 ], [ -84.436496637229368, 42.219580909423357 ], [ -84.43639947407874, 42.219557742938235 ], [ -84.436289220417819, 42.219536813343126 ], [ -84.435875177180534, 42.219545514043951 ], [ -84.435394433953121, 42.219545716661059 ], [ -84.435029382979536, 42.219552113115505 ], [ -84.434717406036384, 42.21960830923171 ], [ -84.434406993034628, 42.219669966441657 ] ] } },
{ "type": "Feature", "properties": { "road_id": "SUM-ROAD-440", "segment_id": "SUM-440-9109133800958538009584" }, "geometry": { "type": "LineString", "coordinates": [ [ -84.445540919346556, 42.219599246282755 ], [ -84.446126300083876, 42.219601755716901 ], [ -84.446253697055894, 42.219599974429549 ] ] } },
{ "type": "Feature", "properties": { "road_id": "SUM-ROAD-441", "segment_id": "SUM-441-9109133800962538009585" }, "geometry": { "type": "LineString", "coordinates": [ [ -84.443406441388262, 42.219152478166279 ], [ -84.443408445272681, 42.219445664836975 ], [ -84.44341809841832, 42.219498310847001 ], [ -84.443440927233112, 42.219526636492418 ], [ -84.44347323049135, 42.219552761021625 ], [ -84.443513470203072, 42.219575496340525 ], [ -84.443566441584295, 42.21959140829658 ], [ -84.443629125401159, 42.21959578755191 ], [ -84.443870857387054, 42.219596842202982 ], [ -84.445540919346556, 42.219599246282755 ] ] } },
{ "type": "Feature", "properties": { "road_id": "SUM-ROAD-442", "segment_id": "SUM-442-9040043800945438009621" }, "geometry": { "type": "LineString", "coordinates": [ [ -84.442689308437977, 42.221355633723448 ], [ -84.442704490594508, 42.221313024920882 ], [ -84.442719483183808, 42.221255733281311 ], [ -84.442684290089687, 42.219136365677834 ] ] } },
{ "type": "Feature", "properties": { "road_id": "SUM-ROAD-443", "segment_id": "SUM-443-9109023800962538009621" }, "geometry": { "type": "LineString", "coordinates": [ [ -84.443406441388262, 42.219152478166279 ], [ -84.442684290089687, 42.219136365677834 ] ] } },
{ "type": "Feature", "properties": { "road_id": "SUM-ROAD-444", "segment_id": "SUM-444-9109193800955938009644" }, "geometry": { "type": "LineString", "coordinates": [ [ -84.433004950760122, 42.21971970298025 ], [ -84.432984857691906, 42.219703869049482 ], [ -84.432969060681629, 42.219685900510093 ], [ -84.432955321601256, 42.219663322829646 ], [ -84.432947442999009, 42.219639847789978 ], [ -84.43295147304319, 42.219544078356236 ], [ -84.432955718871767, 42.219445838389966 ], [ -84.432957619192379, 42.219299746749627 ], [ -84.432961927748437, 42.219131059380679 ], [ -84.432959306472412, 42.218789305816252 ], [ -84.432979368467898, 42.218708936469561 ] ] } },
{ "type": "Feature", "properties": { "road_id": "SUM-ROAD-445", "segment_id": "SUM-445-9040053800965238009644" }, "geometry": { "type": "LineString", "coordinates": [ [ -84.434406708143925, 42.218634479218188 ], [ -84.433127688863408, 42.21864620036218 ], [ -84.433080679401783, 42.218657619335723 ], [ -84.433039176941108, 42.218673483046224 ], [ -84.432979368467898, 42.218708936469561 ] ] } },
{ "type": "Feature", "properties": { "road_id": "SUM-ROAD-446", "segment_id": "SUM-446-9067023800965238009565" }, "geometry": { "type": "LineString", "coordinates": [ [ -84.434406708143925, 42.218634479218188 ], [ -84.434406993034628, 42.219669966441657 ] ] } },
{ "type": "Feature", "properties": { "road_id": "SUM-ROAD-447", "segment_id": "SUM-447-9040053800966138009652" }, "geometry": { "type": "LineString", "coordinates": [ [ -84.437747419385374, 42.218606350147944 ], [ -84.434406708143925, 42.218634479218188 ] ] } },
{ "type": "Feature", "properties": { "road_id": "SUM-ROAD-448", "segment_id": "SUM-448-9039033800966138009571" }, "geometry": { "type": "LineString", "coordinates": [ [ -84.437747419385374, 42.218606350147944 ], [ -84.436859868434368, 42.219702096925793 ] ] } },
{ "type": "Feature", "properties": { "road_id": "SUM-ROAD-449", "segment_id": "SUM-449-9109023800966038009625" }, "geometry": { "type": "LineString", "coordinates": [ [ -84.445536010146114, 42.218699213798168 ], [ -84.443592605027149, 42.218678687303601 ], [ -84.443523333775261, 42.21869477889696 ], [ -84.443469821632149, 42.218723034981721 ], [ -84.443432241725404, 42.218756632719263 ], [ -84.443418777419595, 42.218834931595367 ], [ -84.443406441388262, 42.219152478166279 ] ] } },
{ "type": "Feature", "properties": { "road_id": "SUM-ROAD-450", "segment_id": "SUM-450-9109113800958538009660" }, "geometry": { "type": "LineString", "coordinates": [ [ -84.445540919346556, 42.219599246282755 ], [ -84.445536010146114, 42.218699213798168 ] ] } },
{ "type": "Feature", "properties": { "road_id": "SUM-ROAD-451", "segment_id": "SUM-451-9109083800968438009441" }, "geometry": { "type": "LineString", "coordinates": [ [ -84.438471746611896, 42.218243935328267 ], [ -84.438541835532135, 42.2213898048388 ] ] } },
{ "type": "Feature", "properties": { "road_id": "SUM-ROAD-452", "segment_id": "SUM-452-9039033800968338009661" }, "geometry": { "type": "LineString", "coordinates": [ [ -84.438080688539117, 42.21823251105603 ], [ -84.437747419385374, 42.218606350147944 ] ] } },
{ "type": "Feature", "properties": { "road_id": "SUM-ROAD-453", "segment_id": "SUM-453-9040043800968438009683" }, "geometry": { "type": "LineString", "coordinates": [ [ -84.438471746611896, 42.218243935328267 ], [ -84.438080688539117, 42.21823251105603 ] ] } },
{ "type": "Feature", "properties": { "road_id": "SUM-ROAD-454", "segment_id": "SUM-454-9040043800968538009684" }, "geometry": { "type": "LineString", "coordinates": [ [ -84.439880515017663, 42.218241589698756 ], [ -84.438471746611896, 42.218243935328267 ] ] } },
{ "type": "Feature", "properties": { "road_id": "SUM-ROAD-455", "segment_id": "SUM-455-9109073800968538009444" }, "geometry": { "type": "LineString", "coordinates": [ [ -84.439880515017663, 42.218241589698756 ], [ -84.439922306193651, 42.221375008868883 ] ] } },
{ "type": "Feature", "properties": { "road_id": "SUM-ROAD-456", "segment_id": "SUM-456-9040043800968738009685" }, "geometry": { "type": "LineString", "coordinates": [ [ -84.441269784978857, 42.218249666104455 ], [ -84.439880515017663, 42.218241589698756 ] ] } },
{ "type": "Feature", "properties": { "road_id": "SUM-ROAD-457", "segment_id": "SUM-457-9109063800968738009447" }, "geometry": { "type": "LineString", "coordinates": [ [ -84.441269784978857, 42.218249666104455 ], [ -84.441318348106535, 42.221362377706512 ] ] } },
{ "type": "Feature", "properties": { "road_id": "SUM-ROAD-458", "segment_id": "SUM-458-9040043800962138009687" }, "geometry": { "type": "LineString", "coordinates": [ [ -84.442684290089687, 42.219136365677834 ], [ -84.442693760688513, 42.218414445614371 ], [ -84.442680529941427, 42.21836074225304 ], [ -84.442656214656196, 42.21832207072589 ], [ -84.442622779896695, 42.218297736158284 ], [ -84.442606541381608, 42.218288139238162 ], [ -84.442590189457036, 42.218278474967029 ], [ -84.442542955011277, 42.218261179233515 ], [ -84.442457587260421, 42.218251302471693 ], [ -84.442184044988991, 42.218238933064526 ], [ -84.441269784978857, 42.218249666104455 ] ] } },
{ "type": "Feature", "properties": { "road_id": "SUM-ROAD-459", "segment_id": "SUM-459-9109113800966038009682" }, "geometry": { "type": "LineString", "coordinates": [ [ -84.445536010146114, 42.218699213798168 ], [ -84.445534105944063, 42.217666315301514 ] ] } },
{ "type": "Feature", "properties": { "road_id": "SUM-ROAD-460", "segment_id": "SUM-460-9068023800968238018595" }, "geometry": { "type": "LineString", "coordinates": [ [ -84.445534105944063, 42.217666315301514 ], [ -84.445659934484382, 42.217668077197558 ], [ -84.446427275681117, 42.217717226664639 ], [ -84.447098864233269, 42.217721823334209 ], [ -84.447398036581063, 42.217715218477892 ], [ -84.447739051020505, 42.217707689131913 ] ] } },
{ "type": "Feature", "properties": { "road_id": "SUM-ROAD-461", "segment_id": "SUM-461-9039093801840438009763" }, "geometry": { "type": "LineString", "coordinates": [ [ -84.445077130695509, 42.216891292798607 ], [ -84.445025900959934, 42.216927023881922 ], [ -84.444988944493687, 42.216995951727604 ], [ -84.44486362009701, 42.217229693324825 ] ] } },
{ "type": "Feature", "properties": { "road_id": "SUM-ROAD-462", "segment_id": "SUM-462-9040033800977738009773" }, "geometry": { "type": "LineString", "coordinates": [ [ -84.436914405299262, 42.216727995184648 ], [ -84.434430594005207, 42.2167375029765 ], [ -84.434373966524419, 42.216737728713163 ] ] } },
{ "type": "Feature", "properties": { "road_id": "SUM-ROAD-463", "segment_id": "SUM-463-9067023800977738009652" }, "geometry": { "type": "LineString", "coordinates": [ [ -84.436914405299262, 42.216727995184648 ], [ -84.436921648424203, 42.21714420901673 ], [ -84.436843237286666, 42.217274645052939 ], [ -84.436771396846197, 42.217378284909351 ], [ -84.436632586824174, 42.217488077305696 ], [ -84.436463194569598, 42.217567111916701 ], [ -84.436381527946693, 42.217601608892807 ], [ -84.436239708948037, 42.21764218122626 ], [ -84.436028396710938, 42.217667815860672 ], [ -84.435198116865166, 42.217652952248358 ], [ -84.434976051684046, 42.217667039284422 ], [ -84.434737053813961, 42.217726239384632 ], [ -84.434596938715401, 42.21779800564665 ], [ -84.434446255800424, 42.217942112208078 ], [ -84.434399692875388, 42.218105834080255 ], [ -84.434389346933031, 42.218227233921496 ], [ -84.434406708143925, 42.218634479218188 ] ] } },
{ "type": "Feature", "properties": { "road_id": "SUM-ROAD-464", "segment_id": "SUM-464-9040033800978338009777" }, "geometry": { "type": "LineString", "coordinates": [ [ -84.439285499149605, 42.216726594750995 ], [ -84.438315246773271, 42.216723321056662 ], [ -84.436914405299262, 42.216727995184648 ] ] } },
{ "type": "Feature", "properties": { "road_id": "SUM-ROAD-465", "segment_id": "SUM-465-9039033800978338009683" }, "geometry": { "type": "LineString", "coordinates": [ [ -84.439285499149605, 42.216726594750995 ], [ -84.438080688539117, 42.21823251105603 ] ] } },
{ "type": "Feature", "properties": { "road_id": "SUM-ROAD-466", "segment_id": "SUM-466-9039093800978038018404" }, "geometry": { "type": "LineString", "coordinates": [ [ -84.445693837210115, 42.216701504263597 ], [ -84.445463036129013, 42.216768291729501 ], [ -84.445264595255622, 42.216825635881115 ], [ -84.445150009850238, 42.216868639032526 ], [ -84.445077694452735, 42.216890899843577 ], [ -84.445077130695509, 42.216891292798607 ] ] } },
{ "type": "Feature", "properties": { "road_id": "SUM-ROAD-467", "segment_id": "SUM-467-9067023801839938009777" }, "geometry": { "type": "LineString", "coordinates": [ [ -84.436907662752219, 42.216358725043207 ], [ -84.436914405299262, 42.216727995184648 ] ] } },
{ "type": "Feature", "properties": { "road_id": "SUM-ROAD-468", "segment_id": "SUM-468-9068023802037438009682" }, "geometry": { "type": "LineString", "coordinates": [ [ -84.443464876819078, 42.216425500488107 ], [ -84.443447247487654, 42.216457404320082 ], [ -84.443424710953892, 42.216519417630167 ], [ -84.443421349200179, 42.216606005831927 ], [ -84.443452694764446, 42.217349092201658 ], [ -84.443464405793861, 42.217393122197578 ], [ -84.44348217603644, 42.217459928059419 ], [ -84.443564038088397, 42.217542692826392 ], [ -84.44364614511467, 42.217615858539041 ], [ -84.443760898789648, 42.217675079109405 ], [ -84.443869927687203, 42.217705412939999 ], [ -84.444037550550377, 42.217717363981599 ], [ -84.444276315533941, 42.217725511464252 ], [ -84.444663822639228, 42.217726140071022 ], [ -84.44500613506041, 42.217726135212764 ], [ -84.445343570891069, 42.217663647098654 ], [ -84.445534105944063, 42.217666315301514 ] ] } },
{ "type": "Feature", "properties": { "road_id": "SUM-ROAD-469", "segment_id": "SUM-469-9067023800978738018399" }, "geometry": { "type": "LineString", "coordinates": [ [ -84.436905089100165, 42.216217790511635 ], [ -84.436907662752219, 42.216358725043207 ] ] } },
{ "type": "Feature", "properties": { "road_id": "SUM-ROAD-470", "segment_id": "SUM-470-9068023800978038020374" }, "geometry": { "type": "LineString", "coordinates": [ [ -84.445693837210115, 42.216701504263597 ], [ -84.445231266371508, 42.216266200837069 ], [ -84.445117051102528, 42.216223698007425 ], [ -84.444968193449981, 42.216204082595077 ], [ -84.444209672672159, 42.216253835451759 ], [ -84.443710909933998, 42.216289695805621 ], [ -84.443571047552183, 42.216328638067097 ], [ -84.443485696668844, 42.216387823181499 ], [ -84.443464876819078, 42.216425500488107 ] ] } },
{ "type": "Feature", "properties": { "road_id": "SUM-ROAD-471", "segment_id": "SUM-471-33817473801841538009867" }, "geometry": { "type": "LineString", "coordinates": [ [ -84.466494003448616, 42.215511903817927 ], [ -84.466486713466736, 42.216140398267115 ], [ -84.466545473135199, 42.216213265067722 ], [ -84.466641583698149, 42.21624611715071 ], [ -84.46675025596042, 42.216261128822708 ], [ -84.467077513553946, 42.21625664346687 ], [ -84.468095844824106, 42.216234680490437 ], [ -84.469520782947498, 42.216200004930087 ] ] } },
{ "type": "Feature", "properties": { "road_id": "SUM-ROAD-472", "segment_id": "SUM-472-33817483800989038009848" }, "geometry": { "type": "LineString", "coordinates": [ [ -84.464491153881468, 42.215456687838994 ], [ -84.463832590558596, 42.215794413278644 ] ] } },
{ "type": "Feature", "properties": { "road_id": "SUM-ROAD-473", "segment_id": "SUM-473-9039053800989038009876" }, "geometry": { "type": "LineString", "coordinates": [ [ -84.464491153881468, 42.215456687838994 ], [ -84.464797859188863, 42.215808045885957 ], [ -84.46481567146968, 42.215826231473557 ] ] } },
{ "type": "Feature", "properties": { "road_id": "SUM-ROAD-474", "segment_id": "SUM-474-9040023800989338009888" }, "geometry": { "type": "LineString", "coordinates": [ [ -84.445881005454979, 42.215134358316639 ], [ -84.442638185156071, 42.215178552581506 ] ] } },
{ "type": "Feature", "properties": { "road_id": "SUM-ROAD-475", "segment_id": "SUM-475-9039093800989338009780" }, "geometry": { "type": "LineString", "coordinates": [ [ -84.445881005454979, 42.215134358316639 ], [ -84.446321978564086, 42.215554443486987 ], [ -84.446395105757674, 42.215675446827753 ], [ -84.446418148122305, 42.2157745202367 ], [ -84.446436964564867, 42.215845432547525 ], [ -84.44643320806945, 42.215915810044592 ], [ -84.446398777024569, 42.216028309750399 ], [ -84.446299160103862, 42.216220598861796 ], [ -84.446133873333523, 42.216511743769878 ], [ -84.44604486080884, 42.216597068167673 ], [ -84.445954878092664, 42.216642761270165 ], [ -84.445843523091924, 42.216674950402663 ], [ -84.445693837210115, 42.216701504263597 ] ] } },
{ "type": "Feature", "properties": { "road_id": "SUM-ROAD-476", "segment_id": "SUM-476-9039033800990238009783" }, "geometry": { "type": "LineString", "coordinates": [ [ -84.440846260213775, 42.214856555897498 ], [ -84.439285499149605, 42.216726594750995 ] ] } },
{ "type": "Feature", "properties": { "road_id": "SUM-ROAD-477", "segment_id": "SUM-477-9040023800988838009902" }, "geometry": { "type": "LineString", "coordinates": [ [ -84.442638185156071, 42.215178552581506 ], [ -84.442270370523346, 42.215180634351647 ], [ -84.441892457827379, 42.215182440796482 ], [ -84.441779184061815, 42.21517530833961 ], [ -84.441705645992101, 42.215164870952485 ], [ -84.441625942732045, 42.215148077466267 ], [ -84.441537928003726, 42.21512646421327 ], [ -84.441468923975009, 42.215103550408209 ], [ -84.441353943118315, 42.215064315483438 ], [ -84.441224447145785, 42.215015472370894 ], [ -84.441111695010378, 42.214971565459877 ], [ -84.440846260213775, 42.214856555897498 ] ] } },
{ "type": "Feature", "properties": { "road_id": "SUM-ROAD-478", "segment_id": "SUM-478-33811293801751038009670" }, "geometry": { "type": "LineString", "coordinates": [ [ -84.434260581581597, 42.214721920281953 ], [ -84.428562677222189, 42.218289981518723 ] ] } },
{ "type": "Feature", "properties": { "road_id": "SUM-ROAD-479", "segment_id": "SUM-479-33817493800989038009942" }, "geometry": { "type": "LineString", "coordinates": [ [ -84.464491153881468, 42.215456687838994 ], [ -84.465356311442278, 42.215029012725964 ], [ -84.465751040713783, 42.214854761879515 ], [ -84.465982813443659, 42.214778422504168 ], [ -84.466193265111343, 42.214762182027066 ], [ -84.466505634015817, 42.214761742519471 ] ] } },
{ "type": "Feature", "properties": { "road_id": "SUM-ROAD-480", "segment_id": "SUM-480-33817473800994238018415" }, "geometry": { "type": "LineString", "coordinates": [ [ -84.466505634015817, 42.214761742519471 ], [ -84.466494979327223, 42.215427826264261 ], [ -84.466494003448616, 42.215511903817927 ] ] } },
{ "type": "Feature", "properties": { "road_id": "SUM-ROAD-481", "segment_id": "SUM-481-33817493800994238009941" }, "geometry": { "type": "LineString", "coordinates": [ [ -84.466505634015817, 42.214761742519471 ], [ -84.467129857469089, 42.21477813811817 ] ] } },
{ "type": "Feature", "properties": { "road_id": "SUM-ROAD-482", "segment_id": "SUM-482-9067063800994038009914" }, "geometry": { "type": "LineString", "coordinates": [ [ -84.428619967040191, 42.21420383416185 ], [ -84.428630270410821, 42.214739023808946 ] ] } },
{ "type": "Feature", "properties": { "road_id": "SUM-ROAD-483", "segment_id": "SUM-483-9039033800994438009902" }, "geometry": { "type": "LineString", "coordinates": [ [ -84.44126799433225, 42.214316145500632 ], [ -84.440846260213775, 42.214856555897498 ] ] } },
{ "type": "Feature", "properties": { "road_id": "SUM-ROAD-484", "segment_id": "SUM-484-33817463800994538009928" }, "geometry": { "type": "LineString", "coordinates": [ [ -84.463750394697499, 42.214626195938919 ], [ -84.463255397392487, 42.214857507038822 ] ] } },
{ "type": "Feature", "properties": { "road_id": "SUM-ROAD-485", "segment_id": "SUM-485-9039053800994538009890" }, "geometry": { "type": "LineString", "coordinates": [ [ -84.463750394697499, 42.214626195938919 ], [ -84.464491153881468, 42.215456687838994 ] ] } },
{ "type": "Feature", "properties": { "road_id": "SUM-ROAD-486", "segment_id": "SUM-486-9040013800995638009918" }, "geometry": { "type": "LineString", "coordinates": [ [ -84.436812004471506, 42.214079498885773 ], [ -84.436698114057961, 42.214093617691731 ], [ -84.436611394538346, 42.214114642539457 ], [ -84.436514126471238, 42.214162729011974 ], [ -84.43642000397908, 42.214216093308657 ], [ -84.436329260944476, 42.214262372651447 ], [ -84.435765596842273, 42.21463958176539 ] ] } },
{ "type": "Feature", "properties": { "road_id": "SUM-ROAD-487", "segment_id": "SUM-487-9067013800995638009937" }, "geometry": { "type": "LineString", "coordinates": [ [ -84.436812004471506, 42.214079498885773 ], [ -84.43681876065007, 42.214580083284325 ], [ -84.436817002836861, 42.214628480628768 ] ] } },
{ "type": "Feature", "properties": { "road_id": "SUM-ROAD-488", "segment_id": "SUM-488-9040013800995838009956" }, "geometry": { "type": "LineString", "coordinates": [ [ -84.43772708530301, 42.214056317188856 ], [ -84.436983695551717, 42.214062337432694 ], [ -84.436881131778776, 42.214070404916448 ], [ -84.436812004471506, 42.214079498885773 ] ] } },
{ "type": "Feature", "properties": { "road_id": "SUM-ROAD-489", "segment_id": "SUM-489-9040013800994438009958" }, "geometry": { "type": "LineString", "coordinates": [ [ -84.44126799433225, 42.214316145500632 ], [ -84.44077190130244, 42.214120860214095 ], [ -84.440578886112277, 42.214075503807663 ], [ -84.440376547756827, 42.214049697489337 ], [ -84.43772708530301, 42.214056317188856 ] ] } },
{ "type": "Feature", "properties": { "road_id": "SUM-ROAD-490", "segment_id": "SUM-490-9067083800996638009940" }, "geometry": { "type": "LineString", "coordinates": [ [ -84.432345934092808, 42.21389845563256 ], [ -84.431859323846282, 42.213902061299365 ], [ -84.430829090930459, 42.213901463375116 ], [ -84.430512119677573, 42.213907450661388 ], [ -84.430301472604938, 42.213921299809996 ], [ -84.430156585887204, 42.21395301684494 ], [ -84.430012750428943, 42.213990195664145 ], [ -84.429848799383507, 42.214052434598365 ], [ -84.429704223028907, 42.214095299180777 ], [ -84.429476250131302, 42.214151018429625 ], [ -84.4292370970429, 42.214200965327208 ], [ -84.429059339743816, 42.214212485004609 ], [ -84.428844054311028, 42.214215052787154 ], [ -84.428619967040191, 42.21420383416185 ] ] } },
{ "type": "Feature", "properties": { "road_id": "SUM-ROAD-491", "segment_id": "SUM-491-9067053800996638009943" }, "geometry": { "type": "LineString", "coordinates": [ [ -84.432345934092808, 42.21389845563256 ], [ -84.432350544057513, 42.214333210305107 ] ] } },
{ "type": "Feature", "properties": { "road_id": "SUM-ROAD-492", "segment_id": "SUM-492-9039063800996938009953" }, "geometry": { "type": "LineString", "coordinates": [ [ -84.456048435220225, 42.214114583651181 ], [ -84.456056195334199, 42.214541714722799 ], [ -84.456055457049771, 42.214614552985964 ] ] } },
{ "type": "Feature", "properties": { "road_id": "SUM-ROAD-493", "segment_id": "SUM-493-9067103800996938009968" }, "geometry": { "type": "LineString", "coordinates": [ [ -84.456048435220225, 42.214114583651181 ], [ -84.455410206593797, 42.214098483909162 ], [ -84.455359305446194, 42.214097775476553 ] ] } },
{ "type": "Feature", "properties": { "road_id": "SUM-ROAD-494", "segment_id": "SUM-494-9067103800997038009969" }, "geometry": { "type": "LineString", "coordinates": [ [ -84.457349234024207, 42.214102688469644 ], [ -84.456048435220225, 42.214114583651181 ] ] } },
{ "type": "Feature", "properties": { "road_id": "SUM-ROAD-495", "segment_id": "SUM-495-8998063800997038009166" }, "geometry": { "type": "LineString", "coordinates": [ [ -84.457349234024207, 42.214102688469644 ], [ -84.457338894725339, 42.215439870485987 ], [ -84.457338574402726, 42.215481218493011 ], [ -84.457366207745181, 42.217628526939848 ], [ -84.457377722103189, 42.217765449022565 ], [ -84.457405363111846, 42.217855896633822 ], [ -84.457437881447063, 42.217930845520357 ], [ -84.457507335189135, 42.218024097388906 ], [ -84.457583356919798, 42.218094091184383 ], [ -84.457674667878322, 42.21815095403759 ], [ -84.45775161240924, 42.218184268774337 ], [ -84.457876491426731, 42.218214913003649 ], [ -84.457991120595565, 42.218237858881231 ], [ -84.460992947484016, 42.218233449070674 ], [ -84.461334034680974, 42.218241855710076 ], [ -84.461526982679928, 42.218259313546149 ], [ -84.461603746174944, 42.218265150070692 ], [ -84.461693886320944, 42.218290965845405 ], [ -84.461786912630984, 42.218329022702768 ], [ -84.461884698430737, 42.218374498567393 ], [ -84.461977264009249, 42.218430933026049 ], [ -84.462083713602439, 42.218517086685701 ], [ -84.462190972733495, 42.218626153946254 ], [ -84.462269512109998, 42.218726216134243 ], [ -84.462302871249932, 42.21884379857908 ], [ -84.462340541048547, 42.219967198009918 ], [ -84.462382142345902, 42.223631414610828 ], [ -84.462412361774923, 42.225511714394351 ] ] } },
{ "type": "Feature", "properties": { "road_id": "SUM-ROAD-496", "segment_id": "SUM-496-9066203800995838010006" }, "geometry": { "type": "LineString", "coordinates": [ [ -84.43772708530301, 42.214056317188856 ], [ -84.437717360469733, 42.213669559393701 ], [ -84.43771405764835, 42.213610584884385 ], [ -84.437757564792378, 42.213458521826169 ], [ -84.437780266670515, 42.213415984284381 ] ] } },
{ "type": "Feature", "properties": { "road_id": "SUM-ROAD-497", "segment_id": "SUM-497-9067063800998838009940" }, "geometry": { "type": "LineString", "coordinates": [ [ -84.428614078574384, 42.213265477153406 ], [ -84.428619967040191, 42.21420383416185 ] ] } },
{ "type": "Feature", "properties": { "road_id": "SUM-ROAD-498", "segment_id": "SUM-498-9066203801000638020095" }, "geometry": { "type": "LineString", "coordinates": [ [ -84.437780266670515, 42.213415984284381 ], [ -84.437790304149758, 42.213399161806642 ], [ -84.437810025087501, 42.213368093537902 ], [ -84.43790577936096, 42.213277195257234 ], [ -84.438008420594628, 42.213203727743789 ], [ -84.43814182484148, 42.213158785045103 ], [ -84.438281346533259, 42.213120951727483 ], [ -84.438486141085704, 42.213116808983386 ], [ -84.43888569126932, 42.213131792818437 ], [ -84.43947399769911, 42.213154109261666 ], [ -84.439884414070804, 42.213237130533336 ] ] } },
{ "type": "Feature", "properties": { "road_id": "SUM-ROAD-499", "segment_id": "SUM-499-9067073801003138009988" }, "geometry": { "type": "LineString", "coordinates": [ [ -84.432338159543036, 42.212950233635382 ], [ -84.430691774934061, 42.212968419794208 ], [ -84.43051140517953, 42.212969852783544 ], [ -84.43039680272372, 42.212982832867205 ], [ -84.430281925286096, 42.212994860413332 ], [ -84.430160407702374, 42.213017441351283 ], [ -84.43001848652942, 42.213056560501279 ], [ -84.429809699382673, 42.213109916811604 ], [ -84.429650097150358, 42.213160877738375 ], [ -84.429498646439924, 42.213194447707188 ], [ -84.429347770098957, 42.213229478583891 ], [ -84.429229461359355, 42.213247714365821 ], [ -84.429032686789029, 42.213262185275426 ], [ -84.428827294197561, 42.213264588471588 ], [ -84.428614078574384, 42.213265477153406 ] ] } },
{ "type": "Feature", "properties": { "road_id": "SUM-ROAD-500", "segment_id": "SUM-500-9067053801003138009966" }, "geometry": { "type": "LineString", "coordinates": [ [ -84.432338159543036, 42.212950233635382 ], [ -84.432345934092808, 42.21389845563256 ] ] } },
{ "type": "Feature", "properties": { "road_id": "SUM-ROAD-501", "segment_id": "SUM-501-9067093801003238009888" }, "geometry": { "type": "LineString", "coordinates": [ [ -84.444118030356549, 42.213084805142614 ], [ -84.444033062153977, 42.213153316467078 ], [ -84.443621411679089, 42.213459485001763 ], [ -84.443372565302141, 42.213695550316082 ], [ -84.443118721137353, 42.213992963653681 ], [ -84.442885142839231, 42.214289406819503 ], [ -84.442715952740897, 42.214491493246605 ], [ -84.442667322175993, 42.214619229609575 ], [ -84.442639370912161, 42.214771090993324 ], [ -84.442638185156071, 42.215178552581506 ] ] } },
{ "type": "Feature", "properties": { "road_id": "SUM-ROAD-502", "segment_id": "SUM-502-9039093801003238009893" }, "geometry": { "type": "LineString", "coordinates": [ [ -84.444118030356549, 42.213084805142614 ], [ -84.444139241096082, 42.213206469607186 ], [ -84.444150941832078, 42.2133138628582 ], [ -84.444152206452117, 42.213470825383979 ], [ -84.444161828974018, 42.213573685545541 ], [ -84.444186164147567, 42.213642878572898 ], [ -84.444245535442192, 42.213719349193298 ], [ -84.444348542347115, 42.213800534409209 ], [ -84.444769099354659, 42.214061243988269 ], [ -84.444926595674005, 42.214177879715429 ], [ -84.445881005454979, 42.215134358316639 ] ] } },
{ "type": "Feature", "properties": { "road_id": "SUM-ROAD-503", "segment_id": "SUM-503-33817473800994538010035" }, "geometry": { "type": "LineString", "coordinates": [ [ -84.463750394697499, 42.214626195938919 ], [ -84.464097748856304, 42.214450444499725 ], [ -84.464448872032733, 42.214279676896759 ], [ -84.464583904517454, 42.214206809952437 ], [ -84.464696045404949, 42.214144837300537 ], [ -84.4647808277942, 42.214071274833202 ], [ -84.46486873136719, 42.21397346668796 ], [ -84.464928997069649, 42.213875277024471 ], [ -84.464992487572772, 42.213648213221035 ], [ -84.465043030981434, 42.21353680958493 ], [ -84.465108273812604, 42.213440556012806 ], [ -84.465220177891496, 42.213387920746996 ], [ -84.465356645895667, 42.213358046588581 ], [ -84.465540336325532, 42.213349376770914 ], [ -84.465835605508857, 42.213352137416869 ] ] } },
{ "type": "Feature", "properties": { "road_id": "SUM-ROAD-504", "segment_id": "SUM-504-33817473801003538009942" }, "geometry": { "type": "LineString", "coordinates": [ [ -84.465835605508857, 42.213352137416869 ], [ -84.466080675306287, 42.213354788835616 ], [ -84.466240935800158, 42.213371055626276 ], [ -84.466341839759664, 42.213398796588024 ], [ -84.466406877265882, 42.213443607053222 ], [ -84.466457038643043, 42.213516313691386 ], [ -84.466487559432522, 42.213618609005408 ], [ -84.466493449531114, 42.213760962336593 ], [ -84.466495511173775, 42.214150920304895 ], [ -84.466505634015817, 42.214761742519471 ] ] } },
{ "type": "Feature", "properties": { "road_id": "SUM-ROAD-505", "segment_id": "SUM-505-9039083801006738010034" }, "geometry": { "type": "LineString", "coordinates": [ [ -84.445880184045862, 42.212680782788993 ], [ -84.445873558063667, 42.213137737655714 ] ] } },
{ "type": "Feature", "properties": { "road_id": "SUM-ROAD-506", "segment_id": "SUM-506-9039033801005838009944" }, "geometry": { "type": "LineString", "coordinates": [ [ -84.442697510055538, 42.21263408769471 ], [ -84.442384733698873, 42.212995665672736 ], [ -84.441789957096887, 42.213676744623719 ], [ -84.44126799433225, 42.214316145500632 ] ] } },
{ "type": "Feature", "properties": { "road_id": "SUM-ROAD-507", "segment_id": "SUM-507-9068013801006938010067" }, "geometry": { "type": "LineString", "coordinates": [ [ -84.448336370572363, 42.212692655810429 ], [ -84.445880184045862, 42.212680782788993 ] ] } },
{ "type": "Feature", "properties": { "road_id": "SUM-ROAD-508", "segment_id": "SUM-508-9039073801006938009933" }, "geometry": { "type": "LineString", "coordinates": [ [ -84.448336370572363, 42.212692655810429 ], [ -84.448229265586889, 42.214581243719088 ] ] } },
{ "type": "Feature", "properties": { "road_id": "SUM-ROAD-509", "segment_id": "SUM-509-9068193801003538018412" }, "geometry": { "type": "LineString", "coordinates": [ [ -84.465835605508857, 42.213352137416869 ], [ -84.465839515325797, 42.212849788830681 ] ] } },
{ "type": "Feature", "properties": { "road_id": "SUM-ROAD-510", "segment_id": "SUM-510-9067063801008538009988" }, "geometry": { "type": "LineString", "coordinates": [ [ -84.430186817846305, 42.212047687362769 ], [ -84.429462433878641, 42.212248466331239 ], [ -84.429270439882416, 42.21228908411922 ], [ -84.429135356312898, 42.21230510433378 ], [ -84.428954058473181, 42.212320470515749 ], [ -84.428821175506911, 42.212329050308909 ], [ -84.428723734792442, 42.212366522737305 ], [ -84.428668487981113, 42.212404591295432 ], [ -84.428624456733885, 42.212475693044418 ], [ -84.428604956884897, 42.212530705149604 ], [ -84.428596564882582, 42.212583069376336 ], [ -84.428614078574384, 42.213265477153406 ] ] } },
{ "type": "Feature", "properties": { "road_id": "SUM-ROAD-511", "segment_id": "SUM-511-9039033801008638010058" }, "geometry": { "type": "LineString", "coordinates": [ [ -84.443497997473173, 42.212208377093511 ], [ -84.442697510055538, 42.21263408769471 ] ] } },
{ "type": "Feature", "properties": { "road_id": "SUM-ROAD-512", "segment_id": "SUM-512-9039093801008638010032" }, "geometry": { "type": "LineString", "coordinates": [ [ -84.443497997473173, 42.212208377093511 ], [ -84.444063478251891, 42.212833029689158 ], [ -84.444123778174983, 42.212937204629078 ], [ -84.444131248427126, 42.213004571397271 ], [ -84.444118030356549, 42.213084805142614 ] ] } },
{ "type": "Feature", "properties": { "road_id": "SUM-ROAD-513", "segment_id": "SUM-513-9067053801008538010087" }, "geometry": { "type": "LineString", "coordinates": [ [ -84.430186817846305, 42.212047687362769 ], [ -84.430227410068355, 42.212030271497866 ], [ -84.430269789758128, 42.212021610486019 ], [ -84.430308830498177, 42.212018422322139 ] ] } },
{ "type": "Feature", "properties": { "road_id": "SUM-ROAD-514", "segment_id": "SUM-514-9067053801008738010031" }, "geometry": { "type": "LineString", "coordinates": [ [ -84.430308830498177, 42.212018422322139 ], [ -84.432105874979143, 42.211998058494068 ], [ -84.432179798408399, 42.212004501739962 ], [ -84.432257554751544, 42.212031518240678 ], [ -84.432304180311974, 42.212082934519522 ], [ -84.432323517529127, 42.212122085812858 ], [ -84.432332987562319, 42.212163662342761 ], [ -84.432340306950366, 42.212260960430243 ], [ -84.432338159543036, 42.212950233635382 ] ] } },
{ "type": "Feature", "properties": { "road_id": "SUM-ROAD-515", "segment_id": "SUM-515-9068193801841238010073" }, "geometry": { "type": "LineString", "coordinates": [ [ -84.465839515325797, 42.212849788830681 ], [ -84.465842499278835, 42.212466484317169 ] ] } },
{ "type": "Feature", "properties": { "road_id": "SUM-ROAD-516", "segment_id": "SUM-516-9039033801010638010086" }, "geometry": { "type": "LineString", "coordinates": [ [ -84.444175282763752, 42.211863134170748 ], [ -84.443497997473173, 42.212208377093511 ] ] } },
{ "type": "Feature", "properties": { "road_id": "SUM-ROAD-517", "segment_id": "SUM-517-9039033801883738010106" }, "geometry": { "type": "LineString", "coordinates": [ [ -84.444937731084408, 42.211661298261731 ], [ -84.444710776132069, 42.211680021220253 ], [ -84.444495028123725, 42.21173826354871 ], [ -84.444175282763752, 42.211863134170748 ] ] } },
{ "type": "Feature", "properties": { "road_id": "SUM-ROAD-518", "segment_id": "SUM-518-9039033801011838018837" }, "geometry": { "type": "LineString", "coordinates": [ [ -84.445879499136424, 42.211658142444314 ], [ -84.445383618306707, 42.21165132626119 ], [ -84.444937731084408, 42.211661298261731 ] ] } },
{ "type": "Feature", "properties": { "road_id": "SUM-ROAD-519", "segment_id": "SUM-519-9039083801011838010067" }, "geometry": { "type": "LineString", "coordinates": [ [ -84.445879499136424, 42.211658142444314 ], [ -84.445880184045862, 42.212680782788993 ] ] } },
{ "type": "Feature", "properties": { "road_id": "SUM-ROAD-520", "segment_id": "SUM-520-9039033801011938010118" }, "geometry": { "type": "LineString", "coordinates": [ [ -84.448355074047356, 42.211648478119564 ], [ -84.445879499136424, 42.211658142444314 ] ] } },
{ "type": "Feature", "properties": { "road_id": "SUM-ROAD-521", "segment_id": "SUM-521-9039073801011938010069" }, "geometry": { "type": "LineString", "coordinates": [ [ -84.448355074047356, 42.211648478119564 ], [ -84.448336370572363, 42.212692655810429 ] ] } },
{ "type": "Feature", "properties": { "road_id": "SUM-ROAD-522", "segment_id": "SUM-522-9039103801014838010138" }, "geometry": { "type": "LineString", "coordinates": [ [ -84.428192961604864, 42.211052955502694 ], [ -84.423798362882394, 42.211069066884782 ] ] } },
{ "type": "Feature", "properties": { "road_id": "SUM-ROAD-523", "segment_id": "SUM-523-9039103801014938010148" }, "geometry": { "type": "LineString", "coordinates": [ [ -84.428728053812762, 42.211041682546508 ], [ -84.428192961604864, 42.211052955502694 ] ] } },
{ "type": "Feature", "properties": { "road_id": "SUM-ROAD-524", "segment_id": "SUM-524-9039103801015438010149" }, "geometry": { "type": "LineString", "coordinates": [ [ -84.430186066531647, 42.211045126016309 ], [ -84.428728053812762, 42.211041682546508 ] ] } },
{ "type": "Feature", "properties": { "road_id": "SUM-ROAD-525", "segment_id": "SUM-525-9067043801015438010085" }, "geometry": { "type": "LineString", "coordinates": [ [ -84.430186066531647, 42.211045126016309 ], [ -84.430186817846305, 42.212047687362769 ] ] } },
{ "type": "Feature", "properties": { "road_id": "SUM-ROAD-526", "segment_id": "SUM-526-9039103801015538010154" }, "geometry": { "type": "LineString", "coordinates": [ [ -84.430308539624249, 42.21103691186903 ], [ -84.430186066531647, 42.211045126016309 ] ] } },
{ "type": "Feature", "properties": { "road_id": "SUM-ROAD-527", "segment_id": "SUM-527-9054103801015538010087" }, "geometry": { "type": "LineString", "coordinates": [ [ -84.430308539624249, 42.21103691186903 ], [ -84.430295478838502, 42.211088111233806 ], [ -84.430308830498177, 42.212018422322139 ] ] } },
{ "type": "Feature", "properties": { "road_id": "SUM-ROAD-528", "segment_id": "SUM-528-9039103801016138010155" }, "geometry": { "type": "LineString", "coordinates": [ [ -84.431990369680136, 42.211003889365131 ], [ -84.430308539624249, 42.21103691186903 ] ] } },
{ "type": "Feature", "properties": { "road_id": "SUM-ROAD-529", "segment_id": "SUM-529-9039103801016338010161" }, "geometry": { "type": "LineString", "coordinates": [ [ -84.433315800001353, 42.211009994755777 ], [ -84.431990369680136, 42.211003889365131 ] ] } },
{ "type": "Feature", "properties": { "road_id": "SUM-ROAD-530", "segment_id": "SUM-530-9039103801016638010163" }, "geometry": { "type": "LineString", "coordinates": [ [ -84.434386815969063, 42.211003608351049 ], [ -84.433315800001353, 42.211009994755777 ] ] } },
{ "type": "Feature", "properties": { "road_id": "SUM-ROAD-531", "segment_id": "SUM-531-9039103801017138010166" }, "geometry": { "type": "LineString", "coordinates": [ [ -84.435435400491045, 42.210991472148123 ], [ -84.434386815969063, 42.211003608351049 ] ] } },
{ "type": "Feature", "properties": { "road_id": "SUM-ROAD-532", "segment_id": "SUM-532-9039103801017338010171" }, "geometry": { "type": "LineString", "coordinates": [ [ -84.436620930854019, 42.210985449955515 ], [ -84.435435400491045, 42.210991472148123 ] ] } },
{ "type": "Feature", "properties": { "road_id": "SUM-ROAD-533", "segment_id": "SUM-533-9039103801017638010173" }, "geometry": { "type": "LineString", "coordinates": [ [ -84.438180182108496, 42.210985270229273 ], [ -84.436620930854019, 42.210985449955515 ] ] } },
{ "type": "Feature", "properties": { "road_id": "SUM-ROAD-534", "segment_id": "SUM-534-9039103801017938010176" }, "geometry": { "type": "LineString", "coordinates": [ [ -84.440255837697393, 42.210983491299615 ], [ -84.438180182108496, 42.210985270229273 ] ] } },
{ "type": "Feature", "properties": { "road_id": "SUM-ROAD-535", "segment_id": "SUM-535-33811293801017938017510" }, "geometry": { "type": "LineString", "coordinates": [ [ -84.440255837697393, 42.210983491299615 ], [ -84.434260581581597, 42.214721920281953 ] ] } },
{ "type": "Feature", "properties": { "road_id": "SUM-ROAD-536", "segment_id": "SUM-536-9039103801018038010179" }, "geometry": { "type": "LineString", "coordinates": [ [ -84.442321174559098, 42.210891468831456 ], [ -84.442085772022082, 42.210931722153411 ], [ -84.441783771781488, 42.210958673192302 ], [ -84.440255837697393, 42.210983491299615 ] ] } },
{ "type": "Feature", "properties": { "road_id": "SUM-ROAD-537", "segment_id": "SUM-537-9039103801005838010180" }, "geometry": { "type": "LineString", "coordinates": [ [ -84.442697510055538, 42.21263408769471 ], [ -84.44260895238385, 42.212561912475131 ], [ -84.442570070520802, 42.212505162989146 ], [ -84.442549727955594, 42.212446175706383 ], [ -84.442543136821115, 42.212374891883755 ], [ -84.442550868870242, 42.212268836692459 ], [ -84.442562215667849, 42.212086645075559 ], [ -84.442590132462072, 42.211719743530281 ], [ -84.442567776605912, 42.211572921537446 ], [ -84.442532082292246, 42.211380667429808 ], [ -84.442464815468455, 42.211175220497751 ], [ -84.442407049650171, 42.211046813718468 ], [ -84.442321174559098, 42.210891468831456 ] ] } },
{ "type": "Feature", "properties": { "road_id": "SUM-ROAD-538", "segment_id": "SUM-538-9039033801018738010119" }, "geometry": { "type": "LineString", "coordinates": [ [ -84.45602280088022, 42.211002071613308 ], [ -84.453726671037202, 42.211040724367649 ], [ -84.453352380879636, 42.211098937823742 ], [ -84.452840758926172, 42.211247840383528 ], [ -84.452588992257375, 42.211324886084022 ], [ -84.45236765422905, 42.21138993277993 ], [ -84.451879783453961, 42.211531997439479 ], [ -84.451584644820699, 42.211609006160941 ], [ -84.4510827789464, 42.211673097146651 ], [ -84.448355074047356, 42.211648478119564 ] ] } },
{ "type": "Feature", "properties": { "road_id": "SUM-ROAD-539", "segment_id": "SUM-539-9039063801018738009969" }, "geometry": { "type": "LineString", "coordinates": [ [ -84.45602280088022, 42.211002071613308 ], [ -84.456048435220225, 42.214114583651181 ] ] } },
{ "type": "Feature", "properties": { "road_id": "SUM-ROAD-540", "segment_id": "SUM-540-9039033801018838010187" }, "geometry": { "type": "LineString", "coordinates": [ [ -84.457079809637079, 42.210945743049727 ], [ -84.45669280274663, 42.210991739799447 ], [ -84.45602280088022, 42.211002071613308 ] ] } },
{ "type": "Feature", "properties": { "road_id": "SUM-ROAD-541", "segment_id": "SUM-541-8998063801018838009970" }, "geometry": { "type": "LineString", "coordinates": [ [ -84.457079809637079, 42.210945743049727 ], [ -84.457195490357108, 42.211000531235307 ], [ -84.457273580088327, 42.211050777396018 ], [ -84.457314507759222, 42.211132461455122 ], [ -84.457349234024207, 42.214102688469644 ] ] } },
{ "type": "Feature", "properties": { "road_id": "SUM-ROAD-542", "segment_id": "SUM-542-9039053801019538009945" }, "geometry": { "type": "LineString", "coordinates": [ [ -84.463368602902065, 42.210927562394247 ], [ -84.46337774636892, 42.213879633007402 ], [ -84.46339166686586, 42.21401096768809 ], [ -84.463428802781863, 42.214160216203659 ], [ -84.46350238034448, 42.214314766899193 ], [ -84.463750394697499, 42.214626195938919 ] ] } },
{ "type": "Feature", "properties": { "road_id": "SUM-ROAD-543", "segment_id": "SUM-543-9039033801019338010195" }, "geometry": { "type": "LineString", "coordinates": [ [ -84.467149483508067, 42.210979073774467 ], [ -84.463569161543859, 42.210952659436316 ], [ -84.463368602902065, 42.210927562394247 ] ] } },
{ "type": "Feature", "properties": { "road_id": "SUM-ROAD-544", "segment_id": "SUM-544-9039033801020138010193" }, "geometry": { "type": "LineString", "coordinates": [ [ -84.482341561953874, 42.211055209790416 ], [ -84.476804581524917, 42.210991047425786 ], [ -84.471227912633339, 42.210978917702541 ], [ -84.468845115111051, 42.210973652835854 ], [ -84.467149483508067, 42.210979073774467 ] ] } },
{ "type": "Feature", "properties": { "road_id": "SUM-ROAD-545", "segment_id": "SUM-545-9039033801019538010211" }, "geometry": { "type": "LineString", "coordinates": [ [ -84.463368602902065, 42.210927562394247 ], [ -84.463055926807115, 42.210844215603672 ], [ -84.462780691356741, 42.210767201238959 ], [ -84.462581301012804, 42.21071970380158 ], [ -84.462346849973756, 42.210671663400568 ] ] } },
{ "type": "Feature", "properties": { "road_id": "SUM-ROAD-546", "segment_id": "SUM-546-9039033801732638010188" }, "geometry": { "type": "LineString", "coordinates": [ [ -84.459428507476034, 42.210588828178928 ], [ -84.45893317653713, 42.210628701132372 ], [ -84.458414170104689, 42.210699509407299 ], [ -84.458034070492715, 42.2107611010642 ], [ -84.457079809637079, 42.210945743049727 ] ] } },
{ "type": "Feature", "properties": { "road_id": "SUM-ROAD-547", "segment_id": "SUM-547-9039033801021138017326" }, "geometry": { "type": "LineString", "coordinates": [ [ -84.462346849973756, 42.210671663400568 ], [ -84.459866773944114, 42.210601434569696 ], [ -84.459428507476034, 42.210588828178928 ] ] } },
{ "type": "Feature", "properties": { "road_id": "SUM-ROAD-548", "segment_id": "SUM-548-33811293801022038010179" }, "geometry": { "type": "LineString", "coordinates": [ [ -84.441617302081895, 42.210143265307693 ], [ -84.440255837697393, 42.210983491299615 ] ] } },
{ "type": "Feature", "properties": { "road_id": "SUM-ROAD-549", "segment_id": "SUM-549-19081043801018038010220" }, "geometry": { "type": "LineString", "coordinates": [ [ -84.442321174559098, 42.210891468831456 ], [ -84.442112945660213, 42.210607296935571 ], [ -84.44200383541623, 42.210484347844947 ], [ -84.441903097946849, 42.2103894190939 ], [ -84.441617302081895, 42.210143265307693 ] ] } },
{ "type": "Feature", "properties": { "road_id": "SUM-ROAD-550", "segment_id": "SUM-550-9066033801022338010173" }, "geometry": { "type": "LineString", "coordinates": [ [ -84.436638200133345, 42.210026380119082 ], [ -84.436620930854019, 42.210985449955515 ] ] } },
{ "type": "Feature", "properties": { "road_id": "SUM-ROAD-551", "segment_id": "SUM-551-33801243801022338010224" }, "geometry": { "type": "LineString", "coordinates": [ [ -84.436638200133345, 42.210026380119082 ], [ -84.437853240387113, 42.210023267938936 ], [ -84.437897582965832, 42.210017985414453 ], [ -84.437933182161558, 42.210006845396734 ] ] } },
{ "type": "Feature", "properties": { "road_id": "SUM-ROAD-552", "segment_id": "SUM-552-9039043801026938010193" }, "geometry": { "type": "LineString", "coordinates": [ [ -84.467138257689044, 42.209740025055467 ], [ -84.467149483508067, 42.210979073774467 ] ] } },
{ "type": "Feature", "properties": { "road_id": "SUM-ROAD-553", "segment_id": "SUM-553-33809213801026938017331" }, "geometry": { "type": "LineString", "coordinates": [ [ -84.467138257689044, 42.209740025055467 ], [ -84.468502327040895, 42.209726687250509 ], [ -84.468576172586978, 42.209738689903581 ], [ -84.468686961474802, 42.209765696982323 ] ] } },
{ "type": "Feature", "properties": { "road_id": "SUM-ROAD-554", "segment_id": "SUM-554-33811063801883738025607" }, "geometry": { "type": "LineString", "coordinates": [ [ -84.444937731084408, 42.211661298261731 ], [ -84.444937943627764, 42.211652292428688 ], [ -84.444938127146102, 42.211643284387442 ], [ -84.444938281662218, 42.211634273237472 ], [ -84.444938410764294, 42.211625260830679 ], [ -84.444938516874913, 42.211616247200965 ], [ -84.444938600039762, 42.211607230547408 ], [ -84.444938662635693, 42.211598212704899 ], [ -84.444938708296547, 42.211589193724315 ], [ -84.444938737022383, 42.211580173605675 ], [ -84.444938751258604, 42.211571151482445 ], [ -84.444938753382033, 42.211562129189524 ], [ -84.44493874462681, 42.211553105843358 ], [ -84.444938728603972, 42.211544082395392 ], [ -84.444938705336256, 42.211535057945134 ], [ -84.444938677246313, 42.211526032526479 ], [ -84.444938646711037, 42.211517007974372 ], [ -84.444938614987279, 42.21150798250482 ], [ -84.444938584474841, 42.211498957052164 ], [ -84.444938557573408, 42.211489932550933 ], [ -84.444938535517068, 42.211480908117565 ], [ -84.444938519517081, 42.211471883768986 ], [ -84.444938514372964, 42.211462861374088 ], [ -84.444938518919002, 42.211453839114981 ], [ -84.444938535577805, 42.211444817025473 ], [ -84.44493856793747, 42.211435796957559 ], [ -84.444938616020877, 42.211426778010669 ], [ -84.444938683438977, 42.211417761136254 ], [ -84.444938771425882, 42.21140874545074 ], [ -84.444938881192854, 42.211399730971173 ], [ -84.444939016328007, 42.211390719549328 ], [ -84.444939176876986, 42.211381709384348 ], [ -84.444939365239534, 42.211372701410561 ], [ -84.444939585049454, 42.211363695678934 ], [ -84.444939836283936, 42.211354693089923 ], [ -84.444940121388228, 42.211345692776931 ], [ -84.444940442762132, 42.211336695674483 ], [ -84.444940801639689, 42.211327700899005 ], [ -84.444941200420615, 42.211318709384877 ], [ -84.444941641504585, 42.211309722066602 ], [ -84.444942126148547, 42.211300737160165 ], [ -84.444942655518048, 42.21129175648344 ], [ -84.444943233269711, 42.21128277918686 ], [ -84.444943860614814, 42.211273805287497 ], [ -84.444944538718957, 42.211264836603142 ], [ -84.44494527126156, 42.211255871383798 ], [ -84.44494605821977, 42.211246910530001 ], [ -84.444946902016142, 42.211237954075607 ], [ -84.444947806261567, 42.211229002972054 ], [ -84.444948770978868, 42.211220056318822 ], [ -84.444949800030116, 42.211211105162072 ], [ -84.444950898694046, 42.211202132460784 ], [ -84.444952069324728, 42.211193140950357 ], [ -84.444953314253297, 42.21118413426651 ], [ -84.444954635810959, 42.211175116045148 ], [ -84.444956036374535, 42.211166088121061 ], [ -84.444957515829955, 42.211157054996683 ], [ -84.44495907895373, 42.211148019441275 ], [ -84.44496072570017, 42.211138983255772 ], [ -84.444962460777333, 42.211129951910863 ], [ -84.444964282905417, 42.21112092809102 ], [ -84.444966198095145, 42.211111913681997 ], [ -84.444968205021013, 42.211102913169171 ], [ -84.44497030724834, 42.21109392930488 ], [ -84.444972507131084, 42.211084964824494 ], [ -84.444974806977655, 42.211076024264251 ], [ -84.444977207953698, 42.211067109442126 ], [ -84.444979712390278, 42.211058223993852 ], [ -84.444982322618614, 42.211049371555283 ], [ -84.44498504099279, 42.211040554861768 ], [ -84.444987869843899, 42.211031777549117 ], [ -84.444990810314764, 42.211023042335739 ], [ -84.444993864736503, 42.211014352857404 ], [ -84.444997035463174, 42.211005711849459 ], [ -84.445000326037174, 42.210997122964727 ], [ -84.44500373639012, 42.210988588904556 ], [ -84.445007268830224, 42.210980114205256 ], [ -84.445010926968493, 42.210971699818188 ], [ -84.445014711879153, 42.210963351163144 ], [ -84.445018711413809, 42.210955091990648 ], [ -84.44502356955843, 42.210947090762218 ], [ -84.445029324685223, 42.210939363328869 ], [ -84.445035869561963, 42.210931885668437 ], [ -84.445043098099518, 42.210924636477188 ], [ -84.445050903020274, 42.210917593533964 ], [ -84.445059174669836, 42.210910732782821 ], [ -84.445067806936194, 42.210904033820469 ], [ -84.445076692564783, 42.210897473525392 ], [ -84.445085724301023, 42.210891028776082 ], [ -84.445094792444849, 42.210884677317601 ], [ -84.445103792141538, 42.210878396962862 ], [ -84.445112614925264, 42.210872164573466 ], [ -84.445121320169136, 42.210865932338493 ], [ -84.445130090315786, 42.210859673087519 ], [ -84.445138934416093, 42.210853412169463 ], [ -84.445147862732412, 42.210847174950231 ], [ -84.445156885504176, 42.210840987696173 ], [ -84.445166011782419, 42.210834875756142 ], [ -84.445175250618277, 42.210828864479147 ], [ -84.445184612251126, 42.210822980131496 ], [ -84.445194105732071, 42.210817248062057 ], [ -84.445203741323553, 42.210811693636707 ], [ -84.445213526865274, 42.210806342187439 ], [ -84.445223473785319, 42.210801220897899 ], [ -84.445233592368865, 42.210796354233601 ], [ -84.445243889221729, 42.210791768409912 ], [ -84.445254375817612, 42.210787488809622 ], [ -84.445265042373549, 42.210783471156937 ], [ -84.445275825028276, 42.210779510077671 ], [ -84.44528671429714, 42.210775597331875 ], [ -84.445297703827109, 42.210771744540821 ], [ -84.445308790944708, 42.210767961575719 ], [ -84.445319968131372, 42.210764258239919 ], [ -84.445331230268181, 42.210760645271229 ], [ -84.445342573470327, 42.210757132523874 ], [ -84.445353990196523, 42.210753730701718 ], [ -84.445365477750457, 42.210750450576469 ], [ -84.445377028636386, 42.210747301051001 ], [ -84.445388637712654, 42.210744293763604 ], [ -84.445400301094551, 42.210741438568526 ], [ -84.445412012452053, 42.210738746186593 ], [ -84.445423765477869, 42.210736226438151 ], [ -84.445435557498598, 42.210733889194415 ], [ -84.445447380972922, 42.2107317451593 ], [ -84.445459231993425, 42.210729805087574 ], [ -84.445471103041498, 42.210728078782509 ], [ -84.445482991421059, 42.210726577015983 ], [ -84.445494890847712, 42.210725308707801 ], [ -84.445506796202665, 42.21072428459577 ], [ -84.445518715664505, 42.210723421020845 ], [ -84.445530656590236, 42.210722666741027 ], [ -84.445542617928396, 42.210722015435969 ], [ -84.44555459734778, 42.210721463469923 ], [ -84.445566596173734, 42.210721006357474 ], [ -84.445578612143635, 42.21072063776132 ], [ -84.445590645348702, 42.210720354079697 ], [ -84.44560269473746, 42.210720148992216 ], [ -84.44561475795588, 42.210720019763592 ], [ -84.445626836397878, 42.210719959206997 ], [ -84.445638927709339, 42.210719964587106 ], [ -84.445651030838746, 42.210720029583634 ], [ -84.445663145877461, 42.210720150594653 ], [ -84.445675271773936, 42.210720321299995 ], [ -84.445687407408215, 42.210720538080722 ], [ -84.445699552917205, 42.210720795534058 ], [ -84.44571170601526, 42.210721088223174 ], [ -84.445723866793784, 42.210721412546313 ], [ -84.445736032967034, 42.210721763066573 ], [ -84.445748205860397, 42.210722135298653 ], [ -84.445760383188315, 42.210722523805742 ], [ -84.445772565087637, 42.210722923185074 ], [ -84.445784749227116, 42.210723329800793 ], [ -84.44579693574363, 42.210723738250067 ], [ -84.445809123539973, 42.210724144013575 ], [ -84.445821312753083, 42.210724541688521 ], [ -84.445833501051666, 42.210724927639099 ], [ -84.445845687406916, 42.210725294644561 ], [ -84.445857873098618, 42.210725640020421 ], [ -84.445870054629779, 42.210725958312992 ], [ -84.445882233325747, 42.210726245036938 ], [ -84.445894406923657, 42.210726493854921 ], [ -84.445906575514726, 42.210726701165164 ], [ -84.44591873800178, 42.210726862448347 ], [ -84.445930893310333, 42.210726972284576 ], [ -84.445943040366018, 42.210727025254187 ], [ -84.445955179282876, 42.210727016854797 ], [ -84.445967307752412, 42.210726942550089 ], [ -84.445979425888538, 42.210726797837708 ], [ -84.445991532616986, 42.210726577297933 ], [ -84.446003626840422, 42.210726276411442 ], [ -84.446015708695683, 42.210725889775318 ], [ -84.446027775874214, 42.210725412853364 ], [ -84.446039843666156, 42.210724863875477 ], [ -84.446051944663765, 42.210724295543848 ], [ -84.446064076490089, 42.210723706023522 ], [ -84.446076234414093, 42.210723090744331 ], [ -84.446088414938913, 42.210722444252603 ], [ -84.446100610865358, 42.210721763745127 ], [ -84.446112821119058, 42.210721043802195 ], [ -84.446125038523618, 42.210720280720039 ], [ -84.446137258370854, 42.21071946902812 ], [ -84.446149478329403, 42.210718605090584 ], [ -84.446161692457082, 42.210717684320272 ], [ -84.446173896022742, 42.210716702147032 ], [ -84.446186085506724, 42.210715654017676 ], [ -84.44619825494388, 42.210714536245476 ], [ -84.446210400837202, 42.210713343376767 ], [ -84.446222518410124, 42.210712072642302 ], [ -84.446234601765894, 42.210710717654088 ], [ -84.446246649784456, 42.210709274793182 ], [ -84.446258654100987, 42.210707739438611 ], [ -84.446270612384154, 42.210706107954564 ], [ -84.446282518714412, 42.210704374853485 ], [ -84.446294370760512, 42.210702536499561 ], [ -84.446306161368781, 42.210700588288731 ], [ -84.446317888230723, 42.210698525684755 ], [ -84.446329544192778, 42.210696344083523 ], [ -84.446341126923528, 42.210694039849329 ], [ -84.446352631714731, 42.210691607511507 ], [ -84.446364053835396, 42.210689042499922 ], [ -84.44637538729755, 42.210686342028382 ], [ -84.446386642019206, 42.210683497227862 ], [ -84.446397943489799, 42.210680481029542 ], [ -84.446409305238305, 42.210677285515672 ], [ -84.446420704182287, 42.210673913065563 ], [ -84.446432113651198, 42.210670364206628 ], [ -84.446443513007907, 42.210666640451606 ], [ -84.44645487555897, 42.210662743228518 ], [ -84.44646617950167, 42.210658672232135 ], [ -84.446477399308321, 42.210654430708445 ], [ -84.446488511987695, 42.210650017434794 ], [ -84.446499493223399, 42.210645435674046 ], [ -84.446510319978614, 42.21064068600468 ], [ -84.446520966794068, 42.210635768971123 ], [ -84.446531411844262, 42.210630685168802 ], [ -84.446541628390293, 42.210625437826678 ], [ -84.446551594629526, 42.210620026639653 ], [ -84.446561286313965, 42.210614452169217 ], [ -84.44657067912722, 42.210608717678319 ], [ -84.446579748866938, 42.210602821927438 ], [ -84.446588472450969, 42.210596767296096 ], [ -84.446596825608424, 42.210590555246199 ], [ -84.446604784091505, 42.210584186339219 ], [ -84.446612323629495, 42.210577662037181 ], [ -84.446619501148874, 42.210570935395005 ], [ -84.446626421088581, 42.210563949322953 ], [ -84.446633084272264, 42.210556719146012 ], [ -84.446639492712023, 42.210549261106664 ], [ -84.446645647277109, 42.210541588728944 ], [ -84.446651547511507, 42.210533720022333 ], [ -84.44665719549576, 42.210525668527914 ], [ -84.446662593241911, 42.210517450488005 ], [ -84.446667739128429, 42.210509082094248 ], [ -84.446672635190239, 42.210500578688581 ], [ -84.446677283462222, 42.210491955612973 ], [ -84.446681683579712, 42.210483227274956 ], [ -84.446685836298002, 42.210474411700986 ], [ -84.446689743697632, 42.210465522432038 ], [ -84.446693406579513, 42.210456575693605 ], [ -84.44669682453339, 42.21044758769419 ], [ -84.446699999616925, 42.210438572875233 ], [ -84.446702932631183, 42.210429547462219 ], [ -84.446705625611102, 42.210420526797115 ], [ -84.446708076957862, 42.210411526170994 ], [ -84.446710289894966, 42.210402561843161 ], [ -84.446712264034929, 42.210393649121713 ], [ -84.446714000201425, 42.210384803331621 ], [ -84.446715552259704, 42.210376002706859 ], [ -84.446717027504263, 42.210367173082609 ], [ -84.446718429545953, 42.21035831541024 ], [ -84.446719759573384, 42.210349430607067 ], [ -84.446721016352427, 42.210340519556688 ], [ -84.446722199837566, 42.21033158406 ], [ -84.446723311171638, 42.210322626835442 ], [ -84.44672434795504, 42.210313646948549 ], [ -84.446725312519021, 42.210304648035176 ], [ -84.446726203629623, 42.210295630978834 ], [ -84.44672702124123, 42.210286597580485 ], [ -84.446727764119842, 42.210277548723617 ], [ -84.446728434642409, 42.210268486243059 ], [ -84.446729030363628, 42.210259411005417 ], [ -84.446729552426362, 42.210250325729078 ], [ -84.446730000807889, 42.210241231314463 ], [ -84.446730375485416, 42.210232128662092 ], [ -84.44673067517931, 42.210223020456425 ], [ -84.446730901078112, 42.210213907614857 ], [ -84.44673105313619, 42.210204791938338 ], [ -84.446731130096751, 42.210195675210841 ], [ -84.44673113195978, 42.210186557432451 ], [ -84.446731059868227, 42.210177441321427 ], [ -84.446730913776477, 42.210168328678769 ], [ -84.446730692450558, 42.210159220388 ], [ -84.446730395844824, 42.210150118250034 ], [ -84.446730023913773, 42.210141024065834 ], [ -84.44672957786868, 42.21013193785236 ], [ -84.446729056407122, 42.210122863194513 ], [ -84.446728459529041, 42.210113800092344 ], [ -84.446727787166239, 42.210104751247243 ], [ -84.446727039295794, 42.210095717559639 ], [ -84.446726215894984, 42.210086699930073 ], [ -84.44672531689551, 42.210077701059888 ], [ -84.446724343508535, 42.210068720966099 ], [ -84.446723292009239, 42.210059763199702 ], [ -84.446722166031336, 42.210050827811543 ], [ -84.446720964318018, 42.210041916585588 ], [ -84.446719685635287, 42.210033030405441 ], [ -84.446718331103213, 42.210024172889888 ], [ -84.446716900744605, 42.210015343138444 ], [ -84.446715393279888, 42.210006543835597 ], [ -84.446713709683308, 42.209997761885177 ], [ -84.446711674848672, 42.209988974118559 ], [ -84.446709297118147, 42.209980186057109 ], [ -84.446706587210571, 42.209971405057217 ], [ -84.446703560667089, 42.209962639443447 ], [ -84.446700229440737, 42.20995389568855 ], [ -84.446696605484405, 42.209945180265336 ], [ -84.446692703150745, 42.20993650058098 ], [ -84.446688534392763, 42.20992786310822 ], [ -84.446684111094896, 42.209919277021285 ], [ -84.44667944767825, 42.209910747025951 ], [ -84.446674557261304, 42.209902281412873 ], [ -84.446669450585787, 42.209893886637865 ], [ -84.446664141981458, 42.209885571008549 ], [ -84.446658644612455, 42.209877341014746 ], [ -84.44665297045438, 42.209869202228646 ], [ -84.446647132603047, 42.209861163841531 ], [ -84.446641143011192, 42.209853232326147 ], [ -84.446635016054245, 42.209845414189168 ], [ -84.446628764850672, 42.209837717721335 ], [ -84.446622400164713, 42.209830148477955 ], [ -84.446615936349048, 42.209822713866259 ], [ -84.446609315215625, 42.209815367131519 ], [ -84.446602401099909, 42.209808010891194 ], [ -84.446595197042839, 42.209800668608317 ], [ -84.446587710861976, 42.209793366515207 ], [ -84.446579951563223, 42.209786131761533 ], [ -84.446571926918509, 42.209778992380556 ], [ -84.446563644767991, 42.209771973704122 ], [ -84.44655511290641, 42.209765102864978 ], [ -84.446546340339552, 42.209758407012856 ], [ -84.446537333650809, 42.209751913263531 ], [ -84.446528103079999, 42.209745647883217 ], [ -84.446518653999206, 42.209739637970813 ], [ -84.446508996625425, 42.20973391069294 ], [ -84.446499138753126, 42.209728493182418 ], [ -84.446489087011201, 42.209723410754123 ], [ -84.44647885157093, 42.20971869237566 ], [ -84.446468439083901, 42.209714362461433 ], [ -84.446457858510158, 42.209710449962131 ], [ -84.446447118191386, 42.209706960399203 ], [ -84.446436245790537, 42.209703662656551 ], [ -84.4464252527534, 42.209700487533425 ], [ -84.44641414401616, 42.209697431495734 ], [ -84.446402925680559, 42.209694492827275 ], [ -84.446391603871206, 42.209691668911375 ], [ -84.446380182267319, 42.209688957997912 ], [ -84.446368669415961, 42.209686357504111 ], [ -84.446357067808009, 42.209683864762482 ], [ -84.446345384779278, 42.209681477173298 ], [ -84.446333625220277, 42.209679193003346 ], [ -84.446321794021543, 42.209677010519549 ], [ -84.446309898564436, 42.209674925321224 ], [ -84.446297943693921, 42.209672937476206 ], [ -84.44628593555737, 42.209671043467338 ], [ -84.446273877856854, 42.209669240644068 ], [ -84.446261777905377, 42.209667527307147 ], [ -84.446249640616301, 42.209665900822991 ], [ -84.446237470880163, 42.209664359458507 ], [ -84.446225276055543, 42.209662899713422 ], [ -84.446213059821673, 42.209661519837759 ], [ -84.446200829491701, 42.20966021813225 ], [ -84.446188590001682, 42.209658991062881 ], [ -84.446176346219403, 42.209657837796932 ], [ -84.446164104292151, 42.209656754817374 ], [ -84.446151869133359, 42.209655739490572 ], [ -84.44613964805599, 42.209654790117291 ], [ -84.446127444739361, 42.209653904947579 ], [ -84.446115265308038, 42.209653081364692 ], [ -84.446103115909509, 42.209652315851606 ], [ -84.446091002645403, 42.209651606692155 ], [ -84.44607892917233, 42.209650953036736 ], [ -84.446066887171241, 42.209650348463398 ], [ -84.446054841653023, 42.209649787077517 ], [ -84.446042789052314, 42.209649266126782 ], [ -84.446030730580389, 42.209648785628204 ], [ -84.446018665048769, 42.209648344664288 ], [ -84.446006593737067, 42.209647940550639 ], [ -84.445994517856604, 42.209647573304132 ], [ -84.445982435030416, 42.209647241089989 ], [ -84.445970347680998, 42.209646943942076 ], [ -84.445958254688293, 42.209646678241583 ], [ -84.445946157240783, 42.209646444905886 ], [ -84.445934054172795, 42.209646242117152 ], [ -84.445921947929605, 42.209646069008784 ], [ -84.445909836134362, 42.209645923745882 ], [ -84.445897720021009, 42.209645805444985 ], [ -84.445885600846523, 42.209645712322093 ], [ -84.445873477399573, 42.209645644360286 ], [ -84.445861350937079, 42.209645599775506 ], [ -84.445849220293312, 42.209645576749878 ], [ -84.445837086679546, 42.209645575300385 ], [ -84.445824951352677, 42.209645593642982 ], [ -84.445812811935781, 42.209645629942891 ], [ -84.445800670851398, 42.209645684233976 ], [ -84.445788526933811, 42.209645754698336 ], [ -84.445776380205885, 42.209645840435499 ], [ -84.445764231924485, 42.209645939661485 ], [ -84.44575208332364, 42.209646051492797 ], [ -84.445739932026484, 42.209646174094566 ], [ -84.445727779221414, 42.209646308384215 ], [ -84.445715624999764, 42.209646450759841 ], [ -84.445703470572653, 42.209646601238404 ], [ -84.445691314774578, 42.209646758002052 ], [ -84.445679158839582, 42.209646920167259 ], [ -84.445667002790401, 42.20964708683352 ], [ -84.445654846649887, 42.209647257100364 ], [ -84.445642690463671, 42.20964742916685 ], [ -84.445630534277385, 42.209647601232099 ], [ -84.445618379302289, 42.20964777331298 ], [ -84.445606224372725, 42.209647943591634 ], [ -84.445594069534408, 42.209648110267089 ], [ -84.445581917186885, 42.209648274273839 ], [ -84.445569764999064, 42.209648431975907 ], [ -84.445557615393355, 42.20964858340735 ], [ -84.445545467181404, 42.209648727650709 ], [ -84.445533320408785, 42.209648862905034 ], [ -84.445521176332392, 42.209648987386323 ], [ -84.445509033740962, 42.209649101077638 ], [ -84.445496893868665, 42.209649203095431 ], [ -84.445484756783841, 42.209649290738376 ], [ -84.445472622509413, 42.209649363105903 ], [ -84.445460492256544, 42.209649420215058 ], [ -84.445448363648481, 42.209649460230906 ], [ -84.445436240364558, 42.209649481403417 ], [ -84.445424120005114, 42.209649482798213 ], [ -84.445412002570137, 42.209649464415286 ], [ -84.445399890573498, 42.20964942268666 ], [ -84.445387782758203, 42.209649359396359 ], [ -84.445375678027219, 42.209649270024997 ], [ -84.445363579968571, 42.209649156424504 ], [ -84.445351485017028, 42.209649015842466 ], [ -84.44533939685202, 42.209648846528928 ], [ -84.445327313028201, 42.209648649350363 ], [ -84.445315234848167, 42.209648420721877 ], [ -84.445303162289065, 42.209648161543967 ], [ -84.445291095419378, 42.20964786911518 ], [ -84.44527903547322, 42.209647542552041 ], [ -84.445266981262165, 42.209647180937132 ], [ -84.445254934020312, 42.209646783386916 ], [ -84.445242892582058, 42.209646348083481 ], [ -84.445230859369943, 42.209645875060801 ], [ -84.445218832052745, 42.209645360682991 ], [ -84.445206811792787, 42.209644711284128 ], [ -84.445194800549615, 42.209643753939673 ], [ -84.445182806528166, 42.209642499574109 ], [ -84.445170839030482, 42.209640963631152 ], [ -84.445158904981923, 42.209639159719735 ], [ -84.445147013638831, 42.209637105084532 ], [ -84.445135173137658, 42.209634813351414 ], [ -84.445123392780474, 42.209632299964142 ], [ -84.445111678212768, 42.20962958121607 ], [ -84.44510003999342, 42.209626670767022 ], [ -84.445088486213152, 42.209623584043719 ], [ -84.445077023728729, 42.209620337356633 ], [ -84.44506566188771, 42.209616944348475 ], [ -84.445054409992039, 42.209613420463107 ], [ -84.445043274921233, 42.209609781110416 ], [ -84.445032265977147, 42.209606041734084 ], [ -84.445021382749019, 42.209602218542763 ], [ -84.445010539970866, 42.209598329258469 ], [ -84.444999712092581, 42.209594378027283 ], [ -84.444988900325455, 42.209590364866159 ], [ -84.44497810953726, 42.209586288942539 ], [ -84.444967342150591, 42.209582150290302 ], [ -84.4449566018219, 42.209577948059966 ], [ -84.444945892162167, 42.209573683202855 ], [ -84.444935216827886, 42.209569354869458 ], [ -84.444924578264491, 42.20956496219322 ], [ -84.444913978894363, 42.209560505208138 ], [ -84.44490342356255, 42.20955598398205 ], [ -84.444892914714401, 42.209551397648461 ], [ -84.444882455983546, 42.209546746258269 ], [ -84.444872051003827, 42.209542029862433 ], [ -84.444861702243358, 42.209537246693976 ], [ -84.444851413290138, 42.209532398604694 ], [ -84.44484118782367, 42.209527483844681 ], [ -84.444831028266336, 42.209522502447811 ], [ -84.444820938251922, 42.20951745446505 ], [ -84.444810921436996, 42.209512339046839 ], [ -84.444800980221189, 42.209507157127575 ], [ -84.444791119517944, 42.209501906073825 ], [ -84.444781340492824, 42.209496587703505 ], [ -84.444771648013656, 42.209491201184044 ], [ -84.444762044525703, 42.209485745648884 ], [ -84.44475252993773, 42.209480224700052 ], [ -84.444743062542614, 42.20947465847123 ], [ -84.444733633656298, 42.209469054947945 ], [ -84.444724240833423, 42.209463414996719 ], [ -84.444714882817166, 42.209457740401596 ], [ -84.444705558396251, 42.209452031145538 ], [ -84.444696266291032, 42.209446289912968 ], [ -84.444687005290163, 42.209440516687017 ], [ -84.444677775348111, 42.209434713268578 ], [ -84.444668572785474, 42.209428881407696 ], [ -84.444659398790634, 42.209423022021831 ], [ -84.444650250941109, 42.209417135077004 ], [ -84.44464112793446, 42.209411224158174 ], [ -84.444632029793382, 42.209405288364863 ], [ -84.444622952815791, 42.209399330347615 ], [ -84.444613898212893, 42.209393350123307 ], [ -84.44460486349368, 42.209387350359528 ], [ -84.444595848658224, 42.209381331056193 ], [ -84.444586850004285, 42.209375294863854 ], [ -84.444577868765961, 42.209369240898958 ], [ -84.444568902429452, 42.209363172729546 ], [ -84.444559951017595, 42.209357089455068 ], [ -84.444551010828206, 42.209350993726012 ], [ -84.444542083049654, 42.209344886459917 ], [ -84.444533166447926, 42.209338768540185 ], [ -84.444524257343588, 42.209332641716898 ] ] } },
{ "type": "Feature", "properties": { "road_id": "SUM-ROAD-555", "segment_id": "SUM-555-33801243801028838010286" }, "geometry": { "type": "LineString", "coordinates": [ [ -84.436622696871382, 42.209095805512767 ], [ -84.436074462896755, 42.209094322409285 ] ] } },
{ "type": "Feature", "properties": { "road_id": "SUM-ROAD-556", "segment_id": "SUM-556-9066033801028838010223" }, "geometry": { "type": "LineString", "coordinates": [ [ -84.436622696871382, 42.209095805512767 ], [ -84.436638200133345, 42.210026380119082 ] ] } },
{ "type": "Feature", "properties": { "road_id": "SUM-ROAD-557", "segment_id": "SUM-557-33811063802560738018838" }, "geometry": { "type": "LineString", "coordinates": [ [ -84.444524257343588, 42.209332641716898 ], [ -84.444515356925109, 42.20932650690748 ], [ -84.444506463958447, 42.209320364995413 ], [ -84.444497574741334, 42.209314218631242 ], [ -84.444488690507853, 42.20930806693142 ], [ -84.444479809978318, 42.209301912580443 ], [ -84.444470930684574, 42.209295757345238 ], [ -84.444462051438222, 42.209289600308388 ], [ -84.444453172147902, 42.209283445071804 ], [ -84.444444290391218, 42.209277291601531 ], [ -84.444435404934055, 42.209271140780992 ], [ -84.44442651573074, 42.209264994411242 ], [ -84.44441762031316, 42.209258854259225 ], [ -84.444408718658508, 42.209252721225354 ], [ -84.444399809555478, 42.209246595292747 ], [ -84.444390889279106, 42.209240480012298 ], [ -84.444381960274683, 42.209234374517493 ], [ -84.444373018839997, 42.20922828145887 ], [ -84.444364063763771, 42.20922220081939 ], [ -84.444355094977652, 42.209216135300451 ], [ -84.444346110058987, 42.209210084868168 ], [ -84.444337108962216, 42.209204051323418 ], [ -84.444325341472094, 42.209196208950083 ] ] } },
{ "type": "Feature", "properties": { "road_id": "SUM-ROAD-558", "segment_id": "SUM-558-33801243801029138010288" }, "geometry": { "type": "LineString", "coordinates": [ [ -84.437771177975137, 42.209085814590907 ], [ -84.436622696871382, 42.209095805512767 ] ] } },
{ "type": "Feature", "properties": { "road_id": "SUM-ROAD-559", "segment_id": "SUM-559-33801243801022438010291" }, "geometry": { "type": "LineString", "coordinates": [ [ -84.437933182161558, 42.210006845396734 ], [ -84.437961115571511, 42.209982026159558 ], [ -84.437977488837646, 42.209953808608354 ], [ -84.437973350053838, 42.209185788437814 ], [ -84.437969104038459, 42.209157817623741 ], [ -84.437958551558992, 42.209127125052532 ], [ -84.437928786065598, 42.209099848171775 ], [ -84.437891103659993, 42.209088845301608 ], [ -84.437851563467902, 42.209086326066824 ], [ -84.437771177975137, 42.209085814590907 ] ] } },
{ "type": "Feature", "properties": { "road_id": "SUM-ROAD-560", "segment_id": "SUM-560-9066033801030938010288" }, "geometry": { "type": "LineString", "coordinates": [ [ -84.43661855881868, 42.208580958303628 ], [ -84.436615720062051, 42.208623797887668 ], [ -84.436622696871382, 42.209095805512767 ] ] } },
{ "type": "Feature", "properties": { "road_id": "SUM-ROAD-561", "segment_id": "SUM-561-19081043801022038010312" }, "geometry": { "type": "LineString", "coordinates": [ [ -84.441617302081895, 42.210143265307693 ], [ -84.441340149521125, 42.209933475497053 ], [ -84.439443852703548, 42.208576261539157 ] ] } },
{ "type": "Feature", "properties": { "road_id": "SUM-ROAD-562", "segment_id": "SUM-562-33809203801733038017326" }, "geometry": { "type": "LineString", "coordinates": [ [ -84.459447517611125, 42.208636502500426 ], [ -84.459428507476034, 42.210588828178928 ] ] } },
{ "type": "Feature", "properties": { "road_id": "SUM-ROAD-563", "segment_id": "SUM-563-9029093801035338010138" }, "geometry": { "type": "LineString", "coordinates": [ [ -84.42868057275335, 42.20793678119675 ], [ -84.423798362882394, 42.211069066884782 ] ] } },
{ "type": "Feature", "properties": { "road_id": "SUM-ROAD-564", "segment_id": "SUM-564-33800783801035338010149" }, "geometry": { "type": "LineString", "coordinates": [ [ -84.42868057275335, 42.20793678119675 ], [ -84.428728053812762, 42.211041682546508 ] ] } },
{ "type": "Feature", "properties": { "road_id": "SUM-ROAD-565", "segment_id": "SUM-565-03801659938010220" }, "geometry": { "type": "LineString", "coordinates": [ [ -84.444950754874341, 42.208022044458211 ], [ -84.441617302081895, 42.210143265307693 ] ] } },
{ "type": "Feature", "properties": { "road_id": "SUM-ROAD-566", "segment_id": "SUM-566-9029093801036638010353" }, "geometry": { "type": "LineString", "coordinates": [ [ -84.428872477601729, 42.207792000763384 ], [ -84.42868057275335, 42.20793678119675 ] ] } },
{ "type": "Feature", "properties": { "road_id": "SUM-ROAD-567", "segment_id": "SUM-567-9066073801039238010163" }, "geometry": { "type": "LineString", "coordinates": [ [ -84.433312056260505, 42.207492648781233 ], [ -84.433290000382556, 42.20753281741321 ], [ -84.433273596308254, 42.207585104015564 ], [ -84.433268649894771, 42.207631250355895 ], [ -84.433266326551262, 42.207681529624963 ], [ -84.433315800001353, 42.211009994755777 ] ] } },
{ "type": "Feature", "properties": { "road_id": "SUM-ROAD-568", "segment_id": "SUM-568-9066053801039438010392" }, "geometry": { "type": "LineString", "coordinates": [ [ -84.434334767666783, 42.207465051206761 ], [ -84.433509552265164, 42.207455387292583 ], [ -84.433443500976765, 42.207460056400706 ], [ -84.433363148405491, 42.207471527331364 ], [ -84.433312056260505, 42.207492648781233 ] ] } },
{ "type": "Feature", "properties": { "road_id": "SUM-ROAD-569", "segment_id": "SUM-569-9066063801039438010166" }, "geometry": { "type": "LineString", "coordinates": [ [ -84.434334767666783, 42.207465051206761 ], [ -84.434357451130197, 42.209391840308655 ], [ -84.434386815969063, 42.211003608351049 ] ] } },
{ "type": "Feature", "properties": { "road_id": "SUM-ROAD-570", "segment_id": "SUM-570-9066053801039638010394" }, "geometry": { "type": "LineString", "coordinates": [ [ -84.435395889232325, 42.207465812297315 ], [ -84.434334767666783, 42.207465051206761 ] ] } },
{ "type": "Feature", "properties": { "road_id": "SUM-ROAD-571", "segment_id": "SUM-571-9066043801039638010171" }, "geometry": { "type": "LineString", "coordinates": [ [ -84.435395889232325, 42.207465812297315 ], [ -84.435435400491045, 42.210991472148123 ] ] } },
{ "type": "Feature", "properties": { "road_id": "SUM-ROAD-572", "segment_id": "SUM-572-54985563801039683026950" }, "geometry": { "type": "LineString", "coordinates": [ [ -84.435395889232325, 42.207465812297315 ], [ -84.435846443428801, 42.207461350172423 ] ] } },
{ "type": "Feature", "properties": { "road_id": "SUM-ROAD-573", "segment_id": "SUM-573-33809183801841038017330" }, "geometry": { "type": "LineString", "coordinates": [ [ -84.45826698551322, 42.207314651957134 ], [ -84.458444482198175, 42.207912087060862 ], [ -84.458564828061597, 42.20819394016538 ], [ -84.458677523690099, 42.20834869820559 ], [ -84.458823908166366, 42.208457563164416 ], [ -84.459013963513286, 42.208554939530281 ], [ -84.459229423484459, 42.208612355356031 ], [ -84.459447517611125, 42.208636502500426 ] ] } },
{ "type": "Feature", "properties": { "road_id": "SUM-ROAD-574", "segment_id": "SUM-574-9029093801045138010366" }, "geometry": { "type": "LineString", "coordinates": [ [ -84.430291844409098, 42.2067693674189 ], [ -84.428872477601729, 42.207792000763384 ] ] } },
{ "type": "Feature", "properties": { "road_id": "SUM-ROAD-575", "segment_id": "SUM-575-9054103801045138010155" }, "geometry": { "type": "LineString", "coordinates": [ [ -84.430291844409098, 42.2067693674189 ], [ -84.430340456925578, 42.20924850418465 ], [ -84.430357779100817, 42.210919971444589 ], [ -84.430335276104387, 42.210983467389745 ], [ -84.430308539624249, 42.21103691186903 ] ] } },
{ "type": "Feature", "properties": { "road_id": "SUM-ROAD-576", "segment_id": "SUM-576-33800773801036638018403" }, "geometry": { "type": "LineString", "coordinates": [ [ -84.428872477601729, 42.207792000763384 ], [ -84.428859788195354, 42.206580846136866 ], [ -84.428580077932637, 42.206574947241975 ] ] } },
{ "type": "Feature", "properties": { "road_id": "SUM-ROAD-577", "segment_id": "SUM-577-33800773801840338010456" }, "geometry": { "type": "LineString", "coordinates": [ [ -84.428580077932637, 42.206574947241975 ], [ -84.428369426399584, 42.206570504468345 ] ] } },
{ "type": "Feature", "properties": { "road_id": "SUM-ROAD-578", "segment_id": "SUM-578-03801049438016599" }, "geometry": { "type": "LineString", "coordinates": [ [ -84.448104842857845, 42.206045831385396 ], [ -84.444950754874341, 42.208022044458211 ] ] } },
{ "type": "Feature", "properties": { "road_id": "SUM-ROAD-579", "segment_id": "SUM-579-9054103801049738010451" }, "geometry": { "type": "LineString", "coordinates": [ [ -84.430279044827074, 42.205776798561786 ], [ -84.430291844409098, 42.2067693674189 ] ] } },
{ "type": "Feature", "properties": { "road_id": "SUM-ROAD-580", "segment_id": "SUM-580-9029093801050738010451" }, "geometry": { "type": "LineString", "coordinates": [ [ -84.431922532162801, 42.20556782801976 ], [ -84.431404869416212, 42.205943340208876 ], [ -84.430291844409098, 42.2067693674189 ] ] } },
{ "type": "Feature", "properties": { "road_id": "SUM-ROAD-581", "segment_id": "SUM-581-9054093801050738010161" }, "geometry": { "type": "LineString", "coordinates": [ [ -84.431922532162801, 42.20556782801976 ], [ -84.43192702177069, 42.205767846253373 ], [ -84.431939459285601, 42.208183927751882 ], [ -84.431990369680136, 42.211003889365131 ] ] } },
{ "type": "Feature", "properties": { "road_id": "SUM-ROAD-582", "segment_id": "SUM-582-9066083801051538010497" }, "geometry": { "type": "LineString", "coordinates": [ [ -84.430727301380642, 42.205488163054859 ], [ -84.430662401943962, 42.205572843722194 ], [ -84.430492748044969, 42.205694270509113 ], [ -84.430279044827074, 42.205776798561786 ] ] } },
{ "type": "Feature", "properties": { "road_id": "SUM-ROAD-583", "segment_id": "SUM-583-9068033801056938010537" }, "geometry": { "type": "LineString", "coordinates": [ [ -84.448493354105835, 42.205022342917545 ], [ -84.447641904344621, 42.205463844186504 ] ] } },
{ "type": "Feature", "properties": { "road_id": "SUM-ROAD-584", "segment_id": "SUM-584-9066093801049738010515" }, "geometry": { "type": "LineString", "coordinates": [ [ -84.430279044827074, 42.205776798561786 ], [ -84.428823044841351, 42.205762795802322 ], [ -84.428612931240906, 42.205740241544738 ], [ -84.428471661223824, 42.205673906263321 ], [ -84.428370431344902, 42.205566828022569 ], [ -84.428345379446071, 42.205460937081149 ], [ -84.428373151357249, 42.205346785048071 ], [ -84.428424425670784, 42.205245214713671 ], [ -84.428581280961552, 42.205147770924313 ], [ -84.429649332693742, 42.204682684447292 ], [ -84.429863055792154, 42.204658887937534 ], [ -84.430051797808034, 42.204670256129518 ], [ -84.430304141073123, 42.204809729994714 ], [ -84.430631091269461, 42.205049921038835 ], [ -84.430781149140088, 42.205218148795929 ], [ -84.430794535544408, 42.205330081638465 ], [ -84.430763717769779, 42.205423270171657 ], [ -84.430727301380642, 42.205488163054859 ] ] } },
{ "type": "Feature", "properties": { "road_id": "SUM-ROAD-585", "segment_id": "SUM-585-9029093801060838010507" }, "geometry": { "type": "LineString", "coordinates": [ [ -84.433596116280938, 42.204356838403747 ], [ -84.431922532162801, 42.20556782801976 ] ] } },
{ "type": "Feature", "properties": { "road_id": "SUM-ROAD-586", "segment_id": "SUM-586-19081043801031238010608" }, "geometry": { "type": "LineString", "coordinates": [ [ -84.439443852703548, 42.208576261539157 ], [ -84.437679130173464, 42.207291667043734 ], [ -84.433596116280938, 42.204356838403747 ] ] } },
{ "type": "Feature", "properties": { "road_id": "SUM-ROAD-587", "segment_id": "SUM-587-33809183801732738018410" }, "geometry": { "type": "LineString", "coordinates": [ [ -84.458131575275758, 42.204684578419155 ], [ -84.458047802824126, 42.205370825286842 ], [ -84.457977266327006, 42.205492479348962 ], [ -84.45798819290242, 42.205654284081831 ], [ -84.458207809538351, 42.207115468859243 ], [ -84.45826698551322, 42.207314651957134 ] ] } },
{ "type": "Feature", "properties": { "road_id": "SUM-ROAD-588", "segment_id": "SUM-588-33809173801732738018411" }, "geometry": { "type": "LineString", "coordinates": [ [ -84.458131575275758, 42.204684578419155 ], [ -84.458476278238919, 42.20451348260405 ] ] } },
{ "type": "Feature", "properties": { "road_id": "SUM-ROAD-589", "segment_id": "SUM-589-33809173801841138017330" }, "geometry": { "type": "LineString", "coordinates": [ [ -84.458476278238919, 42.20451348260405 ], [ -84.458582037010814, 42.204460987419644 ], [ -84.458867961260793, 42.204303091946166 ], [ -84.459137013015635, 42.204248450395106 ], [ -84.459429106938657, 42.204271080749329 ], [ -84.459677122683658, 42.204343517384046 ], [ -84.459877623488666, 42.204460404523381 ], [ -84.460019374996307, 42.204642814467412 ], [ -84.460057526758277, 42.204829093814709 ], [ -84.460044995691561, 42.205043858856733 ], [ -84.460011924393683, 42.205223843104861 ], [ -84.459971582334973, 42.205409032968923 ], [ -84.459925408415117, 42.20568436304476 ], [ -84.459922566740005, 42.205903434996522 ], [ -84.459923189474353, 42.206054263553128 ], [ -84.459967649723069, 42.206215536278378 ], [ -84.460090227439537, 42.206427073514078 ], [ -84.460261299397089, 42.206639283568876 ], [ -84.460501756688174, 42.206898357547203 ], [ -84.460754618352169, 42.207190390847998 ], [ -84.460906086667308, 42.207481016230069 ], [ -84.460922700633148, 42.207697640286113 ], [ -84.46087743061922, 42.207919962764521 ], [ -84.46077567066574, 42.208108715614372 ], [ -84.460639382332658, 42.208267480443951 ], [ -84.460501429427495, 42.208380065646729 ], [ -84.460276095874491, 42.208499895682046 ], [ -84.460076115569635, 42.208581780142573 ], [ -84.459844673665302, 42.208620896835924 ], [ -84.459632810173332, 42.208636096893876 ], [ -84.459447517611125, 42.208636502500426 ] ] } },
{ "type": "Feature", "properties": { "road_id": "SUM-ROAD-590", "segment_id": "SUM-590-33812303801978638019785" }, "geometry": { "type": "LineString", "coordinates": [ [ -84.450303490535177, 42.20392232090451 ], [ -84.450201422939188, 42.203957420785002 ], [ -84.449928235843458, 42.203987819982913 ] ] } },
{ "type": "Feature", "properties": { "road_id": "SUM-ROAD-591", "segment_id": "SUM-591-9068053801065538010569" }, "geometry": { "type": "LineString", "coordinates": [ [ -84.448132772580692, 42.203712470859919 ], [ -84.448493354105835, 42.205022342917545 ] ] } },
{ "type": "Feature", "properties": { "road_id": "SUM-ROAD-592", "segment_id": "SUM-592-9039043801066438010269" }, "geometry": { "type": "LineString", "coordinates": [ [ -84.466940016331534, 42.203788293659422 ], [ -84.466979706751914, 42.203819794104071 ], [ -84.467020887054076, 42.203854120173908 ], [ -84.46705185733677, 42.203893305410659 ], [ -84.467072397673547, 42.203946098831643 ], [ -84.46708222807402, 42.204023749206414 ], [ -84.467089798748162, 42.206856796303107 ], [ -84.467090875130594, 42.206920900350035 ], [ -84.467138257689044, 42.209740025055467 ] ] } },
{ "type": "Feature", "properties": { "road_id": "SUM-ROAD-593", "segment_id": "SUM-593-9090023801065738018509" }, "geometry": { "type": "LineString", "coordinates": [ [ -84.462553507381941, 42.203719671345034 ], [ -84.462244615047993, 42.20372311370857 ] ] } },
{ "type": "Feature", "properties": { "road_id": "SUM-ROAD-594", "segment_id": "SUM-594-33809193801021138010657" }, "geometry": { "type": "LineString", "coordinates": [ [ -84.462346849973756, 42.210671663400568 ], [ -84.462360912727917, 42.207719760704343 ], [ -84.462384857703142, 42.207573354231954 ], [ -84.462507891423826, 42.207269928193192 ], [ -84.462628767282396, 42.206971819201996 ], [ -84.462553507381941, 42.203719671345034 ] ] } },
{ "type": "Feature", "properties": { "road_id": "SUM-ROAD-595", "segment_id": "SUM-595-33812303801979038019786" }, "geometry": { "type": "LineString", "coordinates": [ [ -84.450893501268723, 42.203548907163004 ], [ -84.450359254882557, 42.203899876333857 ], [ -84.450304363966566, 42.203923332078872 ], [ -84.450303490535177, 42.20392232090451 ] ] } },
{ "type": "Feature", "properties": { "road_id": "SUM-ROAD-596", "segment_id": "SUM-596-9090023801066438010657" }, "geometry": { "type": "LineString", "coordinates": [ [ -84.466940016331534, 42.203788293659422 ], [ -84.466881934373689, 42.203762182461894 ], [ -84.466811771347622, 42.203743709587833 ], [ -84.466721248291421, 42.203732456122331 ], [ -84.466556606468828, 42.203726429537184 ], [ -84.464975439093934, 42.203724959758077 ], [ -84.462553507381941, 42.203719671345034 ] ] } },
{ "type": "Feature", "properties": { "road_id": "SUM-ROAD-597", "segment_id": "SUM-597-9068143801065538010670" }, "geometry": { "type": "LineString", "coordinates": [ [ -84.448132772580692, 42.203712470859919 ], [ -84.449192908206896, 42.20342241960217 ] ] } },
{ "type": "Feature", "properties": { "road_id": "SUM-ROAD-598", "segment_id": "SUM-598-9068033801067038010569" }, "geometry": { "type": "LineString", "coordinates": [ [ -84.449192908206896, 42.20342241960217 ], [ -84.449348979210853, 42.204323781932239 ], [ -84.449341332564302, 42.204473246936871 ], [ -84.449300332524018, 42.204564717767212 ], [ -84.449221094230168, 42.204638395993619 ], [ -84.449118870693979, 42.204703124276584 ], [ -84.448493354105835, 42.205022342917545 ] ] } },
{ "type": "Feature", "properties": { "road_id": "SUM-ROAD-599", "segment_id": "SUM-599-33812333801979038019789" }, "geometry": { "type": "LineString", "coordinates": [ [ -84.450893501268723, 42.203548907163004 ], [ -84.450737513073534, 42.203428490803972 ] ] } },
{ "type": "Feature", "properties": { "road_id": "SUM-ROAD-600", "segment_id": "SUM-600-9068143801067038017350" }, "geometry": { "type": "LineString", "coordinates": [ [ -84.449192908206896, 42.20342241960217 ], [ -84.449818040777799, 42.203407694528757 ] ] } },
{ "type": "Feature", "properties": { "road_id": "SUM-ROAD-601", "segment_id": "SUM-601-33812333801978938019788" }, "geometry": { "type": "LineString", "coordinates": [ [ -84.450737513073534, 42.203428490803972 ], [ -84.450503867420736, 42.203247892615423 ] ] } },
{ "type": "Feature", "properties": { "road_id": "SUM-ROAD-602", "segment_id": "SUM-602-9029093801068238010608" }, "geometry": { "type": "LineString", "coordinates": [ [ -84.435317991875309, 42.202986882365209 ], [ -84.433596116280938, 42.204356838403747 ] ] } },
{ "type": "Feature", "properties": { "road_id": "SUM-ROAD-603", "segment_id": "SUM-603-9068053801068438010655" }, "geometry": { "type": "LineString", "coordinates": [ [ -84.447236517876405, 42.20311479272565 ], [ -84.448132772580692, 42.203712470859919 ] ] } },
{ "type": "Feature", "properties": { "road_id": "SUM-ROAD-604", "segment_id": "SUM-604-33812303801979138019790" }, "geometry": { "type": "LineString", "coordinates": [ [ -84.451757410403758, 42.203016038566417 ], [ -84.450893501268723, 42.203548907163004 ] ] } },
{ "type": "Feature", "properties": { "road_id": "SUM-ROAD-605", "segment_id": "SUM-605-33810583801843238020324" }, "geometry": { "type": "LineString", "coordinates": [ [ -84.437859467312919, 42.202722766958132 ], [ -84.43827994240452, 42.203420426718658 ] ] } },
{ "type": "Feature", "properties": { "road_id": "SUM-ROAD-606", "segment_id": "SUM-606-9068063801070038010537" }, "geometry": { "type": "LineString", "coordinates": [ [ -84.446722831920809, 42.20282796782395 ], [ -84.446566984056247, 42.203602731113499 ], [ -84.446558827931142, 42.203724930961201 ], [ -84.446592105166303, 42.203810074781686 ], [ -84.446640705650651, 42.203889788704657 ], [ -84.446736615245328, 42.204000271905372 ], [ -84.446899168761647, 42.204177549059182 ], [ -84.447203848508266, 42.204549785797205 ], [ -84.447301052274625, 42.204683459450841 ], [ -84.447329663415303, 42.204775903510075 ], [ -84.447321532980553, 42.205402840569683 ], [ -84.447339560398348, 42.205454867563233 ], [ -84.44740793710973, 42.205504721802633 ], [ -84.447477041571602, 42.205525823913149 ], [ -84.447554753751263, 42.205512528967262 ], [ -84.447641904344621, 42.205463844186504 ] ] } },
{ "type": "Feature", "properties": { "road_id": "SUM-ROAD-607", "segment_id": "SUM-607-9068053801070038010684" }, "geometry": { "type": "LineString", "coordinates": [ [ -84.446722831920809, 42.20282796782395 ], [ -84.447236517876405, 42.20311479272565 ] ] } },
{ "type": "Feature", "properties": { "road_id": "SUM-ROAD-608", "segment_id": "SUM-608-9029093801843038010682" }, "geometry": { "type": "LineString", "coordinates": [ [ -84.435982814682006, 42.202457501859989 ], [ -84.435317991875309, 42.202986882365209 ] ] } },
{ "type": "Feature", "properties": { "road_id": "SUM-ROAD-609", "segment_id": "SUM-609-33810583801843038018432" }, "geometry": { "type": "LineString", "coordinates": [ [ -84.435982814682006, 42.202457501859989 ], [ -84.436324611267111, 42.202645831596236 ], [ -84.436475959884604, 42.202714693483742 ], [ -84.436664349954768, 42.202780151204202 ], [ -84.436826752647121, 42.202829541800071 ], [ -84.436995331924123, 42.202843691794186 ], [ -84.437206632600365, 42.202838815633932 ], [ -84.437455274074807, 42.202818764804384 ], [ -84.437859467312919, 42.202722766958132 ] ] } },
{ "type": "Feature", "properties": { "road_id": "SUM-ROAD-610", "segment_id": "SUM-610-33812323801979238019778" }, "geometry": { "type": "LineString", "coordinates": [ [ -84.450278997915817, 42.202419631491878 ], [ -84.449929758888985, 42.202416082397441 ] ] } },
{ "type": "Feature", "properties": { "road_id": "SUM-ROAD-611", "segment_id": "SUM-611-33812323801978238019792" }, "geometry": { "type": "LineString", "coordinates": [ [ -84.451565621888321, 42.2023964658515 ], [ -84.450278997915817, 42.202419631491878 ] ] } },
{ "type": "Feature", "properties": { "road_id": "SUM-ROAD-612", "segment_id": "SUM-612-33812293801978238019791" }, "geometry": { "type": "LineString", "coordinates": [ [ -84.451565621888321, 42.2023964658515 ], [ -84.451580456890341, 42.202722230372444 ], [ -84.451584772957645, 42.202774716622343 ], [ -84.45160302761208, 42.20283368848925 ], [ -84.451630111090594, 42.202878104258239 ], [ -84.45170167115478, 42.202948305990539 ], [ -84.451757410403758, 42.203016038566417 ] ] } },
{ "type": "Feature", "properties": { "road_id": "SUM-ROAD-613", "segment_id": "SUM-613-9068073801074738010684" }, "geometry": { "type": "LineString", "coordinates": [ [ -84.448037040414647, 42.202182822146789 ], [ -84.44791824482779, 42.202330199423614 ], [ -84.447236517876405, 42.20311479272565 ] ] } },
{ "type": "Feature", "properties": { "road_id": "SUM-ROAD-614", "segment_id": "SUM-614-9054073801076738010765" }, "geometry": { "type": "LineString", "coordinates": [ [ -84.428730680477557, 42.201570331831867 ], [ -84.428290667603207, 42.201569949388862 ], [ -84.425943096548806, 42.201545827420112 ], [ -84.424456518463273, 42.20151389917487 ], [ -84.422013229175647, 42.20148463151066 ] ] } },
{ "type": "Feature", "properties": { "road_id": "SUM-ROAD-615", "segment_id": "SUM-615-9054073801077038010767" }, "geometry": { "type": "LineString", "coordinates": [ [ -84.430233573926571, 42.201594004749616 ], [ -84.428730680477557, 42.201570331831867 ] ] } },
{ "type": "Feature", "properties": { "road_id": "SUM-ROAD-616", "segment_id": "SUM-616-9054073801077238010770" }, "geometry": { "type": "LineString", "coordinates": [ [ -84.431291491959172, 42.201595046539481 ], [ -84.430233573926571, 42.201594004749616 ] ] } },
{ "type": "Feature", "properties": { "road_id": "SUM-ROAD-617", "segment_id": "SUM-617-9054073801077638010772" }, "geometry": { "type": "LineString", "coordinates": [ [ -84.433525333580292, 42.201605976112297 ], [ -84.431291491959172, 42.201595046539481 ] ] } },
{ "type": "Feature", "properties": { "road_id": "SUM-ROAD-618", "segment_id": "SUM-618-9054083801068238010776" }, "geometry": { "type": "LineString", "coordinates": [ [ -84.435317991875309, 42.202986882365209 ], [ -84.435206829468015, 42.202910467484102 ], [ -84.43502648987689, 42.202798693902395 ], [ -84.434896348796158, 42.202741825013867 ], [ -84.434730490637946, 42.20269649505682 ], [ -84.434603596361072, 42.202679353414467 ], [ -84.43440763837674, 42.20267147242113 ], [ -84.434269966398034, 42.202672088901011 ], [ -84.434146121434381, 42.202670342004069 ], [ -84.43398129229243, 42.202664711780528 ], [ -84.433833262926498, 42.202658252704992 ], [ -84.433744172273578, 42.202638939277328 ], [ -84.433691358282573, 42.202610246022459 ], [ -84.433653257384449, 42.202583493479857 ], [ -84.433616332474188, 42.202556758418744 ], [ -84.433578521484236, 42.20251865091776 ], [ -84.433554877044017, 42.202478121999036 ], [ -84.433546324980568, 42.202444797118545 ], [ -84.433536599395424, 42.202411454776204 ], [ -84.433532083393118, 42.202370994001384 ], [ -84.43353074345076, 42.201906865731402 ], [ -84.433525333580292, 42.201605976112297 ] ] } },
{ "type": "Feature", "properties": { "road_id": "SUM-ROAD-619", "segment_id": "SUM-619-9054073801078438010776" }, "geometry": { "type": "LineString", "coordinates": [ [ -84.437009815949779, 42.201639702443323 ], [ -84.433525333580292, 42.201605976112297 ] ] } },
{ "type": "Feature", "properties": { "road_id": "SUM-ROAD-620", "segment_id": "SUM-620-9029093801078438018430" }, "geometry": { "type": "LineString", "coordinates": [ [ -84.437009815949779, 42.201639702443323 ], [ -84.435982814682006, 42.202457501859989 ] ] } },
{ "type": "Feature", "properties": { "road_id": "SUM-ROAD-621", "segment_id": "SUM-621-03801079538010494" }, "geometry": { "type": "LineString", "coordinates": [ [ -84.455288677278858, 42.201722981530772 ], [ -84.454320041656501, 42.202261646153097 ], [ -84.451627479357754, 42.203824892240874 ], [ -84.448104842857845, 42.206045831385396 ] ] } },
{ "type": "Feature", "properties": { "road_id": "SUM-ROAD-622", "segment_id": "SUM-622-33812313801978338019793" }, "geometry": { "type": "LineString", "coordinates": [ [ -84.451580761930146, 42.201522739685721 ], [ -84.450341190647407, 42.201536873408685 ], [ -84.450315150331363, 42.201535917032523 ] ] } },
{ "type": "Feature", "properties": { "road_id": "SUM-ROAD-623", "segment_id": "SUM-623-33812293801978338019782" }, "geometry": { "type": "LineString", "coordinates": [ [ -84.451580761930146, 42.201522739685721 ], [ -84.451565621888321, 42.2023964658515 ] ] } },
{ "type": "Feature", "properties": { "road_id": "SUM-ROAD-624", "segment_id": "SUM-624-33812303801978338019791" }, "geometry": { "type": "LineString", "coordinates": [ [ -84.451580761930146, 42.201522739685721 ], [ -84.451937088035876, 42.201554954884472 ], [ -84.452002137382877, 42.201561259010639 ], [ -84.452051046571285, 42.201580302126786 ], [ -84.452092241144356, 42.201599238506169 ], [ -84.45256926663734, 42.201900817052497 ], [ -84.452602197102436, 42.201941441633508 ], [ -84.452621300292449, 42.201979578169428 ], [ -84.452631030167652, 42.20202217352066 ], [ -84.452630750050986, 42.202094467072698 ], [ -84.452637443106283, 42.202414028505089 ], [ -84.452628827453353, 42.202476580868122 ], [ -84.452615588026291, 42.202511971169614 ], [ -84.452600949119727, 42.202541603917773 ], [ -84.452572424876777, 42.202571043030559 ], [ -84.451757410403758, 42.203016038566417 ] ] } },
{ "type": "Feature", "properties": { "road_id": "SUM-ROAD-625", "segment_id": "SUM-625-33812313801979338019780" }, "geometry": { "type": "LineString", "coordinates": [ [ -84.450315150331363, 42.201535917032523 ], [ -84.449977473903203, 42.201420650295049 ] ] } },
{ "type": "Feature", "properties": { "road_id": "SUM-ROAD-626", "segment_id": "SUM-626-9029093801080738010784" }, "geometry": { "type": "LineString", "coordinates": [ [ -84.437772125456405, 42.201064601894515 ], [ -84.437009815949779, 42.201639702443323 ] ] } },
{ "type": "Feature", "properties": { "road_id": "SUM-ROAD-627", "segment_id": "SUM-627-33801253801077238010810" }, "geometry": { "type": "LineString", "coordinates": [ [ -84.431291491959172, 42.201595046539481 ], [ -84.431280234617986, 42.200965107058849 ], [ -84.431257980846667, 42.200907127246083 ] ] } },
{ "type": "Feature", "properties": { "road_id": "SUM-ROAD-628", "segment_id": "SUM-628-33801253801081238010770" }, "geometry": { "type": "LineString", "coordinates": [ [ -84.430285115078675, 42.200871732341071 ], [ -84.430256998264284, 42.200898454119582 ], [ -84.430240054756581, 42.200927654339139 ], [ -84.430230949416554, 42.200967001159825 ], [ -84.430230494483808, 42.201001175424494 ], [ -84.430233573926571, 42.201594004749616 ] ] } },
{ "type": "Feature", "properties": { "road_id": "SUM-ROAD-629", "segment_id": "SUM-629-33801253801081038010812" }, "geometry": { "type": "LineString", "coordinates": [ [ -84.431257980846667, 42.200907127246083 ], [ -84.431226102486661, 42.200877600865063 ], [ -84.431185820635051, 42.200856720455313 ], [ -84.431146884769873, 42.200852143636965 ], [ -84.430459673766251, 42.200843731085925 ], [ -84.430397863001986, 42.20084424347084 ], [ -84.430341021256396, 42.200850130869739 ], [ -84.430285115078675, 42.200871732341071 ] ] } },
{ "type": "Feature", "properties": { "road_id": "SUM-ROAD-630", "segment_id": "SUM-630-9068073801082538010747" }, "geometry": { "type": "LineString", "coordinates": [ [ -84.4479822316233, 42.201009360776432 ], [ -84.448037040414647, 42.202182822146789 ] ] } },
{ "type": "Feature", "properties": { "road_id": "SUM-ROAD-631", "segment_id": "SUM-631-9068063801082638010700" }, "geometry": { "type": "LineString", "coordinates": [ [ -84.446407430359898, 42.200975529368904 ], [ -84.446832080779799, 42.202095940566032 ], [ -84.446835057373747, 42.20222218767983 ], [ -84.446810092880767, 42.20235492759371 ], [ -84.446722831920809, 42.20282796782395 ] ] } },
{ "type": "Feature", "properties": { "road_id": "SUM-ROAD-632", "segment_id": "SUM-632-9068083801082538010826" }, "geometry": { "type": "LineString", "coordinates": [ [ -84.4479822316233, 42.201009360776432 ], [ -84.446407430359898, 42.200975529368904 ] ] } },
{ "type": "Feature", "properties": { "road_id": "SUM-ROAD-633", "segment_id": "SUM-633-9068083801082638010809" }, "geometry": { "type": "LineString", "coordinates": [ [ -84.446407430359898, 42.200975529368904 ], [ -84.444809742765585, 42.200950241000953 ], [ -84.44461383336855, 42.200955581889758 ], [ -84.444489996706864, 42.200978107285295 ], [ -84.444416625804436, 42.201012122417474 ], [ -84.444353040888004, 42.201048019513287 ], [ -84.444287144567809, 42.201087013527427 ], [ -84.44421341436157, 42.201131032203307 ], [ -84.444127002369001, 42.201175036087335 ] ] } },
{ "type": "Feature", "properties": { "road_id": "SUM-ROAD-634", "segment_id": "SUM-634-9068083801083038010825" }, "geometry": { "type": "LineString", "coordinates": [ [ -84.449194128298004, 42.200862795507213 ], [ -84.449010115940411, 42.200888819387231 ], [ -84.448471452909359, 42.200965932251968 ], [ -84.4479822316233, 42.201009360776432 ] ] } },
{ "type": "Feature", "properties": { "road_id": "SUM-ROAD-635", "segment_id": "SUM-635-9069033801083038010747" }, "geometry": { "type": "LineString", "coordinates": [ [ -84.449194128298004, 42.200862795507213 ], [ -84.449294411876991, 42.201569581565423 ], [ -84.449322804846361, 42.201768827141358 ], [ -84.449315418268114, 42.201884718835451 ], [ -84.449288901967506, 42.201963888180536 ], [ -84.449236278801081, 42.202017836253603 ], [ -84.449179240600188, 42.202070065147268 ], [ -84.449113459772448, 42.202115543807494 ], [ -84.449023338607532, 42.202154054221616 ], [ -84.448935905251687, 42.202174373718002 ], [ -84.44883090062676, 42.202184505502977 ], [ -84.448724003842059, 42.202181354694012 ], [ -84.448037040414647, 42.202182822146789 ] ] } },
{ "type": "Feature", "properties": { "road_id": "SUM-ROAD-636", "segment_id": "SUM-636-9029093801084038010807" }, "geometry": { "type": "LineString", "coordinates": [ [ -84.438120263839949, 42.200531244449792 ], [ -84.438054379008008, 42.200669221562677 ], [ -84.437985913945369, 42.200810651103239 ], [ -84.43787730765446, 42.200951514766295 ], [ -84.437772125456405, 42.201064601894515 ] ] } },
{ "type": "Feature", "properties": { "road_id": "SUM-ROAD-637", "segment_id": "SUM-637-9097083801088238010809" }, "geometry": { "type": "LineString", "coordinates": [ [ -84.443085444909414, 42.200056703073663 ], [ -84.443106332323666, 42.200441752732182 ], [ -84.443115316427495, 42.200536777308734 ], [ -84.443135949763786, 42.200621797148614 ], [ -84.443184068278271, 42.200722579074785 ], [ -84.443254157719366, 42.200817909495441 ], [ -84.443372097776191, 42.200937032581734 ], [ -84.443534313202164, 42.201064446737618 ], [ -84.443702120599383, 42.201166538512545 ], [ -84.443820897850699, 42.201200552435978 ], [ -84.443935093065122, 42.201210882303556 ], [ -84.444040280305927, 42.201204318409381 ], [ -84.444127002369001, 42.201175036087335 ] ] } },
{ "type": "Feature", "properties": { "road_id": "SUM-ROAD-638", "segment_id": "SUM-638-33817423801080738010876" }, "geometry": { "type": "LineString", "coordinates": [ [ -84.437772125456405, 42.201064601894515 ], [ -84.437916194757605, 42.201187222459588 ], [ -84.438041152957126, 42.201291949859595 ], [ -84.438188135679638, 42.201384872248013 ], [ -84.43832836239531, 42.20142318693739 ], [ -84.438486004608961, 42.201417329216014 ], [ -84.438570974610371, 42.201386220313218 ], [ -84.438738250446804, 42.201321947068926 ], [ -84.438899830343743, 42.201248065775836 ], [ -84.439229951788562, 42.201102721762553 ], [ -84.439752731234819, 42.200881000997413 ], [ -84.440081947857422, 42.200771093498041 ], [ -84.44042174650977, 42.200677695780811 ], [ -84.440595242093153, 42.200633773329969 ], [ -84.441034887261736, 42.200535075643586 ], [ -84.441422913944464, 42.200444921483665 ], [ -84.441689757546484, 42.200379954166017 ], [ -84.44194098852094, 42.200296840369013 ], [ -84.4422322996963, 42.200164721557201 ], [ -84.442590025448325, 42.200025406180352 ] ] } },
{ "type": "Feature", "properties": { "road_id": "SUM-ROAD-639", "segment_id": "SUM-639-33817423801087638010882" }, "geometry": { "type": "LineString", "coordinates": [ [ -84.442590025448325, 42.200025406180352 ], [ -84.443085444909414, 42.200056703073663 ] ] } },
{ "type": "Feature", "properties": { "road_id": "SUM-ROAD-640", "segment_id": "SUM-640-33817423801088238010884" }, "geometry": { "type": "LineString", "coordinates": [ [ -84.443085444909414, 42.200056703073663 ], [ -84.444613439621506, 42.200069144130993 ], [ -84.446431628253606, 42.200071559162367 ] ] } },
{ "type": "Feature", "properties": { "road_id": "SUM-ROAD-641", "segment_id": "SUM-641-9068063801088438010826" }, "geometry": { "type": "LineString", "coordinates": [ [ -84.446431628253606, 42.200071559162367 ], [ -84.446407430359898, 42.200975529368904 ] ] } },
{ "type": "Feature", "properties": { "road_id": "SUM-ROAD-642", "segment_id": "SUM-642-9098013801872838010767" }, "geometry": { "type": "LineString", "coordinates": [ [ -84.4298926815095, 42.199815676986681 ], [ -84.429868881018322, 42.199847153767635 ], [ -84.429785048596187, 42.199945882503613 ], [ -84.429698988655275, 42.200036204069399 ], [ -84.429611665463568, 42.200094969930774 ], [ -84.429512002128888, 42.200151878463444 ], [ -84.429377215308435, 42.200209248426823 ], [ -84.429232561437431, 42.200257734592832 ], [ -84.429015239680425, 42.200318422241658 ], [ -84.428944804023345, 42.200349820789057 ], [ -84.428896992028896, 42.200378133565962 ], [ -84.42881015471815, 42.200434056490529 ], [ -84.428745164270239, 42.200526272675148 ], [ -84.428720801392416, 42.20069949956833 ], [ -84.428737986846286, 42.201313483156554 ], [ -84.428730680477557, 42.201570331831867 ] ] } },
{ "type": "Feature", "properties": { "road_id": "SUM-ROAD-643", "segment_id": "SUM-643-33817423801088438010886" }, "geometry": { "type": "LineString", "coordinates": [ [ -84.446431628253606, 42.200071559162367 ], [ -84.44918711082434, 42.200083977460629 ] ] } },
{ "type": "Feature", "properties": { "road_id": "SUM-ROAD-644", "segment_id": "SUM-644-9069033801088638010830" }, "geometry": { "type": "LineString", "coordinates": [ [ -84.44918711082434, 42.200083977460629 ], [ -84.449194128298004, 42.200862795507213 ] ] } },
{ "type": "Feature", "properties": { "road_id": "SUM-ROAD-645", "segment_id": "SUM-645-33817423801088638017344" }, "geometry": { "type": "LineString", "coordinates": [ [ -84.44918711082434, 42.200083977460629 ], [ -84.449440574965223, 42.200082502939189 ] ] } },
{ "type": "Feature", "properties": { "road_id": "SUM-ROAD-646", "segment_id": "SUM-646-33817423801734438019781" }, "geometry": { "type": "LineString", "coordinates": [ [ -84.449440574965223, 42.200082502939189 ], [ -84.452371915868866, 42.200081991974876 ] ] } },
{ "type": "Feature", "properties": { "road_id": "SUM-ROAD-647", "segment_id": "SUM-647-33812293801978138019783" }, "geometry": { "type": "LineString", "coordinates": [ [ -84.452371915868866, 42.200081991974876 ], [ -84.452521286120472, 42.200378678916188 ], [ -84.452536245661946, 42.200456478070983 ], [ -84.452528861864963, 42.200525577456304 ], [ -84.452513284342601, 42.200584078263866 ], [ -84.452489830421015, 42.200619400867602 ], [ -84.451657142247171, 42.201235919894735 ], [ -84.451600292643576, 42.201296816396756 ], [ -84.451578001153194, 42.201358195108789 ], [ -84.451575925712959, 42.201440419174482 ], [ -84.451580761930146, 42.201522739685721 ] ] } },
{ "type": "Feature", "properties": { "road_id": "SUM-ROAD-648", "segment_id": "SUM-648-33817423801978138010892" }, "geometry": { "type": "LineString", "coordinates": [ [ -84.452371915868866, 42.200081991974876 ], [ -84.454693660409745, 42.20008153455445 ], [ -84.455145746581195, 42.200098152183671 ], [ -84.455430585541336, 42.200194864929095 ] ] } },
{ "type": "Feature", "properties": { "road_id": "SUM-ROAD-649", "segment_id": "SUM-649-9110123801842938010911" }, "geometry": { "type": "LineString", "coordinates": [ [ -84.432650249089193, 42.199588424541467 ], [ -84.433277625980097, 42.199633374380127 ] ] } },
{ "type": "Feature", "properties": { "road_id": "SUM-ROAD-650", "segment_id": "SUM-650-9110123801093638018429" }, "geometry": { "type": "LineString", "coordinates": [ [ -84.431905567894816, 42.199318920443666 ], [ -84.432276731007406, 42.199477991924809 ], [ -84.432371774230944, 42.199513929250877 ], [ -84.43249275890048, 42.199558881363195 ], [ -84.432615753546315, 42.199585952109942 ], [ -84.432650249089193, 42.199588424541467 ] ] } },
{ "type": "Feature", "properties": { "road_id": "SUM-ROAD-651", "segment_id": "SUM-651-9029103801094838010840" }, "geometry": { "type": "LineString", "coordinates": [ [ -84.438017074111627, 42.19935332442644 ], [ -84.43813880580889, 42.199844750700201 ], [ -84.438175047144853, 42.199988171680161 ], [ -84.43818256070287, 42.200120403195911 ], [ -84.438159563735979, 42.200311527178236 ], [ -84.438120263839949, 42.200531244449792 ] ] } },
{ "type": "Feature", "properties": { "road_id": "SUM-ROAD-652", "segment_id": "SUM-652-33809283801734438017345" }, "geometry": { "type": "LineString", "coordinates": [ [ -84.449440574965223, 42.200082502939189 ], [ -84.449440618683624, 42.199258147612881 ] ] } },
{ "type": "Feature", "properties": { "road_id": "SUM-ROAD-653", "segment_id": "SUM-653-9098013801097838018728" }, "geometry": { "type": "LineString", "coordinates": [ [ -84.430459659865704, 42.198970397830486 ], [ -84.430424171333001, 42.199062144771119 ], [ -84.430354080075418, 42.199189818004342 ], [ -84.430251499625044, 42.199337461829771 ], [ -84.43015494906254, 42.19947654770219 ], [ -84.429987789207757, 42.199689893692998 ], [ -84.4298926815095, 42.199815676986681 ] ] } },
{ "type": "Feature", "properties": { "road_id": "SUM-ROAD-654", "segment_id": "SUM-654-9110123801097838010936" }, "geometry": { "type": "LineString", "coordinates": [ [ -84.430459659865704, 42.198970397830486 ], [ -84.430568024349895, 42.198972822650731 ], [ -84.430743825533256, 42.198968935799329 ], [ -84.430947147439738, 42.198978182145993 ], [ -84.431121687712562, 42.199023666631717 ], [ -84.431242761407958, 42.199065208238352 ], [ -84.431905567894816, 42.199318920443666 ] ] } },
{ "type": "Feature", "properties": { "road_id": "SUM-ROAD-655", "segment_id": "SUM-655-33800813801723638010948" }, "geometry": { "type": "LineString", "coordinates": [ [ -84.441285906357024, 42.198847910909734 ], [ -84.440730910797669, 42.19892680361135 ], [ -84.438602143839645, 42.19925265966657 ], [ -84.438017074111627, 42.19935332442644 ] ] } },
{ "type": "Feature", "properties": { "road_id": "SUM-ROAD-656", "segment_id": "SUM-656-9029093801723638010840" }, "geometry": { "type": "LineString", "coordinates": [ [ -84.441285906357024, 42.198847910909734 ], [ -84.440872906154468, 42.199085065484461 ], [ -84.438965995344276, 42.200045875281283 ], [ -84.438668692491021, 42.200197865004334 ], [ -84.438419040027668, 42.200337898864547 ], [ -84.438120263839949, 42.200531244449792 ] ] } },
{ "type": "Feature", "properties": { "road_id": "SUM-ROAD-657", "segment_id": "SUM-657-33809303801734538017346" }, "geometry": { "type": "LineString", "coordinates": [ [ -84.449440618683624, 42.199258147612881 ], [ -84.448697227208115, 42.199255948383943 ], [ -84.448258367136631, 42.199256063818162 ], [ -84.448107089958995, 42.199253948298342 ], [ -84.4480148324363, 42.199245156237986 ], [ -84.447963137215496, 42.19922818023197 ], [ -84.447921970209094, 42.199193848165656 ], [ -84.44789811717169, 42.199139753461992 ], [ -84.447884286280072, 42.199056414191986 ], [ -84.447846768532756, 42.198830342771721 ] ] } },
{ "type": "Feature", "properties": { "road_id": "SUM-ROAD-658", "segment_id": "SUM-658-9029093801105738017236" }, "geometry": { "type": "LineString", "coordinates": [ [ -84.442452697421771, 42.198260454315033 ], [ -84.442188629015789, 42.198390423859749 ], [ -84.441285906357024, 42.198847910909734 ] ] } },
{ "type": "Feature", "properties": { "road_id": "SUM-ROAD-659", "segment_id": "SUM-659-33800823801105738010876" }, "geometry": { "type": "LineString", "coordinates": [ [ -84.442452697421771, 42.198260454315033 ], [ -84.442492765179807, 42.198478076342049 ], [ -84.44252667958591, 42.198826064887655 ], [ -84.442557976500723, 42.199073581811227 ], [ -84.442578097577481, 42.199856049111474 ], [ -84.442590025448325, 42.200025406180352 ] ] } },
{ "type": "Feature", "properties": { "road_id": "SUM-ROAD-660", "segment_id": "SUM-660-9098013801110038010978" }, "geometry": { "type": "LineString", "coordinates": [ [ -84.431907967440495, 42.197798516412469 ], [ -84.430609126763954, 42.197932604111749 ], [ -84.430548180480969, 42.197958307810744 ], [ -84.430496812635127, 42.198002409650947 ], [ -84.430470837464568, 42.198057662945587 ], [ -84.430453791061765, 42.198113042482483 ], [ -84.430459659865704, 42.198970397830486 ] ] } },
{ "type": "Feature", "properties": { "road_id": "SUM-ROAD-661", "segment_id": "SUM-661-9110013801110038010936" }, "geometry": { "type": "LineString", "coordinates": [ [ -84.431907967440495, 42.197798516412469 ], [ -84.431905567894816, 42.199318920443666 ] ] } },
{ "type": "Feature", "properties": { "road_id": "SUM-ROAD-662", "segment_id": "SUM-662-9098013801110338011100" }, "geometry": { "type": "LineString", "coordinates": [ [ -84.432623639322088, 42.197734040251177 ], [ -84.431907967440495, 42.197798516412469 ] ] } },
{ "type": "Feature", "properties": { "road_id": "SUM-ROAD-663", "segment_id": "SUM-663-9029093801734338011057" }, "geometry": { "type": "LineString", "coordinates": [ [ -84.444448750633711, 42.197060938254509 ], [ -84.442997606892291, 42.197956552236825 ], [ -84.442705073841225, 42.19813598970309 ], [ -84.442452697421771, 42.198260454315033 ] ] } },
{ "type": "Feature", "properties": { "road_id": "SUM-ROAD-664", "segment_id": "SUM-664-33809283801734538017347" }, "geometry": { "type": "LineString", "coordinates": [ [ -84.449440618683624, 42.199258147612881 ], [ -84.449451593956226, 42.199069986847896 ], [ -84.449509319487504, 42.198952913136353 ], [ -84.449620297908211, 42.198838727340572 ], [ -84.449774768357159, 42.198714431440294 ], [ -84.449930354558134, 42.198589056463234 ], [ -84.450070110355441, 42.198447127006197 ], [ -84.450208032792574, 42.19823589368724 ], [ -84.450307088452263, 42.198002801961103 ], [ -84.450356668119213, 42.197742374671016 ], [ -84.450420440279828, 42.197487473742122 ], [ -84.450453940157743, 42.197296098137954 ], [ -84.450445481062943, 42.197205387370339 ], [ -84.45040763301968, 42.197123107444668 ] ] } },
{ "type": "Feature", "properties": { "road_id": "SUM-ROAD-665", "segment_id": "SUM-665-33809293801734738017348" }, "geometry": { "type": "LineString", "coordinates": [ [ -84.45040763301968, 42.197123107444668 ], [ -84.450963794204995, 42.197117176630194 ], [ -84.451192592341897, 42.197118877962076 ], [ -84.451282741162004, 42.19712610673043 ], [ -84.451349388226305, 42.197172642241931 ], [ -84.451540292021718, 42.197305941179039 ] ] } },
{ "type": "Feature", "properties": { "road_id": "SUM-ROAD-666", "segment_id": "SUM-666-33809283801734738017343" }, "geometry": { "type": "LineString", "coordinates": [ [ -84.45040763301968, 42.197123107444668 ], [ -84.450340151523477, 42.19705040522706 ], [ -84.450221424304644, 42.196990801765082 ], [ -84.45008859227859, 42.196960801155925 ], [ -84.449668306915086, 42.196940029696336 ], [ -84.449025531615675, 42.196912835714009 ], [ -84.448691589565456, 42.196911478822265 ], [ -84.44851517183325, 42.196932190558158 ], [ -84.447718001302107, 42.197166458993067 ], [ -84.446665003656065, 42.197510976127376 ], [ -84.446435202042125, 42.197573913331119 ], [ -84.446220483314036, 42.197587685218068 ], [ -84.445671758255457, 42.197582541824097 ], [ -84.445225174405579, 42.197593174740248 ], [ -84.445136613909497, 42.197587896563746 ], [ -84.445046721568232, 42.197563755967607 ], [ -84.444959388720562, 42.197510041198157 ], [ -84.444824463419451, 42.197405859956632 ], [ -84.444448750633711, 42.197060938254509 ] ] } },
{ "type": "Feature", "properties": { "road_id": "SUM-ROAD-667", "segment_id": "SUM-667-33814753801733838017335" }, "geometry": { "type": "LineString", "coordinates": [ [ -84.473001596325645, 42.196282051004957 ], [ -84.473149305011134, 42.196480471487618 ], [ -84.473351016346129, 42.19663035489323 ], [ -84.473553574590653, 42.196746302532979 ], [ -84.473779797115228, 42.196828627513582 ], [ -84.474119976467165, 42.196918177817821 ], [ -84.47505135170239, 42.197100727199071 ], [ -84.475266027328942, 42.197162555165306 ], [ -84.475424237531485, 42.197222004901811 ], [ -84.475568537517248, 42.197311996231491 ], [ -84.475726509091245, 42.197456655727521 ], [ -84.475800419493524, 42.197581999859949 ], [ -84.475846333053994, 42.197699974476684 ], [ -84.475858035067773, 42.197885775597989 ], [ -84.475874327974921, 42.198144460246404 ] ] } },
{ "type": "Feature", "properties": { "road_id": "SUM-ROAD-668", "segment_id": "SUM-668-33800803801131038011248" }, "geometry": { "type": "LineString", "coordinates": [ [ -84.450388856468464, 42.19592117973739 ], [ -84.450385744809708, 42.196373577985689 ] ] } },
{ "type": "Feature", "properties": { "road_id": "SUM-ROAD-669", "segment_id": "SUM-669-33800803801842738011310" }, "geometry": { "type": "LineString", "coordinates": [ [ -84.450627865809395, 42.195573635575343 ], [ -84.450388856468464, 42.19592117973739 ] ] } },
{ "type": "Feature", "properties": { "road_id": "SUM-ROAD-670", "segment_id": "SUM-670-9029093801136338017343" }, "geometry": { "type": "LineString", "coordinates": [ [ -84.44715695768852, 42.195314404536383 ], [ -84.444448750633711, 42.197060938254509 ] ] } },
{ "type": "Feature", "properties": { "road_id": "SUM-ROAD-671", "segment_id": "SUM-671-9029093801141038011363" }, "geometry": { "type": "LineString", "coordinates": [ [ -84.447734949270185, 42.194950684974117 ], [ -84.44715695768852, 42.195314404536383 ] ] } },
{ "type": "Feature", "properties": { "road_id": "SUM-ROAD-672", "segment_id": "SUM-672-9054013801131038011410" }, "geometry": { "type": "LineString", "coordinates": [ [ -84.450388856468464, 42.19592117973739 ], [ -84.449017559400943, 42.195930516591822 ], [ -84.448757758092171, 42.195928442279325 ], [ -84.448588389834228, 42.195913608283341 ], [ -84.448463289763524, 42.195888485340909 ], [ -84.448367951770109, 42.195846637265362 ], [ -84.448265020694009, 42.195773517302364 ], [ -84.448128960982928, 42.195601763739766 ], [ -84.447734949270185, 42.194950684974117 ] ] } },
{ "type": "Feature", "properties": { "road_id": "SUM-ROAD-673", "segment_id": "SUM-673-9056063801147138018570" }, "geometry": { "type": "LineString", "coordinates": [ [ -84.436615289703326, 42.194225492467133 ], [ -84.435829352566245, 42.194238876970729 ], [ -84.435687488908869, 42.194247735720261 ], [ -84.435595116155781, 42.194262720099864 ], [ -84.435510741561856, 42.194273258223362 ], [ -84.435436710716829, 42.19429045575361 ], [ -84.435375972544676, 42.19432194528801 ], [ -84.435327114075747, 42.194357625223141 ], [ -84.434973064542262, 42.194635742626552 ], [ -84.434904732884547, 42.194684663335792 ], [ -84.434826966630709, 42.194727749822249 ], [ -84.434741393256033, 42.194759279743778 ], [ -84.434587868716832, 42.194798007932981 ], [ -84.434439901257861, 42.194822702437868 ], [ -84.433957779072855, 42.194854855785813 ], [ -84.433161012813201, 42.194899608900002 ], [ -84.433025690142031, 42.194902243940618 ], [ -84.432901811372986, 42.194900422916255 ], [ -84.432759153896072, 42.194880849446314 ], [ -84.432674284678654, 42.194852214601916 ], [ -84.432610383033833, 42.194822553418526 ] ] } },
{ "type": "Feature", "properties": { "road_id": "SUM-ROAD-674", "segment_id": "SUM-674-9029103801147138010948" }, "geometry": { "type": "LineString", "coordinates": [ [ -84.436615289703326, 42.194225492467133 ], [ -84.437269795542619, 42.196674964180119 ], [ -84.438017074111627, 42.19935332442644 ] ] } },
{ "type": "Feature", "properties": { "road_id": "SUM-ROAD-675", "segment_id": "SUM-675-33800803801148138018427" }, "geometry": { "type": "LineString", "coordinates": [ [ -84.451156147196755, 42.194228823356326 ], [ -84.451141698165898, 42.194656011466286 ], [ -84.451112902102125, 42.194789992338947 ], [ -84.451056461402189, 42.194900490067852 ], [ -84.45081832951395, 42.195264571464591 ], [ -84.450627865809395, 42.195573635575343 ] ] } },
{ "type": "Feature", "properties": { "road_id": "SUM-ROAD-676", "segment_id": "SUM-676-9038083801147338011481" }, "geometry": { "type": "LineString", "coordinates": [ [ -84.45438194124128, 42.194382277845584 ], [ -84.451156147196755, 42.194228823356326 ] ] } },
{ "type": "Feature", "properties": { "road_id": "SUM-ROAD-677", "segment_id": "SUM-677-9029093801151438011410" }, "geometry": { "type": "LineString", "coordinates": [ [ -84.44932144957717, 42.193969716800503 ], [ -84.447734949270185, 42.194950684974117 ] ] } },
{ "type": "Feature", "properties": { "road_id": "SUM-ROAD-678", "segment_id": "SUM-678-9038083801148138011514" }, "geometry": { "type": "LineString", "coordinates": [ [ -84.451156147196755, 42.194228823356326 ], [ -84.450804218273035, 42.194204877153744 ], [ -84.450302241080436, 42.194137941846812 ], [ -84.44932144957717, 42.193969716800503 ] ] } },
{ "type": "Feature", "properties": { "road_id": "SUM-ROAD-679", "segment_id": "SUM-679-9038083801151838011473" }, "geometry": { "type": "LineString", "coordinates": [ [ -84.45583072880143, 42.193966003886693 ], [ -84.454580986201194, 42.194361391384739 ], [ -84.45438194124128, 42.194382277845584 ] ] } },
{ "type": "Feature", "properties": { "road_id": "SUM-ROAD-680", "segment_id": "SUM-680-33809243801733838017339" }, "geometry": { "type": "LineString", "coordinates": [ [ -84.473001596325645, 42.196282051004957 ], [ -84.474178838471616, 42.196081609206878 ], [ -84.474569999542098, 42.195956857199896 ], [ -84.474910023479779, 42.195746531248325 ], [ -84.475167502791706, 42.195489805753134 ], [ -84.475279616583336, 42.195265029125231 ], [ -84.475362147847306, 42.195005896845281 ], [ -84.475387497348677, 42.194904402422658 ], [ -84.475368335475849, 42.194757032425159 ], [ -84.475298039807598, 42.194524089082741 ], [ -84.475225663287787, 42.194332662253089 ], [ -84.475119558417902, 42.194052024274015 ] ] } },
{ "type": "Feature", "properties": { "road_id": "SUM-ROAD-681", "segment_id": "SUM-681-9056063801857038011557" }, "geometry": { "type": "LineString", "coordinates": [ [ -84.432610383033833, 42.194822553418526 ], [ -84.432435336583055, 42.194733461713298 ], [ -84.432305112317323, 42.19465179932314 ], [ -84.432185108457304, 42.194560999339139 ], [ -84.432095619277334, 42.194448354484244 ], [ -84.432046871623314, 42.194322287618462 ], [ -84.432022016135704, 42.194130122709254 ], [ -84.432001510719928, 42.193936255480239 ], [ -84.431961639184124, 42.193796539872103 ], [ -84.431865299801515, 42.193643601781147 ], [ -84.43171790188228, 42.193527215336196 ], [ -84.431622173835109, 42.193481135448685 ], [ -84.431499596260451, 42.193439645753593 ], [ -84.431130340695802, 42.193374789786404 ], [ -84.429735685380123, 42.193158898966708 ] ] } },
{ "type": "Feature", "properties": { "road_id": "SUM-ROAD-682", "segment_id": "SUM-682-9039023801159038011473" }, "geometry": { "type": "LineString", "coordinates": [ [ -84.45450506865923, 42.193098818674578 ], [ -84.454441712648574, 42.193290763998618 ], [ -84.454404012004943, 42.193571643338252 ], [ -84.45438194124128, 42.194382277845584 ] ] } },
{ "type": "Feature", "properties": { "road_id": "SUM-ROAD-683", "segment_id": "SUM-683-9029093801160738011514" }, "geometry": { "type": "LineString", "coordinates": [ [ -84.451188912450007, 42.192770851307102 ], [ -84.451044782282409, 42.192895870728272 ], [ -84.450942029469275, 42.192950913127277 ], [ -84.450778956272856, 42.19305991919019 ], [ -84.450527870594826, 42.193213960625691 ], [ -84.44932144957717, 42.193969716800503 ] ] } },
{ "type": "Feature", "properties": { "road_id": "SUM-ROAD-684", "segment_id": "SUM-684-9053103801159038011607" }, "geometry": { "type": "LineString", "coordinates": [ [ -84.45450506865923, 42.193098818674578 ], [ -84.454337090376185, 42.193122682513604 ], [ -84.453763948640983, 42.193182560689991 ], [ -84.453601125419496, 42.193181575802846 ], [ -84.453386328280871, 42.193158041770651 ], [ -84.452974958463358, 42.193054606442068 ], [ -84.452317847458843, 42.192904691162852 ], [ -84.451979162353766, 42.192838768925121 ], [ -84.451558911131002, 42.192810799903164 ], [ -84.451188912450007, 42.192770851307102 ] ] } },
{ "type": "Feature", "properties": { "road_id": "SUM-ROAD-685", "segment_id": "SUM-685-9038083801161438011518" }, "geometry": { "type": "LineString", "coordinates": [ [ -84.458928089470774, 42.19274064573699 ], [ -84.45752433953173, 42.193353289312185 ], [ -84.456942147784716, 42.193596510808796 ], [ -84.45583072880143, 42.193966003886693 ] ] } },
{ "type": "Feature", "properties": { "road_id": "SUM-ROAD-686", "segment_id": "SUM-686-9039023801163738011590" }, "geometry": { "type": "LineString", "coordinates": [ [ -84.455073721587453, 42.192442161220598 ], [ -84.454642228543563, 42.19297956026459 ], [ -84.45450506865923, 42.193098818674578 ] ] } },
{ "type": "Feature", "properties": { "road_id": "SUM-ROAD-687", "segment_id": "SUM-687-33809233801841638017333" }, "geometry": { "type": "LineString", "coordinates": [ [ -84.47568829908306, 42.192713661738857 ], [ -84.475926385591237, 42.192894154099861 ] ] } },
{ "type": "Feature", "properties": { "road_id": "SUM-ROAD-688", "segment_id": "SUM-688-9029103801977338011471" }, "geometry": { "type": "LineString", "coordinates": [ [ -84.435902764980852, 42.192032720708774 ], [ -84.436041669329072, 42.19227864258891 ], [ -84.436157447328611, 42.19253698916534 ], [ -84.436250403025184, 42.192868176655281 ], [ -84.436615289703326, 42.194225492467133 ] ] } },
{ "type": "Feature", "properties": { "road_id": "SUM-ROAD-689", "segment_id": "SUM-689-9054123801136338018577" }, "geometry": { "type": "LineString", "coordinates": [ [ -84.44715695768852, 42.195314404536383 ], [ -84.446955550855577, 42.195092214803374 ], [ -84.446803652954557, 42.194914217894556 ], [ -84.446703994702062, 42.194782336706943 ], [ -84.446641285222128, 42.194697777883164 ], [ -84.446622034469257, 42.194629429152322 ], [ -84.446554592214568, 42.193009587547323 ], [ -84.446554907860204, 42.192738128883718 ], [ -84.446546979730314, 42.192533199992489 ], [ -84.446502321227214, 42.192397655712234 ], [ -84.446441955328382, 42.192278146302989 ], [ -84.446350297883356, 42.192185833253433 ], [ -84.446247056361827, 42.192119366524217 ], [ -84.446117223811356, 42.192067157102201 ], [ -84.445978073831213, 42.192037573783459 ], [ -84.445787638168554, 42.192032637388444 ] ] } },
{ "type": "Feature", "properties": { "road_id": "SUM-ROAD-690", "segment_id": "SUM-690-9054123801857738011650" }, "geometry": { "type": "LineString", "coordinates": [ [ -84.445787638168554, 42.192032637388444 ], [ -84.444974674412066, 42.192011559188138 ], [ -84.442663787259832, 42.19206538814597 ] ] } },
{ "type": "Feature", "properties": { "road_id": "SUM-ROAD-691", "segment_id": "SUM-691-33809233801733638018416" }, "geometry": { "type": "LineString", "coordinates": [ [ -84.475401566951263, 42.192158977948111 ], [ -84.475416056842633, 42.192298810851 ], [ -84.475433211170881, 42.192396082165615 ], [ -84.475457371094777, 42.192474042334524 ], [ -84.475501277968164, 42.19254499651425 ], [ -84.475564691917, 42.192618644660101 ], [ -84.47568829908306, 42.192713661738857 ] ] } },
{ "type": "Feature", "properties": { "road_id": "SUM-ROAD-692", "segment_id": "SUM-692-33814753801733738017338" }, "geometry": { "type": "LineString", "coordinates": [ [ -84.474024841475185, 42.192048693712458 ], [ -84.473937855011826, 42.192213565838159 ], [ -84.473893259562459, 42.192279733803836 ], [ -84.473833339462601, 42.192334075200542 ], [ -84.473771576809483, 42.192384036802629 ], [ -84.473711981544668, 42.19242531849045 ], [ -84.473549286476128, 42.192517148381825 ], [ -84.473252244624589, 42.192653336234464 ], [ -84.472933456593566, 42.19280368603453 ], [ -84.472644475480053, 42.192928413628941 ], [ -84.472358265138695, 42.193098009971557 ], [ -84.472154856518344, 42.193222469319501 ], [ -84.472027339295551, 42.193345082425431 ], [ -84.471869500151257, 42.193486755320265 ], [ -84.471734136760062, 42.193728182875731 ], [ -84.471673987306104, 42.194004593880585 ], [ -84.471675250235279, 42.194259219779248 ], [ -84.471737503440224, 42.194509028282155 ], [ -84.471832155732329, 42.194680071526641 ], [ -84.471856293695822, 42.194712346045016 ], [ -84.471964699086996, 42.194857294591444 ], [ -84.472550938095651, 42.195453798652785 ], [ -84.472749404866704, 42.195733772534368 ], [ -84.472871952322976, 42.196007041927686 ], [ -84.473001596325645, 42.196282051004957 ] ] } },
{ "type": "Feature", "properties": { "road_id": "SUM-ROAD-693", "segment_id": "SUM-693-33809223801733638017337" }, "geometry": { "type": "LineString", "coordinates": [ [ -84.475401566951263, 42.192158977948111 ], [ -84.474024841475185, 42.192048693712458 ] ] } },
{ "type": "Feature", "properties": { "road_id": "SUM-ROAD-694", "segment_id": "SUM-694-9029093801168938011607" }, "geometry": { "type": "LineString", "coordinates": [ [ -84.45217373187333, 42.191558438417786 ], [ -84.451462301464886, 42.192419179666231 ], [ -84.451188912450007, 42.192770851307102 ] ] } },
{ "type": "Feature", "properties": { "road_id": "SUM-ROAD-695", "segment_id": "SUM-695-9053093801163738011689" }, "geometry": { "type": "LineString", "coordinates": [ [ -84.455073721587453, 42.192442161220598 ], [ -84.454963022501786, 42.192396606001772 ], [ -84.454083590475207, 42.192215498718866 ], [ -84.453600736512783, 42.192098514173694 ], [ -84.453215344919499, 42.191994615666736 ], [ -84.45217373187333, 42.191558438417786 ] ] } },
{ "type": "Feature", "properties": { "road_id": "SUM-ROAD-696", "segment_id": "SUM-696-9039023801171038011637" }, "geometry": { "type": "LineString", "coordinates": [ [ -84.455955955207259, 42.191312065549631 ], [ -84.455656319272663, 42.191755536690771 ], [ -84.455370917501895, 42.192113549011765 ], [ -84.455073721587453, 42.192442161220598 ] ] } },
{ "type": "Feature", "properties": { "road_id": "SUM-ROAD-697", "segment_id": "SUM-697-33814763801733738020352" }, "geometry": { "type": "LineString", "coordinates": [ [ -84.474024841475185, 42.192048693712458 ], [ -84.474036404464016, 42.191940539458685 ], [ -84.474035065680141, 42.191837446646211 ], [ -84.47402046274928, 42.191718201249465 ], [ -84.473975972426516, 42.191623224338542 ], [ -84.473913809777486, 42.191532360414257 ], [ -84.473881357336026, 42.191501846425396 ] ] } },
{ "type": "Feature", "properties": { "road_id": "SUM-ROAD-698", "segment_id": "SUM-698-33812283801977338019774" }, "geometry": { "type": "LineString", "coordinates": [ [ -84.435902764980852, 42.192032720708774 ], [ -84.436749876987065, 42.191838927136423 ], [ -84.436934534458885, 42.191784146497419 ], [ -84.4370467856739, 42.191731932824226 ], [ -84.437164223701785, 42.191665445114829 ], [ -84.437257464926674, 42.191602204428229 ], [ -84.437399554155334, 42.191514546307296 ], [ -84.437532274505742, 42.191415997005628 ], [ -84.43768928329267, 42.191310617355718 ], [ -84.437831371270008, 42.191222958697473 ], [ -84.437933704750719, 42.191181362769115 ], [ -84.438060235601526, 42.191136521259772 ], [ -84.438190946937283, 42.191116842717214 ], [ -84.438408252436275, 42.19110555562591 ], [ -84.438615460760715, 42.191112057290425 ], [ -84.438774276606452, 42.191125050810648 ], [ -84.438913535607327, 42.191148528097884 ], [ -84.439047518254569, 42.191189862227034 ], [ -84.439262544452475, 42.191268200304386 ], [ -84.440379980048107, 42.191703513649237 ], [ -84.440523514873703, 42.191748566329629 ], [ -84.440672509342164, 42.191768592194606 ], [ -84.441226556331159, 42.191790722284239 ], [ -84.441728663716191, 42.19176908307125 ], [ -84.441792064357401, 42.191741282156137 ], [ -84.441821627454019, 42.19171659303521 ], [ -84.441857832894101, 42.191620270506689 ], [ -84.441904679438707, 42.191484647081744 ], [ -84.441926603843029, 42.191380950080429 ], [ -84.441945071745138, 42.191223410889386 ], [ -84.441964364924559, 42.190653452640191 ], [ -84.441957908514055, 42.190527839847277 ], [ -84.441940536865502, 42.190452282286536 ], [ -84.44193275387353, 42.190440178922699 ] ] } },
{ "type": "Feature", "properties": { "road_id": "SUM-ROAD-699", "segment_id": "SUM-699-9069023801175738011731" }, "geometry": { "type": "LineString", "coordinates": [ [ -84.472715774794608, 42.190778671458418 ], [ -84.472157175033018, 42.191137415554842 ], [ -84.472129345473348, 42.191155688356297 ] ] } },
{ "type": "Feature", "properties": { "road_id": "SUM-ROAD-700", "segment_id": "SUM-700-9038093801175738011736" }, "geometry": { "type": "LineString", "coordinates": [ [ -84.472715774794608, 42.190778671458418 ], [ -84.473240248524846, 42.191063340599825 ] ] } },
{ "type": "Feature", "properties": { "road_id": "SUM-ROAD-701", "segment_id": "SUM-701-9029093801175538011689" }, "geometry": { "type": "LineString", "coordinates": [ [ -84.453047825519022, 42.190451504735016 ], [ -84.452789888127441, 42.190749195720699 ], [ -84.45217373187333, 42.191558438417786 ] ] } },
{ "type": "Feature", "properties": { "road_id": "SUM-ROAD-702", "segment_id": "SUM-702-9053083801171038011755" }, "geometry": { "type": "LineString", "coordinates": [ [ -84.455955955207259, 42.191312065549631 ], [ -84.455432890750345, 42.191191126682902 ], [ -84.454532166686178, 42.191024324341427 ], [ -84.454081870730235, 42.190886931991876 ], [ -84.453486263082056, 42.190651101373689 ], [ -84.453047825519022, 42.190451504735016 ] ] } },
{ "type": "Feature", "properties": { "road_id": "SUM-ROAD-703", "segment_id": "SUM-703-33812283801977438019772" }, "geometry": { "type": "LineString", "coordinates": [ [ -84.44193275387353, 42.190440178922699 ], [ -84.441790356318819, 42.190218753003982 ] ] } },
{ "type": "Feature", "properties": { "road_id": "SUM-ROAD-704", "segment_id": "SUM-704-9029083801176938011707" }, "geometry": { "type": "LineString", "coordinates": [ [ -84.467092557726446, 42.190517753444027 ], [ -84.467719060517837, 42.19163050965026 ], [ -84.467759046374482, 42.191707350779559 ] ] } },
{ "type": "Feature", "properties": { "road_id": "SUM-ROAD-705", "segment_id": "SUM-705-9038053801176938011772" }, "geometry": { "type": "LineString", "coordinates": [ [ -84.467092557726446, 42.190517753444027 ], [ -84.466899846516895, 42.190581962500495 ], [ -84.466745515559907, 42.190623953304865 ], [ -84.466596862377173, 42.190636606233483 ], [ -84.466453427660284, 42.190638300061906 ], [ -84.46630523394559, 42.190632573858586 ], [ -84.466150315447038, 42.190599176798003 ], [ -84.46563106350024, 42.190404464564594 ], [ -84.465483422160744, 42.190376682795048 ], [ -84.465328090858691, 42.19035982549569 ], [ -84.465182047367392, 42.190366997160218 ], [ -84.464771813196222, 42.190463992405576 ] ] } },
{ "type": "Feature", "properties": { "road_id": "SUM-ROAD-706", "segment_id": "SUM-706-9039023801178538011710" }, "geometry": { "type": "LineString", "coordinates": [ [ -84.456726723720465, 42.190026946682373 ], [ -84.456402742436211, 42.190635207775266 ], [ -84.455955955207259, 42.191312065549631 ] ] } },
{ "type": "Feature", "properties": { "road_id": "SUM-ROAD-707", "segment_id": "SUM-707-9038053801179138011769" }, "geometry": { "type": "LineString", "coordinates": [ [ -84.472138609862839, 42.190188551734522 ], [ -84.471715509796994, 42.19024461751679 ], [ -84.471437243507339, 42.190277919116319 ], [ -84.471154048060612, 42.190286394828149 ], [ -84.470826990658949, 42.190273632482743 ], [ -84.470533421194858, 42.190253078935541 ], [ -84.470394853576963, 42.19024704127694 ], [ -84.470161783402858, 42.190247952868518 ], [ -84.469833595549673, 42.190280561918641 ], [ -84.469477157560007, 42.190333412726091 ], [ -84.469232376500216, 42.190358918988053 ], [ -84.46896602618159, 42.190359368787568 ], [ -84.468678208701249, 42.190330636865689 ], [ -84.468307292891652, 42.190296630064076 ], [ -84.467929594008211, 42.190312044718993 ], [ -84.467595239251082, 42.190369321276556 ], [ -84.467349426529054, 42.190436072619775 ], [ -84.467092557726446, 42.190517753444027 ] ] } },
{ "type": "Feature", "properties": { "road_id": "SUM-ROAD-708", "segment_id": "SUM-708-9038093801179138011757" }, "geometry": { "type": "LineString", "coordinates": [ [ -84.472138609862839, 42.190188551734522 ], [ -84.472318354525527, 42.190514143365519 ], [ -84.472455281303283, 42.190626643621115 ], [ -84.472715774794608, 42.190778671458418 ] ] } },
{ "type": "Feature", "properties": { "road_id": "SUM-ROAD-709", "segment_id": "SUM-709-9039013801179238011785" }, "geometry": { "type": "LineString", "coordinates": [ [ -84.457909859089725, 42.189921640562432 ], [ -84.457610228305199, 42.189955723251529 ], [ -84.457263035536144, 42.190010724864734 ], [ -84.456976960869738, 42.190031894230636 ], [ -84.456726723720465, 42.190026946682373 ] ] } },
{ "type": "Feature", "properties": { "road_id": "SUM-ROAD-710", "segment_id": "SUM-710-9039013801161438011792" }, "geometry": { "type": "LineString", "coordinates": [ [ -84.458928089470774, 42.19274064573699 ], [ -84.458864277686999, 42.192642603558959 ], [ -84.458619981173953, 42.192358107687404 ], [ -84.458455687397716, 42.192123809828061 ], [ -84.458379590020229, 42.191954013477329 ], [ -84.458346466276339, 42.191767238070327 ], [ -84.458379808964537, 42.191381009038871 ], [ -84.458543428557419, 42.190325153407642 ], [ -84.45853234344743, 42.190201961220033 ], [ -84.458482659128876, 42.19010987111411 ], [ -84.4583900924696, 42.190031245476803 ], [ -84.458268643687077, 42.189973312165947 ], [ -84.458127198877008, 42.189923728558334 ], [ -84.457909859089725, 42.189921640562432 ] ] } },
{ "type": "Feature", "properties": { "road_id": "SUM-ROAD-711", "segment_id": "SUM-711-9029093801180538011755" }, "geometry": { "type": "LineString", "coordinates": [ [ -84.453947967942923, 42.189372137035242 ], [ -84.453159887464793, 42.190319969832466 ], [ -84.453047825519022, 42.190451504735016 ] ] } },
{ "type": "Feature", "properties": { "road_id": "SUM-ROAD-712", "segment_id": "SUM-712-9039013801178538011805" }, "geometry": { "type": "LineString", "coordinates": [ [ -84.456726723720465, 42.190026946682373 ], [ -84.456388148678428, 42.190005138856343 ], [ -84.45610630870415, 42.189988365985805 ], [ -84.455794853996707, 42.189963702706358 ], [ -84.455469388029655, 42.189907833740158 ], [ -84.455166089076599, 42.189849755723316 ], [ -84.454947191810049, 42.189795095421147 ], [ -84.454591181021996, 42.189673450554118 ], [ -84.454176878456352, 42.18950171897577 ], [ -84.453947967942923, 42.189372137035242 ] ] } },
{ "type": "Feature", "properties": { "road_id": "SUM-ROAD-713", "segment_id": "SUM-713-33809233801754138017336" }, "geometry": { "type": "LineString", "coordinates": [ [ -84.476251683210876, 42.189594103911261 ], [ -84.47629897231765, 42.19007932134884 ], [ -84.476340319003256, 42.190249337448556 ], [ -84.476485943207663, 42.190569780065758 ], [ -84.476522154602705, 42.190672471864914 ], [ -84.476545752215003, 42.190795716555691 ], [ -84.476542797939302, 42.190914632083214 ], [ -84.476525926955958, 42.191057147089261 ], [ -84.476475000685525, 42.191175403512972 ], [ -84.476405516449859, 42.191289439665532 ], [ -84.476272265750239, 42.19139466814125 ], [ -84.476158212648755, 42.191478353135118 ], [ -84.475772367667943, 42.191663379227101 ], [ -84.47559060078207, 42.191789748999931 ], [ -84.475527331553337, 42.191868183604505 ], [ -84.475468653509779, 42.191976419876958 ], [ -84.475401566951263, 42.192158977948111 ] ] } },
{ "type": "Feature", "properties": { "road_id": "SUM-ROAD-714", "segment_id": "SUM-714-9029083801181638011769" }, "geometry": { "type": "LineString", "coordinates": [ [ -84.46689032468187, 42.1891824782657 ], [ -84.466913480590165, 42.190047791138163 ], [ -84.466931201686918, 42.190134683910067 ], [ -84.466993391562966, 42.190360479599818 ], [ -84.467092557726446, 42.190517753444027 ] ] } },
{ "type": "Feature", "properties": { "road_id": "SUM-ROAD-715", "segment_id": "SUM-715-9038083801181638011614" }, "geometry": { "type": "LineString", "coordinates": [ [ -84.46689032468187, 42.1891824782657 ], [ -84.465037377353283, 42.189149130851256 ], [ -84.464468159716048, 42.18915300777963 ], [ -84.46421509344448, 42.189157901917447 ], [ -84.464069680053797, 42.189192837790294 ], [ -84.46396180604269, 42.189261883834249 ], [ -84.46326216450565, 42.189964310022013 ], [ -84.462268666458414, 42.191003082469344 ], [ -84.462016813232765, 42.19124519645387 ], [ -84.461813603840781, 42.191385172797183 ], [ -84.461524932302979, 42.191563945946527 ], [ -84.461112550226559, 42.191775271831723 ], [ -84.458928089470774, 42.19274064573699 ] ] } },
{ "type": "Feature", "properties": { "road_id": "SUM-ROAD-716", "segment_id": "SUM-716-9038083801181838011816" }, "geometry": { "type": "LineString", "coordinates": [ [ -84.470594356759548, 42.189173564155297 ], [ -84.46689032468187, 42.1891824782657 ] ] } },
{ "type": "Feature", "properties": { "road_id": "SUM-ROAD-717", "segment_id": "SUM-717-9038083801181938011818" }, "geometry": { "type": "LineString", "coordinates": [ [ -84.472197079820219, 42.18917292337958 ], [ -84.470594356759548, 42.189173564155297 ] ] } },
{ "type": "Feature", "properties": { "road_id": "SUM-ROAD-718", "segment_id": "SUM-718-9038093801181938011791" }, "geometry": { "type": "LineString", "coordinates": [ [ -84.472197079820219, 42.18917292337958 ], [ -84.472148475140344, 42.189792557118707 ], [ -84.472138609862839, 42.190188551734522 ] ] } },
{ "type": "Feature", "properties": { "road_id": "SUM-ROAD-719", "segment_id": "SUM-719-33809233801733238017541" }, "geometry": { "type": "LineString", "coordinates": [ [ -84.476269837765784, 42.189196219871043 ], [ -84.476253636599594, 42.189536304723482 ], [ -84.476251683210876, 42.189594103911261 ] ] } },
{ "type": "Feature", "properties": { "road_id": "SUM-ROAD-720", "segment_id": "SUM-720-9038083801733238011819" }, "geometry": { "type": "LineString", "coordinates": [ [ -84.476269837765784, 42.189196219871043 ], [ -84.475893797508604, 42.189171636234434 ], [ -84.472197079820219, 42.18917292337958 ] ] } },
{ "type": "Feature", "properties": { "road_id": "SUM-ROAD-721", "segment_id": "SUM-721-9038083801182438017332" }, "geometry": { "type": "LineString", "coordinates": [ [ -84.477009892236651, 42.189184134978873 ], [ -84.476269837765784, 42.189196219871043 ] ] } },
{ "type": "Feature", "properties": { "road_id": "SUM-ROAD-722", "segment_id": "SUM-722-9038083802063438011824" }, "geometry": { "type": "LineString", "coordinates": [ [ -84.479178189435515, 42.189201590093305 ], [ -84.477009892236651, 42.189184134978873 ] ] } },
{ "type": "Feature", "properties": { "road_id": "SUM-ROAD-723", "segment_id": "SUM-723-33815453802063438020636" }, "geometry": { "type": "LineString", "coordinates": [ [ -84.479178189435515, 42.189201590093305 ], [ -84.479175971503182, 42.189860477785324 ], [ -84.478565473721204, 42.189960620201198 ], [ -84.478222632753898, 42.190055390160303 ], [ -84.478000456488488, 42.19018798835409 ], [ -84.477850318885217, 42.190357747064255 ], [ -84.477797205529498, 42.190537881481504 ], [ -84.477793390598748, 42.190691562764329 ], [ -84.477859596222402, 42.190963766927403 ], [ -84.477914992603417, 42.191181563777747 ], [ -84.477872688573711, 42.191416104567409 ], [ -84.477770051789904, 42.191631732012794 ], [ -84.477740576465152, 42.191839319875079 ], [ -84.477737210162971, 42.191974921296037 ], [ -84.477863303526931, 42.192284120397247 ], [ -84.477986255539562, 42.192719879021837 ], [ -84.478053586035898, 42.192946882511841 ], [ -84.478071392152657, 42.193209378205758 ], [ -84.47807300302496, 42.193634429071956 ], [ -84.478000102945956, 42.19412175908262 ], [ -84.477778146938149, 42.194813804031142 ] ] } },
{ "type": "Feature", "properties": { "road_id": "SUM-ROAD-724", "segment_id": "SUM-724-9038083801182638020634" }, "geometry": { "type": "LineString", "coordinates": [ [ -84.481410647247912, 42.189230352814761 ], [ -84.481403625137276, 42.189218532903446 ], [ -84.479178189435515, 42.189201590093305 ] ] } },
{ "type": "Feature", "properties": { "road_id": "SUM-ROAD-725", "segment_id": "SUM-725-9115023801183138011837" }, "geometry": { "type": "LineString", "coordinates": [ [ -84.43555231681124, 42.188336768716127 ], [ -84.435607430950554, 42.188370160805306 ], [ -84.435679710071724, 42.18840198152693 ], [ -84.436686829060321, 42.188407109892417 ], [ -84.436742215077444, 42.188387481688835 ], [ -84.436804368211213, 42.188333714925392 ] ] } },
{ "type": "Feature", "properties": { "road_id": "SUM-ROAD-726", "segment_id": "SUM-726-9029103801187338019773" }, "geometry": { "type": "LineString", "coordinates": [ [ -84.433600820299461, 42.187200232081828 ], [ -84.43403557636924, 42.188608267978282 ], [ -84.434148315194093, 42.18885107948342 ], [ -84.434313249446646, 42.189166994539207 ], [ -84.434400506748418, 42.189349140618951 ], [ -84.434967586998965, 42.190331473819036 ], [ -84.435395661511649, 42.191134907992193 ], [ -84.435902764980852, 42.192032720708774 ] ] } },
{ "type": "Feature", "properties": { "road_id": "SUM-ROAD-727", "segment_id": "SUM-727-33800883801187338011875" }, "geometry": { "type": "LineString", "coordinates": [ [ -84.433600820299461, 42.187200232081828 ], [ -84.435181508152255, 42.187200995862511 ] ] } },
{ "type": "Feature", "properties": { "road_id": "SUM-ROAD-728", "segment_id": "SUM-728-9152093801187838011870" }, "geometry": { "type": "LineString", "coordinates": [ [ -84.470569615809126, 42.187687416308094 ], [ -84.470465123764029, 42.187701576778402 ], [ -84.470350315827162, 42.187716550596193 ], [ -84.470092147510314, 42.187765567325421 ], [ -84.469885122841973, 42.187792570366774 ], [ -84.469428110085985, 42.187813571084071 ], [ -84.469334369062722, 42.187819120542578 ] ] } },
{ "type": "Feature", "properties": { "road_id": "SUM-ROAD-729", "segment_id": "SUM-729-33800793801181838011878" }, "geometry": { "type": "LineString", "coordinates": [ [ -84.470594356759548, 42.189173564155297 ], [ -84.470569615809126, 42.187687416308094 ] ] } },
{ "type": "Feature", "properties": { "road_id": "SUM-ROAD-730", "segment_id": "SUM-730-33800883801187538011876" }, "geometry": { "type": "LineString", "coordinates": [ [ -84.435181508152255, 42.187200995862511 ], [ -84.435482945111957, 42.187197582021753 ] ] } },
{ "type": "Feature", "properties": { "road_id": "SUM-ROAD-731", "segment_id": "SUM-731-9115023801187638011831" }, "geometry": { "type": "LineString", "coordinates": [ [ -84.435482945111957, 42.187197582021753 ], [ -84.43551210213927, 42.188243801686809 ], [ -84.435519763589809, 42.188292452717903 ], [ -84.43555231681124, 42.188336768716127 ] ] } },
{ "type": "Feature", "properties": { "road_id": "SUM-ROAD-732", "segment_id": "SUM-732-33800883801187638011877" }, "geometry": { "type": "LineString", "coordinates": [ [ -84.435482945111957, 42.187197582021753 ], [ -84.436172687296263, 42.187188973811587 ] ] } },
{ "type": "Feature", "properties": { "road_id": "SUM-ROAD-733", "segment_id": "SUM-733-33800883801187738011880" }, "geometry": { "type": "LineString", "coordinates": [ [ -84.436172687296263, 42.187188973811587 ], [ -84.436582703168312, 42.187177297295356 ], [ -84.436832563543788, 42.187126389308432 ] ] } },
{ "type": "Feature", "properties": { "road_id": "SUM-ROAD-734", "segment_id": "SUM-734-9114103801188038011837" }, "geometry": { "type": "LineString", "coordinates": [ [ -84.436832563543788, 42.187126389308432 ], [ -84.436834146691922, 42.188277947232422 ], [ -84.436804368211213, 42.188333714925392 ] ] } },
{ "type": "Feature", "properties": { "road_id": "SUM-ROAD-735", "segment_id": "SUM-735-9114083801189538011842" }, "geometry": { "type": "LineString", "coordinates": [ [ -84.43819195491875, 42.187035994424726 ], [ -84.438184541001959, 42.187874514946216 ], [ -84.438183557637771, 42.187985790841083 ] ] } },
{ "type": "Feature", "properties": { "road_id": "SUM-ROAD-736", "segment_id": "SUM-736-33800883801188038011890" }, "geometry": { "type": "LineString", "coordinates": [ [ -84.436832563543788, 42.187126389308432 ], [ -84.437229525018097, 42.187040467628869 ], [ -84.437524482444132, 42.187024857686012 ] ] } },
{ "type": "Feature", "properties": { "road_id": "SUM-ROAD-737", "segment_id": "SUM-737-33800883801189038011895" }, "geometry": { "type": "LineString", "coordinates": [ [ -84.437524482444132, 42.187024857686012 ], [ -84.43819195491875, 42.187035994424726 ] ] } },
{ "type": "Feature", "properties": { "road_id": "SUM-ROAD-738", "segment_id": "SUM-738-33800883801189538011956" }, "geometry": { "type": "LineString", "coordinates": [ [ -84.43819195491875, 42.187035994424726 ], [ -84.439119309478187, 42.187018612194528 ] ] } },
{ "type": "Feature", "properties": { "road_id": "SUM-ROAD-739", "segment_id": "SUM-739-33800883801195638017409" }, "geometry": { "type": "LineString", "coordinates": [ [ -84.439119309478187, 42.187018612194528 ], [ -84.440278067074971, 42.187013507690445 ] ] } },
{ "type": "Feature", "properties": { "road_id": "SUM-ROAD-740", "segment_id": "SUM-740-33809553801740938017410" }, "geometry": { "type": "LineString", "coordinates": [ [ -84.440278067074971, 42.187013507690445 ], [ -84.440268525290449, 42.18771617786043 ], [ -84.440266800385743, 42.187784047472043 ], [ -84.44023803812199, 42.187845759330322 ], [ -84.440182495355486, 42.187891204696612 ], [ -84.440088446924435, 42.187923107553345 ], [ -84.439606360884497, 42.18793365172386 ], [ -84.439243149237058, 42.187941594357746 ], [ -84.439216975954366, 42.187941279367443 ] ] } },
{ "type": "Feature", "properties": { "road_id": "SUM-ROAD-741", "segment_id": "SUM-741-33800883801740938011896" }, "geometry": { "type": "LineString", "coordinates": [ [ -84.440278067074971, 42.187013507690445 ], [ -84.440755649780684, 42.187000247383118 ], [ -84.441472631531937, 42.187005939816025 ], [ -84.441561967798009, 42.187000063005748 ], [ -84.441631307185617, 42.18697403103176 ] ] } },
{ "type": "Feature", "properties": { "road_id": "SUM-ROAD-742", "segment_id": "SUM-742-9152143801190038011859" }, "geometry": { "type": "LineString", "coordinates": [ [ -84.427146979881115, 42.186766644647967 ], [ -84.427070535338714, 42.187434442079564 ] ] } },
{ "type": "Feature", "properties": { "road_id": "SUM-ROAD-743", "segment_id": "SUM-743-9152243801190038011855" }, "geometry": { "type": "LineString", "coordinates": [ [ -84.427146979881115, 42.186766644647967 ], [ -84.428584470163756, 42.186758673693355 ], [ -84.428640571882099, 42.186775484194101 ], [ -84.42868710113531, 42.186798165665891 ], [ -84.428714384208149, 42.186836590835576 ], [ -84.428729428810527, 42.186879848470632 ], [ -84.428743909955529, 42.186945119939921 ], [ -84.428737825248376, 42.187025116559241 ], [ -84.428611354780486, 42.187821782707388 ] ] } },
{ "type": "Feature", "properties": { "road_id": "SUM-ROAD-744", "segment_id": "SUM-744-9029093801190438011805" }, "geometry": { "type": "LineString", "coordinates": [ [ -84.455737844020177, 42.187134830573399 ], [ -84.453947967942923, 42.189372137035242 ] ] } },
{ "type": "Feature", "properties": { "road_id": "SUM-ROAD-745", "segment_id": "SUM-745-9039023801190438011785" }, "geometry": { "type": "LineString", "coordinates": [ [ -84.455737844020177, 42.187134830573399 ], [ -84.455995988619762, 42.187221844591008 ], [ -84.456327019830596, 42.187393837870069 ], [ -84.4564808352239, 42.187509814981006 ], [ -84.456591757845075, 42.187624810437896 ], [ -84.456680050114585, 42.187724824230109 ], [ -84.456738822832136, 42.187823798506201 ], [ -84.456796841428726, 42.188005776521692 ], [ -84.456818740819841, 42.188115809327911 ], [ -84.456839983088742, 42.188357764738335 ], [ -84.456808310712105, 42.189408393001948 ], [ -84.456782078427366, 42.189687904894718 ], [ -84.456752636523078, 42.189865988039557 ], [ -84.456726723720465, 42.190026946682373 ] ] } },
{ "type": "Feature", "properties": { "road_id": "SUM-ROAD-746", "segment_id": "SUM-746-33809253801733238017342" }, "geometry": { "type": "LineString", "coordinates": [ [ -84.476269837765784, 42.189196219871043 ], [ -84.476356483723407, 42.188910916038211 ], [ -84.476468990322445, 42.188738777559365 ], [ -84.476557877530908, 42.18860020387816 ], [ -84.476535191949083, 42.188366900868864 ], [ -84.476477814397242, 42.188154301386263 ], [ -84.476469687914332, 42.188022867548099 ], [ -84.476478117847265, 42.187912841409265 ], [ -84.476589044388689, 42.187804223546976 ], [ -84.476732978120481, 42.187742658570379 ], [ -84.476819759713294, 42.187688779317071 ], [ -84.476883869483174, 42.187630353062495 ], [ -84.476936695302527, 42.187567535371315 ], [ -84.476961365239674, 42.18749162260027 ], [ -84.476954419305969, 42.187222833146848 ] ] } },
{ "type": "Feature", "properties": { "road_id": "SUM-ROAD-747", "segment_id": "SUM-747-33809563801191138011896" }, "geometry": { "type": "LineString", "coordinates": [ [ -84.441795658163443, 42.186614981533737 ], [ -84.441673773712623, 42.186924256780593 ], [ -84.441631307185617, 42.18697403103176 ] ] } },
{ "type": "Feature", "properties": { "road_id": "SUM-ROAD-748", "segment_id": "SUM-748-33800793801187838011921" }, "geometry": { "type": "LineString", "coordinates": [ [ -84.470569615809126, 42.187687416308094 ], [ -84.470693629194784, 42.187413039391934 ], [ -84.470722390837594, 42.187331444447203 ], [ -84.47075622710139, 42.187180348861347 ], [ -84.470801658863437, 42.186850748925714 ] ] } },
{ "type": "Feature", "properties": { "road_id": "SUM-ROAD-749", "segment_id": "SUM-749-9152083801192138011923" }, "geometry": { "type": "LineString", "coordinates": [ [ -84.470801658863437, 42.186850748925714 ], [ -84.470213990493761, 42.186780380899528 ], [ -84.469931822368153, 42.186746592596066 ] ] } },
{ "type": "Feature", "properties": { "road_id": "SUM-ROAD-750", "segment_id": "SUM-750-9115033801193238011875" }, "geometry": { "type": "LineString", "coordinates": [ [ -84.435188658714083, 42.186130544738425 ], [ -84.435160481578521, 42.186203630811896 ], [ -84.435181508152255, 42.187200995862511 ] ] } },
{ "type": "Feature", "properties": { "road_id": "SUM-ROAD-751", "segment_id": "SUM-751-33801263801187738011934" }, "geometry": { "type": "LineString", "coordinates": [ [ -84.436172687296263, 42.187188973811587 ], [ -84.436151710025285, 42.186141952566075 ] ] } },
{ "type": "Feature", "properties": { "road_id": "SUM-ROAD-752", "segment_id": "SUM-752-33801263801193438011932" }, "geometry": { "type": "LineString", "coordinates": [ [ -84.436151710025285, 42.186141952566075 ], [ -84.436114366272676, 42.186111931500314 ], [ -84.436059207620502, 42.186094613705386 ], [ -84.435277887289942, 42.186084781329818 ], [ -84.435218711168631, 42.186100486442221 ], [ -84.435188658714083, 42.186130544738425 ] ] } },
{ "type": "Feature", "properties": { "road_id": "SUM-ROAD-753", "segment_id": "SUM-753-9114193801189038018472" }, "geometry": { "type": "LineString", "coordinates": [ [ -84.437524482444132, 42.187024857686012 ], [ -84.437514341623682, 42.186193119587529 ], [ -84.437499675653441, 42.186081094524248 ] ] } },
{ "type": "Feature", "properties": { "road_id": "SUM-ROAD-754", "segment_id": "SUM-754-9056033801846638011900" }, "geometry": { "type": "LineString", "coordinates": [ [ -84.427049504262456, 42.185797309140952 ], [ -84.427036211582205, 42.185860114510739 ], [ -84.427035720835406, 42.186000894291006 ], [ -84.427099917435754, 42.186231607742528 ], [ -84.427133362550151, 42.186446437560839 ], [ -84.427149676167886, 42.186620470633443 ], [ -84.427146979881115, 42.186766644647967 ] ] } },
{ "type": "Feature", "properties": { "road_id": "SUM-ROAD-755", "segment_id": "SUM-755-9114193801847238011930" }, "geometry": { "type": "LineString", "coordinates": [ [ -84.437499675653441, 42.186081094524248 ], [ -84.437479368903979, 42.185925972496278 ] ] } },
{ "type": "Feature", "properties": { "road_id": "SUM-ROAD-756", "segment_id": "SUM-756-33809573801195438011911" }, "geometry": { "type": "LineString", "coordinates": [ [ -84.441557083417067, 42.185943647860171 ], [ -84.441464889309955, 42.18594421664978 ], [ -84.441375436761746, 42.185952441003202 ], [ -84.441321236324825, 42.185978228774658 ], [ -84.441266650699816, 42.186019180506513 ], [ -84.441242506245317, 42.186066249288245 ], [ -84.441243175327529, 42.186240719357222 ], [ -84.441259521913565, 42.186400239364218 ], [ -84.441273948828268, 42.186434574975166 ], [ -84.44131631662151, 42.186473096337579 ], [ -84.441381817974573, 42.186504357944344 ], [ -84.441482860781719, 42.186541807258834 ], [ -84.441795658163443, 42.186614981533737 ] ] } },
{ "type": "Feature", "properties": { "road_id": "SUM-ROAD-757", "segment_id": "SUM-757-33809563801195438011911" }, "geometry": { "type": "LineString", "coordinates": [ [ -84.441557083417067, 42.185943647860171 ], [ -84.441620419218339, 42.185944504100959 ], [ -84.441694095763239, 42.185955020638666 ], [ -84.441785038103177, 42.185988535497202 ], [ -84.441852221586288, 42.186053953403814 ], [ -84.441865828440584, 42.186221019528659 ], [ -84.441863566369406, 42.186310115157511 ], [ -84.441853031261388, 42.186423745773332 ], [ -84.4418402855068, 42.186524071222919 ], [ -84.441795658163443, 42.186614981533737 ] ] } },
{ "type": "Feature", "properties": { "road_id": "SUM-ROAD-758", "segment_id": "SUM-758-33800793801192138011949" }, "geometry": { "type": "LineString", "coordinates": [ [ -84.470801658863437, 42.186850748925714 ], [ -84.470855340500222, 42.186687607787135 ], [ -84.470990109580939, 42.186481847829548 ], [ -84.471048664540277, 42.186419080232469 ], [ -84.47115224313778, 42.18630206812113 ] ] } },
{ "type": "Feature", "properties": { "road_id": "SUM-ROAD-759", "segment_id": "SUM-759-33809273801734238017341" }, "geometry": { "type": "LineString", "coordinates": [ [ -84.476954419305969, 42.187222833146848 ], [ -84.476791996841101, 42.187201233223313 ], [ -84.476661766364941, 42.187169791063006 ], [ -84.476566121214972, 42.187121878335986 ], [ -84.476493148844639, 42.187078513463618 ], [ -84.476427238739888, 42.186980175042308 ], [ -84.47638399897707, 42.186886384504916 ], [ -84.47637007323442, 42.186759106440775 ], [ -84.476392197909405, 42.186368923569155 ] ] } },
{ "type": "Feature", "properties": { "road_id": "SUM-ROAD-760", "segment_id": "SUM-760-33810623801846638018557" }, "geometry": { "type": "LineString", "coordinates": [ [ -84.427049504262456, 42.185797309140952 ], [ -84.427010571178869, 42.185684510632484 ], [ -84.42700507820166, 42.185620842694071 ], [ -84.427004122563048, 42.185595222142865 ] ] } },
{ "type": "Feature", "properties": { "road_id": "SUM-ROAD-761", "segment_id": "SUM-761-33809253801734238011899" }, "geometry": { "type": "LineString", "coordinates": [ [ -84.476954419305969, 42.187222833146848 ], [ -84.477479631059239, 42.187265749092397 ], [ -84.477889088674686, 42.187292552005971 ], [ -84.478150288325438, 42.187325790489204 ], [ -84.478389761054061, 42.187316368891381 ], [ -84.478607192438474, 42.187276990442982 ], [ -84.478859839677412, 42.187195732533972 ], [ -84.478964646236946, 42.187103974083008 ], [ -84.479012090192668, 42.18702837333548 ], [ -84.479014295955906, 42.186939442782226 ], [ -84.478988030683851, 42.186850122549146 ], [ -84.478939409136032, 42.186743549998887 ], [ -84.478879924126446, 42.186615647276739 ], [ -84.478842691767198, 42.186509230930717 ], [ -84.478816216833891, 42.186428379670879 ], [ -84.4788288662036, 42.186377719108563 ], [ -84.478900774399676, 42.186296041351866 ] ] } },
{ "type": "Feature", "properties": { "road_id": "SUM-ROAD-762", "segment_id": "SUM-762-33800793801194938011962" }, "geometry": { "type": "LineString", "coordinates": [ [ -84.47115224313778, 42.18630206812113 ], [ -84.471290547911849, 42.186212127744732 ], [ -84.47134605786438, 42.186183550697528 ], [ -84.471667021869791, 42.186057564114698 ], [ -84.471778162925858, 42.185995520925637 ], [ -84.47182945181811, 42.18596036466694 ], [ -84.471863369097349, 42.185923037697577 ] ] } },
{ "type": "Feature", "properties": { "road_id": "SUM-ROAD-763", "segment_id": "SUM-763-9056033801749938018466" }, "geometry": { "type": "LineString", "coordinates": [ [ -84.42878489642473, 42.18495570063012 ], [ -84.427771290263493, 42.185422788882804 ], [ -84.427615938142168, 42.185491961036249 ], [ -84.427174966779489, 42.185688306928256 ], [ -84.427090309623125, 42.185743583685124 ], [ -84.427049504262456, 42.185797309140952 ] ] } },
{ "type": "Feature", "properties": { "road_id": "SUM-ROAD-764", "segment_id": "SUM-764-9114033801847738011948" }, "geometry": { "type": "LineString", "coordinates": [ [ -84.441665114982982, 42.185106434479643 ], [ -84.441672924409616, 42.185257087816751 ] ] } },
{ "type": "Feature", "properties": { "road_id": "SUM-ROAD-765", "segment_id": "SUM-765-9114053801197238011956" }, "geometry": { "type": "LineString", "coordinates": [ [ -84.440197411149995, 42.18506089989534 ], [ -84.440277886086875, 42.185244992706885 ], [ -84.440303127567446, 42.185372435402165 ], [ -84.440246141406547, 42.185790449458878 ], [ -84.44023627009102, 42.185925651659382 ], [ -84.440200499562877, 42.185982111545179 ], [ -84.440154294456718, 42.186033514495811 ], [ -84.440082410507031, 42.186056075066745 ], [ -84.439994809355809, 42.186073503484756 ], [ -84.439935379534035, 42.186073650703179 ], [ -84.439678265079849, 42.186066279144633 ], [ -84.439435284903254, 42.186071462913212 ], [ -84.439284429838608, 42.186072226428415 ], [ -84.439198851815689, 42.186119015317274 ], [ -84.439156279670726, 42.186166409092998 ], [ -84.439122944006172, 42.186241006204227 ], [ -84.439121836305659, 42.186346568413725 ], [ -84.439119309478187, 42.187018612194528 ] ] } },
{ "type": "Feature", "properties": { "road_id": "SUM-ROAD-766", "segment_id": "SUM-766-33814363802166038020270" }, "geometry": { "type": "LineString", "coordinates": [ [ -84.458317295024329, 42.185241429089018 ], [ -84.45846765726489, 42.185328611336573 ], [ -84.458687095379361, 42.1854651834553 ], [ -84.458852455934405, 42.185536544909922 ], [ -84.459036614228566, 42.185598958486999 ], [ -84.459202899077098, 42.185633498897872 ], [ -84.459542815820967, 42.185656637071858 ], [ -84.460743656587312, 42.185664100050424 ], [ -84.460854821399636, 42.185674851548853 ], [ -84.460990165839519, 42.185708959076365 ], [ -84.461166636283536, 42.185831117375706 ], [ -84.461191275364158, 42.185836064070386 ] ] } },
{ "type": "Feature", "properties": { "road_id": "SUM-ROAD-767", "segment_id": "SUM-767-9029093802026938011904" }, "geometry": { "type": "LineString", "coordinates": [ [ -84.456950270362213, 42.185096302826551 ], [ -84.456944127516195, 42.185403436121916 ], [ -84.456829428220985, 42.185660275886178 ], [ -84.456655317959545, 42.185948897596369 ], [ -84.455737844020177, 42.187134830573399 ] ] } },
{ "type": "Feature", "properties": { "road_id": "SUM-ROAD-768", "segment_id": "SUM-768-9029103801197738011873" }, "geometry": { "type": "LineString", "coordinates": [ [ -84.43157971293023, 42.184721456789802 ], [ -84.431805021951078, 42.184864261813971 ], [ -84.432749549794707, 42.18560956337145 ], [ -84.432838198085662, 42.185681071172787 ], [ -84.432940466310981, 42.185792351365514 ], [ -84.433035930968686, 42.185886333766405 ], [ -84.433093411679451, 42.18596253761379 ], [ -84.433157415628216, 42.18605703053727 ], [ -84.433214364769967, 42.186154023519641 ], [ -84.43333076293581, 42.186387041092388 ], [ -84.433458933591027, 42.186726235924127 ], [ -84.433600820299461, 42.187200232081828 ] ] } },
{ "type": "Feature", "properties": { "road_id": "SUM-ROAD-769", "segment_id": "SUM-769-33814363802026938021660" }, "geometry": { "type": "LineString", "coordinates": [ [ -84.456950270362213, 42.185096302826551 ], [ -84.45784850132992, 42.185085187923939 ], [ -84.457978347521632, 42.185091598026581 ], [ -84.458125950036234, 42.185130483347734 ], [ -84.458317295024329, 42.185241429089018 ] ] } },
{ "type": "Feature", "properties": { "road_id": "SUM-ROAD-770", "segment_id": "SUM-770-33800903801197238011980" }, "geometry": { "type": "LineString", "coordinates": [ [ -84.440197411149995, 42.18506089989534 ], [ -84.439985133663512, 42.185109553700649 ], [ -84.439796909097808, 42.185119615631521 ], [ -84.439580537443561, 42.185116572993884 ], [ -84.439393066540916, 42.185096991555689 ], [ -84.439289988889755, 42.185073921748298 ], [ -84.439133680434068, 42.185036414565957 ], [ -84.439013582238118, 42.184975141923928 ], [ -84.438873507656609, 42.184882692591763 ], [ -84.438701994970998, 42.18474708676802 ] ] } },
{ "type": "Feature", "properties": { "road_id": "SUM-ROAD-771", "segment_id": "SUM-771-33800903801196838011972" }, "geometry": { "type": "LineString", "coordinates": [ [ -84.440680764486061, 42.184716778774501 ], [ -84.440197411149995, 42.18506089989534 ] ] } },
{ "type": "Feature", "properties": { "road_id": "SUM-ROAD-772", "segment_id": "SUM-772-9056033801198438017499" }, "geometry": { "type": "LineString", "coordinates": [ [ -84.431328059804116, 42.184560753001982 ], [ -84.43109820106109, 42.184640636518715 ], [ -84.430987134246834, 42.18469063697966 ], [ -84.430847047060254, 42.184761671408047 ], [ -84.430751234934789, 42.184833653319679 ], [ -84.430578709019201, 42.184917848801646 ], [ -84.430470111192705, 42.184959644088813 ], [ -84.4303386473442, 42.184976792515393 ], [ -84.430220538530094, 42.184962097314354 ], [ -84.430122932788478, 42.184922782248975 ], [ -84.430032385411494, 42.184873451886034 ], [ -84.429880367041264, 42.184743634733373 ], [ -84.429748380615081, 42.184688654471273 ], [ -84.429600286832596, 42.18465563819894 ], [ -84.429505280550913, 42.184654646909038 ], [ -84.429372058864118, 42.184693647037214 ], [ -84.42878489642473, 42.18495570063012 ] ] } },
{ "type": "Feature", "properties": { "road_id": "SUM-ROAD-773", "segment_id": "SUM-773-9029103801198438011977" }, "geometry": { "type": "LineString", "coordinates": [ [ -84.431328059804116, 42.184560753001982 ], [ -84.43157971293023, 42.184721456789802 ] ] } },
{ "type": "Feature", "properties": { "road_id": "SUM-ROAD-774", "segment_id": "SUM-774-33800903801198938011977" }, "geometry": { "type": "LineString", "coordinates": [ [ -84.43320278512742, 42.184394517948604 ], [ -84.432343919559827, 42.184398923550262 ], [ -84.432228025668195, 42.184405892552874 ], [ -84.432076880968467, 42.184433878951928 ], [ -84.431924858309188, 42.184496275836921 ], [ -84.431806986158207, 42.184580670668083 ], [ -84.43157971293023, 42.184721456789802 ] ] } },
{ "type": "Feature", "properties": { "road_id": "SUM-ROAD-775", "segment_id": "SUM-775-9114063801198038011989" }, "geometry": { "type": "LineString", "coordinates": [ [ -84.438701994970998, 42.18474708676802 ], [ -84.438387518608948, 42.184983170422782 ], [ -84.438293050054895, 42.1850363336561 ], [ -84.438211367060134, 42.185066972199095 ], [ -84.438127007080794, 42.18508281435679 ], [ -84.438018231944056, 42.185098311870654 ], [ -84.437840962531581, 42.18510603410342 ], [ -84.434058776931096, 42.18511864825507 ], [ -84.433916007117901, 42.185105230315493 ], [ -84.433783697454899, 42.185082455515591 ], [ -84.433674865158068, 42.185041006013513 ], [ -84.433539191817573, 42.184949760680823 ], [ -84.4334085313006, 42.184862387311249 ], [ -84.433303272710333, 42.184781074458868 ], [ -84.433259423024424, 42.184696827145437 ], [ -84.433226519710857, 42.184584224118389 ], [ -84.43320278512742, 42.184394517948604 ] ] } },
{ "type": "Feature", "properties": { "road_id": "SUM-ROAD-776", "segment_id": "SUM-776-33800903801198038011989" }, "geometry": { "type": "LineString", "coordinates": [ [ -84.438701994970998, 42.18474708676802 ], [ -84.438469401321754, 42.184552689990717 ], [ -84.438364780530037, 42.184482401287163 ], [ -84.438285755312776, 42.184436559127292 ], [ -84.438162049054199, 42.184393541660803 ], [ -84.438060484032306, 42.184380628673821 ], [ -84.43320278512742, 42.184394517948604 ] ] } },
{ "type": "Feature", "properties": { "road_id": "SUM-ROAD-777", "segment_id": "SUM-777-33816623802166038021663" }, "geometry": { "type": "LineString", "coordinates": [ [ -84.458317295024329, 42.185241429089018 ], [ -84.458997219350891, 42.184639025704648 ] ] } },
{ "type": "Feature", "properties": { "road_id": "SUM-ROAD-778", "segment_id": "SUM-778-33816633802166238021663" }, "geometry": { "type": "LineString", "coordinates": [ [ -84.461210858317997, 42.184644687264367 ], [ -84.4610519117889, 42.184709342205139 ], [ -84.460837426283433, 42.184748153571931 ], [ -84.459432810781081, 42.184745367378099 ], [ -84.459219792928991, 42.184725693304806 ], [ -84.458997219350891, 42.184639025704648 ] ] } },
{ "type": "Feature", "properties": { "road_id": "SUM-ROAD-779", "segment_id": "SUM-779-33800903801196638011968" }, "geometry": { "type": "LineString", "coordinates": [ [ -84.441277193241248, 42.184355320348018 ], [ -84.440835979998994, 42.184636881282522 ], [ -84.440680764486061, 42.184716778774501 ] ] } },
{ "type": "Feature", "properties": { "road_id": "SUM-ROAD-780", "segment_id": "SUM-780-9114033801196638018477" }, "geometry": { "type": "LineString", "coordinates": [ [ -84.441277193241248, 42.184355320348018 ], [ -84.441414343692543, 42.184456074212292 ], [ -84.441520162617778, 42.184550757844896 ], [ -84.441597619557129, 42.1846408074761 ], [ -84.441646285493206, 42.184743161105885 ], [ -84.441658794238222, 42.1849844932864 ], [ -84.441665114982982, 42.185106434479643 ] ] } },
{ "type": "Feature", "properties": { "road_id": "SUM-ROAD-781", "segment_id": "SUM-781-9114143801196838018476" }, "geometry": { "type": "LineString", "coordinates": [ [ -84.440680764486061, 42.184716778774501 ], [ -84.440354481180123, 42.184391531140918 ], [ -84.44027684271947, 42.184314137868476 ] ] } },
{ "type": "Feature", "properties": { "road_id": "SUM-ROAD-782", "segment_id": "SUM-782-9114143801847638011987" }, "geometry": { "type": "LineString", "coordinates": [ [ -84.44027684271947, 42.184314137868476 ], [ -84.440188664091153, 42.184226237212506 ] ] } },
{ "type": "Feature", "properties": { "road_id": "SUM-ROAD-783", "segment_id": "SUM-783-33816623802166338021664" }, "geometry": { "type": "LineString", "coordinates": [ [ -84.458997219350891, 42.184639025704648 ], [ -84.458865355942933, 42.184520187016034 ], [ -84.458791338023232, 42.184335290701355 ] ] } },
{ "type": "Feature", "properties": { "road_id": "SUM-ROAD-784", "segment_id": "SUM-784-33816633802166138021662" }, "geometry": { "type": "LineString", "coordinates": [ [ -84.461315513950836, 42.184003761580591 ], [ -84.461343464025703, 42.184030763224037 ], [ -84.461385521805909, 42.184096353201781 ], [ -84.461413351776159, 42.184231395865091 ], [ -84.461411838396529, 42.184291737792407 ], [ -84.461396562722442, 42.184402965462738 ], [ -84.461324184724504, 42.184550547769568 ], [ -84.461210858317997, 42.184644687264367 ] ] } },
{ "type": "Feature", "properties": { "road_id": "SUM-ROAD-785", "segment_id": "SUM-785-33816623802166438021661" }, "geometry": { "type": "LineString", "coordinates": [ [ -84.458791338023232, 42.184335290701355 ], [ -84.458768173590684, 42.184152879150744 ], [ -84.458828541845136, 42.183986558956612 ], [ -84.459036711941906, 42.183901227804498 ], [ -84.459325433313865, 42.183840232256586 ], [ -84.45978173011892, 42.18381871008647 ], [ -84.460443050314638, 42.183837178212059 ], [ -84.460942568358334, 42.183834824801593 ], [ -84.461122628149553, 42.183874470165364 ], [ -84.461245935685724, 42.183936543957664 ], [ -84.461315513950836, 42.184003761580591 ] ] } },
{ "type": "Feature", "properties": { "road_id": "SUM-ROAD-786", "segment_id": "SUM-786-18383023801740138025566" }, "geometry": { "type": "LineString", "coordinates": [ [ -84.433374100339506, 42.183248999751939 ], [ -84.433290959182798, 42.183534830918063 ], [ -84.433270709254842, 42.183782308517792 ] ] } },
{ "type": "Feature", "properties": { "road_id": "SUM-ROAD-787", "segment_id": "SUM-787-33809583801740138017402" }, "geometry": { "type": "LineString", "coordinates": [ [ -84.433374100339506, 42.183248999751939 ], [ -84.437286502320447, 42.183264897610897 ], [ -84.43753759861427, 42.183265913226982 ], [ -84.43765551804168, 42.183263335380275 ] ] } },
{ "type": "Feature", "properties": { "road_id": "SUM-ROAD-788", "segment_id": "SUM-788-9038043801199338011962" }, "geometry": { "type": "LineString", "coordinates": [ [ -84.471443164823938, 42.183647288650256 ], [ -84.471564144800496, 42.18378783007384 ], [ -84.471609433433059, 42.183891718081185 ], [ -84.47163522291487, 42.184009582378366 ], [ -84.471627509652635, 42.184126983983333 ], [ -84.471604728347501, 42.184272664443085 ], [ -84.471583983224463, 42.18452876014144 ], [ -84.47157182111556, 42.184786771209644 ], [ -84.471574032882017, 42.184926596922551 ], [ -84.471621268805947, 42.18508822437402 ], [ -84.471839095819192, 42.185669653629162 ], [ -84.471890114329966, 42.185796669811694 ], [ -84.471863369097349, 42.185923037697577 ] ] } },
{ "type": "Feature", "properties": { "road_id": "SUM-ROAD-789", "segment_id": "SUM-789-9029093801739238020269" }, "geometry": { "type": "LineString", "coordinates": [ [ -84.456984086685125, 42.183405618694906 ], [ -84.456950270362213, 42.185096302826551 ] ] } },
{ "type": "Feature", "properties": { "road_id": "SUM-ROAD-790", "segment_id": "SUM-790-33800893801740738017408" }, "geometry": { "type": "LineString", "coordinates": [ [ -84.441667359357595, 42.18308576232797 ], [ -84.441078659842546, 42.183095756874224 ], [ -84.439644346244336, 42.183278935467207 ], [ -84.438886104808617, 42.183336561934134 ], [ -84.438531900804463, 42.183349192072733 ], [ -84.438463405524999, 42.183352527645255 ] ] } },
{ "type": "Feature", "properties": { "road_id": "SUM-ROAD-791", "segment_id": "SUM-791-33800903801740738011966" }, "geometry": { "type": "LineString", "coordinates": [ [ -84.441667359357595, 42.18308576232797 ], [ -84.441654257064343, 42.183756226187654 ], [ -84.441655004947293, 42.183951104034676 ], [ -84.441640820911346, 42.184061047812179 ], [ -84.441570236522594, 42.184149017195111 ], [ -84.441277193241248, 42.184355320348018 ] ] } },
{ "type": "Feature", "properties": { "road_id": "SUM-ROAD-792", "segment_id": "SUM-792-9152173801199338011998" }, "geometry": { "type": "LineString", "coordinates": [ [ -84.471443164823938, 42.183647288650256 ], [ -84.471671393974376, 42.183518683420793 ], [ -84.471796631416922, 42.183488362169498 ], [ -84.47193426337239, 42.18347239721799 ] ] } },
{ "type": "Feature", "properties": { "road_id": "SUM-ROAD-793", "segment_id": "SUM-793-9029103801205338011984" }, "geometry": { "type": "LineString", "coordinates": [ [ -84.428856713517419, 42.182759461405389 ], [ -84.431328059804116, 42.184560753001982 ] ] } },
{ "type": "Feature", "properties": { "road_id": "SUM-ROAD-794", "segment_id": "SUM-794-9152063801205938011949" }, "geometry": { "type": "LineString", "coordinates": [ [ -84.47093187151529, 42.183151609676685 ], [ -84.470421995378075, 42.183261735882695 ], [ -84.470326179789339, 42.183310727724901 ], [ -84.470229940729865, 42.183376741268482 ], [ -84.470206968540765, 42.183415741097527 ], [ -84.470133037345448, 42.183558729408084 ], [ -84.470087797021222, 42.183745714435048 ], [ -84.470080035129158, 42.183987704388919 ], [ -84.470093913267434, 42.184213718341454 ], [ -84.470079159259058, 42.184571320890669 ], [ -84.470096653564639, 42.184783372935684 ], [ -84.470126170270035, 42.184970174168527 ], [ -84.470292440527373, 42.185383380955379 ], [ -84.470349858812781, 42.185672190409697 ], [ -84.470377747250708, 42.185734918716136 ], [ -84.470430380917023, 42.18580472804544 ], [ -84.470501386171691, 42.185864682093886 ], [ -84.470610640326228, 42.185935272283253 ], [ -84.470775030499652, 42.186042623659873 ], [ -84.47115224313778, 42.18630206812113 ] ] } },
{ "type": "Feature", "properties": { "road_id": "SUM-ROAD-795", "segment_id": "SUM-795-9038043801205938011993" }, "geometry": { "type": "LineString", "coordinates": [ [ -84.47093187151529, 42.183151609676685 ], [ -84.471443164823938, 42.183647288650256 ] ] } },
{ "type": "Feature", "properties": { "road_id": "SUM-ROAD-796", "segment_id": "SUM-796-9152053801206338012047" }, "geometry": { "type": "LineString", "coordinates": [ [ -84.460369289904222, 42.182911686290147 ], [ -84.45937192750155, 42.182915664001875 ], [ -84.459201269538653, 42.182929566999668 ], [ -84.459080849205449, 42.182961784513829 ], [ -84.459034341758809, 42.182999264379113 ], [ -84.459032746277401, 42.183062785877922 ], [ -84.459019230784591, 42.183147322983459 ], [ -84.459034723226452, 42.183483301211595 ] ] } },
{ "type": "Feature", "properties": { "road_id": "SUM-ROAD-797", "segment_id": "SUM-797-9038063801206338012043" }, "geometry": { "type": "LineString", "coordinates": [ [ -84.460369289904222, 42.182911686290147 ], [ -84.460921759285768, 42.182915329674231 ], [ -84.461052398163972, 42.182929851783328 ], [ -84.461125567679588, 42.182964756649902 ], [ -84.461157925138778, 42.183037221198312 ], [ -84.461171502026389, 42.183177206109107 ], [ -84.461160390549892, 42.18339309955644 ], [ -84.461156877844687, 42.183437921039484 ] ] } },
{ "type": "Feature", "properties": { "road_id": "SUM-ROAD-798", "segment_id": "SUM-798-33809523801739238017393" }, "geometry": { "type": "LineString", "coordinates": [ [ -84.456984086685125, 42.183405618694906 ], [ -84.456590592911624, 42.183376778252097 ], [ -84.456509196880006, 42.183353179833063 ], [ -84.456384402614489, 42.183283941375954 ], [ -84.456202487072233, 42.183188212645724 ], [ -84.456052893266985, 42.183094303637695 ], [ -84.455902628084232, 42.182973140605483 ], [ -84.4557508459378, 42.182804528607278 ], [ -84.455610178099505, 42.18267946233226 ], [ -84.455462572455062, 42.182576178621126 ], [ -84.455389572022824, 42.182534454333954 ], [ -84.45526067074546, 42.182475189536483 ], [ -84.45505378307206, 42.182413510601727 ] ] } },
{ "type": "Feature", "properties": { "road_id": "SUM-ROAD-799", "segment_id": "SUM-799-9056023801208238018465" }, "geometry": { "type": "LineString", "coordinates": [ [ -84.427959278761534, 42.181913183886998 ], [ -84.424701820959626, 42.181909780977549 ], [ -84.422667368272357, 42.181894317423257 ], [ -84.422527150487085, 42.1819006759575 ], [ -84.422400148924297, 42.181898870853836 ], [ -84.422317281301616, 42.181904285017765 ], [ -84.422266112589341, 42.181940915661741 ], [ -84.422241242604443, 42.181988907189584 ], [ -84.422209877470266, 42.18404544318993 ] ] } },
{ "type": "Feature", "properties": { "road_id": "SUM-ROAD-800", "segment_id": "SUM-800-9029103801208238012053" }, "geometry": { "type": "LineString", "coordinates": [ [ -84.427959278761534, 42.181913183886998 ], [ -84.428156135148939, 42.18217672924515 ], [ -84.428435129754874, 42.182463750205159 ], [ -84.428856713517419, 42.182759461405389 ] ] } },
{ "type": "Feature", "properties": { "road_id": "SUM-ROAD-801", "segment_id": "SUM-801-18383023801208538017401" }, "geometry": { "type": "LineString", "coordinates": [ [ -84.433524060594209, 42.181901537931303 ], [ -84.433592050986761, 42.182237880054089 ], [ -84.433601719277718, 42.182652094347461 ], [ -84.433374100339506, 42.183248999751939 ] ] } },
{ "type": "Feature", "properties": { "road_id": "SUM-ROAD-802", "segment_id": "SUM-802-9029093801210038017392" }, "geometry": { "type": "LineString", "coordinates": [ [ -84.457003146753138, 42.181928638255435 ], [ -84.456981471441026, 42.182249981807132 ], [ -84.456984086685125, 42.183405618694906 ] ] } },
{ "type": "Feature", "properties": { "road_id": "SUM-ROAD-803", "segment_id": "SUM-803-33809533801739338017396" }, "geometry": { "type": "LineString", "coordinates": [ [ -84.45505378307206, 42.182413510601727 ], [ -84.454907504859278, 42.182408593214049 ], [ -84.454749145849888, 42.182387118310501 ], [ -84.454572150178123, 42.18235125278499 ], [ -84.454344101746315, 42.182285130466809 ], [ -84.454097288972889, 42.182209753550126 ], [ -84.453876212175985, 42.18214115838515 ], [ -84.453744173273193, 42.182103349142608 ], [ -84.453670772474098, 42.182068926285801 ], [ -84.453623367205083, 42.182031012199566 ], [ -84.453591792746636, 42.181981758017741 ], [ -84.45357637153927, 42.181908321134124 ], [ -84.453590604568177, 42.181839707061073 ] ] } },
{ "type": "Feature", "properties": { "road_id": "SUM-ROAD-804", "segment_id": "SUM-804-8995103801209838012100" }, "geometry": { "type": "LineString", "coordinates": [ [ -84.4603432772697, 42.181929191934856 ], [ -84.457003146753138, 42.181928638255435 ] ] } },
{ "type": "Feature", "properties": { "road_id": "SUM-ROAD-805", "segment_id": "SUM-805-9038063801209838012063" }, "geometry": { "type": "LineString", "coordinates": [ [ -84.4603432772697, 42.181929191934856 ], [ -84.460369289904222, 42.182911686290147 ] ] } },
{ "type": "Feature", "properties": { "road_id": "SUM-ROAD-806", "segment_id": "SUM-806-8995103801210138012098" }, "geometry": { "type": "LineString", "coordinates": [ [ -84.466834004679541, 42.181943824547375 ], [ -84.4603432772697, 42.181929191934856 ] ] } },
{ "type": "Feature", "properties": { "road_id": "SUM-ROAD-807", "segment_id": "SUM-807-9029083801210138011816" }, "geometry": { "type": "LineString", "coordinates": [ [ -84.466834004679541, 42.181943824547375 ], [ -84.46689032468187, 42.1891824782657 ] ] } },
{ "type": "Feature", "properties": { "road_id": "SUM-ROAD-808", "segment_id": "SUM-808-33809523801739338017396" }, "geometry": { "type": "LineString", "coordinates": [ [ -84.45505378307206, 42.182413510601727 ], [ -84.454975572551589, 42.182311912530096 ], [ -84.454829415986751, 42.182217385844588 ], [ -84.454631560068563, 42.182118285086304 ], [ -84.454486128201836, 42.182063591204745 ], [ -84.45434558612537, 42.182020525151806 ], [ -84.454259743907073, 42.182000060046796 ], [ -84.45418096939845, 42.181973270719581 ], [ -84.454034317794182, 42.181829922098601 ], [ -84.453942830756091, 42.181759278654098 ], [ -84.453886146067561, 42.181746926857471 ], [ -84.45381884249376, 42.181744704160721 ], [ -84.453749490053696, 42.181755299076457 ], [ -84.453688509846245, 42.181776286916367 ], [ -84.453636033693755, 42.181802532307358 ], [ -84.453590604568177, 42.181839707061073 ] ] } },
{ "type": "Feature", "properties": { "road_id": "SUM-ROAD-809", "segment_id": "SUM-809-8995103801210338012101" }, "geometry": { "type": "LineString", "coordinates": [ [ -84.470808212490709, 42.181954375815593 ], [ -84.466834004679541, 42.181943824547375 ] ] } },
{ "type": "Feature", "properties": { "road_id": "SUM-ROAD-810", "segment_id": "SUM-810-9038043801210338012059" }, "geometry": { "type": "LineString", "coordinates": [ [ -84.470808212490709, 42.181954375815593 ], [ -84.470803901779192, 42.18266544185915 ], [ -84.47082263331869, 42.182829837515676 ], [ -84.47086761594862, 42.182958749171981 ], [ -84.47093187151529, 42.183151609676685 ] ] } },
{ "type": "Feature", "properties": { "road_id": "SUM-ROAD-811", "segment_id": "SUM-811-8995103801210538012103" }, "geometry": { "type": "LineString", "coordinates": [ [ -84.481141935270713, 42.182000839270238 ], [ -84.470808212490709, 42.181954375815593 ] ] } },
{ "type": "Feature", "properties": { "road_id": "SUM-ROAD-812", "segment_id": "SUM-812-33800893801740638017407" }, "geometry": { "type": "LineString", "coordinates": [ [ -84.441691815875984, 42.181397035006157 ], [ -84.441667359357595, 42.18308576232797 ] ] } },
{ "type": "Feature", "properties": { "road_id": "SUM-ROAD-813", "segment_id": "SUM-813-9029103801212838012082" }, "geometry": { "type": "LineString", "coordinates": [ [ -84.427717989410297, 42.180448530559204 ], [ -84.427719047710198, 42.181052811655725 ], [ -84.427761986697391, 42.181382776519655 ], [ -84.427802771905093, 42.181605041006854 ], [ -84.427863626640587, 42.181784385647497 ], [ -84.427959278761534, 42.181913183886998 ] ] } },
{ "type": "Feature", "properties": { "road_id": "SUM-ROAD-814", "segment_id": "SUM-814-33800893801212838017383" }, "geometry": { "type": "LineString", "coordinates": [ [ -84.427717989410297, 42.180448530559204 ], [ -84.429340700610609, 42.180446540879224 ] ] } },
{ "type": "Feature", "properties": { "road_id": "SUM-ROAD-815", "segment_id": "SUM-815-9114023801738338012094" }, "geometry": { "type": "LineString", "coordinates": [ [ -84.429340700610609, 42.180446540879224 ], [ -84.429361682276181, 42.181530758386899 ] ] } },
{ "type": "Feature", "properties": { "road_id": "SUM-ROAD-816", "segment_id": "SUM-816-33800893801738338012129" }, "geometry": { "type": "LineString", "coordinates": [ [ -84.429340700610609, 42.180446540879224 ], [ -84.429472295220521, 42.180436471355812 ] ] } },
{ "type": "Feature", "properties": { "road_id": "SUM-ROAD-817", "segment_id": "SUM-817-33800893801212938012130" }, "geometry": { "type": "LineString", "coordinates": [ [ -84.429472295220521, 42.180436471355812 ], [ -84.430693243042626, 42.180445061439158 ] ] } },
{ "type": "Feature", "properties": { "road_id": "SUM-ROAD-818", "segment_id": "SUM-818-9113103801213038012095" }, "geometry": { "type": "LineString", "coordinates": [ [ -84.430693243042626, 42.180445061439158 ], [ -84.430699526054156, 42.18159339649781 ], [ -84.430699228944675, 42.181647421291764 ] ] } },
{ "type": "Feature", "properties": { "road_id": "SUM-ROAD-819", "segment_id": "SUM-819-33800893801213038012131" }, "geometry": { "type": "LineString", "coordinates": [ [ -84.430693243042626, 42.180445061439158 ], [ -84.431123491985332, 42.180449977682343 ] ] } },
{ "type": "Feature", "properties": { "road_id": "SUM-ROAD-820", "segment_id": "SUM-820-33800893801213138012133" }, "geometry": { "type": "LineString", "coordinates": [ [ -84.431123491985332, 42.180449977682343 ], [ -84.43203873009459, 42.180446526359674 ] ] } },
{ "type": "Feature", "properties": { "road_id": "SUM-ROAD-821", "segment_id": "SUM-821-9113083801213338012096" }, "geometry": { "type": "LineString", "coordinates": [ [ -84.43203873009459, 42.180446526359674 ], [ -84.432059901158141, 42.181593414752761 ], [ -84.432057566997756, 42.18164876194659 ] ] } },
{ "type": "Feature", "properties": { "road_id": "SUM-ROAD-822", "segment_id": "SUM-822-33800893801213338012135" }, "geometry": { "type": "LineString", "coordinates": [ [ -84.43203873009459, 42.180446526359674 ], [ -84.432598123956637, 42.180445460001287 ] ] } },
{ "type": "Feature", "properties": { "road_id": "SUM-ROAD-823", "segment_id": "SUM-823-33800893801213538012134" }, "geometry": { "type": "LineString", "coordinates": [ [ -84.432598123956637, 42.180445460001287 ], [ -84.433400134244209, 42.180445198747087 ] ] } },
{ "type": "Feature", "properties": { "road_id": "SUM-ROAD-824", "segment_id": "SUM-824-18383023801213438012085" }, "geometry": { "type": "LineString", "coordinates": [ [ -84.433400134244209, 42.180445198747087 ], [ -84.433389246098784, 42.181321431438299 ], [ -84.433407462045963, 42.181554231403773 ], [ -84.433524060594209, 42.181901537931303 ] ] } },
{ "type": "Feature", "properties": { "road_id": "SUM-ROAD-825", "segment_id": "SUM-825-33800893801213438012132" }, "geometry": { "type": "LineString", "coordinates": [ [ -84.433400134244209, 42.180445198747087 ], [ -84.433959868509987, 42.180450101939016 ] ] } },
{ "type": "Feature", "properties": { "road_id": "SUM-ROAD-826", "segment_id": "SUM-826-33800893801740538017406" }, "geometry": { "type": "LineString", "coordinates": [ [ -84.441409959661428, 42.18043854981476 ], [ -84.441575473336258, 42.180802449976021 ], [ -84.441644006171344, 42.181019462273596 ], [ -84.441691815875984, 42.181397035006157 ] ] } },
{ "type": "Feature", "properties": { "road_id": "SUM-ROAD-827", "segment_id": "SUM-827-33809513801739438017395" }, "geometry": { "type": "LineString", "coordinates": [ [ -84.453859377837233, 42.180564402932532 ], [ -84.453761543469767, 42.180739042460004 ], [ -84.453633264344447, 42.180868282651304 ], [ -84.45349415477672, 42.180976239084984 ], [ -84.453362217566323, 42.181025120437702 ], [ -84.453253961071013, 42.181036290452454 ], [ -84.453038726202024, 42.181007928819284 ], [ -84.452194715663893, 42.180797376462799 ] ] } },
{ "type": "Feature", "properties": { "road_id": "SUM-ROAD-828", "segment_id": "SUM-828-9029093801739438012100" }, "geometry": { "type": "LineString", "coordinates": [ [ -84.453859377837233, 42.180564402932532 ], [ -84.456700951620164, 42.181779513367211 ], [ -84.457003146753138, 42.181928638255435 ] ] } },
{ "type": "Feature", "properties": { "road_id": "SUM-ROAD-829", "segment_id": "SUM-829-33800893801213238012140" }, "geometry": { "type": "LineString", "coordinates": [ [ -84.433959868509987, 42.180450101939016 ], [ -84.434704651460294, 42.180446118804277 ], [ -84.434911117422757, 42.180410061773891 ], [ -84.435195048540251, 42.18033912439855 ], [ -84.435574782239982, 42.180230283052154 ] ] } },
{ "type": "Feature", "properties": { "road_id": "SUM-ROAD-830", "segment_id": "SUM-830-33809643801740538017406" }, "geometry": { "type": "LineString", "coordinates": [ [ -84.441409959661428, 42.18043854981476 ], [ -84.442686612719058, 42.180138003701863 ], [ -84.443218560930418, 42.180020630011057 ], [ -84.443828735275233, 42.179991064514404 ], [ -84.443948300022541, 42.179992741616296 ], [ -84.444027687349887, 42.180006564419102 ], [ -84.44407205431412, 42.180053784844141 ], [ -84.444070675923811, 42.181231444149233 ], [ -84.444051126075465, 42.181328603617615 ], [ -84.44399913172542, 42.181357528577252 ], [ -84.443924898551131, 42.181364959384695 ], [ -84.443839387312607, 42.18136799640866 ], [ -84.442694812413677, 42.181403265108116 ], [ -84.441691815875984, 42.181397035006157 ] ] } },
{ "type": "Feature", "properties": { "road_id": "SUM-ROAD-831", "segment_id": "SUM-831-33800893801214038012151" }, "geometry": { "type": "LineString", "coordinates": [ [ -84.435574782239982, 42.180230283052154 ], [ -84.436639172933454, 42.179846119334115 ] ] } },
{ "type": "Feature", "properties": { "road_id": "SUM-ROAD-832", "segment_id": "SUM-832-33809593801214038012181" }, "geometry": { "type": "LineString", "coordinates": [ [ -84.435574782239982, 42.180230283052154 ], [ -84.435336187882157, 42.179872642269665 ], [ -84.435185479072629, 42.17964832257713 ], [ -84.435164355199532, 42.179621856493313 ] ] } },
{ "type": "Feature", "properties": { "road_id": "SUM-ROAD-833", "segment_id": "SUM-833-9114113801212938012189" }, "geometry": { "type": "LineString", "coordinates": [ [ -84.429472295220521, 42.180436471355812 ], [ -84.429474037792673, 42.180348804136393 ], [ -84.429472315844365, 42.179481173348826 ] ] } },
{ "type": "Feature", "properties": { "road_id": "SUM-ROAD-834", "segment_id": "SUM-834-33800893801740338017405" }, "geometry": { "type": "LineString", "coordinates": [ [ -84.440410836252212, 42.179569696803142 ], [ -84.441025174232792, 42.179973164528398 ], [ -84.441409959661428, 42.18043854981476 ] ] } },
{ "type": "Feature", "properties": { "road_id": "SUM-ROAD-835", "segment_id": "SUM-835-33800893801215138017411" }, "geometry": { "type": "LineString", "coordinates": [ [ -84.436639172933454, 42.179846119334115 ], [ -84.437709793507281, 42.17949698186608 ] ] } },
{ "type": "Feature", "properties": { "road_id": "SUM-ROAD-836", "segment_id": "SUM-836-33809603801215138012184" }, "geometry": { "type": "LineString", "coordinates": [ [ -84.436639172933454, 42.179846119334115 ], [ -84.436490393906851, 42.17964414047313 ], [ -84.436348386695556, 42.179454584245562 ], [ -84.436310351666876, 42.179407351777655 ] ] } },
{ "type": "Feature", "properties": { "road_id": "SUM-ROAD-837", "segment_id": "SUM-837-33800893801218038017403" }, "geometry": { "type": "LineString", "coordinates": [ [ -84.439712262946358, 42.179314576912802 ], [ -84.440410836252212, 42.179569696803142 ] ] } },
{ "type": "Feature", "properties": { "road_id": "SUM-ROAD-838", "segment_id": "SUM-838-33800893801741138017413" }, "geometry": { "type": "LineString", "coordinates": [ [ -84.437709793507281, 42.17949698186608 ], [ -84.438084498932696, 42.179366434296469 ], [ -84.438437194293442, 42.179277800610905 ], [ -84.438789058898024, 42.179226597596141 ] ] } },
{ "type": "Feature", "properties": { "road_id": "SUM-ROAD-839", "segment_id": "SUM-839-33800893801741338012180" }, "geometry": { "type": "LineString", "coordinates": [ [ -84.438789058898024, 42.179226597596141 ], [ -84.439154649228001, 42.179222882953177 ], [ -84.439392128243981, 42.17923578467687 ], [ -84.439712262946358, 42.179314576912802 ] ] } },
{ "type": "Feature", "properties": { "road_id": "SUM-ROAD-840", "segment_id": "SUM-840-9113193801213138018492" }, "geometry": { "type": "LineString", "coordinates": [ [ -84.431123491985332, 42.180449977682343 ], [ -84.431129666643201, 42.178885255087209 ] ] } },
{ "type": "Feature", "properties": { "road_id": "SUM-ROAD-841", "segment_id": "SUM-841-9113193801849238012200" }, "geometry": { "type": "LineString", "coordinates": [ [ -84.431129666643201, 42.178885255087209 ], [ -84.43113008376848, 42.178779651328099 ] ] } },
{ "type": "Feature", "properties": { "road_id": "SUM-ROAD-842", "segment_id": "SUM-842-18383133801213538018491" }, "geometry": { "type": "LineString", "coordinates": [ [ -84.432598123956637, 42.180445460001287 ], [ -84.432584107736332, 42.178790174667277 ] ] } },
{ "type": "Feature", "properties": { "road_id": "SUM-ROAD-843", "segment_id": "SUM-843-18383113801213238018490" }, "geometry": { "type": "LineString", "coordinates": [ [ -84.433959868509987, 42.180450101939016 ], [ -84.433959267690952, 42.18036484554186 ], [ -84.433955694399515, 42.178913921962291 ], [ -84.433947158690415, 42.178794956481724 ] ] } },
{ "type": "Feature", "properties": { "road_id": "SUM-ROAD-844", "segment_id": "SUM-844-33809613801741138017412" }, "geometry": { "type": "LineString", "coordinates": [ [ -84.437709793507281, 42.17949698186608 ], [ -84.437503954343967, 42.179074701788373 ], [ -84.437414259102013, 42.178884537784 ], [ -84.437390295586624, 42.178841524111917 ] ] } },
{ "type": "Feature", "properties": { "road_id": "SUM-ROAD-845", "segment_id": "SUM-845-18383133801849138012201" }, "geometry": { "type": "LineString", "coordinates": [ [ -84.432584107736332, 42.178790174667277 ], [ -84.432583330637769, 42.178698472308639 ] ] } },
{ "type": "Feature", "properties": { "road_id": "SUM-ROAD-846", "segment_id": "SUM-846-18383113801849038012199" }, "geometry": { "type": "LineString", "coordinates": [ [ -84.433947158690415, 42.178794956481724 ], [ -84.433939296420149, 42.17868538862183 ] ] } },
{ "type": "Feature", "properties": { "road_id": "SUM-ROAD-847", "segment_id": "SUM-847-33809633801740338017560" }, "geometry": { "type": "LineString", "coordinates": [ [ -84.440410836252212, 42.179569696803142 ], [ -84.44080737208445, 42.179065677951243 ], [ -84.441011991893404, 42.178840308721647 ], [ -84.441120567573876, 42.178816474262511 ], [ -84.441262907080244, 42.178805793699077 ], [ -84.441478664512516, 42.178813051412511 ], [ -84.442137835247792, 42.178813856510502 ], [ -84.442635283994932, 42.178801165564543 ] ] } },
{ "type": "Feature", "properties": { "road_id": "SUM-ROAD-848", "segment_id": "SUM-848-33809633801756038017404" }, "geometry": { "type": "LineString", "coordinates": [ [ -84.442635283994932, 42.178801165564543 ], [ -84.44291398977019, 42.178821838801987 ], [ -84.442996342366797, 42.178835908448391 ] ] } },
{ "type": "Feature", "properties": { "road_id": "SUM-ROAD-849", "segment_id": "SUM-849-33809623801741338017414" }, "geometry": { "type": "LineString", "coordinates": [ [ -84.438789058898024, 42.179226597596141 ], [ -84.438775871631805, 42.178402005205591 ], [ -84.438776799928235, 42.178298801322974 ] ] } },
{ "type": "Feature", "properties": { "road_id": "SUM-ROAD-850", "segment_id": "SUM-850-9029093801738738017394" }, "geometry": { "type": "LineString", "coordinates": [ [ -84.452099084347324, 42.177097206643367 ], [ -84.452056989273316, 42.178977892809527 ], [ -84.452080565992759, 42.17950180388226 ], [ -84.452099638637378, 42.179590080323763 ], [ -84.452142456529913, 42.179675168719626 ], [ -84.452204556012177, 42.179746444045179 ], [ -84.452278617025527, 42.17981260578626 ], [ -84.452454953688772, 42.179922630869932 ], [ -84.453859377837233, 42.180564402932532 ] ] } },
{ "type": "Feature", "properties": { "road_id": "SUM-ROAD-851", "segment_id": "SUM-851-33809493801739138017389" }, "geometry": { "type": "LineString", "coordinates": [ [ -84.450359121726862, 42.176563134880006 ], [ -84.450222735905399, 42.176938627244304 ], [ -84.450065558141034, 42.177432900474372 ], [ -84.449915235333151, 42.177840474107576 ], [ -84.449795186126565, 42.178158202904868 ], [ -84.449773277832591, 42.178286353652297 ], [ -84.44976571879603, 42.178400818286754 ], [ -84.449800679431235, 42.178495045382498 ], [ -84.449868566406266, 42.178579317623154 ], [ -84.450015513436099, 42.178675110487077 ], [ -84.450399638765276, 42.17880546268718 ], [ -84.451051386222645, 42.179023340272529 ], [ -84.451316554733381, 42.179111983292479 ] ] } },
{ "type": "Feature", "properties": { "road_id": "SUM-ROAD-852", "segment_id": "SUM-852-33809483801738738017391" }, "geometry": { "type": "LineString", "coordinates": [ [ -84.452099084347324, 42.177097206643367 ], [ -84.451681242422339, 42.177063079711886 ], [ -84.451588405978825, 42.177032467372207 ], [ -84.451054060548429, 42.176828949472288 ], [ -84.450961733360145, 42.176778187543867 ], [ -84.450882181823502, 42.176709280905364 ], [ -84.45073846623653, 42.176644974646116 ], [ -84.450598658268504, 42.176621034254083 ], [ -84.450359121726862, 42.176563134880006 ] ] } },
{ "type": "Feature", "properties": { "road_id": "SUM-ROAD-853", "segment_id": "SUM-853-9029093801738538017387" }, "geometry": { "type": "LineString", "coordinates": [ [ -84.452084922587488, 42.175864684350543 ], [ -84.452099084347324, 42.177097206643367 ] ] } },
{ "type": "Feature", "properties": { "road_id": "SUM-ROAD-854", "segment_id": "SUM-854-33809473801738538017386" }, "geometry": { "type": "LineString", "coordinates": [ [ -84.452084922587488, 42.175864684350543 ], [ -84.455687022993473, 42.175881546636028 ], [ -84.4560218247872, 42.175883107655942 ], [ -84.456077970064612, 42.175884745943435 ] ] } },
{ "type": "Feature", "properties": { "road_id": "SUM-ROAD-855", "segment_id": "SUM-855-9054053801236038012355" }, "geometry": { "type": "LineString", "coordinates": [ [ -84.427694749508319, 42.174718311057362 ], [ -84.426205534687355, 42.174702470683187 ], [ -84.417354370222895, 42.174773056660705 ] ] } },
{ "type": "Feature", "properties": { "road_id": "SUM-ROAD-856", "segment_id": "SUM-856-9029103801236038012128" }, "geometry": { "type": "LineString", "coordinates": [ [ -84.427694749508319, 42.174718311057362 ], [ -84.427717989410297, 42.180448530559204 ] ] } },
{ "type": "Feature", "properties": { "road_id": "SUM-ROAD-857", "segment_id": "SUM-857-33809503802038238017390" }, "geometry": { "type": "LineString", "coordinates": [ [ -84.448358210333296, 42.174858911893125 ], [ -84.448169467263114, 42.174926670384629 ], [ -84.447926321249398, 42.175079015018547 ], [ -84.447756390384299, 42.175227439292833 ], [ -84.447641939604665, 42.175416194625079 ], [ -84.44759161328966, 42.175566292485144 ], [ -84.447563450522964, 42.17573603069296 ], [ -84.44762444775624, 42.176754964351097 ], [ -84.447617065392933, 42.176908929480085 ], [ -84.447583346290983, 42.177125519542216 ], [ -84.447490508737076, 42.17744631132306 ], [ -84.447348787991174, 42.17783877339928 ], [ -84.447299844600806, 42.17798728885753 ], [ -84.447290320632064, 42.178069195479466 ], [ -84.4473012426498, 42.178171557999917 ], [ -84.447342922907083, 42.178383032893834 ] ] } },
{ "type": "Feature", "properties": { "road_id": "SUM-ROAD-858", "segment_id": "SUM-858-33809503801739138020382" }, "geometry": { "type": "LineString", "coordinates": [ [ -84.450359121726862, 42.176563134880006 ], [ -84.450453833711094, 42.176210406065351 ], [ -84.450484193432303, 42.175983623607422 ], [ -84.45047643631446, 42.175743930816594 ], [ -84.450454737757497, 42.175504969263663 ], [ -84.450420111214314, 42.175296822535408 ], [ -84.45035088762009, 42.175142581520795 ], [ -84.450228071054227, 42.17500489590536 ], [ -84.450034924179192, 42.174888476986794 ], [ -84.449771383536671, 42.174795796203625 ], [ -84.449479517302706, 42.17477193954732 ], [ -84.449097137170213, 42.174778954238271 ], [ -84.448697958060151, 42.174793148953597 ], [ -84.448447844865299, 42.174826733631562 ], [ -84.448358210333296, 42.174858911893125 ] ] } },
{ "type": "Feature", "properties": { "road_id": "SUM-ROAD-859", "segment_id": "SUM-859-9029093801238038017385" }, "geometry": { "type": "LineString", "coordinates": [ [ -84.452119068205448, 42.17454986920788 ], [ -84.452088235579708, 42.175747121949442 ], [ -84.452084922587488, 42.175864684350543 ] ] } },
{ "type": "Feature", "properties": { "road_id": "SUM-ROAD-860", "segment_id": "SUM-860-9053173801238038012384" }, "geometry": { "type": "LineString", "coordinates": [ [ -84.452119068205448, 42.17454986920788 ], [ -84.454564352784971, 42.17457084555668 ] ] } },
{ "type": "Feature", "properties": { "road_id": "SUM-ROAD-861", "segment_id": "SUM-861-9053173801238438012388" }, "geometry": { "type": "LineString", "coordinates": [ [ -84.454564352784971, 42.17457084555668 ], [ -84.456601925418099, 42.174541661003936 ], [ -84.456676228761097, 42.174540202573084 ] ] } },
{ "type": "Feature", "properties": { "road_id": "SUM-ROAD-862", "segment_id": "SUM-862-9029103802544038012360" }, "geometry": { "type": "LineString", "coordinates": [ [ -84.427689415739778, 42.173781777917846 ], [ -84.427694749508319, 42.174718311057362 ] ] } },
{ "type": "Feature", "properties": { "road_id": "SUM-ROAD-863", "segment_id": "SUM-863-9029103801244238025440" }, "geometry": { "type": "LineString", "coordinates": [ [ -84.427682838857152, 42.172626947743545 ], [ -84.427689415739778, 42.173781777917846 ] ] } },
{ "type": "Feature", "properties": { "road_id": "SUM-ROAD-864", "segment_id": "SUM-864-9029093801249238012380" }, "geometry": { "type": "LineString", "coordinates": [ [ -84.452097808947784, 42.171492209582134 ], [ -84.452119068205448, 42.17454986920788 ] ] } },
{ "type": "Feature", "properties": { "road_id": "SUM-ROAD-865", "segment_id": "SUM-865-9038173801249238012493" }, "geometry": { "type": "LineString", "coordinates": [ [ -84.452097808947784, 42.171492209582134 ], [ -84.454575233154472, 42.171503546358274 ] ] } },
{ "type": "Feature", "properties": { "road_id": "SUM-ROAD-866", "segment_id": "SUM-866-9152103801249338012384" }, "geometry": { "type": "LineString", "coordinates": [ [ -84.454575233154472, 42.171503546358274 ], [ -84.454575043324013, 42.171640527547694 ], [ -84.454564352784971, 42.17457084555668 ] ] } },
{ "type": "Feature", "properties": { "road_id": "SUM-ROAD-867", "segment_id": "SUM-867-9038173801249338012494" }, "geometry": { "type": "LineString", "coordinates": [ [ -84.454575233154472, 42.171503546358274 ], [ -84.457171892061936, 42.171510384752906 ], [ -84.457288888676729, 42.171510690993351 ] ] } },
{ "type": "Feature", "properties": { "road_id": "SUM-ROAD-868", "segment_id": "SUM-868-9029093801263838012492" }, "geometry": { "type": "LineString", "coordinates": [ [ -84.452038657863667, 42.167418315630968 ], [ -84.452101381131371, 42.16948131497297 ], [ -84.452097808947784, 42.171492209582134 ] ] } },
{ "type": "Feature", "properties": { "road_id": "SUM-ROAD-869", "segment_id": "SUM-869-9072103801931838012638" }, "geometry": { "type": "LineString", "coordinates": [ [ -84.461866838796297, 42.167410525631176 ], [ -84.452038657863667, 42.167418315630968 ] ] } },
{ "type": "Feature", "properties": { "road_id": "SUM-ROAD-870", "segment_id": "SUM-870-9072103801264938019318" }, "geometry": { "type": "LineString", "coordinates": [ [ -84.466733127585968, 42.167406356996707 ], [ -84.461866838796297, 42.167410525631176 ] ] } },
{ "type": "Feature", "properties": { "road_id": "SUM-ROAD-871", "segment_id": "SUM-871-9029083801264938012101" }, "geometry": { "type": "LineString", "coordinates": [ [ -84.466733127585968, 42.167406356996707 ], [ -84.466783172497784, 42.175721000213251 ], [ -84.466834004679541, 42.181943824547375 ] ] } },
{ "type": "Feature", "properties": { "road_id": "SUM-ROAD-872", "segment_id": "SUM-872-9072103801266038012649" }, "geometry": { "type": "LineString", "coordinates": [ [ -84.480697063812002, 42.167414742214383 ], [ -84.476619980783838, 42.167382753049054 ], [ -84.466733127585968, 42.167406356996707 ] ] } },
{ "type": "Feature", "properties": { "road_id": "SUM-ROAD-873", "segment_id": "SUM-873-9029103801932538012442" }, "geometry": { "type": "LineString", "coordinates": [ [ -84.427636863052243, 42.164098664904024 ], [ -84.427652397923111, 42.166513169348157 ], [ -84.427647602940681, 42.16808153428147 ], [ -84.427682838857152, 42.172626947743545 ] ] } },
{ "type": "Feature", "properties": { "road_id": "SUM-ROAD-874", "segment_id": "SUM-874-9153013801850438012802" }, "geometry": { "type": "LineString", "coordinates": [ [ -84.439612455663095, 42.163400294436499 ], [ -84.439613672088569, 42.163429417270905 ], [ -84.439661808328623, 42.163520162655345 ], [ -84.439752030023769, 42.16358987275332 ], [ -84.439790434093553, 42.163619545719378 ], [ -84.440129320366339, 42.163781931313771 ], [ -84.440238348578006, 42.163858520965562 ], [ -84.440273923161243, 42.164046663054719 ], [ -84.44030975507809, 42.167004398955591 ] ] } },
{ "type": "Feature", "properties": { "road_id": "SUM-ROAD-875", "segment_id": "SUM-875-9153033801285638012846" }, "geometry": { "type": "LineString", "coordinates": [ [ -84.441576694439007, 42.163101430898436 ], [ -84.441262995649936, 42.163100573580515 ], [ -84.440956810723009, 42.16310015431899 ], [ -84.440838864189843, 42.163099992559431 ] ] } },
{ "type": "Feature", "properties": { "road_id": "SUM-ROAD-876", "segment_id": "SUM-876-9053043801285638012816" }, "geometry": { "type": "LineString", "coordinates": [ [ -84.441576694439007, 42.163101430898436 ], [ -84.441583577626218, 42.163474749245452 ], [ -84.441581633334849, 42.163620354950943 ] ] } },
{ "type": "Feature", "properties": { "road_id": "SUM-ROAD-877", "segment_id": "SUM-877-33810053801286438012824" }, "geometry": { "type": "LineString", "coordinates": [ [ -84.452525102484401, 42.162774242829748 ], [ -84.450177781229186, 42.162800272391991 ], [ -84.450139559467843, 42.163064291413356 ], [ -84.450021694701718, 42.163147304512343 ], [ -84.449401575597605, 42.163372345116315 ] ] } },
{ "type": "Feature", "properties": { "road_id": "SUM-ROAD-878", "segment_id": "SUM-878-9029093801286438012638" }, "geometry": { "type": "LineString", "coordinates": [ [ -84.452525102484401, 42.162774242829748 ], [ -84.452038657863667, 42.167418315630968 ] ] } },
{ "type": "Feature", "properties": { "road_id": "SUM-ROAD-879", "segment_id": "SUM-879-9153023801289838012891" }, "geometry": { "type": "LineString", "coordinates": [ [ -84.441588881836864, 42.16212348866182 ], [ -84.441259276659451, 42.162122988764921 ], [ -84.440969056380553, 42.16212701677582 ], [ -84.440835132772193, 42.162128875188294 ] ] } },
{ "type": "Feature", "properties": { "road_id": "SUM-ROAD-880", "segment_id": "SUM-880-9053043801289838012856" }, "geometry": { "type": "LineString", "coordinates": [ [ -84.441588881836864, 42.16212348866182 ], [ -84.441576694439007, 42.163101430898436 ] ] } },
{ "type": "Feature", "properties": { "road_id": "SUM-ROAD-881", "segment_id": "SUM-881-9029103801292238019325" }, "geometry": { "type": "LineString", "coordinates": [ [ -84.427644919294849, 42.161700172326611 ], [ -84.427626520014286, 42.162490909439676 ], [ -84.427636863052243, 42.164098664904024 ] ] } },
{ "type": "Feature", "properties": { "road_id": "SUM-ROAD-882", "segment_id": "SUM-882-9029093801290338012864" }, "geometry": { "type": "LineString", "coordinates": [ [ -84.45261127016515, 42.162017299983859 ], [ -84.452525102484401, 42.162774242829748 ] ] } },
{ "type": "Feature", "properties": { "road_id": "SUM-ROAD-883", "segment_id": "SUM-883-9053043801294938012898" }, "geometry": { "type": "LineString", "coordinates": [ [ -84.441584663560135, 42.161168669868324 ], [ -84.441588881836864, 42.16212348866182 ] ] } },
{ "type": "Feature", "properties": { "road_id": "SUM-ROAD-884", "segment_id": "SUM-884-9153013801294938018504" }, "geometry": { "type": "LineString", "coordinates": [ [ -84.441584663560135, 42.161168669868324 ], [ -84.441439350466055, 42.161164601097042 ], [ -84.441285022549295, 42.161154366488198 ], [ -84.440583306842882, 42.161164762149774 ], [ -84.440440407748525, 42.161179387010549 ], [ -84.44027821353454, 42.161207380252016 ], [ -84.440099682732779, 42.161280636570353 ], [ -84.439929687215937, 42.161371810667987 ], [ -84.439792792002493, 42.161480084313716 ], [ -84.439705970173435, 42.161597379320121 ], [ -84.43964740286134, 42.161702595690514 ], [ -84.439616877671995, 42.161804049360306 ], [ -84.439581955947858, 42.162298414883686 ], [ -84.439607400249798, 42.163279215360504 ], [ -84.439612455663095, 42.163400294436499 ] ] } },
{ "type": "Feature", "properties": { "road_id": "SUM-ROAD-885", "segment_id": "SUM-885-9056093801298638012984" }, "geometry": { "type": "LineString", "coordinates": [ [ -84.427629396728719, 42.160166623890554 ], [ -84.425217463360241, 42.160166559323741 ] ] } },
{ "type": "Feature", "properties": { "road_id": "SUM-ROAD-886", "segment_id": "SUM-886-9029103801298638012922" }, "geometry": { "type": "LineString", "coordinates": [ [ -84.427629396728719, 42.160166623890554 ], [ -84.427644919294849, 42.161700172326611 ] ] } },
{ "type": "Feature", "properties": { "road_id": "SUM-ROAD-887", "segment_id": "SUM-887-9056093801932838012986" }, "geometry": { "type": "LineString", "coordinates": [ [ -84.429779384976442, 42.160168116117475 ], [ -84.427629396728719, 42.160166623890554 ] ] } },
{ "type": "Feature", "properties": { "road_id": "SUM-ROAD-888", "segment_id": "SUM-888-9056093802173138019328" }, "geometry": { "type": "LineString", "coordinates": [ [ -84.433507143666674, 42.160170608106711 ], [ -84.429779384976442, 42.160168116117475 ] ] } },
{ "type": "Feature", "properties": { "road_id": "SUM-ROAD-889", "segment_id": "SUM-889-9056093801932438021731" }, "geometry": { "type": "LineString", "coordinates": [ [ -84.437997967793194, 42.160147921867647 ], [ -84.437161271906135, 42.160150957253677 ], [ -84.433512416299607, 42.160170611405299 ], [ -84.433507143666674, 42.160170608106711 ] ] } },
{ "type": "Feature", "properties": { "road_id": "SUM-ROAD-890", "segment_id": "SUM-890-9096073801299538012800" }, "geometry": { "type": "LineString", "coordinates": [ [ -84.439274296954764, 42.160155559135269 ], [ -84.439218519601624, 42.160363748040737 ], [ -84.439134241387933, 42.160542880486638 ], [ -84.439031981995171, 42.160676681089399 ], [ -84.438825732822238, 42.160839061387662 ], [ -84.43827882375875, 42.161325667698385 ], [ -84.438235028428224, 42.161417582986559 ], [ -84.438226118504204, 42.161517107598918 ], [ -84.438219431191243, 42.161654625908497 ], [ -84.438237881123499, 42.162540192498646 ], [ -84.438272945295381, 42.163463771509178 ], [ -84.438271279991284, 42.163664795686273 ] ] } },
{ "type": "Feature", "properties": { "road_id": "SUM-ROAD-891", "segment_id": "SUM-891-9056093801299438019324" }, "geometry": { "type": "LineString", "coordinates": [ [ -84.43876166464166, 42.160145145475475 ], [ -84.437997967793194, 42.160147921867647 ] ] } },
{ "type": "Feature", "properties": { "road_id": "SUM-ROAD-892", "segment_id": "SUM-892-9056093801299538012994" }, "geometry": { "type": "LineString", "coordinates": [ [ -84.439274296954764, 42.160155559135269 ], [ -84.43876166464166, 42.160145145475475 ] ] } },
{ "type": "Feature", "properties": { "road_id": "SUM-ROAD-893", "segment_id": "SUM-893-9056093801299938012995" }, "geometry": { "type": "LineString", "coordinates": [ [ -84.441586631844203, 42.160145090680167 ], [ -84.441245080110775, 42.160145581134344 ], [ -84.439274296954764, 42.160155559135269 ] ] } },
{ "type": "Feature", "properties": { "road_id": "SUM-ROAD-894", "segment_id": "SUM-894-9053043801299938012949" }, "geometry": { "type": "LineString", "coordinates": [ [ -84.441586631844203, 42.160145090680167 ], [ -84.441584663560135, 42.161168669868324 ] ] } },
{ "type": "Feature", "properties": { "road_id": "SUM-ROAD-895", "segment_id": "SUM-895-9056093801300538012999" }, "geometry": { "type": "LineString", "coordinates": [ [ -84.452073956266318, 42.160139532166014 ], [ -84.442325498534373, 42.16017460910939 ], [ -84.442177514938933, 42.160174623083485 ], [ -84.441586631844203, 42.160145090680167 ] ] } },
{ "type": "Feature", "properties": { "road_id": "SUM-ROAD-896", "segment_id": "SUM-896-9029093801300538012903" }, "geometry": { "type": "LineString", "coordinates": [ [ -84.452073956266318, 42.160139532166014 ], [ -84.452621585696875, 42.161038225020704 ], [ -84.45265480048468, 42.161202976709561 ], [ -84.452657197685014, 42.161377408869292 ], [ -84.45261127016515, 42.162017299983859 ] ] } },
{ "type": "Feature", "properties": { "road_id": "SUM-ROAD-897", "segment_id": "SUM-897-9056093801931738013005" }, "geometry": { "type": "LineString", "coordinates": [ [ -84.461754797509499, 42.160119651782722 ], [ -84.461713970852003, 42.160119653673981 ], [ -84.452073956266318, 42.160139532166014 ] ] } },
{ "type": "Feature", "properties": { "road_id": "SUM-ROAD-898", "segment_id": "SUM-898-9056093801301738019317" }, "geometry": { "type": "LineString", "coordinates": [ [ -84.466621959972471, 42.160133823844248 ], [ -84.461831989323599, 42.160119648207555 ], [ -84.461754797509499, 42.160119651782722 ] ] } },
{ "type": "Feature", "properties": { "road_id": "SUM-ROAD-899", "segment_id": "SUM-899-9029083801301738012649" }, "geometry": { "type": "LineString", "coordinates": [ [ -84.466621959972471, 42.160133823844248 ], [ -84.466733127585968, 42.167406356996707 ] ] } },
{ "type": "Feature", "properties": { "road_id": "SUM-ROAD-900", "segment_id": "SUM-900-9056093801302338013017" }, "geometry": { "type": "LineString", "coordinates": [ [ -84.480475626026191, 42.160136381734624 ], [ -84.480313344929655, 42.160136660556347 ], [ -84.466621959972471, 42.160133823844248 ] ] } },
{ "type": "Feature", "properties": { "road_id": "SUM-ROAD-901", "segment_id": "SUM-901-9029073801302338012660" }, "geometry": { "type": "LineString", "coordinates": [ [ -84.480475626026191, 42.160136381734624 ], [ -84.480673807539532, 42.166197980317953 ], [ -84.480697063812002, 42.167414742214383 ] ] } }
]
}
