road_id,segment_id,road_name,from_street,to_street,jurisdiction,latitude,longitude,road_length_miles,lanes,surface_type,functional_class,pci,condition_date,traffic_level,adt,age_years,freeze_thaw,recommended_treatment,treatment_cost_per_lane_mile,data_status,data_source,data_updated_at
SUM-ROAD-1,SUM-1-8972073800693238006931,W Michigan Ave,,,Summit Township,42.247405451847776,-84.43443379435226,0.064037,2,Asphalt,Local,65,2026-08-16,Medium,1000,10,Moderate,Crack Seal,1,provisional,Michigan GIS Open Data + Paventra rehearsal assumptions,2026-08-16
SUM-ROAD-2,SUM-2-8972073800693538006932,W Michigan Ave,,,Summit Township,42.24741442713074,-84.4356389344329,0.06178,2,Asphalt,Local,65,2026-08-16,Medium,1000,10,Moderate,Crack Seal,1,provisional,Michigan GIS Open Data + Paventra rehearsal assumptions,2026-08-16
SUM-ROAD-3,SUM-3-8972073800694138006935,W Michigan Ave,,,Summit Township,42.24741200189327,-84.43927824381926,0.186554,2,Asphalt,Local,65,2026-08-16,Medium,1000,10,Moderate,Crack Seal,1,provisional,Michigan GIS Open Data + Paventra rehearsal assumptions,2026-08-16
SUM-ROAD-4,SUM-4-9091053800694938006945,W Main St,,,Summit Township,42.2474524254758,-84.44273561973493,0.053012,2,Asphalt,Local,65,2026-08-16,Medium,1000,10,Moderate,Crack Seal,1,provisional,Michigan GIS Open Data + Paventra rehearsal assumptions,2026-08-16
SUM-ROAD-5,SUM-5-8972073800694538006941,W Michigan Ave,,,Summit Township,42.24770274215044,-84.44189472606139,0.137535,2,Asphalt,Local,65,2026-08-16,Medium,1000,10,Moderate,Crack Seal,1,provisional,Michigan GIS Open Data + Paventra rehearsal assumptions,2026-08-16
SUM-ROAD-6,SUM-6-9106103800697038006961,W Main St,,,Summit Township,42.247446820953115,-84.45783597715686,0.245875,2,Asphalt,Local,65,2026-08-16,Medium,1000,10,Moderate,Crack Seal,1,provisional,Michigan GIS Open Data + Paventra rehearsal assumptions,2026-08-16
SUM-ROAD-7,SUM-7-9106103800697138006970,W Main St,,,Summit Township,42.247447700443054,-84.45896567824718,0.057909,2,Asphalt,Local,65,2026-08-16,Medium,1000,10,Moderate,Crack Seal,1,provisional,Michigan GIS Open Data + Paventra rehearsal assumptions,2026-08-16
SUM-ROAD-8,SUM-8-9106103800697238006971,W Main St,,,Summit Township,42.24744818114029,-84.4590277065096,0.00318,2,Asphalt,Local,65,2026-08-16,Medium,1000,10,Moderate,Crack Seal,1,provisional,Michigan GIS Open Data + Paventra rehearsal assumptions,2026-08-16
SUM-ROAD-9,SUM-9-9106103800697538006972,W Main St,,,Summit Township,42.247456089620314,-84.46018580914732,0.05937,2,Asphalt,Local,65,2026-08-16,Medium,1000,10,Moderate,Crack Seal,1,provisional,Michigan GIS Open Data + Paventra rehearsal assumptions,2026-08-16
SUM-ROAD-10,SUM-10-9106103800697738006975,W Main St,,,Summit Township,42.24745434713804,-84.46132077190074,0.058179,2,Asphalt,Local,65,2026-08-16,Medium,1000,10,Moderate,Crack Seal,1,provisional,Michigan GIS Open Data + Paventra rehearsal assumptions,2026-08-16
SUM-ROAD-11,SUM-11-9106103800697938006977,W Main St,,,Summit Township,42.24746537312085,-84.46258364823346,0.06474,2,Asphalt,Local,65,2026-08-16,Medium,1000,10,Moderate,Crack Seal,1,provisional,Michigan GIS Open Data + Paventra rehearsal assumptions,2026-08-16
SUM-ROAD-12,SUM-12-9174063800698038006989,Barnes Rd,,,Summit Township,42.24757088321423,-84.47120362189382,0.126745,2,Asphalt,Local,65,2026-08-16,Medium,1000,10,Moderate,Crack Seal,1,provisional,Michigan GIS Open Data + Paventra rehearsal assumptions,2026-08-16
SUM-ROAD-13,SUM-13-33813773800700238007003,M 60 Crossover,,,Summit Township,42.24744058888417,-84.4760392776588,0.019216,2,Asphalt,Local,65,2026-08-16,Medium,1000,10,Moderate,Crack Seal,1,provisional,Michigan GIS Open Data + Paventra rehearsal assumptions,2026-08-16
SUM-ROAD-14,SUM-14-17733063800700638006971,Commons Blvd,,,Summit Township,42.247094805851056,-84.45895669549617,0.024352,2,Asphalt,Local,65,2026-08-16,Medium,1000,10,Moderate,Crack Seal,1,provisional,Michigan GIS Open Data + Paventra rehearsal assumptions,2026-08-16
SUM-ROAD-15,SUM-15-8999073800702438006935,18th St,,,Summit Township,42.24651273897549,-84.43564779951545,0.062212,2,Asphalt,Local,65,2026-08-16,Medium,1000,10,Moderate,Crack Seal,1,provisional,Michigan GIS Open Data + Paventra rehearsal assumptions,2026-08-16
SUM-ROAD-16,SUM-16-33800653800702438007028,Cortland Blvd,,,Summit Township,42.24651273897549,-84.43564779951545,0.186284,2,Asphalt,Local,65,2026-08-16,Medium,1000,10,Moderate,Crack Seal,1,provisional,Michigan GIS Open Data + Paventra rehearsal assumptions,2026-08-16
SUM-ROAD-17,SUM-17-9003023800702838006941,21st St,,,Summit Township,42.24650088161299,-84.43928175168197,0.062861,2,Asphalt,Local,65,2026-08-16,Medium,1000,10,Moderate,Crack Seal,1,provisional,Michigan GIS Open Data + Paventra rehearsal assumptions,2026-08-16
SUM-ROAD-18,SUM-18-9091043800703338017237,Cortland Blvd,,,Summit Township,42.246514305212905,-84.44299938888129,0.06553,2,Asphalt,Local,65,2026-08-16,Medium,1000,10,Moderate,Crack Seal,1,provisional,Michigan GIS Open Data + Paventra rehearsal assumptions,2026-08-16
SUM-ROAD-19,SUM-19-9091013800703338006949,24th St,,,Summit Township,42.246514305212905,-84.44299938888129,0.071247,2,Asphalt,Local,65,2026-08-16,Medium,1000,10,Moderate,Crack Seal,1,provisional,Michigan GIS Open Data + Paventra rehearsal assumptions,2026-08-16
SUM-ROAD-20,SUM-20-33815473802065638020657,Hawthorne Ct,,,Summit Township,42.24656475040001,-84.45804765986608,0.038183,2,Asphalt,Local,65,2026-08-16,Medium,1000,10,Moderate,Crack Seal,1,provisional,Michigan GIS Open Data + Paventra rehearsal assumptions,2026-08-16
SUM-ROAD-21,SUM-21-33815473800706838020656,Hawthorne Cir,,,Summit Township,42.2465085819446,-84.45832848666602,0.014908,2,Asphalt,Local,65,2026-08-16,Medium,1000,10,Moderate,Crack Seal,1,provisional,Michigan GIS Open Data + Paventra rehearsal assumptions,2026-08-16
SUM-ROAD-22,SUM-22-17733063800706838007006,Commons Blvd,,,Summit Township,42.2465085819446,-84.45832848666602,0.052319,2,Asphalt,Local,65,2026-08-16,Medium,1000,10,Moderate,Crack Seal,1,provisional,Michigan GIS Open Data + Paventra rehearsal assumptions,2026-08-16
SUM-ROAD-23,SUM-23-17734133800700638007021,Peppertree Cir,,,Summit Township,42.247094805851056,-84.45895669549617,0.123555,2,Asphalt,Local,65,2026-08-16,Medium,1000,10,Moderate,Crack Seal,1,provisional,Michigan GIS Open Data + Paventra rehearsal assumptions,2026-08-16
SUM-ROAD-24,SUM-24-8999083800715438006932,17th St,,,Summit Township,42.24564372904952,-84.43440701883839,0.121555,2,Asphalt,Local,65,2026-08-16,Medium,1000,10,Moderate,Crack Seal,1,provisional,Michigan GIS Open Data + Paventra rehearsal assumptions,2026-08-16
SUM-ROAD-25,SUM-25-9100053800714738006931,S Brown St,,,Summit Township,42.24561159435702,-84.43319739628305,0.124384,2,Asphalt,Local,65,2026-08-16,Medium,1000,10,Moderate,Crack Seal,1,provisional,Michigan GIS Open Data + Paventra rehearsal assumptions,2026-08-16
SUM-ROAD-26,SUM-26-9091033800715438007147,W Washington Ave,,,Summit Township,42.24564372904952,-84.43440701883839,0.062048,2,Asphalt,Local,65,2026-08-16,Medium,1000,10,Moderate,Crack Seal,1,provisional,Michigan GIS Open Data + Paventra rehearsal assumptions,2026-08-16
SUM-ROAD-27,SUM-27-9091033800715838007154,W Washington Ave,,,Summit Township,42.24562166851688,-84.43563774742721,0.063108,2,Asphalt,Local,65,2026-08-16,Medium,1000,10,Moderate,Crack Seal,1,provisional,Michigan GIS Open Data + Paventra rehearsal assumptions,2026-08-16
SUM-ROAD-28,SUM-28-8999073800715838007024,18th St,,,Summit Township,42.24562166851688,-84.43563774742721,0.06148,2,Asphalt,Local,65,2026-08-16,Medium,1000,10,Moderate,Crack Seal,1,provisional,Michigan GIS Open Data + Paventra rehearsal assumptions,2026-08-16
SUM-ROAD-29,SUM-29-9091033800716338007158,W Washington Ave,,,Summit Township,42.24561213403554,-84.43808657829116,0.125534,2,Asphalt,Local,65,2026-08-16,Medium,1000,10,Moderate,Crack Seal,1,provisional,Michigan GIS Open Data + Paventra rehearsal assumptions,2026-08-16
SUM-ROAD-30,SUM-30-9091033800716738007163,W Washington Ave,,,Summit Township,42.24562180190446,-84.43927780148329,0.061068,2,Asphalt,Local,65,2026-08-16,Medium,1000,10,Moderate,Crack Seal,1,provisional,Michigan GIS Open Data + Paventra rehearsal assumptions,2026-08-16
SUM-ROAD-31,SUM-31-9003023800716738007028,21st St,,,Summit Township,42.24562180190446,-84.43927780148329,0.060651,2,Asphalt,Local,65,2026-08-16,Medium,1000,10,Moderate,Crack Seal,1,provisional,Michigan GIS Open Data + Paventra rehearsal assumptions,2026-08-16
SUM-ROAD-32,SUM-32-9091033800717138007167,W Washington Ave,,,Summit Township,42.24562450561476,-84.44048625485144,0.061948,2,Asphalt,Local,65,2026-08-16,Medium,1000,10,Moderate,Crack Seal,1,provisional,Michigan GIS Open Data + Paventra rehearsal assumptions,2026-08-16
SUM-ROAD-33,SUM-33-9091033800717538007171,W Washington Ave,,,Summit Township,42.245627071645636,-84.44175835787587,0.065211,2,Asphalt,Local,65,2026-08-16,Medium,1000,10,Moderate,Crack Seal,1,provisional,Michigan GIS Open Data + Paventra rehearsal assumptions,2026-08-16
SUM-ROAD-34,SUM-34-9091033800717738007175,W Washington Ave,,,Summit Township,42.245619829269785,-84.44297738044651,0.062492,2,Asphalt,Local,65,2026-08-16,Medium,1000,10,Moderate,Crack Seal,1,provisional,Michigan GIS Open Data + Paventra rehearsal assumptions,2026-08-16
SUM-ROAD-35,SUM-35-9091013800717738007033,24th St,,,Summit Township,42.245619829269785,-84.44297738044651,0.061723,2,Asphalt,Local,65,2026-08-16,Medium,1000,10,Moderate,Crack Seal,1,provisional,Michigan GIS Open Data + Paventra rehearsal assumptions,2026-08-16
SUM-ROAD-36,SUM-36-33808903800695338007180,Tanbark Ln E,,,Summit Township,42.24745410199994,-84.44515461671187,0.125148,2,Asphalt,Local,65,2026-08-16,Medium,1000,10,Moderate,Crack Seal,1,provisional,Michigan GIS Open Data + Paventra rehearsal assumptions,2026-08-16
SUM-ROAD-37,SUM-37-9091033800718038007177,W Washington Ave,,,Summit Township,42.24564024368132,-84.44513474234529,0.110607,2,Asphalt,Local,65,2026-08-16,Medium,1000,10,Moderate,Crack Seal,1,provisional,Michigan GIS Open Data + Paventra rehearsal assumptions,2026-08-16
SUM-ROAD-38,SUM-38-9091033800718338007180,W Washington Ave,,,Summit Township,42.24563160936728,-84.44713347578413,0.102461,2,Asphalt,Local,65,2026-08-16,Medium,1000,10,Moderate,Crack Seal,1,provisional,Michigan GIS Open Data + Paventra rehearsal assumptions,2026-08-16
SUM-ROAD-39,SUM-39-33808903800718338006943,Tanbark Ln W,,,Summit Township,42.24563160936728,-84.44713347578413,0.130765,2,Asphalt,Local,65,2026-08-16,Medium,1000,10,Moderate,Crack Seal,1,provisional,Michigan GIS Open Data + Paventra rehearsal assumptions,2026-08-16
SUM-ROAD-40,SUM-40-17733063800719038007068,Commons Blvd,,,Summit Township,42.24578829757923,-84.45857930662874,0.052371,2,Asphalt,Local,65,2026-08-16,Medium,1000,10,Moderate,Crack Seal,1,provisional,Michigan GIS Open Data + Paventra rehearsal assumptions,2026-08-16
SUM-ROAD-41,SUM-41-9091033800718438007183,W Washington Ave,,,Summit Township,42.245639472307886,-84.44930173735453,0.111151,2,Asphalt,Local,65,2026-08-16,Medium,1000,10,Moderate,Crack Seal,1,provisional,Michigan GIS Open Data + Paventra rehearsal assumptions,2026-08-16
SUM-ROAD-42,SUM-42-33800673800718438007055,Depuy Ave,,,Summit Township,42.245639472307886,-84.44930173735453,0.108523,2,Asphalt,Local,65,2026-08-16,Medium,1000,10,Moderate,Crack Seal,1,provisional,Michigan GIS Open Data + Paventra rehearsal assumptions,2026-08-16
SUM-ROAD-43,SUM-43-9091033800718538007184,W Washington Ave,,,Summit Township,42.245634742170516,-84.4507746349133,0.075505,2,Asphalt,Local,65,2026-08-16,Medium,1000,10,Moderate,Crack Seal,1,provisional,Michigan GIS Open Data + Paventra rehearsal assumptions,2026-08-16
SUM-ROAD-44,SUM-44-9091033800718738007185,W Washington Ave,,,Summit Township,42.24565118005362,-84.45272836570297,0.100159,2,Asphalt,Local,65,2026-08-16,Medium,1000,10,Moderate,Crack Seal,1,provisional,Michigan GIS Open Data + Paventra rehearsal assumptions,2026-08-16
SUM-ROAD-45,SUM-45-9101023800718738006961,Forest Ave,,,Summit Township,42.24565118005362,-84.45272836570297,0.133733,2,Asphalt,Local,65,2026-08-16,Medium,1000,10,Moderate,Crack Seal,1,provisional,Michigan GIS Open Data + Paventra rehearsal assumptions,2026-08-16
SUM-ROAD-46,SUM-46-17734023800721538020656,Hawthorne Cir,,,Summit Township,42.24567167017249,-84.45836866975912,0.091941,2,Asphalt,Local,65,2026-08-16,Medium,1000,10,Moderate,Crack Seal,1,provisional,Michigan GIS Open Data + Paventra rehearsal assumptions,2026-08-16
SUM-ROAD-47,SUM-47-17734113800719038007215,Hickory Ct,,,Summit Township,42.24578829757923,-84.45857930662874,0.013466,2,Asphalt,Local,65,2026-08-16,Medium,1000,10,Moderate,Crack Seal,1,provisional,Michigan GIS Open Data + Paventra rehearsal assumptions,2026-08-16
SUM-ROAD-48,SUM-48-9091033800719838007187,W Washington Ave,,,Summit Township,42.245476852458914,-84.4549006902954,0.119196,2,Asphalt,Local,65,2026-08-16,Medium,1000,10,Moderate,Crack Seal,1,provisional,Michigan GIS Open Data + Paventra rehearsal assumptions,2026-08-16
SUM-ROAD-49,SUM-49-9108033800721438007216,Deerfield Dr,,,Summit Township,42.24558426853653,-84.46809611100775,0.213111,2,Asphalt,Local,65,2026-08-16,Medium,1000,10,Moderate,Crack Seal,1,provisional,Michigan GIS Open Data + Paventra rehearsal assumptions,2026-08-16
SUM-ROAD-50,SUM-50-9090063800721438007189,Westchester Blvd,,,Summit Township,42.24558426853653,-84.46809611100775,0.032336,2,Asphalt,Local,65,2026-08-16,Medium,1000,10,Moderate,Crack Seal,1,provisional,Michigan GIS Open Data + Paventra rehearsal assumptions,2026-08-16
SUM-ROAD-51,SUM-51-17733083800723338007103,Roxbury Cir,,,Summit Township,42.245181974599,-84.46178932180149,0.135953,2,Asphalt,Local,65,2026-08-16,Medium,1000,10,Moderate,Crack Seal,1,provisional,Michigan GIS Open Data + Paventra rehearsal assumptions,2026-08-16
SUM-ROAD-52,SUM-52-17733063800723638007233,Commons Blvd,,,Summit Township,42.24518792600344,-84.46257084113581,0.040065,2,Asphalt,Local,65,2026-08-16,Medium,1000,10,Moderate,Crack Seal,1,provisional,Michigan GIS Open Data + Paventra rehearsal assumptions,2026-08-16
SUM-ROAD-53,SUM-53-8998063800723638006979,Robinson Rd,,,Summit Township,42.24518792600344,-84.46257084113581,0.157137,2,Asphalt,Local,65,2026-08-16,Medium,1000,10,Moderate,Crack Seal,1,provisional,Michigan GIS Open Data + Paventra rehearsal assumptions,2026-08-16
SUM-ROAD-54,SUM-54-17733063800723538007190,Commons Blvd,,,Summit Township,42.2451207506355,-84.45977335873891,0.076961,2,Asphalt,Local,65,2026-08-16,Medium,1000,10,Moderate,Crack Seal,1,provisional,Michigan GIS Open Data + Paventra rehearsal assumptions,2026-08-16
SUM-ROAD-55,SUM-55-17733063800723338007247,Commons Blvd,,,Summit Township,42.245181974599,-84.46178932180149,0.061527,2,Asphalt,Local,65,2026-08-16,Medium,1000,10,Moderate,Crack Seal,1,provisional,Michigan GIS Open Data + Paventra rehearsal assumptions,2026-08-16
SUM-ROAD-56,SUM-56-17733063800724738007235,Commons Blvd,,,Summit Township,42.24502567904454,-84.46061104261821,0.044296,2,Asphalt,Local,65,2026-08-16,Medium,1000,10,Moderate,Crack Seal,1,provisional,Michigan GIS Open Data + Paventra rehearsal assumptions,2026-08-16
SUM-ROAD-57,SUM-57-9090063800729438007214,Westchester Blvd,,,Summit Township,42.24455565072196,-84.46809984818276,0.070968,2,Asphalt,Local,65,2026-08-16,Medium,1000,10,Moderate,Crack Seal,1,provisional,Michigan GIS Open Data + Paventra rehearsal assumptions,2026-08-16
SUM-ROAD-58,SUM-58-17734113800721538017249,Hickory Ct,,,Summit Township,42.24567167017249,-84.45836866975912,0.112269,2,Asphalt,Local,65,2026-08-16,Medium,1000,10,Moderate,Crack Seal,1,provisional,Michigan GIS Open Data + Paventra rehearsal assumptions,2026-08-16
SUM-ROAD-59,SUM-59-9100053800732238007147,S Brown St,,,Summit Township,42.243768932488884,-84.43316946873921,0.127139,2,Asphalt,Local,65,2026-08-16,Medium,1000,10,Moderate,Crack Seal,1,provisional,Michigan GIS Open Data + Paventra rehearsal assumptions,2026-08-16
SUM-ROAD-60,SUM-60-9107103800732538007216,Rutledge St,,,Summit Township,42.244196310689745,-84.46387068045037,0.096342,2,Asphalt,Local,65,2026-08-16,Medium,1000,10,Moderate,Crack Seal,1,provisional,Michigan GIS Open Data + Paventra rehearsal assumptions,2026-08-16
SUM-ROAD-61,SUM-61-9108043800729438007325,Dorset Dr,,,Summit Township,42.24455565072196,-84.46809984818276,0.224166,2,Asphalt,Local,65,2026-08-16,Medium,1000,10,Moderate,Crack Seal,1,provisional,Michigan GIS Open Data + Paventra rehearsal assumptions,2026-08-16
SUM-ROAD-62,SUM-62-8999073800732338007158,18th St,,,Summit Township,42.24377993085799,-84.4356352204537,0.127067,2,Asphalt,Local,65,2026-08-16,Medium,1000,10,Moderate,Crack Seal,1,provisional,Michigan GIS Open Data + Paventra rehearsal assumptions,2026-08-16
SUM-ROAD-63,SUM-63-9091023800732438007322,W Franklin St,,,Summit Township,42.24375760382524,-84.43442048996165,0.064137,2,Asphalt,Local,65,2026-08-16,Medium,1000,10,Moderate,Crack Seal,1,provisional,Michigan GIS Open Data + Paventra rehearsal assumptions,2026-08-16
SUM-ROAD-64,SUM-64-8999083800732438007154,17th St,,,Summit Township,42.24375760382524,-84.43442048996165,0.130132,2,Asphalt,Local,65,2026-08-16,Medium,1000,10,Moderate,Crack Seal,1,provisional,Michigan GIS Open Data + Paventra rehearsal assumptions,2026-08-16
SUM-ROAD-65,SUM-65-9091023800732338007324,W Franklin St,,,Summit Township,42.24377993085799,-84.4356352204537,0.062291,2,Asphalt,Local,65,2026-08-16,Medium,1000,10,Moderate,Crack Seal,1,provisional,Michigan GIS Open Data + Paventra rehearsal assumptions,2026-08-16
SUM-ROAD-66,SUM-66-9091023800732638007323,W Franklin St,,,Summit Township,42.24376904545612,-84.43682280299629,0.060885,2,Asphalt,Local,65,2026-08-16,Medium,1000,10,Moderate,Crack Seal,1,provisional,Michigan GIS Open Data + Paventra rehearsal assumptions,2026-08-16
SUM-ROAD-67,SUM-67-9091023800733038007326,W Franklin St,,,Summit Township,42.24377211469567,-84.43806478761498,0.063669,2,Asphalt,Local,65,2026-08-16,Medium,1000,10,Moderate,Crack Seal,1,provisional,Michigan GIS Open Data + Paventra rehearsal assumptions,2026-08-16
SUM-ROAD-68,SUM-68-33800663800716338007330,20th St,,,Summit Township,42.24561213403554,-84.43808657829116,0.126954,2,Asphalt,Local,65,2026-08-16,Medium,1000,10,Moderate,Crack Seal,1,provisional,Michigan GIS Open Data + Paventra rehearsal assumptions,2026-08-16
SUM-ROAD-69,SUM-69-9091023800732838007330,W Franklin St,,,Summit Township,42.2437664762005,-84.43927870158785,0.062231,2,Asphalt,Local,65,2026-08-16,Medium,1000,10,Moderate,Crack Seal,1,provisional,Michigan GIS Open Data + Paventra rehearsal assumptions,2026-08-16
SUM-ROAD-70,SUM-70-9003023800732838007167,21st St,,,Summit Township,42.2437664762005,-84.43927870158785,0.128005,2,Asphalt,Local,65,2026-08-16,Medium,1000,10,Moderate,Crack Seal,1,provisional,Michigan GIS Open Data + Paventra rehearsal assumptions,2026-08-16
SUM-ROAD-71,SUM-71-9091023800733838007328,W Franklin St,,,Summit Township,42.24378350131543,-84.4405043594593,0.062843,2,Asphalt,Local,65,2026-08-16,Medium,1000,10,Moderate,Crack Seal,1,provisional,Michigan GIS Open Data + Paventra rehearsal assumptions,2026-08-16
SUM-ROAD-72,SUM-72-9100073800733838007171,22nd St,,,Summit Township,42.24378350131543,-84.4405043594593,0.12702,2,Asphalt,Local,65,2026-08-16,Medium,1000,10,Moderate,Crack Seal,1,provisional,Michigan GIS Open Data + Paventra rehearsal assumptions,2026-08-16
SUM-ROAD-73,SUM-73-17733203800723538017248,Walden Ln,,,Summit Township,42.2451207506355,-84.45977335873891,0.093967,2,Asphalt,Local,65,2026-08-16,Medium,1000,10,Moderate,Crack Seal,1,provisional,Michigan GIS Open Data + Paventra rehearsal assumptions,2026-08-16
SUM-ROAD-74,SUM-74-9091013800733938007177,24th St,,,Summit Township,42.24379264367327,-84.44294825023809,0.126073,2,Asphalt,Local,65,2026-08-16,Medium,1000,10,Moderate,Crack Seal,1,provisional,Michigan GIS Open Data + Paventra rehearsal assumptions,2026-08-16
SUM-ROAD-75,SUM-75-9091023800733338007338,W Franklin St,,,Summit Township,42.243773074948706,-84.44172555920736,0.062607,2,Asphalt,Local,65,2026-08-16,Medium,1000,10,Moderate,Crack Seal,1,provisional,Michigan GIS Open Data + Paventra rehearsal assumptions,2026-08-16
SUM-ROAD-76,SUM-76-9100063800733338007175,23rd St,,,Summit Township,42.243773074948706,-84.44172555920736,0.127924,2,Asphalt,Local,65,2026-08-16,Medium,1000,10,Moderate,Crack Seal,1,provisional,Michigan GIS Open Data + Paventra rehearsal assumptions,2026-08-16
SUM-ROAD-77,SUM-77-9091023800733938007333,W Franklin St,,,Summit Township,42.24379264367327,-84.44294825023809,0.062694,2,Asphalt,Local,65,2026-08-16,Medium,1000,10,Moderate,Crack Seal,1,provisional,Michigan GIS Open Data + Paventra rehearsal assumptions,2026-08-16
SUM-ROAD-78,SUM-78-17733193800724738007321,Wintercrest Dr,,,Summit Township,42.24502567904454,-84.46061104261821,0.073383,2,Asphalt,Local,65,2026-08-16,Medium,1000,10,Moderate,Crack Seal,1,provisional,Michigan GIS Open Data + Paventra rehearsal assumptions,2026-08-16
SUM-ROAD-79,SUM-79-9106093800734538007348,W Franklin St,,,Summit Township,42.243787306813765,-84.44925059810411,0.02,2,Asphalt,Local,65,2026-08-16,Medium,1000,10,Moderate,Crack Seal,1,provisional,Michigan GIS Open Data + Paventra rehearsal assumptions,2026-08-16
SUM-ROAD-80,SUM-80-33800673800734538007184,Depuy Ave,,,Summit Township,42.243787306813765,-84.44925059810411,0.127814,2,Asphalt,Local,65,2026-08-16,Medium,1000,10,Moderate,Crack Seal,1,provisional,Michigan GIS Open Data + Paventra rehearsal assumptions,2026-08-16
SUM-ROAD-81,SUM-81-9106093800734738007345,W Franklin St,,,Summit Township,42.24379520645207,-84.45079512710049,0.07918,2,Asphalt,Local,65,2026-08-16,Medium,1000,10,Moderate,Crack Seal,1,provisional,Michigan GIS Open Data + Paventra rehearsal assumptions,2026-08-16
SUM-ROAD-82,SUM-82-9101033800734738007185,Marion St,,,Summit Township,42.24379520645207,-84.45079512710049,0.12692,2,Asphalt,Local,65,2026-08-16,Medium,1000,10,Moderate,Crack Seal,1,provisional,Michigan GIS Open Data + Paventra rehearsal assumptions,2026-08-16
SUM-ROAD-83,SUM-83-9106093800735338007347,W Franklin St,,,Summit Township,42.243786005032725,-84.451732644737,0.048065,2,Asphalt,Local,65,2026-08-16,Medium,1000,10,Moderate,Crack Seal,1,provisional,Michigan GIS Open Data + Paventra rehearsal assumptions,2026-08-16
SUM-ROAD-84,SUM-84-9106093800735938007353,W Franklin St,,,Summit Township,42.24380433401833,-84.45488350698014,0.16153,2,Asphalt,Local,65,2026-08-16,Medium,1000,10,Moderate,Crack Seal,1,provisional,Michigan GIS Open Data + Paventra rehearsal assumptions,2026-08-16
SUM-ROAD-85,SUM-85-9101013800735938007198,Fernwood Ave,,,Summit Township,42.24380433401833,-84.45488350698014,0.115396,2,Asphalt,Local,65,2026-08-16,Medium,1000,10,Moderate,Crack Seal,1,provisional,Michigan GIS Open Data + Paventra rehearsal assumptions,2026-08-16
SUM-ROAD-86,SUM-86-9106093800736238007359,W Franklin St,,,Summit Township,42.24379568238152,-84.45702338526121,0.1097,2,Asphalt,Local,65,2026-08-16,Medium,1000,10,Moderate,Crack Seal,1,provisional,Michigan GIS Open Data + Paventra rehearsal assumptions,2026-08-16
SUM-ROAD-87,SUM-87-17733173800723338007367,Turnbridge St,,,Summit Township,42.245181974599,-84.46178932180149,0.098424,2,Asphalt,Local,65,2026-08-16,Medium,1000,10,Moderate,Crack Seal,1,provisional,Michigan GIS Open Data + Paventra rehearsal assumptions,2026-08-16
SUM-ROAD-88,SUM-88-8998013800741538007002,M 60,,,Summit Township,42.243819214955145,-84.47581050544109,0.250126,2,Asphalt,Local,65,2026-08-16,Medium,1000,10,Moderate,Crack Seal,1,provisional,Michigan GIS Open Data + Paventra rehearsal assumptions,2026-08-16
SUM-ROAD-89,SUM-89-8998023800740738007003,M 60,,,Summit Township,42.24381388170245,-84.47542217511771,0.250619,2,Asphalt,Local,65,2026-08-16,Medium,1000,10,Moderate,Crack Seal,1,provisional,Michigan GIS Open Data + Paventra rehearsal assumptions,2026-08-16
SUM-ROAD-90,SUM-90-9090063800739738007294,Westchester Blvd,,,Summit Township,42.24347335114802,-84.4668890942176,0.111598,2,Asphalt,Local,65,2026-08-16,Medium,1000,10,Moderate,Crack Seal,1,provisional,Michigan GIS Open Data + Paventra rehearsal assumptions,2026-08-16
SUM-ROAD-91,SUM-91-9107103800742738007325,Rutledge St,,,Summit Township,42.24322020174444,-84.46371999062319,0.068262,2,Asphalt,Local,65,2026-08-16,Medium,1000,10,Moderate,Crack Seal,1,provisional,Michigan GIS Open Data + Paventra rehearsal assumptions,2026-08-16
SUM-ROAD-92,SUM-92-9090063800742738007397,Westchester Blvd,,,Summit Township,42.24322020174444,-84.46371999062319,0.166003,2,Asphalt,Local,65,2026-08-16,Medium,1000,10,Moderate,Crack Seal,1,provisional,Michigan GIS Open Data + Paventra rehearsal assumptions,2026-08-16
SUM-ROAD-93,SUM-93-8998063800743138007236,Robinson Rd,,,Summit Township,42.24319884622691,-84.46256094558747,0.137234,2,Asphalt,Local,65,2026-08-16,Medium,1000,10,Moderate,Crack Seal,1,provisional,Michigan GIS Open Data + Paventra rehearsal assumptions,2026-08-16
SUM-ROAD-94,SUM-94-9090063800743138007427,Westchester Blvd,,,Summit Township,42.24319884622691,-84.46256094558747,0.059436,2,Asphalt,Local,65,2026-08-16,Medium,1000,10,Moderate,Crack Seal,1,provisional,Michigan GIS Open Data + Paventra rehearsal assumptions,2026-08-16
SUM-ROAD-95,SUM-95-9100053800751238007322,S Brown St,,,Summit Township,42.242148337110926,-84.43316204321712,0.111811,2,Asphalt,Local,65,2026-08-16,Medium,1000,10,Moderate,Crack Seal,1,provisional,Michigan GIS Open Data + Paventra rehearsal assumptions,2026-08-16
SUM-ROAD-96,SUM-96-9107103800751638007427,Rutledge St,,,Summit Township,42.24256841706038,-84.46403180887985,0.047725,2,Asphalt,Local,65,2026-08-16,Medium,1000,10,Moderate,Crack Seal,1,provisional,Michigan GIS Open Data + Paventra rehearsal assumptions,2026-08-16
SUM-ROAD-97,SUM-97-9042033800751738007512,Carlton Blvd,,,Summit Township,42.24214097514919,-84.43439708282504,0.063316,2,Asphalt,Local,65,2026-08-16,Medium,1000,10,Moderate,Crack Seal,1,provisional,Michigan GIS Open Data + Paventra rehearsal assumptions,2026-08-16
SUM-ROAD-98,SUM-98-8999083800751738007324,17th St,,,Summit Township,42.24214097514919,-84.43439708282504,0.111543,2,Asphalt,Local,65,2026-08-16,Medium,1000,10,Moderate,Crack Seal,1,provisional,Michigan GIS Open Data + Paventra rehearsal assumptions,2026-08-16
SUM-ROAD-99,SUM-99-9042033800751838007517,Carlton Blvd,,,Summit Township,42.242141551854175,-84.4356193805182,0.062661,2,Asphalt,Local,65,2026-08-16,Medium,1000,10,Moderate,Crack Seal,1,provisional,Michigan GIS Open Data + Paventra rehearsal assumptions,2026-08-16
SUM-ROAD-100,SUM-100-8999073800751838007323,18th St,,,Summit Township,42.242141551854175,-84.4356193805182,0.11304,2,Asphalt,Local,65,2026-08-16,Medium,1000,10,Moderate,Crack Seal,1,provisional,Michigan GIS Open Data + Paventra rehearsal assumptions,2026-08-16
SUM-ROAD-101,SUM-101-9042033800752038007518,Carlton Blvd,,,Summit Township,42.2421388732147,-84.43683045014379,0.062086,2,Asphalt,Local,65,2026-08-16,Medium,1000,10,Moderate,Crack Seal,1,provisional,Michigan GIS Open Data + Paventra rehearsal assumptions,2026-08-16
SUM-ROAD-102,SUM-102-8999063800752038007326,19th St,,,Summit Township,42.2421388732147,-84.43683045014379,0.112472,2,Asphalt,Local,65,2026-08-16,Medium,1000,10,Moderate,Crack Seal,1,provisional,Michigan GIS Open Data + Paventra rehearsal assumptions,2026-08-16
SUM-ROAD-103,SUM-103-9042033800752338007520,Carlton Blvd,,,Summit Township,42.24215070191082,-84.43804890969858,0.06247,2,Asphalt,Local,65,2026-08-16,Medium,1000,10,Moderate,Crack Seal,1,provisional,Michigan GIS Open Data + Paventra rehearsal assumptions,2026-08-16
SUM-ROAD-104,SUM-104-33800663800733038007523,20th St,,,Summit Township,42.24377211469567,-84.43806478761498,0.111869,2,Asphalt,Local,65,2026-08-16,Medium,1000,10,Moderate,Crack Seal,1,provisional,Michigan GIS Open Data + Paventra rehearsal assumptions,2026-08-16
SUM-ROAD-105,SUM-105-9042033800752538007523,Carlton Blvd,,,Summit Township,42.24214601361084,-84.43926142153302,0.06216,2,Asphalt,Local,65,2026-08-16,Medium,1000,10,Moderate,Crack Seal,1,provisional,Michigan GIS Open Data + Paventra rehearsal assumptions,2026-08-16
SUM-ROAD-106,SUM-106-9003023800752538007328,21st St,,,Summit Township,42.24214601361084,-84.43926142153302,0.111804,2,Asphalt,Local,65,2026-08-16,Medium,1000,10,Moderate,Crack Seal,1,provisional,Michigan GIS Open Data + Paventra rehearsal assumptions,2026-08-16
SUM-ROAD-107,SUM-107-9042033800752938007525,Carlton Blvd,,,Summit Township,42.242147937760535,-84.44046604114847,0.061755,2,Asphalt,Local,65,2026-08-16,Medium,1000,10,Moderate,Crack Seal,1,provisional,Michigan GIS Open Data + Paventra rehearsal assumptions,2026-08-16
SUM-ROAD-108,SUM-108-9100073800752938007338,22nd St,,,Summit Township,42.242147937760535,-84.44046604114847,0.11286,2,Asphalt,Local,65,2026-08-16,Medium,1000,10,Moderate,Crack Seal,1,provisional,Michigan GIS Open Data + Paventra rehearsal assumptions,2026-08-16
SUM-ROAD-109,SUM-109-9042033800753138007529,Carlton Blvd,,,Summit Township,42.24214651367304,-84.44169030953783,0.062762,2,Asphalt,Local,65,2026-08-16,Medium,1000,10,Moderate,Crack Seal,1,provisional,Michigan GIS Open Data + Paventra rehearsal assumptions,2026-08-16
SUM-ROAD-110,SUM-110-9100063800753138007333,23rd St,,,Summit Township,42.24214651367304,-84.44169030953783,0.112236,2,Asphalt,Local,65,2026-08-16,Medium,1000,10,Moderate,Crack Seal,1,provisional,Michigan GIS Open Data + Paventra rehearsal assumptions,2026-08-16
SUM-ROAD-111,SUM-111-9042033800753238007531,Carlton Blvd,,,Summit Township,42.24215812787478,-84.44295954492905,0.065072,2,Asphalt,Local,65,2026-08-16,Medium,1000,10,Moderate,Crack Seal,1,provisional,Michigan GIS Open Data + Paventra rehearsal assumptions,2026-08-16
SUM-ROAD-112,SUM-112-9091013800753238007339,24th St,,,Summit Township,42.24215812787478,-84.44295954492905,0.112772,2,Asphalt,Local,65,2026-08-16,Medium,1000,10,Moderate,Crack Seal,1,provisional,Michigan GIS Open Data + Paventra rehearsal assumptions,2026-08-16
SUM-ROAD-113,SUM-113-9042033800753438007532,Woodbine Blvd,,,Summit Township,42.24215641815846,-84.44372421231375,0.039201,2,Asphalt,Local,65,2026-08-16,Medium,1000,10,Moderate,Crack Seal,1,provisional,Michigan GIS Open Data + Paventra rehearsal assumptions,2026-08-16
SUM-ROAD-114,SUM-114-9107083800759538007397,Christopher Dr,,,Summit Township,42.242390501424204,-84.46688208827308,0.07471,2,Asphalt,Local,65,2026-08-16,Medium,1000,10,Moderate,Crack Seal,1,provisional,Michigan GIS Open Data + Paventra rehearsal assumptions,2026-08-16
SUM-ROAD-115,SUM-115-9106083800754538007544,Carlton St,,,Summit Township,42.24217447106213,-84.45170208520993,0.083113,2,Asphalt,Local,65,2026-08-16,Medium,1000,10,Moderate,Crack Seal,1,provisional,Michigan GIS Open Data + Paventra rehearsal assumptions,2026-08-16
SUM-ROAD-116,SUM-116-9105033800754538007353,Leo Rd,,,Summit Township,42.24217447106213,-84.45170208520993,0.111196,2,Asphalt,Local,65,2026-08-16,Medium,1000,10,Moderate,Crack Seal,1,provisional,Michigan GIS Open Data + Paventra rehearsal assumptions,2026-08-16
SUM-ROAD-117,SUM-117-9108113800759538007591,Kimberly Dr,,,Summit Township,42.242390501424204,-84.46688208827308,0.031818,2,Asphalt,Local,65,2026-08-16,Medium,1000,10,Moderate,Crack Seal,1,provisional,Michigan GIS Open Data + Paventra rehearsal assumptions,2026-08-16
SUM-ROAD-118,SUM-118-9106083800755738007545,Carlton St,,,Summit Township,42.24217611831072,-84.45485609047383,0.16169,2,Asphalt,Local,65,2026-08-16,Medium,1000,10,Moderate,Crack Seal,1,provisional,Michigan GIS Open Data + Paventra rehearsal assumptions,2026-08-16
SUM-ROAD-119,SUM-119-9101013800755738007359,Fernwood Ave,,,Summit Township,42.24217611831072,-84.45485609047383,0.112345,2,Asphalt,Local,65,2026-08-16,Medium,1000,10,Moderate,Crack Seal,1,provisional,Michigan GIS Open Data + Paventra rehearsal assumptions,2026-08-16
SUM-ROAD-120,SUM-120-9106083800757438007557,Carlton St,,,Summit Township,42.242036431806596,-84.45874348295364,0.204579,2,Asphalt,Local,65,2026-08-16,Medium,1000,10,Moderate,Crack Seal,1,provisional,Michigan GIS Open Data + Paventra rehearsal assumptions,2026-08-16
SUM-ROAD-121,SUM-121-9107083800764338007595,Christopher Dr,,,Summit Township,42.2414478315871,-84.46689363591814,0.065041,2,Asphalt,Local,65,2026-08-16,Medium,1000,10,Moderate,Crack Seal,1,provisional,Michigan GIS Open Data + Paventra rehearsal assumptions,2026-08-16
SUM-ROAD-122,SUM-122-9105013800764738007534,Westwood Blvd,,,Summit Township,42.24111014136946,-84.44375537531934,0.072204,2,Asphalt,Local,65,2026-08-16,Medium,1000,10,Moderate,Crack Seal,1,provisional,Michigan GIS Open Data + Paventra rehearsal assumptions,2026-08-16
SUM-ROAD-123,SUM-123-9100053800765338007512,S Brown St,,,Summit Township,42.24080181091745,-84.43315704084921,0.092902,2,Asphalt,Local,65,2026-08-16,Medium,1000,10,Moderate,Crack Seal,1,provisional,Michigan GIS Open Data + Paventra rehearsal assumptions,2026-08-16
SUM-ROAD-124,SUM-124-8998063800772438007431,Robinson Rd,,,Summit Township,42.2406948172843,-84.46252459127396,0.172771,2,Asphalt,Local,65,2026-08-16,Medium,1000,10,Moderate,Crack Seal,1,provisional,Michigan GIS Open Data + Paventra rehearsal assumptions,2026-08-16
SUM-ROAD-125,SUM-125-9090053800773738007724,Kirkwood Dr,,,Summit Township,42.2405594883285,-84.46388355616313,0.071425,2,Asphalt,Local,65,2026-08-16,Medium,1000,10,Moderate,Crack Seal,1,provisional,Michigan GIS Open Data + Paventra rehearsal assumptions,2026-08-16
SUM-ROAD-126,SUM-126-9107103800773738007516,Rutledge St,,,Summit Township,42.2405594883285,-84.46388355616313,0.139359,2,Asphalt,Local,65,2026-08-16,Medium,1000,10,Moderate,Crack Seal,1,provisional,Michigan GIS Open Data + Paventra rehearsal assumptions,2026-08-16
SUM-ROAD-127,SUM-127-9090053800775238007737,Kirkwood Dr,,,Summit Township,42.24051917705103,-84.46546623431766,0.081312,2,Asphalt,Local,65,2026-08-16,Medium,1000,10,Moderate,Crack Seal,1,provisional,Michigan GIS Open Data + Paventra rehearsal assumptions,2026-08-16
SUM-ROAD-128,SUM-128-9107193800751638007752,Birchwood Rd,,,Summit Township,42.24256841706038,-84.46403180887985,0.198496,2,Asphalt,Local,65,2026-08-16,Medium,1000,10,Moderate,Crack Seal,1,provisional,Michigan GIS Open Data + Paventra rehearsal assumptions,2026-08-16
SUM-ROAD-129,SUM-129-9100053800775038007653,S Brown St,,,Summit Township,42.24005404188434,-84.4331339000269,0.051605,2,Asphalt,Local,65,2026-08-16,Medium,1000,10,Moderate,Crack Seal,1,provisional,Michigan GIS Open Data + Paventra rehearsal assumptions,2026-08-16
SUM-ROAD-130,SUM-130-9090053800775438007752,Kirkwood Dr,,,Summit Township,42.240515859019936,-84.4668940102598,0.073197,2,Asphalt,Local,65,2026-08-16,Medium,1000,10,Moderate,Crack Seal,1,provisional,Michigan GIS Open Data + Paventra rehearsal assumptions,2026-08-16
SUM-ROAD-131,SUM-131-9107083800775438007643,Christopher Dr,,,Summit Township,42.240515859019936,-84.4668940102598,0.0643,2,Asphalt,Local,65,2026-08-16,Medium,1000,10,Moderate,Crack Seal,1,provisional,Michigan GIS Open Data + Paventra rehearsal assumptions,2026-08-16
SUM-ROAD-132,SUM-132-8999093800773238007750,W Morrell St,,,Summit Township,42.2400614991044,-84.43439752609603,0.064784,2,Asphalt,Local,65,2026-08-16,Medium,1000,10,Moderate,Crack Seal,1,provisional,Michigan GIS Open Data + Paventra rehearsal assumptions,2026-08-16
SUM-ROAD-133,SUM-133-8994073800773238007653,Spring Arbor Rd,,,Summit Township,42.2400614991044,-84.43439752609603,0.081567,2,Asphalt,Local,65,2026-08-16,Medium,1000,10,Moderate,Crack Seal,1,provisional,Michigan GIS Open Data + Paventra rehearsal assumptions,2026-08-16
SUM-ROAD-134,SUM-134-8999083800773238007517,17th St,,,Summit Township,42.2400614991044,-84.43439752609603,0.14347,2,Asphalt,Local,65,2026-08-16,Medium,1000,10,Moderate,Crack Seal,1,provisional,Michigan GIS Open Data + Paventra rehearsal assumptions,2026-08-16
SUM-ROAD-135,SUM-135-8999093800774438007732,W Morrell St,,,Summit Township,42.240044569364855,-84.43561373127359,0.062362,2,Asphalt,Local,65,2026-08-16,Medium,1000,10,Moderate,Crack Seal,1,provisional,Michigan GIS Open Data + Paventra rehearsal assumptions,2026-08-16
SUM-ROAD-136,SUM-136-8999073800774438007518,18th St,,,Summit Township,42.240044569364855,-84.43561373127359,0.144692,2,Asphalt,Local,65,2026-08-16,Medium,1000,10,Moderate,Crack Seal,1,provisional,Michigan GIS Open Data + Paventra rehearsal assumptions,2026-08-16
SUM-ROAD-137,SUM-137-8999093800775138007744,W Morrell St,,,Summit Township,42.24004991577937,-84.43680452131464,0.06105,2,Asphalt,Local,65,2026-08-16,Medium,1000,10,Moderate,Crack Seal,1,provisional,Michigan GIS Open Data + Paventra rehearsal assumptions,2026-08-16
SUM-ROAD-138,SUM-138-8999063800775138007520,19th St,,,Summit Township,42.24004991577937,-84.43680452131464,0.14413,2,Asphalt,Local,65,2026-08-16,Medium,1000,10,Moderate,Crack Seal,1,provisional,Michigan GIS Open Data + Paventra rehearsal assumptions,2026-08-16
SUM-ROAD-139,SUM-139-9090053800775938007754,Kirkwood Dr,,,Summit Township,42.24051568368217,-84.47035582088714,0.177475,2,Asphalt,Local,65,2026-08-16,Medium,1000,10,Moderate,Crack Seal,1,provisional,Michigan GIS Open Data + Paventra rehearsal assumptions,2026-08-16
SUM-ROAD-140,SUM-140-9107073800775938007643,Mayfield Dr,,,Summit Township,42.24051568368217,-84.47035582088714,0.226453,2,Asphalt,Local,65,2026-08-16,Medium,1000,10,Moderate,Crack Seal,1,provisional,Michigan GIS Open Data + Paventra rehearsal assumptions,2026-08-16
SUM-ROAD-141,SUM-141-9090053800776138007759,Kirkwood Dr,,,Summit Township,42.24052214449999,-84.47106137477287,0.036174,2,Asphalt,Local,65,2026-08-16,Medium,1000,10,Moderate,Crack Seal,1,provisional,Michigan GIS Open Data + Paventra rehearsal assumptions,2026-08-16
SUM-ROAD-142,SUM-142-8999093800775738007751,W Morrell St,,,Summit Township,42.24003668184712,-84.43803444682233,0.063061,2,Asphalt,Local,65,2026-08-16,Medium,1000,10,Moderate,Crack Seal,1,provisional,Michigan GIS Open Data + Paventra rehearsal assumptions,2026-08-16
SUM-ROAD-143,SUM-143-33800663800752338007757,20th St,,,Summit Township,42.24215070191082,-84.43804890969858,0.145855,2,Asphalt,Local,65,2026-08-16,Medium,1000,10,Moderate,Crack Seal,1,provisional,Michigan GIS Open Data + Paventra rehearsal assumptions,2026-08-16
SUM-ROAD-144,SUM-144-8999093800776438007757,W Morrell St,,,Summit Township,42.240036494585965,-84.43925983774453,0.062822,2,Asphalt,Local,65,2026-08-16,Medium,1000,10,Moderate,Crack Seal,1,provisional,Michigan GIS Open Data + Paventra rehearsal assumptions,2026-08-16
SUM-ROAD-145,SUM-145-9003023800776438007525,21st St,,,Summit Township,42.240036494585965,-84.43925983774453,0.145558,2,Asphalt,Local,65,2026-08-16,Medium,1000,10,Moderate,Crack Seal,1,provisional,Michigan GIS Open Data + Paventra rehearsal assumptions,2026-08-16
SUM-ROAD-146,SUM-146-8999093800776638007764,W Morrell St,,,Summit Township,42.2400346168218,-84.44046443388054,0.061756,2,Asphalt,Local,65,2026-08-16,Medium,1000,10,Moderate,Crack Seal,1,provisional,Michigan GIS Open Data + Paventra rehearsal assumptions,2026-08-16
SUM-ROAD-147,SUM-147-9100073800776638007529,22nd St,,,Summit Township,42.2400346168218,-84.44046443388054,0.145805,2,Asphalt,Local,65,2026-08-16,Medium,1000,10,Moderate,Crack Seal,1,provisional,Michigan GIS Open Data + Paventra rehearsal assumptions,2026-08-16
SUM-ROAD-148,SUM-148-8999093800777038007766,W Morrell St,,,Summit Township,42.24004727148291,-84.44168784539524,0.062726,2,Asphalt,Local,65,2026-08-16,Medium,1000,10,Moderate,Crack Seal,1,provisional,Michigan GIS Open Data + Paventra rehearsal assumptions,2026-08-16
SUM-ROAD-149,SUM-149-9100063800777038007531,23rd St,,,Summit Township,42.24004727148291,-84.44168784539524,0.144833,2,Asphalt,Local,65,2026-08-16,Medium,1000,10,Moderate,Crack Seal,1,provisional,Michigan GIS Open Data + Paventra rehearsal assumptions,2026-08-16
SUM-ROAD-150,SUM-150-8999093800777338007770,W Morrell St,,,Summit Township,42.240036032567616,-84.44293903150059,0.064149,2,Asphalt,Local,65,2026-08-16,Medium,1000,10,Moderate,Crack Seal,1,provisional,Michigan GIS Open Data + Paventra rehearsal assumptions,2026-08-16
SUM-ROAD-151,SUM-151-9091013800777338007532,24th St,,,Summit Township,42.240036032567616,-84.44293903150059,0.146414,2,Asphalt,Local,65,2026-08-16,Medium,1000,10,Moderate,Crack Seal,1,provisional,Michigan GIS Open Data + Paventra rehearsal assumptions,2026-08-16
SUM-ROAD-152,SUM-152-9042033800777838007534,Woodbine Blvd,,,Summit Township,42.240045715833546,-84.44690300492925,0.250761,2,Asphalt,Local,65,2026-08-16,Medium,1000,10,Moderate,Crack Seal,1,provisional,Michigan GIS Open Data + Paventra rehearsal assumptions,2026-08-16
SUM-ROAD-153,SUM-153-8999093800777638007773,W Morrell St,,,Summit Township,42.23998889520459,-84.44368456583645,0.038668,2,Asphalt,Local,65,2026-08-16,Medium,1000,10,Moderate,Crack Seal,1,provisional,Michigan GIS Open Data + Paventra rehearsal assumptions,2026-08-16
SUM-ROAD-154,SUM-154-9105013800777638007647,Westwood Blvd,,,Summit Township,42.23998889520459,-84.44368456583645,0.077444,2,Asphalt,Local,65,2026-08-16,Medium,1000,10,Moderate,Crack Seal,1,provisional,Michigan GIS Open Data + Paventra rehearsal assumptions,2026-08-16
SUM-ROAD-155,SUM-155-8999093800778138007778,W Morrell St,,,Summit Township,42.240050589524714,-84.44923718294903,0.119666,2,Asphalt,Local,65,2026-08-16,Medium,1000,10,Moderate,Crack Seal,1,provisional,Michigan GIS Open Data + Paventra rehearsal assumptions,2026-08-16
SUM-ROAD-156,SUM-156-33808933800778138007464,Cedar Ln,,,Summit Township,42.240050589524714,-84.44923718294903,0.135022,2,Asphalt,Local,65,2026-08-16,Medium,1000,10,Moderate,Crack Seal,1,provisional,Michigan GIS Open Data + Paventra rehearsal assumptions,2026-08-16
SUM-ROAD-157,SUM-157-8999093800778438007781,W Morrell St,,,Summit Township,42.24004477445187,-84.44962072819054,0.019667,2,Asphalt,Local,65,2026-08-16,Medium,1000,10,Moderate,Crack Seal,1,provisional,Michigan GIS Open Data + Paventra rehearsal assumptions,2026-08-16
SUM-ROAD-158,SUM-158-9105053800778338007647,Ashton Rd,,,Summit Township,42.23996500480331,-84.4460574326873,0.15286,2,Asphalt,Local,65,2026-08-16,Medium,1000,10,Moderate,Crack Seal,1,provisional,Michigan GIS Open Data + Paventra rehearsal assumptions,2026-08-16
SUM-ROAD-159,SUM-159-8999093800777838007783,W Morrell St,,,Summit Township,42.240045715833546,-84.44690300492925,0.043774,2,Asphalt,Local,65,2026-08-16,Medium,1000,10,Moderate,Crack Seal,1,provisional,Michigan GIS Open Data + Paventra rehearsal assumptions,2026-08-16
SUM-ROAD-160,SUM-160-8999093800778638007776,W Morrell St,,,Summit Township,42.239912976789384,-84.4439615021496,0.015133,2,Asphalt,Local,65,2026-08-16,Medium,1000,10,Moderate,Crack Seal,1,provisional,Michigan GIS Open Data + Paventra rehearsal assumptions,2026-08-16
SUM-ROAD-161,SUM-161-8999093800779038007784,W Morrell St,,,Summit Township,42.240017812658955,-84.451688112095,0.106004,2,Asphalt,Local,65,2026-08-16,Medium,1000,10,Moderate,Crack Seal,1,provisional,Michigan GIS Open Data + Paventra rehearsal assumptions,2026-08-16
SUM-ROAD-162,SUM-162-9105033800779038007545,Leo Rd,,,Summit Township,42.240017812658955,-84.451688112095,0.148797,2,Asphalt,Local,65,2026-08-16,Medium,1000,10,Moderate,Crack Seal,1,provisional,Michigan GIS Open Data + Paventra rehearsal assumptions,2026-08-16
SUM-ROAD-163,SUM-163-8999093800779538007790,W Morrell St,,,Summit Township,42.2400243651795,-84.45483786279499,0.161478,2,Asphalt,Local,65,2026-08-16,Medium,1000,10,Moderate,Crack Seal,1,provisional,Michigan GIS Open Data + Paventra rehearsal assumptions,2026-08-16
SUM-ROAD-164,SUM-164-9101013800779538007557,Fernwood Ave,,,Summit Township,42.2400243651795,-84.45483786279499,0.148459,2,Asphalt,Local,65,2026-08-16,Medium,1000,10,Moderate,Crack Seal,1,provisional,Michigan GIS Open Data + Paventra rehearsal assumptions,2026-08-16
SUM-ROAD-165,SUM-165-8999093800779738007795,W Morrell St,,,Summit Township,42.2400389227961,-84.45611665718059,0.065567,2,Asphalt,Local,65,2026-08-16,Medium,1000,10,Moderate,Crack Seal,1,provisional,Michigan GIS Open Data + Paventra rehearsal assumptions,2026-08-16
SUM-ROAD-166,SUM-166-8999093800779938007797,Teft Ave,,,Summit Township,42.24002353483946,-84.45666397057438,0.028079,2,Asphalt,Local,65,2026-08-16,Medium,1000,10,Moderate,Crack Seal,1,provisional,Michigan GIS Open Data + Paventra rehearsal assumptions,2026-08-16
SUM-ROAD-167,SUM-167-8999093800780138007799,Teft Ave,,,Summit Township,42.240001143798814,-84.45851011377246,0.094658,2,Asphalt,Local,65,2026-08-16,Medium,1000,10,Moderate,Crack Seal,1,provisional,Michigan GIS Open Data + Paventra rehearsal assumptions,2026-08-16
SUM-ROAD-168,SUM-168-9105023800780138007574,Tefft Ave,,,Summit Township,42.240001143798814,-84.45851011377246,0.146633,2,Asphalt,Local,65,2026-08-16,Medium,1000,10,Moderate,Crack Seal,1,provisional,Michigan GIS Open Data + Paventra rehearsal assumptions,2026-08-16
SUM-ROAD-169,SUM-169-9107193800775238007785,Birchwood Rd,,,Summit Township,42.24051917705103,-84.46546623431766,0.03027,2,Asphalt,Local,65,2026-08-16,Medium,1000,10,Moderate,Crack Seal,1,provisional,Michigan GIS Open Data + Paventra rehearsal assumptions,2026-08-16
SUM-ROAD-170,SUM-170-9105013800780638007776,Westwood Blvd,,,Summit Township,42.239726853706784,-84.44376872366668,0.018587,2,Asphalt,Local,65,2026-08-16,Medium,1000,10,Moderate,Crack Seal,1,provisional,Michigan GIS Open Data + Paventra rehearsal assumptions,2026-08-16
SUM-ROAD-171,SUM-171-33808943800778638007806,Westwood/Morrell Cutoff,,,Summit Township,42.239912976789384,-84.4439615021496,0.016204,2,Asphalt,Local,65,2026-08-16,Medium,1000,10,Moderate,Crack Seal,1,provisional,Michigan GIS Open Data + Paventra rehearsal assumptions,2026-08-16
SUM-ROAD-172,SUM-172-9090043800783138007797,W Morrell St,,,Summit Township,42.23980919489987,-84.45646541629226,0.023893,2,Asphalt,Local,65,2026-08-16,Medium,1000,10,Moderate,Crack Seal,1,provisional,Michigan GIS Open Data + Paventra rehearsal assumptions,2026-08-16
SUM-ROAD-173,SUM-173-33808893800783138007799,Morrell/Teft Cutoff,,,Summit Township,42.23980919489987,-84.45646541629226,0.017953,2,Asphalt,Local,65,2026-08-16,Medium,1000,10,Moderate,Crack Seal,1,provisional,Michigan GIS Open Data + Paventra rehearsal assumptions,2026-08-16
SUM-ROAD-174,SUM-174-9003023800781338007764,21st St,,,Summit Township,42.23943282599143,-84.4392361835904,0.041667,2,Asphalt,Local,65,2026-08-16,Medium,1000,10,Moderate,Crack Seal,1,provisional,Michigan GIS Open Data + Paventra rehearsal assumptions,2026-08-16
SUM-ROAD-175,SUM-175-8994073800780938007732,Spring Arbor Rd,,,Summit Township,42.23938001348726,-84.43561707716086,0.078229,2,Asphalt,Local,65,2026-08-16,Medium,1000,10,Moderate,Crack Seal,1,provisional,Michigan GIS Open Data + Paventra rehearsal assumptions,2026-08-16
SUM-ROAD-176,SUM-176-8999073800780938007744,18th St,,,Summit Township,42.23938001348726,-84.43561707716086,0.04585,2,Asphalt,Local,65,2026-08-16,Medium,1000,10,Moderate,Crack Seal,1,provisional,Michigan GIS Open Data + Paventra rehearsal assumptions,2026-08-16
SUM-ROAD-177,SUM-177-8999093800783638007786,W Morrell St,,,Summit Township,42.23941464731898,-84.4450859122611,0.067447,2,Asphalt,Local,65,2026-08-16,Medium,1000,10,Moderate,Crack Seal,1,provisional,Michigan GIS Open Data + Paventra rehearsal assumptions,2026-08-16
SUM-ROAD-178,SUM-178-8999093800778338007836,W Morrell St,,,Summit Township,42.23996500480331,-84.4460574326873,0.062906,2,Asphalt,Local,65,2026-08-16,Medium,1000,10,Moderate,Crack Seal,1,provisional,Michigan GIS Open Data + Paventra rehearsal assumptions,2026-08-16
SUM-ROAD-179,SUM-179-33800663800775738007805,20th St,,,Summit Township,42.24003668184712,-84.43803444682233,0.05,2,Asphalt,Local,65,2026-08-16,Medium,1000,10,Moderate,Crack Seal,1,provisional,Michigan GIS Open Data + Paventra rehearsal assumptions,2026-08-16
SUM-ROAD-180,SUM-180-9104083800784438007770,Thomas Dr,,,Summit Township,42.23934670637263,-84.44174209100115,0.048414,2,Asphalt,Local,65,2026-08-16,Medium,1000,10,Moderate,Crack Seal,1,provisional,Michigan GIS Open Data + Paventra rehearsal assumptions,2026-08-16
SUM-ROAD-181,SUM-181-33812573801985138020356,Meadows Dr,,,Summit Township,42.23959842373869,-84.4681547605984,0.180773,2,Asphalt,Local,65,2026-08-16,Medium,1000,10,Moderate,Crack Seal,1,provisional,Michigan GIS Open Data + Paventra rehearsal assumptions,2026-08-16
SUM-ROAD-182,SUM-182-33812573802035638020355,Meadows Dr,,,Summit Township,42.23958368228898,-84.47168080430934,0.028553,2,Asphalt,Local,65,2026-08-16,Medium,1000,10,Moderate,Crack Seal,1,provisional,Michigan GIS Open Data + Paventra rehearsal assumptions,2026-08-16
SUM-ROAD-183,SUM-183-33800683800786638007784,Halstead Blvd,,,Summit Township,42.239211240002426,-84.44960780022326,0.05775,2,Asphalt,Local,65,2026-08-16,Medium,1000,10,Moderate,Crack Seal,1,provisional,Michigan GIS Open Data + Paventra rehearsal assumptions,2026-08-16
SUM-ROAD-184,SUM-184-9104083800787238007844,Thomas Dr,,,Summit Township,42.239068647429,-84.44189006769149,0.02063,2,Asphalt,Local,65,2026-08-16,Medium,1000,10,Moderate,Crack Seal,1,provisional,Michigan GIS Open Data + Paventra rehearsal assumptions,2026-08-16
SUM-ROAD-185,SUM-185-9104093800787238007844,Thomas Ct,,,Summit Township,42.239068647429,-84.44189006769149,0.096171,2,Asphalt,Local,65,2026-08-16,Medium,1000,10,Moderate,Crack Seal,1,provisional,Michigan GIS Open Data + Paventra rehearsal assumptions,2026-08-16
SUM-ROAD-186,SUM-186-9107043801835538007889,Hearthstone Blvd,,,Summit Township,42.23900094561101,-84.4518788830814,0.01252,2,Asphalt,Local,65,2026-08-16,Medium,1000,10,Moderate,Crack Seal,1,provisional,Michigan GIS Open Data + Paventra rehearsal assumptions,2026-08-16
SUM-ROAD-187,SUM-187-8994073800788138007809,Spring Arbor Rd,,,Summit Township,42.23874449660035,-84.43681465360183,0.075466,2,Asphalt,Local,65,2026-08-16,Medium,1000,10,Moderate,Crack Seal,1,provisional,Michigan GIS Open Data + Paventra rehearsal assumptions,2026-08-16
SUM-ROAD-188,SUM-188-8999063800788138007751,19th St,,,Summit Township,42.23874449660035,-84.43681465360183,0.090066,2,Asphalt,Local,65,2026-08-16,Medium,1000,10,Moderate,Crack Seal,1,provisional,Michigan GIS Open Data + Paventra rehearsal assumptions,2026-08-16
SUM-ROAD-189,SUM-189-9107023800791838007866,Hazelwood Blvd,,,Summit Township,42.23867083824331,-84.45035814225695,0.053793,2,Asphalt,Local,65,2026-08-16,Medium,1000,10,Moderate,Crack Seal,1,provisional,Michigan GIS Open Data + Paventra rehearsal assumptions,2026-08-16
SUM-ROAD-190,SUM-190-9107043800791838018355,Hearthstone Blvd,,,Summit Township,42.23867083824331,-84.45035814225695,0.083333,2,Asphalt,Local,65,2026-08-16,Medium,1000,10,Moderate,Crack Seal,1,provisional,Michigan GIS Open Data + Paventra rehearsal assumptions,2026-08-16
SUM-ROAD-191,SUM-191-9100053800794438007750,S Brown St,,,Summit Township,42.23826354932095,-84.43311523317097,0.123535,2,Asphalt,Local,65,2026-08-16,Medium,1000,10,Moderate,Crack Seal,1,provisional,Michigan GIS Open Data + Paventra rehearsal assumptions,2026-08-16
SUM-ROAD-192,SUM-192-33812573802035738019851,Meadows Dr,,,Summit Township,42.238694684331065,-84.46757013134547,0.079361,2,Asphalt,Local,65,2026-08-16,Medium,1000,10,Moderate,Crack Seal,1,provisional,Michigan GIS Open Data + Paventra rehearsal assumptions,2026-08-16
SUM-ROAD-193,SUM-193-9042033800795738007778,Woodbine Blvd,,,Summit Township,42.238333697434385,-84.44715552206974,0.119279,2,Asphalt,Local,65,2026-08-16,Medium,1000,10,Moderate,Crack Seal,1,provisional,Michigan GIS Open Data + Paventra rehearsal assumptions,2026-08-16
SUM-ROAD-194,SUM-194-9106023800795638007957,Springcrest Dr,,,Summit Township,42.23832593372198,-84.44871532080153,0.07997,2,Asphalt,Local,65,2026-08-16,Medium,1000,10,Moderate,Crack Seal,1,provisional,Michigan GIS Open Data + Paventra rehearsal assumptions,2026-08-16
SUM-ROAD-195,SUM-195-33800683800795638007866,Halstead Blvd,,,Summit Township,42.23832593372198,-84.44871532080153,0.076498,2,Asphalt,Local,65,2026-08-16,Medium,1000,10,Moderate,Crack Seal,1,provisional,Michigan GIS Open Data + Paventra rehearsal assumptions,2026-08-16
SUM-ROAD-196,SUM-196-9090043801968138007831,W Morrell St,,,Summit Township,42.238395899962846,-84.45855955427182,0.145032,2,Asphalt,Local,65,2026-08-16,Medium,1000,10,Moderate,Crack Seal,1,provisional,Michigan GIS Open Data + Paventra rehearsal assumptions,2026-08-16
SUM-ROAD-197,SUM-197-9107023800796538007918,Hazelwood Blvd,,,Summit Township,42.238265033858376,-84.45053995471434,0.029894,2,Asphalt,Local,65,2026-08-16,Medium,1000,10,Moderate,Crack Seal,1,provisional,Michigan GIS Open Data + Paventra rehearsal assumptions,2026-08-16
SUM-ROAD-198,SUM-198-33814783802035838020357,Tanglewood Dr,,,Summit Township,42.23850154717855,-84.47148110998668,0.202955,2,Asphalt,Local,65,2026-08-16,Medium,1000,10,Moderate,Crack Seal,1,provisional,Michigan GIS Open Data + Paventra rehearsal assumptions,2026-08-16
SUM-ROAD-199,SUM-199-33808963802035838020356,Pemberton Ln,,,Summit Township,42.23850154717855,-84.47148110998668,0.076115,2,Asphalt,Local,65,2026-08-16,Medium,1000,10,Moderate,Crack Seal,1,provisional,Michigan GIS Open Data + Paventra rehearsal assumptions,2026-08-16
SUM-ROAD-200,SUM-200-33812023801968238019672,Wellington Ln,,,Summit Township,42.238200494899566,-84.45829378431911,0.014297,2,Asphalt,Local,65,2026-08-16,Medium,1000,10,Moderate,Crack Seal,1,provisional,Michigan GIS Open Data + Paventra rehearsal assumptions,2026-08-16
SUM-ROAD-201,SUM-201-33812033801968238019681,Wellington Ln,,,Summit Township,42.238200494899566,-84.45829378431911,0.019168,2,Asphalt,Local,65,2026-08-16,Medium,1000,10,Moderate,Crack Seal,1,provisional,Michigan GIS Open Data + Paventra rehearsal assumptions,2026-08-16
SUM-ROAD-202,SUM-202-8999023800797838007836,Springcrest Blvd,,,Summit Township,42.237862691404686,-84.44572430455557,0.113636,2,Asphalt,Local,65,2026-08-16,Medium,1000,10,Moderate,Crack Seal,1,provisional,Michigan GIS Open Data + Paventra rehearsal assumptions,2026-08-16
SUM-ROAD-203,SUM-203-9106023800795738007978,Springcrest Dr,,,Summit Township,42.238333697434385,-84.44715552206974,0.082685,2,Asphalt,Local,65,2026-08-16,Medium,1000,10,Moderate,Crack Seal,1,provisional,Michigan GIS Open Data + Paventra rehearsal assumptions,2026-08-16
SUM-ROAD-204,SUM-204-33808963801985738020358,Pemberton Ln,,,Summit Township,42.23808829912057,-84.47124589490383,0.030957,2,Asphalt,Local,65,2026-08-16,Medium,1000,10,Moderate,Crack Seal,1,provisional,Michigan GIS Open Data + Paventra rehearsal assumptions,2026-08-16
SUM-ROAD-205,SUM-205-9090043801968338019681,W Morrell St,,,Summit Township,42.23783446368093,-84.45958508934989,0.06604,2,Asphalt,Local,65,2026-08-16,Medium,1000,10,Moderate,Crack Seal,1,provisional,Michigan GIS Open Data + Paventra rehearsal assumptions,2026-08-16
SUM-ROAD-206,SUM-206-9090043800802138019683,W Morrell St,,,Summit Township,42.23779223022825,-84.4625193847017,0.150929,2,Asphalt,Local,65,2026-08-16,Medium,1000,10,Moderate,Crack Seal,1,provisional,Michigan GIS Open Data + Paventra rehearsal assumptions,2026-08-16
SUM-ROAD-207,SUM-207-8998063800802138007724,Robinson Rd,,,Summit Township,42.23779223022825,-84.4625193847017,0.200264,2,Asphalt,Local,65,2026-08-16,Medium,1000,10,Moderate,Crack Seal,1,provisional,Michigan GIS Open Data + Paventra rehearsal assumptions,2026-08-16
SUM-ROAD-208,SUM-208-33808963801725338019859,Pemberton Ln,,,Summit Township,42.237806654727486,-84.46620600388594,0.069581,2,Asphalt,Local,65,2026-08-16,Medium,1000,10,Moderate,Crack Seal,1,provisional,Michigan GIS Open Data + Paventra rehearsal assumptions,2026-08-16
SUM-ROAD-209,SUM-209-33812573801985938020357,Meadows Dr,,,Summit Township,42.23780998150684,-84.4675631730069,0.06104,2,Asphalt,Local,65,2026-08-16,Medium,1000,10,Moderate,Crack Seal,1,provisional,Michigan GIS Open Data + Paventra rehearsal assumptions,2026-08-16
SUM-ROAD-210,SUM-210-33808963801985938019858,Pemberton Ln,,,Summit Township,42.23780998150684,-84.4675631730069,0.058131,2,Asphalt,Local,65,2026-08-16,Medium,1000,10,Moderate,Crack Seal,1,provisional,Michigan GIS Open Data + Paventra rehearsal assumptions,2026-08-16
SUM-ROAD-211,SUM-211-33812023801968438019682,Wellington Ln,,,Summit Township,42.23750544383372,-84.4594362062326,0.079923,2,Asphalt,Local,65,2026-08-16,Medium,1000,10,Moderate,Crack Seal,1,provisional,Michigan GIS Open Data + Paventra rehearsal assumptions,2026-08-16
SUM-ROAD-212,SUM-212-33811983801968438019683,Northgate Rd,,,Summit Township,42.23750544383372,-84.4594362062326,0.023966,2,Asphalt,Local,65,2026-08-16,Medium,1000,10,Moderate,Crack Seal,1,provisional,Michigan GIS Open Data + Paventra rehearsal assumptions,2026-08-16
SUM-ROAD-213,SUM-213-33808963801985838019857,Pemberton Ln,,,Summit Township,42.237812749028315,-84.46869701865924,0.150094,2,Asphalt,Local,65,2026-08-16,Medium,1000,10,Moderate,Crack Seal,1,provisional,Michigan GIS Open Data + Paventra rehearsal assumptions,2026-08-16
SUM-ROAD-214,SUM-214-9105013800807038007806,Westwood Blvd,,,Summit Township,42.236969797480675,-84.44411322743782,0.192663,2,Asphalt,Local,65,2026-08-16,Medium,1000,10,Moderate,Crack Seal,1,provisional,Michigan GIS Open Data + Paventra rehearsal assumptions,2026-08-16
SUM-ROAD-215,SUM-215-9107033801835638008026,Cherrywood St,,,Summit Township,42.2369624123835,-84.45369590083784,0.062353,2,Asphalt,Local,65,2026-08-16,Medium,1000,10,Moderate,Crack Seal,1,provisional,Michigan GIS Open Data + Paventra rehearsal assumptions,2026-08-16
SUM-ROAD-216,SUM-216-33811983801967838019684,Northgate Rd,,,Summit Township,42.23698440809372,-84.45957410774433,0.038553,2,Asphalt,Local,65,2026-08-16,Medium,1000,10,Moderate,Crack Seal,1,provisional,Michigan GIS Open Data + Paventra rehearsal assumptions,2026-08-16
SUM-ROAD-217,SUM-217-8999053800807038008086,Foote Manor Dr,,,Summit Township,42.236969797480675,-84.44411322743782,0.06494,2,Asphalt,Local,65,2026-08-16,Medium,1000,10,Moderate,Crack Seal,1,provisional,Michigan GIS Open Data + Paventra rehearsal assumptions,2026-08-16
SUM-ROAD-218,SUM-218-9104083800810338007872,Thomas Dr,,,Summit Township,42.236629964363274,-84.4425200415966,0.174133,2,Asphalt,Local,65,2026-08-16,Medium,1000,10,Moderate,Crack Seal,1,provisional,Michigan GIS Open Data + Paventra rehearsal assumptions,2026-08-16
SUM-ROAD-219,SUM-219-8999053800808638008103,Foote Manor Dr,,,Summit Township,42.23674677840848,-84.44288515587998,0.02038,2,Asphalt,Local,65,2026-08-16,Medium,1000,10,Moderate,Crack Seal,1,provisional,Michigan GIS Open Data + Paventra rehearsal assumptions,2026-08-16
SUM-ROAD-220,SUM-220-9100053800810038007944,S Brown St,,,Summit Township,42.23646894245983,-84.43310673009996,0.123816,2,Asphalt,Local,65,2026-08-16,Medium,1000,10,Moderate,Crack Seal,1,provisional,Michigan GIS Open Data + Paventra rehearsal assumptions,2026-08-16
SUM-ROAD-221,SUM-221-33812003802032238019678,E Barrington Cir,,,Summit Township,42.23682418922131,-84.45892485807269,0.035659,2,Asphalt,Local,65,2026-08-16,Medium,1000,10,Moderate,Crack Seal,1,provisional,Michigan GIS Open Data + Paventra rehearsal assumptions,2026-08-16
SUM-ROAD-222,SUM-222-17735263801741938007981,Concord Sq,,,Summit Township,42.236468802627506,-84.4342912852202,0.043551,2,Asphalt,Local,65,2026-08-16,Medium,1000,10,Moderate,Crack Seal,1,provisional,Michigan GIS Open Data + Paventra rehearsal assumptions,2026-08-16
SUM-ROAD-223,SUM-223-9084043801741938008100,Oakdale Ave,,,Summit Township,42.236468802627506,-84.4342912852202,0.060746,2,Asphalt,Local,65,2026-08-16,Medium,1000,10,Moderate,Crack Seal,1,provisional,Michigan GIS Open Data + Paventra rehearsal assumptions,2026-08-16
SUM-ROAD-224,SUM-224-9042073800810238008104,Sequoia Dr,,,Summit Township,42.23717564692117,-84.48287573866385,0.035565,2,Asphalt,Local,65,2026-08-16,Medium,1000,10,Moderate,Crack Seal,1,provisional,Michigan GIS Open Data + Paventra rehearsal assumptions,2026-08-16
SUM-ROAD-225,SUM-225-9106043800810638007965,Thorntree Blvd,,,Summit Township,42.23665001826786,-84.4510127378421,0.141276,2,Asphalt,Local,65,2026-08-16,Medium,1000,10,Moderate,Crack Seal,1,provisional,Michigan GIS Open Data + Paventra rehearsal assumptions,2026-08-16
SUM-ROAD-226,SUM-226-33812563801986038019858,Timberle Dr,,,Summit Township,42.236795794118535,-84.46852916121823,0.072217,2,Asphalt,Local,65,2026-08-16,Medium,1000,10,Moderate,Crack Seal,1,provisional,Michigan GIS Open Data + Paventra rehearsal assumptions,2026-08-16
SUM-ROAD-227,SUM-227-9107023800811838007965,Hazelwood Blvd,,,Summit Township,42.23655882943468,-84.45329335449385,0.184386,2,Asphalt,Local,65,2026-08-16,Medium,1000,10,Moderate,Crack Seal,1,provisional,Michigan GIS Open Data + Paventra rehearsal assumptions,2026-08-16
SUM-ROAD-228,SUM-228-9107033800811838018356,Cherrywood St,,,Summit Township,42.23655882943468,-84.45329335449385,0.034659,2,Asphalt,Local,65,2026-08-16,Medium,1000,10,Moderate,Crack Seal,1,provisional,Michigan GIS Open Data + Paventra rehearsal assumptions,2026-08-16
SUM-ROAD-229,SUM-229-8998063801725038008021,Robinson Rd,,,Summit Township,42.2366647829024,-84.46251757560218,0.077786,2,Asphalt,Local,65,2026-08-16,Medium,1000,10,Moderate,Crack Seal,1,provisional,Michigan GIS Open Data + Paventra rehearsal assumptions,2026-08-16
SUM-ROAD-230,SUM-230-33808953801725038017252,Thorncrest Dr,,,Summit Township,42.2366647829024,-84.46251757560218,0.080295,2,Asphalt,Local,65,2026-08-16,Medium,1000,10,Moderate,Crack Seal,1,provisional,Michigan GIS Open Data + Paventra rehearsal assumptions,2026-08-16
SUM-ROAD-231,SUM-231-33808963801725238017253,Pemberton Ln,,,Summit Township,42.2366705199599,-84.46408370141305,0.182008,2,Asphalt,Local,65,2026-08-16,Medium,1000,10,Moderate,Crack Seal,1,provisional,Michigan GIS Open Data + Paventra rehearsal assumptions,2026-08-16
SUM-ROAD-232,SUM-232-33808953801725238017251,Thorncrest Dr,,,Summit Township,42.2366705199599,-84.46408370141305,0.029364,2,Asphalt,Local,65,2026-08-16,Medium,1000,10,Moderate,Crack Seal,1,provisional,Michigan GIS Open Data + Paventra rehearsal assumptions,2026-08-16
SUM-ROAD-233,SUM-233-33808953801725138019860,Thorncrest Dr,,,Summit Township,42.236664870073234,-84.46465637394219,0.201053,2,Asphalt,Local,65,2026-08-16,Medium,1000,10,Moderate,Crack Seal,1,provisional,Michigan GIS Open Data + Paventra rehearsal assumptions,2026-08-16
SUM-ROAD-234,SUM-234-33812003802037238020322,E Barrington Cir,,,Summit Township,42.236462335963324,-84.45718086666945,0.096093,2,Asphalt,Local,65,2026-08-16,Medium,1000,10,Moderate,Crack Seal,1,provisional,Michigan GIS Open Data + Paventra rehearsal assumptions,2026-08-16
SUM-ROAD-235,SUM-235-17735163801741938017420,Concord Sq,,,Summit Township,42.236468802627506,-84.4342912852202,0.030596,2,Asphalt,Local,65,2026-08-16,Medium,1000,10,Moderate,Crack Seal,1,provisional,Michigan GIS Open Data + Paventra rehearsal assumptions,2026-08-16
SUM-ROAD-236,SUM-236-8994073800815238007881,Spring Arbor Rd,,,Summit Township,42.23602696025735,-84.44097270852554,0.285204,2,Asphalt,Local,65,2026-08-16,Medium,1000,10,Moderate,Crack Seal,1,provisional,Michigan GIS Open Data + Paventra rehearsal assumptions,2026-08-16
SUM-ROAD-237,SUM-237-8999053800810338008152,Foote Manor Dr,,,Summit Township,42.236629964363274,-84.4425200415966,0.089603,2,Asphalt,Local,65,2026-08-16,Medium,1000,10,Moderate,Crack Seal,1,provisional,Michigan GIS Open Data + Paventra rehearsal assumptions,2026-08-16
SUM-ROAD-238,SUM-238-33814603802032238020323,Chelsea Ct,,,Summit Township,42.23682418922131,-84.45892485807269,0.052473,2,Asphalt,Local,65,2026-08-16,Medium,1000,10,Moderate,Crack Seal,1,provisional,Michigan GIS Open Data + Paventra rehearsal assumptions,2026-08-16
SUM-ROAD-239,SUM-239-33800683800817438007956,Halstead Blvd,,,Summit Township,42.23581765547041,-84.45011801824012,0.21653,2,Asphalt,Local,65,2026-08-16,Medium,1000,10,Moderate,Crack Seal,1,provisional,Michigan GIS Open Data + Paventra rehearsal assumptions,2026-08-16
SUM-ROAD-240,SUM-240-9042023800817438008106,Albright Dr,,,Summit Township,42.23581765547041,-84.45011801824012,0.07351,2,Asphalt,Local,65,2026-08-16,Medium,1000,10,Moderate,Crack Seal,1,provisional,Michigan GIS Open Data + Paventra rehearsal assumptions,2026-08-16
SUM-ROAD-241,SUM-241-8994073800818738008152,Spring Arbor Rd,,,Summit Township,42.23554222841996,-84.4416299369846,0.047475,2,Asphalt,Local,65,2026-08-16,Medium,1000,10,Moderate,Crack Seal,1,provisional,Michigan GIS Open Data + Paventra rehearsal assumptions,2026-08-16
SUM-ROAD-242,SUM-242-9105013800820038008070,Westwood Blvd,,,Summit Township,42.235552291497754,-84.44543641839928,0.119314,2,Asphalt,Local,65,2026-08-16,Medium,1000,10,Moderate,Crack Seal,1,provisional,Michigan GIS Open Data + Paventra rehearsal assumptions,2026-08-16
SUM-ROAD-243,SUM-243-8999023800820038007978,Springcrest Blvd,,,Summit Township,42.235552291497754,-84.44543641839928,0.161008,2,Asphalt,Local,65,2026-08-16,Medium,1000,10,Moderate,Crack Seal,1,provisional,Michigan GIS Open Data + Paventra rehearsal assumptions,2026-08-16
SUM-ROAD-244,SUM-244-33812003801968838020372,E Barrington Cir,,,Summit Township,42.23521256179102,-84.4583844835098,0.121569,2,Asphalt,Local,65,2026-08-16,Medium,1000,10,Moderate,Crack Seal,1,provisional,Michigan GIS Open Data + Paventra rehearsal assumptions,2026-08-16
SUM-ROAD-245,SUM-245-33812593801986638019854,Stoneridge Dr,,,Summit Township,42.235519337138214,-84.46974647559304,0.019698,2,Asphalt,Local,65,2026-08-16,Medium,1000,10,Moderate,Crack Seal,1,provisional,Michigan GIS Open Data + Paventra rehearsal assumptions,2026-08-16
SUM-ROAD-246,SUM-246-9105013800825538008200,Westwood Blvd,,,Summit Township,42.23503271715285,-84.44712170472036,0.095737,2,Asphalt,Local,65,2026-08-16,Medium,1000,10,Moderate,Crack Seal,1,provisional,Michigan GIS Open Data + Paventra rehearsal assumptions,2026-08-16
SUM-ROAD-247,SUM-247-9042033800825538007957,Woodbine Blvd,,,Summit Township,42.23503271715285,-84.44712170472036,0.227752,2,Asphalt,Local,65,2026-08-16,Medium,1000,10,Moderate,Crack Seal,1,provisional,Michigan GIS Open Data + Paventra rehearsal assumptions,2026-08-16
SUM-ROAD-248,SUM-248-33812593801986538019866,Stoneridge Dr,,,Summit Township,42.23527461705654,-84.47082649373957,0.067579,2,Asphalt,Local,65,2026-08-16,Medium,1000,10,Moderate,Crack Seal,1,provisional,Michigan GIS Open Data + Paventra rehearsal assumptions,2026-08-16
SUM-ROAD-249,SUM-249-33812603801986538019867,Stoneridge Ct,,,Summit Township,42.23527461705654,-84.47082649373957,0.032724,2,Asphalt,Local,65,2026-08-16,Medium,1000,10,Moderate,Crack Seal,1,provisional,Michigan GIS Open Data + Paventra rehearsal assumptions,2026-08-16
SUM-ROAD-250,SUM-250-9100053800827238008100,S Brown St,,,Summit Township,42.23471368800657,-84.43310608926359,0.1211,2,Asphalt,Local,65,2026-08-16,Medium,1000,10,Moderate,Crack Seal,1,provisional,Michigan GIS Open Data + Paventra rehearsal assumptions,2026-08-16
SUM-ROAD-251,SUM-251-33812603801986738019863,Stoneridge Ct,,,Summit Township,42.23529291040154,-84.47145781341563,0.020924,2,Asphalt,Local,65,2026-08-16,Medium,1000,10,Moderate,Crack Seal,1,provisional,Michigan GIS Open Data + Paventra rehearsal assumptions,2026-08-16
SUM-ROAD-252,SUM-252-9104063800827538008272,Herkimer Dr,,,Summit Township,42.23470646642264,-84.43784739813016,0.243092,2,Asphalt,Local,65,2026-08-16,Medium,1000,10,Moderate,Crack Seal,1,provisional,Michigan GIS Open Data + Paventra rehearsal assumptions,2026-08-16
SUM-ROAD-253,SUM-253-9106043800828738008106,Thorntree Blvd,,,Summit Township,42.234904185480744,-84.45393558017413,0.192263,2,Asphalt,Local,65,2026-08-16,Medium,1000,10,Moderate,Crack Seal,1,provisional,Michigan GIS Open Data + Paventra rehearsal assumptions,2026-08-16
SUM-ROAD-254,SUM-254-9106043800829438008287,Thorntree Blvd,,,Summit Township,42.234865484288825,-84.45464400736752,0.036771,2,Asphalt,Local,65,2026-08-16,Medium,1000,10,Moderate,Crack Seal,1,provisional,Michigan GIS Open Data + Paventra rehearsal assumptions,2026-08-16
SUM-ROAD-255,SUM-255-9107023800829438008118,Hazelwood Blvd,,,Summit Township,42.234865484288825,-84.45464400736752,0.146945,2,Asphalt,Local,65,2026-08-16,Medium,1000,10,Moderate,Crack Seal,1,provisional,Michigan GIS Open Data + Paventra rehearsal assumptions,2026-08-16
SUM-ROAD-256,SUM-256-9104073800829138008086,Oak Grove Rd,,,Summit Township,42.23468652832997,-84.44451044261284,0.172122,2,Asphalt,Local,65,2026-08-16,Medium,1000,10,Moderate,Crack Seal,1,provisional,Michigan GIS Open Data + Paventra rehearsal assumptions,2026-08-16
SUM-ROAD-257,SUM-257-8999023800829138008200,Springcrest Blvd,,,Summit Township,42.23468652832997,-84.44451044261284,0.07701,2,Asphalt,Local,65,2026-08-16,Medium,1000,10,Moderate,Crack Seal,1,provisional,Michigan GIS Open Data + Paventra rehearsal assumptions,2026-08-16
SUM-ROAD-258,SUM-258-9105013800829238008255,Westwood Blvd,,,Summit Township,42.234742541374644,-84.44900726117139,0.10154,2,Asphalt,Local,65,2026-08-16,Medium,1000,10,Moderate,Crack Seal,1,provisional,Michigan GIS Open Data + Paventra rehearsal assumptions,2026-08-16
SUM-ROAD-259,SUM-259-9042023800829238008174,Albright Dr,,,Summit Township,42.234742541374644,-84.44900726117139,0.093529,2,Asphalt,Local,65,2026-08-16,Medium,1000,10,Moderate,Crack Seal,1,provisional,Michigan GIS Open Data + Paventra rehearsal assumptions,2026-08-16
SUM-ROAD-260,SUM-260-8994073800829338008187,Spring Arbor Rd,,,Summit Township,42.23460896935205,-84.44270293718033,0.08469,2,Asphalt,Local,65,2026-08-16,Medium,1000,10,Moderate,Crack Seal,1,provisional,Michigan GIS Open Data + Paventra rehearsal assumptions,2026-08-16
SUM-ROAD-261,SUM-261-33812003801968738019688,E Barrington Cir,,,Summit Township,42.23479685034791,-84.45852049937514,0.029887,2,Asphalt,Local,65,2026-08-16,Medium,1000,10,Moderate,Crack Seal,1,provisional,Michigan GIS Open Data + Paventra rehearsal assumptions,2026-08-16
SUM-ROAD-262,SUM-262-33812013801968738019688,Chamberlain Ct,,,Summit Township,42.23479685034791,-84.45852049937514,0.056269,2,Asphalt,Local,65,2026-08-16,Medium,1000,10,Moderate,Crack Seal,1,provisional,Michigan GIS Open Data + Paventra rehearsal assumptions,2026-08-16
SUM-ROAD-263,SUM-263-9042053800830638008304,Staten Dr,,,Summit Township,42.23507532632847,-84.48216823854975,0.050546,2,Asphalt,Local,65,2026-08-16,Medium,1000,10,Moderate,Crack Seal,1,provisional,Michigan GIS Open Data + Paventra rehearsal assumptions,2026-08-16
SUM-ROAD-264,SUM-264-9042073800810438008306,Elmhurst St,,,Summit Township,42.2371097264433,-84.48223463961362,0.140415,2,Asphalt,Local,65,2026-08-16,Medium,1000,10,Moderate,Crack Seal,1,provisional,Michigan GIS Open Data + Paventra rehearsal assumptions,2026-08-16
SUM-ROAD-265,SUM-265-9042053800830838008306,Staten Dr,,,Summit Township,42.23506787491367,-84.48280350070077,0.032574,2,Asphalt,Local,65,2026-08-16,Medium,1000,10,Moderate,Crack Seal,1,provisional,Michigan GIS Open Data + Paventra rehearsal assumptions,2026-08-16
SUM-ROAD-266,SUM-266-9106043800829638008294,Thorntree Blvd,,,Summit Township,42.23466539887039,-84.4559900583017,0.077556,2,Asphalt,Local,65,2026-08-16,Medium,1000,10,Moderate,Crack Seal,1,provisional,Michigan GIS Open Data + Paventra rehearsal assumptions,2026-08-16
SUM-ROAD-267,SUM-267-33800683800832038008174,Halstead Blvd,,,Summit Township,42.23454928604606,-84.4523251265234,0.143056,2,Asphalt,Local,65,2026-08-16,Medium,1000,10,Moderate,Crack Seal,1,provisional,Michigan GIS Open Data + Paventra rehearsal assumptions,2026-08-16
SUM-ROAD-268,SUM-268-8998013800832338007415,M 60,,,Summit Township,42.23482736595717,-84.47531910438907,0.62089,2,Asphalt,Local,65,2026-08-16,Medium,1000,10,Moderate,Crack Seal,1,provisional,Michigan GIS Open Data + Paventra rehearsal assumptions,2026-08-16
SUM-ROAD-269,SUM-269-8998023800834038007407,M 60,,,Summit Township,42.23465886316045,-84.47495014430169,0.632106,2,Asphalt,Local,65,2026-08-16,Medium,1000,10,Moderate,Crack Seal,1,provisional,Michigan GIS Open Data + Paventra rehearsal assumptions,2026-08-16
SUM-ROAD-270,SUM-270-33812003801967738019687,E Barrington Cir,,,Summit Township,42.2344312427923,-84.45891830012863,0.033696,2,Asphalt,Local,65,2026-08-16,Medium,1000,10,Moderate,Crack Seal,1,provisional,Michigan GIS Open Data + Paventra rehearsal assumptions,2026-08-16
SUM-ROAD-271,SUM-271-33811993801967738019678,W Barrington Cir,,,Summit Township,42.2344312427923,-84.45891830012863,0.277521,2,Asphalt,Local,65,2026-08-16,Medium,1000,10,Moderate,Crack Seal,1,provisional,Michigan GIS Open Data + Paventra rehearsal assumptions,2026-08-16
SUM-ROAD-272,SUM-272-33816593802165638021655,Suffolk Ln,,,Summit Township,42.23460248179829,-84.47928294810225,0.016067,2,Asphalt,Local,65,2026-08-16,Medium,1000,10,Moderate,Crack Seal,1,provisional,Michigan GIS Open Data + Paventra rehearsal assumptions,2026-08-16
SUM-ROAD-273,SUM-273-9106163800832038017246,Butternut Trl,,,Summit Township,42.23454928604606,-84.4523251265234,0.029924,2,Asphalt,Local,65,2026-08-16,Medium,1000,10,Moderate,Crack Seal,1,provisional,Michigan GIS Open Data + Paventra rehearsal assumptions,2026-08-16
SUM-ROAD-274,SUM-274-8994073800836838008293,Spring Arbor Rd,,,Summit Township,42.234008908199655,-84.44344126935302,0.056098,2,Asphalt,Local,65,2026-08-16,Medium,1000,10,Moderate,Crack Seal,1,provisional,Michigan GIS Open Data + Paventra rehearsal assumptions,2026-08-16
SUM-ROAD-275,SUM-275-8999023800836838008291,Springcrest Blvd,,,Summit Township,42.234008908199655,-84.44344126935302,0.072046,2,Asphalt,Local,65,2026-08-16,Medium,1000,10,Moderate,Crack Seal,1,provisional,Michigan GIS Open Data + Paventra rehearsal assumptions,2026-08-16
SUM-ROAD-276,SUM-276-9104073800835738008291,Oak Grove Rd,,,Summit Township,42.23403576276863,-84.44710907522501,0.140597,2,Asphalt,Local,65,2026-08-16,Medium,1000,10,Moderate,Crack Seal,1,provisional,Michigan GIS Open Data + Paventra rehearsal assumptions,2026-08-16
SUM-ROAD-277,SUM-277-9042033800835738008255,Woodbine Blvd,,,Summit Township,42.23403576276863,-84.44710907522501,0.068786,2,Asphalt,Local,65,2026-08-16,Medium,1000,10,Moderate,Crack Seal,1,provisional,Michigan GIS Open Data + Paventra rehearsal assumptions,2026-08-16
SUM-ROAD-278,SUM-278-9100053800837238008272,S Brown St,,,Summit Township,42.23380047483185,-84.43307479818165,0.063026,2,Asphalt,Local,65,2026-08-16,Medium,1000,10,Moderate,Crack Seal,1,provisional,Michigan GIS Open Data + Paventra rehearsal assumptions,2026-08-16
SUM-ROAD-279,SUM-279-33816593801980538021656,Suffolk Ln,,,Summit Township,42.23441382357009,-84.47868144927624,0.033474,2,Asphalt,Local,65,2026-08-16,Medium,1000,10,Moderate,Crack Seal,1,provisional,Michigan GIS Open Data + Paventra rehearsal assumptions,2026-08-16
SUM-ROAD-280,SUM-280-33800683800837738008320,Halstead Blvd,,,Summit Township,42.23405216602003,-84.45324225824119,0.058202,2,Asphalt,Local,65,2026-08-16,Medium,1000,10,Moderate,Crack Seal,1,provisional,Michigan GIS Open Data + Paventra rehearsal assumptions,2026-08-16
SUM-ROAD-281,SUM-281-9106053800837738008287,Rimrock Trl,,,Summit Township,42.23405216602003,-84.45324225824119,0.069109,2,Asphalt,Local,65,2026-08-16,Medium,1000,10,Moderate,Crack Seal,1,provisional,Michigan GIS Open Data + Paventra rehearsal assumptions,2026-08-16
SUM-ROAD-282,SUM-282-9104053800837538008372,Shoemaker Dr,,,Summit Township,42.23380290420297,-84.4378452622603,0.24459,2,Asphalt,Local,65,2026-08-16,Medium,1000,10,Moderate,Crack Seal,1,provisional,Michigan GIS Open Data + Paventra rehearsal assumptions,2026-08-16
SUM-ROAD-283,SUM-283-9100043800837538008275,Gilroy Rd,,,Summit Township,42.23380290420297,-84.4378452622603,0.06234,2,Asphalt,Local,65,2026-08-16,Medium,1000,10,Moderate,Crack Seal,1,provisional,Michigan GIS Open Data + Paventra rehearsal assumptions,2026-08-16
SUM-ROAD-284,SUM-284-33812373801980438019805,Suffolk Ln,,,Summit Township,42.23430189144391,-84.47772170260997,0.051345,2,Asphalt,Local,65,2026-08-16,Medium,1000,10,Moderate,Crack Seal,1,provisional,Michigan GIS Open Data + Paventra rehearsal assumptions,2026-08-16
SUM-ROAD-285,SUM-285-9042073800830638008361,Elmhurst St,,,Summit Township,42.23507532632847,-84.48216823854975,0.049299,2,Asphalt,Local,65,2026-08-16,Medium,1000,10,Moderate,Crack Seal,1,provisional,Michigan GIS Open Data + Paventra rehearsal assumptions,2026-08-16
SUM-ROAD-286,SUM-286-33800683800839438008377,Halstead Blvd,,,Summit Township,42.23385966718727,-84.4559787888239,0.14329,2,Asphalt,Local,65,2026-08-16,Medium,1000,10,Moderate,Crack Seal,1,provisional,Michigan GIS Open Data + Paventra rehearsal assumptions,2026-08-16
SUM-ROAD-287,SUM-287-9041083800839438008296,Bittersweet Blvd,,,Summit Township,42.23385966718727,-84.4559787888239,0.055593,2,Asphalt,Local,65,2026-08-16,Medium,1000,10,Moderate,Crack Seal,1,provisional,Michigan GIS Open Data + Paventra rehearsal assumptions,2026-08-16
SUM-ROAD-288,SUM-288-8994073800841238008368,Spring Arbor Rd,,,Summit Township,42.23341382790605,-84.4441780295263,0.055805,2,Asphalt,Local,65,2026-08-16,Medium,1000,10,Moderate,Crack Seal,1,provisional,Michigan GIS Open Data + Paventra rehearsal assumptions,2026-08-16
SUM-ROAD-289,SUM-289-33814863801986438020389,Stoneridge Dr,,,Summit Township,42.233738429070954,-84.46944057879064,0.012154,2,Asphalt,Local,65,2026-08-16,Medium,1000,10,Moderate,Crack Seal,1,provisional,Michigan GIS Open Data + Paventra rehearsal assumptions,2026-08-16
SUM-ROAD-290,SUM-290-33812593801986438019865,Stoneridge Dr,,,Summit Township,42.233738429070954,-84.46944057879064,0.148004,2,Asphalt,Local,65,2026-08-16,Medium,1000,10,Moderate,Crack Seal,1,provisional,Michigan GIS Open Data + Paventra rehearsal assumptions,2026-08-16
SUM-ROAD-291,SUM-291-33812393801980638019810,Coventry Rd,,,Summit Township,42.233642365112715,-84.47700421371285,0.085059,2,Asphalt,Local,65,2026-08-16,Medium,1000,10,Moderate,Crack Seal,1,provisional,Michigan GIS Open Data + Paventra rehearsal assumptions,2026-08-16
SUM-ROAD-292,SUM-292-8998063800844338017250,Robinson Rd,,,Summit Township,42.23341410572426,-84.4624840712098,0.224281,2,Asphalt,Local,65,2026-08-16,Medium,1000,10,Moderate,Crack Seal,1,provisional,Michigan GIS Open Data + Paventra rehearsal assumptions,2026-08-16
SUM-ROAD-293,SUM-293-33812383801980738019806,Coventry Rd,,,Summit Township,42.233542099864444,-84.47732911872804,0.018038,2,Asphalt,Local,65,2026-08-16,Medium,1000,10,Moderate,Crack Seal,1,provisional,Michigan GIS Open Data + Paventra rehearsal assumptions,2026-08-16
SUM-ROAD-294,SUM-294-33812363801980738019804,Magnolia Pkwy,,,Summit Township,42.233542099864444,-84.47732911872804,0.056152,2,Asphalt,Local,65,2026-08-16,Medium,1000,10,Moderate,Crack Seal,1,provisional,Michigan GIS Open Data + Paventra rehearsal assumptions,2026-08-16
SUM-ROAD-295,SUM-295-9100053800845038008372,S Brown St,,,Summit Township,42.23286324943549,-84.43306210924834,0.064665,2,Asphalt,Local,65,2026-08-16,Medium,1000,10,Moderate,Crack Seal,1,provisional,Michigan GIS Open Data + Paventra rehearsal assumptions,2026-08-16
SUM-ROAD-296,SUM-296-8994073800845138008412,Spring Arbor Rd,,,Summit Township,42.23302052672869,-84.44464697767877,0.036255,2,Asphalt,Local,65,2026-08-16,Medium,1000,10,Moderate,Crack Seal,1,provisional,Michigan GIS Open Data + Paventra rehearsal assumptions,2026-08-16
SUM-ROAD-297,SUM-297-9035093800845238008412,McCain Rd,,,Summit Township,42.23302444774013,-84.44708220261984,0.165419,2,Asphalt,Local,65,2026-08-16,Medium,1000,10,Moderate,Crack Seal,1,provisional,Michigan GIS Open Data + Paventra rehearsal assumptions,2026-08-16
SUM-ROAD-298,SUM-298-9042033800845238008357,Woodbine Blvd,,,Summit Township,42.23302444774013,-84.44708220261984,0.069787,2,Asphalt,Local,65,2026-08-16,Medium,1000,10,Moderate,Crack Seal,1,provisional,Michigan GIS Open Data + Paventra rehearsal assumptions,2026-08-16
SUM-ROAD-299,SUM-299-33817263801724138008450,W High St,,,Summit Township,42.23285814408335,-84.4378480460559,0.245401,2,Asphalt,Local,65,2026-08-16,Medium,1000,10,Moderate,Crack Seal,1,provisional,Michigan GIS Open Data + Paventra rehearsal assumptions,2026-08-16
SUM-ROAD-300,SUM-300-9100043801724138008375,Gilroy Rd,,,Summit Township,42.23285814408335,-84.4378480460559,0.065182,2,Asphalt,Local,65,2026-08-16,Medium,1000,10,Moderate,Crack Seal,1,provisional,Michigan GIS Open Data + Paventra rehearsal assumptions,2026-08-16
SUM-ROAD-301,SUM-301-33817263800845438017241,W High St,,,Summit Township,42.232857874939704,-84.4381046213605,0.013155,2,Asphalt,Local,65,2026-08-16,Medium,1000,10,Moderate,Crack Seal,1,provisional,Michigan GIS Open Data + Paventra rehearsal assumptions,2026-08-16
SUM-ROAD-302,SUM-302-8999043800845438008187,Levant St,,,Summit Township,42.232857874939704,-84.4381046213605,0.261325,2,Asphalt,Local,65,2026-08-16,Medium,1000,10,Moderate,Crack Seal,1,provisional,Michigan GIS Open Data + Paventra rehearsal assumptions,2026-08-16
SUM-ROAD-303,SUM-303-33812383801980538019807,Devon Dr,,,Summit Township,42.23441382357009,-84.47868144927624,0.136532,2,Asphalt,Local,65,2026-08-16,Medium,1000,10,Moderate,Crack Seal,1,provisional,Michigan GIS Open Data + Paventra rehearsal assumptions,2026-08-16
SUM-ROAD-304,SUM-304-33817263800845838008454,W High St,,,Summit Township,42.23287415295886,-84.44131322341887,0.164517,2,Asphalt,Local,65,2026-08-16,Medium,1000,10,Moderate,Crack Seal,1,provisional,Michigan GIS Open Data + Paventra rehearsal assumptions,2026-08-16
SUM-ROAD-305,SUM-305-8999033800845838008293,Rowan St,,,Summit Township,42.23287415295886,-84.44131322341887,0.139296,2,Asphalt,Local,65,2026-08-16,Medium,1000,10,Moderate,Crack Seal,1,provisional,Michigan GIS Open Data + Paventra rehearsal assumptions,2026-08-16
SUM-ROAD-306,SUM-306-9035093801986138008443,McCain Rd,,,Summit Township,42.23325626884117,-84.46924062944605,0.354052,2,Asphalt,Local,65,2026-08-16,Medium,1000,10,Moderate,Crack Seal,1,provisional,Michigan GIS Open Data + Paventra rehearsal assumptions,2026-08-16
SUM-ROAD-307,SUM-307-33812583801986138019864,Stoneridge Creek Dr,,,Summit Township,42.23325626884117,-84.46924062944605,0.03481,2,Asphalt,Local,65,2026-08-16,Medium,1000,10,Moderate,Crack Seal,1,provisional,Michigan GIS Open Data + Paventra rehearsal assumptions,2026-08-16
SUM-ROAD-308,SUM-308-33817263800846238008458,W High St,,,Summit Township,42.2329073546992,-84.44420389410529,0.14823,2,Asphalt,Local,65,2026-08-16,Medium,1000,10,Moderate,Crack Seal,1,provisional,Michigan GIS Open Data + Paventra rehearsal assumptions,2026-08-16
SUM-ROAD-309,SUM-309-8998103800846238008412,Warren Ave,,,Summit Township,42.2329073546992,-84.44420389410529,0.034968,2,Asphalt,Local,65,2026-08-16,Medium,1000,10,Moderate,Crack Seal,1,provisional,Michigan GIS Open Data + Paventra rehearsal assumptions,2026-08-16
SUM-ROAD-310,SUM-310-9035093800846838008452,McCain Rd,,,Summit Township,42.23284444715527,-84.44855629286465,0.07695,2,Asphalt,Local,65,2026-08-16,Medium,1000,10,Moderate,Crack Seal,1,provisional,Michigan GIS Open Data + Paventra rehearsal assumptions,2026-08-16
SUM-ROAD-311,SUM-311-9042023800846838008292,Albright Dr,,,Summit Township,42.23284444715527,-84.44855629286465,0.134656,2,Asphalt,Local,65,2026-08-16,Medium,1000,10,Moderate,Crack Seal,1,provisional,Michigan GIS Open Data + Paventra rehearsal assumptions,2026-08-16
SUM-ROAD-312,SUM-312-33812403801981038019806,Coventry Rd,,,Summit Township,42.23406177861503,-84.47588980876016,0.135268,2,Asphalt,Local,65,2026-08-16,Medium,1000,10,Moderate,Crack Seal,1,provisional,Michigan GIS Open Data + Paventra rehearsal assumptions,2026-08-16
SUM-ROAD-313,SUM-313-9035093800847438008468,McCain Rd,,,Summit Township,42.23281568594995,-84.4520643274569,0.179878,2,Asphalt,Local,65,2026-08-16,Medium,1000,10,Moderate,Crack Seal,1,provisional,Michigan GIS Open Data + Paventra rehearsal assumptions,2026-08-16
SUM-ROAD-314,SUM-314-9035093800847138019861,McCain Rd,,,Summit Township,42.23305630962075,-84.47000404737638,0.041502,2,Asphalt,Local,65,2026-08-16,Medium,1000,10,Moderate,Crack Seal,1,provisional,Michigan GIS Open Data + Paventra rehearsal assumptions,2026-08-16
SUM-ROAD-315,SUM-315-9035093800847938008474,McCain Rd,,,Summit Township,42.232796531272434,-84.45342302360719,0.069676,2,Asphalt,Local,65,2026-08-16,Medium,1000,10,Moderate,Crack Seal,1,provisional,Michigan GIS Open Data + Paventra rehearsal assumptions,2026-08-16
SUM-ROAD-316,SUM-316-9035093800848238008479,McCain Rd,,,Summit Township,42.23280350083847,-84.45600281878515,0.132274,2,Asphalt,Local,65,2026-08-16,Medium,1000,10,Moderate,Crack Seal,1,provisional,Michigan GIS Open Data + Paventra rehearsal assumptions,2026-08-16
SUM-ROAD-317,SUM-317-9041083800848238008394,Bittersweet Blvd,,,Summit Township,42.23280350083847,-84.45600281878515,0.072879,2,Asphalt,Local,65,2026-08-16,Medium,1000,10,Moderate,Crack Seal,1,provisional,Michigan GIS Open Data + Paventra rehearsal assumptions,2026-08-16
SUM-ROAD-318,SUM-318-33811973800848438019677,Oak Brook Dr,,,Summit Township,42.232828363136,-84.45808082882894,0.125989,2,Asphalt,Local,65,2026-08-16,Medium,1000,10,Moderate,Crack Seal,1,provisional,Michigan GIS Open Data + Paventra rehearsal assumptions,2026-08-16
SUM-ROAD-319,SUM-319-9035093800844338008484,McCain Rd,,,Summit Township,42.23341410572426,-84.4624840712098,0.229353,2,Asphalt,Local,65,2026-08-16,Medium,1000,10,Moderate,Crack Seal,1,provisional,Michigan GIS Open Data + Paventra rehearsal assumptions,2026-08-16
SUM-ROAD-320,SUM-320-9035093800848338008482,McCain Rd,,,Summit Township,42.23280305203428,-84.45640493749443,0.020618,2,Asphalt,Local,65,2026-08-16,Medium,1000,10,Moderate,Crack Seal,1,provisional,Michigan GIS Open Data + Paventra rehearsal assumptions,2026-08-16
SUM-ROAD-321,SUM-321-9035093800848438008483,McCain Rd,,,Summit Township,42.232828363136,-84.45808082882894,0.085945,2,Asphalt,Local,65,2026-08-16,Medium,1000,10,Moderate,Crack Seal,1,provisional,Michigan GIS Open Data + Paventra rehearsal assumptions,2026-08-16
SUM-ROAD-322,SUM-322-8998013800849638008323,M 60,,,Summit Township,42.23282990224756,-84.47519507794502,0.137958,2,Asphalt,Local,65,2026-08-16,Medium,1000,10,Moderate,Crack Seal,1,provisional,Michigan GIS Open Data + Paventra rehearsal assumptions,2026-08-16
SUM-ROAD-323,SUM-323-9035093800849738008496,McCain Rd,,,Summit Township,42.23282976081104,-84.47533334491494,0.007089,2,Asphalt,Local,65,2026-08-16,Medium,1000,10,Moderate,Crack Seal,1,provisional,Michigan GIS Open Data + Paventra rehearsal assumptions,2026-08-16
SUM-ROAD-324,SUM-324-9035093800849538008471,McCain Rd,,,Summit Township,42.2328217676314,-84.47484827325675,0.250116,2,Asphalt,Local,65,2026-08-16,Medium,1000,10,Moderate,Crack Seal,1,provisional,Michigan GIS Open Data + Paventra rehearsal assumptions,2026-08-16
SUM-ROAD-325,SUM-325-8998023800849538008340,M 60,,,Summit Township,42.2328217676314,-84.47484827325675,0.126855,2,Asphalt,Local,65,2026-08-16,Medium,1000,10,Moderate,Crack Seal,1,provisional,Michigan GIS Open Data + Paventra rehearsal assumptions,2026-08-16
SUM-ROAD-326,SUM-326-9035093800849638008495,McCain Rd,,,Summit Township,42.23282990224756,-84.47519507794502,0.01779,2,Asphalt,Local,65,2026-08-16,Medium,1000,10,Moderate,Crack Seal,1,provisional,Michigan GIS Open Data + Paventra rehearsal assumptions,2026-08-16
SUM-ROAD-327,SUM-327-9035093801725738008497,McCain Rd,,,Summit Township,42.232840839183005,-84.4772351640371,0.097514,2,Asphalt,Local,65,2026-08-16,Medium,1000,10,Moderate,Crack Seal,1,provisional,Michigan GIS Open Data + Paventra rehearsal assumptions,2026-08-16
SUM-ROAD-328,SUM-328-33812363801725738019807,Magnolia Pkwy,,,Summit Township,42.232840839183005,-84.4772351640371,0.049163,2,Asphalt,Local,65,2026-08-16,Medium,1000,10,Moderate,Crack Seal,1,provisional,Michigan GIS Open Data + Paventra rehearsal assumptions,2026-08-16
SUM-ROAD-329,SUM-329-9035093802540538017257,McCain Rd,,,Summit Township,42.23284854368457,-84.47829402479942,0.054293,2,Asphalt,Local,65,2026-08-16,Medium,1000,10,Moderate,Crack Seal,1,provisional,Michigan GIS Open Data + Paventra rehearsal assumptions,2026-08-16
SUM-ROAD-330,SUM-330-9035093800850138025405,McCain Rd,,,Summit Township,42.232862364267,-84.4801968192301,0.097566,2,Asphalt,Local,65,2026-08-16,Medium,1000,10,Moderate,Crack Seal,1,provisional,Michigan GIS Open Data + Paventra rehearsal assumptions,2026-08-16
SUM-ROAD-331,SUM-331-9035093800850338008501,McCain Rd,,,Summit Township,42.232892543727175,-84.4826379310848,0.125179,2,Asphalt,Local,65,2026-08-16,Medium,1000,10,Moderate,Crack Seal,1,provisional,Michigan GIS Open Data + Paventra rehearsal assumptions,2026-08-16
SUM-ROAD-332,SUM-332-9100053800853138008450,S Brown St,,,Summit Township,42.23184558518975,-84.4329658529607,0.070385,2,Asphalt,Local,65,2026-08-16,Medium,1000,10,Moderate,Crack Seal,1,provisional,Michigan GIS Open Data + Paventra rehearsal assumptions,2026-08-16
SUM-ROAD-333,SUM-333-8998073800856738008483,Smiley Way,,,Summit Township,42.231721265402896,-84.4562436949201,0.075558,2,Asphalt,Local,65,2026-08-16,Medium,1000,10,Moderate,Crack Seal,1,provisional,Michigan GIS Open Data + Paventra rehearsal assumptions,2026-08-16
SUM-ROAD-334,SUM-334-9100053800858138008531,S Brown St,,,Summit Township,42.23126690094312,-84.43296770061333,0.039925,2,Asphalt,Local,65,2026-08-16,Medium,1000,10,Moderate,Crack Seal,1,provisional,Michigan GIS Open Data + Paventra rehearsal assumptions,2026-08-16
SUM-ROAD-335,SUM-335-9042013800859738008468,Crestwood Ln,,,Summit Township,42.23141599807089,-84.44957958872843,0.146326,2,Asphalt,Local,65,2026-08-16,Medium,1000,10,Moderate,Crack Seal,1,provisional,Michigan GIS Open Data + Paventra rehearsal assumptions,2026-08-16
SUM-ROAD-336,SUM-336-9042013800860238008597,Crestwood Ln,,,Summit Township,42.23142449962785,-84.4520619982441,0.127284,2,Asphalt,Local,65,2026-08-16,Medium,1000,10,Moderate,Crack Seal,1,provisional,Michigan GIS Open Data + Paventra rehearsal assumptions,2026-08-16
SUM-ROAD-337,SUM-337-33800703800847438008602,Westfield Dr,,,Summit Township,42.23281568594995,-84.4520643274569,0.095982,2,Asphalt,Local,65,2026-08-16,Medium,1000,10,Moderate,Crack Seal,1,provisional,Michigan GIS Open Data + Paventra rehearsal assumptions,2026-08-16
SUM-ROAD-338,SUM-338-9041173800848438008618,Ganton Dr,,,Summit Township,42.232828363136,-84.45808082882894,0.109261,2,Asphalt,Local,65,2026-08-16,Medium,1000,10,Moderate,Crack Seal,1,provisional,Michigan GIS Open Data + Paventra rehearsal assumptions,2026-08-16
SUM-ROAD-339,SUM-339-33808973801725738017259,W Coachlight Dr,,,Summit Township,42.232840839183005,-84.4772351640371,0.094895,2,Asphalt,Local,65,2026-08-16,Medium,1000,10,Moderate,Crack Seal,1,provisional,Michigan GIS Open Data + Paventra rehearsal assumptions,2026-08-16
SUM-ROAD-340,SUM-340-9100053800864138008581,S Brown St,,,Summit Township,42.230663632660736,-84.43289807356678,0.041774,2,Asphalt,Local,65,2026-08-16,Medium,1000,10,Moderate,Crack Seal,1,provisional,Michigan GIS Open Data + Paventra rehearsal assumptions,2026-08-16
SUM-ROAD-341,SUM-341-33815883800864938008531,W Concourse St,,,Summit Township,42.23070668369333,-84.43682774891909,0.263278,2,Asphalt,Local,65,2026-08-16,Medium,1000,10,Moderate,Crack Seal,1,provisional,Michigan GIS Open Data + Paventra rehearsal assumptions,2026-08-16
SUM-ROAD-342,SUM-342-9090103800865538008649,Smalley St,,,Summit Township,42.230610660884466,-84.43810066006255,0.06649,2,Asphalt,Local,65,2026-08-16,Medium,1000,10,Moderate,Crack Seal,1,provisional,Michigan GIS Open Data + Paventra rehearsal assumptions,2026-08-16
SUM-ROAD-343,SUM-343-8999043800865538008454,Levant St,,,Summit Township,42.230610660884466,-84.43810066006255,0.15505,2,Asphalt,Local,65,2026-08-16,Medium,1000,10,Moderate,Crack Seal,1,provisional,Michigan GIS Open Data + Paventra rehearsal assumptions,2026-08-16
SUM-ROAD-344,SUM-344-9090103800866038008655,Smalley St,,,Summit Township,42.230596863006205,-84.44124987019752,0.161477,2,Asphalt,Local,65,2026-08-16,Medium,1000,10,Moderate,Crack Seal,1,provisional,Michigan GIS Open Data + Paventra rehearsal assumptions,2026-08-16
SUM-ROAD-345,SUM-345-8999033800866038008458,Rowan St,,,Summit Township,42.230596863006205,-84.44124987019752,0.157551,2,Asphalt,Local,65,2026-08-16,Medium,1000,10,Moderate,Crack Seal,1,provisional,Michigan GIS Open Data + Paventra rehearsal assumptions,2026-08-16
SUM-ROAD-346,SUM-346-9090103800866938008660,Smalley St,,,Summit Township,42.23059471261255,-84.44419317035464,0.150916,2,Asphalt,Local,65,2026-08-16,Medium,1000,10,Moderate,Crack Seal,1,provisional,Michigan GIS Open Data + Paventra rehearsal assumptions,2026-08-16
SUM-ROAD-347,SUM-347-8998103800866938008462,Warren Ave,,,Summit Township,42.23059471261255,-84.44419317035464,0.159557,2,Asphalt,Local,65,2026-08-16,Medium,1000,10,Moderate,Crack Seal,1,provisional,Michigan GIS Open Data + Paventra rehearsal assumptions,2026-08-16
SUM-ROAD-348,SUM-348-8994073801862838008451,Spring Arbor Rd,,,Summit Township,42.230462083095176,-84.44774761505755,0.237555,2,Asphalt,Local,65,2026-08-16,Medium,1000,10,Moderate,Crack Seal,1,provisional,Michigan GIS Open Data + Paventra rehearsal assumptions,2026-08-16
SUM-ROAD-349,SUM-349-33800703800869638008597,Westfield Dr,,,Summit Township,42.23024461864151,-84.45042746150904,0.094586,2,Asphalt,Local,65,2026-08-16,Medium,1000,10,Moderate,Crack Seal,1,provisional,Michigan GIS Open Data + Paventra rehearsal assumptions,2026-08-16
SUM-ROAD-350,SUM-350-33809013800869638008689,Westfield Dr,,,Summit Township,42.23024461864151,-84.45042746150904,0.028976,2,Asphalt,Local,65,2026-08-16,Medium,1000,10,Moderate,Crack Seal,1,provisional,Michigan GIS Open Data + Paventra rehearsal assumptions,2026-08-16
SUM-ROAD-351,SUM-351-33810863801862838018630,McKarr Ct,,,Summit Township,42.230462083095176,-84.44774761505755,0.089962,2,Asphalt,Local,65,2026-08-16,Medium,1000,10,Moderate,Crack Seal,1,provisional,Michigan GIS Open Data + Paventra rehearsal assumptions,2026-08-16
SUM-ROAD-352,SUM-352-8994073801730038018628,Spring Arbor Rd,,,Summit Township,42.22948247357464,-84.44893473275827,0.090956,2,Asphalt,Local,65,2026-08-16,Medium,1000,10,Moderate,Crack Seal,1,provisional,Michigan GIS Open Data + Paventra rehearsal assumptions,2026-08-16
SUM-ROAD-353,SUM-353-8998083800875738008479,Maple Dr,,,Summit Township,42.22952083747687,-84.45341999617796,0.226,2,Asphalt,Local,65,2026-08-16,Medium,1000,10,Moderate,Crack Seal,1,provisional,Michigan GIS Open Data + Paventra rehearsal assumptions,2026-08-16
SUM-ROAD-354,SUM-354-33800703800860238008696,Westfield Dr,,,Summit Township,42.23142449962785,-84.4520619982441,0.228143,2,Asphalt,Local,65,2026-08-16,Medium,1000,10,Moderate,Crack Seal,1,provisional,Michigan GIS Open Data + Paventra rehearsal assumptions,2026-08-16
SUM-ROAD-355,SUM-355-9108093800876738008567,Glengarry Rd,,,Summit Township,42.229527920113334,-84.4563038991889,0.172113,2,Asphalt,Local,65,2026-08-16,Medium,1000,10,Moderate,Crack Seal,1,provisional,Michigan GIS Open Data + Paventra rehearsal assumptions,2026-08-16
SUM-ROAD-356,SUM-356-9108083800876338008757,Gemmill Rd,,,Summit Township,42.22950568880676,-84.45497296955575,0.079636,2,Asphalt,Local,65,2026-08-16,Medium,1000,10,Moderate,Crack Seal,1,provisional,Michigan GIS Open Data + Paventra rehearsal assumptions,2026-08-16
SUM-ROAD-357,SUM-357-8998073800876338008567,Smiley Way,,,Summit Township,42.22950568880676,-84.45497296955575,0.213838,2,Asphalt,Local,65,2026-08-16,Medium,1000,10,Moderate,Crack Seal,1,provisional,Michigan GIS Open Data + Paventra rehearsal assumptions,2026-08-16
SUM-ROAD-358,SUM-358-9108083800876738008763,Gemmill Rd,,,Summit Township,42.229527920113334,-84.4563038991889,0.068424,2,Asphalt,Local,65,2026-08-16,Medium,1000,10,Moderate,Crack Seal,1,provisional,Michigan GIS Open Data + Paventra rehearsal assumptions,2026-08-16
SUM-ROAD-359,SUM-359-9108173800861838008783,Tamie Way,,,Summit Township,42.231261513559225,-84.45830460767459,0.177239,2,Asphalt,Local,65,2026-08-16,Medium,1000,10,Moderate,Crack Seal,1,provisional,Michigan GIS Open Data + Paventra rehearsal assumptions,2026-08-16
SUM-ROAD-360,SUM-360-9090033800878438008783,Timberlane Dr,,,Summit Township,42.22927000312315,-84.4624640638493,0.135449,2,Asphalt,Local,65,2026-08-16,Medium,1000,10,Moderate,Crack Seal,1,provisional,Michigan GIS Open Data + Paventra rehearsal assumptions,2026-08-16
SUM-ROAD-361,SUM-361-8998063800878438008443,Robinson Rd,,,Summit Township,42.22927000312315,-84.4624640638493,0.285917,2,Asphalt,Local,65,2026-08-16,Medium,1000,10,Moderate,Crack Seal,1,provisional,Michigan GIS Open Data + Paventra rehearsal assumptions,2026-08-16
SUM-ROAD-362,SUM-362-8998063800878838008784,Robinson Rd,,,Summit Township,42.22917482116459,-84.46246629941562,0.006568,2,Asphalt,Local,65,2026-08-16,Medium,1000,10,Moderate,Crack Seal,1,provisional,Michigan GIS Open Data + Paventra rehearsal assumptions,2026-08-16
SUM-ROAD-363,SUM-363-33813113802000338020004,Countryside Ln,,,Summit Township,42.22918429647948,-84.46395724599024,0.047995,2,Asphalt,Local,65,2026-08-16,Medium,1000,10,Moderate,Crack Seal,1,provisional,Michigan GIS Open Data + Paventra rehearsal assumptions,2026-08-16
SUM-ROAD-364,SUM-364-33808983801725938017260,E Coachlight Dr,,,Summit Township,42.231465410443704,-84.47723474450137,0.24302,2,Asphalt,Local,65,2026-08-16,Medium,1000,10,Moderate,Crack Seal,1,provisional,Michigan GIS Open Data + Paventra rehearsal assumptions,2026-08-16
SUM-ROAD-365,SUM-365-33808973801725938017260,W Coachlight Dr,,,Summit Township,42.231465410443704,-84.47723474450137,0.176548,2,Asphalt,Local,65,2026-08-16,Medium,1000,10,Moderate,Crack Seal,1,provisional,Michigan GIS Open Data + Paventra rehearsal assumptions,2026-08-16
SUM-ROAD-366,SUM-366-33813123802000138020002,Countryside Ln,,,Summit Township,42.228130324824605,-84.46439027165466,0.027885,2,Asphalt,Local,65,2026-08-16,Medium,1000,10,Moderate,Crack Seal,1,provisional,Michigan GIS Open Data + Paventra rehearsal assumptions,2026-08-16
SUM-ROAD-367,SUM-367-33813113802000138020003,Countryside Ln,,,Summit Township,42.228130324824605,-84.46439027165466,0.077593,2,Asphalt,Local,65,2026-08-16,Medium,1000,10,Moderate,Crack Seal,1,provisional,Michigan GIS Open Data + Paventra rehearsal assumptions,2026-08-16
SUM-ROAD-368,SUM-368-33810563800876738018373,Glengarry Rd,,,Summit Township,42.229527920113334,-84.4563038991889,0.107008,2,Asphalt,Local,65,2026-08-16,Medium,1000,10,Moderate,Crack Seal,1,provisional,Michigan GIS Open Data + Paventra rehearsal assumptions,2026-08-16
SUM-ROAD-369,SUM-369-9108173800878338008864,Tamie Way,,,Summit Township,42.22927117761355,-84.4598224689683,0.086728,2,Asphalt,Local,65,2026-08-16,Medium,1000,10,Moderate,Crack Seal,1,provisional,Michigan GIS Open Data + Paventra rehearsal assumptions,2026-08-16
SUM-ROAD-370,SUM-370-33809023801729938017300,Heathervale Dr,,,Summit Township,42.227843916148444,-84.44856722692684,0.118464,2,Asphalt,Local,65,2026-08-16,Medium,1000,10,Moderate,Crack Seal,1,provisional,Michigan GIS Open Data + Paventra rehearsal assumptions,2026-08-16
SUM-ROAD-371,SUM-371-8998013800890238008496,M 60,,,Summit Township,42.22821420379623,-84.47603088252387,0.32712,2,Asphalt,Local,65,2026-08-16,Medium,1000,10,Moderate,Crack Seal,1,provisional,Michigan GIS Open Data + Paventra rehearsal assumptions,2026-08-16
SUM-ROAD-372,SUM-372-9041173800861838008855,Ganton Dr,,,Summit Township,42.231261513559225,-84.45830460767459,0.227671,2,Asphalt,Local,65,2026-08-16,Medium,1000,10,Moderate,Crack Seal,1,provisional,Michigan GIS Open Data + Paventra rehearsal assumptions,2026-08-16
SUM-ROAD-373,SUM-373-8998023800892138008495,M 60,,,Summit Township,42.22803122143325,-84.47574892845783,0.339776,2,Asphalt,Local,65,2026-08-16,Medium,1000,10,Moderate,Crack Seal,1,provisional,Michigan GIS Open Data + Paventra rehearsal assumptions,2026-08-16
SUM-ROAD-374,SUM-374-9100053800893338008830,S Brown St,,,Summit Township,42.22740879971046,-84.43280852406912,0.074513,2,Asphalt,Local,65,2026-08-16,Medium,1000,10,Moderate,Crack Seal,1,provisional,Michigan GIS Open Data + Paventra rehearsal assumptions,2026-08-16
SUM-ROAD-375,SUM-375-9100023800894138008781,Rowan St,,,Summit Township,42.22749334658661,-84.44121790816425,0.113636,2,Asphalt,Local,65,2026-08-16,Medium,1000,10,Moderate,Crack Seal,1,provisional,Michigan GIS Open Data + Paventra rehearsal assumptions,2026-08-16
SUM-ROAD-376,SUM-376-8998063801999838008788,Robinson Rd,,,Summit Township,42.22762774301654,-84.46244351799233,0.106744,2,Asphalt,Local,65,2026-08-16,Medium,1000,10,Moderate,Crack Seal,1,provisional,Michigan GIS Open Data + Paventra rehearsal assumptions,2026-08-16
SUM-ROAD-377,SUM-377-9090093800894138008957,Denton Rd,,,Summit Township,42.22749334658661,-84.44121790816425,0.115733,2,Asphalt,Local,65,2026-08-16,Medium,1000,10,Moderate,Crack Seal,1,provisional,Michigan GIS Open Data + Paventra rehearsal assumptions,2026-08-16
SUM-ROAD-378,SUM-378-33813133802000038019998,Terrace Hills Ln,,,Summit Township,42.22761835823877,-84.46408596889239,0.084222,2,Asphalt,Local,65,2026-08-16,Medium,1000,10,Moderate,Crack Seal,1,provisional,Michigan GIS Open Data + Paventra rehearsal assumptions,2026-08-16
SUM-ROAD-379,SUM-379-33813113802000038020001,Countryside Ln,,,Summit Township,42.22761835823877,-84.46408596889239,0.039255,2,Asphalt,Local,65,2026-08-16,Medium,1000,10,Moderate,Crack Seal,1,provisional,Michigan GIS Open Data + Paventra rehearsal assumptions,2026-08-16
SUM-ROAD-380,SUM-380-33817323802000038025605,Terrace Hills Ln,,,Summit Township,42.22761835823877,-84.46408596889239,0.072998,2,Asphalt,Local,65,2026-08-16,Medium,1000,10,Moderate,Crack Seal,1,provisional,Michigan GIS Open Data + Paventra rehearsal assumptions,2026-08-16
SUM-ROAD-381,SUM-381-33817273802560638025605,Terrace Hills Ln,,,Summit Township,42.22797889329697,-84.46634713757108,0.060187,2,Asphalt,Local,65,2026-08-16,Medium,1000,10,Moderate,Crack Seal,1,provisional,Michigan GIS Open Data + Paventra rehearsal assumptions,2026-08-16
SUM-ROAD-382,SUM-382-33817323802560538025606,Terrace Hills Ln,,,Summit Township,42.227616456269864,-84.46550956960361,0.071133,2,Asphalt,Local,65,2026-08-16,Medium,1000,10,Moderate,Crack Seal,1,provisional,Michigan GIS Open Data + Paventra rehearsal assumptions,2026-08-16
SUM-ROAD-383,SUM-383-9090093800896538008941,Denton Rd,,,Summit Township,42.22727639551057,-84.44414039186579,0.151964,2,Asphalt,Local,65,2026-08-16,Medium,1000,10,Moderate,Crack Seal,1,provisional,Michigan GIS Open Data + Paventra rehearsal assumptions,2026-08-16
SUM-ROAD-384,SUM-384-8998103800896538008669,Warren Ave,,,Summit Township,42.22727639551057,-84.44414039186579,0.228964,2,Asphalt,Local,65,2026-08-16,Medium,1000,10,Moderate,Crack Seal,1,provisional,Michigan GIS Open Data + Paventra rehearsal assumptions,2026-08-16
SUM-ROAD-385,SUM-385-9090093800895738008933,Denton Rd,,,Summit Township,42.22729578575893,-84.4389765954418,0.318538,2,Asphalt,Local,65,2026-08-16,Medium,1000,10,Moderate,Crack Seal,1,provisional,Michigan GIS Open Data + Paventra rehearsal assumptions,2026-08-16
SUM-ROAD-386,SUM-386-8994073801729838017300,Spring Arbor Rd,,,Summit Township,42.22698958394912,-84.45195310489592,0.231377,2,Asphalt,Local,65,2026-08-16,Medium,1000,10,Moderate,Crack Seal,1,provisional,Michigan GIS Open Data + Paventra rehearsal assumptions,2026-08-16
SUM-ROAD-387,SUM-387-8994073800909138017298,Spring Arbor Rd,,,Summit Township,42.226082931414666,-84.45339172346152,0.097058,2,Asphalt,Local,65,2026-08-16,Medium,1000,10,Moderate,Crack Seal,1,provisional,Michigan GIS Open Data + Paventra rehearsal assumptions,2026-08-16
SUM-ROAD-388,SUM-388-8998083800909138008757,Maple Dr,,,Summit Township,42.226082931414666,-84.45339172346152,0.237196,2,Asphalt,Local,65,2026-08-16,Medium,1000,10,Moderate,Crack Seal,1,provisional,Michigan GIS Open Data + Paventra rehearsal assumptions,2026-08-16
SUM-ROAD-389,SUM-389-33809033801730138017299,S Wooddale Dr,,,Summit Township,42.22599936701095,-84.44856231231415,0.352388,2,Asphalt,Local,65,2026-08-16,Medium,1000,10,Moderate,Crack Seal,1,provisional,Michigan GIS Open Data + Paventra rehearsal assumptions,2026-08-16
SUM-ROAD-390,SUM-390-33809023801730138017299,Heathervale Dr,,,Summit Township,42.22599936701095,-84.44856231231415,0.127261,2,Asphalt,Local,65,2026-08-16,Medium,1000,10,Moderate,Crack Seal,1,provisional,Michigan GIS Open Data + Paventra rehearsal assumptions,2026-08-16
SUM-ROAD-391,SUM-391-33809033801730238017301,S Wooddale Dr,,,Summit Township,42.2260001691889,-84.45002799716912,0.075158,2,Asphalt,Local,65,2026-08-16,Medium,1000,10,Moderate,Crack Seal,1,provisional,Michigan GIS Open Data + Paventra rehearsal assumptions,2026-08-16
SUM-ROAD-392,SUM-392-33809043801730238017303,Wooddale Ct,,,Summit Township,42.2260001691889,-84.45002799716912,0.076893,2,Asphalt,Local,65,2026-08-16,Medium,1000,10,Moderate,Crack Seal,1,provisional,Michigan GIS Open Data + Paventra rehearsal assumptions,2026-08-16
SUM-ROAD-393,SUM-393-33809033801729838017302,S Wooddale Dr,,,Summit Township,42.22698958394912,-84.45195310489592,0.123032,2,Asphalt,Local,65,2026-08-16,Medium,1000,10,Moderate,Crack Seal,1,provisional,Michigan GIS Open Data + Paventra rehearsal assumptions,2026-08-16
SUM-ROAD-394,SUM-394-8998023801663538008921,M 60,,,Summit Township,42.22626708313967,-84.47798498035026,0.168434,2,Asphalt,Local,65,2026-08-16,Medium,1000,10,Moderate,Crack Seal,1,provisional,Michigan GIS Open Data + Paventra rehearsal assumptions,2026-08-16
SUM-ROAD-395,SUM-395-9041063801725438008501,Pioneer Dr,,,Summit Township,42.226233554908355,-84.48011715915023,0.457885,2,Asphalt,Local,65,2026-08-16,Medium,1000,10,Moderate,Crack Seal,1,provisional,Michigan GIS Open Data + Paventra rehearsal assumptions,2026-08-16
SUM-ROAD-396,SUM-396-8998013800913438008902,M 60,,,Summit Township,42.2261998222159,-84.47891328606235,0.205975,2,Asphalt,Local,65,2026-08-16,Medium,1000,10,Moderate,Crack Seal,1,provisional,Michigan GIS Open Data + Paventra rehearsal assumptions,2026-08-16
SUM-ROAD-397,SUM-397-8998023800913238016635,M 60,,,Summit Township,42.226098184394175,-84.47835364540038,0.022207,2,Asphalt,Local,65,2026-08-16,Medium,1000,10,Moderate,Crack Seal,1,provisional,Michigan GIS Open Data + Paventra rehearsal assumptions,2026-08-16
SUM-ROAD-398,SUM-398-8998033800913238009134,Spring Arbor Rd,,,Summit Township,42.226098184394175,-84.47835364540038,0.029542,2,Asphalt,Local,65,2026-08-16,Medium,1000,10,Moderate,Crack Seal,1,provisional,Michigan GIS Open Data + Paventra rehearsal assumptions,2026-08-16
SUM-ROAD-399,SUM-399-8998103800913838008965,Warren Ave,,,Summit Township,42.225537268922814,-84.44412931791386,0.12,2,Asphalt,Local,65,2026-08-16,Medium,1000,10,Moderate,Crack Seal,1,provisional,Michigan GIS Open Data + Paventra rehearsal assumptions,2026-08-16
SUM-ROAD-400,SUM-400-9044033801725538008503,Arbor Hills Rd,,,Summit Township,42.22603642844425,-84.4825822666855,0.47425,2,Asphalt,Local,65,2026-08-16,Medium,1000,10,Moderate,Crack Seal,1,provisional,Michigan GIS Open Data + Paventra rehearsal assumptions,2026-08-16
SUM-ROAD-401,SUM-401-8994073800914738009091,Spring Arbor Rd,,,Summit Township,42.22560936938713,-84.45491672542806,0.085078,2,Asphalt,Local,65,2026-08-16,Medium,1000,10,Moderate,Crack Seal,1,provisional,Michigan GIS Open Data + Paventra rehearsal assumptions,2026-08-16
SUM-ROAD-402,SUM-402-8998073800914738008763,Smiley Way,,,Summit Township,42.22560936938713,-84.45491672542806,0.268834,2,Asphalt,Local,65,2026-08-16,Medium,1000,10,Moderate,Crack Seal,1,provisional,Michigan GIS Open Data + Paventra rehearsal assumptions,2026-08-16
SUM-ROAD-403,SUM-403-8999013801725538009151,Service Dr,,,Summit Township,42.22603642844425,-84.4825822666855,0.006558,2,Asphalt,Local,65,2026-08-16,Medium,1000,10,Moderate,Crack Seal,1,provisional,Michigan GIS Open Data + Paventra rehearsal assumptions,2026-08-16
SUM-ROAD-404,SUM-404-8999013800915138017254,Service Dr,,,Summit Township,42.22597535730278,-84.48248426999088,0.127313,2,Asphalt,Local,65,2026-08-16,Medium,1000,10,Moderate,Crack Seal,1,provisional,Michigan GIS Open Data + Paventra rehearsal assumptions,2026-08-16
SUM-ROAD-405,SUM-405-8998063800916638019998,Robinson Rd,,,Summit Township,42.22551171439435,-84.46241236177492,0.146,2,Asphalt,Local,65,2026-08-16,Medium,1000,10,Moderate,Crack Seal,1,provisional,Michigan GIS Open Data + Paventra rehearsal assumptions,2026-08-16
SUM-ROAD-406,SUM-406-8994073800916438009147,Spring Arbor Rd,,,Summit Township,42.225470460998075,-84.46012062885075,0.267964,2,Asphalt,Local,65,2026-08-16,Medium,1000,10,Moderate,Crack Seal,1,provisional,Michigan GIS Open Data + Paventra rehearsal assumptions,2026-08-16
SUM-ROAD-407,SUM-407-8994073800916638009164,Spring Arbor Rd,,,Summit Township,42.22551171439435,-84.46241236177492,0.117551,2,Asphalt,Local,65,2026-08-16,Medium,1000,10,Moderate,Crack Seal,1,provisional,Michigan GIS Open Data + Paventra rehearsal assumptions,2026-08-16
SUM-ROAD-408,SUM-408-8994073801999938009166,Spring Arbor Rd,,,Summit Township,42.2255204075062,-84.46389604259971,0.076083,2,Asphalt,Local,65,2026-08-16,Medium,1000,10,Moderate,Crack Seal,1,provisional,Michigan GIS Open Data + Paventra rehearsal assumptions,2026-08-16
SUM-ROAD-409,SUM-409-33813113801999938020000,Countryside Ln,,,Summit Township,42.2255204075062,-84.46389604259971,0.146135,2,Asphalt,Local,65,2026-08-16,Medium,1000,10,Moderate,Crack Seal,1,provisional,Michigan GIS Open Data + Paventra rehearsal assumptions,2026-08-16
SUM-ROAD-410,SUM-410-8998033800916838009132,Spring Arbor Rd,,,Summit Township,42.225652411660775,-84.47566554974067,0.141278,2,Asphalt,Local,65,2026-08-16,Medium,1000,10,Moderate,Crack Seal,1,provisional,Michigan GIS Open Data + Paventra rehearsal assumptions,2026-08-16
SUM-ROAD-411,SUM-411-8994073800917338019999,Spring Arbor Rd,,,Summit Township,42.22558314766089,-84.47398360563085,0.517296,2,Asphalt,Local,65,2026-08-16,Medium,1000,10,Moderate,Crack Seal,1,provisional,Michigan GIS Open Data + Paventra rehearsal assumptions,2026-08-16
SUM-ROAD-412,SUM-412-8994073800917538009173,Spring Arbor Rd,,,Summit Township,42.225584414413284,-84.47511703538699,0.058124,2,Asphalt,Local,65,2026-08-16,Medium,1000,10,Moderate,Crack Seal,1,provisional,Michigan GIS Open Data + Paventra rehearsal assumptions,2026-08-16
SUM-ROAD-413,SUM-413-8998033800917538009168,Spring Arbor Rd,,,Summit Township,42.225584414413284,-84.47511703538699,0.028515,2,Asphalt,Local,65,2026-08-16,Medium,1000,10,Moderate,Crack Seal,1,provisional,Michigan GIS Open Data + Paventra rehearsal assumptions,2026-08-16
SUM-ROAD-414,SUM-414-8994073800917738009175,Spring Arbor Rd,,,Summit Township,42.2255728933689,-84.47567945423609,0.028851,2,Asphalt,Local,65,2026-08-16,Medium,1000,10,Moderate,Crack Seal,1,provisional,Michigan GIS Open Data + Paventra rehearsal assumptions,2026-08-16
SUM-ROAD-415,SUM-415-33810083800918238009134,Spring Arbor Rd,,,Summit Township,42.22565653095938,-84.48249082172431,0.189367,2,Asphalt,Local,65,2026-08-16,Medium,1000,10,Moderate,Crack Seal,1,provisional,Michigan GIS Open Data + Paventra rehearsal assumptions,2026-08-16
SUM-ROAD-416,SUM-416-8994073800918038009177,Spring Arbor Rd,,,Summit Township,42.22553531124884,-84.48030900823808,0.237542,2,Asphalt,Local,65,2026-08-16,Medium,1000,10,Moderate,Crack Seal,1,provisional,Michigan GIS Open Data + Paventra rehearsal assumptions,2026-08-16
SUM-ROAD-417,SUM-417-8998023800918038009132,M 60,,,Summit Township,42.22553531124884,-84.48030900823808,0.107835,2,Asphalt,Local,65,2026-08-16,Medium,1000,10,Moderate,Crack Seal,1,provisional,Michigan GIS Open Data + Paventra rehearsal assumptions,2026-08-16
SUM-ROAD-418,SUM-418-8994073800920238009180,Spring Arbor Rd,,,Summit Township,42.22539103361958,-84.482477295421,0.112,2,Asphalt,Local,65,2026-08-16,Medium,1000,10,Moderate,Crack Seal,1,provisional,Michigan GIS Open Data + Paventra rehearsal assumptions,2026-08-16
SUM-ROAD-419,SUM-419-33809073801730538017306,Cascades Creek Dr,,,Summit Township,42.22455439170274,-84.45491811450168,0.100756,2,Asphalt,Local,65,2026-08-16,Medium,1000,10,Moderate,Crack Seal,1,provisional,Michigan GIS Open Data + Paventra rehearsal assumptions,2026-08-16
SUM-ROAD-420,SUM-420-33809053801730538009147,Cascades Ridge Dr,,,Summit Township,42.22455439170274,-84.45491811450168,0.072792,2,Asphalt,Local,65,2026-08-16,Medium,1000,10,Moderate,Crack Seal,1,provisional,Michigan GIS Open Data + Paventra rehearsal assumptions,2026-08-16
SUM-ROAD-421,SUM-421-8998053800925038009173,Dorvin Dr,,,Summit Township,42.2246422717598,-84.4739848868241,0.064915,2,Asphalt,Local,65,2026-08-16,Medium,1000,10,Moderate,Crack Seal,1,provisional,Michigan GIS Open Data + Paventra rehearsal assumptions,2026-08-16
SUM-ROAD-422,SUM-422-9039033802553438009241,Kibby Rd,,,Summit Township,42.22377663599876,-84.43341140103496,0.033749,2,Asphalt,Local,65,2026-08-16,Medium,1000,10,Moderate,Crack Seal,1,provisional,Michigan GIS Open Data + Paventra rehearsal assumptions,2026-08-16
SUM-ROAD-423,SUM-423-33817143802553438025535,Kibby Rd,,,Summit Township,42.22377663599876,-84.43341140103496,0.041562,2,Asphalt,Local,65,2026-08-16,Medium,1000,10,Moderate,Crack Seal,1,provisional,Michigan GIS Open Data + Paventra rehearsal assumptions,2026-08-16
SUM-ROAD-424,SUM-424-9039033800932138025534,Kibby Rd,,,Summit Township,42.22327850095091,-84.43395341990728,0.044206,2,Asphalt,Local,65,2026-08-16,Medium,1000,10,Moderate,Crack Seal,1,provisional,Michigan GIS Open Data + Paventra rehearsal assumptions,2026-08-16
SUM-ROAD-425,SUM-425-9040173800932138009315,Cascade Ct,,,Summit Township,42.22327850095091,-84.43395341990728,0.178977,2,Asphalt,Local,65,2026-08-16,Medium,1000,10,Moderate,Crack Seal,1,provisional,Michigan GIS Open Data + Paventra rehearsal assumptions,2026-08-16
SUM-ROAD-426,SUM-426-33809063801730838017304,Cascades Woods Dr,,,Summit Township,42.22300702377918,-84.45405691204621,0.032352,2,Asphalt,Local,65,2026-08-16,Medium,1000,10,Moderate,Crack Seal,1,provisional,Michigan GIS Open Data + Paventra rehearsal assumptions,2026-08-16
SUM-ROAD-427,SUM-427-33809053801730838017305,Cascade Ridge Dr,,,Summit Township,42.22300702377918,-84.45405691204621,0.125057,2,Asphalt,Local,65,2026-08-16,Medium,1000,10,Moderate,Crack Seal,1,provisional,Michigan GIS Open Data + Paventra rehearsal assumptions,2026-08-16
SUM-ROAD-428,SUM-428-8998053800939038009250,Dorvin Dr,,,Summit Township,42.2226176089176,-84.47396933560206,0.13969,2,Asphalt,Local,65,2026-08-16,Medium,1000,10,Moderate,Crack Seal,1,provisional,Michigan GIS Open Data + Paventra rehearsal assumptions,2026-08-16
SUM-ROAD-429,SUM-429-33808993800939038018368,Parview Dr,,,Summit Township,42.2226176089176,-84.47396933560206,0.063447,2,Asphalt,Local,65,2026-08-16,Medium,1000,10,Moderate,Crack Seal,1,provisional,Michigan GIS Open Data + Paventra rehearsal assumptions,2026-08-16
SUM-ROAD-430,SUM-430-33808993801836838009414,Parview Dr,,,Summit Township,42.22262099409922,-84.47520604260924,0.04848,2,Asphalt,Local,65,2026-08-16,Medium,1000,10,Moderate,Crack Seal,1,provisional,Michigan GIS Open Data + Paventra rehearsal assumptions,2026-08-16
SUM-ROAD-431,SUM-431-9109053800944138009439,Wallace Dr,,,Summit Township,42.2213898048388,-84.43854183553213,0.038116,2,Asphalt,Local,65,2026-08-16,Medium,1000,10,Moderate,Crack Seal,1,provisional,Michigan GIS Open Data + Paventra rehearsal assumptions,2026-08-16
SUM-ROAD-432,SUM-432-9109053800944438009441,Wallace Dr,,,Summit Township,42.22137500886888,-84.43992230619365,0.0708,2,Asphalt,Local,65,2026-08-16,Medium,1000,10,Moderate,Crack Seal,1,provisional,Michigan GIS Open Data + Paventra rehearsal assumptions,2026-08-16
SUM-ROAD-433,SUM-433-9109053800944738009444,Wallace Dr,,,Summit Township,42.22136237770651,-84.44131834810653,0.071597,2,Asphalt,Local,65,2026-08-16,Medium,1000,10,Moderate,Crack Seal,1,provisional,Michigan GIS Open Data + Paventra rehearsal assumptions,2026-08-16
SUM-ROAD-434,SUM-434-9109053800945438009447,Wallace Dr,,,Summit Township,42.22135563372345,-84.44268930843798,0.070542,2,Asphalt,Local,65,2026-08-16,Medium,1000,10,Moderate,Crack Seal,1,provisional,Michigan GIS Open Data + Paventra rehearsal assumptions,2026-08-16
SUM-ROAD-435,SUM-435-33800693800925038017263,Tricia Dr,,,Summit Township,42.2246422717598,-84.4739848868241,0.321636,2,Asphalt,Local,65,2026-08-16,Medium,1000,10,Moderate,Crack Seal,1,provisional,Michigan GIS Open Data + Paventra rehearsal assumptions,2026-08-16
SUM-ROAD-436,SUM-436-8998053801726338009390,Dorvin Dr,,,Summit Township,42.22060585074339,-84.4727153450369,0.193228,2,Asphalt,Local,65,2026-08-16,Medium,1000,10,Moderate,Crack Seal,1,provisional,Michigan GIS Open Data + Paventra rehearsal assumptions,2026-08-16
SUM-ROAD-437,SUM-437-9040063800956538009559,Larrys Dr,,,Summit Township,42.21966996644166,-84.43440699303463,0.072451,2,Asphalt,Local,65,2026-08-16,Medium,1000,10,Moderate,Crack Seal,1,provisional,Michigan GIS Open Data + Paventra rehearsal assumptions,2026-08-16
SUM-ROAD-438,SUM-438-9039033800957138009321,Kibby Rd,,,Summit Township,42.21970209692579,-84.43685986843437,0.288273,2,Asphalt,Local,65,2026-08-16,Medium,1000,10,Moderate,Crack Seal,1,provisional,Michigan GIS Open Data + Paventra rehearsal assumptions,2026-08-16
SUM-ROAD-439,SUM-439-9040063800957138009565,Larrys Dr,,,Summit Township,42.21970209692579,-84.43685986843437,0.129049,2,Asphalt,Local,65,2026-08-16,Medium,1000,10,Moderate,Crack Seal,1,provisional,Michigan GIS Open Data + Paventra rehearsal assumptions,2026-08-16
SUM-ROAD-440,SUM-440-9109133800958538009584,N Saint Anthony Dr,,,Summit Township,42.219599246282755,-84.44554091934656,0.036555,2,Asphalt,Local,65,2026-08-16,Medium,1000,10,Moderate,Crack Seal,1,provisional,Michigan GIS Open Data + Paventra rehearsal assumptions,2026-08-16
SUM-ROAD-441,SUM-441-9109133800962538009585,N Saint Anthony Dr,,,Summit Township,42.21915247816628,-84.44340644138826,0.135414,2,Asphalt,Local,65,2026-08-16,Medium,1000,10,Moderate,Crack Seal,1,provisional,Michigan GIS Open Data + Paventra rehearsal assumptions,2026-08-16
SUM-ROAD-442,SUM-442-9040043800945438009621,Cobb Rd,,,Summit Township,42.22135563372345,-84.44268930843798,0.1533,2,Asphalt,Local,65,2026-08-16,Medium,1000,10,Moderate,Crack Seal,1,provisional,Michigan GIS Open Data + Paventra rehearsal assumptions,2026-08-16
SUM-ROAD-443,SUM-443-9109023800962538009621,N Saint Anthony Dr,,,Summit Township,42.21915247816628,-84.44340644138826,0.037051,2,Asphalt,Local,65,2026-08-16,Medium,1000,10,Moderate,Crack Seal,1,provisional,Michigan GIS Open Data + Paventra rehearsal assumptions,2026-08-16
SUM-ROAD-444,SUM-444-9109193800955938009644,Dahlem St,,,Summit Township,42.21971970298025,-84.43300495076012,0.070692,2,Asphalt,Local,65,2026-08-16,Medium,1000,10,Moderate,Crack Seal,1,provisional,Michigan GIS Open Data + Paventra rehearsal assumptions,2026-08-16
SUM-ROAD-445,SUM-445-9040053800965238009644,Kensington Dr,,,Summit Township,42.21863447921819,-84.43440670814392,0.074451,2,Asphalt,Local,65,2026-08-16,Medium,1000,10,Moderate,Crack Seal,1,provisional,Michigan GIS Open Data + Paventra rehearsal assumptions,2026-08-16
SUM-ROAD-446,SUM-446-9067023800965238009565,Devonshire Rd,,,Summit Township,42.21863447921819,-84.43440670814392,0.071441,2,Asphalt,Local,65,2026-08-16,Medium,1000,10,Moderate,Crack Seal,1,provisional,Michigan GIS Open Data + Paventra rehearsal assumptions,2026-08-16
SUM-ROAD-447,SUM-447-9040053800966138009652,Kensington Dr,,,Summit Township,42.218606350147944,-84.43774741938537,0.171336,2,Asphalt,Local,65,2026-08-16,Medium,1000,10,Moderate,Crack Seal,1,provisional,Michigan GIS Open Data + Paventra rehearsal assumptions,2026-08-16
SUM-ROAD-448,SUM-448-9039033800966138009571,Kibby Rd,,,Summit Township,42.218606350147944,-84.43774741938537,0.088244,2,Asphalt,Local,65,2026-08-16,Medium,1000,10,Moderate,Crack Seal,1,provisional,Michigan GIS Open Data + Paventra rehearsal assumptions,2026-08-16
SUM-ROAD-449,SUM-449-9109023800966038009625,S Saint Anthony Dr,,,Summit Township,42.21869921379817,-84.44553601014611,0.137142,2,Asphalt,Local,65,2026-08-16,Medium,1000,10,Moderate,Crack Seal,1,provisional,Michigan GIS Open Data + Paventra rehearsal assumptions,2026-08-16
SUM-ROAD-450,SUM-450-9109113800958538009660,Saint Jude Dr,,,Summit Township,42.219599246282755,-84.44554091934656,0.062096,2,Asphalt,Local,65,2026-08-16,Medium,1000,10,Moderate,Crack Seal,1,provisional,Michigan GIS Open Data + Paventra rehearsal assumptions,2026-08-16
SUM-ROAD-451,SUM-451-9109083800968438009441,Dawn St,,,Summit Township,42.21824393532827,-84.4384717466119,0.217073,2,Asphalt,Local,65,2026-08-16,Medium,1000,10,Moderate,Crack Seal,1,provisional,Michigan GIS Open Data + Paventra rehearsal assumptions,2026-08-16
SUM-ROAD-452,SUM-452-9039033800968338009661,Kibby Rd,,,Summit Township,42.21823251105603,-84.43808068853912,0.030941,2,Asphalt,Local,65,2026-08-16,Medium,1000,10,Moderate,Crack Seal,1,provisional,Michigan GIS Open Data + Paventra rehearsal assumptions,2026-08-16
SUM-ROAD-453,SUM-453-9040043800968438009683,Cobb Rd,,,Summit Township,42.21824393532827,-84.4384717466119,0.020071,2,Asphalt,Local,65,2026-08-16,Medium,1000,10,Moderate,Crack Seal,1,provisional,Michigan GIS Open Data + Paventra rehearsal assumptions,2026-08-16
SUM-ROAD-454,SUM-454-9040043800968538009684,Cobb Rd,,,Summit Township,42.218241589698756,-84.43988051501766,0.072248,2,Asphalt,Local,65,2026-08-16,Medium,1000,10,Moderate,Crack Seal,1,provisional,Michigan GIS Open Data + Paventra rehearsal assumptions,2026-08-16
SUM-ROAD-455,SUM-455-9109073800968538009444,Midday St,,,Summit Township,42.218241589698756,-84.43988051501766,0.216194,2,Asphalt,Local,65,2026-08-16,Medium,1000,10,Moderate,Crack Seal,1,provisional,Michigan GIS Open Data + Paventra rehearsal assumptions,2026-08-16
SUM-ROAD-456,SUM-456-9040043800968738009685,Cobb Rd,,,Summit Township,42.218249666104455,-84.44126978497886,0.07125,2,Asphalt,Local,65,2026-08-16,Medium,1000,10,Moderate,Crack Seal,1,provisional,Michigan GIS Open Data + Paventra rehearsal assumptions,2026-08-16
SUM-ROAD-457,SUM-457-9109063800968738009447,Twilight St,,,Summit Township,42.218249666104455,-84.44126978497886,0.21477,2,Asphalt,Local,65,2026-08-16,Medium,1000,10,Moderate,Crack Seal,1,provisional,Michigan GIS Open Data + Paventra rehearsal assumptions,2026-08-16
SUM-ROAD-458,SUM-458-9040043800962138009687,Cobb Rd,,,Summit Township,42.219136365677834,-84.44268429008969,0.129135,2,Asphalt,Local,65,2026-08-16,Medium,1000,10,Moderate,Crack Seal,1,provisional,Michigan GIS Open Data + Paventra rehearsal assumptions,2026-08-16
SUM-ROAD-459,SUM-459-9109113800966038009682,Saint Jude Dr,,,Summit Township,42.21869921379817,-84.44553601014611,0.071263,2,Asphalt,Local,65,2026-08-16,Medium,1000,10,Moderate,Crack Seal,1,provisional,Michigan GIS Open Data + Paventra rehearsal assumptions,2026-08-16
SUM-ROAD-460,SUM-460-9068023800968238018595,Harben St,,,Summit Township,42.217666315301514,-84.44553410594406,0.113243,2,Asphalt,Local,65,2026-08-16,Medium,1000,10,Moderate,Crack Seal,1,provisional,Michigan GIS Open Data + Paventra rehearsal assumptions,2026-08-16
SUM-ROAD-461,SUM-461-9039093801840438009763,Loren Dr,,,Summit Township,42.21689129279861,-84.44507713069551,0.026082,2,Asphalt,Local,65,2026-08-16,Medium,1000,10,Moderate,Crack Seal,1,provisional,Michigan GIS Open Data + Paventra rehearsal assumptions,2026-08-16
SUM-ROAD-462,SUM-462-9040033800977738009773,Strathmoor Ln,,,Summit Township,42.21672799518465,-84.43691440529926,0.13029,2,Asphalt,Local,65,2026-08-16,Medium,1000,10,Moderate,Crack Seal,1,provisional,Michigan GIS Open Data + Paventra rehearsal assumptions,2026-08-16
SUM-ROAD-463,SUM-463-9067023800977738009652,Devonshire Rd,,,Summit Township,42.21672799518465,-84.43691440529926,0.227172,2,Asphalt,Local,65,2026-08-16,Medium,1000,10,Moderate,Crack Seal,1,provisional,Michigan GIS Open Data + Paventra rehearsal assumptions,2026-08-16
SUM-ROAD-464,SUM-464-9040033800978338009777,Strathmoor Ln,,,Summit Township,42.216726594750995,-84.4392854991496,0.121604,2,Asphalt,Local,65,2026-08-16,Medium,1000,10,Moderate,Crack Seal,1,provisional,Michigan GIS Open Data + Paventra rehearsal assumptions,2026-08-16
SUM-ROAD-465,SUM-465-9039033800978338009683,Kibby Rd,,,Summit Township,42.216726594750995,-84.4392854991496,0.120882,2,Asphalt,Local,65,2026-08-16,Medium,1000,10,Moderate,Crack Seal,1,provisional,Michigan GIS Open Data + Paventra rehearsal assumptions,2026-08-16
SUM-ROAD-466,SUM-466-9039093800978038018404,Loren Dr,,,Summit Township,42.2167015042636,-84.44569383721011,0.034258,2,Asphalt,Local,65,2026-08-16,Medium,1000,10,Moderate,Crack Seal,1,provisional,Michigan GIS Open Data + Paventra rehearsal assumptions,2026-08-16
SUM-ROAD-467,SUM-467-9067023801839938009777,Devonshire Rd,,,Summit Township,42.21635872504321,-84.43690766275222,0.025479,2,Asphalt,Local,65,2026-08-16,Medium,1000,10,Moderate,Crack Seal,1,provisional,Michigan GIS Open Data + Paventra rehearsal assumptions,2026-08-16
SUM-ROAD-468,SUM-468-9068023802037438009682,Harben St,,,Summit Township,42.21642550048811,-84.44346487681908,0.184602,2,Asphalt,Local,65,2026-08-16,Medium,1000,10,Moderate,Crack Seal,1,provisional,Michigan GIS Open Data + Paventra rehearsal assumptions,2026-08-16
SUM-ROAD-469,SUM-469-9067023800978738018399,Devonshire Rd,,,Summit Township,42.216217790511635,-84.43690508910016,0.009724,2,Asphalt,Local,65,2026-08-16,Medium,1000,10,Moderate,Crack Seal,1,provisional,Michigan GIS Open Data + Paventra rehearsal assumptions,2026-08-16
SUM-ROAD-470,SUM-470-9068023800978038020374,Harben St,,,Summit Township,42.2167015042636,-84.44569383721011,0.133784,2,Asphalt,Local,65,2026-08-16,Medium,1000,10,Moderate,Crack Seal,1,provisional,Michigan GIS Open Data + Paventra rehearsal assumptions,2026-08-16
SUM-ROAD-471,SUM-471-33817473801841538009867,Allston Dr,,,Summit Township,42.21551190381793,-84.46649400344862,0.202472,2,Asphalt,Local,65,2026-08-16,Medium,1000,10,Moderate,Crack Seal,1,provisional,Michigan GIS Open Data + Paventra rehearsal assumptions,2026-08-16
SUM-ROAD-472,SUM-472-33817483800989038009848,Harwich Ln,,,Summit Township,42.215456687838994,-84.46449115388147,0.041033,2,Asphalt,Local,65,2026-08-16,Medium,1000,10,Moderate,Crack Seal,1,provisional,Michigan GIS Open Data + Paventra rehearsal assumptions,2026-08-16
SUM-ROAD-473,SUM-473-9039053800989038009876,Pine Crest Dr,,,Summit Township,42.215456687838994,-84.46449115388147,0.030449,2,Asphalt,Local,65,2026-08-16,Medium,1000,10,Moderate,Crack Seal,1,provisional,Michigan GIS Open Data + Paventra rehearsal assumptions,2026-08-16
SUM-ROAD-474,SUM-474-9040023800989338009888,Leland Dr,,,Summit Township,42.21513435831664,-84.44588100545498,0.166342,2,Asphalt,Local,65,2026-08-16,Medium,1000,10,Moderate,Crack Seal,1,provisional,Michigan GIS Open Data + Paventra rehearsal assumptions,2026-08-16
SUM-ROAD-475,SUM-475-9039093800989338009780,Loren Dr,,,Summit Township,42.21513435831664,-84.44588100545498,0.133734,2,Asphalt,Local,65,2026-08-16,Medium,1000,10,Moderate,Crack Seal,1,provisional,Michigan GIS Open Data + Paventra rehearsal assumptions,2026-08-16
SUM-ROAD-476,SUM-476-9039033800990238009783,Kibby Rd,,,Summit Township,42.2148565558975,-84.44084626021377,0.151833,2,Asphalt,Local,65,2026-08-16,Medium,1000,10,Moderate,Crack Seal,1,provisional,Michigan GIS Open Data + Paventra rehearsal assumptions,2026-08-16
SUM-ROAD-477,SUM-477-9040023800988838009902,Leland Dr,,,Summit Township,42.215178552581506,-84.44263818515607,0.097017,2,Asphalt,Local,65,2026-08-16,Medium,1000,10,Moderate,Crack Seal,1,provisional,Michigan GIS Open Data + Paventra rehearsal assumptions,2026-08-16
SUM-ROAD-478,SUM-478-33811293801751038009670,Jackson Intercity Bike Trl,,,Summit Township,42.21472192028195,-84.4342605815816,0.382091,2,Asphalt,Local,65,2026-08-16,Medium,1000,10,Moderate,Crack Seal,1,provisional,Michigan GIS Open Data + Paventra rehearsal assumptions,2026-08-16
SUM-ROAD-479,SUM-479-33817493800989038009942,Harwich Ln,,,Summit Township,42.215456687838994,-84.46449115388147,0.116705,2,Asphalt,Local,65,2026-08-16,Medium,1000,10,Moderate,Crack Seal,1,provisional,Michigan GIS Open Data + Paventra rehearsal assumptions,2026-08-16
SUM-ROAD-480,SUM-480-33817473800994238018415,Allston Dr,,,Summit Township,42.21476174251947,-84.46650563401582,0.051759,2,Asphalt,Local,65,2026-08-16,Medium,1000,10,Moderate,Crack Seal,1,provisional,Michigan GIS Open Data + Paventra rehearsal assumptions,2026-08-16
SUM-ROAD-481,SUM-481-33817493800994238009941,Harwich Ln,,,Summit Township,42.21476174251947,-84.46650563401582,0.032035,2,Asphalt,Local,65,2026-08-16,Medium,1000,10,Moderate,Crack Seal,1,provisional,Michigan GIS Open Data + Paventra rehearsal assumptions,2026-08-16
SUM-ROAD-482,SUM-482-9067063800994038009914,Eastlane Dr,,,Summit Township,42.21420383416185,-84.42861996704019,0.036928,2,Asphalt,Local,65,2026-08-16,Medium,1000,10,Moderate,Crack Seal,1,provisional,Michigan GIS Open Data + Paventra rehearsal assumptions,2026-08-16
SUM-ROAD-483,SUM-483-9039033800994438009902,Kibby Rd,,,Summit Township,42.21431614550063,-84.44126799433225,0.043104,2,Asphalt,Local,65,2026-08-16,Medium,1000,10,Moderate,Crack Seal,1,provisional,Michigan GIS Open Data + Paventra rehearsal assumptions,2026-08-16
SUM-ROAD-484,SUM-484-33817463800994538009928,Allston Dr,,,Summit Township,42.21462619593892,-84.4637503946975,0.029986,2,Asphalt,Local,65,2026-08-16,Medium,1000,10,Moderate,Crack Seal,1,provisional,Michigan GIS Open Data + Paventra rehearsal assumptions,2026-08-16
SUM-ROAD-485,SUM-485-9039053800994538009890,Pine Crest Dr,,,Summit Township,42.21462619593892,-84.4637503946975,0.068749,2,Asphalt,Local,65,2026-08-16,Medium,1000,10,Moderate,Crack Seal,1,provisional,Michigan GIS Open Data + Paventra rehearsal assumptions,2026-08-16
SUM-ROAD-486,SUM-486-9040013800995638009918,Jericho Rd,,,Summit Township,42.21407949888577,-84.4368120044715,0.067204,2,Asphalt,Local,65,2026-08-16,Medium,1000,10,Moderate,Crack Seal,1,provisional,Michigan GIS Open Data + Paventra rehearsal assumptions,2026-08-16
SUM-ROAD-487,SUM-487-9067013800995638009937,Devonshire Rd,,,Summit Township,42.21407949888577,-84.4368120044715,0.037879,2,Asphalt,Local,65,2026-08-16,Medium,1000,10,Moderate,Crack Seal,1,provisional,Michigan GIS Open Data + Paventra rehearsal assumptions,2026-08-16
SUM-ROAD-488,SUM-488-9040013800995838009956,Jericho Rd,,,Summit Township,42.214056317188856,-84.43772708530301,0.047019,2,Asphalt,Local,65,2026-08-16,Medium,1000,10,Moderate,Crack Seal,1,provisional,Michigan GIS Open Data + Paventra rehearsal assumptions,2026-08-16
SUM-ROAD-489,SUM-489-9040013800994438009958,Jericho Rd,,,Summit Township,42.21431614550063,-84.44126799433225,0.185588,2,Asphalt,Local,65,2026-08-16,Medium,1000,10,Moderate,Crack Seal,1,provisional,Michigan GIS Open Data + Paventra rehearsal assumptions,2026-08-16
SUM-ROAD-490,SUM-490-9067083800996638009940,Hampton Dr,,,Summit Township,42.21389845563256,-84.43234593409281,0.194648,2,Asphalt,Local,65,2026-08-16,Medium,1000,10,Moderate,Crack Seal,1,provisional,Michigan GIS Open Data + Paventra rehearsal assumptions,2026-08-16
SUM-ROAD-491,SUM-491-9067053800996638009943,Westlane Dr,,,Summit Township,42.21389845563256,-84.43234593409281,0.029996,2,Asphalt,Local,65,2026-08-16,Medium,1000,10,Moderate,Crack Seal,1,provisional,Michigan GIS Open Data + Paventra rehearsal assumptions,2026-08-16
SUM-ROAD-492,SUM-492-9039063800996938009953,Blue Ln,,,Summit Township,42.21411458365118,-84.45604843522023,0.034497,2,Asphalt,Local,65,2026-08-16,Medium,1000,10,Moderate,Crack Seal,1,provisional,Michigan GIS Open Data + Paventra rehearsal assumptions,2026-08-16
SUM-ROAD-493,SUM-493-9067103800996938009968,Dresden Dr,,,Summit Township,42.21411458365118,-84.45604843522023,0.035363,2,Asphalt,Local,65,2026-08-16,Medium,1000,10,Moderate,Crack Seal,1,provisional,Michigan GIS Open Data + Paventra rehearsal assumptions,2026-08-16
SUM-ROAD-494,SUM-494-9067103800997038009969,Dresden Dr,,,Summit Township,42.214102688469644,-84.4573492340242,0.06672,2,Asphalt,Local,65,2026-08-16,Medium,1000,10,Moderate,Crack Seal,1,provisional,Michigan GIS Open Data + Paventra rehearsal assumptions,2026-08-16
SUM-ROAD-495,SUM-495-8998063800997038009166,Robinson Rd,,,Summit Township,42.214102688469644,-84.4573492340242,1.003219,2,Asphalt,Local,65,2026-08-16,Medium,1000,10,Moderate,Crack Seal,1,provisional,Michigan GIS Open Data + Paventra rehearsal assumptions,2026-08-16
SUM-ROAD-496,SUM-496-9066203800995838010006,Samaritan Dr,,,Summit Township,42.214056317188856,-84.43772708530301,0.044644,2,Asphalt,Local,65,2026-08-16,Medium,1000,10,Moderate,Crack Seal,1,provisional,Michigan GIS Open Data + Paventra rehearsal assumptions,2026-08-16
SUM-ROAD-497,SUM-497-9067063800998838009940,Eastlane Dr,,,Summit Township,42.213265477153406,-84.42861407857438,0.064741,2,Asphalt,Local,65,2026-08-16,Medium,1000,10,Moderate,Crack Seal,1,provisional,Michigan GIS Open Data + Paventra rehearsal assumptions,2026-08-16
SUM-ROAD-498,SUM-498-9066203801000638020095,Samaritan Dr,,,Summit Township,42.21341598428438,-84.43778026667052,0.117096,2,Asphalt,Local,65,2026-08-16,Medium,1000,10,Moderate,Crack Seal,1,provisional,Michigan GIS Open Data + Paventra rehearsal assumptions,2026-08-16
SUM-ROAD-499,SUM-499-9067073801003138009988,Winston Dr,,,Summit Township,42.21295023363538,-84.43233815954304,0.194039,2,Asphalt,Local,65,2026-08-16,Medium,1000,10,Moderate,Crack Seal,1,provisional,Michigan GIS Open Data + Paventra rehearsal assumptions,2026-08-16
SUM-ROAD-500,SUM-500-9067053801003138009966,Westlane Dr,,,Summit Township,42.21295023363538,-84.43233815954304,0.065422,2,Asphalt,Local,65,2026-08-16,Medium,1000,10,Moderate,Crack Seal,1,provisional,Michigan GIS Open Data + Paventra rehearsal assumptions,2026-08-16
SUM-ROAD-501,SUM-501-9067093801003238009888,Lee Willa Dr,,,Summit Township,42.213084805142614,-84.44411803035655,0.169259,2,Asphalt,Local,65,2026-08-16,Medium,1000,10,Moderate,Crack Seal,1,provisional,Michigan GIS Open Data + Paventra rehearsal assumptions,2026-08-16
SUM-ROAD-502,SUM-502-9039093801003238009893,Loren Dr,,,Summit Township,42.213084805142614,-84.44411803035655,0.174216,2,Asphalt,Local,65,2026-08-16,Medium,1000,10,Moderate,Crack Seal,1,provisional,Michigan GIS Open Data + Paventra rehearsal assumptions,2026-08-16
SUM-ROAD-503,SUM-503-33817473800994538010035,Allston Dr,,,Summit Township,42.21462619593892,-84.4637503946975,0.151261,2,Asphalt,Local,65,2026-08-16,Medium,1000,10,Moderate,Crack Seal,1,provisional,Michigan GIS Open Data + Paventra rehearsal assumptions,2026-08-16
SUM-ROAD-504,SUM-504-33817473801003538009942,Allston Dr,,,Summit Township,42.21335213741687,-84.46583560550886,0.122675,2,Asphalt,Local,65,2026-08-16,Medium,1000,10,Moderate,Crack Seal,1,provisional,Michigan GIS Open Data + Paventra rehearsal assumptions,2026-08-16
SUM-ROAD-505,SUM-505-9039083801006738010034,Jamaica Dr,,,Summit Township,42.21268078278899,-84.44588018404586,0.031528,2,Asphalt,Local,65,2026-08-16,Medium,1000,10,Moderate,Crack Seal,1,provisional,Michigan GIS Open Data + Paventra rehearsal assumptions,2026-08-16
SUM-ROAD-506,SUM-506-9039033801005838009944,Kibby Rd,,,Summit Township,42.21263408769471,-84.44269751005554,0.137284,2,Asphalt,Local,65,2026-08-16,Medium,1000,10,Moderate,Crack Seal,1,provisional,Michigan GIS Open Data + Paventra rehearsal assumptions,2026-08-16
SUM-ROAD-507,SUM-507-9068013801006938010067,Tulsa Dr,,,Summit Township,42.21269265581043,-84.44833637057236,0.125978,2,Asphalt,Local,65,2026-08-16,Medium,1000,10,Moderate,Crack Seal,1,provisional,Michigan GIS Open Data + Paventra rehearsal assumptions,2026-08-16
SUM-ROAD-508,SUM-508-9039073801006938009933,Agnes St,,,Summit Township,42.21269265581043,-84.44833637057236,0.130415,2,Asphalt,Local,65,2026-08-16,Medium,1000,10,Moderate,Crack Seal,1,provisional,Michigan GIS Open Data + Paventra rehearsal assumptions,2026-08-16
SUM-ROAD-509,SUM-509-9068193801003538018412,Salem Way,,,Summit Township,42.21335213741687,-84.46583560550886,0.034659,2,Asphalt,Local,65,2026-08-16,Medium,1000,10,Moderate,Crack Seal,1,provisional,Michigan GIS Open Data + Paventra rehearsal assumptions,2026-08-16
SUM-ROAD-510,SUM-510-9067063801008538009988,Eastlane Dr,,,Summit Township,42.21204768736277,-84.4301868178463,0.142649,2,Asphalt,Local,65,2026-08-16,Medium,1000,10,Moderate,Crack Seal,1,provisional,Michigan GIS Open Data + Paventra rehearsal assumptions,2026-08-16
SUM-ROAD-511,SUM-511-9039033801008638010058,Kibby Rd,,,Summit Township,42.21220837709351,-84.44349799747317,0.05048,2,Asphalt,Local,65,2026-08-16,Medium,1000,10,Moderate,Crack Seal,1,provisional,Michigan GIS Open Data + Paventra rehearsal assumptions,2026-08-16
SUM-ROAD-512,SUM-512-9039093801008638010032,Loren Dr,,,Summit Township,42.21220837709351,-84.44349799747317,0.070012,2,Asphalt,Local,65,2026-08-16,Medium,1000,10,Moderate,Crack Seal,1,provisional,Michigan GIS Open Data + Paventra rehearsal assumptions,2026-08-16
SUM-ROAD-513,SUM-513-9067053801008538010087,Westlane Dr,,,Summit Township,42.21204768736277,-84.4301868178463,0.006672,2,Asphalt,Local,65,2026-08-16,Medium,1000,10,Moderate,Crack Seal,1,provisional,Michigan GIS Open Data + Paventra rehearsal assumptions,2026-08-16
SUM-ROAD-514,SUM-514-9067053801008738010031,Westlane Dr,,,Summit Township,42.21201842232214,-84.43030883049818,0.164743,2,Asphalt,Local,65,2026-08-16,Medium,1000,10,Moderate,Crack Seal,1,provisional,Michigan GIS Open Data + Paventra rehearsal assumptions,2026-08-16
SUM-ROAD-515,SUM-515-9068193801841238010073,Salem Way,,,Summit Township,42.21284978883068,-84.4658395153258,0.026446,2,Asphalt,Local,65,2026-08-16,Medium,1000,10,Moderate,Crack Seal,1,provisional,Michigan GIS Open Data + Paventra rehearsal assumptions,2026-08-16
SUM-ROAD-516,SUM-516-9039033801010638010086,Kibby Rd,,,Summit Township,42.21186313417075,-84.44417528276375,0.04212,2,Asphalt,Local,65,2026-08-16,Medium,1000,10,Moderate,Crack Seal,1,provisional,Michigan GIS Open Data + Paventra rehearsal assumptions,2026-08-16
SUM-ROAD-517,SUM-517-9039033801883738010106,Kibby Rd,,,Summit Township,42.21166129826173,-84.44493773108441,0.042009,2,Asphalt,Local,65,2026-08-16,Medium,1000,10,Moderate,Crack Seal,1,provisional,Michigan GIS Open Data + Paventra rehearsal assumptions,2026-08-16
SUM-ROAD-518,SUM-518-9039033801011838018837,Kibby Rd,,,Summit Township,42.211658142444314,-84.44587949913642,0.048318,2,Asphalt,Local,65,2026-08-16,Medium,1000,10,Moderate,Crack Seal,1,provisional,Michigan GIS Open Data + Paventra rehearsal assumptions,2026-08-16
SUM-ROAD-519,SUM-519-9039083801011838010067,Jamaica Dr,,,Summit Township,42.211658142444314,-84.44587949913642,0.070555,2,Asphalt,Local,65,2026-08-16,Medium,1000,10,Moderate,Crack Seal,1,provisional,Michigan GIS Open Data + Paventra rehearsal assumptions,2026-08-16
SUM-ROAD-520,SUM-520-9039033801011938010118,Kibby Rd,,,Summit Township,42.211648478119564,-84.44835507404736,0.126973,2,Asphalt,Local,65,2026-08-16,Medium,1000,10,Moderate,Crack Seal,1,provisional,Michigan GIS Open Data + Paventra rehearsal assumptions,2026-08-16
SUM-ROAD-521,SUM-521-9039073801011938010069,Agnes St,,,Summit Township,42.211648478119564,-84.44835507404736,0.072047,2,Asphalt,Local,65,2026-08-16,Medium,1000,10,Moderate,Crack Seal,1,provisional,Michigan GIS Open Data + Paventra rehearsal assumptions,2026-08-16
SUM-ROAD-522,SUM-522-9039103801014838010138,Park Rd,,,Summit Township,42.211052955502694,-84.42819296160486,0.225403,2,Asphalt,Local,65,2026-08-16,Medium,1000,10,Moderate,Crack Seal,1,provisional,Michigan GIS Open Data + Paventra rehearsal assumptions,2026-08-16
SUM-ROAD-523,SUM-523-9039103801014938010148,Park Rd,,,Summit Township,42.21104168254651,-84.42872805381276,0.027456,2,Asphalt,Local,65,2026-08-16,Medium,1000,10,Moderate,Crack Seal,1,provisional,Michigan GIS Open Data + Paventra rehearsal assumptions,2026-08-16
SUM-ROAD-524,SUM-524-9039103801015438010149,Park Rd,,,Summit Township,42.21104512601631,-84.43018606653165,0.074782,2,Asphalt,Local,65,2026-08-16,Medium,1000,10,Moderate,Crack Seal,1,provisional,Michigan GIS Open Data + Paventra rehearsal assumptions,2026-08-16
SUM-ROAD-525,SUM-525-9067043801015438010085,Roosevelt Rd,,,Summit Township,42.21104512601631,-84.43018606653165,0.06917,2,Asphalt,Local,65,2026-08-16,Medium,1000,10,Moderate,Crack Seal,1,provisional,Michigan GIS Open Data + Paventra rehearsal assumptions,2026-08-16
SUM-ROAD-526,SUM-526-9039103801015538010154,Park Rd,,,Summit Township,42.21103691186903,-84.43030853962425,0.006307,2,Asphalt,Local,65,2026-08-16,Medium,1000,10,Moderate,Crack Seal,1,provisional,Michigan GIS Open Data + Paventra rehearsal assumptions,2026-08-16
SUM-ROAD-527,SUM-527-9054103801015538010087,Roosevelt Rd,,,Summit Township,42.21103691186903,-84.43030853962425,0.067784,2,Asphalt,Local,65,2026-08-16,Medium,1000,10,Moderate,Crack Seal,1,provisional,Michigan GIS Open Data + Paventra rehearsal assumptions,2026-08-16
SUM-ROAD-528,SUM-528-9039103801016138010155,Park Rd,,,Summit Township,42.21100388936513,-84.43199036968014,0.086292,2,Asphalt,Local,65,2026-08-16,Medium,1000,10,Moderate,Crack Seal,1,provisional,Michigan GIS Open Data + Paventra rehearsal assumptions,2026-08-16
SUM-ROAD-529,SUM-529-9039103801016338010161,Park Rd,,,Summit Township,42.21100999475578,-84.43331580000135,0.067983,2,Asphalt,Local,65,2026-08-16,Medium,1000,10,Moderate,Crack Seal,1,provisional,Michigan GIS Open Data + Paventra rehearsal assumptions,2026-08-16
SUM-ROAD-530,SUM-530-9039103801016638010163,Park Rd,,,Summit Township,42.21100360835105,-84.43438681596906,0.054934,2,Asphalt,Local,65,2026-08-16,Medium,1000,10,Moderate,Crack Seal,1,provisional,Michigan GIS Open Data + Paventra rehearsal assumptions,2026-08-16
SUM-ROAD-531,SUM-531-9039103801017138010166,Park Rd,,,Summit Township,42.21099147214812,-84.43543540049104,0.053789,2,Asphalt,Local,65,2026-08-16,Medium,1000,10,Moderate,Crack Seal,1,provisional,Michigan GIS Open Data + Paventra rehearsal assumptions,2026-08-16
SUM-ROAD-532,SUM-532-9039103801017338010171,Park Rd,,,Summit Township,42.210985449955515,-84.43662093085402,0.060808,2,Asphalt,Local,65,2026-08-16,Medium,1000,10,Moderate,Crack Seal,1,provisional,Michigan GIS Open Data + Paventra rehearsal assumptions,2026-08-16
SUM-ROAD-533,SUM-533-9039103801017638010173,Park Rd,,,Summit Township,42.21098527022927,-84.4381801821085,0.079974,2,Asphalt,Local,65,2026-08-16,Medium,1000,10,Moderate,Crack Seal,1,provisional,Michigan GIS Open Data + Paventra rehearsal assumptions,2026-08-16
SUM-ROAD-534,SUM-534-9039103801017938010176,Park Rd,,,Summit Township,42.210983491299615,-84.44025583769739,0.106461,2,Asphalt,Local,65,2026-08-16,Medium,1000,10,Moderate,Crack Seal,1,provisional,Michigan GIS Open Data + Paventra rehearsal assumptions,2026-08-16
SUM-ROAD-535,SUM-535-33811293801017938017510,Jackson Intercity Bike Trl,,,Summit Township,42.210983491299615,-84.44025583769739,0.401341,2,Asphalt,Local,65,2026-08-16,Medium,1000,10,Moderate,Crack Seal,1,provisional,Michigan GIS Open Data + Paventra rehearsal assumptions,2026-08-16
SUM-ROAD-536,SUM-536-9039103801018038010179,Park Rd,,,Summit Township,42.210891468831456,-84.4423211745591,0.106377,2,Asphalt,Local,65,2026-08-16,Medium,1000,10,Moderate,Crack Seal,1,provisional,Michigan GIS Open Data + Paventra rehearsal assumptions,2026-08-16
SUM-ROAD-537,SUM-537-9039103801005838010180,Weatherwax Dr,,,Summit Township,42.21263408769471,-84.44269751005554,0.124631,2,Asphalt,Local,65,2026-08-16,Medium,1000,10,Moderate,Crack Seal,1,provisional,Michigan GIS Open Data + Paventra rehearsal assumptions,2026-08-16
SUM-ROAD-538,SUM-538-9039033801018738010119,Kibby Rd,,,Summit Township,42.21100207161331,-84.45602280088022,0.400713,2,Asphalt,Local,65,2026-08-16,Medium,1000,10,Moderate,Crack Seal,1,provisional,Michigan GIS Open Data + Paventra rehearsal assumptions,2026-08-16
SUM-ROAD-539,SUM-539-9039063801018738009969,Blue Ln,,,Summit Township,42.21100207161331,-84.45602280088022,0.214745,2,Asphalt,Local,65,2026-08-16,Medium,1000,10,Moderate,Crack Seal,1,provisional,Michigan GIS Open Data + Paventra rehearsal assumptions,2026-08-16
SUM-ROAD-540,SUM-540-9039033801018838010187,Kibby Rd,,,Summit Township,42.21094574304973,-84.45707980963708,0.054474,2,Asphalt,Local,65,2026-08-16,Medium,1000,10,Moderate,Crack Seal,1,provisional,Michigan GIS Open Data + Paventra rehearsal assumptions,2026-08-16
SUM-ROAD-541,SUM-541-8998063801018838009970,Robinson Rd,,,Summit Township,42.21094574304973,-84.45707980963708,0.223278,2,Asphalt,Local,65,2026-08-16,Medium,1000,10,Moderate,Crack Seal,1,provisional,Michigan GIS Open Data + Paventra rehearsal assumptions,2026-08-16
SUM-ROAD-542,SUM-542-9039053801019538009945,Pine Crest Dr,,,Summit Township,42.21092756239425,-84.46336860290207,0.259514,2,Asphalt,Local,65,2026-08-16,Medium,1000,10,Moderate,Crack Seal,1,provisional,Michigan GIS Open Data + Paventra rehearsal assumptions,2026-08-16
SUM-ROAD-543,SUM-543-9039033801019338010195,Kibby Rd,,,Summit Township,42.21097907377447,-84.46714948350807,0.194076,2,Asphalt,Local,65,2026-08-16,Medium,1000,10,Moderate,Crack Seal,1,provisional,Michigan GIS Open Data + Paventra rehearsal assumptions,2026-08-16
SUM-ROAD-544,SUM-544-9039033801020138010193,Kibby Rd,,,Summit Township,42.211055209790416,-84.48234156195387,0.779243,2,Asphalt,Local,65,2026-08-16,Medium,1000,10,Moderate,Crack Seal,1,provisional,Michigan GIS Open Data + Paventra rehearsal assumptions,2026-08-16
SUM-ROAD-545,SUM-545-9039033801019538010211,Kibby Rd,,,Summit Township,42.21092756239425,-84.46336860290207,0.055333,2,Asphalt,Local,65,2026-08-16,Medium,1000,10,Moderate,Crack Seal,1,provisional,Michigan GIS Open Data + Paventra rehearsal assumptions,2026-08-16
SUM-ROAD-546,SUM-546-9039033801732638010188,Kibby Rd,,,Summit Township,42.21058882817893,-84.45942850747603,0.123147,2,Asphalt,Local,65,2026-08-16,Medium,1000,10,Moderate,Crack Seal,1,provisional,Michigan GIS Open Data + Paventra rehearsal assumptions,2026-08-16
SUM-ROAD-547,SUM-547-9039033801021138017326,Kibby Rd,,,Summit Township,42.21067166340057,-84.46234684997376,0.149793,2,Asphalt,Local,65,2026-08-16,Medium,1000,10,Moderate,Crack Seal,1,provisional,Michigan GIS Open Data + Paventra rehearsal assumptions,2026-08-16
SUM-ROAD-548,SUM-548-33811293801022038010179,Jackson Intercity Bike Trl,,,Summit Township,42.21014326530769,-84.4416173020819,0.090757,2,Asphalt,Local,65,2026-08-16,Medium,1000,10,Moderate,Crack Seal,1,provisional,Michigan GIS Open Data + Paventra rehearsal assumptions,2026-08-16
SUM-ROAD-549,SUM-549-19081043801018038010220,Weatherwax Dr,,,Summit Township,42.210891468831456,-84.4423211745591,0.063265,2,Asphalt,Local,65,2026-08-16,Medium,1000,10,Moderate,Crack Seal,1,provisional,Michigan GIS Open Data + Paventra rehearsal assumptions,2026-08-16
SUM-ROAD-550,SUM-550-9066033801022338010173,Ranch Blvd,,,Summit Township,42.21002638011908,-84.43663820013334,0.066175,2,Asphalt,Local,65,2026-08-16,Medium,1000,10,Moderate,Crack Seal,1,provisional,Michigan GIS Open Data + Paventra rehearsal assumptions,2026-08-16
SUM-ROAD-551,SUM-551-33801243801022338010224,N Argus Ct,,,Summit Township,42.21002638011908,-84.43663820013334,0.066606,2,Asphalt,Local,65,2026-08-16,Medium,1000,10,Moderate,Crack Seal,1,provisional,Michigan GIS Open Data + Paventra rehearsal assumptions,2026-08-16
SUM-ROAD-552,SUM-552-9039043801026938010193,Dibble Rd,,,Summit Township,42.20974002505547,-84.46713825768904,0.085488,2,Asphalt,Local,65,2026-08-16,Medium,1000,10,Moderate,Crack Seal,1,provisional,Michigan GIS Open Data + Paventra rehearsal assumptions,2026-08-16
SUM-ROAD-553,SUM-553-33809213801026938017331,Joey Dr,,,Summit Township,42.20974002505547,-84.46713825768904,0.079828,2,Asphalt,Local,65,2026-08-16,Medium,1000,10,Moderate,Crack Seal,1,provisional,Michigan GIS Open Data + Paventra rehearsal assumptions,2026-08-16
SUM-ROAD-554,SUM-554-33811063801883738025607,Natural Ln,,,Summit Township,42.21166129826173,-84.44493773108441,0.311243,2,Asphalt,Local,65,2026-08-16,Medium,1000,10,Moderate,Crack Seal,1,provisional,Michigan GIS Open Data + Paventra rehearsal assumptions,2026-08-16
SUM-ROAD-555,SUM-555-33801243801028838010286,S Argus Ct,,,Summit Township,42.20909580551277,-84.43662269687138,0.02812,2,Asphalt,Local,65,2026-08-16,Medium,1000,10,Moderate,Crack Seal,1,provisional,Michigan GIS Open Data + Paventra rehearsal assumptions,2026-08-16
SUM-ROAD-556,SUM-556-9066033801028838010223,Ranch Blvd,,,Summit Township,42.20909580551277,-84.43662269687138,0.064208,2,Asphalt,Local,65,2026-08-16,Medium,1000,10,Moderate,Crack Seal,1,provisional,Michigan GIS Open Data + Paventra rehearsal assumptions,2026-08-16
SUM-ROAD-557,SUM-557-33811063802560738018838,Natural Ln,,,Summit Township,42.2093326417169,-84.44452425734359,0.013882,2,Asphalt,Local,65,2026-08-16,Medium,1000,10,Moderate,Crack Seal,1,provisional,Michigan GIS Open Data + Paventra rehearsal assumptions,2026-08-16
SUM-ROAD-558,SUM-558-33801243801029138010288,S Argus Ct,,,Summit Township,42.20908581459091,-84.43777117797514,0.058912,2,Asphalt,Local,65,2026-08-16,Medium,1000,10,Moderate,Crack Seal,1,provisional,Michigan GIS Open Data + Paventra rehearsal assumptions,2026-08-16
SUM-ROAD-559,SUM-559-33801243801022438010291,W Argus Ct,,,Summit Township,42.210006845396734,-84.43793318216156,0.072127,2,Asphalt,Local,65,2026-08-16,Medium,1000,10,Moderate,Crack Seal,1,provisional,Michigan GIS Open Data + Paventra rehearsal assumptions,2026-08-16
SUM-ROAD-560,SUM-560-9066033801030938010288,Ranch Blvd,,,Summit Township,42.20858095830363,-84.43661855881868,0.035526,2,Asphalt,Local,65,2026-08-16,Medium,1000,10,Moderate,Crack Seal,1,provisional,Michigan GIS Open Data + Paventra rehearsal assumptions,2026-08-16
SUM-ROAD-561,SUM-561-19081043801022038010312,Weatherwax Dr,,,Summit Township,42.21014326530769,-84.4416173020819,0.1553,2,Asphalt,Local,65,2026-08-16,Medium,1000,10,Moderate,Crack Seal,1,provisional,Michigan GIS Open Data + Paventra rehearsal assumptions,2026-08-16
SUM-ROAD-562,SUM-562-33809203801733038017326,Whispering Woods Dr,,,Summit Township,42.208636502500426,-84.45944751761112,0.1347,2,Asphalt,Local,65,2026-08-16,Medium,1000,10,Moderate,Crack Seal,1,provisional,Michigan GIS Open Data + Paventra rehearsal assumptions,2026-08-16
SUM-ROAD-563,SUM-563-9029093801035338010138,Horton Rd,,,Summit Township,42.20793678119675,-84.42868057275335,0.330771,2,Asphalt,Local,65,2026-08-16,Medium,1000,10,Moderate,Crack Seal,1,provisional,Michigan GIS Open Data + Paventra rehearsal assumptions,2026-08-16
SUM-ROAD-564,SUM-564-33800783801035338010149,Coolidge Rd,,,Summit Township,42.20793678119675,-84.42868057275335,0.21423,2,Asphalt,Local,65,2026-08-16,Medium,1000,10,Moderate,Crack Seal,1,provisional,Michigan GIS Open Data + Paventra rehearsal assumptions,2026-08-16
SUM-ROAD-565,SUM-565-03801659938010220,Unnamed Road,,,Summit Township,42.20802204445821,-84.44495075487434,0.22506,2,Asphalt,Local,65,2026-08-16,Medium,1000,10,Moderate,Crack Seal,1,provisional,Michigan GIS Open Data + Paventra rehearsal assumptions,2026-08-16
SUM-ROAD-566,SUM-566-9029093801036638010353,Horton Rd,,,Summit Township,42.207792000763384,-84.42887247760173,0.014024,2,Asphalt,Local,65,2026-08-16,Medium,1000,10,Moderate,Crack Seal,1,provisional,Michigan GIS Open Data + Paventra rehearsal assumptions,2026-08-16
SUM-ROAD-567,SUM-567-9066073801039238010163,Acacia Blvd,,,Summit Township,42.20749264878123,-84.4333120562605,0.243017,2,Asphalt,Local,65,2026-08-16,Medium,1000,10,Moderate,Crack Seal,1,provisional,Michigan GIS Open Data + Paventra rehearsal assumptions,2026-08-16
SUM-ROAD-568,SUM-568-9066053801039438010392,Fisher St,,,Summit Township,42.20746505120676,-84.43433476766678,0.052932,2,Asphalt,Local,65,2026-08-16,Medium,1000,10,Moderate,Crack Seal,1,provisional,Michigan GIS Open Data + Paventra rehearsal assumptions,2026-08-16
SUM-ROAD-569,SUM-569-9066063801039438010166,Tracey Dr,,,Summit Township,42.20746505120676,-84.43433476766678,0.24415,2,Asphalt,Local,65,2026-08-16,Medium,1000,10,Moderate,Crack Seal,1,provisional,Michigan GIS Open Data + Paventra rehearsal assumptions,2026-08-16
SUM-ROAD-570,SUM-570-9066053801039638010394,Fisher St,,,Summit Township,42.207465812297315,-84.43539588923232,0.054428,2,Asphalt,Local,65,2026-08-16,Medium,1000,10,Moderate,Crack Seal,1,provisional,Michigan GIS Open Data + Paventra rehearsal assumptions,2026-08-16
SUM-ROAD-571,SUM-571-9066043801039638010171,Cambridge Ave,,,Summit Township,42.207465812297315,-84.43539588923232,0.243254,2,Asphalt,Local,65,2026-08-16,Medium,1000,10,Moderate,Crack Seal,1,provisional,Michigan GIS Open Data + Paventra rehearsal assumptions,2026-08-16
SUM-ROAD-572,SUM-572-54985563801039683026950,Fisher St,,,Summit Township,42.207465812297315,-84.43539588923232,0.023112,2,Asphalt,Local,65,2026-08-16,Medium,1000,10,Moderate,Crack Seal,1,provisional,Michigan GIS Open Data + Paventra rehearsal assumptions,2026-08-16
SUM-ROAD-573,SUM-573-33809183801841038017330,E Primilia Ln,,,Summit Township,42.207314651957134,-84.45826698551322,0.120265,2,Asphalt,Local,65,2026-08-16,Medium,1000,10,Moderate,Crack Seal,1,provisional,Michigan GIS Open Data + Paventra rehearsal assumptions,2026-08-16
SUM-ROAD-574,SUM-574-9029093801045138010366,Horton Rd,,,Summit Township,42.2067693674189,-84.4302918444091,0.101382,2,Asphalt,Local,65,2026-08-16,Medium,1000,10,Moderate,Crack Seal,1,provisional,Michigan GIS Open Data + Paventra rehearsal assumptions,2026-08-16
SUM-ROAD-575,SUM-575-9054103801045138010155,Roosevelt Rd,,,Summit Township,42.2067693674189,-84.4302918444091,0.294848,2,Asphalt,Local,65,2026-08-16,Medium,1000,10,Moderate,Crack Seal,1,provisional,Michigan GIS Open Data + Paventra rehearsal assumptions,2026-08-16
SUM-ROAD-576,SUM-576-33800773801036638018403,Greenbriar St,,,Summit Township,42.207792000763384,-84.42887247760173,0.097917,2,Asphalt,Local,65,2026-08-16,Medium,1000,10,Moderate,Crack Seal,1,provisional,Michigan GIS Open Data + Paventra rehearsal assumptions,2026-08-16
SUM-ROAD-577,SUM-577-33800773801840338010456,Greenbriar St,,,Summit Township,42.206574947241975,-84.42858007793264,0.010809,2,Asphalt,Local,65,2026-08-16,Medium,1000,10,Moderate,Crack Seal,1,provisional,Michigan GIS Open Data + Paventra rehearsal assumptions,2026-08-16
SUM-ROAD-578,SUM-578-03801049438016599,Unnamed Road,,,Summit Township,42.206045831385396,-84.44810484285784,0.211575,2,Asphalt,Local,65,2026-08-16,Medium,1000,10,Moderate,Crack Seal,1,provisional,Michigan GIS Open Data + Paventra rehearsal assumptions,2026-08-16
SUM-ROAD-579,SUM-579-9054103801049738010451,Roosevelt Rd,,,Summit Township,42.205776798561786,-84.43027904482707,0.068483,2,Asphalt,Local,65,2026-08-16,Medium,1000,10,Moderate,Crack Seal,1,provisional,Michigan GIS Open Data + Paventra rehearsal assumptions,2026-08-16
SUM-ROAD-580,SUM-580-9029093801050738010451,Horton Rd,,,Summit Township,42.20556782801976,-84.4319225321628,0.117766,2,Asphalt,Local,65,2026-08-16,Medium,1000,10,Moderate,Crack Seal,1,provisional,Michigan GIS Open Data + Paventra rehearsal assumptions,2026-08-16
SUM-ROAD-581,SUM-581-9054093801050738010161,Harding Rd,,,Summit Township,42.20556782801976,-84.4319225321628,0.37507,2,Asphalt,Local,65,2026-08-16,Medium,1000,10,Moderate,Crack Seal,1,provisional,Michigan GIS Open Data + Paventra rehearsal assumptions,2026-08-16
SUM-ROAD-582,SUM-582-9066083801051538010497,Roosevelt Cir,,,Summit Township,42.20548816305486,-84.43072730138064,0.031156,2,Asphalt,Local,65,2026-08-16,Medium,1000,10,Moderate,Crack Seal,1,provisional,Michigan GIS Open Data + Paventra rehearsal assumptions,2026-08-16
SUM-ROAD-583,SUM-583-9068033801056938010537,Sheffield Dr,,,Summit Township,42.205022342917545,-84.44849335410584,0.053248,2,Asphalt,Local,65,2026-08-16,Medium,1000,10,Moderate,Crack Seal,1,provisional,Michigan GIS Open Data + Paventra rehearsal assumptions,2026-08-16
SUM-ROAD-584,SUM-584-9066093801049738010515,Roosevelt Cir,,,Summit Township,42.205776798561786,-84.43027904482707,0.29372,2,Asphalt,Local,65,2026-08-16,Medium,1000,10,Moderate,Crack Seal,1,provisional,Michigan GIS Open Data + Paventra rehearsal assumptions,2026-08-16
SUM-ROAD-585,SUM-585-9029093801060838010507,Horton Rd,,,Summit Township,42.20435683840375,-84.43359611628094,0.119792,2,Asphalt,Local,65,2026-08-16,Medium,1000,10,Moderate,Crack Seal,1,provisional,Michigan GIS Open Data + Paventra rehearsal assumptions,2026-08-16
SUM-ROAD-586,SUM-586-19081043801031238010608,Weatherwax Dr,,,Summit Township,42.20857626153916,-84.43944385270355,0.417993,2,Asphalt,Local,65,2026-08-16,Medium,1000,10,Moderate,Crack Seal,1,provisional,Michigan GIS Open Data + Paventra rehearsal assumptions,2026-08-16
SUM-ROAD-587,SUM-587-33809183801732738018410,E Primilia Dr,,,Summit Township,42.204684578419155,-84.45813157527576,0.18337,2,Asphalt,Local,65,2026-08-16,Medium,1000,10,Moderate,Crack Seal,1,provisional,Michigan GIS Open Data + Paventra rehearsal assumptions,2026-08-16
SUM-ROAD-588,SUM-588-33809173801732738018411,W Primilia Dr,,,Summit Township,42.204684578419155,-84.45813157527576,0.02126,2,Asphalt,Local,65,2026-08-16,Medium,1000,10,Moderate,Crack Seal,1,provisional,Michigan GIS Open Data + Paventra rehearsal assumptions,2026-08-16
SUM-ROAD-589,SUM-589-33809173801841138017330,W Primilia Ln,,,Summit Township,42.20451348260405,-84.45847627823892,0.431439,2,Asphalt,Local,65,2026-08-16,Medium,1000,10,Moderate,Crack Seal,1,provisional,Michigan GIS Open Data + Paventra rehearsal assumptions,2026-08-16
SUM-ROAD-590,SUM-590-33812303801978638019785,Wild Flower Way,,,Summit Township,42.20392232090451,-84.45030349053518,0.019938,2,Asphalt,Local,65,2026-08-16,Medium,1000,10,Moderate,Crack Seal,1,provisional,Michigan GIS Open Data + Paventra rehearsal assumptions,2026-08-16
SUM-ROAD-591,SUM-591-9068053801065538010569,Cantabury Ln,,,Summit Township,42.20371247085992,-84.44813277258069,0.092245,2,Asphalt,Local,65,2026-08-16,Medium,1000,10,Moderate,Crack Seal,1,provisional,Michigan GIS Open Data + Paventra rehearsal assumptions,2026-08-16
SUM-ROAD-592,SUM-592-9039043801066438010269,Dibble Rd,,,Summit Township,42.20378829365942,-84.46694001633153,0.412858,2,Asphalt,Local,65,2026-08-16,Medium,1000,10,Moderate,Crack Seal,1,provisional,Michigan GIS Open Data + Paventra rehearsal assumptions,2026-08-16
SUM-ROAD-593,SUM-593-9090023801065738018509,Purdy Dr,,,Summit Township,42.203719671345034,-84.46255350738194,0.015847,2,Asphalt,Local,65,2026-08-16,Medium,1000,10,Moderate,Crack Seal,1,provisional,Michigan GIS Open Data + Paventra rehearsal assumptions,2026-08-16
SUM-ROAD-594,SUM-594-33809193801021138010657,Shady Ridge Dr,,,Summit Township,42.21067166340057,-84.46234684997376,0.481591,2,Asphalt,Local,65,2026-08-16,Medium,1000,10,Moderate,Crack Seal,1,provisional,Michigan GIS Open Data + Paventra rehearsal assumptions,2026-08-16
SUM-ROAD-595,SUM-595-33812303801979038019786,Wild Flower Way,,,Summit Township,42.203548907163004,-84.45089350126872,0.0399,2,Asphalt,Local,65,2026-08-16,Medium,1000,10,Moderate,Crack Seal,1,provisional,Michigan GIS Open Data + Paventra rehearsal assumptions,2026-08-16
SUM-ROAD-596,SUM-596-9090023801066438010657,Purdy Dr,,,Summit Township,42.20378829365942,-84.46694001633153,0.225808,2,Asphalt,Local,65,2026-08-16,Medium,1000,10,Moderate,Crack Seal,1,provisional,Michigan GIS Open Data + Paventra rehearsal assumptions,2026-08-16
SUM-ROAD-597,SUM-597-9068143801065538010670,Berkshire Blvd,,,Summit Township,42.20371247085992,-84.44813277258069,0.057946,2,Asphalt,Local,65,2026-08-16,Medium,1000,10,Moderate,Crack Seal,1,provisional,Michigan GIS Open Data + Paventra rehearsal assumptions,2026-08-16
SUM-ROAD-598,SUM-598-9068033801067038010569,Sheffield Dr,,,Summit Township,42.20342241960217,-84.4491929082069,0.131986,2,Asphalt,Local,65,2026-08-16,Medium,1000,10,Moderate,Crack Seal,1,provisional,Michigan GIS Open Data + Paventra rehearsal assumptions,2026-08-16
SUM-ROAD-599,SUM-599-33812333801979038019789,Cobblefield Ct,,,Summit Township,42.203548907163004,-84.45089350126872,0.011535,2,Asphalt,Local,65,2026-08-16,Medium,1000,10,Moderate,Crack Seal,1,provisional,Michigan GIS Open Data + Paventra rehearsal assumptions,2026-08-16
SUM-ROAD-600,SUM-600-9068143801067038017350,Berkshire Blvd,,,Summit Township,42.20342241960217,-84.4491929082069,0.032083,2,Asphalt,Local,65,2026-08-16,Medium,1000,10,Moderate,Crack Seal,1,provisional,Michigan GIS Open Data + Paventra rehearsal assumptions,2026-08-16
SUM-ROAD-601,SUM-601-33812333801978938019788,Cobblefield Ct,,,Summit Township,42.20342849080397,-84.45073751307353,0.017289,2,Asphalt,Local,65,2026-08-16,Medium,1000,10,Moderate,Crack Seal,1,provisional,Michigan GIS Open Data + Paventra rehearsal assumptions,2026-08-16
SUM-ROAD-602,SUM-602-9029093801068238010608,Horton Rd,,,Summit Township,42.20298688236521,-84.43531799187531,0.129363,2,Asphalt,Local,65,2026-08-16,Medium,1000,10,Moderate,Crack Seal,1,provisional,Michigan GIS Open Data + Paventra rehearsal assumptions,2026-08-16
SUM-ROAD-603,SUM-603-9068053801068438010655,Cantabury Ln,,,Summit Township,42.20311479272565,-84.4472365178764,0.061758,2,Asphalt,Local,65,2026-08-16,Medium,1000,10,Moderate,Crack Seal,1,provisional,Michigan GIS Open Data + Paventra rehearsal assumptions,2026-08-16
SUM-ROAD-604,SUM-604-33812303801979138019790,Wild Flower Way,,,Summit Township,42.20301603856642,-84.45175741040376,0.05758,2,Asphalt,Local,65,2026-08-16,Medium,1000,10,Moderate,Crack Seal,1,provisional,Michigan GIS Open Data + Paventra rehearsal assumptions,2026-08-16
SUM-ROAD-605,SUM-605-33810583801843238020324,Pats Way,,,Summit Township,42.20272276695813,-84.43785946731292,0.052745,2,Asphalt,Local,65,2026-08-16,Medium,1000,10,Moderate,Crack Seal,1,provisional,Michigan GIS Open Data + Paventra rehearsal assumptions,2026-08-16
SUM-ROAD-606,SUM-606-9068063801070038010537,Lancashire Dr,,,Summit Township,42.20282796782395,-84.44672283192081,0.211001,2,Asphalt,Local,65,2026-08-16,Medium,1000,10,Moderate,Crack Seal,1,provisional,Michigan GIS Open Data + Paventra rehearsal assumptions,2026-08-16
SUM-ROAD-607,SUM-607-9068053801070038010684,Cantabury Ln,,,Summit Township,42.20282796782395,-84.44672283192081,0.032954,2,Asphalt,Local,65,2026-08-16,Medium,1000,10,Moderate,Crack Seal,1,provisional,Michigan GIS Open Data + Paventra rehearsal assumptions,2026-08-16
SUM-ROAD-608,SUM-608-9029093801843038010682,Horton Rd,,,Summit Township,42.20245750185999,-84.435982814682,0.04997,2,Asphalt,Local,65,2026-08-16,Medium,1000,10,Moderate,Crack Seal,1,provisional,Michigan GIS Open Data + Paventra rehearsal assumptions,2026-08-16
SUM-ROAD-609,SUM-609-33810583801843038018432,Pats Way,,,Summit Township,42.20245750185999,-84.435982814682,0.104735,2,Asphalt,Local,65,2026-08-16,Medium,1000,10,Moderate,Crack Seal,1,provisional,Michigan GIS Open Data + Paventra rehearsal assumptions,2026-08-16
SUM-ROAD-610,SUM-610-33812323801979238019778,Whitetail Ct,,,Summit Township,42.20241963149188,-84.45027899791582,0.017917,2,Asphalt,Local,65,2026-08-16,Medium,1000,10,Moderate,Crack Seal,1,provisional,Michigan GIS Open Data + Paventra rehearsal assumptions,2026-08-16
SUM-ROAD-611,SUM-611-33812323801978238019792,Whitetail Ct,,,Summit Township,42.2023964658515,-84.45156562188832,0.06602,2,Asphalt,Local,65,2026-08-16,Medium,1000,10,Moderate,Crack Seal,1,provisional,Michigan GIS Open Data + Paventra rehearsal assumptions,2026-08-16
SUM-ROAD-612,SUM-612-33812293801978238019791,Hidden Ridge Trl,,,Summit Township,42.2023964658515,-84.45156562188832,0.045212,2,Asphalt,Local,65,2026-08-16,Medium,1000,10,Moderate,Crack Seal,1,provisional,Michigan GIS Open Data + Paventra rehearsal assumptions,2026-08-16
SUM-ROAD-613,SUM-613-9068073801074738010684,Pinehurst Dr,,,Summit Township,42.20218282214679,-84.44803704041465,0.076299,2,Asphalt,Local,65,2026-08-16,Medium,1000,10,Moderate,Crack Seal,1,provisional,Michigan GIS Open Data + Paventra rehearsal assumptions,2026-08-16
SUM-ROAD-614,SUM-614-9054073801076738010765,Badgley Rd,,,Summit Township,42.20157033183187,-84.42873068047756,0.344651,2,Asphalt,Local,65,2026-08-16,Medium,1000,10,Moderate,Crack Seal,1,provisional,Michigan GIS Open Data + Paventra rehearsal assumptions,2026-08-16
SUM-ROAD-615,SUM-615-9054073801077038010767,Badgley Rd,,,Summit Township,42.201594004749616,-84.43023357392657,0.077113,2,Asphalt,Local,65,2026-08-16,Medium,1000,10,Moderate,Crack Seal,1,provisional,Michigan GIS Open Data + Paventra rehearsal assumptions,2026-08-16
SUM-ROAD-616,SUM-616-9054073801077238010770,Badgley Rd,,,Summit Township,42.20159504653948,-84.43129149195917,0.054269,2,Asphalt,Local,65,2026-08-16,Medium,1000,10,Moderate,Crack Seal,1,provisional,Michigan GIS Open Data + Paventra rehearsal assumptions,2026-08-16
SUM-ROAD-617,SUM-617-9054073801077638010772,Badgley Rd,,,Summit Township,42.2016059761123,-84.43352533358029,0.114594,2,Asphalt,Local,65,2026-08-16,Medium,1000,10,Moderate,Crack Seal,1,provisional,Michigan GIS Open Data + Paventra rehearsal assumptions,2026-08-16
SUM-ROAD-618,SUM-618-9054083801068238010776,Schaffer Dr,,,Summit Township,42.20298688236521,-84.43531799187531,0.162828,2,Asphalt,Local,65,2026-08-16,Medium,1000,10,Moderate,Crack Seal,1,provisional,Michigan GIS Open Data + Paventra rehearsal assumptions,2026-08-16
SUM-ROAD-619,SUM-619-9054073801078438010776,Badgley Rd,,,Summit Township,42.20163970244332,-84.43700981594978,0.178762,2,Asphalt,Local,65,2026-08-16,Medium,1000,10,Moderate,Crack Seal,1,provisional,Michigan GIS Open Data + Paventra rehearsal assumptions,2026-08-16
SUM-ROAD-620,SUM-620-9029093801078438018430,Horton Rd,,,Summit Township,42.20163970244332,-84.43700981594978,0.077194,2,Asphalt,Local,65,2026-08-16,Medium,1000,10,Moderate,Crack Seal,1,provisional,Michigan GIS Open Data + Paventra rehearsal assumptions,2026-08-16
SUM-ROAD-621,SUM-621-03801079538010494,Unnamed Road,,,Summit Township,42.20172298153077,-84.45528867727886,0.474207,2,Asphalt,Local,65,2026-08-16,Medium,1000,10,Moderate,Crack Seal,1,provisional,Michigan GIS Open Data + Paventra rehearsal assumptions,2026-08-16
SUM-ROAD-622,SUM-622-33812313801978338019793,Wild Flower Way,,,Summit Township,42.20152273968572,-84.45158076193015,0.064932,2,Asphalt,Local,65,2026-08-16,Medium,1000,10,Moderate,Crack Seal,1,provisional,Michigan GIS Open Data + Paventra rehearsal assumptions,2026-08-16
SUM-ROAD-623,SUM-623-33812293801978338019782,Hidden Ridge Trl,,,Summit Township,42.20152273968572,-84.45158076193015,0.060286,2,Asphalt,Local,65,2026-08-16,Medium,1000,10,Moderate,Crack Seal,1,provisional,Michigan GIS Open Data + Paventra rehearsal assumptions,2026-08-16
SUM-ROAD-624,SUM-624-33812303801978338019791,Wild Flower Way,,,Summit Township,42.20152273968572,-84.45158076193015,0.158738,2,Asphalt,Local,65,2026-08-16,Medium,1000,10,Moderate,Crack Seal,1,provisional,Michigan GIS Open Data + Paventra rehearsal assumptions,2026-08-16
SUM-ROAD-625,SUM-625-33812313801979338019780,Wild Flower Way,,,Summit Township,42.20153591703252,-84.45031515033136,0.01906,2,Asphalt,Local,65,2026-08-16,Medium,1000,10,Moderate,Crack Seal,1,provisional,Michigan GIS Open Data + Paventra rehearsal assumptions,2026-08-16
SUM-ROAD-626,SUM-626-9029093801080738010784,Horton Rd,,,Summit Township,42.201064601894515,-84.4377721254564,0.055709,2,Asphalt,Local,65,2026-08-16,Medium,1000,10,Moderate,Crack Seal,1,provisional,Michigan GIS Open Data + Paventra rehearsal assumptions,2026-08-16
SUM-ROAD-627,SUM-627-33801253801077238010810,W Mardee St,,,Summit Township,42.20159504653948,-84.43129149195917,0.047625,2,Asphalt,Local,65,2026-08-16,Medium,1000,10,Moderate,Crack Seal,1,provisional,Michigan GIS Open Data + Paventra rehearsal assumptions,2026-08-16
SUM-ROAD-628,SUM-628-33801253801081238010770,E Mardee St,,,Summit Township,42.20087173234107,-84.43028511507868,0.050549,2,Asphalt,Local,65,2026-08-16,Medium,1000,10,Moderate,Crack Seal,1,provisional,Michigan GIS Open Data + Paventra rehearsal assumptions,2026-08-16
SUM-ROAD-629,SUM-629-33801253801081038010812,S Mardee St,,,Summit Township,42.20090712724608,-84.43125798084667,0.051758,2,Asphalt,Local,65,2026-08-16,Medium,1000,10,Moderate,Crack Seal,1,provisional,Michigan GIS Open Data + Paventra rehearsal assumptions,2026-08-16
SUM-ROAD-630,SUM-630-9068073801082538010747,Pinehurst Dr,,,Summit Township,42.20100936077643,-84.4479822316233,0.081009,2,Asphalt,Local,65,2026-08-16,Medium,1000,10,Moderate,Crack Seal,1,provisional,Michigan GIS Open Data + Paventra rehearsal assumptions,2026-08-16
SUM-ROAD-631,SUM-631-9068063801082638010700,Lancashire Dr,,,Summit Township,42.200975529368904,-84.4464074303599,0.131212,2,Asphalt,Local,65,2026-08-16,Medium,1000,10,Moderate,Crack Seal,1,provisional,Michigan GIS Open Data + Paventra rehearsal assumptions,2026-08-16
SUM-ROAD-632,SUM-632-9068083801082538010826,Kenilworth Rd,,,Summit Township,42.20100936077643,-84.4479822316233,0.080818,2,Asphalt,Local,65,2026-08-16,Medium,1000,10,Moderate,Crack Seal,1,provisional,Michigan GIS Open Data + Paventra rehearsal assumptions,2026-08-16
SUM-ROAD-633,SUM-633-9068083801082638010809,Kenilworth Rd,,,Summit Township,42.200975529368904,-84.4464074303599,0.121649,2,Asphalt,Local,65,2026-08-16,Medium,1000,10,Moderate,Crack Seal,1,provisional,Michigan GIS Open Data + Paventra rehearsal assumptions,2026-08-16
SUM-ROAD-634,SUM-634-9068083801083038010825,Kenilworth Rd,,,Summit Township,42.20086279550721,-84.449194128298,0.063023,2,Asphalt,Local,65,2026-08-16,Medium,1000,10,Moderate,Crack Seal,1,provisional,Michigan GIS Open Data + Paventra rehearsal assumptions,2026-08-16
SUM-ROAD-635,SUM-635-9069033801083038010747,Huntington Dr,,,Summit Township,42.20086279550721,-84.449194128298,0.146528,2,Asphalt,Local,65,2026-08-16,Medium,1000,10,Moderate,Crack Seal,1,provisional,Michigan GIS Open Data + Paventra rehearsal assumptions,2026-08-16
SUM-ROAD-636,SUM-636-9029093801084038010807,Horton Rd,,,Summit Township,42.20053124444979,-84.43812026383995,0.04116,2,Asphalt,Local,65,2026-08-16,Medium,1000,10,Moderate,Crack Seal,1,provisional,Michigan GIS Open Data + Paventra rehearsal assumptions,2026-08-16
SUM-ROAD-637,SUM-637-9097083801088238010809,Dartmoor Ln,,,Summit Township,42.20005670307366,-84.44308544490941,0.110158,2,Asphalt,Local,65,2026-08-16,Medium,1000,10,Moderate,Crack Seal,1,provisional,Michigan GIS Open Data + Paventra rehearsal assumptions,2026-08-16
SUM-ROAD-638,SUM-638-33817423801080738010876,Ridgeway Rd,,,Summit Township,42.201064601894515,-84.4377721254564,0.278995,2,Asphalt,Local,65,2026-08-16,Medium,1000,10,Moderate,Crack Seal,1,provisional,Michigan GIS Open Data + Paventra rehearsal assumptions,2026-08-16
SUM-ROAD-639,SUM-639-33817423801087638010882,Ridgeway Rd,,,Summit Township,42.20002540618035,-84.44259002544833,0.025506,2,Asphalt,Local,65,2026-08-16,Medium,1000,10,Moderate,Crack Seal,1,provisional,Michigan GIS Open Data + Paventra rehearsal assumptions,2026-08-16
SUM-ROAD-640,SUM-640-33817423801088238010884,Ridgeway Rd,,,Summit Township,42.20005670307366,-84.44308544490941,0.171661,2,Asphalt,Local,65,2026-08-16,Medium,1000,10,Moderate,Crack Seal,1,provisional,Michigan GIS Open Data + Paventra rehearsal assumptions,2026-08-16
SUM-ROAD-641,SUM-641-9068063801088438010826,Lancashire Dr,,,Summit Township,42.20007155916237,-84.4464316282536,0.06238,2,Asphalt,Local,65,2026-08-16,Medium,1000,10,Moderate,Crack Seal,1,provisional,Michigan GIS Open Data + Paventra rehearsal assumptions,2026-08-16
SUM-ROAD-642,SUM-642-9098013801872838010767,Plateau Dr,,,Summit Township,42.19981567698668,-84.4298926815095,0.151223,2,Asphalt,Local,65,2026-08-16,Medium,1000,10,Moderate,Crack Seal,1,provisional,Michigan GIS Open Data + Paventra rehearsal assumptions,2026-08-16
SUM-ROAD-643,SUM-643-33817423801088438010886,Ridgeway Rd,,,Summit Township,42.20007155916237,-84.4464316282536,0.141356,2,Asphalt,Local,65,2026-08-16,Medium,1000,10,Moderate,Crack Seal,1,provisional,Michigan GIS Open Data + Paventra rehearsal assumptions,2026-08-16
SUM-ROAD-644,SUM-644-9069033801088638010830,Huntington Dr,,,Summit Township,42.20008397746063,-84.44918711082434,0.053734,2,Asphalt,Local,65,2026-08-16,Medium,1000,10,Moderate,Crack Seal,1,provisional,Michigan GIS Open Data + Paventra rehearsal assumptions,2026-08-16
SUM-ROAD-645,SUM-645-33817423801088638017344,Ridgeway Rd,,,Summit Township,42.20008397746063,-84.44918711082434,0.013003,2,Asphalt,Local,65,2026-08-16,Medium,1000,10,Moderate,Crack Seal,1,provisional,Michigan GIS Open Data + Paventra rehearsal assumptions,2026-08-16
SUM-ROAD-646,SUM-646-33817423801734438019781,Ridgeway Rd,,,Summit Township,42.20008250293919,-84.44944057496522,0.150375,2,Asphalt,Local,65,2026-08-16,Medium,1000,10,Moderate,Crack Seal,1,provisional,Michigan GIS Open Data + Paventra rehearsal assumptions,2026-08-16
SUM-ROAD-647,SUM-647-33812293801978138019783,Hidden Ridge Trl,,,Summit Township,42.200081991974876,-84.45237191586887,0.120034,2,Asphalt,Local,65,2026-08-16,Medium,1000,10,Moderate,Crack Seal,1,provisional,Michigan GIS Open Data + Paventra rehearsal assumptions,2026-08-16
SUM-ROAD-648,SUM-648-33817423801978138010892,Ridgeway Rd,,,Summit Township,42.200081991974876,-84.45237191586887,0.158387,2,Asphalt,Local,65,2026-08-16,Medium,1000,10,Moderate,Crack Seal,1,provisional,Michigan GIS Open Data + Paventra rehearsal assumptions,2026-08-16
SUM-ROAD-649,SUM-649-9110123801842938010911,Dade Dr,,,Summit Township,42.19958842454147,-84.43265024908919,0.032333,2,Asphalt,Local,65,2026-08-16,Medium,1000,10,Moderate,Crack Seal,1,provisional,Michigan GIS Open Data + Paventra rehearsal assumptions,2026-08-16
SUM-ROAD-650,SUM-650-9110123801093638018429,Dade Dr,,,Summit Township,42.199318920443666,-84.43190556789482,0.042743,2,Asphalt,Local,65,2026-08-16,Medium,1000,10,Moderate,Crack Seal,1,provisional,Michigan GIS Open Data + Paventra rehearsal assumptions,2026-08-16
SUM-ROAD-651,SUM-651-9029103801094838010840,S Jackson Rd,,,Summit Township,42.19935332442644,-84.43801707411163,0.082206,2,Asphalt,Local,65,2026-08-16,Medium,1000,10,Moderate,Crack Seal,1,provisional,Michigan GIS Open Data + Paventra rehearsal assumptions,2026-08-16
SUM-ROAD-652,SUM-652-33809283801734438017345,Lakewood Dr,,,Summit Township,42.20008250293919,-84.44944057496522,0.056875,2,Asphalt,Local,65,2026-08-16,Medium,1000,10,Moderate,Crack Seal,1,provisional,Michigan GIS Open Data + Paventra rehearsal assumptions,2026-08-16
SUM-ROAD-653,SUM-653-9098013801097838018728,Plateau Dr,,,Summit Township,42.198970397830486,-84.4304596598657,0.065355,2,Asphalt,Local,65,2026-08-16,Medium,1000,10,Moderate,Crack Seal,1,provisional,Michigan GIS Open Data + Paventra rehearsal assumptions,2026-08-16
SUM-ROAD-654,SUM-654-9110123801097838010936,Dade Dr,,,Summit Township,42.198970397830486,-84.4304596598657,0.079605,2,Asphalt,Local,65,2026-08-16,Medium,1000,10,Moderate,Crack Seal,1,provisional,Michigan GIS Open Data + Paventra rehearsal assumptions,2026-08-16
SUM-ROAD-655,SUM-655-33800813801723638010948,Ferguson Rd,,,Summit Township,42.198847910909734,-84.44128590635702,0.17129,2,Asphalt,Local,65,2026-08-16,Medium,1000,10,Moderate,Crack Seal,1,provisional,Michigan GIS Open Data + Paventra rehearsal assumptions,2026-08-16
SUM-ROAD-656,SUM-656-9029093801723638010840,Horton Rd,,,Summit Township,42.198847910909734,-84.44128590635702,0.199807,2,Asphalt,Local,65,2026-08-16,Medium,1000,10,Moderate,Crack Seal,1,provisional,Michigan GIS Open Data + Paventra rehearsal assumptions,2026-08-16
SUM-ROAD-657,SUM-657-33809303801734538017346,Linda Ct,,,Summit Township,42.19925814761288,-84.44944061868362,0.104692,2,Asphalt,Local,65,2026-08-16,Medium,1000,10,Moderate,Crack Seal,1,provisional,Michigan GIS Open Data + Paventra rehearsal assumptions,2026-08-16
SUM-ROAD-658,SUM-658-9029093801105738017236,Horton Rd,,,Summit Township,42.19826045431503,-84.44245269742177,0.072289,2,Asphalt,Local,65,2026-08-16,Medium,1000,10,Moderate,Crack Seal,1,provisional,Michigan GIS Open Data + Paventra rehearsal assumptions,2026-08-16
SUM-ROAD-659,SUM-659-33800823801105738010876,Lowe Rd,,,Summit Township,42.19826045431503,-84.44245269742177,0.122073,2,Asphalt,Local,65,2026-08-16,Medium,1000,10,Moderate,Crack Seal,1,provisional,Michigan GIS Open Data + Paventra rehearsal assumptions,2026-08-16
SUM-ROAD-660,SUM-660-9098013801110038010978,Plateau Dr,,,Summit Township,42.19779851641247,-84.4319079674405,0.142,2,Asphalt,Local,65,2026-08-16,Medium,1000,10,Moderate,Crack Seal,1,provisional,Michigan GIS Open Data + Paventra rehearsal assumptions,2026-08-16
SUM-ROAD-661,SUM-661-9110013801110038010936,Ottawa Dr,,,Summit Township,42.19779851641247,-84.4319079674405,0.104897,2,Asphalt,Local,65,2026-08-16,Medium,1000,10,Moderate,Crack Seal,1,provisional,Michigan GIS Open Data + Paventra rehearsal assumptions,2026-08-16
SUM-ROAD-662,SUM-662-9098013801110338011100,Plateau Dr,,,Summit Township,42.19773404025118,-84.43262363932209,0.036983,2,Asphalt,Local,65,2026-08-16,Medium,1000,10,Moderate,Crack Seal,1,provisional,Michigan GIS Open Data + Paventra rehearsal assumptions,2026-08-16
SUM-ROAD-663,SUM-663-9029093801734338011057,Horton Rd,,,Summit Township,42.19706093825451,-84.44444875063371,0.131739,2,Asphalt,Local,65,2026-08-16,Medium,1000,10,Moderate,Crack Seal,1,provisional,Michigan GIS Open Data + Paventra rehearsal assumptions,2026-08-16
SUM-ROAD-664,SUM-664-33809283801734538017347,Lakewood Dr,,,Summit Township,42.19925814761288,-84.44944061868362,0.161587,2,Asphalt,Local,65,2026-08-16,Medium,1000,10,Moderate,Crack Seal,1,provisional,Michigan GIS Open Data + Paventra rehearsal assumptions,2026-08-16
SUM-ROAD-665,SUM-665-33809293801734738017348,Marsh Wood Dr,,,Summit Township,42.19712310744467,-84.45040763301968,0.06305,2,Asphalt,Local,65,2026-08-16,Medium,1000,10,Moderate,Crack Seal,1,provisional,Michigan GIS Open Data + Paventra rehearsal assumptions,2026-08-16
SUM-ROAD-666,SUM-666-33809283801734738017343,Lakewood Dr,,,Summit Township,42.19712310744467,-84.45040763301968,0.335062,2,Asphalt,Local,65,2026-08-16,Medium,1000,10,Moderate,Crack Seal,1,provisional,Michigan GIS Open Data + Paventra rehearsal assumptions,2026-08-16
SUM-ROAD-667,SUM-667-33814753801733838017335,Country Ln,,,Summit Township,42.19628205100496,-84.47300159632564,0.216276,2,Asphalt,Local,65,2026-08-16,Medium,1000,10,Moderate,Crack Seal,1,provisional,Michigan GIS Open Data + Paventra rehearsal assumptions,2026-08-16
SUM-ROAD-668,SUM-668-33800803801131038011248,Wendell Ln,,,Summit Township,42.19592117973739,-84.45038885646846,0.031213,2,Asphalt,Local,65,2026-08-16,Medium,1000,10,Moderate,Crack Seal,1,provisional,Michigan GIS Open Data + Paventra rehearsal assumptions,2026-08-16
SUM-ROAD-669,SUM-669-33800803801842738011310,Wendell Ln,,,Summit Township,42.19557363557534,-84.4506278658094,0.026931,2,Asphalt,Local,65,2026-08-16,Medium,1000,10,Moderate,Crack Seal,1,provisional,Michigan GIS Open Data + Paventra rehearsal assumptions,2026-08-16
SUM-ROAD-670,SUM-670-9029093801136338017343,Horton Rd,,,Summit Township,42.19531440453638,-84.44715695768852,0.183911,2,Asphalt,Local,65,2026-08-16,Medium,1000,10,Moderate,Crack Seal,1,provisional,Michigan GIS Open Data + Paventra rehearsal assumptions,2026-08-16
SUM-ROAD-671,SUM-671-9029093801141038011363,Horton Rd,,,Summit Township,42.19495068497412,-84.44773494927018,0.038846,2,Asphalt,Local,65,2026-08-16,Medium,1000,10,Moderate,Crack Seal,1,provisional,Michigan GIS Open Data + Paventra rehearsal assumptions,2026-08-16
SUM-ROAD-672,SUM-672-9054013801131038011410,Forest Lake Dr,,,Summit Township,42.19592117973739,-84.45038885646846,0.175074,2,Asphalt,Local,65,2026-08-16,Medium,1000,10,Moderate,Crack Seal,1,provisional,Michigan GIS Open Data + Paventra rehearsal assumptions,2026-08-16
SUM-ROAD-673,SUM-673-9056063801147138018570,Glenshire Dr,,,Summit Township,42.19422549246713,-84.43661528970333,0.220644,2,Asphalt,Local,65,2026-08-16,Medium,1000,10,Moderate,Crack Seal,1,provisional,Michigan GIS Open Data + Paventra rehearsal assumptions,2026-08-16
SUM-ROAD-674,SUM-674-9029103801147138010948,S Jackson Rd,,,Summit Township,42.19422549246713,-84.43661528970333,0.361021,2,Asphalt,Local,65,2026-08-16,Medium,1000,10,Moderate,Crack Seal,1,provisional,Michigan GIS Open Data + Paventra rehearsal assumptions,2026-08-16
SUM-ROAD-675,SUM-675-33800803801148138018427,Wendell Ln,,,Summit Township,42.194228823356326,-84.45115614719676,0.098386,2,Asphalt,Local,65,2026-08-16,Medium,1000,10,Moderate,Crack Seal,1,provisional,Michigan GIS Open Data + Paventra rehearsal assumptions,2026-08-16
SUM-ROAD-676,SUM-676-9038083801147338011481,Vrooman Rd,,,Summit Township,42.194382277845584,-84.45438194124128,0.165834,2,Asphalt,Local,65,2026-08-16,Medium,1000,10,Moderate,Crack Seal,1,provisional,Michigan GIS Open Data + Paventra rehearsal assumptions,2026-08-16
SUM-ROAD-677,SUM-677-9029093801151438011410,Horton Rd,,,Summit Township,42.1939697168005,-84.44932144957717,0.105856,2,Asphalt,Local,65,2026-08-16,Medium,1000,10,Moderate,Crack Seal,1,provisional,Michigan GIS Open Data + Paventra rehearsal assumptions,2026-08-16
SUM-ROAD-678,SUM-678-9038083801148138011514,Vrooman Rd,,,Summit Township,42.194228823356326,-84.45115614719676,0.095935,2,Asphalt,Local,65,2026-08-16,Medium,1000,10,Moderate,Crack Seal,1,provisional,Michigan GIS Open Data + Paventra rehearsal assumptions,2026-08-16
SUM-ROAD-679,SUM-679-9038083801151838011473,Vrooman Rd,,,Summit Township,42.19396600388669,-84.45583072880143,0.079991,2,Asphalt,Local,65,2026-08-16,Medium,1000,10,Moderate,Crack Seal,1,provisional,Michigan GIS Open Data + Paventra rehearsal assumptions,2026-08-16
SUM-ROAD-680,SUM-680-33809243801733838017339,Mill Run,,,Summit Township,42.19628205100496,-84.47300159632564,0.231133,2,Asphalt,Local,65,2026-08-16,Medium,1000,10,Moderate,Crack Seal,1,provisional,Michigan GIS Open Data + Paventra rehearsal assumptions,2026-08-16
SUM-ROAD-681,SUM-681-9056063801857038011557,Glenshire Dr,,,Summit Township,42.194822553418526,-84.43261038303383,0.211066,2,Asphalt,Local,65,2026-08-16,Medium,1000,10,Moderate,Crack Seal,1,provisional,Michigan GIS Open Data + Paventra rehearsal assumptions,2026-08-16
SUM-ROAD-682,SUM-682-9039023801159038011473,Happy Valley Blvd,,,Summit Township,42.19309881867458,-84.45450506865923,0.08905,2,Asphalt,Local,65,2026-08-16,Medium,1000,10,Moderate,Crack Seal,1,provisional,Michigan GIS Open Data + Paventra rehearsal assumptions,2026-08-16
SUM-ROAD-683,SUM-683-9029093801160738011514,Horton Rd,,,Summit Township,42.1927708513071,-84.45118891245001,0.126738,2,Asphalt,Local,65,2026-08-16,Medium,1000,10,Moderate,Crack Seal,1,provisional,Michigan GIS Open Data + Paventra rehearsal assumptions,2026-08-16
SUM-ROAD-684,SUM-684-9053103801159038011607,Parkside Blvd,,,Summit Township,42.19309881867458,-84.45450506865923,0.174294,2,Asphalt,Local,65,2026-08-16,Medium,1000,10,Moderate,Crack Seal,1,provisional,Michigan GIS Open Data + Paventra rehearsal assumptions,2026-08-16
SUM-ROAD-685,SUM-685-9038083801161438011518,Vrooman Rd,,,Summit Township,42.19274064573699,-84.45892808947077,0.180226,2,Asphalt,Local,65,2026-08-16,Medium,1000,10,Moderate,Crack Seal,1,provisional,Michigan GIS Open Data + Paventra rehearsal assumptions,2026-08-16
SUM-ROAD-686,SUM-686-9039023801163738011590,Happy Valley Blvd,,,Summit Township,42.1924421612206,-84.45507372158745,0.05401,2,Asphalt,Local,65,2026-08-16,Medium,1000,10,Moderate,Crack Seal,1,provisional,Michigan GIS Open Data + Paventra rehearsal assumptions,2026-08-16
SUM-ROAD-687,SUM-687-33809233801841638017333,Spring Hl,,,Summit Township,42.19271366173886,-84.47568829908306,0.017443,2,Asphalt,Local,65,2026-08-16,Medium,1000,10,Moderate,Crack Seal,1,provisional,Michigan GIS Open Data + Paventra rehearsal assumptions,2026-08-16
SUM-ROAD-688,SUM-688-9029103801977338011471,S Jackson Rd,,,Summit Township,42.192032720708774,-84.43590276498085,0.15603,2,Asphalt,Local,65,2026-08-16,Medium,1000,10,Moderate,Crack Seal,1,provisional,Michigan GIS Open Data + Paventra rehearsal assumptions,2026-08-16
SUM-ROAD-689,SUM-689-9054123801136338018577,Warwick Rd,,,Summit Township,42.19531440453638,-84.44715695768852,0.257765,2,Asphalt,Local,65,2026-08-16,Medium,1000,10,Moderate,Crack Seal,1,provisional,Michigan GIS Open Data + Paventra rehearsal assumptions,2026-08-16
SUM-ROAD-690,SUM-690-9054123801857738011650,Warwick Rd,,,Summit Township,42.192032637388444,-84.44578763816855,0.160355,2,Asphalt,Local,65,2026-08-16,Medium,1000,10,Moderate,Crack Seal,1,provisional,Michigan GIS Open Data + Paventra rehearsal assumptions,2026-08-16
SUM-ROAD-691,SUM-691-33809233801733638018416,Spring Hl,,,Summit Township,42.19215897794811,-84.47540156695126,0.042507,2,Asphalt,Local,65,2026-08-16,Medium,1000,10,Moderate,Crack Seal,1,provisional,Michigan GIS Open Data + Paventra rehearsal assumptions,2026-08-16
SUM-ROAD-692,SUM-692-33814753801733738017338,Country Ln,,,Summit Township,42.19204869371246,-84.47402484147518,0.363605,2,Asphalt,Local,65,2026-08-16,Medium,1000,10,Moderate,Crack Seal,1,provisional,Michigan GIS Open Data + Paventra rehearsal assumptions,2026-08-16
SUM-ROAD-693,SUM-693-33809223801733638017337,Mill Pond,,,Summit Township,42.19215897794811,-84.47540156695126,0.071042,2,Asphalt,Local,65,2026-08-16,Medium,1000,10,Moderate,Crack Seal,1,provisional,Michigan GIS Open Data + Paventra rehearsal assumptions,2026-08-16
SUM-ROAD-694,SUM-694-9029093801168938011607,Horton Rd,,,Summit Township,42.191558438417786,-84.45217373187333,0.097731,2,Asphalt,Local,65,2026-08-16,Medium,1000,10,Moderate,Crack Seal,1,provisional,Michigan GIS Open Data + Paventra rehearsal assumptions,2026-08-16
SUM-ROAD-695,SUM-695-9053093801163738011689,Hillcrest Blvd,,,Summit Township,42.1924421612206,-84.45507372158745,0.161727,2,Asphalt,Local,65,2026-08-16,Medium,1000,10,Moderate,Crack Seal,1,provisional,Michigan GIS Open Data + Paventra rehearsal assumptions,2026-08-16
SUM-ROAD-696,SUM-696-9039023801171038011637,Happy Valley Blvd,,,Summit Township,42.19131206554963,-84.45595595520726,0.090278,2,Asphalt,Local,65,2026-08-16,Medium,1000,10,Moderate,Crack Seal,1,provisional,Michigan GIS Open Data + Paventra rehearsal assumptions,2026-08-16
SUM-ROAD-697,SUM-697-33814763801733738020352,Country Ln,,,Summit Township,42.19204869371246,-84.47402484147518,0.039516,2,Asphalt,Local,65,2026-08-16,Medium,1000,10,Moderate,Crack Seal,1,provisional,Michigan GIS Open Data + Paventra rehearsal assumptions,2026-08-16
SUM-ROAD-698,SUM-698-33812283801977338019774,Wandering Creek Dr,,,Summit Township,42.192032720708774,-84.43590276498085,0.422762,2,Asphalt,Local,65,2026-08-16,Medium,1000,10,Moderate,Crack Seal,1,provisional,Michigan GIS Open Data + Paventra rehearsal assumptions,2026-08-16
SUM-ROAD-699,SUM-699-9069023801175738011731,Tamarack Trl,,,Summit Township,42.19077867145842,-84.47271577479461,0.039773,2,Asphalt,Local,65,2026-08-16,Medium,1000,10,Moderate,Crack Seal,1,provisional,Michigan GIS Open Data + Paventra rehearsal assumptions,2026-08-16
SUM-ROAD-700,SUM-700-9038093801175738011736,Country Manor Dr,,,Summit Township,42.19077867145842,-84.47271577479461,0.033314,2,Asphalt,Local,65,2026-08-16,Medium,1000,10,Moderate,Crack Seal,1,provisional,Michigan GIS Open Data + Paventra rehearsal assumptions,2026-08-16
SUM-ROAD-701,SUM-701-9029093801175538011689,Horton Rd,,,Summit Township,42.190451504735016,-84.45304782551902,0.088593,2,Asphalt,Local,65,2026-08-16,Medium,1000,10,Moderate,Crack Seal,1,provisional,Michigan GIS Open Data + Paventra rehearsal assumptions,2026-08-16
SUM-ROAD-702,SUM-702-9053083801171038011755,Golf Club Blvd,,,Summit Township,42.19131206554963,-84.45595595520726,0.161695,2,Asphalt,Local,65,2026-08-16,Medium,1000,10,Moderate,Crack Seal,1,provisional,Michigan GIS Open Data + Paventra rehearsal assumptions,2026-08-16
SUM-ROAD-703,SUM-703-33812283801977438019772,Wandering Creek Dr,,,Summit Township,42.1904401789227,-84.44193275387353,0.016934,2,Asphalt,Local,65,2026-08-16,Medium,1000,10,Moderate,Crack Seal,1,provisional,Michigan GIS Open Data + Paventra rehearsal assumptions,2026-08-16
SUM-ROAD-704,SUM-704-9029083801176938011707,Mapledale Rd,,,Summit Township,42.19051775344403,-84.46709255772645,0.088914,2,Asphalt,Local,65,2026-08-16,Medium,1000,10,Moderate,Crack Seal,1,provisional,Michigan GIS Open Data + Paventra rehearsal assumptions,2026-08-16
SUM-ROAD-705,SUM-705-9038053801176938011772,Hathaway Ln,,,Summit Township,42.19051775344403,-84.46709255772645,0.125492,2,Asphalt,Local,65,2026-08-16,Medium,1000,10,Moderate,Crack Seal,1,provisional,Michigan GIS Open Data + Paventra rehearsal assumptions,2026-08-16
SUM-ROAD-706,SUM-706-9039023801178538011710,Happy Valley Blvd,,,Summit Township,42.19002694668237,-84.45672672372046,0.097159,2,Asphalt,Local,65,2026-08-16,Medium,1000,10,Moderate,Crack Seal,1,provisional,Michigan GIS Open Data + Paventra rehearsal assumptions,2026-08-16
SUM-ROAD-707,SUM-707-9038053801179138011769,Hathaway Ln,,,Summit Township,42.19018855173452,-84.47213860986284,0.262894,2,Asphalt,Local,65,2026-08-16,Medium,1000,10,Moderate,Crack Seal,1,provisional,Michigan GIS Open Data + Paventra rehearsal assumptions,2026-08-16
SUM-ROAD-708,SUM-708-9038093801179138011757,Country Manor Dr,,,Summit Township,42.19018855173452,-84.47213860986284,0.051741,2,Asphalt,Local,65,2026-08-16,Medium,1000,10,Moderate,Crack Seal,1,provisional,Michigan GIS Open Data + Paventra rehearsal assumptions,2026-08-16
SUM-ROAD-709,SUM-709-9039013801179238011785,Brookside Blvd,,,Summit Township,42.18992164056243,-84.45790985908972,0.061359,2,Asphalt,Local,65,2026-08-16,Medium,1000,10,Moderate,Crack Seal,1,provisional,Michigan GIS Open Data + Paventra rehearsal assumptions,2026-08-16
SUM-ROAD-710,SUM-710-9039013801161438011792,Brookside Blvd,,,Summit Township,42.19274064573699,-84.45892808947077,0.223562,2,Asphalt,Local,65,2026-08-16,Medium,1000,10,Moderate,Crack Seal,1,provisional,Michigan GIS Open Data + Paventra rehearsal assumptions,2026-08-16
SUM-ROAD-711,SUM-711-9029093801180538011755,Horton Rd,,,Summit Township,42.18937213703524,-84.45394796794292,0.087628,2,Asphalt,Local,65,2026-08-16,Medium,1000,10,Moderate,Crack Seal,1,provisional,Michigan GIS Open Data + Paventra rehearsal assumptions,2026-08-16
SUM-ROAD-712,SUM-712-9039013801178538011805,Brookside Blvd,,,Summit Township,42.19002694668237,-84.45672672372046,0.152266,2,Asphalt,Local,65,2026-08-16,Medium,1000,10,Moderate,Crack Seal,1,provisional,Michigan GIS Open Data + Paventra rehearsal assumptions,2026-08-16
SUM-ROAD-713,SUM-713-33809233801754138017336,Spring Hl,,,Summit Township,42.18959410391126,-84.47625168321088,0.201948,2,Asphalt,Local,65,2026-08-16,Medium,1000,10,Moderate,Crack Seal,1,provisional,Michigan GIS Open Data + Paventra rehearsal assumptions,2026-08-16
SUM-ROAD-714,SUM-714-9029083801181638011769,Mapledale Rd,,,Summit Township,42.1891824782657,-84.46689032468187,0.093662,2,Asphalt,Local,65,2026-08-16,Medium,1000,10,Moderate,Crack Seal,1,provisional,Michigan GIS Open Data + Paventra rehearsal assumptions,2026-08-16
SUM-ROAD-715,SUM-715-9038083801181638011614,Vrooman Rd,,,Summit Township,42.1891824782657,-84.46689032468187,0.511363,2,Asphalt,Local,65,2026-08-16,Medium,1000,10,Moderate,Crack Seal,1,provisional,Michigan GIS Open Data + Paventra rehearsal assumptions,2026-08-16
SUM-ROAD-716,SUM-716-9038083801181838011816,Vrooman Rd,,,Summit Township,42.1891735641553,-84.47059435675955,0.190047,2,Asphalt,Local,65,2026-08-16,Medium,1000,10,Moderate,Crack Seal,1,provisional,Michigan GIS Open Data + Paventra rehearsal assumptions,2026-08-16
SUM-ROAD-717,SUM-717-9038083801181938011818,Vrooman Rd,,,Summit Township,42.18917292337958,-84.47219707982022,0.082233,2,Asphalt,Local,65,2026-08-16,Medium,1000,10,Moderate,Crack Seal,1,provisional,Michigan GIS Open Data + Paventra rehearsal assumptions,2026-08-16
SUM-ROAD-718,SUM-718-9038093801181938011791,Country Manor Dr,,,Summit Township,42.18917292337958,-84.47219707982022,0.070148,2,Asphalt,Local,65,2026-08-16,Medium,1000,10,Moderate,Crack Seal,1,provisional,Michigan GIS Open Data + Paventra rehearsal assumptions,2026-08-16
SUM-ROAD-719,SUM-719-33809233801733238017541,Spring Hl,,,Summit Township,42.18919621987104,-84.47626983776578,0.027467,2,Asphalt,Local,65,2026-08-16,Medium,1000,10,Moderate,Crack Seal,1,provisional,Michigan GIS Open Data + Paventra rehearsal assumptions,2026-08-16
SUM-ROAD-720,SUM-720-9038083801733238011819,Vrooman Rd,,,Summit Township,42.18919621987104,-84.47626983776578,0.209039,2,Asphalt,Local,65,2026-08-16,Medium,1000,10,Moderate,Crack Seal,1,provisional,Michigan GIS Open Data + Paventra rehearsal assumptions,2026-08-16
SUM-ROAD-721,SUM-721-9038083801182438017332,Vrooman Rd,,,Summit Township,42.18918413497887,-84.47700989223665,0.03798,2,Asphalt,Local,65,2026-08-16,Medium,1000,10,Moderate,Crack Seal,1,provisional,Michigan GIS Open Data + Paventra rehearsal assumptions,2026-08-16
SUM-ROAD-722,SUM-722-9038083802063438011824,Vrooman Rd,,,Summit Township,42.189201590093305,-84.47917818943552,0.111257,2,Asphalt,Local,65,2026-08-16,Medium,1000,10,Moderate,Crack Seal,1,provisional,Michigan GIS Open Data + Paventra rehearsal assumptions,2026-08-16
SUM-ROAD-723,SUM-723-33815453802063438020636,Nantucket Dr,,,Summit Township,42.189201590093305,-84.47917818943552,0.43793,2,Asphalt,Local,65,2026-08-16,Medium,1000,10,Moderate,Crack Seal,1,provisional,Michigan GIS Open Data + Paventra rehearsal assumptions,2026-08-16
SUM-ROAD-724,SUM-724-9038083801182638020634,Vrooman Rd,,,Summit Township,42.18923035281476,-84.48141064724791,0.11508,2,Asphalt,Local,65,2026-08-16,Medium,1000,10,Moderate,Crack Seal,1,provisional,Michigan GIS Open Data + Paventra rehearsal assumptions,2026-08-16
SUM-ROAD-725,SUM-725-9115023801183138011837,N Bardstone St,,,Summit Township,42.18833676871613,-84.43555231681124,0.067672,2,Asphalt,Local,65,2026-08-16,Medium,1000,10,Moderate,Crack Seal,1,provisional,Michigan GIS Open Data + Paventra rehearsal assumptions,2026-08-16
SUM-ROAD-726,SUM-726-9029103801187338019773,S Jackson Rd,,,Summit Township,42.18720023208183,-84.43360082029946,0.35468,2,Asphalt,Local,65,2026-08-16,Medium,1000,10,Moderate,Crack Seal,1,provisional,Michigan GIS Open Data + Paventra rehearsal assumptions,2026-08-16
SUM-ROAD-727,SUM-727-33800883801187338011875,Wedgefield Blvd,,,Summit Township,42.18720023208183,-84.43360082029946,0.081104,2,Asphalt,Local,65,2026-08-16,Medium,1000,10,Moderate,Crack Seal,1,provisional,Michigan GIS Open Data + Paventra rehearsal assumptions,2026-08-16
SUM-ROAD-728,SUM-728-9152093801187838011870,Horseshoe Pass,,,Summit Township,42.187687416308094,-84.47056961580913,0.064205,2,Asphalt,Local,65,2026-08-16,Medium,1000,10,Moderate,Crack Seal,1,provisional,Michigan GIS Open Data + Paventra rehearsal assumptions,2026-08-16
SUM-ROAD-729,SUM-729-33800793801181838011878,Timbercrest Trl,,,Summit Township,42.1891735641553,-84.47059435675955,0.102541,2,Asphalt,Local,65,2026-08-16,Medium,1000,10,Moderate,Crack Seal,1,provisional,Michigan GIS Open Data + Paventra rehearsal assumptions,2026-08-16
SUM-ROAD-730,SUM-730-33800883801187538011876,Wedgefield Blvd,,,Summit Township,42.18720099586251,-84.43518150815225,0.015468,2,Asphalt,Local,65,2026-08-16,Medium,1000,10,Moderate,Crack Seal,1,provisional,Michigan GIS Open Data + Paventra rehearsal assumptions,2026-08-16
SUM-ROAD-731,SUM-731-9115023801187638011831,E Bardstone St,,,Summit Township,42.18719758202175,-84.43548294511196,0.07906,2,Asphalt,Local,65,2026-08-16,Medium,1000,10,Moderate,Crack Seal,1,provisional,Michigan GIS Open Data + Paventra rehearsal assumptions,2026-08-16
SUM-ROAD-732,SUM-732-33800883801187638011877,Wedgefield Blvd,,,Summit Township,42.18719758202175,-84.43548294511196,0.035395,2,Asphalt,Local,65,2026-08-16,Medium,1000,10,Moderate,Crack Seal,1,provisional,Michigan GIS Open Data + Paventra rehearsal assumptions,2026-08-16
SUM-ROAD-733,SUM-733-33800883801187738011880,Wedgefield Blvd,,,Summit Township,42.18718897381159,-84.43617268729626,0.034346,2,Asphalt,Local,65,2026-08-16,Medium,1000,10,Moderate,Crack Seal,1,provisional,Michigan GIS Open Data + Paventra rehearsal assumptions,2026-08-16
SUM-ROAD-734,SUM-734-9114103801188038011837,Foxfire St,,,Summit Township,42.18712638930843,-84.43683256354379,0.083589,2,Asphalt,Local,65,2026-08-16,Medium,1000,10,Moderate,Crack Seal,1,provisional,Michigan GIS Open Data + Paventra rehearsal assumptions,2026-08-16
SUM-ROAD-735,SUM-735-9114083801189538011842,Bluestone St,,,Summit Township,42.187035994424726,-84.43819195491875,0.06553,2,Asphalt,Local,65,2026-08-16,Medium,1000,10,Moderate,Crack Seal,1,provisional,Michigan GIS Open Data + Paventra rehearsal assumptions,2026-08-16
SUM-ROAD-736,SUM-736-33800883801188038011890,Wedgefield Blvd,,,Summit Township,42.18712638930843,-84.43683256354379,0.036386,2,Asphalt,Local,65,2026-08-16,Medium,1000,10,Moderate,Crack Seal,1,provisional,Michigan GIS Open Data + Paventra rehearsal assumptions,2026-08-16
SUM-ROAD-737,SUM-737-33800883801189038011895,Wedgefield Blvd,,,Summit Township,42.18702485768601,-84.43752448244413,0.034256,2,Asphalt,Local,65,2026-08-16,Medium,1000,10,Moderate,Crack Seal,1,provisional,Michigan GIS Open Data + Paventra rehearsal assumptions,2026-08-16
SUM-ROAD-738,SUM-738-33800883801189538011956,Wedgefield Blvd,,,Summit Township,42.187035994424726,-84.43819195491875,0.047597,2,Asphalt,Local,65,2026-08-16,Medium,1000,10,Moderate,Crack Seal,1,provisional,Michigan GIS Open Data + Paventra rehearsal assumptions,2026-08-16
SUM-ROAD-739,SUM-739-33800883801195638017409,Wedgefield Blvd,,,Summit Township,42.18701861219453,-84.43911930947819,0.059457,2,Asphalt,Local,65,2026-08-16,Medium,1000,10,Moderate,Crack Seal,1,provisional,Michigan GIS Open Data + Paventra rehearsal assumptions,2026-08-16
SUM-ROAD-740,SUM-740-33809553801740938017410,Thames Ct,,,Summit Township,42.187013507690445,-84.44027806707497,0.111945,2,Asphalt,Local,65,2026-08-16,Medium,1000,10,Moderate,Crack Seal,1,provisional,Michigan GIS Open Data + Paventra rehearsal assumptions,2026-08-16
SUM-ROAD-741,SUM-741-33800883801740938011896,Wedgefield Blvd,,,Summit Township,42.187013507690445,-84.44027806707497,0.069899,2,Asphalt,Local,65,2026-08-16,Medium,1000,10,Moderate,Crack Seal,1,provisional,Michigan GIS Open Data + Paventra rehearsal assumptions,2026-08-16
SUM-ROAD-742,SUM-742-9152143801190038011859,Forest Park Dr,,,Summit Township,42.18676664464797,-84.42714697988112,0.04624,2,Asphalt,Local,65,2026-08-16,Medium,1000,10,Moderate,Crack Seal,1,provisional,Michigan GIS Open Data + Paventra rehearsal assumptions,2026-08-16
SUM-ROAD-743,SUM-743-9152243801190038011855,Williams Lake Rd,,,Summit Township,42.18676664464797,-84.42714697988112,0.151236,2,Asphalt,Local,65,2026-08-16,Medium,1000,10,Moderate,Crack Seal,1,provisional,Michigan GIS Open Data + Paventra rehearsal assumptions,2026-08-16
SUM-ROAD-744,SUM-744-9029093801190438011805,Horton Rd,,,Summit Township,42.1871348305734,-84.45573784402018,0.179611,2,Asphalt,Local,65,2026-08-16,Medium,1000,10,Moderate,Crack Seal,1,provisional,Michigan GIS Open Data + Paventra rehearsal assumptions,2026-08-16
SUM-ROAD-745,SUM-745-9039023801190438011785,Happy Valley Blvd,,,Summit Township,42.1871348305734,-84.45573784402018,0.224688,2,Asphalt,Local,65,2026-08-16,Medium,1000,10,Moderate,Crack Seal,1,provisional,Michigan GIS Open Data + Paventra rehearsal assumptions,2026-08-16
SUM-ROAD-746,SUM-746-33809253801733238017342,Stone Oak Dr,,,Summit Township,42.18919621987104,-84.47626983776578,0.149737,2,Asphalt,Local,65,2026-08-16,Medium,1000,10,Moderate,Crack Seal,1,provisional,Michigan GIS Open Data + Paventra rehearsal assumptions,2026-08-16
SUM-ROAD-747,SUM-747-33809563801191138011896,Camles Ct,,,Summit Township,42.18661498153374,-84.44179565816344,0.026302,2,Asphalt,Local,65,2026-08-16,Medium,1000,10,Moderate,Crack Seal,1,provisional,Michigan GIS Open Data + Paventra rehearsal assumptions,2026-08-16
SUM-ROAD-748,SUM-748-33800793801187838011921,Timbercrest Trl,,,Summit Township,42.187687416308094,-84.47056961580913,0.059218,2,Asphalt,Local,65,2026-08-16,Medium,1000,10,Moderate,Crack Seal,1,provisional,Michigan GIS Open Data + Paventra rehearsal assumptions,2026-08-16
SUM-ROAD-749,SUM-749-9152083801192138011923,Lookout Cir,,,Summit Township,42.186850748925714,-84.47080165886344,0.045206,2,Asphalt,Local,65,2026-08-16,Medium,1000,10,Moderate,Crack Seal,1,provisional,Michigan GIS Open Data + Paventra rehearsal assumptions,2026-08-16
SUM-ROAD-750,SUM-750-9115033801193238011875,Redstone St,,,Summit Township,42.186130544738425,-84.43518865871408,0.074065,2,Asphalt,Local,65,2026-08-16,Medium,1000,10,Moderate,Crack Seal,1,provisional,Michigan GIS Open Data + Paventra rehearsal assumptions,2026-08-16
SUM-ROAD-751,SUM-751-33801263801187738011934,W Broadmoor St,,,Summit Township,42.18718897381159,-84.43617268729626,0.072245,2,Asphalt,Local,65,2026-08-16,Medium,1000,10,Moderate,Crack Seal,1,provisional,Michigan GIS Open Data + Paventra rehearsal assumptions,2026-08-16
SUM-ROAD-752,SUM-752-33801263801193438011932,S Broadmoor St,,,Summit Township,42.186141952566075,-84.43615171002529,0.051798,2,Asphalt,Local,65,2026-08-16,Medium,1000,10,Moderate,Crack Seal,1,provisional,Michigan GIS Open Data + Paventra rehearsal assumptions,2026-08-16
SUM-ROAD-753,SUM-753-9114193801189038018472,Blairmoor St,,,Summit Township,42.18702485768601,-84.43752448244413,0.065152,2,Asphalt,Local,65,2026-08-16,Medium,1000,10,Moderate,Crack Seal,1,provisional,Michigan GIS Open Data + Paventra rehearsal assumptions,2026-08-16
SUM-ROAD-754,SUM-754-9056033801846638011900,Forest Park Dr,,,Summit Township,42.18579730914095,-84.42704950426246,0.067397,2,Asphalt,Local,65,2026-08-16,Medium,1000,10,Moderate,Crack Seal,1,provisional,Michigan GIS Open Data + Paventra rehearsal assumptions,2026-08-16
SUM-ROAD-755,SUM-755-9114193801847238011930,Blairmoor St,,,Summit Township,42.18608109452425,-84.43749967565344,0.010753,2,Asphalt,Local,65,2026-08-16,Medium,1000,10,Moderate,Crack Seal,1,provisional,Michigan GIS Open Data + Paventra rehearsal assumptions,2026-08-16
SUM-ROAD-756,SUM-756-33809573801195438011911,Camles Ct,,,Summit Township,42.18594364786017,-84.44155708341707,0.075712,2,Asphalt,Local,65,2026-08-16,Medium,1000,10,Moderate,Crack Seal,1,provisional,Michigan GIS Open Data + Paventra rehearsal assumptions,2026-08-16
SUM-ROAD-757,SUM-757-33809563801195438011911,Camles Ct,,,Summit Township,42.18594364786017,-84.44155708341707,0.05717,2,Asphalt,Local,65,2026-08-16,Medium,1000,10,Moderate,Crack Seal,1,provisional,Michigan GIS Open Data + Paventra rehearsal assumptions,2026-08-16
SUM-ROAD-758,SUM-758-33800793801192138011949,Timbercrest Trl,,,Summit Township,42.186850748925714,-84.47080165886344,0.042314,2,Asphalt,Local,65,2026-08-16,Medium,1000,10,Moderate,Crack Seal,1,provisional,Michigan GIS Open Data + Paventra rehearsal assumptions,2026-08-16
SUM-ROAD-759,SUM-759-33809273801734238017341,E Stone Oak Dr,,,Summit Township,42.18722283314685,-84.47695441930597,0.076376,2,Asphalt,Local,65,2026-08-16,Medium,1000,10,Moderate,Crack Seal,1,provisional,Michigan GIS Open Data + Paventra rehearsal assumptions,2026-08-16
SUM-ROAD-760,SUM-760-33810623801846638018557,Forest Park Dr,,,Summit Township,42.18579730914095,-84.42704950426246,0.014205,2,Asphalt,Local,65,2026-08-16,Medium,1000,10,Moderate,Crack Seal,1,provisional,Michigan GIS Open Data + Paventra rehearsal assumptions,2026-08-16
SUM-ROAD-761,SUM-761-33809253801734238011899,W Stone Oak Dr,,,Summit Township,42.18722283314685,-84.47695441930597,0.166935,2,Asphalt,Local,65,2026-08-16,Medium,1000,10,Moderate,Crack Seal,1,provisional,Michigan GIS Open Data + Paventra rehearsal assumptions,2026-08-16
SUM-ROAD-762,SUM-762-33800793801194938011962,Timbercrest Trl,,,Summit Township,42.18630206812113,-84.47115224313778,0.04533,2,Asphalt,Local,65,2026-08-16,Medium,1000,10,Moderate,Crack Seal,1,provisional,Michigan GIS Open Data + Paventra rehearsal assumptions,2026-08-16
SUM-ROAD-763,SUM-763-9056033801749938018466,Vandemere Dr,,,Summit Township,42.18495570063012,-84.42878489642473,0.106884,2,Asphalt,Local,65,2026-08-16,Medium,1000,10,Moderate,Crack Seal,1,provisional,Michigan GIS Open Data + Paventra rehearsal assumptions,2026-08-16
SUM-ROAD-764,SUM-764-9114033801847738011948,Camles Ct,,,Summit Township,42.18510643447964,-84.44166511498298,0.010402,2,Asphalt,Local,65,2026-08-16,Medium,1000,10,Moderate,Crack Seal,1,provisional,Michigan GIS Open Data + Paventra rehearsal assumptions,2026-08-16
SUM-ROAD-765,SUM-765-9114053801197238011956,Thames Ct,,,Summit Township,42.18506089989534,-84.44019741115,0.182721,2,Asphalt,Local,65,2026-08-16,Medium,1000,10,Moderate,Crack Seal,1,provisional,Michigan GIS Open Data + Paventra rehearsal assumptions,2026-08-16
SUM-ROAD-766,SUM-766-33814363802166038020270,Rockingham Way,,,Summit Township,42.18524142908902,-84.45831729502433,0.159414,2,Asphalt,Local,65,2026-08-16,Medium,1000,10,Moderate,Crack Seal,1,provisional,Michigan GIS Open Data + Paventra rehearsal assumptions,2026-08-16
SUM-ROAD-767,SUM-767-9029093802026938011904,Horton Rd,,,Summit Township,42.18509630282655,-84.45695027036221,0.156086,2,Asphalt,Local,65,2026-08-16,Medium,1000,10,Moderate,Crack Seal,1,provisional,Michigan GIS Open Data + Paventra rehearsal assumptions,2026-08-16
SUM-ROAD-768,SUM-768-9029103801197738011873,S Jackson Rd,,,Summit Township,42.1847214567898,-84.43157971293023,0.205577,2,Asphalt,Local,65,2026-08-16,Medium,1000,10,Moderate,Crack Seal,1,provisional,Michigan GIS Open Data + Paventra rehearsal assumptions,2026-08-16
SUM-ROAD-769,SUM-769-33814363802026938021660,Rockingham Way,,,Summit Township,42.18509630282655,-84.45695027036221,0.073257,2,Asphalt,Local,65,2026-08-16,Medium,1000,10,Moderate,Crack Seal,1,provisional,Michigan GIS Open Data + Paventra rehearsal assumptions,2026-08-16
SUM-ROAD-770,SUM-770-33800903801197238011980,Lochmoor Blvd,,,Summit Township,42.18506089989534,-84.44019741115,0.085776,2,Asphalt,Local,65,2026-08-16,Medium,1000,10,Moderate,Crack Seal,1,provisional,Michigan GIS Open Data + Paventra rehearsal assumptions,2026-08-16
SUM-ROAD-771,SUM-771-33800903801196838011972,Lochmoor Blvd,,,Summit Township,42.1847167787745,-84.44068076448606,0.034334,2,Asphalt,Local,65,2026-08-16,Medium,1000,10,Moderate,Crack Seal,1,provisional,Michigan GIS Open Data + Paventra rehearsal assumptions,2026-08-16
SUM-ROAD-772,SUM-772-9056033801198438017499,Vandemere Dr,,,Summit Township,42.18456075300198,-84.43132805980412,0.151609,2,Asphalt,Local,65,2026-08-16,Medium,1000,10,Moderate,Crack Seal,1,provisional,Michigan GIS Open Data + Paventra rehearsal assumptions,2026-08-16
SUM-ROAD-773,SUM-773-9029103801198438011977,S Jackson Rd,,,Summit Township,42.18456075300198,-84.43132805980412,0.01702,2,Asphalt,Local,65,2026-08-16,Medium,1000,10,Moderate,Crack Seal,1,provisional,Michigan GIS Open Data + Paventra rehearsal assumptions,2026-08-16
SUM-ROAD-774,SUM-774-33800903801198938011977,Lochmoor Blvd,,,Summit Township,42.184394517948604,-84.43320278512742,0.090511,2,Asphalt,Local,65,2026-08-16,Medium,1000,10,Moderate,Crack Seal,1,provisional,Michigan GIS Open Data + Paventra rehearsal assumptions,2026-08-16
SUM-ROAD-775,SUM-775-9114063801198038011989,Maunta Ln,,,Summit Township,42.18474708676802,-84.438701994971,0.321173,2,Asphalt,Local,65,2026-08-16,Medium,1000,10,Moderate,Crack Seal,1,provisional,Michigan GIS Open Data + Paventra rehearsal assumptions,2026-08-16
SUM-ROAD-776,SUM-776-33800903801198038011989,Lochmoor Blvd,,,Summit Township,42.18474708676802,-84.438701994971,0.291883,2,Asphalt,Local,65,2026-08-16,Medium,1000,10,Moderate,Crack Seal,1,provisional,Michigan GIS Open Data + Paventra rehearsal assumptions,2026-08-16
SUM-ROAD-777,SUM-777-33816623802166038021663,Belgian Cir,,,Summit Township,42.18524142908902,-84.45831729502433,0.054263,2,Asphalt,Local,65,2026-08-16,Medium,1000,10,Moderate,Crack Seal,1,provisional,Michigan GIS Open Data + Paventra rehearsal assumptions,2026-08-16
SUM-ROAD-778,SUM-778-33816633802166238021663,Belgian Cir,,,Summit Township,42.18464468726437,-84.461210858318,0.116601,2,Asphalt,Local,65,2026-08-16,Medium,1000,10,Moderate,Crack Seal,1,provisional,Michigan GIS Open Data + Paventra rehearsal assumptions,2026-08-16
SUM-ROAD-779,SUM-779-33800903801196638011968,Lochmoor Blvd,,,Summit Township,42.18435532034802,-84.44127719324125,0.039517,2,Asphalt,Local,65,2026-08-16,Medium,1000,10,Moderate,Crack Seal,1,provisional,Michigan GIS Open Data + Paventra rehearsal assumptions,2026-08-16
SUM-ROAD-780,SUM-780-9114033801196638018477,Camles Ct,,,Summit Township,42.18435532034802,-84.44127719324125,0.058333,2,Asphalt,Local,65,2026-08-16,Medium,1000,10,Moderate,Crack Seal,1,provisional,Michigan GIS Open Data + Paventra rehearsal assumptions,2026-08-16
SUM-ROAD-781,SUM-781-9114143801196838018476,Lochmoor Ct,,,Summit Township,42.1847167787745,-84.44068076448606,0.034659,2,Asphalt,Local,65,2026-08-16,Medium,1000,10,Moderate,Crack Seal,1,provisional,Michigan GIS Open Data + Paventra rehearsal assumptions,2026-08-16
SUM-ROAD-782,SUM-782-9114143801847638011987,Lochmoor Ct,,,Summit Township,42.184314137868476,-84.44027684271947,0.007566,2,Asphalt,Local,65,2026-08-16,Medium,1000,10,Moderate,Crack Seal,1,provisional,Michigan GIS Open Data + Paventra rehearsal assumptions,2026-08-16
SUM-ROAD-783,SUM-783-33816623802166338021664,Belgian Cir,,,Summit Township,42.18463902570465,-84.45899721935089,0.02394,2,Asphalt,Local,65,2026-08-16,Medium,1000,10,Moderate,Crack Seal,1,provisional,Michigan GIS Open Data + Paventra rehearsal assumptions,2026-08-16
SUM-ROAD-784,SUM-784-33816633802166138021662,Belgian Cir,,,Summit Township,42.18400376158059,-84.46131551395084,0.048224,2,Asphalt,Local,65,2026-08-16,Medium,1000,10,Moderate,Crack Seal,1,provisional,Michigan GIS Open Data + Paventra rehearsal assumptions,2026-08-16
SUM-ROAD-785,SUM-785-33816623802166438021661,Belgian Cir,,,Summit Township,42.184335290701355,-84.45879133802323,0.158303,2,Asphalt,Local,65,2026-08-16,Medium,1000,10,Moderate,Crack Seal,1,provisional,Michigan GIS Open Data + Paventra rehearsal assumptions,2026-08-16
SUM-ROAD-786,SUM-786-18383023801740138025566,Bibon,,,Summit Township,42.18324899975194,-84.4333741003395,0.037282,2,Asphalt,Local,65,2026-08-16,Medium,1000,10,Moderate,Crack Seal,1,provisional,Michigan GIS Open Data + Paventra rehearsal assumptions,2026-08-16
SUM-ROAD-787,SUM-787-33809583801740138017402,Pointe N,,,Summit Township,42.18324899975194,-84.4333741003395,0.219697,2,Asphalt,Local,65,2026-08-16,Medium,1000,10,Moderate,Crack Seal,1,provisional,Michigan GIS Open Data + Paventra rehearsal assumptions,2026-08-16
SUM-ROAD-788,SUM-788-9038043801199338011962,Squires Manor St,,,Summit Township,42.183647288650256,-84.47144316482394,0.161701,2,Asphalt,Local,65,2026-08-16,Medium,1000,10,Moderate,Crack Seal,1,provisional,Michigan GIS Open Data + Paventra rehearsal assumptions,2026-08-16
SUM-ROAD-789,SUM-789-9029093801739238020269,Horton Rd,,,Summit Township,42.183405618694906,-84.45698408668513,0.116658,2,Asphalt,Local,65,2026-08-16,Medium,1000,10,Moderate,Crack Seal,1,provisional,Michigan GIS Open Data + Paventra rehearsal assumptions,2026-08-16
SUM-ROAD-790,SUM-790-33800893801740738017408,Lexington Blvd,,,Summit Township,42.18308576232797,-84.4416673593576,0.16572,2,Asphalt,Local,65,2026-08-16,Medium,1000,10,Moderate,Crack Seal,1,provisional,Michigan GIS Open Data + Paventra rehearsal assumptions,2026-08-16
SUM-ROAD-791,SUM-791-33800903801740738011966,Lochmoor Blvd,,,Summit Township,42.18308576232797,-84.4416673593576,0.0951,2,Asphalt,Local,65,2026-08-16,Medium,1000,10,Moderate,Crack Seal,1,provisional,Michigan GIS Open Data + Paventra rehearsal assumptions,2026-08-16
SUM-ROAD-792,SUM-792-9152173801199338011998,Snowdrift Pass,,,Summit Township,42.183647288650256,-84.47144316482394,0.028598,2,Asphalt,Local,65,2026-08-16,Medium,1000,10,Moderate,Crack Seal,1,provisional,Michigan GIS Open Data + Paventra rehearsal assumptions,2026-08-16
SUM-ROAD-793,SUM-793-9029103801205338011984,S Jackson Rd,,,Summit Township,42.18275946140539,-84.42885671351742,0.177554,2,Asphalt,Local,65,2026-08-16,Medium,1000,10,Moderate,Crack Seal,1,provisional,Michigan GIS Open Data + Paventra rehearsal assumptions,2026-08-16
SUM-ROAD-794,SUM-794-9152063801205938011949,Deer Ridge Rd,,,Summit Township,42.183151609676685,-84.47093187151529,0.261677,2,Asphalt,Local,65,2026-08-16,Medium,1000,10,Moderate,Crack Seal,1,provisional,Michigan GIS Open Data + Paventra rehearsal assumptions,2026-08-16
SUM-ROAD-795,SUM-795-9038043801205938011993,Squires Manor St,,,Summit Township,42.183151609676685,-84.47093187151529,0.043103,2,Asphalt,Local,65,2026-08-16,Medium,1000,10,Moderate,Crack Seal,1,provisional,Michigan GIS Open Data + Paventra rehearsal assumptions,2026-08-16
SUM-ROAD-796,SUM-796-9152053801206338012047,Englewood St,,,Summit Township,42.18291168629015,-84.46036928990422,0.103524,2,Asphalt,Local,65,2026-08-16,Medium,1000,10,Moderate,Crack Seal,1,provisional,Michigan GIS Open Data + Paventra rehearsal assumptions,2026-08-16
SUM-ROAD-797,SUM-797-9038063801206338012043,Ravenwood St,,,Summit Township,42.18291168629015,-84.46036928990422,0.072543,2,Asphalt,Local,65,2026-08-16,Medium,1000,10,Moderate,Crack Seal,1,provisional,Michigan GIS Open Data + Paventra rehearsal assumptions,2026-08-16
SUM-ROAD-798,SUM-798-33809523801739238017393,Mulligan Dr,,,Summit Township,42.183405618694906,-84.45698408668513,0.125199,2,Asphalt,Local,65,2026-08-16,Medium,1000,10,Moderate,Crack Seal,1,provisional,Michigan GIS Open Data + Paventra rehearsal assumptions,2026-08-16
SUM-ROAD-799,SUM-799-9056023801208238018465,Merriman Rd,,,Summit Township,42.181913183887,-84.42795927876153,0.438636,2,Asphalt,Local,65,2026-08-16,Medium,1000,10,Moderate,Crack Seal,1,provisional,Michigan GIS Open Data + Paventra rehearsal assumptions,2026-08-16
SUM-ROAD-800,SUM-800-9029103801208238012053,S Jackson Rd,,,Summit Township,42.181913183887,-84.42795927876153,0.074971,2,Asphalt,Local,65,2026-08-16,Medium,1000,10,Moderate,Crack Seal,1,provisional,Michigan GIS Open Data + Paventra rehearsal assumptions,2026-08-16
SUM-ROAD-801,SUM-801-18383023801208538017401,Bibon,,,Summit Township,42.1819015379313,-84.43352406059421,0.094854,2,Asphalt,Local,65,2026-08-16,Medium,1000,10,Moderate,Crack Seal,1,provisional,Michigan GIS Open Data + Paventra rehearsal assumptions,2026-08-16
SUM-ROAD-802,SUM-802-9029093801210038017392,Horton Rd,,,Summit Township,42.181928638255435,-84.45700314675314,0.101929,2,Asphalt,Local,65,2026-08-16,Medium,1000,10,Moderate,Crack Seal,1,provisional,Michigan GIS Open Data + Paventra rehearsal assumptions,2026-08-16
SUM-ROAD-803,SUM-803-33809533801739338017396,Mulligan Dr,,,Summit Township,42.18241351060173,-84.45505378307206,0.092697,2,Asphalt,Local,65,2026-08-16,Medium,1000,10,Moderate,Crack Seal,1,provisional,Michigan GIS Open Data + Paventra rehearsal assumptions,2026-08-16
SUM-ROAD-804,SUM-804-8995103801209838012100,Horton Rd,,,Summit Township,42.181929191934856,-84.4603432772697,0.171395,2,Asphalt,Local,65,2026-08-16,Medium,1000,10,Moderate,Crack Seal,1,provisional,Michigan GIS Open Data + Paventra rehearsal assumptions,2026-08-16
SUM-ROAD-805,SUM-805-9038063801209838012063,Ravenwood St,,,Summit Township,42.181929191934856,-84.4603432772697,0.067798,2,Asphalt,Local,65,2026-08-16,Medium,1000,10,Moderate,Crack Seal,1,provisional,Michigan GIS Open Data + Paventra rehearsal assumptions,2026-08-16
SUM-ROAD-806,SUM-806-8995103801210138012098,Horton Rd,,,Summit Township,42.181943824547375,-84.46683400467954,0.333066,2,Asphalt,Local,65,2026-08-16,Medium,1000,10,Moderate,Crack Seal,1,provisional,Michigan GIS Open Data + Paventra rehearsal assumptions,2026-08-16
SUM-ROAD-807,SUM-807-9029083801210138011816,Mapledale Rd,,,Summit Township,42.181943824547375,-84.46683400467954,0.499422,2,Asphalt,Local,65,2026-08-16,Medium,1000,10,Moderate,Crack Seal,1,provisional,Michigan GIS Open Data + Paventra rehearsal assumptions,2026-08-16
SUM-ROAD-808,SUM-808-33809523801739338017396,Mulligan Dr,,,Summit Township,42.18241351060173,-84.45505378307206,0.094963,2,Asphalt,Local,65,2026-08-16,Medium,1000,10,Moderate,Crack Seal,1,provisional,Michigan GIS Open Data + Paventra rehearsal assumptions,2026-08-16
SUM-ROAD-809,SUM-809-8995103801210338012101,Horton Rd,,,Summit Township,42.18195437581559,-84.47080821249071,0.203933,2,Asphalt,Local,65,2026-08-16,Medium,1000,10,Moderate,Crack Seal,1,provisional,Michigan GIS Open Data + Paventra rehearsal assumptions,2026-08-16
SUM-ROAD-810,SUM-810-9038043801210338012059,Squires Manor St,,,Summit Township,42.18195437581559,-84.47080821249071,0.083338,2,Asphalt,Local,65,2026-08-16,Medium,1000,10,Moderate,Crack Seal,1,provisional,Michigan GIS Open Data + Paventra rehearsal assumptions,2026-08-16
SUM-ROAD-811,SUM-811-8995103801210538012103,Horton Rd,,,Summit Township,42.18200083927024,-84.48114193527071,0.530272,2,Asphalt,Local,65,2026-08-16,Medium,1000,10,Moderate,Crack Seal,1,provisional,Michigan GIS Open Data + Paventra rehearsal assumptions,2026-08-16
SUM-ROAD-812,SUM-812-33800893801740638017407,Lexington Blvd,,,Summit Township,42.18139703500616,-84.44169181587598,0.116516,2,Asphalt,Local,65,2026-08-16,Medium,1000,10,Moderate,Crack Seal,1,provisional,Michigan GIS Open Data + Paventra rehearsal assumptions,2026-08-16
SUM-ROAD-813,SUM-813-9029103801212838012082,S Jackson Rd,,,Summit Township,42.180448530559204,-84.4277179894103,0.102952,2,Asphalt,Local,65,2026-08-16,Medium,1000,10,Moderate,Crack Seal,1,provisional,Michigan GIS Open Data + Paventra rehearsal assumptions,2026-08-16
SUM-ROAD-814,SUM-814-33800893801212838017383,Lexington Blvd,,,Summit Township,42.180448530559204,-84.4277179894103,0.083269,2,Asphalt,Local,65,2026-08-16,Medium,1000,10,Moderate,Crack Seal,1,provisional,Michigan GIS Open Data + Paventra rehearsal assumptions,2026-08-16
SUM-ROAD-815,SUM-815-9114023801738338012094,Rickfield N,,,Summit Township,42.180446540879224,-84.42934070061061,0.074811,2,Asphalt,Local,65,2026-08-16,Medium,1000,10,Moderate,Crack Seal,1,provisional,Michigan GIS Open Data + Paventra rehearsal assumptions,2026-08-16
SUM-ROAD-816,SUM-816-33800893801738338012129,Lexington Blvd,,,Summit Township,42.180446540879224,-84.42934070061061,0.006788,2,Asphalt,Local,65,2026-08-16,Medium,1000,10,Moderate,Crack Seal,1,provisional,Michigan GIS Open Data + Paventra rehearsal assumptions,2026-08-16
SUM-ROAD-817,SUM-817-33800893801212938012130,Lexington Blvd,,,Summit Township,42.18043647135581,-84.42947229522052,0.062656,2,Asphalt,Local,65,2026-08-16,Medium,1000,10,Moderate,Crack Seal,1,provisional,Michigan GIS Open Data + Paventra rehearsal assumptions,2026-08-16
SUM-ROAD-818,SUM-818-9113103801213038012095,Marengo,,,Summit Township,42.18044506143916,-84.43069324304263,0.082955,2,Asphalt,Local,65,2026-08-16,Medium,1000,10,Moderate,Crack Seal,1,provisional,Michigan GIS Open Data + Paventra rehearsal assumptions,2026-08-16
SUM-ROAD-819,SUM-819-33800893801213038012131,Lexington Blvd,,,Summit Township,42.18044506143916,-84.43069324304263,0.022081,2,Asphalt,Local,65,2026-08-16,Medium,1000,10,Moderate,Crack Seal,1,provisional,Michigan GIS Open Data + Paventra rehearsal assumptions,2026-08-16
SUM-ROAD-820,SUM-820-33800893801213138012133,Lexington Blvd,,,Summit Township,42.18044997768234,-84.43112349198533,0.046966,2,Asphalt,Local,65,2026-08-16,Medium,1000,10,Moderate,Crack Seal,1,provisional,Michigan GIS Open Data + Paventra rehearsal assumptions,2026-08-16
SUM-ROAD-821,SUM-821-9113083801213338012096,Picarn,,,Summit Township,42.180446526359674,-84.43203873009459,0.082955,2,Asphalt,Local,65,2026-08-16,Medium,1000,10,Moderate,Crack Seal,1,provisional,Michigan GIS Open Data + Paventra rehearsal assumptions,2026-08-16
SUM-ROAD-822,SUM-822-33800893801213338012135,Lexington Blvd,,,Summit Township,42.180446526359674,-84.43203873009459,0.028705,2,Asphalt,Local,65,2026-08-16,Medium,1000,10,Moderate,Crack Seal,1,provisional,Michigan GIS Open Data + Paventra rehearsal assumptions,2026-08-16
SUM-ROAD-823,SUM-823-33800893801213538012134,Lexington Blvd,,,Summit Township,42.18044546000129,-84.43259812395664,0.041155,2,Asphalt,Local,65,2026-08-16,Medium,1000,10,Moderate,Crack Seal,1,provisional,Michigan GIS Open Data + Paventra rehearsal assumptions,2026-08-16
SUM-ROAD-824,SUM-824-18383023801213438012085,Bibon,,,Summit Township,42.18044519874709,-84.43340013424421,0.101242,2,Asphalt,Local,65,2026-08-16,Medium,1000,10,Moderate,Crack Seal,1,provisional,Michigan GIS Open Data + Paventra rehearsal assumptions,2026-08-16
SUM-ROAD-825,SUM-825-33800893801213438012132,Lexington Blvd,,,Summit Township,42.18044519874709,-84.43340013424421,0.028725,2,Asphalt,Local,65,2026-08-16,Medium,1000,10,Moderate,Crack Seal,1,provisional,Michigan GIS Open Data + Paventra rehearsal assumptions,2026-08-16
SUM-ROAD-826,SUM-826-33800893801740538017406,Lexington Blvd,,,Summit Township,42.18043854981476,-84.44140995966143,0.068049,2,Asphalt,Local,65,2026-08-16,Medium,1000,10,Moderate,Crack Seal,1,provisional,Michigan GIS Open Data + Paventra rehearsal assumptions,2026-08-16
SUM-ROAD-827,SUM-827-33809513801739438017395,Fairway Ln,,,Summit Township,42.18056440293253,-84.45385937783723,0.104523,2,Asphalt,Local,65,2026-08-16,Medium,1000,10,Moderate,Crack Seal,1,provisional,Michigan GIS Open Data + Paventra rehearsal assumptions,2026-08-16
SUM-ROAD-828,SUM-828-9029093801739438012100,Springbrook Rd,,,Summit Township,42.18056440293253,-84.45385937783723,0.186805,2,Asphalt,Local,65,2026-08-16,Medium,1000,10,Moderate,Crack Seal,1,provisional,Michigan GIS Open Data + Paventra rehearsal assumptions,2026-08-16
SUM-ROAD-829,SUM-829-33800893801213238012140,Lexington Blvd,,,Summit Township,42.180450101939016,-84.43395986850999,0.085355,2,Asphalt,Local,65,2026-08-16,Medium,1000,10,Moderate,Crack Seal,1,provisional,Michigan GIS Open Data + Paventra rehearsal assumptions,2026-08-16
SUM-ROAD-830,SUM-830-33809643801740538017406,Carriage Hill,,,Summit Township,42.18043854981476,-84.44140995966143,0.35271,2,Asphalt,Local,65,2026-08-16,Medium,1000,10,Moderate,Crack Seal,1,provisional,Michigan GIS Open Data + Paventra rehearsal assumptions,2026-08-16
SUM-ROAD-831,SUM-831-33800893801214038012151,Lexington Blvd,,,Summit Township,42.180230283052154,-84.43557478223998,0.060711,2,Asphalt,Local,65,2026-08-16,Medium,1000,10,Moderate,Crack Seal,1,provisional,Michigan GIS Open Data + Paventra rehearsal assumptions,2026-08-16
SUM-ROAD-832,SUM-832-33809593801214038012181,Campfield,,,Summit Township,42.180230283052154,-84.43557478223998,0.04697,2,Asphalt,Local,65,2026-08-16,Medium,1000,10,Moderate,Crack Seal,1,provisional,Michigan GIS Open Data + Paventra rehearsal assumptions,2026-08-16
SUM-ROAD-833,SUM-833-9114113801212938012189,Rickfield S,,,Summit Township,42.18043647135581,-84.42947229522052,0.065909,2,Asphalt,Local,65,2026-08-16,Medium,1000,10,Moderate,Crack Seal,1,provisional,Michigan GIS Open Data + Paventra rehearsal assumptions,2026-08-16
SUM-ROAD-834,SUM-834-33800893801740338017405,Lexington Blvd,,,Summit Township,42.17956969680314,-84.44041083625221,0.079749,2,Asphalt,Local,65,2026-08-16,Medium,1000,10,Moderate,Crack Seal,1,provisional,Michigan GIS Open Data + Paventra rehearsal assumptions,2026-08-16
SUM-ROAD-835,SUM-835-33800893801215138017411,Lexington Blvd,,,Summit Township,42.179846119334115,-84.43663917293345,0.059988,2,Asphalt,Local,65,2026-08-16,Medium,1000,10,Moderate,Crack Seal,1,provisional,Michigan GIS Open Data + Paventra rehearsal assumptions,2026-08-16
SUM-ROAD-836,SUM-836-33809603801215138012184,Amber,,,Summit Township,42.179846119334115,-84.43663917293345,0.034659,2,Asphalt,Local,65,2026-08-16,Medium,1000,10,Moderate,Crack Seal,1,provisional,Michigan GIS Open Data + Paventra rehearsal assumptions,2026-08-16
SUM-ROAD-837,SUM-837-33800893801218038017403,Lexington Blvd,,,Summit Township,42.1793145769128,-84.43971226294636,0.039936,2,Asphalt,Local,65,2026-08-16,Medium,1000,10,Moderate,Crack Seal,1,provisional,Michigan GIS Open Data + Paventra rehearsal assumptions,2026-08-16
SUM-ROAD-838,SUM-838-33800893801741138017413,Lexington Blvd,,,Summit Township,42.17949698186608,-84.43770979350728,0.058736,2,Asphalt,Local,65,2026-08-16,Medium,1000,10,Moderate,Crack Seal,1,provisional,Michigan GIS Open Data + Paventra rehearsal assumptions,2026-08-16
SUM-ROAD-839,SUM-839-33800893801741338012180,Lexington Blvd,,,Summit Township,42.17922659759614,-84.43878905889802,0.048285,2,Asphalt,Local,65,2026-08-16,Medium,1000,10,Moderate,Crack Seal,1,provisional,Michigan GIS Open Data + Paventra rehearsal assumptions,2026-08-16
SUM-ROAD-840,SUM-840-9113193801213138018492,Joymont,,,Summit Township,42.18044997768234,-84.43112349198533,0.107955,2,Asphalt,Local,65,2026-08-16,Medium,1000,10,Moderate,Crack Seal,1,provisional,Michigan GIS Open Data + Paventra rehearsal assumptions,2026-08-16
SUM-ROAD-841,SUM-841-9113193801849238012200,Joymont St,,,Summit Township,42.17888525508721,-84.4311296666432,0.007286,2,Asphalt,Local,65,2026-08-16,Medium,1000,10,Moderate,Crack Seal,1,provisional,Michigan GIS Open Data + Paventra rehearsal assumptions,2026-08-16
SUM-ROAD-842,SUM-842-18383133801213538018491,Salabelle,,,Summit Township,42.18044546000129,-84.43259812395664,0.114205,2,Asphalt,Local,65,2026-08-16,Medium,1000,10,Moderate,Crack Seal,1,provisional,Michigan GIS Open Data + Paventra rehearsal assumptions,2026-08-16
SUM-ROAD-843,SUM-843-18383113801213238018490,Estola,,,Summit Township,42.180450101939016,-84.43395986850999,0.114205,2,Asphalt,Local,65,2026-08-16,Medium,1000,10,Moderate,Crack Seal,1,provisional,Michigan GIS Open Data + Paventra rehearsal assumptions,2026-08-16
SUM-ROAD-844,SUM-844-33809613801741138017412,Bradford,,,Summit Township,42.17949698186608,-84.43770979350728,0.048106,2,Asphalt,Local,65,2026-08-16,Medium,1000,10,Moderate,Crack Seal,1,provisional,Michigan GIS Open Data + Paventra rehearsal assumptions,2026-08-16
SUM-ROAD-845,SUM-845-18383133801849138012201,Salabelle,,,Summit Township,42.17879017466728,-84.43258410773633,0.006327,2,Asphalt,Local,65,2026-08-16,Medium,1000,10,Moderate,Crack Seal,1,provisional,Michigan GIS Open Data + Paventra rehearsal assumptions,2026-08-16
SUM-ROAD-846,SUM-846-18383113801849038012199,Estola,,,Summit Township,42.178794956481724,-84.43394715869042,0.00757,2,Asphalt,Local,65,2026-08-16,Medium,1000,10,Moderate,Crack Seal,1,provisional,Michigan GIS Open Data + Paventra rehearsal assumptions,2026-08-16
SUM-ROAD-847,SUM-847-33809633801740338017560,Mary King Dr,,,Summit Township,42.17956969680314,-84.44041083625221,0.142654,2,Asphalt,Local,65,2026-08-16,Medium,1000,10,Moderate,Crack Seal,1,provisional,Michigan GIS Open Data + Paventra rehearsal assumptions,2026-08-16
SUM-ROAD-848,SUM-848-33809633801756038017404,Mary King Dr,,,Summit Township,42.17880116556454,-84.44263528399493,0.018709,2,Asphalt,Local,65,2026-08-16,Medium,1000,10,Moderate,Crack Seal,1,provisional,Michigan GIS Open Data + Paventra rehearsal assumptions,2026-08-16
SUM-ROAD-849,SUM-849-33809623801741338017414,Finn,,,Summit Township,42.17922659759614,-84.43878905889802,0.064015,2,Asphalt,Local,65,2026-08-16,Medium,1000,10,Moderate,Crack Seal,1,provisional,Michigan GIS Open Data + Paventra rehearsal assumptions,2026-08-16
SUM-ROAD-850,SUM-850-9029093801738738017394,Springbrook Rd,,,Summit Township,42.17709720664337,-84.45209908434732,0.286568,2,Asphalt,Local,65,2026-08-16,Medium,1000,10,Moderate,Crack Seal,1,provisional,Michigan GIS Open Data + Paventra rehearsal assumptions,2026-08-16
SUM-ROAD-851,SUM-851-33809493801739138017389,Eagle Dr,,,Summit Township,42.176563134880006,-84.45035912172686,0.227427,2,Asphalt,Local,65,2026-08-16,Medium,1000,10,Moderate,Crack Seal,1,provisional,Michigan GIS Open Data + Paventra rehearsal assumptions,2026-08-16
SUM-ROAD-852,SUM-852-33809483801738738017391,Legends Blvd,,,Summit Township,42.17709720664337,-84.45209908434732,0.098643,2,Asphalt,Local,65,2026-08-16,Medium,1000,10,Moderate,Crack Seal,1,provisional,Michigan GIS Open Data + Paventra rehearsal assumptions,2026-08-16
SUM-ROAD-853,SUM-853-9029093801738538017387,Springbrook Rd,,,Summit Township,42.17586468435054,-84.45208492258749,0.085038,2,Asphalt,Local,65,2026-08-16,Medium,1000,10,Moderate,Crack Seal,1,provisional,Michigan GIS Open Data + Paventra rehearsal assumptions,2026-08-16
SUM-ROAD-854,SUM-854-33809473801738538017386,Meadowbrook Ln,,,Summit Township,42.17586468435054,-84.45208492258749,0.204924,2,Asphalt,Local,65,2026-08-16,Medium,1000,10,Moderate,Crack Seal,1,provisional,Michigan GIS Open Data + Paventra rehearsal assumptions,2026-08-16
SUM-ROAD-855,SUM-855-9054053801236038012355,Wickwire Rd,,,Summit Township,42.17471831105736,-84.42769474950832,0.530698,2,Asphalt,Local,65,2026-08-16,Medium,1000,10,Moderate,Crack Seal,1,provisional,Michigan GIS Open Data + Paventra rehearsal assumptions,2026-08-16
SUM-ROAD-856,SUM-856-9029103801236038012128,S Jackson Rd,,,Summit Township,42.17471831105736,-84.42769474950832,0.395344,2,Asphalt,Local,65,2026-08-16,Medium,1000,10,Moderate,Crack Seal,1,provisional,Michigan GIS Open Data + Paventra rehearsal assumptions,2026-08-16
SUM-ROAD-857,SUM-857-33809503802038238017390,Eagle Dr,,,Summit Township,42.174858911893125,-84.4483582103333,0.262048,2,Asphalt,Local,65,2026-08-16,Medium,1000,10,Moderate,Crack Seal,1,provisional,Michigan GIS Open Data + Paventra rehearsal assumptions,2026-08-16
SUM-ROAD-858,SUM-858-33809503801739138020382,Eagle Dr,,,Summit Township,42.176563134880006,-84.45035912172686,0.211771,2,Asphalt,Local,65,2026-08-16,Medium,1000,10,Moderate,Crack Seal,1,provisional,Michigan GIS Open Data + Paventra rehearsal assumptions,2026-08-16
SUM-ROAD-859,SUM-859-9029093801238038017385,Springbrook Rd,,,Summit Township,42.17454986920788,-84.45211906820545,0.090729,2,Asphalt,Local,65,2026-08-16,Medium,1000,10,Moderate,Crack Seal,1,provisional,Michigan GIS Open Data + Paventra rehearsal assumptions,2026-08-16
SUM-ROAD-860,SUM-860-9053173801238038012384,Maulelane Dr,,,Summit Township,42.17454986920788,-84.45211906820545,0.1255,2,Asphalt,Local,65,2026-08-16,Medium,1000,10,Moderate,Crack Seal,1,provisional,Michigan GIS Open Data + Paventra rehearsal assumptions,2026-08-16
SUM-ROAD-861,SUM-861-9053173801238438012388,Maulelane Dr,,,Summit Township,42.17457084555668,-84.45456435278497,0.108402,2,Asphalt,Local,65,2026-08-16,Medium,1000,10,Moderate,Crack Seal,1,provisional,Michigan GIS Open Data + Paventra rehearsal assumptions,2026-08-16
SUM-ROAD-862,SUM-862-9029103802544038012360,S Jackson Rd,,,Summit Township,42.173781777917846,-84.42768941573978,0.064614,2,Asphalt,Local,65,2026-08-16,Medium,1000,10,Moderate,Crack Seal,1,provisional,Michigan GIS Open Data + Paventra rehearsal assumptions,2026-08-16
SUM-ROAD-863,SUM-863-9029103801244238025440,S Jackson Rd,,,Summit Township,42.172626947743545,-84.42768283885715,0.079675,2,Asphalt,Local,65,2026-08-16,Medium,1000,10,Moderate,Crack Seal,1,provisional,Michigan GIS Open Data + Paventra rehearsal assumptions,2026-08-16
SUM-ROAD-864,SUM-864-9029093801249238012380,Springbrook Rd,,,Summit Township,42.171492209582134,-84.45209780894778,0.210958,2,Asphalt,Local,65,2026-08-16,Medium,1000,10,Moderate,Crack Seal,1,provisional,Michigan GIS Open Data + Paventra rehearsal assumptions,2026-08-16
SUM-ROAD-865,SUM-865-9038173801249238012493,Chateau Dr,,,Summit Township,42.171492209582134,-84.45209780894778,0.127149,2,Asphalt,Local,65,2026-08-16,Medium,1000,10,Moderate,Crack Seal,1,provisional,Michigan GIS Open Data + Paventra rehearsal assumptions,2026-08-16
SUM-ROAD-866,SUM-866-9152103801249338012384,Indian Trl,,,Summit Township,42.171503546358274,-84.45457523315447,0.211621,2,Asphalt,Local,65,2026-08-16,Medium,1000,10,Moderate,Crack Seal,1,provisional,Michigan GIS Open Data + Paventra rehearsal assumptions,2026-08-16
SUM-ROAD-867,SUM-867-9038173801249338012494,Chateau Dr,,,Summit Township,42.171503546358274,-84.45457523315447,0.139272,2,Asphalt,Local,65,2026-08-16,Medium,1000,10,Moderate,Crack Seal,1,provisional,Michigan GIS Open Data + Paventra rehearsal assumptions,2026-08-16
SUM-ROAD-868,SUM-868-9029093801263838012492,Springbrook Rd,,,Summit Township,42.16741831563097,-84.45203865786367,0.281104,2,Asphalt,Local,65,2026-08-16,Medium,1000,10,Moderate,Crack Seal,1,provisional,Michigan GIS Open Data + Paventra rehearsal assumptions,2026-08-16
SUM-ROAD-869,SUM-869-9072103801931838012638,Sears Rd,,,Summit Township,42.167410525631176,-84.4618668387963,0.504437,2,Asphalt,Local,65,2026-08-16,Medium,1000,10,Moderate,Crack Seal,1,provisional,Michigan GIS Open Data + Paventra rehearsal assumptions,2026-08-16
SUM-ROAD-870,SUM-870-9072103801264938019318,Sears Rd,,,Summit Township,42.16740635699671,-84.46673312758597,0.249765,2,Asphalt,Local,65,2026-08-16,Medium,1000,10,Moderate,Crack Seal,1,provisional,Michigan GIS Open Data + Paventra rehearsal assumptions,2026-08-16
SUM-ROAD-871,SUM-871-9029083801264938012101,Mapledale Rd,,,Summit Township,42.16740635699671,-84.46673312758597,1.00299,2,Asphalt,Local,65,2026-08-16,Medium,1000,10,Moderate,Crack Seal,1,provisional,Michigan GIS Open Data + Paventra rehearsal assumptions,2026-08-16
SUM-ROAD-872,SUM-872-9072103801266038012649,Sears Rd,,,Summit Township,42.16741474221438,-84.480697063812,0.716722,2,Asphalt,Local,65,2026-08-16,Medium,1000,10,Moderate,Crack Seal,1,provisional,Michigan GIS Open Data + Paventra rehearsal assumptions,2026-08-16
SUM-ROAD-873,SUM-873-9029103801932538012442,S Jackson Rd,,,Summit Township,42.164098664904024,-84.42763686305224,0.588394,2,Asphalt,Local,65,2026-08-16,Medium,1000,10,Moderate,Crack Seal,1,provisional,Michigan GIS Open Data + Paventra rehearsal assumptions,2026-08-16
SUM-ROAD-874,SUM-874-9153013801850438012802,Paddock Ln,,,Summit Township,42.1634002944365,-84.4396124556631,0.263824,2,Asphalt,Local,65,2026-08-16,Medium,1000,10,Moderate,Crack Seal,1,provisional,Michigan GIS Open Data + Paventra rehearsal assumptions,2026-08-16
SUM-ROAD-875,SUM-875-9153033801285638012846,Gait Way,,,Summit Township,42.163101430898436,-84.44157669443901,0.037872,2,Asphalt,Local,65,2026-08-16,Medium,1000,10,Moderate,Crack Seal,1,provisional,Michigan GIS Open Data + Paventra rehearsal assumptions,2026-08-16
SUM-ROAD-876,SUM-876-9053043801285638012816,Surrey Ln,,,Summit Township,42.163101430898436,-84.44157669443901,0.035805,2,Asphalt,Local,65,2026-08-16,Medium,1000,10,Moderate,Crack Seal,1,provisional,Michigan GIS Open Data + Paventra rehearsal assumptions,2026-08-16
SUM-ROAD-877,SUM-877-33810053801286438012824,Springbrook Ln,,,Summit Township,42.16277424282975,-84.4525251024844,0.182566,2,Asphalt,Local,65,2026-08-16,Medium,1000,10,Moderate,Crack Seal,1,provisional,Michigan GIS Open Data + Paventra rehearsal assumptions,2026-08-16
SUM-ROAD-878,SUM-878-9029093801286438012638,Springbrook Rd,,,Summit Township,42.16277424282975,-84.4525251024844,0.321377,2,Asphalt,Local,65,2026-08-16,Medium,1000,10,Moderate,Crack Seal,1,provisional,Michigan GIS Open Data + Paventra rehearsal assumptions,2026-08-16
SUM-ROAD-879,SUM-879-9153023801289838012891,Place Way,,,Summit Township,42.16212348866182,-84.44158888183686,0.038694,2,Asphalt,Local,65,2026-08-16,Medium,1000,10,Moderate,Crack Seal,1,provisional,Michigan GIS Open Data + Paventra rehearsal assumptions,2026-08-16
SUM-ROAD-880,SUM-880-9053043801289838012856,Surrey Ln,,,Summit Township,42.16212348866182,-84.44158888183686,0.067473,2,Asphalt,Local,65,2026-08-16,Medium,1000,10,Moderate,Crack Seal,1,provisional,Michigan GIS Open Data + Paventra rehearsal assumptions,2026-08-16
SUM-ROAD-881,SUM-881-9029103801292238019325,S Jackson Rd,,,Summit Township,42.16170017232661,-84.42764491929485,0.165487,2,Asphalt,Local,65,2026-08-16,Medium,1000,10,Moderate,Crack Seal,1,provisional,Michigan GIS Open Data + Paventra rehearsal assumptions,2026-08-16
SUM-ROAD-882,SUM-882-9029093801290338012864,Springbrook Rd,,,Summit Township,42.16201729998386,-84.45261127016515,0.05241,2,Asphalt,Local,65,2026-08-16,Medium,1000,10,Moderate,Crack Seal,1,provisional,Michigan GIS Open Data + Paventra rehearsal assumptions,2026-08-16
SUM-ROAD-883,SUM-883-9053043801294938012898,Surrey Ln,,,Summit Township,42.161168669868324,-84.44158466356014,0.065876,2,Asphalt,Local,65,2026-08-16,Medium,1000,10,Moderate,Crack Seal,1,provisional,Michigan GIS Open Data + Paventra rehearsal assumptions,2026-08-16
SUM-ROAD-884,SUM-884-9153013801294938018504,Paddock Ln,,,Summit Township,42.161168669868324,-84.44158466356014,0.233333,2,Asphalt,Local,65,2026-08-16,Medium,1000,10,Moderate,Crack Seal,1,provisional,Michigan GIS Open Data + Paventra rehearsal assumptions,2026-08-16
SUM-ROAD-885,SUM-885-9056093801298638012984,E Kimmel Rd,,,Summit Township,42.160166623890554,-84.42762939672872,0.123808,2,Asphalt,Local,65,2026-08-16,Medium,1000,10,Moderate,Crack Seal,1,provisional,Michigan GIS Open Data + Paventra rehearsal assumptions,2026-08-16
SUM-ROAD-886,SUM-886-9029103801298638012922,S Jackson Rd,,,Summit Township,42.160166623890554,-84.42762939672872,0.105806,2,Asphalt,Local,65,2026-08-16,Medium,1000,10,Moderate,Crack Seal,1,provisional,Michigan GIS Open Data + Paventra rehearsal assumptions,2026-08-16
SUM-ROAD-887,SUM-887-9056093801932838012986,W Kimmel Rd,,,Summit Township,42.160168116117475,-84.42977938497644,0.110362,2,Asphalt,Local,65,2026-08-16,Medium,1000,10,Moderate,Crack Seal,1,provisional,Michigan GIS Open Data + Paventra rehearsal assumptions,2026-08-16
SUM-ROAD-888,SUM-888-9056093802173138019328,W Kimmel Rd,,,Summit Township,42.16017060810671,-84.43350714366667,0.191351,2,Asphalt,Local,65,2026-08-16,Medium,1000,10,Moderate,Crack Seal,1,provisional,Michigan GIS Open Data + Paventra rehearsal assumptions,2026-08-16
SUM-ROAD-889,SUM-889-9056093801932438021731,W Kimmel Rd,,,Summit Township,42.16014792186765,-84.4379979677932,0.230526,2,Asphalt,Local,65,2026-08-16,Medium,1000,10,Moderate,Crack Seal,1,provisional,Michigan GIS Open Data + Paventra rehearsal assumptions,2026-08-16
SUM-ROAD-890,SUM-890-9096073801299538012800,Sunnybrook Dr,,,Summit Township,42.16015555913527,-84.43927429695476,0.259359,2,Asphalt,Local,65,2026-08-16,Medium,1000,10,Moderate,Crack Seal,1,provisional,Michigan GIS Open Data + Paventra rehearsal assumptions,2026-08-16
SUM-ROAD-891,SUM-891-9056093801299438019324,W Kimmel Rd,,,Summit Township,42.160145145475475,-84.43876166464166,0.039202,2,Asphalt,Local,65,2026-08-16,Medium,1000,10,Moderate,Crack Seal,1,provisional,Michigan GIS Open Data + Paventra rehearsal assumptions,2026-08-16
SUM-ROAD-892,SUM-892-9056093801299538012994,W Kimmel Rd,,,Summit Township,42.16015555913527,-84.43927429695476,0.026324,2,Asphalt,Local,65,2026-08-16,Medium,1000,10,Moderate,Crack Seal,1,provisional,Michigan GIS Open Data + Paventra rehearsal assumptions,2026-08-16
SUM-ROAD-893,SUM-893-9056093801299938012995,W Kimmel Rd,,,Summit Township,42.16014509068017,-84.4415866318442,0.118698,2,Asphalt,Local,65,2026-08-16,Medium,1000,10,Moderate,Crack Seal,1,provisional,Michigan GIS Open Data + Paventra rehearsal assumptions,2026-08-16
SUM-ROAD-894,SUM-894-9053043801299938012949,Surrey Ln,,,Summit Township,42.16014509068017,-84.4415866318442,0.070619,2,Asphalt,Local,65,2026-08-16,Medium,1000,10,Moderate,Crack Seal,1,provisional,Michigan GIS Open Data + Paventra rehearsal assumptions,2026-08-16
SUM-ROAD-895,SUM-895-9056093801300538012999,W Kimmel Rd,,,Summit Township,42.16013953216601,-84.45207395626632,0.538403,2,Asphalt,Local,65,2026-08-16,Medium,1000,10,Moderate,Crack Seal,1,provisional,Michigan GIS Open Data + Paventra rehearsal assumptions,2026-08-16
SUM-ROAD-896,SUM-896-9029093801300538012903,Springbrook Rd,,,Summit Township,42.16013953216601,-84.45207395626632,0.135817,2,Asphalt,Local,65,2026-08-16,Medium,1000,10,Moderate,Crack Seal,1,provisional,Michigan GIS Open Data + Paventra rehearsal assumptions,2026-08-16
SUM-ROAD-897,SUM-897-9056093801931738013005,W Kimmel Rd,,,Summit Township,42.16011965178272,-84.4617547975095,0.496934,2,Asphalt,Local,65,2026-08-16,Medium,1000,10,Moderate,Crack Seal,1,provisional,Michigan GIS Open Data + Paventra rehearsal assumptions,2026-08-16
SUM-ROAD-898,SUM-898-9056093801301738019317,W Kimmel Rd,,,Summit Township,42.16013382384425,-84.46662195997247,0.249841,2,Asphalt,Local,65,2026-08-16,Medium,1000,10,Moderate,Crack Seal,1,provisional,Michigan GIS Open Data + Paventra rehearsal assumptions,2026-08-16
SUM-ROAD-899,SUM-899-9029083801301738012649,Mapledale Rd,,,Summit Township,42.16013382384425,-84.46662195997247,0.501782,2,Asphalt,Local,65,2026-08-16,Medium,1000,10,Moderate,Crack Seal,1,provisional,Michigan GIS Open Data + Paventra rehearsal assumptions,2026-08-16
SUM-ROAD-900,SUM-900-9056093801302338013017,W Kimmel Rd,,,Summit Township,42.160136381734624,-84.48047562602619,0.711129,2,Asphalt,Local,65,2026-08-16,Medium,1000,10,Moderate,Crack Seal,1,provisional,Michigan GIS Open Data + Paventra rehearsal assumptions,2026-08-16
SUM-ROAD-901,SUM-901-9029073801302338012660,Thorne Rd,,,Summit Township,42.160136381734624,-84.48047562602619,0.502284,2,Asphalt,Local,65,2026-08-16,Medium,1000,10,Moderate,Crack Seal,1,provisional,Michigan GIS Open Data + Paventra rehearsal assumptions,2026-08-16
