{
  "type": "FeatureCollection",
  "features": [
    {
      "type": "Feature",
      "properties": {
        "OBJECTID": 689470,
        "FCC": "A32",
        "RDNAME": "Varden Dr",
        "FRADDL": 932,
        "TOADDL": 950,
        "FRADDR": 931,
        "TOADDR": 951,
        "ZIPL": 49202,
        "ZIPR": 49202,
        "FEDIRP": " ",
        "NAME": "Varden",
        "FETYPE": "Dr",
        "FEDIRS": " ",
        "FEDIRP2": " ",
        "NAME2": " ",
        "FETYPE2": " ",
        "FEDIRS2": " ",
        "FEDIRP3": " ",
        "NAME3": " ",
        "FETYPE3": " ",
        "FEDIRS3": " ",
        "FMCDL": 8760,
        "FMCDR": 8760,
        "COUNTYL": 75,
        "COUNTYR": 75,
        "NFC": 7,
        "RU_L": 3,
        "RU_R": 3,
        "PR": 914201,
        "BMP": 0.437,
        "EMP": 0.508,
        "BPT": "38005477",
        "EPT": "38005405",
        "LRS_LINK": " 9142013800547738005405",
        "LENGTH": 114.76561726,
        "VER": "17a",
        "ADJ_CNTY": 0,
        "LEGALSYSTEM": 3,
        "ShapeSTLength": 114.7656011200656,
        "PAVENTRA_SEGMENT_ID": "BLK-1-9142013800547738005405"
      },
      "geometry": {
        "type": "LineString",
        "coordinates": [
          [
            -84.44121679159066,
            42.260958143291454
          ],
          [
            -84.44121338384122,
            42.26199174663577
          ]
        ]
      }
    },
    {
      "type": "Feature",
      "properties": {
        "OBJECTID": 689480,
        "FCC": "A32",
        "RDNAME": "Dover Ave",
        "FRADDL": 2320,
        "TOADDL": 2300,
        "FRADDR": 2321,
        "TOADDR": 2301,
        "ZIPL": 49202,
        "ZIPR": 49202,
        "FEDIRP": " ",
        "NAME": "Dover",
        "FETYPE": "Ave",
        "FEDIRS": " ",
        "FEDIRP2": " ",
        "NAME2": " ",
        "FETYPE2": " ",
        "FEDIRS2": " ",
        "FEDIRP3": " ",
        "NAME3": " ",
        "FETYPE3": " ",
        "FEDIRS3": " ",
        "FMCDL": 8760,
        "FMCDR": 8760,
        "COUNTYL": 75,
        "COUNTYR": 75,
        "NFC": 7,
        "RU_L": 3,
        "RU_R": 3,
        "PR": 914606,
        "BMP": 0.0,
        "EMP": 0.088,
        "BPT": "38005480",
        "EPT": "38005477",
        "LRS_LINK": " 9146063800548038005477",
        "LENGTH": 141.51350675,
        "VER": "17a",
        "ADJ_CNTY": 0,
        "LEGALSYSTEM": 3,
        "ShapeSTLength": 141.51358853266652,
        "PAVENTRA_SEGMENT_ID": "BLK-2-9146063800548038005477"
      },
      "geometry": {
        "type": "LineString",
        "coordinates": [
          [
            -84.44293251487375,
            42.26095563765856
          ],
          [
            -84.44270475520786,
            42.26095317594417
          ],
          [
            -84.44121679159066,
            42.260958143291454
          ]
        ]
      }
    },
    {
      "type": "Feature",
      "properties": {
        "OBJECTID": 689481,
        "FCC": "A32",
        "RDNAME": "Maynard Ave",
        "FRADDL": 1040,
        "TOADDL": 1060,
        "FRADDR": 1041,
        "TOADDR": 1061,
        "ZIPL": 49202,
        "ZIPR": 49202,
        "FEDIRP": " ",
        "NAME": "Maynard",
        "FETYPE": "Ave",
        "FEDIRS": " ",
        "FEDIRP2": " ",
        "NAME2": " ",
        "FETYPE2": " ",
        "FEDIRS2": " ",
        "FEDIRP3": " ",
        "NAME3": " ",
        "FETYPE3": " ",
        "FEDIRS3": " ",
        "FMCDL": 8760,
        "FMCDR": 8760,
        "COUNTYL": 75,
        "COUNTYR": 75,
        "NFC": 7,
        "RU_L": 3,
        "RU_R": 3,
        "PR": 897408,
        "BMP": 0.676,
        "EMP": 0.747,
        "BPT": "38005480",
        "EPT": "38005410",
        "LRS_LINK": " 8974083800548038005410",
        "LENGTH": 114.65576476,
        "VER": "17a",
        "ADJ_CNTY": 0,
        "LEGALSYSTEM": 3,
        "ShapeSTLength": 114.65574918254208,
        "PAVENTRA_SEGMENT_ID": "BLK-3-8974083800548038005410"
      },
      "geometry": {
        "type": "LineString",
        "coordinates": [
          [
            -84.44293251487375,
            42.26095563765856
          ],
          [
            -84.44294420798309,
            42.26198821817959
          ]
        ]
      }
    },
    {
      "type": "Feature",
      "properties": {
        "OBJECTID": 689971,
        "FCC": "A32",
        "RDNAME": "Varden Dr",
        "FRADDL": 916,
        "TOADDL": 930,
        "FRADDR": 913,
        "TOADDR": 925,
        "ZIPL": 49202,
        "ZIPR": 49202,
        "FEDIRP": " ",
        "NAME": "Varden",
        "FETYPE": "Dr",
        "FEDIRS": " ",
        "FEDIRP2": " ",
        "NAME2": " ",
        "FETYPE2": " ",
        "FEDIRS2": " ",
        "FEDIRP3": " ",
        "NAME3": " ",
        "FETYPE3": " ",
        "FEDIRS3": " ",
        "FMCDL": 8760,
        "FMCDR": 8760,
        "COUNTYL": 75,
        "COUNTYR": 75,
        "NFC": 7,
        "RU_L": 3,
        "RU_R": 3,
        "PR": 914201,
        "BMP": 0.371,
        "EMP": 0.437,
        "BPT": "38005536",
        "EPT": "38005477",
        "LRS_LINK": " 9142013800553638005477",
        "LENGTH": 106.63677258,
        "VER": "17a",
        "ADJ_CNTY": 0,
        "LEGALSYSTEM": 3,
        "ShapeSTLength": 106.63683551498517,
        "PAVENTRA_SEGMENT_ID": "BLK-4-9142013800553638005477"
      },
      "geometry": {
        "type": "LineString",
        "coordinates": [
          [
            -84.44121241891771,
            42.25999775179103
          ],
          [
            -84.44121679159066,
            42.260958143291454
          ]
        ]
      }
    },
    {
      "type": "Feature",
      "properties": {
        "OBJECTID": 689976,
        "FCC": "A32",
        "RDNAME": "Chesning St",
        "FRADDL": 2398,
        "TOADDL": 2300,
        "FRADDR": 2399,
        "TOADDR": 2301,
        "ZIPL": 49202,
        "ZIPR": 49202,
        "FEDIRP": " ",
        "NAME": "Chesning",
        "FETYPE": "St",
        "FEDIRS": " ",
        "FEDIRP2": " ",
        "NAME2": " ",
        "FETYPE2": " ",
        "FEDIRS2": " ",
        "FEDIRP3": " ",
        "NAME3": "Chesning",
        "FETYPE3": "Ave",
        "FEDIRS3": " ",
        "FMCDL": 8760,
        "FMCDR": 8760,
        "COUNTYL": 75,
        "COUNTYR": 75,
        "NFC": 7,
        "RU_L": 3,
        "RU_R": 3,
        "PR": 914605,
        "BMP": 0.0,
        "EMP": 0.089,
        "BPT": "38005534",
        "EPT": "38005536",
        "LRS_LINK": " 9146053800553438005536",
        "LENGTH": 142.86855723,
        "VER": "17a",
        "ADJ_CNTY": 0,
        "LEGALSYSTEM": 3,
        "ShapeSTLength": 142.86859512086622,
        "PAVENTRA_SEGMENT_ID": "BLK-5-9146053800553438005536"
      },
      "geometry": {
        "type": "LineString",
        "coordinates": [
          [
            -84.44294456144216,
            42.2600042873144
          ],
          [
            -84.44121241891771,
            42.25999775179103
          ]
        ]
      }
    },
    {
      "type": "Feature",
      "properties": {
        "OBJECTID": 689977,
        "FCC": "A32",
        "RDNAME": "Maynard Rd",
        "FRADDL": 962,
        "TOADDL": 1008,
        "FRADDR": 917,
        "TOADDR": 999,
        "ZIPL": 49202,
        "ZIPR": 49202,
        "FEDIRP": " ",
        "NAME": "Maynard",
        "FETYPE": "Rd",
        "FEDIRS": " ",
        "FEDIRP2": " ",
        "NAME2": " ",
        "FETYPE2": " ",
        "FEDIRS2": " ",
        "FEDIRP3": " ",
        "NAME3": " ",
        "FETYPE3": " ",
        "FEDIRS3": " ",
        "FMCDL": 8760,
        "FMCDR": 8760,
        "COUNTYL": 75,
        "COUNTYR": 75,
        "NFC": 7,
        "RU_L": 3,
        "RU_R": 3,
        "PR": 897408,
        "BMP": 0.61,
        "EMP": 0.676,
        "BPT": "38005534",
        "EPT": "38005480",
        "LRS_LINK": " 8974083800553438005480",
        "LENGTH": 105.63702489,
        "VER": "17a",
        "ADJ_CNTY": 0,
        "LEGALSYSTEM": 3,
        "ShapeSTLength": 105.6370257245536,
        "PAVENTRA_SEGMENT_ID": "BLK-6-8974083800553438005480"
      },
      "geometry": {
        "type": "LineString",
        "coordinates": [
          [
            -84.44294456144216,
            42.2600042873144
          ],
          [
            -84.44293251487375,
            42.26095563765856
          ]
        ]
      }
    },
    {
      "type": "Feature",
      "properties": {
        "OBJECTID": 690501,
        "FCC": "A32",
        "RDNAME": "Wayne St",
        "FRADDL": 900,
        "TOADDL": 1068,
        "FRADDR": 901,
        "TOADDR": 1065,
        "ZIPL": 49202,
        "ZIPR": 49202,
        "FEDIRP": " ",
        "NAME": "Wayne",
        "FETYPE": "St",
        "FEDIRS": " ",
        "FEDIRP2": " ",
        "NAME2": " ",
        "FETYPE2": " ",
        "FEDIRS2": " ",
        "FEDIRP3": " ",
        "NAME3": " ",
        "FETYPE3": " ",
        "FEDIRS3": " ",
        "FMCDL": 8760,
        "FMCDR": 8760,
        "COUNTYL": 75,
        "COUNTYR": 75,
        "NFC": 7,
        "RU_L": 3,
        "RU_R": 3,
        "PR": 914208,
        "BMP": 0.383,
        "EMP": 0.591,
        "BPT": "38005657",
        "EPT": "38005384",
        "LRS_LINK": " 9142083800565738005384",
        "LENGTH": 334.82495243,
        "VER": "17a",
        "ADJ_CNTY": 0,
        "LEGALSYSTEM": 3,
        "ShapeSTLength": 334.82499098724696,
        "PAVENTRA_SEGMENT_ID": "BLK-7-9142083800565738005384"
      },
      "geometry": {
        "type": "LineString",
        "coordinates": [
          [
            -84.43448459104246,
            42.25899161657369
          ],
          [
            -84.43451656230661,
            42.26200703789737
          ]
        ]
      }
    },
    {
      "type": "Feature",
      "properties": {
        "OBJECTID": 690507,
        "FCC": "A32",
        "RDNAME": "N Brown St",
        "FRADDL": 900,
        "TOADDL": 1098,
        "FRADDR": 901,
        "TOADDR": 1099,
        "ZIPL": 49202,
        "ZIPR": 49202,
        "FEDIRP": "N",
        "NAME": "Brown",
        "FETYPE": "St",
        "FEDIRS": " ",
        "FEDIRP2": " ",
        "NAME2": " ",
        "FETYPE2": " ",
        "FEDIRS2": " ",
        "FEDIRP3": " ",
        "NAME3": " ",
        "FETYPE3": " ",
        "FEDIRS3": " ",
        "FMCDL": 8760,
        "FMCDR": 41420,
        "COUNTYL": 75,
        "COUNTYR": 75,
        "NFC": 7,
        "RU_L": 3,
        "RU_R": 3,
        "PR": 914409,
        "BMP": 0.294,
        "EMP": 0.502,
        "BPT": "38005649",
        "EPT": "38005382",
        "LRS_LINK": " 9144093800564938005382",
        "LENGTH": 334.85476622,
        "VER": "17a",
        "ADJ_CNTY": 0,
        "LEGALSYSTEM": 3,
        "ShapeSTLength": 334.85474247335964,
        "PAVENTRA_SEGMENT_ID": "BLK-8-9144093800564938005382"
      },
      "geometry": {
        "type": "LineString",
        "coordinates": [
          [
            -84.43315142249108,
            42.25896813076773
          ],
          [
            -84.43310822192733,
            42.26198374292036
          ]
        ]
      }
    },
    {
      "type": "Feature",
      "properties": {
        "OBJECTID": 690508,
        "FCC": "A32",
        "RDNAME": "W North St",
        "FRADDL": 1640,
        "TOADDL": 1600,
        "FRADDR": 1641,
        "TOADDR": 1601,
        "ZIPL": 49202,
        "ZIPR": 49202,
        "FEDIRP": "W",
        "NAME": "North",
        "FETYPE": "St",
        "FEDIRS": " ",
        "FEDIRP2": " ",
        "NAME2": " ",
        "FETYPE2": " ",
        "FEDIRS2": " ",
        "FEDIRP3": " ",
        "NAME3": " ",
        "FETYPE3": " ",
        "FEDIRS3": " ",
        "FMCDL": 8760,
        "FMCDR": 8760,
        "COUNTYL": 75,
        "COUNTYR": 75,
        "NFC": 7,
        "RU_L": 3,
        "RU_R": 3,
        "PR": 914301,
        "BMP": 0.434,
        "EMP": 0.502,
        "BPT": "38005657",
        "EPT": "38005649",
        "LRS_LINK": " 9143013800565738005649",
        "LENGTH": 109.99212884,
        "VER": "17a",
        "ADJ_CNTY": 0,
        "LEGALSYSTEM": 3,
        "ShapeSTLength": 109.99213486540754,
        "PAVENTRA_SEGMENT_ID": "BLK-9-9143013800565738005649"
      },
      "geometry": {
        "type": "LineString",
        "coordinates": [
          [
            -84.43448459104246,
            42.25899161657369
          ],
          [
            -84.43315142249108,
            42.25896813076773
          ]
        ]
      }
    },
    {
      "type": "Feature",
      "properties": {
        "OBJECTID": 690513,
        "FCC": "A32",
        "RDNAME": "Maynard Ave",
        "FRADDL": 906,
        "TOADDL": 920,
        "FRADDR": 903,
        "TOADDR": 915,
        "ZIPL": 49202,
        "ZIPR": 49202,
        "FEDIRP": " ",
        "NAME": "Maynard",
        "FETYPE": "Ave",
        "FEDIRS": " ",
        "FEDIRP2": " ",
        "NAME2": " ",
        "FETYPE2": " ",
        "FEDIRS2": " ",
        "FEDIRP3": " ",
        "NAME3": " ",
        "FETYPE3": " ",
        "FEDIRS3": " ",
        "FMCDL": 8760,
        "FMCDR": 8760,
        "COUNTYL": 75,
        "COUNTYR": 75,
        "NFC": 7,
        "RU_L": 3,
        "RU_R": 3,
        "PR": 897408,
        "BMP": 0.547,
        "EMP": 0.61,
        "BPT": "38005642",
        "EPT": "38005534",
        "LRS_LINK": " 8974083800564238005534",
        "LENGTH": 101.12558746,
        "VER": "17a",
        "ADJ_CNTY": 0,
        "LEGALSYSTEM": 3,
        "ShapeSTLength": 101.12556517369879,
        "PAVENTRA_SEGMENT_ID": "BLK-10-8974083800564238005534"
      },
      "geometry": {
        "type": "LineString",
        "coordinates": [
          [
            -84.44294072091469,
            42.2590935305136
          ],
          [
            -84.44294456144216,
            42.2600042873144
          ]
        ]
      }
    },
    {
      "type": "Feature",
      "properties": {
        "OBJECTID": 690523,
        "FCC": "A32",
        "RDNAME": "W North St",
        "FRADDL": 1732,
        "TOADDL": 1700,
        "FRADDR": 1731,
        "TOADDR": 1701,
        "ZIPL": 49202,
        "ZIPR": 49202,
        "FEDIRP": "W",
        "NAME": "North",
        "FETYPE": "St",
        "FEDIRS": " ",
        "FEDIRP2": " ",
        "NAME2": " ",
        "FETYPE2": " ",
        "FEDIRS2": " ",
        "FEDIRP3": " ",
        "NAME3": " ",
        "FETYPE3": " ",
        "FEDIRS3": " ",
        "FMCDL": 8760,
        "FMCDR": 8760,
        "COUNTYL": 75,
        "COUNTYR": 75,
        "NFC": 7,
        "RU_L": 3,
        "RU_R": 3,
        "PR": 914301,
        "BMP": 0.363,
        "EMP": 0.434,
        "BPT": "38005658",
        "EPT": "38005657",
        "LRS_LINK": " 9143013800565838005657",
        "LENGTH": 114.04260605,
        "VER": "17a",
        "ADJ_CNTY": 0,
        "LEGALSYSTEM": 3,
        "ShapeSTLength": 114.04261598200912,
        "PAVENTRA_SEGMENT_ID": "BLK-11-9143013800565838005657"
      },
      "geometry": {
        "type": "LineString",
        "coordinates": [
          [
            -84.43586717790554,
            42.25898168687686
          ],
          [
            -84.43448459104246,
            42.25899161657369
          ]
        ]
      }
    },
    {
      "type": "Feature",
      "properties": {
        "OBJECTID": 690524,
        "FCC": "A32",
        "RDNAME": "Winifred St",
        "FRADDL": 900,
        "TOADDL": 1056,
        "FRADDR": 901,
        "TOADDR": 1067,
        "ZIPL": 49202,
        "ZIPR": 49202,
        "FEDIRP": " ",
        "NAME": "Winifred",
        "FETYPE": "St",
        "FEDIRS": " ",
        "FEDIRP2": " ",
        "NAME2": " ",
        "FETYPE2": " ",
        "FEDIRS2": " ",
        "FEDIRP3": " ",
        "NAME3": " ",
        "FETYPE3": " ",
        "FEDIRS3": " ",
        "FMCDL": 8760,
        "FMCDR": 8760,
        "COUNTYL": 75,
        "COUNTYR": 75,
        "NFC": 7,
        "RU_L": 3,
        "RU_R": 3,
        "PR": 914207,
        "BMP": 0.355,
        "EMP": 0.563,
        "BPT": "38005658",
        "EPT": "38005390",
        "LRS_LINK": " 9142073800565838005390",
        "LENGTH": 334.92053202,
        "VER": "17a",
        "ADJ_CNTY": 0,
        "LEGALSYSTEM": 3,
        "ShapeSTLength": 334.92054921036123,
        "PAVENTRA_SEGMENT_ID": "BLK-12-9142073800565838005390"
      },
      "geometry": {
        "type": "LineString",
        "coordinates": [
          [
            -84.43586717790554,
            42.25898168687686
          ],
          [
            -84.43584693634365,
            42.261998024783566
          ]
        ]
      }
    },
    {
      "type": "Feature",
      "properties": {
        "OBJECTID": 690527,
        "FCC": "A32",
        "RDNAME": "W North St",
        "FRADDL": 1840,
        "TOADDL": 1800,
        "FRADDR": 1841,
        "TOADDR": 1801,
        "ZIPL": 49202,
        "ZIPR": 49202,
        "FEDIRP": "W",
        "NAME": "North",
        "FETYPE": "St",
        "FEDIRS": " ",
        "FEDIRP2": " ",
        "NAME2": " ",
        "FETYPE2": " ",
        "FEDIRS2": " ",
        "FEDIRP3": " ",
        "NAME3": " ",
        "FETYPE3": " ",
        "FEDIRS3": " ",
        "FMCDL": 8760,
        "FMCDR": 8760,
        "COUNTYL": 75,
        "COUNTYR": 75,
        "NFC": 7,
        "RU_L": 3,
        "RU_R": 3,
        "PR": 914301,
        "BMP": 0.301,
        "EMP": 0.363,
        "BPT": "38005659",
        "EPT": "38005658",
        "LRS_LINK": " 9143013800565938005658",
        "LENGTH": 99.08469138,
        "VER": "17a",
        "ADJ_CNTY": 0,
        "LEGALSYSTEM": 3,
        "ShapeSTLength": 99.08472231181757,
        "PAVENTRA_SEGMENT_ID": "BLK-13-9143013800565938005658"
      },
      "geometry": {
        "type": "LineString",
        "coordinates": [
          [
            -84.43706846262806,
            42.258986480038665
          ],
          [
            -84.43586717790554,
            42.25898168687686
          ]
        ]
      }
    },
    {
      "type": "Feature",
      "properties": {
        "OBJECTID": 690528,
        "FCC": "A32",
        "RDNAME": "Longfellow Ave",
        "FRADDL": 900,
        "TOADDL": 1050,
        "FRADDR": 901,
        "TOADDR": 1051,
        "ZIPL": 49202,
        "ZIPR": 49202,
        "FEDIRP": " ",
        "NAME": "Longfellow",
        "FETYPE": "Ave",
        "FEDIRS": " ",
        "FEDIRP2": " ",
        "NAME2": " ",
        "FETYPE2": " ",
        "FEDIRS2": " ",
        "FEDIRP3": " ",
        "NAME3": " ",
        "FETYPE3": " ",
        "FEDIRS3": " ",
        "FMCDL": 8760,
        "FMCDR": 8760,
        "COUNTYL": 75,
        "COUNTYR": 75,
        "NFC": 7,
        "RU_L": 3,
        "RU_R": 3,
        "PR": 914206,
        "BMP": 0.329,
        "EMP": 0.537,
        "BPT": "38005659",
        "EPT": "38005391",
        "LRS_LINK": " 9142063800565938005391",
        "LENGTH": 333.66970511,
        "VER": "17a",
        "ADJ_CNTY": 0,
        "LEGALSYSTEM": 3,
        "ShapeSTLength": 333.66970952224597,
        "PAVENTRA_SEGMENT_ID": "BLK-14-9142063800565938005391"
      },
      "geometry": {
        "type": "LineString",
        "coordinates": [
          [
            -84.43706846262806,
            42.258986480038665
          ],
          [
            -84.43704257192076,
            42.26199152843658
          ]
        ]
      }
    },
    {
      "type": "Feature",
      "properties": {
        "OBJECTID": 690538,
        "FCC": "A32",
        "RDNAME": "W North St",
        "FRADDL": 1930,
        "TOADDL": 1900,
        "FRADDR": 1931,
        "TOADDR": 1901,
        "ZIPL": 49202,
        "ZIPR": 49202,
        "FEDIRP": "W",
        "NAME": "North",
        "FETYPE": "St",
        "FEDIRS": " ",
        "FEDIRP2": " ",
        "NAME2": " ",
        "FETYPE2": " ",
        "FEDIRS2": " ",
        "FEDIRP3": " ",
        "NAME3": " ",
        "FETYPE3": " ",
        "FEDIRS3": " ",
        "FMCDL": 8760,
        "FMCDR": 8760,
        "COUNTYL": 75,
        "COUNTYR": 75,
        "NFC": 7,
        "RU_L": 3,
        "RU_R": 3,
        "PR": 914301,
        "BMP": 0.243,
        "EMP": 0.301,
        "BPT": "38005661",
        "EPT": "38005659",
        "LRS_LINK": " 9143013800566138005659",
        "LENGTH": 94.32286106,
        "VER": "17a",
        "ADJ_CNTY": 0,
        "LEGALSYSTEM": 3,
        "ShapeSTLength": 94.32285858608188,
        "PAVENTRA_SEGMENT_ID": "BLK-15-9143013800566138005659"
      },
      "geometry": {
        "type": "LineString",
        "coordinates": [
          [
            -84.4382120219363,
            42.25898293754924
          ],
          [
            -84.43706846262806,
            42.258986480038665
          ]
        ]
      }
    },
    {
      "type": "Feature",
      "properties": {
        "OBJECTID": 690539,
        "FCC": "A32",
        "RDNAME": "Lowell Ave",
        "FRADDL": 900,
        "TOADDL": 1060,
        "FRADDR": 901,
        "TOADDR": 1051,
        "ZIPL": 49202,
        "ZIPR": 49202,
        "FEDIRP": " ",
        "NAME": "Lowell",
        "FETYPE": "Ave",
        "FEDIRS": " ",
        "FEDIRP2": " ",
        "NAME2": " ",
        "FETYPE2": " ",
        "FEDIRS2": " ",
        "FEDIRP3": " ",
        "NAME3": "Lowell",
        "FETYPE3": "St",
        "FEDIRS3": " ",
        "FMCDL": 8760,
        "FMCDR": 8760,
        "COUNTYL": 75,
        "COUNTYR": 75,
        "NFC": 7,
        "RU_L": 3,
        "RU_R": 3,
        "PR": 914205,
        "BMP": 0.295,
        "EMP": 0.503,
        "BPT": "38005661",
        "EPT": "38005396",
        "LRS_LINK": " 9142053800566138005396",
        "LENGTH": 334.3833172,
        "VER": "17a",
        "ADJ_CNTY": 0,
        "LEGALSYSTEM": 3,
        "ShapeSTLength": 334.3833267117546,
        "PAVENTRA_SEGMENT_ID": "BLK-16-9142053800566138005396"
      },
      "geometry": {
        "type": "LineString",
        "coordinates": [
          [
            -84.4382120219363,
            42.25898293754924
          ],
          [
            -84.4381841182047,
            42.26199440309149
          ]
        ]
      }
    },
    {
      "type": "Feature",
      "properties": {
        "OBJECTID": 690546,
        "FCC": "A32",
        "RDNAME": "Varden Dr",
        "FRADDL": 900,
        "TOADDL": 914,
        "FRADDR": 901,
        "TOADDR": 911,
        "ZIPL": 49202,
        "ZIPR": 49202,
        "FEDIRP": " ",
        "NAME": "Varden",
        "FETYPE": "Dr",
        "FEDIRS": " ",
        "FEDIRP2": " ",
        "NAME2": " ",
        "FETYPE2": " ",
        "FEDIRS2": " ",
        "FEDIRP3": " ",
        "NAME3": " ",
        "FETYPE3": " ",
        "FEDIRS3": " ",
        "FMCDL": 8760,
        "FMCDR": 8760,
        "COUNTYL": 75,
        "COUNTYR": 75,
        "NFC": 7,
        "RU_L": 3,
        "RU_R": 3,
        "PR": 914201,
        "BMP": 0.303,
        "EMP": 0.371,
        "BPT": "38005665",
        "EPT": "38005536",
        "LRS_LINK": " 9142013800566538005536",
        "LENGTH": 109.2102328,
        "VER": "17a",
        "ADJ_CNTY": 0,
        "LEGALSYSTEM": 3,
        "ShapeSTLength": 109.21015599718737,
        "PAVENTRA_SEGMENT_ID": "BLK-17-9142013800566538005536"
      },
      "geometry": {
        "type": "LineString",
        "coordinates": [
          [
            -84.44121824555728,
            42.25901418822236
          ],
          [
            -84.44121241891771,
            42.25999775179103
          ]
        ]
      }
    },
    {
      "type": "Feature",
      "properties": {
        "OBJECTID": 690548,
        "FCC": "A32",
        "RDNAME": "Browning Ave",
        "FRADDL": 900,
        "TOADDL": 950,
        "FRADDR": 901,
        "TOADDR": 951,
        "ZIPL": 49202,
        "ZIPR": 49202,
        "FEDIRP": " ",
        "NAME": "Browning",
        "FETYPE": "Ave",
        "FEDIRS": " ",
        "FEDIRP2": " ",
        "NAME2": " ",
        "FETYPE2": " ",
        "FEDIRS2": " ",
        "FEDIRP3": " ",
        "NAME3": " ",
        "FETYPE3": " ",
        "FEDIRS3": " ",
        "FMCDL": 8760,
        "FMCDR": 8760,
        "COUNTYL": 75,
        "COUNTYR": 75,
        "NFC": 7,
        "RU_L": 3,
        "RU_R": 3,
        "PR": 914203,
        "BMP": 0.297,
        "EMP": 0.504,
        "BPT": "38005664",
        "EPT": "38005402",
        "LRS_LINK": " 9142033800566438005402",
        "LENGTH": 332.47774772,
        "VER": "17a",
        "ADJ_CNTY": 0,
        "LEGALSYSTEM": 3,
        "ShapeSTLength": 332.4777172446298,
        "PAVENTRA_SEGMENT_ID": "BLK-18-9142033800566438005402"
      },
      "geometry": {
        "type": "LineString",
        "coordinates": [
          [
            -84.44044639120054,
            42.25900242304424
          ],
          [
            -84.4404380932606,
            42.26199679104308
          ]
        ]
      }
    },
    {
      "type": "Feature",
      "properties": {
        "OBJECTID": 690549,
        "FCC": "A32",
        "RDNAME": "W North St",
        "FRADDL": 0,
        "TOADDL": 0,
        "FRADDR": 2299,
        "TOADDR": 2293,
        "ZIPL": 49202,
        "ZIPR": 49202,
        "FEDIRP": "W",
        "NAME": "North",
        "FETYPE": "St",
        "FEDIRS": " ",
        "FEDIRP2": " ",
        "NAME2": " ",
        "FETYPE2": " ",
        "FEDIRS2": " ",
        "FEDIRP3": " ",
        "NAME3": " ",
        "FETYPE3": " ",
        "FEDIRS3": " ",
        "FMCDL": 8760,
        "FMCDR": 8760,
        "COUNTYL": 75,
        "COUNTYR": 75,
        "NFC": 7,
        "RU_L": 3,
        "RU_R": 3,
        "PR": 914301,
        "BMP": 0.089,
        "EMP": 0.128,
        "BPT": "38005665",
        "EPT": "38005664",
        "LRS_LINK": " 9143013800566538005664",
        "LENGTH": 63.67680582,
        "VER": "17a",
        "ADJ_CNTY": 0,
        "LEGALSYSTEM": 3,
        "ShapeSTLength": 63.676784276924664,
        "PAVENTRA_SEGMENT_ID": "BLK-19-9143013800566538005664"
      },
      "geometry": {
        "type": "LineString",
        "coordinates": [
          [
            -84.44121824555728,
            42.25901418822236
          ],
          [
            -84.44044639120054,
            42.25900242304424
          ]
        ]
      }
    },
    {
      "type": "Feature",
      "properties": {
        "OBJECTID": 690555,
        "FCC": "A32",
        "RDNAME": "W North St",
        "FRADDL": 2098,
        "TOADDL": 2000,
        "FRADDR": 2099,
        "TOADDR": 2001,
        "ZIPL": 49202,
        "ZIPR": 49202,
        "FEDIRP": "W",
        "NAME": "North",
        "FETYPE": "St",
        "FEDIRS": " ",
        "FEDIRP2": " ",
        "NAME2": " ",
        "FETYPE2": " ",
        "FEDIRS2": " ",
        "FEDIRP3": " ",
        "NAME3": " ",
        "FETYPE3": " ",
        "FEDIRS3": " ",
        "FMCDL": 8760,
        "FMCDR": 8760,
        "COUNTYL": 75,
        "COUNTYR": 75,
        "NFC": 7,
        "RU_L": 3,
        "RU_R": 3,
        "PR": 914301,
        "BMP": 0.185,
        "EMP": 0.243,
        "BPT": "38005663",
        "EPT": "38005661",
        "LRS_LINK": " 9143013800566338005661",
        "LENGTH": 92.13596573,
        "VER": "17a",
        "ADJ_CNTY": 0,
        "LEGALSYSTEM": 3,
        "ShapeSTLength": 92.13595877272891,
        "PAVENTRA_SEGMENT_ID": "BLK-20-9143013800566338005661"
      },
      "geometry": {
        "type": "LineString",
        "coordinates": [
          [
            -84.43932894828724,
            42.258970337686165
          ],
          [
            -84.4382120219363,
            42.25898293754924
          ]
        ]
      }
    },
    {
      "type": "Feature",
      "properties": {
        "OBJECTID": 690556,
        "FCC": "A32",
        "RDNAME": "Bryant Ave",
        "FRADDL": 900,
        "TOADDL": 950,
        "FRADDR": 901,
        "TOADDR": 1061,
        "ZIPL": 49202,
        "ZIPR": 49202,
        "FEDIRP": " ",
        "NAME": "Bryant",
        "FETYPE": "Ave",
        "FEDIRS": " ",
        "FEDIRP2": " ",
        "NAME2": " ",
        "FETYPE2": " ",
        "FEDIRS2": " ",
        "FEDIRP3": " ",
        "NAME3": " ",
        "FETYPE3": " ",
        "FEDIRS3": " ",
        "FMCDL": 8760,
        "FMCDR": 8760,
        "COUNTYL": 75,
        "COUNTYR": 75,
        "NFC": 7,
        "RU_L": 3,
        "RU_R": 3,
        "PR": 914204,
        "BMP": 0.294,
        "EMP": 0.503,
        "BPT": "38005663",
        "EPT": "38005398",
        "LRS_LINK": " 9142043800566338005398",
        "LENGTH": 335.71830282,
        "VER": "17a",
        "ADJ_CNTY": 0,
        "LEGALSYSTEM": 3,
        "ShapeSTLength": 335.71833017004,
        "PAVENTRA_SEGMENT_ID": "BLK-21-9142043800566338005398"
      },
      "geometry": {
        "type": "LineString",
        "coordinates": [
          [
            -84.43932894828724,
            42.258970337686165
          ],
          [
            -84.43930524046556,
            42.261993846565204
          ]
        ]
      }
    },
    {
      "type": "Feature",
      "properties": {
        "OBJECTID": 690557,
        "FCC": "A32",
        "RDNAME": "W North St",
        "FRADDL": 2198,
        "TOADDL": 2100,
        "FRADDR": 2199,
        "TOADDR": 2101,
        "ZIPL": 49202,
        "ZIPR": 49202,
        "FEDIRP": "W",
        "NAME": "North",
        "FETYPE": "St",
        "FEDIRS": " ",
        "FEDIRP2": " ",
        "NAME2": " ",
        "FETYPE2": " ",
        "FEDIRS2": " ",
        "FEDIRP3": " ",
        "NAME3": " ",
        "FETYPE3": " ",
        "FEDIRS3": " ",
        "FMCDL": 8760,
        "FMCDR": 8760,
        "COUNTYL": 75,
        "COUNTYR": 75,
        "NFC": 7,
        "RU_L": 3,
        "RU_R": 3,
        "PR": 914301,
        "BMP": 0.128,
        "EMP": 0.185,
        "BPT": "38005664",
        "EPT": "38005663",
        "LRS_LINK": " 9143013800566438005663",
        "LENGTH": 92.23679515,
        "VER": "17a",
        "ADJ_CNTY": 0,
        "LEGALSYSTEM": 3,
        "ShapeSTLength": 92.2367577131807,
        "PAVENTRA_SEGMENT_ID": "BLK-22-9143013800566438005663"
      },
      "geometry": {
        "type": "LineString",
        "coordinates": [
          [
            -84.44044639120054,
            42.25900242304424
          ],
          [
            -84.43932894828724,
            42.258970337686165
          ]
        ]
      }
    },
    {
      "type": "Feature",
      "properties": {
        "OBJECTID": 690570,
        "FCC": "A32",
        "RDNAME": "W North St",
        "FRADDL": 2320,
        "TOADDL": 2300,
        "FRADDR": 2321,
        "TOADDR": 2301,
        "ZIPL": 49202,
        "ZIPR": 49202,
        "FEDIRP": "W",
        "NAME": "North",
        "FETYPE": "St",
        "FEDIRS": " ",
        "FEDIRP2": " ",
        "NAME2": " ",
        "FETYPE2": " ",
        "FEDIRS2": " ",
        "FEDIRP3": " ",
        "NAME3": " ",
        "FETYPE3": " ",
        "FEDIRS3": " ",
        "FMCDL": 8760,
        "FMCDR": 8760,
        "COUNTYL": 75,
        "COUNTYR": 75,
        "NFC": 7,
        "RU_L": 3,
        "RU_R": 3,
        "PR": 914301,
        "BMP": 0.0,
        "EMP": 0.089,
        "BPT": "38005670",
        "EPT": "38005665",
        "LRS_LINK": " 9143013800567038005665",
        "LENGTH": 142.37692319,
        "VER": "17a",
        "ADJ_CNTY": 0,
        "LEGALSYSTEM": 3,
        "ShapeSTLength": 142.37697185163054,
        "PAVENTRA_SEGMENT_ID": "BLK-23-9143013800567038005665"
      },
      "geometry": {
        "type": "LineString",
        "coordinates": [
          [
            -84.44294434948928,
            42.25900237063172
          ],
          [
            -84.44121824555728,
            42.25901418822236
          ]
        ]
      }
    },
    {
      "type": "Feature",
      "properties": {
        "OBJECTID": 690571,
        "FCC": "A32",
        "RDNAME": "Maynard Ave",
        "FRADDL": 0,
        "TOADDL": 0,
        "FRADDR": 0,
        "TOADDR": 0,
        "ZIPL": 49202,
        "ZIPR": 49202,
        "FEDIRP": " ",
        "NAME": "Maynard",
        "FETYPE": "Ave",
        "FEDIRS": " ",
        "FEDIRP2": " ",
        "NAME2": " ",
        "FETYPE2": " ",
        "FEDIRS2": " ",
        "FEDIRP3": " ",
        "NAME3": " ",
        "FETYPE3": " ",
        "FEDIRS3": " ",
        "FMCDL": 8760,
        "FMCDR": 8760,
        "COUNTYL": 75,
        "COUNTYR": 75,
        "NFC": 7,
        "RU_L": 3,
        "RU_R": 3,
        "PR": 897408,
        "BMP": 0.541,
        "EMP": 0.547,
        "BPT": "38005670",
        "EPT": "38005642",
        "LRS_LINK": " 8974083800567038005642",
        "LENGTH": 10.12628778,
        "VER": "17a",
        "ADJ_CNTY": 0,
        "LEGALSYSTEM": 3,
        "ShapeSTLength": 10.126279147841027,
        "PAVENTRA_SEGMENT_ID": "BLK-24-8974083800567038005642"
      },
      "geometry": {
        "type": "LineString",
        "coordinates": [
          [
            -84.44294434948928,
            42.25900237063172
          ],
          [
            -84.44294072091469,
            42.2590935305136
          ]
        ]
      }
    },
    {
      "type": "Feature",
      "properties": {
        "OBJECTID": 690580,
        "FCC": "A32",
        "RDNAME": "Concord Blvd",
        "FRADDL": 900,
        "TOADDL": 960,
        "FRADDR": 901,
        "TOADDR": 961,
        "ZIPL": 49202,
        "ZIPR": 49202,
        "FEDIRP": " ",
        "NAME": "Concord",
        "FETYPE": "Blvd",
        "FEDIRS": " ",
        "FEDIRP2": " ",
        "NAME2": " ",
        "FETYPE2": " ",
        "FEDIRS2": " ",
        "FEDIRP3": " ",
        "NAME3": " ",
        "FETYPE3": " ",
        "FEDIRS3": " ",
        "FMCDL": 8760,
        "FMCDR": 8760,
        "COUNTYL": 75,
        "COUNTYR": 75,
        "NFC": 7,
        "RU_L": 3,
        "RU_R": 3,
        "PR": 914107,
        "BMP": 0.298,
        "EMP": 0.501,
        "BPT": "38005648",
        "EPT": "38005415",
        "LRS_LINK": " 9141073800564838005415",
        "LENGTH": 327.82645223,
        "VER": "17a",
        "ADJ_CNTY": 0,
        "LEGALSYSTEM": 3,
        "ShapeSTLength": 327.8265300915257,
        "PAVENTRA_SEGMENT_ID": "BLK-25-9141073800564838005415"
      },
      "geometry": {
        "type": "LineString",
        "coordinates": [
          [
            -84.44535987943037,
            42.25901812069297
          ],
          [
            -84.445356974016,
            42.261970604211974
          ]
        ]
      }
    },
    {
      "type": "Feature",
      "properties": {
        "OBJECTID": 690581,
        "FCC": "A32",
        "RDNAME": "Savoy St",
        "FRADDL": 0,
        "TOADDL": 0,
        "FRADDR": 0,
        "TOADDR": 0,
        "ZIPL": 49202,
        "ZIPR": 49202,
        "FEDIRP": " ",
        "NAME": "Savoy",
        "FETYPE": "St",
        "FEDIRS": " ",
        "FEDIRP2": " ",
        "NAME2": " ",
        "FETYPE2": " ",
        "FEDIRS2": " ",
        "FEDIRP3": " ",
        "NAME3": " ",
        "FETYPE3": " ",
        "FEDIRS3": " ",
        "FMCDL": 8760,
        "FMCDR": 8760,
        "COUNTYL": 75,
        "COUNTYR": 75,
        "NFC": 7,
        "RU_L": 3,
        "RU_R": 3,
        "PR": 3381580,
        "BMP": 0.126,
        "EMP": 0.187,
        "BPT": "38005646",
        "EPT": "38005670",
        "LRS_LINK": "33815803800564638005670",
        "LENGTH": 96.8726842,
        "VER": "17a",
        "ADJ_CNTY": 0,
        "LEGALSYSTEM": 3,
        "ShapeSTLength": 96.87262518885302,
        "PAVENTRA_SEGMENT_ID": "BLK-26-33815803800564638005670"
      },
      "geometry": {
        "type": "LineString",
        "coordinates": [
          [
            -84.44411882663378,
            42.2589996772363
          ],
          [
            -84.44294434948928,
            42.25900237063172
          ]
        ]
      }
    },
    {
      "type": "Feature",
      "properties": {
        "OBJECTID": 690582,
        "FCC": "A32",
        "RDNAME": "Denecourt St",
        "FRADDL": 900,
        "TOADDL": 960,
        "FRADDR": 901,
        "TOADDR": 961,
        "ZIPL": 49202,
        "ZIPR": 49202,
        "FEDIRP": " ",
        "NAME": "Denecourt",
        "FETYPE": "St",
        "FEDIRS": " ",
        "FEDIRP2": " ",
        "NAME2": " ",
        "FETYPE2": " ",
        "FEDIRS2": " ",
        "FEDIRP3": " ",
        "NAME3": "Denecourt",
        "FETYPE3": "Ave",
        "FEDIRS3": " ",
        "FMCDL": 8760,
        "FMCDR": 8760,
        "COUNTYL": 75,
        "COUNTYR": 75,
        "NFC": 7,
        "RU_L": 3,
        "RU_R": 3,
        "PR": 914109,
        "BMP": 0.297,
        "EMP": 0.502,
        "BPT": "38005646",
        "EPT": "38005413",
        "LRS_LINK": " 9141093800564638005413",
        "LENGTH": 330.162478,
        "VER": "17a",
        "ADJ_CNTY": 0,
        "LEGALSYSTEM": 3,
        "ShapeSTLength": 330.1624870862376,
        "PAVENTRA_SEGMENT_ID": "BLK-27-9141093800564638005413"
      },
      "geometry": {
        "type": "LineString",
        "coordinates": [
          [
            -84.44411882663378,
            42.2589996772363
          ],
          [
            -84.44412484277748,
            42.26197319646214
          ]
        ]
      }
    },
    {
      "type": "Feature",
      "properties": {
        "OBJECTID": 690583,
        "FCC": "A32",
        "RDNAME": "Savoy St",
        "FRADDL": 0,
        "TOADDL": 0,
        "FRADDR": 0,
        "TOADDR": 0,
        "ZIPL": 49202,
        "ZIPR": 49202,
        "FEDIRP": " ",
        "NAME": "Savoy",
        "FETYPE": "St",
        "FEDIRS": " ",
        "FEDIRP2": " ",
        "NAME2": " ",
        "FETYPE2": " ",
        "FEDIRS2": " ",
        "FEDIRP3": " ",
        "NAME3": " ",
        "FETYPE3": " ",
        "FEDIRS3": " ",
        "FMCDL": 8760,
        "FMCDR": 8760,
        "COUNTYL": 75,
        "COUNTYR": 75,
        "NFC": 7,
        "RU_L": 3,
        "RU_R": 3,
        "PR": 3381580,
        "BMP": 0.063,
        "EMP": 0.126,
        "BPT": "38005648",
        "EPT": "38005646",
        "LRS_LINK": "33815803800564838005646",
        "LENGTH": 102.38383168,
        "VER": "17a",
        "ADJ_CNTY": 0,
        "LEGALSYSTEM": 3,
        "ShapeSTLength": 102.38386880817701,
        "PAVENTRA_SEGMENT_ID": "BLK-28-33815803800564838005646"
      },
      "geometry": {
        "type": "LineString",
        "coordinates": [
          [
            -84.44535987943037,
            42.25901812069297
          ],
          [
            -84.44411882663378,
            42.2589996772363
          ]
        ]
      }
    },
    {
      "type": "Feature",
      "properties": {
        "OBJECTID": 690586,
        "FCC": "A32",
        "RDNAME": "Savoy St",
        "FRADDL": 2598,
        "TOADDL": 2500,
        "FRADDR": 2599,
        "TOADDR": 2501,
        "ZIPL": 49202,
        "ZIPR": 49202,
        "FEDIRP": " ",
        "NAME": "Savoy",
        "FETYPE": "St",
        "FEDIRS": " ",
        "FEDIRP2": " ",
        "NAME2": " ",
        "FETYPE2": " ",
        "FEDIRS2": " ",
        "FEDIRP3": " ",
        "NAME3": " ",
        "FETYPE3": " ",
        "FEDIRS3": " ",
        "FMCDL": 8760,
        "FMCDR": 8760,
        "COUNTYL": 75,
        "COUNTYR": 75,
        "NFC": 7,
        "RU_L": 3,
        "RU_R": 3,
        "PR": 3381580,
        "BMP": 0.0,
        "EMP": 0.063,
        "BPT": "38005652",
        "EPT": "38005648",
        "LRS_LINK": "33815803800565238005648",
        "LENGTH": 100.8962851,
        "VER": "17a",
        "ADJ_CNTY": 0,
        "LEGALSYSTEM": 3,
        "ShapeSTLength": 100.89632972165043,
        "PAVENTRA_SEGMENT_ID": "BLK-29-33815803800565238005648"
      },
      "geometry": {
        "type": "LineString",
        "coordinates": [
          [
            -84.4465831222326,
            42.25902376634882
          ],
          [
            -84.44535987943037,
            42.25901812069297
          ]
        ]
      }
    },
    {
      "type": "Feature",
      "properties": {
        "OBJECTID": 690587,
        "FCC": "A32",
        "RDNAME": "Bellevue Ave",
        "FRADDL": 900,
        "TOADDL": 960,
        "FRADDR": 901,
        "TOADDR": 961,
        "ZIPL": 49202,
        "ZIPR": 49202,
        "FEDIRP": " ",
        "NAME": "Bellevue",
        "FETYPE": "Ave",
        "FEDIRS": " ",
        "FEDIRP2": " ",
        "NAME2": " ",
        "FETYPE2": " ",
        "FEDIRS2": " ",
        "FEDIRP3": " ",
        "NAME3": " ",
        "FETYPE3": " ",
        "FEDIRS3": " ",
        "FMCDL": 8760,
        "FMCDR": 8760,
        "COUNTYL": 75,
        "COUNTYR": 75,
        "NFC": 7,
        "RU_L": 3,
        "RU_R": 3,
        "PR": 914105,
        "BMP": 0.298,
        "EMP": 0.502,
        "BPT": "38005652",
        "EPT": "38005417",
        "LRS_LINK": " 9141053800565238005417",
        "LENGTH": 328.20731759,
        "VER": "17a",
        "ADJ_CNTY": 0,
        "LEGALSYSTEM": 3,
        "ShapeSTLength": 328.2073042656577,
        "PAVENTRA_SEGMENT_ID": "BLK-30-9141053800565238005417"
      },
      "geometry": {
        "type": "LineString",
        "coordinates": [
          [
            -84.4465831222326,
            42.25902376634882
          ],
          [
            -84.44656158088362,
            42.261979636602746
          ]
        ]
      }
    },
    {
      "type": "Feature",
      "properties": {
        "OBJECTID": 690601,
        "FCC": "A31",
        "RDNAME": "Laurence Ave",
        "FRADDL": 980,
        "TOADDL": 1098,
        "FRADDR": 951,
        "TOADDR": 1061,
        "ZIPL": 49202,
        "ZIPR": 49202,
        "FEDIRP": " ",
        "NAME": "Laurence",
        "FETYPE": "Ave",
        "FEDIRS": " ",
        "FEDIRP2": " ",
        "NAME2": " ",
        "FETYPE2": " ",
        "FEDIRS2": " ",
        "FEDIRP3": " ",
        "NAME3": " ",
        "FETYPE3": " ",
        "FEDIRS3": " ",
        "FMCDL": 8760,
        "FMCDR": 8760,
        "COUNTYL": 75,
        "COUNTYR": 75,
        "NFC": 3,
        "RU_L": 3,
        "RU_R": 3,
        "PR": 3380112,
        "BMP": 0.539,
        "EMP": 0.746,
        "BPT": "38005654",
        "EPT": "38005421",
        "LRS_LINK": "33801123800565438005421",
        "LENGTH": 333.70068802,
        "VER": "17a",
        "ADJ_CNTY": 0,
        "LEGALSYSTEM": 2,
        "ShapeSTLength": 333.7006929731329,
        "PAVENTRA_SEGMENT_ID": "BLK-31-33801123800565438005421"
      },
      "geometry": {
        "type": "LineString",
        "coordinates": [
          [
            -84.44775600026168,
            42.25902548210206
          ],
          [
            -84.44776118025736,
            42.260498945985866
          ],
          [
            -84.44778339862954,
            42.2606781303663
          ],
          [
            -84.44788109225594,
            42.260950516692354
          ],
          [
            -84.44804078015237,
            42.26136831405514
          ],
          [
            -84.44825729591263,
            42.261983414329535
          ]
        ]
      }
    },
    {
      "type": "Feature",
      "properties": {
        "OBJECTID": 690733,
        "FCC": "A41",
        "RDNAME": "Woodville Rd",
        "FRADDL": 4612,
        "TOADDL": 4600,
        "FRADDR": 4613,
        "TOADDR": 4601,
        "ZIPL": 49201,
        "ZIPR": 49201,
        "FEDIRP": " ",
        "NAME": "Woodville",
        "FETYPE": "Rd",
        "FEDIRS": " ",
        "FEDIRP2": " ",
        "NAME2": " ",
        "FETYPE2": " ",
        "FEDIRS2": " ",
        "FEDIRP3": " ",
        "NAME3": " ",
        "FETYPE3": " ",
        "FEDIRS3": " ",
        "FMCDL": 8760,
        "FMCDR": 8760,
        "COUNTYL": 75,
        "COUNTYR": 75,
        "NFC": 0,
        "RU_L": 3,
        "RU_R": 3,
        "PR": 900001,
        "BMP": 0.304,
        "EMP": 0.316,
        "BPT": "38018573",
        "EPT": "38017068",
        "LRS_LINK": " 9000013801857338017068",
        "LENGTH": 18.88611619,
        "VER": "17a",
        "ADJ_CNTY": 0,
        "LEGALSYSTEM": 0,
        "ShapeSTLength": 18.886110918079456,
        "PAVENTRA_SEGMENT_ID": "BLK-32-9000013801857338017068"
      },
      "geometry": {
        "type": "LineString",
        "coordinates": [
          [
            -84.47732626800418,
            42.259211584922
          ],
          [
            -84.47709773803278,
            42.25922219174204
          ]
        ]
      }
    },
    {
      "type": "Feature",
      "properties": {
        "OBJECTID": 690901,
        "FCC": "A12",
        "RDNAME": "M 60",
        "FRADDL": 0,
        "TOADDL": 0,
        "FRADDR": 0,
        "TOADDR": 0,
        "ZIPL": 49201,
        "ZIPR": 49201,
        "FEDIRP": " ",
        "NAME": "M 60",
        "FETYPE": " ",
        "FEDIRS": " ",
        "FEDIRP2": " ",
        "NAME2": " ",
        "FETYPE2": " ",
        "FEDIRS2": " ",
        "FEDIRP3": " ",
        "NAME3": " ",
        "FETYPE3": " ",
        "FEDIRS3": " ",
        "FMCDL": 8760,
        "FMCDR": 8760,
        "COUNTYL": 75,
        "COUNTYR": 75,
        "NFC": 2,
        "RU_L": 3,
        "RU_R": 3,
        "PR": 899802,
        "BMP": 2.438,
        "EMP": 2.708,
        "BPT": "38005720",
        "EPT": "38020142",
        "LRS_LINK": " 8998023800572038020142",
        "LENGTH": 434.05071079,
        "VER": "17a",
        "ADJ_CNTY": 0,
        "LEGALSYSTEM": 1,
        "ShapeSTLength": 434.0507544645633,
        "PAVENTRA_SEGMENT_ID": "BLK-33-8998023800572038020142"
      },
      "geometry": {
        "type": "LineString",
        "coordinates": [
          [
            -84.47632724751273,
            42.25888205924812
          ],
          [
            -84.47634895116568,
            42.25928317140997
          ],
          [
            -84.47652305357694,
            42.26278851233809
          ]
        ]
      }
    },
    {
      "type": "Feature",
      "properties": {
        "OBJECTID": 690909,
        "FCC": "A12",
        "RDNAME": "M 60",
        "FRADDL": 0,
        "TOADDL": 0,
        "FRADDR": 0,
        "TOADDR": 0,
        "ZIPL": 49201,
        "ZIPR": 49201,
        "FEDIRP": " ",
        "NAME": "M 60",
        "FETYPE": " ",
        "FEDIRS": " ",
        "FEDIRP2": " ",
        "NAME2": " ",
        "FETYPE2": " ",
        "FEDIRS2": " ",
        "FEDIRP3": " ",
        "NAME3": " ",
        "FETYPE3": " ",
        "FEDIRS3": " ",
        "FMCDL": 8760,
        "FMCDR": 8760,
        "COUNTYL": 75,
        "COUNTYR": 75,
        "NFC": 2,
        "RU_L": 3,
        "RU_R": 3,
        "PR": 899801,
        "BMP": 2.331,
        "EMP": 2.601,
        "BPT": "38005722",
        "EPT": "38020141",
        "LRS_LINK": " 8998013800572238020141",
        "LENGTH": 434.74250156,
        "VER": "17a",
        "ADJ_CNTY": 0,
        "LEGALSYSTEM": 1,
        "ShapeSTLength": 434.7424675843008,
        "PAVENTRA_SEGMENT_ID": "BLK-34-8998013800572238020141"
      },
      "geometry": {
        "type": "LineString",
        "coordinates": [
          [
            -84.47667345920395,
            42.25886585531196
          ],
          [
            -84.47668708428363,
            42.25925272424134
          ],
          [
            -84.47685115700588,
            42.261974175515924
          ],
          [
            -84.47690150647132,
            42.262777516686164
          ]
        ]
      }
    },
    {
      "type": "Feature",
      "properties": {
        "OBJECTID": 690916,
        "FCC": "A32",
        "RDNAME": "Woodville Rd",
        "FRADDL": 4900,
        "TOADDL": 4626,
        "FRADDR": 4927,
        "TOADDR": 4625,
        "ZIPL": 49201,
        "ZIPR": 49201,
        "FEDIRP": " ",
        "NAME": "Woodville",
        "FETYPE": "Rd",
        "FEDIRS": " ",
        "FEDIRP2": " ",
        "NAME2": " ",
        "FETYPE2": " ",
        "FEDIRS2": " ",
        "FEDIRP3": " ",
        "NAME3": " ",
        "FETYPE3": " ",
        "FEDIRS3": " ",
        "FMCDL": 8760,
        "FMCDR": 8760,
        "COUNTYL": 75,
        "COUNTYR": 75,
        "NFC": 7,
        "RU_L": 3,
        "RU_R": 3,
        "PR": 900001,
        "BMP": 0.0,
        "EMP": 0.304,
        "BPT": "38016694",
        "EPT": "38018573",
        "LRS_LINK": " 9000013801669438018573",
        "LENGTH": 489.24057592,
        "VER": "17a",
        "ADJ_CNTY": 0,
        "LEGALSYSTEM": 3,
        "ShapeSTLength": 489.2406687983431,
        "PAVENTRA_SEGMENT_ID": "BLK-35-9000013801669438018573"
      },
      "geometry": {
        "type": "LineString",
        "coordinates": [
          [
            -84.48324626029046,
            42.25893665197363
          ],
          [
            -84.47732626800418,
            42.259211584922
          ]
        ]
      }
    },
    {
      "type": "Feature",
      "properties": {
        "OBJECTID": 690917,
        "FCC": "A31",
        "RDNAME": "Blackman Rd",
        "FRADDL": 332,
        "TOADDL": 600,
        "FRADDR": 331,
        "TOADDR": 599,
        "ZIPL": 49201,
        "ZIPR": 49201,
        "FEDIRP": " ",
        "NAME": "Blackman",
        "FETYPE": "Rd",
        "FEDIRS": " ",
        "FEDIRP2": " ",
        "NAME2": " ",
        "FETYPE2": " ",
        "FEDIRS2": " ",
        "FEDIRP3": " ",
        "NAME3": " ",
        "FETYPE3": " ",
        "FEDIRS3": " ",
        "FMCDL": 71500,
        "FMCDR": 8760,
        "COUNTYL": 75,
        "COUNTYR": 75,
        "NFC": 5,
        "RU_L": 3,
        "RU_R": 3,
        "PR": 904809,
        "BMP": 0.29,
        "EMP": 0.507,
        "BPT": "38016694",
        "EPT": "38005448",
        "LRS_LINK": " 9048093801669438005448",
        "LENGTH": 348.53513432,
        "VER": "17a",
        "ADJ_CNTY": 0,
        "LEGALSYSTEM": 2,
        "ShapeSTLength": 348.5351039604717,
        "PAVENTRA_SEGMENT_ID": "BLK-36-9048093801669438005448"
      },
      "geometry": {
        "type": "LineString",
        "coordinates": [
          [
            -84.48324626029046,
            42.25893665197363
          ],
          [
            -84.48322050429472,
            42.25934896068438
          ],
          [
            -84.48321309128124,
            42.26207519037658
          ]
        ]
      }
    },
    {
      "type": "Feature",
      "properties": {
        "OBJECTID": 691065,
        "FCC": "A32",
        "RDNAME": "Varden Dr",
        "FRADDL": 814,
        "TOADDL": 824,
        "FRADDR": 815,
        "TOADDR": 821,
        "ZIPL": 49202,
        "ZIPR": 49202,
        "FEDIRP": " ",
        "NAME": "Varden",
        "FETYPE": "Dr",
        "FEDIRS": " ",
        "FEDIRP2": " ",
        "NAME2": " ",
        "FETYPE2": " ",
        "FEDIRS2": " ",
        "FEDIRP3": " ",
        "NAME3": " ",
        "FETYPE3": " ",
        "FEDIRS3": " ",
        "FMCDL": 8760,
        "FMCDR": 8760,
        "COUNTYL": 75,
        "COUNTYR": 75,
        "NFC": 7,
        "RU_L": 3,
        "RU_R": 3,
        "PR": 914201,
        "BMP": 0.237,
        "EMP": 0.303,
        "BPT": "38005747",
        "EPT": "38005665",
        "LRS_LINK": " 9142013800574738005665",
        "LENGTH": 105.34086343,
        "VER": "17a",
        "ADJ_CNTY": 0,
        "LEGALSYSTEM": 3,
        "ShapeSTLength": 105.340877334727,
        "PAVENTRA_SEGMENT_ID": "BLK-37-9142013800574738005665"
      },
      "geometry": {
        "type": "LineString",
        "coordinates": [
          [
            -84.44122047124647,
            42.25806546408184
          ],
          [
            -84.44121824555728,
            42.25901418822236
          ]
        ]
      }
    },
    {
      "type": "Feature",
      "properties": {
        "OBJECTID": 691068,
        "FCC": "A32",
        "RDNAME": "Maynard Ave",
        "FRADDL": 852,
        "TOADDL": 898,
        "FRADDR": 843,
        "TOADDR": 899,
        "ZIPL": 49202,
        "ZIPR": 49202,
        "FEDIRP": " ",
        "NAME": "Maynard",
        "FETYPE": "Ave",
        "FEDIRS": " ",
        "FEDIRP2": " ",
        "NAME2": " ",
        "FETYPE2": " ",
        "FEDIRS2": " ",
        "FEDIRP3": " ",
        "NAME3": " ",
        "FETYPE3": " ",
        "FEDIRS3": " ",
        "FMCDL": 8760,
        "FMCDR": 8760,
        "COUNTYL": 75,
        "COUNTYR": 75,
        "NFC": 7,
        "RU_L": 3,
        "RU_R": 3,
        "PR": 897408,
        "BMP": 0.477,
        "EMP": 0.541,
        "BPT": "38005748",
        "EPT": "38005670",
        "LRS_LINK": " 8974083800574838005670",
        "LENGTH": 102.63100601,
        "VER": "17a",
        "ADJ_CNTY": 0,
        "LEGALSYSTEM": 3,
        "ShapeSTLength": 102.63102444709398,
        "PAVENTRA_SEGMENT_ID": "BLK-38-8974083800574838005670"
      },
      "geometry": {
        "type": "LineString",
        "coordinates": [
          [
            -84.44296020225575,
            42.25807812570158
          ],
          [
            -84.44294434948928,
            42.25900237063172
          ]
        ]
      }
    },
    {
      "type": "Feature",
      "properties": {
        "OBJECTID": 691072,
        "FCC": "A32",
        "RDNAME": "Lancaster Blvd",
        "FRADDL": 2320,
        "TOADDL": 2300,
        "FRADDR": 2321,
        "TOADDR": 2301,
        "ZIPL": 49202,
        "ZIPR": 49202,
        "FEDIRP": " ",
        "NAME": "Lancaster",
        "FETYPE": "Blvd",
        "FEDIRS": " ",
        "FEDIRP2": " ",
        "NAME2": " ",
        "FETYPE2": " ",
        "FEDIRS2": " ",
        "FEDIRP3": " ",
        "NAME3": " ",
        "FETYPE3": " ",
        "FEDIRS3": " ",
        "FMCDL": 8760,
        "FMCDR": 8760,
        "COUNTYL": 75,
        "COUNTYR": 75,
        "NFC": 7,
        "RU_L": 3,
        "RU_R": 3,
        "PR": 914604,
        "BMP": 0.0,
        "EMP": 0.089,
        "BPT": "38005748",
        "EPT": "38005747",
        "LRS_LINK": " 9146043800574838005747",
        "LENGTH": 143.63185826,
        "VER": "17a",
        "ADJ_CNTY": 0,
        "LEGALSYSTEM": 3,
        "ShapeSTLength": 143.6318149620291,
        "PAVENTRA_SEGMENT_ID": "BLK-39-9146043800574838005747"
      },
      "geometry": {
        "type": "LineString",
        "coordinates": [
          [
            -84.44296020225575,
            42.25807812570158
          ],
          [
            -84.44137480967521,
            42.25805104957974
          ],
          [
            -84.44122047124647,
            42.25806546408184
          ]
        ]
      }
    },
    {
      "type": "Feature",
      "properties": {
        "OBJECTID": 691170,
        "FCC": "A31",
        "RDNAME": "Blackman Rd",
        "FRADDL": 300,
        "TOADDL": 330,
        "FRADDR": 0,
        "TOADDR": 0,
        "ZIPL": 49201,
        "ZIPR": 49201,
        "FEDIRP": " ",
        "NAME": "Blackman",
        "FETYPE": "Rd",
        "FEDIRS": " ",
        "FEDIRP2": " ",
        "NAME2": " ",
        "FETYPE2": " ",
        "FEDIRS2": " ",
        "FEDIRP3": " ",
        "NAME3": " ",
        "FETYPE3": " ",
        "FEDIRS3": " ",
        "FMCDL": 71500,
        "FMCDR": 8760,
        "COUNTYL": 75,
        "COUNTYR": 75,
        "NFC": 5,
        "RU_L": 3,
        "RU_R": 3,
        "PR": 904809,
        "BMP": 0.257,
        "EMP": 0.29,
        "BPT": "38018560",
        "EPT": "38016694",
        "LRS_LINK": " 9048093801856038016694",
        "LENGTH": 54.29792979,
        "VER": "17a",
        "ADJ_CNTY": 0,
        "LEGALSYSTEM": 2,
        "ShapeSTLength": 54.29789159976656,
        "PAVENTRA_SEGMENT_ID": "BLK-40-9048093801856038016694"
      },
      "geometry": {
        "type": "LineString",
        "coordinates": [
          [
            -84.48324765297978,
            42.258447633575365
          ],
          [
            -84.48324626029046,
            42.25893665197363
          ]
        ]
      }
    },
    {
      "type": "Feature",
      "properties": {
        "OBJECTID": 691550,
        "FCC": "A32",
        "RDNAME": "Browning Ave",
        "FRADDL": 800,
        "TOADDL": 898,
        "FRADDR": 805,
        "TOADDR": 841,
        "ZIPL": 49202,
        "ZIPR": 49202,
        "FEDIRP": " ",
        "NAME": "Browning",
        "FETYPE": "Ave",
        "FEDIRS": " ",
        "FEDIRP2": " ",
        "NAME2": " ",
        "FETYPE2": " ",
        "FEDIRS2": " ",
        "FEDIRP3": " ",
        "NAME3": " ",
        "FETYPE3": " ",
        "FEDIRS3": " ",
        "FMCDL": 8760,
        "FMCDR": 8760,
        "COUNTYL": 75,
        "COUNTYR": 75,
        "NFC": 7,
        "RU_L": 3,
        "RU_R": 3,
        "PR": 914203,
        "BMP": 0.17,
        "EMP": 0.297,
        "BPT": "38005799",
        "EPT": "38005664",
        "LRS_LINK": " 9142033800579938005664",
        "LENGTH": 204.08962448,
        "VER": "17a",
        "ADJ_CNTY": 0,
        "LEGALSYSTEM": 3,
        "ShapeSTLength": 204.08962153783403,
        "PAVENTRA_SEGMENT_ID": "BLK-41-9142033800579938005664"
      },
      "geometry": {
        "type": "LineString",
        "coordinates": [
          [
            -84.44046399497593,
            42.25716439275395
          ],
          [
            -84.44045780737333,
            42.258085465124836
          ],
          [
            -84.44044639120054,
            42.25900242304424
          ]
        ]
      }
    },
    {
      "type": "Feature",
      "properties": {
        "OBJECTID": 691551,
        "FCC": "A32",
        "RDNAME": "Westminster St",
        "FRADDL": 0,
        "TOADDL": 0,
        "FRADDR": 0,
        "TOADDR": 0,
        "ZIPL": 49202,
        "ZIPR": 49202,
        "FEDIRP": " ",
        "NAME": "Westminster",
        "FETYPE": "St",
        "FEDIRS": " ",
        "FEDIRP2": " ",
        "NAME2": " ",
        "FETYPE2": " ",
        "FEDIRS2": " ",
        "FEDIRP3": " ",
        "NAME3": "Westminster",
        "FETYPE3": "Blvd",
        "FEDIRS3": " ",
        "FMCDL": 8760,
        "FMCDR": 8760,
        "COUNTYL": 75,
        "COUNTYR": 75,
        "NFC": 7,
        "RU_L": 3,
        "RU_R": 3,
        "PR": 914603,
        "BMP": 0.09,
        "EMP": 0.128,
        "BPT": "38005802",
        "EPT": "38005799",
        "LRS_LINK": " 9146033800580238005799",
        "LENGTH": 61.28910208,
        "VER": "17a",
        "ADJ_CNTY": 0,
        "LEGALSYSTEM": 3,
        "ShapeSTLength": 61.28907941958339,
        "PAVENTRA_SEGMENT_ID": "BLK-42-9146033800580238005799"
      },
      "geometry": {
        "type": "LineString",
        "coordinates": [
          [
            -84.4412069409065,
            42.25717348347899
          ],
          [
            -84.44046399497593,
            42.25716439275395
          ]
        ]
      }
    },
    {
      "type": "Feature",
      "properties": {
        "OBJECTID": 691552,
        "FCC": "A32",
        "RDNAME": "Varden Dr",
        "FRADDL": 800,
        "TOADDL": 812,
        "FRADDR": 801,
        "TOADDR": 813,
        "ZIPL": 49202,
        "ZIPR": 49202,
        "FEDIRP": " ",
        "NAME": "Varden",
        "FETYPE": "Dr",
        "FEDIRS": " ",
        "FEDIRP2": " ",
        "NAME2": " ",
        "FETYPE2": " ",
        "FEDIRS2": " ",
        "FEDIRP3": " ",
        "NAME3": " ",
        "FETYPE3": " ",
        "FEDIRS3": " ",
        "FMCDL": 8760,
        "FMCDR": 8760,
        "COUNTYL": 75,
        "COUNTYR": 75,
        "NFC": 7,
        "RU_L": 3,
        "RU_R": 3,
        "PR": 914201,
        "BMP": 0.176,
        "EMP": 0.237,
        "BPT": "38005802",
        "EPT": "38005747",
        "LRS_LINK": " 9142013800580238005747",
        "LENGTH": 99.04652388,
        "VER": "17a",
        "ADJ_CNTY": 0,
        "LEGALSYSTEM": 3,
        "ShapeSTLength": 99.04652338906197,
        "PAVENTRA_SEGMENT_ID": "BLK-43-9142013800580238005747"
      },
      "geometry": {
        "type": "LineString",
        "coordinates": [
          [
            -84.4412069409065,
            42.25717348347899
          ],
          [
            -84.44122047124647,
            42.25806546408184
          ]
        ]
      }
    },
    {
      "type": "Feature",
      "properties": {
        "OBJECTID": 691579,
        "FCC": "A32",
        "RDNAME": "Westminster St",
        "FRADDL": 2320,
        "TOADDL": 2300,
        "FRADDR": 2321,
        "TOADDR": 2301,
        "ZIPL": 49202,
        "ZIPR": 49202,
        "FEDIRP": " ",
        "NAME": "Westminster",
        "FETYPE": "St",
        "FEDIRS": " ",
        "FEDIRP2": " ",
        "NAME2": " ",
        "FETYPE2": " ",
        "FEDIRS2": " ",
        "FEDIRP3": " ",
        "NAME3": "Westminster",
        "FETYPE3": "Blvd",
        "FEDIRS3": " ",
        "FMCDL": 8760,
        "FMCDR": 8760,
        "COUNTYL": 75,
        "COUNTYR": 75,
        "NFC": 7,
        "RU_L": 3,
        "RU_R": 3,
        "PR": 914603,
        "BMP": 0.0,
        "EMP": 0.09,
        "BPT": "38005806",
        "EPT": "38005802",
        "LRS_LINK": " 9146033800580638005802",
        "LENGTH": 144.69339185,
        "VER": "17a",
        "ADJ_CNTY": 0,
        "LEGALSYSTEM": 3,
        "ShapeSTLength": 144.69345743346517,
        "PAVENTRA_SEGMENT_ID": "BLK-44-9146033800580638005802"
      },
      "geometry": {
        "type": "LineString",
        "coordinates": [
          [
            -84.44296108169748,
            42.257161804865035
          ],
          [
            -84.4412069409065,
            42.25717348347899
          ]
        ]
      }
    },
    {
      "type": "Feature",
      "properties": {
        "OBJECTID": 691580,
        "FCC": "A32",
        "RDNAME": "Maynard Ave",
        "FRADDL": 820,
        "TOADDL": 850,
        "FRADDR": 811,
        "TOADDR": 841,
        "ZIPL": 49202,
        "ZIPR": 49202,
        "FEDIRP": " ",
        "NAME": "Maynard",
        "FETYPE": "Ave",
        "FEDIRS": " ",
        "FEDIRP2": " ",
        "NAME2": " ",
        "FETYPE2": " ",
        "FEDIRS2": " ",
        "FEDIRP3": " ",
        "NAME3": " ",
        "FETYPE3": " ",
        "FEDIRS3": " ",
        "FMCDL": 8760,
        "FMCDR": 8760,
        "COUNTYL": 75,
        "COUNTYR": 75,
        "NFC": 7,
        "RU_L": 3,
        "RU_R": 3,
        "PR": 897408,
        "BMP": 0.414,
        "EMP": 0.477,
        "BPT": "38005806",
        "EPT": "38005748",
        "LRS_LINK": " 8974083800580638005748",
        "LENGTH": 101.74286632,
        "VER": "17a",
        "ADJ_CNTY": 0,
        "LEGALSYSTEM": 3,
        "ShapeSTLength": 101.742860791802,
        "PAVENTRA_SEGMENT_ID": "BLK-45-8974083800580638005748"
      },
      "geometry": {
        "type": "LineString",
        "coordinates": [
          [
            -84.44296108169748,
            42.257161804865035
          ],
          [
            -84.44296020225575,
            42.25807812570158
          ]
        ]
      }
    },
    {
      "type": "Feature",
      "properties": {
        "OBJECTID": 691591,
        "FCC": "A41",
        "RDNAME": "Woodville Rd",
        "FRADDL": 4235,
        "TOADDL": 4299,
        "FRADDR": 4234,
        "TOADDR": 4298,
        "ZIPL": 49202,
        "ZIPR": 49202,
        "FEDIRP": " ",
        "NAME": "Woodville",
        "FETYPE": "Rd",
        "FEDIRS": " ",
        "FEDIRP2": " ",
        "NAME2": " ",
        "FETYPE2": " ",
        "FEDIRS2": " ",
        "FEDIRP3": " ",
        "NAME3": " ",
        "FETYPE3": " ",
        "FEDIRS3": " ",
        "FMCDL": 8760,
        "FMCDR": 8760,
        "COUNTYL": 75,
        "COUNTYR": 75,
        "NFC": 0,
        "RU_L": 3,
        "RU_R": 3,
        "PR": 3380053,
        "BMP": 0.221,
        "EMP": 0.616,
        "BPT": "83021582",
        "EPT": "38017069",
        "LRS_LINK": "33800538302158238017069",
        "LENGTH": 635.64889055,
        "VER": "17a",
        "ADJ_CNTY": 0,
        "LEGALSYSTEM": 0,
        "ShapeSTLength": 635.6488744435934,
        "PAVENTRA_SEGMENT_ID": "BLK-46-33800538302158238017069"
      },
      "geometry": {
        "type": "LineString",
        "coordinates": [
          [
            -84.46915491046747,
            42.2575093569507
          ],
          [
            -84.47015805033246,
            42.258246723244866
          ],
          [
            -84.47117773818518,
            42.25900321188906
          ],
          [
            -84.47164089212829,
            42.259290651535395
          ],
          [
            -84.47185423115967,
            42.259375564994016
          ],
          [
            -84.47208931409979,
            42.25943149927094
          ],
          [
            -84.47241190276031,
            42.259455456831176
          ],
          [
            -84.47289152246285,
            42.2594241631717
          ],
          [
            -84.47386386805925,
            42.25938009704018
          ],
          [
            -84.47555183211936,
            42.259311773428266
          ],
          [
            -84.47584325711891,
            42.25930526601172
          ]
        ]
      }
    },
    {
      "type": "Feature",
      "properties": {
        "OBJECTID": 691769,
        "FCC": "A32",
        "RDNAME": "N Brown St",
        "FRADDL": 800,
        "TOADDL": 898,
        "FRADDR": 801,
        "TOADDR": 899,
        "ZIPL": 49202,
        "ZIPR": 49202,
        "FEDIRP": "N",
        "NAME": "Brown",
        "FETYPE": "St",
        "FEDIRS": " ",
        "FEDIRP2": " ",
        "NAME2": " ",
        "FETYPE2": " ",
        "FEDIRS2": " ",
        "FEDIRP3": " ",
        "NAME3": " ",
        "FETYPE3": " ",
        "FEDIRS3": " ",
        "FMCDL": 8760,
        "FMCDR": 41420,
        "COUNTYL": 75,
        "COUNTYR": 75,
        "NFC": 7,
        "RU_L": 3,
        "RU_R": 3,
        "PR": 914409,
        "BMP": 0.137,
        "EMP": 0.294,
        "BPT": "38005843",
        "EPT": "38005649",
        "LRS_LINK": " 9144093800584338005649",
        "LENGTH": 252.99378951,
        "VER": "17a",
        "ADJ_CNTY": 0,
        "LEGALSYSTEM": 3,
        "ShapeSTLength": 252.99377593492298,
        "PAVENTRA_SEGMENT_ID": "BLK-47-9144093800584338005649"
      },
      "geometry": {
        "type": "LineString",
        "coordinates": [
          [
            -84.43317659949997,
            42.25668968333937
          ],
          [
            -84.43315142249108,
            42.25896813076773
          ]
        ]
      }
    },
    {
      "type": "Feature",
      "properties": {
        "OBJECTID": 691779,
        "FCC": "A32",
        "RDNAME": "Hallett St",
        "FRADDL": 1632,
        "TOADDL": 1600,
        "FRADDR": 1699,
        "TOADDR": 1601,
        "ZIPL": 49202,
        "ZIPR": 49202,
        "FEDIRP": " ",
        "NAME": "Hallett",
        "FETYPE": "St",
        "FEDIRS": " ",
        "FEDIRP2": " ",
        "NAME2": " ",
        "FETYPE2": " ",
        "FEDIRS2": " ",
        "FEDIRP3": " ",
        "NAME3": " ",
        "FETYPE3": " ",
        "FEDIRS3": " ",
        "FMCDL": 8760,
        "FMCDR": 8760,
        "COUNTYL": 75,
        "COUNTYR": 75,
        "NFC": 7,
        "RU_L": 3,
        "RU_R": 3,
        "PR": 898307,
        "BMP": 0.07,
        "EMP": 0.14,
        "BPT": "38005851",
        "EPT": "38005843",
        "LRS_LINK": " 8983073800585138005843",
        "LENGTH": 111.26839666,
        "VER": "17a",
        "ADJ_CNTY": 0,
        "LEGALSYSTEM": 3,
        "ShapeSTLength": 111.26842695270749,
        "PAVENTRA_SEGMENT_ID": "BLK-48-8983073800585138005843"
      },
      "geometry": {
        "type": "LineString",
        "coordinates": [
          [
            -84.43452556643057,
            42.256691112133915
          ],
          [
            -84.43317659949997,
            42.25668968333937
          ]
        ]
      }
    },
    {
      "type": "Feature",
      "properties": {
        "OBJECTID": 691780,
        "FCC": "A32",
        "RDNAME": "Wayne St",
        "FRADDL": 800,
        "TOADDL": 880,
        "FRADDR": 801,
        "TOADDR": 871,
        "ZIPL": 49202,
        "ZIPR": 49202,
        "FEDIRP": " ",
        "NAME": "Wayne",
        "FETYPE": "St",
        "FEDIRS": " ",
        "FEDIRP2": " ",
        "NAME2": " ",
        "FETYPE2": " ",
        "FEDIRS2": " ",
        "FEDIRP3": " ",
        "NAME3": " ",
        "FETYPE3": " ",
        "FEDIRS3": " ",
        "FMCDL": 8760,
        "FMCDR": 8760,
        "COUNTYL": 75,
        "COUNTYR": 75,
        "NFC": 7,
        "RU_L": 3,
        "RU_R": 3,
        "PR": 914208,
        "BMP": 0.224,
        "EMP": 0.383,
        "BPT": "38005851",
        "EPT": "38005657",
        "LRS_LINK": " 9142083800585138005657",
        "LENGTH": 255.45676678,
        "VER": "17a",
        "ADJ_CNTY": 0,
        "LEGALSYSTEM": 3,
        "ShapeSTLength": 255.45669850174215,
        "PAVENTRA_SEGMENT_ID": "BLK-49-9142083800585138005657"
      },
      "geometry": {
        "type": "LineString",
        "coordinates": [
          [
            -84.43452556643057,
            42.256691112133915
          ],
          [
            -84.43448459104246,
            42.25899161657369
          ]
        ]
      }
    },
    {
      "type": "Feature",
      "properties": {
        "OBJECTID": 691781,
        "FCC": "A32",
        "RDNAME": "Hallett St",
        "FRADDL": 1740,
        "TOADDL": 1700,
        "FRADDR": 1799,
        "TOADDR": 1701,
        "ZIPL": 49202,
        "ZIPR": 49202,
        "FEDIRP": " ",
        "NAME": "Hallett",
        "FETYPE": "St",
        "FEDIRS": " ",
        "FEDIRP2": " ",
        "NAME2": " ",
        "FETYPE2": " ",
        "FEDIRS2": " ",
        "FEDIRP3": " ",
        "NAME3": " ",
        "FETYPE3": " ",
        "FEDIRS3": " ",
        "FMCDL": 8760,
        "FMCDR": 8760,
        "COUNTYL": 75,
        "COUNTYR": 75,
        "NFC": 7,
        "RU_L": 3,
        "RU_R": 3,
        "PR": 898307,
        "BMP": 0.0,
        "EMP": 0.07,
        "BPT": "38005858",
        "EPT": "38005851",
        "LRS_LINK": " 8983073800585838005851",
        "LENGTH": 113.16422112,
        "VER": "17a",
        "ADJ_CNTY": 0,
        "LEGALSYSTEM": 3,
        "ShapeSTLength": 113.16421632322648,
        "PAVENTRA_SEGMENT_ID": "BLK-50-8983073800585838005851"
      },
      "geometry": {
        "type": "LineString",
        "coordinates": [
          [
            -84.43589736563558,
            42.25670632944144
          ],
          [
            -84.43452556643057,
            42.256691112133915
          ]
        ]
      }
    },
    {
      "type": "Feature",
      "properties": {
        "OBJECTID": 691782,
        "FCC": "A32",
        "RDNAME": "Winifred St",
        "FRADDL": 800,
        "TOADDL": 888,
        "FRADDR": 801,
        "TOADDR": 871,
        "ZIPL": 49202,
        "ZIPR": 49202,
        "FEDIRP": " ",
        "NAME": "Winifred",
        "FETYPE": "St",
        "FEDIRS": " ",
        "FEDIRP2": " ",
        "NAME2": " ",
        "FETYPE2": " ",
        "FEDIRS2": " ",
        "FEDIRP3": " ",
        "NAME3": " ",
        "FETYPE3": " ",
        "FEDIRS3": " ",
        "FMCDL": 8760,
        "FMCDR": 8760,
        "COUNTYL": 75,
        "COUNTYR": 75,
        "NFC": 7,
        "RU_L": 3,
        "RU_R": 3,
        "PR": 914207,
        "BMP": 0.198,
        "EMP": 0.355,
        "BPT": "38005858",
        "EPT": "38005658",
        "LRS_LINK": " 9142073800585838005658",
        "LENGTH": 252.65447334,
        "VER": "17a",
        "ADJ_CNTY": 0,
        "LEGALSYSTEM": 3,
        "ShapeSTLength": 252.6544435861756,
        "PAVENTRA_SEGMENT_ID": "BLK-51-9142073800585838005658"
      },
      "geometry": {
        "type": "LineString",
        "coordinates": [
          [
            -84.43589736563558,
            42.25670632944144
          ],
          [
            -84.43586717790554,
            42.25898168687686
          ]
        ]
      }
    },
    {
      "type": "Feature",
      "properties": {
        "OBJECTID": 691796,
        "FCC": "A32",
        "RDNAME": "Longfellow Ave",
        "FRADDL": 800,
        "TOADDL": 898,
        "FRADDR": 801,
        "TOADDR": 899,
        "ZIPL": 49202,
        "ZIPR": 49202,
        "FEDIRP": " ",
        "NAME": "Longfellow",
        "FETYPE": "Ave",
        "FEDIRS": " ",
        "FEDIRP2": " ",
        "NAME2": " ",
        "FETYPE2": " ",
        "FEDIRS2": " ",
        "FEDIRP3": " ",
        "NAME3": " ",
        "FETYPE3": " ",
        "FEDIRS3": " ",
        "FMCDL": 8760,
        "FMCDR": 8760,
        "COUNTYL": 75,
        "COUNTYR": 75,
        "NFC": 7,
        "RU_L": 3,
        "RU_R": 3,
        "PR": 914206,
        "BMP": 0.171,
        "EMP": 0.329,
        "BPT": "38005853",
        "EPT": "38005659",
        "LRS_LINK": " 9142063800585338005659",
        "LENGTH": 254.19777032,
        "VER": "17a",
        "ADJ_CNTY": 0,
        "LEGALSYSTEM": 3,
        "ShapeSTLength": 254.19781255408157,
        "PAVENTRA_SEGMENT_ID": "BLK-52-9142063800585338005659"
      },
      "geometry": {
        "type": "LineString",
        "coordinates": [
          [
            -84.43706470904739,
            42.256697113894525
          ],
          [
            -84.43706846262806,
            42.258986480038665
          ]
        ]
      }
    },
    {
      "type": "Feature",
      "properties": {
        "OBJECTID": 691810,
        "FCC": "A32",
        "RDNAME": "Hallett St",
        "FRADDL": 1940,
        "TOADDL": 1900,
        "FRADDR": 1921,
        "TOADDR": 1901,
        "ZIPL": 49202,
        "ZIPR": 49202,
        "FEDIRP": " ",
        "NAME": "Hallett",
        "FETYPE": "St",
        "FEDIRS": " ",
        "FEDIRP2": " ",
        "NAME2": " ",
        "FETYPE2": " ",
        "FEDIRS2": " ",
        "FEDIRP3": " ",
        "NAME3": " ",
        "FETYPE3": " ",
        "FEDIRS3": " ",
        "FMCDL": 8760,
        "FMCDR": 8760,
        "COUNTYL": 75,
        "COUNTYR": 75,
        "NFC": 7,
        "RU_L": 3,
        "RU_R": 3,
        "PR": 917401,
        "BMP": 0.115,
        "EMP": 0.174,
        "BPT": "38005862",
        "EPT": "38005853",
        "LRS_LINK": " 9174013800586238005853",
        "LENGTH": 94.3798941,
        "VER": "17a",
        "ADJ_CNTY": 0,
        "LEGALSYSTEM": 3,
        "ShapeSTLength": 94.37987741685194,
        "PAVENTRA_SEGMENT_ID": "BLK-53-9174013800586238005853"
      },
      "geometry": {
        "type": "LineString",
        "coordinates": [
          [
            -84.43820879035734,
            42.256683925696194
          ],
          [
            -84.43706470904739,
            42.256697113894525
          ]
        ]
      }
    },
    {
      "type": "Feature",
      "properties": {
        "OBJECTID": 691811,
        "FCC": "A32",
        "RDNAME": "Lowell Ave",
        "FRADDL": 800,
        "TOADDL": 860,
        "FRADDR": 801,
        "TOADDR": 899,
        "ZIPL": 49202,
        "ZIPR": 49202,
        "FEDIRP": " ",
        "NAME": "Lowell",
        "FETYPE": "Ave",
        "FEDIRS": " ",
        "FEDIRP2": " ",
        "NAME2": " ",
        "FETYPE2": " ",
        "FEDIRS2": " ",
        "FEDIRP3": " ",
        "NAME3": "Lowell",
        "FETYPE3": "St",
        "FEDIRS3": " ",
        "FMCDL": 8760,
        "FMCDR": 8760,
        "COUNTYL": 75,
        "COUNTYR": 75,
        "NFC": 7,
        "RU_L": 3,
        "RU_R": 3,
        "PR": 914205,
        "BMP": 0.137,
        "EMP": 0.295,
        "BPT": "38005862",
        "EPT": "38005661",
        "LRS_LINK": " 9142053800586238005661",
        "LENGTH": 255.26870893,
        "VER": "17a",
        "ADJ_CNTY": 0,
        "LEGALSYSTEM": 3,
        "ShapeSTLength": 255.2687714868585,
        "PAVENTRA_SEGMENT_ID": "BLK-54-9142053800586238005661"
      },
      "geometry": {
        "type": "LineString",
        "coordinates": [
          [
            -84.43820879035734,
            42.256683925696194
          ],
          [
            -84.4382120219363,
            42.25898293754924
          ]
        ]
      }
    },
    {
      "type": "Feature",
      "properties": {
        "OBJECTID": 691827,
        "FCC": "A32",
        "RDNAME": "Hallett St",
        "FRADDL": 2098,
        "TOADDL": 2000,
        "FRADDR": 2099,
        "TOADDR": 2001,
        "ZIPL": 49202,
        "ZIPR": 49202,
        "FEDIRP": " ",
        "NAME": "Hallett",
        "FETYPE": "St",
        "FEDIRS": " ",
        "FEDIRP2": " ",
        "NAME2": " ",
        "FETYPE2": " ",
        "FEDIRS2": " ",
        "FEDIRP3": " ",
        "NAME3": " ",
        "FETYPE3": " ",
        "FEDIRS3": " ",
        "FMCDL": 8760,
        "FMCDR": 8760,
        "COUNTYL": 75,
        "COUNTYR": 75,
        "NFC": 7,
        "RU_L": 3,
        "RU_R": 3,
        "PR": 917401,
        "BMP": 0.058,
        "EMP": 0.115,
        "BPT": "38005866",
        "EPT": "38005862",
        "LRS_LINK": " 9174013800586638005862",
        "LENGTH": 92.4667737,
        "VER": "17a",
        "ADJ_CNTY": 0,
        "LEGALSYSTEM": 3,
        "ShapeSTLength": 92.46673517541322,
        "PAVENTRA_SEGMENT_ID": "BLK-55-9174013800586638005862"
      },
      "geometry": {
        "type": "LineString",
        "coordinates": [
          [
            -84.43932980926233,
            42.25668663698042
          ],
          [
            -84.43820879035734,
            42.256683925696194
          ]
        ]
      }
    },
    {
      "type": "Feature",
      "properties": {
        "OBJECTID": 691828,
        "FCC": "A32",
        "RDNAME": "Bryant Ave",
        "FRADDL": 800,
        "TOADDL": 898,
        "FRADDR": 801,
        "TOADDR": 899,
        "ZIPL": 49202,
        "ZIPR": 49202,
        "FEDIRP": " ",
        "NAME": "Bryant",
        "FETYPE": "Ave",
        "FEDIRS": " ",
        "FEDIRP2": " ",
        "NAME2": " ",
        "FETYPE2": " ",
        "FEDIRS2": " ",
        "FEDIRP3": " ",
        "NAME3": " ",
        "FETYPE3": " ",
        "FEDIRS3": " ",
        "FMCDL": 8760,
        "FMCDR": 8760,
        "COUNTYL": 75,
        "COUNTYR": 75,
        "NFC": 7,
        "RU_L": 3,
        "RU_R": 3,
        "PR": 914204,
        "BMP": 0.137,
        "EMP": 0.294,
        "BPT": "38005866",
        "EPT": "38005663",
        "LRS_LINK": " 9142043800586638005663",
        "LENGTH": 253.56865234,
        "VER": "17a",
        "ADJ_CNTY": 0,
        "LEGALSYSTEM": 3,
        "ShapeSTLength": 253.56858940759994,
        "PAVENTRA_SEGMENT_ID": "BLK-56-9142043800586638005663"
      },
      "geometry": {
        "type": "LineString",
        "coordinates": [
          [
            -84.43932980926233,
            42.25668663698042
          ],
          [
            -84.43932894828724,
            42.258970337686165
          ]
        ]
      }
    },
    {
      "type": "Feature",
      "properties": {
        "OBJECTID": 691842,
        "FCC": "A32",
        "RDNAME": "Hallett St",
        "FRADDL": 2198,
        "TOADDL": 2100,
        "FRADDR": 2199,
        "TOADDR": 2101,
        "ZIPL": 49202,
        "ZIPR": 49202,
        "FEDIRP": " ",
        "NAME": "Hallett",
        "FETYPE": "St",
        "FEDIRS": " ",
        "FEDIRP2": " ",
        "NAME2": " ",
        "FETYPE2": " ",
        "FEDIRS2": " ",
        "FEDIRP3": " ",
        "NAME3": " ",
        "FETYPE3": " ",
        "FEDIRS3": " ",
        "FMCDL": 8760,
        "FMCDR": 8760,
        "COUNTYL": 75,
        "COUNTYR": 75,
        "NFC": 7,
        "RU_L": 3,
        "RU_R": 3,
        "PR": 917401,
        "BMP": 0.0,
        "EMP": 0.058,
        "BPT": "38005871",
        "EPT": "38005866",
        "LRS_LINK": " 9174013800587138005866",
        "LENGTH": 92.69645768,
        "VER": "17a",
        "ADJ_CNTY": 0,
        "LEGALSYSTEM": 3,
        "ShapeSTLength": 92.69648223961899,
        "PAVENTRA_SEGMENT_ID": "BLK-57-9174013800587138005866"
      },
      "geometry": {
        "type": "LineString",
        "coordinates": [
          [
            -84.44045361759683,
            42.25668512474816
          ],
          [
            -84.43932980926233,
            42.25668663698042
          ]
        ]
      }
    },
    {
      "type": "Feature",
      "properties": {
        "OBJECTID": 691843,
        "FCC": "A32",
        "RDNAME": "Browning Ave",
        "FRADDL": 0,
        "TOADDL": 0,
        "FRADDR": 801,
        "TOADDR": 803,
        "ZIPL": 49202,
        "ZIPR": 49202,
        "FEDIRP": " ",
        "NAME": "Browning",
        "FETYPE": "Ave",
        "FEDIRS": " ",
        "FEDIRP2": " ",
        "NAME2": " ",
        "FETYPE2": " ",
        "FEDIRS2": " ",
        "FEDIRP3": " ",
        "NAME3": " ",
        "FETYPE3": " ",
        "FEDIRS3": " ",
        "FMCDL": 8760,
        "FMCDR": 8760,
        "COUNTYL": 75,
        "COUNTYR": 75,
        "NFC": 7,
        "RU_L": 3,
        "RU_R": 3,
        "PR": 914203,
        "BMP": 0.137,
        "EMP": 0.17,
        "BPT": "38005871",
        "EPT": "38005799",
        "LRS_LINK": " 9142033800587138005799",
        "LENGTH": 53.22187275,
        "VER": "17a",
        "ADJ_CNTY": 0,
        "LEGALSYSTEM": 3,
        "ShapeSTLength": 53.221953532353545,
        "PAVENTRA_SEGMENT_ID": "BLK-58-9142033800587138005799"
      },
      "geometry": {
        "type": "LineString",
        "coordinates": [
          [
            -84.44045361759683,
            42.25668512474816
          ],
          [
            -84.44046399497593,
            42.25716439275395
          ]
        ]
      }
    },
    {
      "type": "Feature",
      "properties": {
        "OBJECTID": 691844,
        "FCC": "A32",
        "RDNAME": "Maynard Rd",
        "FRADDL": 800,
        "TOADDL": 818,
        "FRADDR": 801,
        "TOADDR": 809,
        "ZIPL": 49202,
        "ZIPR": 49202,
        "FEDIRP": " ",
        "NAME": "Maynard",
        "FETYPE": "Rd",
        "FEDIRS": " ",
        "FEDIRP2": " ",
        "NAME2": " ",
        "FETYPE2": " ",
        "FEDIRS2": " ",
        "FEDIRP3": " ",
        "NAME3": " ",
        "FETYPE3": " ",
        "FEDIRS3": " ",
        "FMCDL": 8760,
        "FMCDR": 8760,
        "COUNTYL": 75,
        "COUNTYR": 75,
        "NFC": 7,
        "RU_L": 3,
        "RU_R": 3,
        "PR": 897408,
        "BMP": 0.383,
        "EMP": 0.414,
        "BPT": "38005854",
        "EPT": "38005806",
        "LRS_LINK": " 8974083800585438005806",
        "LENGTH": 49.40726781,
        "VER": "17a",
        "ADJ_CNTY": 0,
        "LEGALSYSTEM": 3,
        "ShapeSTLength": 49.407285366026734,
        "PAVENTRA_SEGMENT_ID": "BLK-59-8974083800585438005806"
      },
      "geometry": {
        "type": "LineString",
        "coordinates": [
          [
            -84.44296972609247,
            42.25671687706869
          ],
          [
            -84.44296108169748,
            42.257161804865035
          ]
        ]
      }
    },
    {
      "type": "Feature",
      "properties": {
        "OBJECTID": 691854,
        "FCC": "A32",
        "RDNAME": "Loraine St",
        "FRADDL": 2498,
        "TOADDL": 2400,
        "FRADDR": 2499,
        "TOADDR": 2401,
        "ZIPL": 49202,
        "ZIPR": 49202,
        "FEDIRP": " ",
        "NAME": "Loraine",
        "FETYPE": "St",
        "FEDIRS": " ",
        "FEDIRP2": " ",
        "NAME2": " ",
        "FETYPE2": " ",
        "FEDIRS2": " ",
        "FEDIRP3": " ",
        "NAME3": " ",
        "FETYPE3": " ",
        "FEDIRS3": " ",
        "FMCDL": 8760,
        "FMCDR": 8760,
        "COUNTYL": 75,
        "COUNTYR": 75,
        "NFC": 7,
        "RU_L": 3,
        "RU_R": 3,
        "PR": 914503,
        "BMP": 0.185,
        "EMP": 0.245,
        "BPT": "38005859",
        "EPT": "38005854",
        "LRS_LINK": " 9145033800585938005854",
        "LENGTH": 97.06379041,
        "VER": "17a",
        "ADJ_CNTY": 0,
        "LEGALSYSTEM": 3,
        "ShapeSTLength": 97.06378251438586,
        "PAVENTRA_SEGMENT_ID": "BLK-60-9145033800585938005854"
      },
      "geometry": {
        "type": "LineString",
        "coordinates": [
          [
            -84.44414645338115,
            42.25672318109116
          ],
          [
            -84.44296972609247,
            42.25671687706869
          ]
        ]
      }
    },
    {
      "type": "Feature",
      "properties": {
        "OBJECTID": 691855,
        "FCC": "A32",
        "RDNAME": "Denecourt St",
        "FRADDL": 800,
        "TOADDL": 872,
        "FRADDR": 801,
        "TOADDR": 871,
        "ZIPL": 49202,
        "ZIPR": 49202,
        "FEDIRP": " ",
        "NAME": "Denecourt",
        "FETYPE": "St",
        "FEDIRS": " ",
        "FEDIRP2": " ",
        "NAME2": " ",
        "FETYPE2": " ",
        "FEDIRS2": " ",
        "FEDIRP3": " ",
        "NAME3": "Denecourt",
        "FETYPE3": "Ave",
        "FEDIRS3": " ",
        "FMCDL": 8760,
        "FMCDR": 8760,
        "COUNTYL": 75,
        "COUNTYR": 75,
        "NFC": 7,
        "RU_L": 3,
        "RU_R": 3,
        "PR": 914109,
        "BMP": 0.14,
        "EMP": 0.297,
        "BPT": "38005859",
        "EPT": "38005646",
        "LRS_LINK": " 9141093800585938005646",
        "LENGTH": 252.77886729,
        "VER": "17a",
        "ADJ_CNTY": 0,
        "LEGALSYSTEM": 3,
        "ShapeSTLength": 252.7789277542335,
        "PAVENTRA_SEGMENT_ID": "BLK-61-9141093800585938005646"
      },
      "geometry": {
        "type": "LineString",
        "coordinates": [
          [
            -84.44414645338115,
            42.25672318109116
          ],
          [
            -84.44411882663378,
            42.2589996772363
          ]
        ]
      }
    },
    {
      "type": "Feature",
      "properties": {
        "OBJECTID": 691880,
        "FCC": "A32",
        "RDNAME": "Loraine St",
        "FRADDL": 2598,
        "TOADDL": 2500,
        "FRADDR": 2599,
        "TOADDR": 2501,
        "ZIPL": 49202,
        "ZIPR": 49202,
        "FEDIRP": " ",
        "NAME": "Loraine",
        "FETYPE": "St",
        "FEDIRS": " ",
        "FEDIRP2": " ",
        "NAME2": " ",
        "FETYPE2": " ",
        "FEDIRS2": " ",
        "FEDIRP3": " ",
        "NAME3": " ",
        "FETYPE3": " ",
        "FEDIRS3": " ",
        "FMCDL": 8760,
        "FMCDR": 8760,
        "COUNTYL": 75,
        "COUNTYR": 75,
        "NFC": 7,
        "RU_L": 3,
        "RU_R": 3,
        "PR": 914503,
        "BMP": 0.123,
        "EMP": 0.185,
        "BPT": "38005864",
        "EPT": "38005859",
        "LRS_LINK": " 9145033800586438005859",
        "LENGTH": 99.47989914,
        "VER": "17a",
        "ADJ_CNTY": 0,
        "LEGALSYSTEM": 3,
        "ShapeSTLength": 99.47991657063248,
        "PAVENTRA_SEGMENT_ID": "BLK-62-9145033800586438005859"
      },
      "geometry": {
        "type": "LineString",
        "coordinates": [
          [
            -84.44535248190263,
            42.2567178351063
          ],
          [
            -84.44414645338115,
            42.25672318109116
          ]
        ]
      }
    },
    {
      "type": "Feature",
      "properties": {
        "OBJECTID": 691881,
        "FCC": "A32",
        "RDNAME": "Concord Blvd",
        "FRADDL": 800,
        "TOADDL": 872,
        "FRADDR": 801,
        "TOADDR": 871,
        "ZIPL": 49202,
        "ZIPR": 49202,
        "FEDIRP": " ",
        "NAME": "Concord",
        "FETYPE": "Blvd",
        "FEDIRS": " ",
        "FEDIRP2": " ",
        "NAME2": " ",
        "FETYPE2": " ",
        "FEDIRS2": " ",
        "FEDIRP3": " ",
        "NAME3": " ",
        "FETYPE3": " ",
        "FEDIRS3": " ",
        "FMCDL": 8760,
        "FMCDR": 8760,
        "COUNTYL": 75,
        "COUNTYR": 75,
        "NFC": 7,
        "RU_L": 3,
        "RU_R": 3,
        "PR": 914107,
        "BMP": 0.139,
        "EMP": 0.298,
        "BPT": "38005864",
        "EPT": "38005648",
        "LRS_LINK": " 9141073800586438005648",
        "LENGTH": 255.41088094,
        "VER": "17a",
        "ADJ_CNTY": 0,
        "LEGALSYSTEM": 3,
        "ShapeSTLength": 255.41083159006783,
        "PAVENTRA_SEGMENT_ID": "BLK-63-9141073800586438005648"
      },
      "geometry": {
        "type": "LineString",
        "coordinates": [
          [
            -84.44535248190263,
            42.2567178351063
          ],
          [
            -84.44535987943037,
            42.25901812069297
          ]
        ]
      }
    },
    {
      "type": "Feature",
      "properties": {
        "OBJECTID": 691901,
        "FCC": "A32",
        "RDNAME": "Loraine St",
        "FRADDL": 2698,
        "TOADDL": 2600,
        "FRADDR": 2631,
        "TOADDR": 2601,
        "ZIPL": 49202,
        "ZIPR": 49202,
        "FEDIRP": " ",
        "NAME": "Loraine",
        "FETYPE": "St",
        "FEDIRS": " ",
        "FEDIRP2": " ",
        "NAME2": " ",
        "FETYPE2": " ",
        "FEDIRS2": " ",
        "FEDIRP3": " ",
        "NAME3": " ",
        "FETYPE3": " ",
        "FEDIRS3": " ",
        "FMCDL": 8760,
        "FMCDR": 8760,
        "COUNTYL": 75,
        "COUNTYR": 75,
        "NFC": 7,
        "RU_L": 3,
        "RU_R": 3,
        "PR": 914503,
        "BMP": 0.059,
        "EMP": 0.123,
        "BPT": "38005867",
        "EPT": "38005864",
        "LRS_LINK": " 9145033800586738005864",
        "LENGTH": 101.8465863,
        "VER": "17a",
        "ADJ_CNTY": 0,
        "LEGALSYSTEM": 3,
        "ShapeSTLength": 101.8466347809784,
        "PAVENTRA_SEGMENT_ID": "BLK-64-9145033800586738005864"
      },
      "geometry": {
        "type": "LineString",
        "coordinates": [
          [
            -84.44658721153738,
            42.25671358400878
          ],
          [
            -84.44535248190263,
            42.2567178351063
          ]
        ]
      }
    },
    {
      "type": "Feature",
      "properties": {
        "OBJECTID": 691902,
        "FCC": "A32",
        "RDNAME": "Bellevue Ave",
        "FRADDL": 800,
        "TOADDL": 880,
        "FRADDR": 801,
        "TOADDR": 881,
        "ZIPL": 49202,
        "ZIPR": 49202,
        "FEDIRP": " ",
        "NAME": "Bellevue",
        "FETYPE": "Ave",
        "FEDIRS": " ",
        "FEDIRP2": " ",
        "NAME2": " ",
        "FETYPE2": " ",
        "FEDIRS2": " ",
        "FEDIRP3": " ",
        "NAME3": " ",
        "FETYPE3": " ",
        "FEDIRS3": " ",
        "FMCDL": 8760,
        "FMCDR": 8760,
        "COUNTYL": 75,
        "COUNTYR": 75,
        "NFC": 7,
        "RU_L": 3,
        "RU_R": 3,
        "PR": 914105,
        "BMP": 0.139,
        "EMP": 0.298,
        "BPT": "38005867",
        "EPT": "38005652",
        "LRS_LINK": " 9141053800586738005652",
        "LENGTH": 256.50923227,
        "VER": "17a",
        "ADJ_CNTY": 0,
        "LEGALSYSTEM": 3,
        "ShapeSTLength": 256.5092087942653,
        "PAVENTRA_SEGMENT_ID": "BLK-65-9141053800586738005652"
      },
      "geometry": {
        "type": "LineString",
        "coordinates": [
          [
            -84.44658721153738,
            42.25671358400878
          ],
          [
            -84.4465831222326,
            42.25902376634882
          ]
        ]
      }
    },
    {
      "type": "Feature",
      "properties": {
        "OBJECTID": 691912,
        "FCC": "A32",
        "RDNAME": "Loraine St",
        "FRADDL": 2730,
        "TOADDL": 2700,
        "FRADDR": 2799,
        "TOADDR": 2701,
        "ZIPL": 49202,
        "ZIPR": 49202,
        "FEDIRP": " ",
        "NAME": "Loraine",
        "FETYPE": "St",
        "FEDIRS": " ",
        "FEDIRP2": " ",
        "NAME2": " ",
        "FETYPE2": " ",
        "FEDIRS2": " ",
        "FEDIRP3": " ",
        "NAME3": " ",
        "FETYPE3": " ",
        "FEDIRS3": " ",
        "FMCDL": 8760,
        "FMCDR": 8760,
        "COUNTYL": 75,
        "COUNTYR": 75,
        "NFC": 7,
        "RU_L": 3,
        "RU_R": 3,
        "PR": 914503,
        "BMP": 0.0,
        "EMP": 0.059,
        "BPT": "38005870",
        "EPT": "38005867",
        "LRS_LINK": " 9145033800587038005867",
        "LENGTH": 95.51638265,
        "VER": "17a",
        "ADJ_CNTY": 0,
        "LEGALSYSTEM": 3,
        "ShapeSTLength": 95.51634151379542,
        "PAVENTRA_SEGMENT_ID": "BLK-66-9145033800587038005867"
      },
      "geometry": {
        "type": "LineString",
        "coordinates": [
          [
            -84.4477452086289,
            42.256713235923606
          ],
          [
            -84.44658721153738,
            42.25671358400878
          ]
        ]
      }
    },
    {
      "type": "Feature",
      "properties": {
        "OBJECTID": 691913,
        "FCC": "A31",
        "RDNAME": "Laurence Ave",
        "FRADDL": 800,
        "TOADDL": 880,
        "FRADDR": 801,
        "TOADDR": 881,
        "ZIPL": 49202,
        "ZIPR": 49202,
        "FEDIRP": " ",
        "NAME": "Laurence",
        "FETYPE": "Ave",
        "FEDIRS": " ",
        "FEDIRP2": " ",
        "NAME2": " ",
        "FETYPE2": " ",
        "FEDIRS2": " ",
        "FEDIRP3": " ",
        "NAME3": " ",
        "FETYPE3": " ",
        "FEDIRS3": " ",
        "FMCDL": 8760,
        "FMCDR": 8760,
        "COUNTYL": 75,
        "COUNTYR": 75,
        "NFC": 3,
        "RU_L": 3,
        "RU_R": 3,
        "PR": 3380112,
        "BMP": 0.379,
        "EMP": 0.539,
        "BPT": "38005870",
        "EPT": "38005654",
        "LRS_LINK": "33801123800587038005654",
        "LENGTH": 256.74713367,
        "VER": "17a",
        "ADJ_CNTY": 0,
        "LEGALSYSTEM": 2,
        "ShapeSTLength": 256.74709311801087,
        "PAVENTRA_SEGMENT_ID": "BLK-67-33801123800587038005654"
      },
      "geometry": {
        "type": "LineString",
        "coordinates": [
          [
            -84.4477452086289,
            42.256713235923606
          ],
          [
            -84.44773776331454,
            42.25723592425806
          ],
          [
            -84.44775600026168,
            42.25902548210206
          ]
        ]
      }
    },
    {
      "type": "Feature",
      "properties": {
        "OBJECTID": 692152,
        "FCC": "A32",
        "RDNAME": "Varden Dr",
        "FRADDL": 708,
        "TOADDL": 798,
        "FRADDR": 709,
        "TOADDR": 721,
        "ZIPL": 49202,
        "ZIPR": 49202,
        "FEDIRP": " ",
        "NAME": "Varden",
        "FETYPE": "Dr",
        "FEDIRS": " ",
        "FEDIRP2": " ",
        "NAME2": " ",
        "FETYPE2": " ",
        "FEDIRS2": " ",
        "FEDIRP3": " ",
        "NAME3": " ",
        "FETYPE3": " ",
        "FEDIRS3": " ",
        "FMCDL": 8760,
        "FMCDR": 8760,
        "COUNTYL": 75,
        "COUNTYR": 75,
        "NFC": 7,
        "RU_L": 3,
        "RU_R": 3,
        "PR": 914201,
        "BMP": 0.113,
        "EMP": 0.176,
        "BPT": "38005898",
        "EPT": "38005802",
        "LRS_LINK": " 9142013800589838005802",
        "LENGTH": 100.44018568,
        "VER": "17a",
        "ADJ_CNTY": 0,
        "LEGALSYSTEM": 3,
        "ShapeSTLength": 100.44019241344573,
        "PAVENTRA_SEGMENT_ID": "BLK-68-9142013800589838005802"
      },
      "geometry": {
        "type": "LineString",
        "coordinates": [
          [
            -84.4412248034235,
            42.25626899172329
          ],
          [
            -84.4412069409065,
            42.25717348347899
          ]
        ]
      }
    },
    {
      "type": "Feature",
      "properties": {
        "OBJECTID": 692174,
        "FCC": "A32",
        "RDNAME": "Oxford Blvd",
        "FRADDL": 2320,
        "TOADDL": 2300,
        "FRADDR": 2321,
        "TOADDR": 2301,
        "ZIPL": 49202,
        "ZIPR": 49202,
        "FEDIRP": " ",
        "NAME": "Oxford",
        "FETYPE": "Blvd",
        "FEDIRS": " ",
        "FEDIRP2": " ",
        "NAME2": " ",
        "FETYPE2": " ",
        "FEDIRS2": " ",
        "FEDIRP3": " ",
        "NAME3": " ",
        "FETYPE3": " ",
        "FEDIRS3": " ",
        "FMCDL": 8760,
        "FMCDR": 8760,
        "COUNTYL": 75,
        "COUNTYR": 75,
        "NFC": 7,
        "RU_L": 3,
        "RU_R": 3,
        "PR": 914602,
        "BMP": 0.0,
        "EMP": 0.089,
        "BPT": "38005903",
        "EPT": "38005898",
        "LRS_LINK": " 9146023800590338005898",
        "LENGTH": 143.07205244,
        "VER": "17a",
        "ADJ_CNTY": 0,
        "LEGALSYSTEM": 3,
        "ShapeSTLength": 143.07203968274166,
        "PAVENTRA_SEGMENT_ID": "BLK-69-9146023800590338005898"
      },
      "geometry": {
        "type": "LineString",
        "coordinates": [
          [
            -84.44295925349287,
            42.2562567039521
          ],
          [
            -84.4412248034235,
            42.25626899172329
          ]
        ]
      }
    },
    {
      "type": "Feature",
      "properties": {
        "OBJECTID": 692175,
        "FCC": "A32",
        "RDNAME": "Maynard Ave",
        "FRADDL": 712,
        "TOADDL": 798,
        "FRADDR": 701,
        "TOADDR": 799,
        "ZIPL": 49202,
        "ZIPR": 49202,
        "FEDIRP": " ",
        "NAME": "Maynard",
        "FETYPE": "Ave",
        "FEDIRS": " ",
        "FEDIRP2": " ",
        "NAME2": " ",
        "FETYPE2": " ",
        "FEDIRS2": " ",
        "FEDIRP3": " ",
        "NAME3": " ",
        "FETYPE3": " ",
        "FEDIRS3": " ",
        "FMCDL": 8760,
        "FMCDR": 8760,
        "COUNTYL": 75,
        "COUNTYR": 75,
        "NFC": 7,
        "RU_L": 3,
        "RU_R": 3,
        "PR": 897408,
        "BMP": 0.352,
        "EMP": 0.383,
        "BPT": "38005903",
        "EPT": "38005854",
        "LRS_LINK": " 8974083800590338005854",
        "LENGTH": 51.10216159,
        "VER": "17a",
        "ADJ_CNTY": 0,
        "LEGALSYSTEM": 3,
        "ShapeSTLength": 51.10218768800412,
        "PAVENTRA_SEGMENT_ID": "BLK-70-8974083800590338005854"
      },
      "geometry": {
        "type": "LineString",
        "coordinates": [
          [
            -84.44295925349287,
            42.2562567039521
          ],
          [
            -84.44296972609247,
            42.25671687706869
          ]
        ]
      }
    },
    {
      "type": "Feature",
      "properties": {
        "OBJECTID": 692363,
        "FCC": "A31",
        "RDNAME": "Blackman Rd",
        "FRADDL": 206,
        "TOADDL": 278,
        "FRADDR": 201,
        "TOADDR": 279,
        "ZIPL": 49201,
        "ZIPR": 49201,
        "FEDIRP": " ",
        "NAME": "Blackman",
        "FETYPE": "Rd",
        "FEDIRS": " ",
        "FEDIRP2": " ",
        "NAME2": " ",
        "FETYPE2": " ",
        "FEDIRS2": " ",
        "FEDIRP3": " ",
        "NAME3": " ",
        "FETYPE3": " ",
        "FEDIRS3": " ",
        "FMCDL": 71500,
        "FMCDR": 8760,
        "COUNTYL": 75,
        "COUNTYR": 75,
        "NFC": 5,
        "RU_L": 3,
        "RU_R": 3,
        "PR": 904809,
        "BMP": 0.119,
        "EMP": 0.257,
        "BPT": "38005942",
        "EPT": "38018560",
        "LRS_LINK": " 9048093800594238018560",
        "LENGTH": 222.06923105,
        "VER": "17a",
        "ADJ_CNTY": 0,
        "LEGALSYSTEM": 2,
        "ShapeSTLength": 222.0692110646456,
        "PAVENTRA_SEGMENT_ID": "BLK-71-9048093800594238018560"
      },
      "geometry": {
        "type": "LineString",
        "coordinates": [
          [
            -84.48325334976502,
            42.2564476304786
          ],
          [
            -84.48324855951076,
            42.25812913435983
          ],
          [
            -84.48324765297978,
            42.258447633575365
          ]
        ]
      }
    },
    {
      "type": "Feature",
      "properties": {
        "OBJECTID": 692937,
        "FCC": "A32",
        "RDNAME": "Woodville Rd",
        "FRADDL": 4201,
        "TOADDL": 4233,
        "FRADDR": 4200,
        "TOADDR": 4232,
        "ZIPL": 49202,
        "ZIPR": 49202,
        "FEDIRP": " ",
        "NAME": "Woodville",
        "FETYPE": "Rd",
        "FEDIRS": " ",
        "FEDIRP2": " ",
        "NAME2": " ",
        "FETYPE2": " ",
        "FEDIRS2": " ",
        "FEDIRP3": " ",
        "NAME3": " ",
        "FETYPE3": " ",
        "FEDIRS3": " ",
        "FMCDL": 8760,
        "FMCDR": 8760,
        "COUNTYL": 75,
        "COUNTYR": 75,
        "NFC": 7,
        "RU_L": 3,
        "RU_R": 3,
        "PR": 3380053,
        "BMP": 0.035,
        "EMP": 0.221,
        "BPT": "38006054",
        "EPT": "83021582",
        "LRS_LINK": "33800533800605483021582",
        "LENGTH": 299.32004377,
        "VER": "17a",
        "ADJ_CNTY": 0,
        "LEGALSYSTEM": 3,
        "ShapeSTLength": 299.32003462289816,
        "PAVENTRA_SEGMENT_ID": "BLK-72-33800533800605483021582"
      },
      "geometry": {
        "type": "LineString",
        "coordinates": [
          [
            -84.46749425272742,
            42.25523250213526
          ],
          [
            -84.46750530287613,
            42.255716757938664
          ],
          [
            -84.46751719796892,
            42.25582361855048
          ],
          [
            -84.46756808379446,
            42.25588417494098
          ],
          [
            -84.4677387203892,
            42.25604659109411
          ],
          [
            -84.46786424608106,
            42.256149984291774
          ],
          [
            -84.4679922512886,
            42.25627071462595
          ],
          [
            -84.46811130970491,
            42.25639997426234
          ],
          [
            -84.46821554419253,
            42.25653984312128
          ],
          [
            -84.46839899973071,
            42.256888452278076
          ],
          [
            -84.46844103879397,
            42.25695392247203
          ],
          [
            -84.46849746892455,
            42.257026079453325
          ],
          [
            -84.46915491046747,
            42.2575093569507
          ]
        ]
      }
    },
    {
      "type": "Feature",
      "properties": {
        "OBJECTID": 692965,
        "FCC": "A32",
        "RDNAME": "N Brown St",
        "FRADDL": 600,
        "TOADDL": 798,
        "FRADDR": 601,
        "TOADDR": 799,
        "ZIPL": 49202,
        "ZIPR": 49202,
        "FEDIRP": "N",
        "NAME": "Brown",
        "FETYPE": "St",
        "FEDIRS": " ",
        "FEDIRP2": " ",
        "NAME2": " ",
        "FETYPE2": " ",
        "FEDIRS2": " ",
        "FEDIRP3": " ",
        "NAME3": " ",
        "FETYPE3": " ",
        "FEDIRS3": " ",
        "FMCDL": 8760,
        "FMCDR": 41420,
        "COUNTYL": 75,
        "COUNTYR": 75,
        "NFC": 7,
        "RU_L": 3,
        "RU_R": 3,
        "PR": 914409,
        "BMP": 0.0,
        "EMP": 0.137,
        "BPT": "38006082",
        "EPT": "38005843",
        "LRS_LINK": " 9144093800608238005843",
        "LENGTH": 219.59256702,
        "VER": "17a",
        "ADJ_CNTY": 0,
        "LEGALSYSTEM": 3,
        "ShapeSTLength": 219.59261633836874,
        "PAVENTRA_SEGMENT_ID": "BLK-73-9144093800608238005843"
      },
      "geometry": {
        "type": "LineString",
        "coordinates": [
          [
            -84.43316951603742,
            42.254711984524455
          ],
          [
            -84.43317659949997,
            42.25668968333937
          ]
        ]
      }
    },
    {
      "type": "Feature",
      "properties": {
        "OBJECTID": 692985,
        "FCC": "A31",
        "RDNAME": "W Ganson St",
        "FRADDL": 1632,
        "TOADDL": 1600,
        "FRADDR": 1699,
        "TOADDR": 1601,
        "ZIPL": 49202,
        "ZIPR": 49202,
        "FEDIRP": "W",
        "NAME": "Ganson",
        "FETYPE": "St",
        "FEDIRS": " ",
        "FEDIRP2": " ",
        "NAME2": " ",
        "FETYPE2": " ",
        "FEDIRS2": " ",
        "FEDIRP3": " ",
        "NAME3": " ",
        "FETYPE3": " ",
        "FEDIRS3": " ",
        "FMCDL": 8760,
        "FMCDR": 8760,
        "COUNTYL": 75,
        "COUNTYR": 75,
        "NFC": 3,
        "RU_L": 3,
        "RU_R": 3,
        "PR": 901809,
        "BMP": 0.192,
        "EMP": 0.261,
        "BPT": "38006083",
        "EPT": "38006082",
        "LRS_LINK": " 9018093800608338006082",
        "LENGTH": 111.21298998,
        "VER": "17a",
        "ADJ_CNTY": 0,
        "LEGALSYSTEM": 2,
        "ShapeSTLength": 111.21294476548132,
        "PAVENTRA_SEGMENT_ID": "BLK-74-9018093800608338006082"
      },
      "geometry": {
        "type": "LineString",
        "coordinates": [
          [
            -84.4345176598315,
            42.254699215962596
          ],
          [
            -84.43316951603742,
            42.254711984524455
          ]
        ]
      }
    },
    {
      "type": "Feature",
      "properties": {
        "OBJECTID": 692986,
        "FCC": "A32",
        "RDNAME": "Wayne St",
        "FRADDL": 600,
        "TOADDL": 732,
        "FRADDR": 601,
        "TOADDR": 721,
        "ZIPL": 49202,
        "ZIPR": 49202,
        "FEDIRP": " ",
        "NAME": "Wayne",
        "FETYPE": "St",
        "FEDIRS": " ",
        "FEDIRP2": " ",
        "NAME2": " ",
        "FETYPE2": " ",
        "FEDIRS2": " ",
        "FEDIRP3": " ",
        "NAME3": " ",
        "FETYPE3": " ",
        "FEDIRS3": " ",
        "FMCDL": 8760,
        "FMCDR": 8760,
        "COUNTYL": 75,
        "COUNTYR": 75,
        "NFC": 7,
        "RU_L": 3,
        "RU_R": 3,
        "PR": 914208,
        "BMP": 0.087,
        "EMP": 0.224,
        "BPT": "38006083",
        "EPT": "38005851",
        "LRS_LINK": " 9142083800608338005851",
        "LENGTH": 221.16913201,
        "VER": "17a",
        "ADJ_CNTY": 0,
        "LEGALSYSTEM": 3,
        "ShapeSTLength": 221.16919630728415,
        "PAVENTRA_SEGMENT_ID": "BLK-75-9142083800608338005851"
      },
      "geometry": {
        "type": "LineString",
        "coordinates": [
          [
            -84.4345176598315,
            42.254699215962596
          ],
          [
            -84.43452556643057,
            42.256691112133915
          ]
        ]
      }
    },
    {
      "type": "Feature",
      "properties": {
        "OBJECTID": 693009,
        "FCC": "A31",
        "RDNAME": "W Ganson St",
        "FRADDL": 1760,
        "TOADDL": 1650,
        "FRADDR": 1735,
        "TOADDR": 1701,
        "ZIPL": 49202,
        "ZIPR": 49202,
        "FEDIRP": "W",
        "NAME": "Ganson",
        "FETYPE": "St",
        "FEDIRS": " ",
        "FEDIRP2": " ",
        "NAME2": " ",
        "FETYPE2": " ",
        "FEDIRS2": " ",
        "FEDIRP3": " ",
        "NAME3": " ",
        "FETYPE3": " ",
        "FEDIRS3": " ",
        "FMCDL": 8760,
        "FMCDR": 8760,
        "COUNTYL": 75,
        "COUNTYR": 75,
        "NFC": 3,
        "RU_L": 3,
        "RU_R": 3,
        "PR": 901809,
        "BMP": 0.12,
        "EMP": 0.192,
        "BPT": "38006089",
        "EPT": "38006083",
        "LRS_LINK": " 9018093800608938006083",
        "LENGTH": 114.98233113,
        "VER": "17a",
        "ADJ_CNTY": 0,
        "LEGALSYSTEM": 2,
        "ShapeSTLength": 114.98232889470451,
        "PAVENTRA_SEGMENT_ID": "BLK-76-9018093800608938006083"
      },
      "geometry": {
        "type": "LineString",
        "coordinates": [
          [
            -84.43591156425359,
            42.25469084555769
          ],
          [
            -84.4345176598315,
            42.254699215962596
          ]
        ]
      }
    },
    {
      "type": "Feature",
      "properties": {
        "OBJECTID": 693010,
        "FCC": "A32",
        "RDNAME": "Winifred St",
        "FRADDL": 600,
        "TOADDL": 720,
        "FRADDR": 601,
        "TOADDR": 721,
        "ZIPL": 49202,
        "ZIPR": 49202,
        "FEDIRP": " ",
        "NAME": "Winifred",
        "FETYPE": "St",
        "FEDIRS": " ",
        "FEDIRP2": " ",
        "NAME2": " ",
        "FETYPE2": " ",
        "FEDIRS2": " ",
        "FEDIRP3": " ",
        "NAME3": " ",
        "FETYPE3": " ",
        "FEDIRS3": " ",
        "FMCDL": 8760,
        "FMCDR": 8760,
        "COUNTYL": 75,
        "COUNTYR": 75,
        "NFC": 7,
        "RU_L": 3,
        "RU_R": 3,
        "PR": 914207,
        "BMP": 0.059,
        "EMP": 0.198,
        "BPT": "38006089",
        "EPT": "38005858",
        "LRS_LINK": " 9142073800608938005858",
        "LENGTH": 223.79035818,
        "VER": "17a",
        "ADJ_CNTY": 0,
        "LEGALSYSTEM": 3,
        "ShapeSTLength": 223.79034470568652,
        "PAVENTRA_SEGMENT_ID": "BLK-77-9142073800608938005858"
      },
      "geometry": {
        "type": "LineString",
        "coordinates": [
          [
            -84.43591156425359,
            42.25469084555769
          ],
          [
            -84.43589736563558,
            42.25670632944144
          ]
        ]
      }
    },
    {
      "type": "Feature",
      "properties": {
        "OBJECTID": 693031,
        "FCC": "A31",
        "RDNAME": "W Ganson St",
        "FRADDL": 1830,
        "TOADDL": 1800,
        "FRADDR": 1821,
        "TOADDR": 1801,
        "ZIPL": 49202,
        "ZIPR": 49202,
        "FEDIRP": "W",
        "NAME": "Ganson",
        "FETYPE": "St",
        "FEDIRS": " ",
        "FEDIRP2": " ",
        "NAME2": " ",
        "FETYPE2": " ",
        "FEDIRS2": " ",
        "FEDIRP3": " ",
        "NAME3": " ",
        "FETYPE3": " ",
        "FEDIRS3": " ",
        "FMCDL": 8760,
        "FMCDR": 8760,
        "COUNTYL": 75,
        "COUNTYR": 75,
        "NFC": 3,
        "RU_L": 3,
        "RU_R": 3,
        "PR": 901809,
        "BMP": 0.061,
        "EMP": 0.12,
        "BPT": "38006093",
        "EPT": "38006089",
        "LRS_LINK": " 9018093800609338006089",
        "LENGTH": 95.80466455,
        "VER": "17a",
        "ADJ_CNTY": 0,
        "LEGALSYSTEM": 2,
        "ShapeSTLength": 95.80472786313837,
        "PAVENTRA_SEGMENT_ID": "BLK-78-9018093800609338006089"
      },
      "geometry": {
        "type": "LineString",
        "coordinates": [
          [
            -84.43707297596504,
            42.25469843673971
          ],
          [
            -84.43591156425359,
            42.25469084555769
          ]
        ]
      }
    },
    {
      "type": "Feature",
      "properties": {
        "OBJECTID": 693032,
        "FCC": "A32",
        "RDNAME": "Longfellow Ave",
        "FRADDL": 600,
        "TOADDL": 730,
        "FRADDR": 601,
        "TOADDR": 731,
        "ZIPL": 49202,
        "ZIPR": 49202,
        "FEDIRP": " ",
        "NAME": "Longfellow",
        "FETYPE": "Ave",
        "FEDIRS": " ",
        "FEDIRP2": " ",
        "NAME2": " ",
        "FETYPE2": " ",
        "FEDIRS2": " ",
        "FEDIRP3": " ",
        "NAME3": " ",
        "FETYPE3": " ",
        "FEDIRS3": " ",
        "FMCDL": 8760,
        "FMCDR": 8760,
        "COUNTYL": 75,
        "COUNTYR": 75,
        "NFC": 7,
        "RU_L": 3,
        "RU_R": 3,
        "PR": 914206,
        "BMP": 0.033,
        "EMP": 0.171,
        "BPT": "38006093",
        "EPT": "38005853",
        "LRS_LINK": " 9142063800609338005853",
        "LENGTH": 221.92228165,
        "VER": "17a",
        "ADJ_CNTY": 0,
        "LEGALSYSTEM": 3,
        "ShapeSTLength": 221.9222146711095,
        "PAVENTRA_SEGMENT_ID": "BLK-79-9142063800609338005853"
      },
      "geometry": {
        "type": "LineString",
        "coordinates": [
          [
            -84.43707297596504,
            42.25469843673971
          ],
          [
            -84.43706470904739,
            42.256697113894525
          ]
        ]
      }
    },
    {
      "type": "Feature",
      "properties": {
        "OBJECTID": 693036,
        "FCC": "A31",
        "RDNAME": "W Ganson St",
        "FRADDL": 2018,
        "TOADDL": 2000,
        "FRADDR": 1945,
        "TOADDR": 1927,
        "ZIPL": 49202,
        "ZIPR": 49202,
        "FEDIRP": "W",
        "NAME": "Ganson",
        "FETYPE": "St",
        "FEDIRS": " ",
        "FEDIRP2": " ",
        "NAME2": " ",
        "FETYPE2": " ",
        "FEDIRS2": " ",
        "FEDIRP3": " ",
        "NAME3": " ",
        "FETYPE3": " ",
        "FEDIRS3": " ",
        "FMCDL": 8760,
        "FMCDR": 8760,
        "COUNTYL": 75,
        "COUNTYR": 75,
        "NFC": 3,
        "RU_L": 3,
        "RU_R": 3,
        "PR": 901809,
        "BMP": 0.0,
        "EMP": 0.061,
        "BPT": "38006098",
        "EPT": "38006093",
        "LRS_LINK": " 9018093800609838006093",
        "LENGTH": 97.96923074,
        "VER": "17a",
        "ADJ_CNTY": 0,
        "LEGALSYSTEM": 2,
        "ShapeSTLength": 97.96915953604992,
        "PAVENTRA_SEGMENT_ID": "BLK-80-9018093800609838006093"
      },
      "geometry": {
        "type": "LineString",
        "coordinates": [
          [
            -84.4382605476819,
            42.254711231018156
          ],
          [
            -84.43707297596504,
            42.25469843673971
          ]
        ]
      }
    },
    {
      "type": "Feature",
      "properties": {
        "OBJECTID": 693037,
        "FCC": "A32",
        "RDNAME": "Lowell Ave",
        "FRADDL": 600,
        "TOADDL": 730,
        "FRADDR": 601,
        "TOADDR": 723,
        "ZIPL": 49202,
        "ZIPR": 49202,
        "FEDIRP": " ",
        "NAME": "Lowell",
        "FETYPE": "Ave",
        "FEDIRS": " ",
        "FEDIRP2": " ",
        "NAME2": " ",
        "FETYPE2": " ",
        "FEDIRS2": " ",
        "FEDIRP3": " ",
        "NAME3": "Lowell",
        "FETYPE3": "St",
        "FEDIRS3": " ",
        "FMCDL": 8760,
        "FMCDR": 8760,
        "COUNTYL": 75,
        "COUNTYR": 75,
        "NFC": 7,
        "RU_L": 3,
        "RU_R": 3,
        "PR": 914205,
        "BMP": 0.0,
        "EMP": 0.137,
        "BPT": "38006098",
        "EPT": "38005862",
        "LRS_LINK": " 9142053800609838005862",
        "LENGTH": 219.64676286,
        "VER": "17a",
        "ADJ_CNTY": 0,
        "LEGALSYSTEM": 3,
        "ShapeSTLength": 219.64670850511422,
        "PAVENTRA_SEGMENT_ID": "BLK-81-9142053800609838005862"
      },
      "geometry": {
        "type": "LineString",
        "coordinates": [
          [
            -84.4382605476819,
            42.254711231018156
          ],
          [
            -84.43825614306964,
            42.25471963649168
          ],
          [
            -84.4382515200523,
            42.25472800016104
          ],
          [
            -84.43824681861416,
            42.25473634831522
          ],
          [
            -84.43824217869378,
            42.25474470904424
          ],
          [
            -84.43823773666217,
            42.25475310768559
          ],
          [
            -84.43823363373893,
            42.25476156964478
          ],
          [
            -84.43823000865063,
            42.25477012299492
          ],
          [
            -84.43822697114818,
            42.25477879089768
          ],
          [
            -84.43822422006079,
            42.25478754389741
          ],
          [
            -84.43822165647785,
            42.254796361687106
          ],
          [
            -84.43821931827284,
            42.25480523308911
          ],
          [
            -84.43821723837895,
            42.25481415045923
          ],
          [
            -84.43821545343468,
            42.25482310350304
          ],
          [
            -84.43821399760824,
            42.254832083693074
          ],
          [
            -84.43821290630315,
            42.25484108161838
          ],
          [
            -84.43821221373358,
            42.25485008695056
          ],
          [
            -84.43821195162093,
            42.25485909202835
          ],
          [
            -84.43821186297647,
            42.25486809414002
          ],
          [
            -84.43821177554415,
            42.25487709626864
          ],
          [
            -84.43821168932385,
            42.25488609841431
          ],
          [
            -84.43821160429275,
            42.25489510147748
          ],
          [
            -84.43821152170875,
            42.25490410367425
          ],
          [
            -84.43821143910179,
            42.254913106771475
          ],
          [
            -84.43821135894196,
            42.25492210900229
          ],
          [
            -84.43821127997128,
            42.25493111215059
          ],
          [
            -84.4382112022127,
            42.25494011531594
          ],
          [
            -84.4382111256662,
            42.25494911849832
          ],
          [
            -84.43821105156682,
            42.25495812081425
          ],
          [
            -84.43821097744444,
            42.25496712403065
          ],
          [
            -84.4382109057463,
            42.25497612728116
          ],
          [
            -84.43821083404814,
            42.25498513053164
          ],
          [
            -84.43821076477418,
            42.25499413381612
          ],
          [
            -84.43821069671232,
            42.2550031371177
          ],
          [
            -84.43821062983957,
            42.25501214133677
          ],
          [
            -84.43821056298977,
            42.25502114465531
          ],
          [
            -84.43821049856416,
            42.25503014800794
          ],
          [
            -84.43821043535064,
            42.255039151377616
          ],
          [
            -84.43821037332627,
            42.25504815566473
          ],
          [
            -84.43821031253694,
            42.255057159068464
          ],
          [
            -84.43821025293677,
            42.2550661633897
          ],
          [
            -84.43821019457158,
            42.25507516682744
          ],
          [
            -84.43821013860774,
            42.25508417119977
          ],
          [
            -84.43821008264386,
            42.25509317557202
          ],
          [
            -84.43821002791498,
            42.25510217906086
          ],
          [
            -84.43820997437524,
            42.25511118346719
          ],
          [
            -84.43820992083552,
            42.25512018787353
          ],
          [
            -84.43820986972005,
            42.25512919231388
          ],
          [
            -84.4382098198166,
            42.255138196771306
          ],
          [
            -84.43820977112532,
            42.25514720124577
          ],
          [
            -84.43820972364604,
            42.25515620573718
          ],
          [
            -84.4382096761668,
            42.25516521022864
          ],
          [
            -84.4382096311118,
            42.255174214754184
          ],
          [
            -84.43820958605676,
            42.25518321927968
          ],
          [
            -84.43820954221384,
            42.25519222382218
          ],
          [
            -84.43820949956007,
            42.25520122928222
          ],
          [
            -84.43820945814132,
            42.25521023385882
          ],
          [
            -84.43820941793467,
            42.2552192384524
          ],
          [
            -84.43820937891722,
            42.2552282439635
          ],
          [
            -84.43820934113478,
            42.25523724859116
          ],
          [
            -84.4382093033294,
            42.25524625411927
          ],
          [
            -84.43820926675907,
            42.25525525876394
          ],
          [
            -84.4382092313779,
            42.25526426432614
          ],
          [
            -84.43820919723177,
            42.2552732690048
          ],
          [
            -84.43820916427482,
            42.255282274601036
          ],
          [
            -84.43820913131786,
            42.25529128019724
          ],
          [
            -84.438209099573,
            42.2553002858105
          ],
          [
            -84.43820906906315,
            42.255309290540275
          ],
          [
            -84.43820903974252,
            42.255318296187525
          ],
          [
            -84.43820901163399,
            42.25532730185185
          ],
          [
            -84.43820898352546,
            42.255336307516146
          ],
          [
            -84.43820895662901,
            42.255345313197466
          ],
          [
            -84.43820893094465,
            42.25535431889583
          ],
          [
            -84.43820890526032,
            42.2553633245941
          ],
          [
            -84.43820888078808,
            42.25537233030947
          ],
          [
            -84.43820885752798,
            42.25538133604185
          ],
          [
            -84.43820883426788,
            42.25539034177422
          ],
          [
            -84.43820881343197,
            42.25539934754067
          ],
          [
            -84.438208791361,
            42.255408354190536
          ],
          [
            -84.43820877173722,
            42.25541735997395
          ],
          [
            -84.43820875211345,
            42.25542636575739
          ],
          [
            -84.43820873370177,
            42.255435371557844
          ],
          [
            -84.43820871526715,
            42.25544437825879
          ],
          [
            -84.43820869927968,
            42.25545338409329
          ],
          [
            -84.43820868205715,
            42.25546239081118
          ],
          [
            -84.43820866728184,
            42.2554713966627
          ],
          [
            -84.43820865129437,
            42.2554804024972
          ],
          [
            -84.4382086377082,
            42.2554894092662
          ],
          [
            -84.43820862412201,
            42.25549841603519
          ],
          [
            -84.43820861177092,
            42.25550742192075
          ],
          [
            -84.43820859939683,
            42.255516428706706
          ],
          [
            -84.43820858825781,
            42.2555254346093
          ],
          [
            -84.43820857709589,
            42.25553444141233
          ],
          [
            -84.43820856714605,
            42.25554344823236
          ],
          [
            -84.43820855721917,
            42.255552454151925
          ],
          [
            -84.43820854848146,
            42.255561460988964
          ],
          [
            -84.43820854095587,
            42.255570467843064
          ],
          [
            -84.4382085334303,
            42.25557947469709
          ],
          [
            -84.43820852590471,
            42.255588481551186
          ],
          [
            -84.43820851961416,
            42.2555974875218
          ],
          [
            -84.43820851330072,
            42.25560649439285
          ],
          [
            -84.43820850819937,
            42.25561550128097
          ],
          [
            -84.43820850309802,
            42.255624508169014
          ],
          [
            -84.43820849920877,
            42.25563351507411
          ],
          [
            -84.43820849531957,
            42.25564252197923
          ],
          [
            -84.43820849264246,
            42.25565152890134
          ],
          [
            -84.43820848996535,
            42.25566053582344
          ],
          [
            -84.43820848728825,
            42.25566954274554
          ],
          [
            -84.43820848582324,
            42.25567854968465
          ],
          [
            -84.43820848435828,
            42.255687556623755
          ],
          [
            -84.43820848410543,
            42.25569656357988
          ],
          [
            -84.43820848385256,
            42.25570557053599
          ],
          [
            -84.43820848478892,
            42.25571457840959
          ],
          [
            -84.43820848453608,
            42.255723585365715
          ],
          [
            -84.43820848549532,
            42.25573259233883
          ],
          [
            -84.43820848766677,
            42.25574159932892
          ],
          [
            -84.438208488626,
            42.255750606302044
          ],
          [
            -84.43820849198661,
            42.25575961420967
          ],
          [
            -84.438208494158,
            42.255768621199756
          ],
          [
            -84.43820849754157,
            42.25577762820687
          ],
          [
            -84.43820850092511,
            42.25578663521399
          ],
          [
            -84.43820850428574,
            42.25579564312157
          ],
          [
            -84.43820850766923,
            42.25580465012866
          ],
          [
            -84.43820851226496,
            42.25581365715275
          ],
          [
            -84.43820851683768,
            42.25582266507732
          ],
          [
            -84.43820852264548,
            42.25583167211849
          ],
          [
            -84.43820852724116,
            42.255840679142544
          ],
          [
            -84.43820853302604,
            42.2558496870841
          ],
          [
            -84.43820853883388,
            42.2558586941252
          ],
          [
            -84.43820854461875,
            42.255867702066745
          ],
          [
            -84.4382085516387,
            42.25587670912482
          ],
          [
            -84.43820855865866,
            42.25588571618291
          ],
          [
            -84.43820856444356,
            42.25589472412441
          ],
          [
            -84.43820857146355,
            42.25590373118247
          ],
          [
            -84.43820857967269,
            42.25591273915802
          ],
          [
            -84.43820858669267,
            42.25592174621605
          ],
          [
            -84.4382085936897,
            42.25593075417455
          ],
          [
            -84.4382086019218,
            42.255939761249586
          ],
          [
            -84.43820861013097,
            42.255948769225085
          ],
          [
            -84.43820861836312,
            42.25595777630008
          ],
          [
            -84.4382086265723,
            42.25596678427558
          ],
          [
            -84.43820863480444,
            42.25597579135059
          ],
          [
            -84.43820864301364,
            42.255984799326036
          ],
          [
            -84.4382086512458,
            42.255993806400994
          ],
          [
            -84.43820866066713,
            42.256002814393455
          ],
          [
            -84.43820866889926,
            42.25601182146842
          ],
          [
            -84.43820867832063,
            42.25602082946084
          ],
          [
            -84.43820868655281,
            42.25602983653573
          ],
          [
            -84.43820869597415,
            42.25603884452814
          ],
          [
            -84.43820870541849,
            42.25604785162009
          ],
          [
            -84.43820871483983,
            42.25605685961248
          ],
          [
            -84.43820872304909,
            42.2560658675878
          ],
          [
            -84.43820873249345,
            42.25607487467969
          ],
          [
            -84.4382087419148,
            42.256083882672016
          ],
          [
            -84.43820875014703,
            42.25609288974682
          ],
          [
            -84.43820875956845,
            42.256101897739136
          ],
          [
            -84.43820876901276,
            42.25611090483097
          ],
          [
            -84.43820877722206,
            42.25611991280624
          ],
          [
            -84.4382087866664,
            42.25612891989802
          ],
          [
            -84.43820879608785,
            42.256137927890315
          ],
          [
            -84.43820880432008,
            42.256146934965024
          ],
          [
            -84.4382088125294,
            42.25615594294025
          ],
          [
            -84.43820882197376,
            42.256164950032
          ],
          [
            -84.43820883018309,
            42.25617395800716
          ],
          [
            -84.43820883841536,
            42.25618296508187
          ],
          [
            -84.43820884662469,
            42.256191973057014
          ],
          [
            -84.43820885485697,
            42.25620098013165
          ],
          [
            -84.43820886306632,
            42.25620998810676
          ],
          [
            -84.4382088712986,
            42.256218995181406
          ],
          [
            -84.43820887829581,
            42.25622800313946
          ],
          [
            -84.43820888531602,
            42.256237010197026
          ],
          [
            -84.43820889352538,
            42.25624601817209
          ],
          [
            -84.43820890054555,
            42.256255025229656
          ],
          [
            -84.43820890754279,
            42.25626403318765
          ],
          [
            -84.43820891335085,
            42.25627304022812
          ],
          [
            -84.43820892037107,
            42.2562820472856
          ],
          [
            -84.43820892615621,
            42.25629105522653
          ],
          [
            -84.43820893196424,
            42.25630006226698
          ],
          [
            -84.4382089377494,
            42.256309070207855
          ],
          [
            -84.43820894234538,
            42.25631807723123
          ],
          [
            -84.43820894815345,
            42.25632708427164
          ],
          [
            -84.4382089527265,
            42.25633609219547
          ],
          [
            -84.43820895732244,
            42.25634509921878
          ],
          [
            -84.4382089607063,
            42.25635410622509
          ],
          [
            -84.43820896527933,
            42.256363114148876
          ],
          [
            -84.43820896866319,
            42.25637212115509
          ],
          [
            -84.43820897083489,
            42.2563811281443
          ],
          [
            -84.43820897421877,
            42.25639013515055
          ],
          [
            -84.43820897636755,
            42.25639914304019
          ],
          [
            -84.43820897853928,
            42.25640815002934
          ],
          [
            -84.43820897949888,
            42.256417157001465
          ],
          [
            -84.43820898045846,
            42.25642616397353
          ],
          [
            -84.4382089814181,
            42.25643517094565
          ],
          [
            -84.43820898114265,
            42.25644417880114
          ],
          [
            -84.43820898089012,
            42.25645318575615
          ],
          [
            -84.43820898063765,
            42.25646219271115
          ],
          [
            -84.438208979173,
            42.25647119964913
          ],
          [
            -84.43820897770836,
            42.25648020658708
          ],
          [
            -84.4382089762437,
            42.25648921352497
          ],
          [
            -84.43820897356693,
            42.25649822044587
          ],
          [
            -84.43820896967806,
            42.25650722734969
          ],
          [
            -84.43820896700129,
            42.25651623427057
          ],
          [
            -84.43820896190029,
            42.256525241157284
          ],
          [
            -84.43820895801136,
            42.25653424806106
          ],
          [
            -84.43820895291034,
            42.25654325494781
          ],
          [
            -84.43820894659716,
            42.256552261817475
          ],
          [
            -84.43820894028403,
            42.256561268687165
          ],
          [
            -84.43820893278168,
            42.25657027463931
          ],
          [
            -84.4382089252564,
            42.256579281491916
          ],
          [
            -84.43820891773107,
            42.2565882883445
          ],
          [
            -84.43820890899367,
            42.25659729518002
          ],
          [
            -84.43820889906704,
            42.256606301098046
          ],
          [
            -84.43820888911748,
            42.25661530791648
          ],
          [
            -84.43820887795574,
            42.25662431471793
          ],
          [
            -84.43820886681704,
            42.25663332061886
          ],
          [
            -84.43820885444318,
            42.256642327403206
          ],
          [
            -84.43820884206937,
            42.25665133418757
          ],
          [
            -84.43820882850633,
            42.25666034005438
          ],
          [
            -84.43820881492034,
            42.25666934682163
          ],
          [
            -84.43820879035734,
            42.256683925696194
          ]
        ]
      }
    },
    {
      "type": "Feature",
      "properties": {
        "OBJECTID": 693054,
        "FCC": "A31",
        "RDNAME": "Wildwood Ave",
        "FRADDL": 2018,
        "TOADDL": 2000,
        "FRADDR": 1945,
        "TOADDR": 1927,
        "ZIPL": 49202,
        "ZIPR": 49202,
        "FEDIRP": " ",
        "NAME": "Wildwood",
        "FETYPE": "Ave",
        "FEDIRS": " ",
        "FEDIRP2": " ",
        "NAME2": " ",
        "FETYPE2": " ",
        "FEDIRS2": " ",
        "FEDIRP3": " ",
        "NAME3": " ",
        "FETYPE3": " ",
        "FEDIRS3": " ",
        "FMCDL": 8760,
        "FMCDR": 8760,
        "COUNTYL": 75,
        "COUNTYR": 75,
        "NFC": 3,
        "RU_L": 3,
        "RU_R": 3,
        "PR": 900204,
        "BMP": 1.201,
        "EMP": 1.235,
        "BPT": "38025597",
        "EPT": "38006098",
        "LRS_LINK": " 9002043802559738006098",
        "LENGTH": 55.80882447,
        "VER": "17a",
        "ADJ_CNTY": 0,
        "LEGALSYSTEM": 2,
        "ShapeSTLength": 55.808880667685855,
        "PAVENTRA_SEGMENT_ID": "BLK-82-9002043802559738006098"
      },
      "geometry": {
        "type": "LineString",
        "coordinates": [
          [
            -84.43893703499371,
            42.25470289126272
          ],
          [
            -84.4382605476819,
            42.254711231018156
          ]
        ]
      }
    },
    {
      "type": "Feature",
      "properties": {
        "OBJECTID": 693058,
        "FCC": "A31",
        "RDNAME": "Wildwood Ave",
        "FRADDL": 2032,
        "TOADDL": 2020,
        "FRADDR": 1997,
        "TOADDR": 1947,
        "ZIPL": 49202,
        "ZIPR": 49202,
        "FEDIRP": " ",
        "NAME": "Wildwood",
        "FETYPE": "Ave",
        "FEDIRS": " ",
        "FEDIRP2": " ",
        "NAME2": " ",
        "FETYPE2": " ",
        "FEDIRS2": " ",
        "FEDIRP3": " ",
        "NAME3": " ",
        "FETYPE3": " ",
        "FEDIRS3": " ",
        "FMCDL": 8760,
        "FMCDR": 8760,
        "COUNTYL": 75,
        "COUNTYR": 75,
        "NFC": 3,
        "RU_L": 3,
        "RU_R": 3,
        "PR": 900204,
        "BMP": 1.18,
        "EMP": 1.201,
        "BPT": "38006100",
        "EPT": "38025597",
        "LRS_LINK": " 9002043800610038025597",
        "LENGTH": 33.24980867,
        "VER": "17a",
        "ADJ_CNTY": 0,
        "LEGALSYSTEM": 2,
        "ShapeSTLength": 33.249745617222395,
        "PAVENTRA_SEGMENT_ID": "BLK-83-9002043800610038025597"
      },
      "geometry": {
        "type": "LineString",
        "coordinates": [
          [
            -84.43934012720283,
            42.254702986763135
          ],
          [
            -84.43893703499371,
            42.25470289126272
          ]
        ]
      }
    },
    {
      "type": "Feature",
      "properties": {
        "OBJECTID": 693059,
        "FCC": "A32",
        "RDNAME": "Bryant Ave",
        "FRADDL": 600,
        "TOADDL": 732,
        "FRADDR": 601,
        "TOADDR": 733,
        "ZIPL": 49202,
        "ZIPR": 49202,
        "FEDIRP": " ",
        "NAME": "Bryant",
        "FETYPE": "Ave",
        "FEDIRS": " ",
        "FEDIRP2": " ",
        "NAME2": " ",
        "FETYPE2": " ",
        "FEDIRS2": " ",
        "FEDIRP3": " ",
        "NAME3": " ",
        "FETYPE3": " ",
        "FEDIRS3": " ",
        "FMCDL": 8760,
        "FMCDR": 8760,
        "COUNTYL": 75,
        "COUNTYR": 75,
        "NFC": 7,
        "RU_L": 3,
        "RU_R": 3,
        "PR": 914204,
        "BMP": 0.0,
        "EMP": 0.137,
        "BPT": "38006100",
        "EPT": "38005866",
        "LRS_LINK": " 9142043800610038005866",
        "LENGTH": 220.25428094,
        "VER": "17a",
        "ADJ_CNTY": 0,
        "LEGALSYSTEM": 3,
        "ShapeSTLength": 220.2543209987037,
        "PAVENTRA_SEGMENT_ID": "BLK-84-9142043800610038005866"
      },
      "geometry": {
        "type": "LineString",
        "coordinates": [
          [
            -84.43934012720283,
            42.254702986763135
          ],
          [
            -84.43932980926233,
            42.25668663698042
          ]
        ]
      }
    },
    {
      "type": "Feature",
      "properties": {
        "OBJECTID": 693062,
        "FCC": "A31",
        "RDNAME": "Blackman Rd",
        "FRADDL": 100,
        "TOADDL": 130,
        "FRADDR": 101,
        "TOADDR": 199,
        "ZIPL": 49201,
        "ZIPR": 49201,
        "FEDIRP": " ",
        "NAME": "Blackman",
        "FETYPE": "Rd",
        "FEDIRS": " ",
        "FEDIRP2": " ",
        "NAME2": " ",
        "FETYPE2": " ",
        "FEDIRS2": " ",
        "FEDIRP3": " ",
        "NAME3": " ",
        "FETYPE3": " ",
        "FEDIRS3": " ",
        "FMCDL": 71500,
        "FMCDR": 8760,
        "COUNTYL": 75,
        "COUNTYR": 75,
        "NFC": 5,
        "RU_L": 3,
        "RU_R": 3,
        "PR": 904809,
        "BMP": 0.04,
        "EMP": 0.119,
        "BPT": "38006081",
        "EPT": "38005942",
        "LRS_LINK": " 9048093800608138005942",
        "LENGTH": 126.72121506,
        "VER": "17a",
        "ADJ_CNTY": 0,
        "LEGALSYSTEM": 2,
        "ShapeSTLength": 126.72124647212874,
        "PAVENTRA_SEGMENT_ID": "BLK-85-9048093800608138005942"
      },
      "geometry": {
        "type": "LineString",
        "coordinates": [
          [
            -84.48326659617003,
            42.255306391251345
          ],
          [
            -84.48325334976502,
            42.2564476304786
          ]
        ]
      }
    },
    {
      "type": "Feature",
      "properties": {
        "OBJECTID": 693070,
        "FCC": "A31",
        "RDNAME": "Wildwood Ave",
        "FRADDL": 2150,
        "TOADDL": 2050,
        "FRADDR": 2099,
        "TOADDR": 1999,
        "ZIPL": 49202,
        "ZIPR": 49202,
        "FEDIRP": " ",
        "NAME": "Wildwood",
        "FETYPE": "Ave",
        "FEDIRS": " ",
        "FEDIRP2": " ",
        "NAME2": " ",
        "FETYPE2": " ",
        "FEDIRS2": " ",
        "FEDIRP3": " ",
        "NAME3": " ",
        "FETYPE3": " ",
        "FEDIRS3": " ",
        "FMCDL": 8760,
        "FMCDR": 8760,
        "COUNTYL": 75,
        "COUNTYR": 75,
        "NFC": 3,
        "RU_L": 3,
        "RU_R": 3,
        "PR": 900204,
        "BMP": 1.122,
        "EMP": 1.18,
        "BPT": "38006104",
        "EPT": "38006100",
        "LRS_LINK": " 9002043800610438006100",
        "LENGTH": 93.88481343,
        "VER": "17a",
        "ADJ_CNTY": 0,
        "LEGALSYSTEM": 2,
        "ShapeSTLength": 93.88489101713864,
        "PAVENTRA_SEGMENT_ID": "BLK-86-9002043800610438006100"
      },
      "geometry": {
        "type": "LineString",
        "coordinates": [
          [
            -84.44047827640726,
            42.25469655172012
          ],
          [
            -84.43934012720283,
            42.254702986763135
          ]
        ]
      }
    },
    {
      "type": "Feature",
      "properties": {
        "OBJECTID": 693071,
        "FCC": "A32",
        "RDNAME": "Browning Ave",
        "FRADDL": 600,
        "TOADDL": 730,
        "FRADDR": 601,
        "TOADDR": 731,
        "ZIPL": 49202,
        "ZIPR": 49202,
        "FEDIRP": " ",
        "NAME": "Browning",
        "FETYPE": "Ave",
        "FEDIRS": " ",
        "FEDIRP2": " ",
        "NAME2": " ",
        "FETYPE2": " ",
        "FEDIRS2": " ",
        "FEDIRP3": " ",
        "NAME3": " ",
        "FETYPE3": " ",
        "FEDIRS3": " ",
        "FMCDL": 8760,
        "FMCDR": 8760,
        "COUNTYL": 75,
        "COUNTYR": 75,
        "NFC": 7,
        "RU_L": 3,
        "RU_R": 3,
        "PR": 914203,
        "BMP": 0.0,
        "EMP": 0.137,
        "BPT": "38006104",
        "EPT": "38005871",
        "LRS_LINK": " 9142033800610438005871",
        "LENGTH": 220.80868578,
        "VER": "17a",
        "ADJ_CNTY": 0,
        "LEGALSYSTEM": 3,
        "ShapeSTLength": 220.80864996485076,
        "PAVENTRA_SEGMENT_ID": "BLK-87-9142033800610438005871"
      },
      "geometry": {
        "type": "LineString",
        "coordinates": [
          [
            -84.44047827640726,
            42.25469655172012
          ],
          [
            -84.44045361759683,
            42.25668512474816
          ]
        ]
      }
    },
    {
      "type": "Feature",
      "properties": {
        "OBJECTID": 693077,
        "FCC": "A31",
        "RDNAME": "Wildwood Ave",
        "FRADDL": 2204,
        "TOADDL": 2200,
        "FRADDR": 2115,
        "TOADDR": 2209,
        "ZIPL": 49202,
        "ZIPR": 49202,
        "FEDIRP": " ",
        "NAME": "Wildwood",
        "FETYPE": "Ave",
        "FEDIRS": " ",
        "FEDIRP2": " ",
        "NAME2": " ",
        "FETYPE2": " ",
        "FEDIRS2": " ",
        "FEDIRP3": " ",
        "NAME3": " ",
        "FETYPE3": " ",
        "FEDIRS3": " ",
        "FMCDL": 8760,
        "FMCDR": 8760,
        "COUNTYL": 75,
        "COUNTYR": 75,
        "NFC": 3,
        "RU_L": 3,
        "RU_R": 3,
        "PR": 900204,
        "BMP": 1.096,
        "EMP": 1.122,
        "BPT": "38006106",
        "EPT": "38006104",
        "LRS_LINK": " 9002043800610638006104",
        "LENGTH": 42.01277201,
        "VER": "17a",
        "ADJ_CNTY": 0,
        "LEGALSYSTEM": 2,
        "ShapeSTLength": 42.01275283589496,
        "PAVENTRA_SEGMENT_ID": "BLK-88-9002043800610638006104"
      },
      "geometry": {
        "type": "LineString",
        "coordinates": [
          [
            -84.4409875150549,
            42.25468948300264
          ],
          [
            -84.44047827640726,
            42.25469655172012
          ]
        ]
      }
    },
    {
      "type": "Feature",
      "properties": {
        "OBJECTID": 693078,
        "FCC": "A31",
        "RDNAME": "Wildwood Ave",
        "FRADDL": 0,
        "TOADDL": 0,
        "FRADDR": 2257,
        "TOADDR": 2201,
        "ZIPL": 49202,
        "ZIPR": 49202,
        "FEDIRP": " ",
        "NAME": "Wildwood",
        "FETYPE": "Ave",
        "FEDIRS": " ",
        "FEDIRP2": " ",
        "NAME2": " ",
        "FETYPE2": " ",
        "FEDIRS2": " ",
        "FEDIRP3": " ",
        "NAME3": " ",
        "FETYPE3": " ",
        "FEDIRS3": " ",
        "FMCDL": 8760,
        "FMCDR": 8760,
        "COUNTYL": 75,
        "COUNTYR": 75,
        "NFC": 3,
        "RU_L": 3,
        "RU_R": 3,
        "PR": 900204,
        "BMP": 1.058,
        "EMP": 1.096,
        "BPT": "38006108",
        "EPT": "38006106",
        "LRS_LINK": " 9002043800610838006106",
        "LENGTH": 60.33213648,
        "VER": "17a",
        "ADJ_CNTY": 0,
        "LEGALSYSTEM": 2,
        "ShapeSTLength": 60.3320982828378,
        "PAVENTRA_SEGMENT_ID": "BLK-89-9002043800610838006106"
      },
      "geometry": {
        "type": "LineString",
        "coordinates": [
          [
            -84.44171882437254,
            42.25469876246915
          ],
          [
            -84.4409875150549,
            42.25468948300264
          ]
        ]
      }
    },
    {
      "type": "Feature",
      "properties": {
        "OBJECTID": 693079,
        "FCC": "A32",
        "RDNAME": "Varden Dr",
        "FRADDL": 600,
        "TOADDL": 706,
        "FRADDR": 601,
        "TOADDR": 713,
        "ZIPL": 49202,
        "ZIPR": 49202,
        "FEDIRP": " ",
        "NAME": "Varden",
        "FETYPE": "Dr",
        "FEDIRS": " ",
        "FEDIRP2": " ",
        "NAME2": " ",
        "FETYPE2": " ",
        "FEDIRS2": " ",
        "FEDIRP3": " ",
        "NAME3": " ",
        "FETYPE3": " ",
        "FEDIRS3": " ",
        "FMCDL": 8760,
        "FMCDR": 8760,
        "COUNTYL": 75,
        "COUNTYR": 75,
        "NFC": 7,
        "RU_L": 3,
        "RU_R": 3,
        "PR": 914201,
        "BMP": 0.0,
        "EMP": 0.113,
        "BPT": "38006108",
        "EPT": "38005898",
        "LRS_LINK": " 9142013800610838005898",
        "LENGTH": 182.27299629,
        "VER": "17a",
        "ADJ_CNTY": 0,
        "LEGALSYSTEM": 3,
        "ShapeSTLength": 182.27306051253152,
        "PAVENTRA_SEGMENT_ID": "BLK-90-9142013800610838005898"
      },
      "geometry": {
        "type": "LineString",
        "coordinates": [
          [
            -84.44171882437254,
            42.25469876246915
          ],
          [
            -84.44169962387687,
            42.25488520163627
          ],
          [
            -84.44165923621479,
            42.255102615261556
          ],
          [
            -84.44157062934534,
            42.255274030337915
          ],
          [
            -84.44125647716427,
            42.25574658879866
          ],
          [
            -84.44122748793512,
            42.25585840910027
          ],
          [
            -84.4412277500925,
            42.256108977030166
          ],
          [
            -84.4412248034235,
            42.25626899172329
          ]
        ]
      }
    },
    {
      "type": "Feature",
      "properties": {
        "OBJECTID": 693085,
        "FCC": "A31",
        "RDNAME": "Wildwood Ave",
        "FRADDL": 0,
        "TOADDL": 0,
        "FRADDR": 0,
        "TOADDR": 0,
        "ZIPL": 49202,
        "ZIPR": 49202,
        "FEDIRP": " ",
        "NAME": "Wildwood",
        "FETYPE": "Ave",
        "FEDIRS": " ",
        "FEDIRP2": " ",
        "NAME2": " ",
        "FETYPE2": " ",
        "FEDIRS2": " ",
        "FEDIRP3": " ",
        "NAME3": " ",
        "FETYPE3": " ",
        "FEDIRS3": " ",
        "FMCDL": 8760,
        "FMCDR": 8760,
        "COUNTYL": 75,
        "COUNTYR": 75,
        "NFC": 3,
        "RU_L": 3,
        "RU_R": 3,
        "PR": 900204,
        "BMP": 1.045,
        "EMP": 1.058,
        "BPT": "38006109",
        "EPT": "38006108",
        "LRS_LINK": " 9002043800610938006108",
        "LENGTH": 20.39478436,
        "VER": "17a",
        "ADJ_CNTY": 0,
        "LEGALSYSTEM": 2,
        "ShapeSTLength": 20.39483823544575,
        "PAVENTRA_SEGMENT_ID": "BLK-91-9002043800610938006108"
      },
      "geometry": {
        "type": "LineString",
        "coordinates": [
          [
            -84.44196582710994,
            42.254690550033246
          ],
          [
            -84.44171882437254,
            42.25469876246915
          ]
        ]
      }
    },
    {
      "type": "Feature",
      "properties": {
        "OBJECTID": 693091,
        "FCC": "A31",
        "RDNAME": "Wildwood Ave",
        "FRADDL": 2398,
        "TOADDL": 2300,
        "FRADDR": 2321,
        "TOADDR": 2301,
        "ZIPL": 49202,
        "ZIPR": 49202,
        "FEDIRP": " ",
        "NAME": "Wildwood",
        "FETYPE": "Ave",
        "FEDIRS": " ",
        "FEDIRP2": " ",
        "NAME2": " ",
        "FETYPE2": " ",
        "FEDIRS2": " ",
        "FEDIRP3": " ",
        "NAME3": " ",
        "FETYPE3": " ",
        "FEDIRS3": " ",
        "FMCDL": 8760,
        "FMCDR": 8760,
        "COUNTYL": 75,
        "COUNTYR": 75,
        "NFC": 3,
        "RU_L": 3,
        "RU_R": 3,
        "PR": 900204,
        "BMP": 0.994,
        "EMP": 1.045,
        "BPT": "38006111",
        "EPT": "38006109",
        "LRS_LINK": " 9002043800611138006109",
        "LENGTH": 82.66442853,
        "VER": "17a",
        "ADJ_CNTY": 0,
        "LEGALSYSTEM": 2,
        "ShapeSTLength": 82.66435399039904,
        "PAVENTRA_SEGMENT_ID": "BLK-92-9002043800611138006109"
      },
      "geometry": {
        "type": "LineString",
        "coordinates": [
          [
            -84.44296792163054,
            42.254698633084686
          ],
          [
            -84.44196582710994,
            42.254690550033246
          ]
        ]
      }
    },
    {
      "type": "Feature",
      "properties": {
        "OBJECTID": 693092,
        "FCC": "A32",
        "RDNAME": "Maynard Ave",
        "FRADDL": 600,
        "TOADDL": 710,
        "FRADDR": 0,
        "TOADDR": 0,
        "ZIPL": 49202,
        "ZIPR": 49202,
        "FEDIRP": " ",
        "NAME": "Maynard",
        "FETYPE": "Ave",
        "FEDIRS": " ",
        "FEDIRP2": " ",
        "NAME2": " ",
        "FETYPE2": " ",
        "FEDIRS2": " ",
        "FEDIRP3": " ",
        "NAME3": " ",
        "FETYPE3": " ",
        "FEDIRS3": " ",
        "FMCDL": 8760,
        "FMCDR": 8760,
        "COUNTYL": 75,
        "COUNTYR": 75,
        "NFC": 7,
        "RU_L": 3,
        "RU_R": 3,
        "PR": 897408,
        "BMP": 0.244,
        "EMP": 0.352,
        "BPT": "38006111",
        "EPT": "38005903",
        "LRS_LINK": " 8974083800611138005903",
        "LENGTH": 173.00042107,
        "VER": "17a",
        "ADJ_CNTY": 0,
        "LEGALSYSTEM": 3,
        "ShapeSTLength": 173.00037222737413,
        "PAVENTRA_SEGMENT_ID": "BLK-93-8974083800611138005903"
      },
      "geometry": {
        "type": "LineString",
        "coordinates": [
          [
            -84.44296792163054,
            42.254698633084686
          ],
          [
            -84.44295925349287,
            42.2562567039521
          ]
        ]
      }
    },
    {
      "type": "Feature",
      "properties": {
        "OBJECTID": 693105,
        "FCC": "A31",
        "RDNAME": "Wildwood Ave",
        "FRADDL": 2426,
        "TOADDL": 2400,
        "FRADDR": 2421,
        "TOADDR": 2401,
        "ZIPL": 49202,
        "ZIPR": 49202,
        "FEDIRP": " ",
        "NAME": "Wildwood",
        "FETYPE": "Ave",
        "FEDIRS": " ",
        "FEDIRP2": " ",
        "NAME2": " ",
        "FETYPE2": " ",
        "FEDIRS2": " ",
        "FEDIRP3": " ",
        "NAME3": " ",
        "FETYPE3": " ",
        "FEDIRS3": " ",
        "FMCDL": 8760,
        "FMCDR": 8760,
        "COUNTYL": 75,
        "COUNTYR": 75,
        "NFC": 3,
        "RU_L": 3,
        "RU_R": 3,
        "PR": 900204,
        "BMP": 0.933,
        "EMP": 0.994,
        "BPT": "38006115",
        "EPT": "38006111",
        "LRS_LINK": " 9002043800611538006111",
        "LENGTH": 97.93781403,
        "VER": "17a",
        "ADJ_CNTY": 0,
        "LEGALSYSTEM": 2,
        "ShapeSTLength": 97.93782882267709,
        "PAVENTRA_SEGMENT_ID": "BLK-94-9002043800611538006111"
      },
      "geometry": {
        "type": "LineString",
        "coordinates": [
          [
            -84.44415523654764,
            42.254700073128696
          ],
          [
            -84.44296792163054,
            42.254698633084686
          ]
        ]
      }
    },
    {
      "type": "Feature",
      "properties": {
        "OBJECTID": 693106,
        "FCC": "A32",
        "RDNAME": "Denecourt St",
        "FRADDL": 600,
        "TOADDL": 720,
        "FRADDR": 601,
        "TOADDR": 799,
        "ZIPL": 49202,
        "ZIPR": 49202,
        "FEDIRP": " ",
        "NAME": "Denecourt",
        "FETYPE": "St",
        "FEDIRS": " ",
        "FEDIRP2": " ",
        "NAME2": " ",
        "FETYPE2": " ",
        "FEDIRS2": " ",
        "FEDIRP3": " ",
        "NAME3": "Denecourt",
        "FETYPE3": "Ave",
        "FEDIRS3": " ",
        "FMCDL": 8760,
        "FMCDR": 8760,
        "COUNTYL": 75,
        "COUNTYR": 75,
        "NFC": 7,
        "RU_L": 3,
        "RU_R": 3,
        "PR": 914109,
        "BMP": 0.0,
        "EMP": 0.14,
        "BPT": "38006115",
        "EPT": "38005859",
        "LRS_LINK": " 9141093800611538005859",
        "LENGTH": 224.63506428,
        "VER": "17a",
        "ADJ_CNTY": 0,
        "LEGALSYSTEM": 3,
        "ShapeSTLength": 224.63502259391788,
        "PAVENTRA_SEGMENT_ID": "BLK-95-9141093800611538005859"
      },
      "geometry": {
        "type": "LineString",
        "coordinates": [
          [
            -84.44415523654764,
            42.254700073128696
          ],
          [
            -84.44414645338115,
            42.25672318109116
          ]
        ]
      }
    },
    {
      "type": "Feature",
      "properties": {
        "OBJECTID": 693113,
        "FCC": "A31",
        "RDNAME": "Wildwood Ave",
        "FRADDL": 2526,
        "TOADDL": 2500,
        "FRADDR": 2523,
        "TOADDR": 2501,
        "ZIPL": 49202,
        "ZIPR": 49202,
        "FEDIRP": " ",
        "NAME": "Wildwood",
        "FETYPE": "Ave",
        "FEDIRS": " ",
        "FEDIRP2": " ",
        "NAME2": " ",
        "FETYPE2": " ",
        "FEDIRS2": " ",
        "FEDIRP3": " ",
        "NAME3": " ",
        "FETYPE3": " ",
        "FEDIRS3": " ",
        "FMCDL": 8760,
        "FMCDR": 8760,
        "COUNTYL": 75,
        "COUNTYR": 75,
        "NFC": 3,
        "RU_L": 3,
        "RU_R": 3,
        "PR": 900204,
        "BMP": 0.876,
        "EMP": 0.933,
        "BPT": "38006117",
        "EPT": "38006115",
        "LRS_LINK": " 9002043800611738006115",
        "LENGTH": 92.63619658,
        "VER": "17a",
        "ADJ_CNTY": 0,
        "LEGALSYSTEM": 2,
        "ShapeSTLength": 92.63626780910378,
        "PAVENTRA_SEGMENT_ID": "BLK-96-9002043800611738006115"
      },
      "geometry": {
        "type": "LineString",
        "coordinates": [
          [
            -84.44527826975377,
            42.25470386655062
          ],
          [
            -84.44415523654764,
            42.254700073128696
          ]
        ]
      }
    },
    {
      "type": "Feature",
      "properties": {
        "OBJECTID": 693116,
        "FCC": "A31",
        "RDNAME": "Wildwood Ave",
        "FRADDL": 0,
        "TOADDL": 0,
        "FRADDR": 0,
        "TOADDR": 0,
        "ZIPL": 49202,
        "ZIPR": 49202,
        "FEDIRP": " ",
        "NAME": "Wildwood",
        "FETYPE": "Ave",
        "FEDIRS": " ",
        "FEDIRP2": " ",
        "NAME2": " ",
        "FETYPE2": " ",
        "FEDIRS2": " ",
        "FEDIRP3": " ",
        "NAME3": " ",
        "FETYPE3": " ",
        "FEDIRS3": " ",
        "FMCDL": 8760,
        "FMCDR": 8760,
        "COUNTYL": 75,
        "COUNTYR": 75,
        "NFC": 3,
        "RU_L": 3,
        "RU_R": 3,
        "PR": 900204,
        "BMP": 0.871,
        "EMP": 0.876,
        "BPT": "38006118",
        "EPT": "38006117",
        "LRS_LINK": " 9002043800611838006117",
        "LENGTH": 7.70118075,
        "VER": "17a",
        "ADJ_CNTY": 0,
        "LEGALSYSTEM": 2,
        "ShapeSTLength": 7.701105074598061,
        "PAVENTRA_SEGMENT_ID": "BLK-97-9002043800611838006117"
      },
      "geometry": {
        "type": "LineString",
        "coordinates": [
          [
            -84.4453716287816,
            42.25470333465898
          ],
          [
            -84.44527826975377,
            42.25470386655062
          ]
        ]
      }
    },
    {
      "type": "Feature",
      "properties": {
        "OBJECTID": 693117,
        "FCC": "A32",
        "RDNAME": "Concord Blvd",
        "FRADDL": 600,
        "TOADDL": 740,
        "FRADDR": 601,
        "TOADDR": 731,
        "ZIPL": 49202,
        "ZIPR": 49202,
        "FEDIRP": " ",
        "NAME": "Concord",
        "FETYPE": "Blvd",
        "FEDIRS": " ",
        "FEDIRP2": " ",
        "NAME2": " ",
        "FETYPE2": " ",
        "FEDIRS2": " ",
        "FEDIRP3": " ",
        "NAME3": " ",
        "FETYPE3": " ",
        "FEDIRS3": " ",
        "FMCDL": 8760,
        "FMCDR": 8760,
        "COUNTYL": 75,
        "COUNTYR": 75,
        "NFC": 7,
        "RU_L": 3,
        "RU_R": 3,
        "PR": 914107,
        "BMP": 0.0,
        "EMP": 0.139,
        "BPT": "38006118",
        "EPT": "38005864",
        "LRS_LINK": " 9141073800611838005864",
        "LENGTH": 223.68370286,
        "VER": "17a",
        "ADJ_CNTY": 0,
        "LEGALSYSTEM": 3,
        "ShapeSTLength": 223.6837089446614,
        "PAVENTRA_SEGMENT_ID": "BLK-98-9141073800611838005864"
      },
      "geometry": {
        "type": "LineString",
        "coordinates": [
          [
            -84.4453716287816,
            42.25470333465898
          ],
          [
            -84.44535248190263,
            42.2567178351063
          ]
        ]
      }
    },
    {
      "type": "Feature",
      "properties": {
        "OBJECTID": 693118,
        "FCC": "A12",
        "RDNAME": "M 60",
        "FRADDL": 0,
        "TOADDL": 0,
        "FRADDR": 0,
        "TOADDR": 0,
        "ZIPL": 49201,
        "ZIPR": 49201,
        "FEDIRP": " ",
        "NAME": "M 60",
        "FETYPE": " ",
        "FEDIRS": " ",
        "FEDIRP2": " ",
        "NAME2": " ",
        "FETYPE2": " ",
        "FEDIRS2": " ",
        "FEDIRP3": " ",
        "NAME3": " ",
        "FETYPE3": " ",
        "FEDIRS3": " ",
        "FMCDL": 8760,
        "FMCDR": 8760,
        "COUNTYL": 75,
        "COUNTYR": 75,
        "NFC": 2,
        "RU_L": 3,
        "RU_R": 3,
        "PR": 899802,
        "BMP": 2.179,
        "EMP": 2.438,
        "BPT": "38006113",
        "EPT": "38005720",
        "LRS_LINK": " 8998023800611338005720",
        "LENGTH": 417.2778529,
        "VER": "17a",
        "ADJ_CNTY": 0,
        "LEGALSYSTEM": 1,
        "ShapeSTLength": 417.27781077076213,
        "PAVENTRA_SEGMENT_ID": "BLK-99-8998023800611338005720"
      },
      "geometry": {
        "type": "LineString",
        "coordinates": [
          [
            -84.47608414601252,
            42.25512829769299
          ],
          [
            -84.47632724751273,
            42.25888205924812
          ]
        ]
      }
    },
    {
      "type": "Feature",
      "properties": {
        "OBJECTID": 693120,
        "FCC": "A12",
        "RDNAME": "M 60",
        "FRADDL": 0,
        "TOADDL": 0,
        "FRADDR": 0,
        "TOADDR": 0,
        "ZIPL": 49201,
        "ZIPR": 49201,
        "FEDIRP": " ",
        "NAME": "M 60",
        "FETYPE": " ",
        "FEDIRS": " ",
        "FEDIRP2": " ",
        "NAME2": " ",
        "FETYPE2": " ",
        "FEDIRS2": " ",
        "FEDIRP3": " ",
        "NAME3": " ",
        "FETYPE3": " ",
        "FEDIRS3": " ",
        "FMCDL": 8760,
        "FMCDR": 8760,
        "COUNTYL": 75,
        "COUNTYR": 75,
        "NFC": 2,
        "RU_L": 3,
        "RU_R": 3,
        "PR": 899801,
        "BMP": 2.073,
        "EMP": 2.331,
        "BPT": "38006114",
        "EPT": "38005722",
        "LRS_LINK": " 8998013800611438005722",
        "LENGTH": 415.99015891,
        "VER": "17a",
        "ADJ_CNTY": 0,
        "LEGALSYSTEM": 1,
        "ShapeSTLength": 415.9901078134551,
        "PAVENTRA_SEGMENT_ID": "BLK-100-8998013800611438005722"
      },
      "geometry": {
        "type": "LineString",
        "coordinates": [
          [
            -84.4764557319425,
            42.25512284250795
          ],
          [
            -84.47667345920395,
            42.25886585531196
          ]
        ]
      }
    },
    {
      "type": "Feature",
      "properties": {
        "OBJECTID": 693121,
        "FCC": "A31",
        "RDNAME": "Wildwood Ave",
        "FRADDL": 2620,
        "TOADDL": 2600,
        "FRADDR": 2623,
        "TOADDR": 2601,
        "ZIPL": 49202,
        "ZIPR": 49202,
        "FEDIRP": " ",
        "NAME": "Wildwood",
        "FETYPE": "Ave",
        "FEDIRS": " ",
        "FEDIRP2": " ",
        "NAME2": " ",
        "FETYPE2": " ",
        "FEDIRS2": " ",
        "FEDIRP3": " ",
        "NAME3": " ",
        "FETYPE3": " ",
        "FEDIRS3": " ",
        "FMCDL": 8760,
        "FMCDR": 8760,
        "COUNTYL": 75,
        "COUNTYR": 75,
        "NFC": 3,
        "RU_L": 3,
        "RU_R": 3,
        "PR": 900204,
        "BMP": 0.817,
        "EMP": 0.871,
        "BPT": "38006121",
        "EPT": "38006118",
        "LRS_LINK": " 9002043800612138006118",
        "LENGTH": 86.28959167,
        "VER": "17a",
        "ADJ_CNTY": 0,
        "LEGALSYSTEM": 2,
        "ShapeSTLength": 86.28961975909965,
        "PAVENTRA_SEGMENT_ID": "BLK-101-9002043800612138006118"
      },
      "geometry": {
        "type": "LineString",
        "coordinates": [
          [
            -84.44641773183558,
            42.2547027613853
          ],
          [
            -84.4453716287816,
            42.25470333465898
          ]
        ]
      }
    },
    {
      "type": "Feature",
      "properties": {
        "OBJECTID": 693122,
        "FCC": "A31",
        "RDNAME": "Wildwood Ave",
        "FRADDL": 0,
        "TOADDL": 0,
        "FRADDR": 0,
        "TOADDR": 0,
        "ZIPL": 49202,
        "ZIPR": 49202,
        "FEDIRP": " ",
        "NAME": "Wildwood",
        "FETYPE": "Ave",
        "FEDIRS": " ",
        "FEDIRP2": " ",
        "NAME2": " ",
        "FETYPE2": " ",
        "FEDIRS2": " ",
        "FEDIRP3": " ",
        "NAME3": " ",
        "FETYPE3": " ",
        "FEDIRS3": " ",
        "FMCDL": 8760,
        "FMCDR": 8760,
        "COUNTYL": 75,
        "COUNTYR": 75,
        "NFC": 3,
        "RU_L": 3,
        "RU_R": 3,
        "PR": 900204,
        "BMP": 0.809,
        "EMP": 0.817,
        "BPT": "38006122",
        "EPT": "38006121",
        "LRS_LINK": " 9002043800612238006121",
        "LENGTH": 14.00305508,
        "VER": "17a",
        "ADJ_CNTY": 0,
        "LEGALSYSTEM": 2,
        "ShapeSTLength": 14.003096521127032,
        "PAVENTRA_SEGMENT_ID": "BLK-102-9002043800612238006121"
      },
      "geometry": {
        "type": "LineString",
        "coordinates": [
          [
            -84.44658749302144,
            42.25470311507987
          ],
          [
            -84.44641773183558,
            42.2547027613853
          ]
        ]
      }
    },
    {
      "type": "Feature",
      "properties": {
        "OBJECTID": 693123,
        "FCC": "A32",
        "RDNAME": "Bellevue Ave",
        "FRADDL": 600,
        "TOADDL": 740,
        "FRADDR": 601,
        "TOADDR": 731,
        "ZIPL": 49202,
        "ZIPR": 49202,
        "FEDIRP": " ",
        "NAME": "Bellevue",
        "FETYPE": "Ave",
        "FEDIRS": " ",
        "FEDIRP2": " ",
        "NAME2": " ",
        "FETYPE2": " ",
        "FEDIRS2": " ",
        "FEDIRP3": " ",
        "NAME3": " ",
        "FETYPE3": " ",
        "FEDIRS3": " ",
        "FMCDL": 8760,
        "FMCDR": 8760,
        "COUNTYL": 75,
        "COUNTYR": 75,
        "NFC": 7,
        "RU_L": 3,
        "RU_R": 3,
        "PR": 914105,
        "BMP": 0.0,
        "EMP": 0.139,
        "BPT": "38006122",
        "EPT": "38005867",
        "LRS_LINK": " 9141053800612238005867",
        "LENGTH": 223.23044995,
        "VER": "17a",
        "ADJ_CNTY": 0,
        "LEGALSYSTEM": 3,
        "ShapeSTLength": 223.23050505968038,
        "PAVENTRA_SEGMENT_ID": "BLK-103-9141053800612238005867"
      },
      "geometry": {
        "type": "LineString",
        "coordinates": [
          [
            -84.44658749302144,
            42.25470311507987
          ],
          [
            -84.44658721153738,
            42.25671358400878
          ]
        ]
      }
    },
    {
      "type": "Feature",
      "properties": {
        "OBJECTID": 693124,
        "FCC": "A31",
        "RDNAME": "Wildwood Ave",
        "FRADDL": 2798,
        "TOADDL": 2700,
        "FRADDR": 22725,
        "TOADDR": 2701,
        "ZIPL": 49202,
        "ZIPR": 49202,
        "FEDIRP": " ",
        "NAME": "Wildwood",
        "FETYPE": "Ave",
        "FEDIRS": " ",
        "FEDIRP2": " ",
        "NAME2": " ",
        "FETYPE2": " ",
        "FEDIRS2": " ",
        "FEDIRP3": " ",
        "NAME3": " ",
        "FETYPE3": " ",
        "FEDIRS3": " ",
        "FMCDL": 8760,
        "FMCDR": 8760,
        "COUNTYL": 75,
        "COUNTYR": 75,
        "NFC": 3,
        "RU_L": 3,
        "RU_R": 3,
        "PR": 900204,
        "BMP": 0.757,
        "EMP": 0.809,
        "BPT": "38006125",
        "EPT": "38006122",
        "LRS_LINK": " 9002043800612538006122",
        "LENGTH": 83.11536892,
        "VER": "17a",
        "ADJ_CNTY": 0,
        "LEGALSYSTEM": 2,
        "ShapeSTLength": 83.11528127823426,
        "PAVENTRA_SEGMENT_ID": "BLK-104-9002043800612538006122"
      },
      "geometry": {
        "type": "LineString",
        "coordinates": [
          [
            -84.4475950755158,
            42.25470960218647
          ],
          [
            -84.44658749302144,
            42.25470311507987
          ]
        ]
      }
    },
    {
      "type": "Feature",
      "properties": {
        "OBJECTID": 693125,
        "FCC": "A31",
        "RDNAME": "Laurence Ave",
        "FRADDL": 600,
        "TOADDL": 760,
        "FRADDR": 601,
        "TOADDR": 761,
        "ZIPL": 49202,
        "ZIPR": 49202,
        "FEDIRP": " ",
        "NAME": "Laurence",
        "FETYPE": "Ave",
        "FEDIRS": " ",
        "FEDIRP2": " ",
        "NAME2": " ",
        "FETYPE2": " ",
        "FEDIRS2": " ",
        "FEDIRP3": " ",
        "NAME3": " ",
        "FETYPE3": " ",
        "FEDIRS3": " ",
        "FMCDL": 8760,
        "FMCDR": 8760,
        "COUNTYL": 75,
        "COUNTYR": 75,
        "NFC": 3,
        "RU_L": 3,
        "RU_R": 3,
        "PR": 3380112,
        "BMP": 0.241,
        "EMP": 0.379,
        "BPT": "38006125",
        "EPT": "38005870",
        "LRS_LINK": "33801123800612538005870",
        "LENGTH": 222.81599328,
        "VER": "17a",
        "ADJ_CNTY": 0,
        "LEGALSYSTEM": 2,
        "ShapeSTLength": 222.81597331273178,
        "PAVENTRA_SEGMENT_ID": "BLK-105-33801123800612538005870"
      },
      "geometry": {
        "type": "LineString",
        "coordinates": [
          [
            -84.4475950755158,
            42.25470960218647
          ],
          [
            -84.4477452086289,
            42.256713235923606
          ]
        ]
      }
    },
    {
      "type": "Feature",
      "properties": {
        "OBJECTID": 693128,
        "FCC": "A31",
        "RDNAME": "Wildwood Ave",
        "FRADDL": 2840,
        "TOADDL": 2800,
        "FRADDR": 2843,
        "TOADDR": 2805,
        "ZIPL": 49202,
        "ZIPR": 49202,
        "FEDIRP": " ",
        "NAME": "Wildwood",
        "FETYPE": "Ave",
        "FEDIRS": " ",
        "FEDIRP2": " ",
        "NAME2": " ",
        "FETYPE2": " ",
        "FEDIRS2": " ",
        "FEDIRP3": " ",
        "NAME3": " ",
        "FETYPE3": " ",
        "FEDIRS3": " ",
        "FMCDL": 8760,
        "FMCDR": 8760,
        "COUNTYL": 75,
        "COUNTYR": 75,
        "NFC": 3,
        "RU_L": 3,
        "RU_R": 3,
        "PR": 900204,
        "BMP": 0.729,
        "EMP": 0.757,
        "BPT": "38019278",
        "EPT": "38006125",
        "LRS_LINK": " 9002043801927838006125",
        "LENGTH": 45.38906402,
        "VER": "17a",
        "ADJ_CNTY": 0,
        "LEGALSYSTEM": 2,
        "ShapeSTLength": 45.38912408551194,
        "PAVENTRA_SEGMENT_ID": "BLK-106-9002043801927838006125"
      },
      "geometry": {
        "type": "LineString",
        "coordinates": [
          [
            -84.44814520975892,
            42.25470086809477
          ],
          [
            -84.4475950755158,
            42.25470960218647
          ]
        ]
      }
    },
    {
      "type": "Feature",
      "properties": {
        "OBJECTID": 693136,
        "FCC": "A31",
        "RDNAME": "Wildwood Ave",
        "FRADDL": 2896,
        "TOADDL": 2880,
        "FRADDR": 0,
        "TOADDR": 0,
        "ZIPL": 49202,
        "ZIPR": 49202,
        "FEDIRP": " ",
        "NAME": "Wildwood",
        "FETYPE": "Ave",
        "FEDIRS": " ",
        "FEDIRP2": " ",
        "NAME2": " ",
        "FETYPE2": " ",
        "FEDIRS2": " ",
        "FEDIRP3": " ",
        "NAME3": " ",
        "FETYPE3": " ",
        "FEDIRS3": " ",
        "FMCDL": 8760,
        "FMCDR": 8760,
        "COUNTYL": 75,
        "COUNTYR": 75,
        "NFC": 3,
        "RU_L": 3,
        "RU_R": 3,
        "PR": 900204,
        "BMP": 0.688,
        "EMP": 0.729,
        "BPT": "38006128",
        "EPT": "38019278",
        "LRS_LINK": " 9002043800612838019278",
        "LENGTH": 65.56284933,
        "VER": "17a",
        "ADJ_CNTY": 0,
        "LEGALSYSTEM": 2,
        "ShapeSTLength": 65.56288428775842,
        "PAVENTRA_SEGMENT_ID": "BLK-107-9002043800612838019278"
      },
      "geometry": {
        "type": "LineString",
        "coordinates": [
          [
            -84.44893989430213,
            42.25468958963894
          ],
          [
            -84.44814520975892,
            42.25470086809477
          ]
        ]
      }
    },
    {
      "type": "Feature",
      "properties": {
        "OBJECTID": 693137,
        "FCC": "A32",
        "RDNAME": "Evanston Dr",
        "FRADDL": 650,
        "TOADDL": 1060,
        "FRADDR": 601,
        "TOADDR": 1061,
        "ZIPL": 49202,
        "ZIPR": 49202,
        "FEDIRP": " ",
        "NAME": "Evanston",
        "FETYPE": "Dr",
        "FEDIRS": " ",
        "FEDIRP2": " ",
        "NAME2": " ",
        "FETYPE2": " ",
        "FEDIRS2": " ",
        "FEDIRP3": " ",
        "NAME3": " ",
        "FETYPE3": " ",
        "FEDIRS3": " ",
        "FMCDL": 8760,
        "FMCDR": 8760,
        "COUNTYL": 75,
        "COUNTYR": 75,
        "NFC": 7,
        "RU_L": 3,
        "RU_R": 3,
        "PR": 914104,
        "BMP": 0.0,
        "EMP": 0.504,
        "BPT": "38006128",
        "EPT": "38005423",
        "LRS_LINK": " 9141043800612838005423",
        "LENGTH": 810.40630149,
        "VER": "17a",
        "ADJ_CNTY": 0,
        "LEGALSYSTEM": 3,
        "ShapeSTLength": 810.4063509117416,
        "PAVENTRA_SEGMENT_ID": "BLK-108-9141043800612838005423"
      },
      "geometry": {
        "type": "LineString",
        "coordinates": [
          [
            -84.44893989430213,
            42.25468958963894
          ],
          [
            -84.44890640645987,
            42.25835430496199
          ],
          [
            -84.44887609507629,
            42.261988151241134
          ]
        ]
      }
    },
    {
      "type": "Feature",
      "properties": {
        "OBJECTID": 693145,
        "FCC": "A31",
        "RDNAME": "Wildwood Ave",
        "FRADDL": 2908,
        "TOADDL": 2900,
        "FRADDR": 2997,
        "TOADDR": 2901,
        "ZIPL": 49202,
        "ZIPR": 49202,
        "FEDIRP": " ",
        "NAME": "Wildwood",
        "FETYPE": "Ave",
        "FEDIRS": " ",
        "FEDIRP2": " ",
        "NAME2": " ",
        "FETYPE2": " ",
        "FEDIRS2": " ",
        "FEDIRP3": " ",
        "NAME3": " ",
        "FETYPE3": " ",
        "FEDIRS3": " ",
        "FMCDL": 8760,
        "FMCDR": 8760,
        "COUNTYL": 75,
        "COUNTYR": 75,
        "NFC": 3,
        "RU_L": 3,
        "RU_R": 3,
        "PR": 900204,
        "BMP": 0.664,
        "EMP": 0.688,
        "BPT": "38006131",
        "EPT": "38006128",
        "LRS_LINK": " 9002043800613138006128",
        "LENGTH": 39.20869689,
        "VER": "17a",
        "ADJ_CNTY": 0,
        "LEGALSYSTEM": 2,
        "ShapeSTLength": 39.208676658617286,
        "PAVENTRA_SEGMENT_ID": "BLK-109-9002043800613138006128"
      },
      "geometry": {
        "type": "LineString",
        "coordinates": [
          [
            -84.44941511460063,
            42.25468189675652
          ],
          [
            -84.44893989430213,
            42.25468958963894
          ]
        ]
      }
    },
    {
      "type": "Feature",
      "properties": {
        "OBJECTID": 693148,
        "FCC": "A31",
        "RDNAME": "Wildwood Ave",
        "FRADDL": 3120,
        "TOADDL": 2910,
        "FRADDR": 3099,
        "TOADDR": 3001,
        "ZIPL": 49202,
        "ZIPR": 49202,
        "FEDIRP": " ",
        "NAME": "Wildwood",
        "FETYPE": "Ave",
        "FEDIRS": " ",
        "FEDIRP2": " ",
        "NAME2": " ",
        "FETYPE2": " ",
        "FEDIRS2": " ",
        "FEDIRP3": " ",
        "NAME3": " ",
        "FETYPE3": " ",
        "FEDIRS3": " ",
        "FMCDL": 8760,
        "FMCDR": 8760,
        "COUNTYL": 75,
        "COUNTYR": 75,
        "NFC": 3,
        "RU_L": 3,
        "RU_R": 3,
        "PR": 900204,
        "BMP": 0.546,
        "EMP": 0.664,
        "BPT": "38006133",
        "EPT": "38006131",
        "LRS_LINK": " 9002043800613338006131",
        "LENGTH": 189.77372348,
        "VER": "17a",
        "ADJ_CNTY": 0,
        "LEGALSYSTEM": 2,
        "ShapeSTLength": 189.77369868843786,
        "PAVENTRA_SEGMENT_ID": "BLK-110-9002043800613338006131"
      },
      "geometry": {
        "type": "LineString",
        "coordinates": [
          [
            -84.45171545025579,
            42.25471048192271
          ],
          [
            -84.44941511460063,
            42.25468189675652
          ]
        ]
      }
    },
    {
      "type": "Feature",
      "properties": {
        "OBJECTID": 693149,
        "FCC": "A32",
        "RDNAME": "Brentwood Rd",
        "FRADDL": 700,
        "TOADDL": 1050,
        "FRADDR": 601,
        "TOADDR": 1041,
        "ZIPL": 49202,
        "ZIPR": 49202,
        "FEDIRP": " ",
        "NAME": "Brentwood",
        "FETYPE": "Rd",
        "FEDIRS": " ",
        "FEDIRP2": " ",
        "NAME2": " ",
        "FETYPE2": " ",
        "FEDIRS2": " ",
        "FEDIRP3": " ",
        "NAME3": " ",
        "FETYPE3": " ",
        "FEDIRS3": " ",
        "FMCDL": 8760,
        "FMCDR": 8760,
        "COUNTYL": 75,
        "COUNTYR": 75,
        "NFC": 7,
        "RU_L": 3,
        "RU_R": 3,
        "PR": 914103,
        "BMP": 0.0,
        "EMP": 0.502,
        "BPT": "38006133",
        "EPT": "38005426",
        "LRS_LINK": " 9141033800613338005426",
        "LENGTH": 808.20564742,
        "VER": "17a",
        "ADJ_CNTY": 0,
        "LEGALSYSTEM": 3,
        "ShapeSTLength": 808.2056535748939,
        "PAVENTRA_SEGMENT_ID": "BLK-111-9141033800613338005426"
      },
      "geometry": {
        "type": "LineString",
        "coordinates": [
          [
            -84.45171545025579,
            42.25471048192271
          ],
          [
            -84.45174121202483,
            42.25837515037415
          ],
          [
            -84.45172265337054,
            42.26198930094145
          ]
        ]
      }
    },
    {
      "type": "Feature",
      "properties": {
        "OBJECTID": 693154,
        "FCC": "A31",
        "RDNAME": "Wildwood Ave",
        "FRADDL": 0,
        "TOADDL": 0,
        "FRADDR": 3107,
        "TOADDR": 3101,
        "ZIPL": 49202,
        "ZIPR": 49202,
        "FEDIRP": " ",
        "NAME": "Wildwood",
        "FETYPE": "Ave",
        "FEDIRS": " ",
        "FEDIRP2": " ",
        "NAME2": " ",
        "FETYPE2": " ",
        "FEDIRS2": " ",
        "FEDIRP3": " ",
        "NAME3": " ",
        "FETYPE3": " ",
        "FEDIRS3": " ",
        "FMCDL": 8760,
        "FMCDR": 8760,
        "COUNTYL": 75,
        "COUNTYR": 75,
        "NFC": 3,
        "RU_L": 3,
        "RU_R": 3,
        "PR": 900204,
        "BMP": 0.501,
        "EMP": 0.546,
        "BPT": "38006137",
        "EPT": "38006133",
        "LRS_LINK": " 9002043800613738006133",
        "LENGTH": 71.71072643,
        "VER": "17a",
        "ADJ_CNTY": 0,
        "LEGALSYSTEM": 2,
        "ShapeSTLength": 71.71069748988057,
        "PAVENTRA_SEGMENT_ID": "BLK-112-9002043800613738006133"
      },
      "geometry": {
        "type": "LineString",
        "coordinates": [
          [
            -84.4525847901291,
            42.25471236861472
          ],
          [
            -84.45210107405032,
            42.25470930988208
          ],
          [
            -84.45171545025579,
            42.25471048192271
          ]
        ]
      }
    },
    {
      "type": "Feature",
      "properties": {
        "OBJECTID": 693155,
        "FCC": "A32",
        "RDNAME": "Airport Rd",
        "FRADDL": 700,
        "TOADDL": 1010,
        "FRADDR": 701,
        "TOADDR": 1021,
        "ZIPL": 49202,
        "ZIPR": 49202,
        "FEDIRP": " ",
        "NAME": "Airport",
        "FETYPE": "Rd",
        "FEDIRS": " ",
        "FEDIRP2": " ",
        "NAME2": " ",
        "FETYPE2": " ",
        "FEDIRS2": " ",
        "FEDIRP3": " ",
        "NAME3": " ",
        "FETYPE3": " ",
        "FEDIRS3": " ",
        "FMCDL": 8760,
        "FMCDR": 8760,
        "COUNTYL": 75,
        "COUNTYR": 75,
        "NFC": 7,
        "RU_L": 3,
        "RU_R": 3,
        "PR": 914102,
        "BMP": 0.0,
        "EMP": 0.504,
        "BPT": "38006137",
        "EPT": "38005427",
        "LRS_LINK": " 9141023800613738005427",
        "LENGTH": 810.94183993,
        "VER": "17a",
        "ADJ_CNTY": 0,
        "LEGALSYSTEM": 3,
        "ShapeSTLength": 810.9418440458908,
        "PAVENTRA_SEGMENT_ID": "BLK-113-9141023800613738005427"
      },
      "geometry": {
        "type": "LineString",
        "coordinates": [
          [
            -84.4525847901291,
            42.25471236861472
          ],
          [
            -84.45290273886842,
            42.25836658557209
          ],
          [
            -84.45293335626577,
            42.25891531014507
          ],
          [
            -84.45298254149434,
            42.259676788685965
          ],
          [
            -84.45299734902115,
            42.26060692726596
          ],
          [
            -84.45301118550887,
            42.26128252902707
          ],
          [
            -84.45303397670456,
            42.26177243132015
          ],
          [
            -84.4530221555864,
            42.26183883267285
          ],
          [
            -84.45299039980253,
            42.26189114110687
          ],
          [
            -84.45294349614315,
            42.26194072628455
          ],
          [
            -84.45289979291991,
            42.26197756941928
          ]
        ]
      }
    },
    {
      "type": "Feature",
      "properties": {
        "OBJECTID": 693230,
        "FCC": "A12",
        "RDNAME": "M 60",
        "FRADDL": 0,
        "TOADDL": 0,
        "FRADDR": 0,
        "TOADDR": 0,
        "ZIPL": 49201,
        "ZIPR": 49201,
        "FEDIRP": " ",
        "NAME": "M 60",
        "FETYPE": " ",
        "FEDIRS": " ",
        "FEDIRP2": " ",
        "NAME2": " ",
        "FETYPE2": " ",
        "FEDIRS2": " ",
        "FEDIRP3": " ",
        "NAME3": " ",
        "FETYPE3": " ",
        "FEDIRS3": " ",
        "FMCDL": 8760,
        "FMCDR": 8760,
        "COUNTYL": 75,
        "COUNTYR": 75,
        "NFC": 2,
        "RU_L": 3,
        "RU_R": 3,
        "PR": 899802,
        "BMP": 2.163,
        "EMP": 2.179,
        "BPT": "38006159",
        "EPT": "38006113",
        "LRS_LINK": " 8998023800615938006113",
        "LENGTH": 25.77857009,
        "VER": "17a",
        "ADJ_CNTY": 0,
        "LEGALSYSTEM": 1,
        "ShapeSTLength": 25.77856992930368,
        "PAVENTRA_SEGMENT_ID": "BLK-114-8998023800615938006113"
      },
      "geometry": {
        "type": "LineString",
        "coordinates": [
          [
            -84.47606992495308,
            42.254896370184724
          ],
          [
            -84.47608414601252,
            42.25512829769299
          ]
        ]
      }
    },
    {
      "type": "Feature",
      "properties": {
        "OBJECTID": 693246,
        "FCC": "A21",
        "RDNAME": "W Michigan Ave",
        "FRADDL": 0,
        "TOADDL": 0,
        "FRADDR": 0,
        "TOADDR": 0,
        "ZIPL": 49201,
        "ZIPR": 49201,
        "FEDIRP": "W",
        "NAME": "Michigan",
        "FETYPE": "Ave",
        "FEDIRS": " ",
        "FEDIRP2": " ",
        "NAME2": "I 94 BL",
        "FETYPE2": " ",
        "FEDIRS2": " ",
        "FEDIRP3": " ",
        "NAME3": " ",
        "FETYPE3": " ",
        "FEDIRS3": " ",
        "FMCDL": 8760,
        "FMCDR": 8760,
        "COUNTYL": 75,
        "COUNTYR": 75,
        "NFC": 3,
        "RU_L": 3,
        "RU_R": 3,
        "PR": 897207,
        "BMP": 12.234,
        "EMP": 12.253,
        "BPT": "38006162",
        "EPT": "38006159",
        "LRS_LINK": " 8972073800616238006159",
        "LENGTH": 31.25412201,
        "VER": "17a",
        "ADJ_CNTY": 0,
        "LEGALSYSTEM": 1,
        "ShapeSTLength": 31.254136141637318,
        "PAVENTRA_SEGMENT_ID": "BLK-115-8972073800616238006159"
      },
      "geometry": {
        "type": "LineString",
        "coordinates": [
          [
            -84.47644797433597,
            42.2548775209288
          ],
          [
            -84.47606992495308,
            42.254896370184724
          ]
        ]
      }
    },
    {
      "type": "Feature",
      "properties": {
        "OBJECTID": 693247,
        "FCC": "A12",
        "RDNAME": "M 60",
        "FRADDL": 0,
        "TOADDL": 0,
        "FRADDR": 0,
        "TOADDR": 0,
        "ZIPL": 49201,
        "ZIPR": 49201,
        "FEDIRP": " ",
        "NAME": "M 60",
        "FETYPE": " ",
        "FEDIRS": " ",
        "FEDIRP2": " ",
        "NAME2": " ",
        "FETYPE2": " ",
        "FEDIRS2": " ",
        "FEDIRP3": " ",
        "NAME3": " ",
        "FETYPE3": " ",
        "FEDIRS3": " ",
        "FMCDL": 8760,
        "FMCDR": 8760,
        "COUNTYL": 75,
        "COUNTYR": 75,
        "NFC": 2,
        "RU_L": 3,
        "RU_R": 3,
        "PR": 899801,
        "BMP": 2.056,
        "EMP": 2.073,
        "BPT": "38006162",
        "EPT": "38006114",
        "LRS_LINK": " 8998013800616238006114",
        "LENGTH": 27.27409539,
        "VER": "17a",
        "ADJ_CNTY": 0,
        "LEGALSYSTEM": 1,
        "ShapeSTLength": 27.274167574543085,
        "PAVENTRA_SEGMENT_ID": "BLK-116-8998013800616238006114"
      },
      "geometry": {
        "type": "LineString",
        "coordinates": [
          [
            -84.47644797433597,
            42.2548775209288
          ],
          [
            -84.4764498539595,
            42.255092401127655
          ],
          [
            -84.4764557319425,
            42.25512284250795
          ]
        ]
      }
    },
    {
      "type": "Feature",
      "properties": {
        "OBJECTID": 693256,
        "FCC": "A31",
        "RDNAME": "Blackman Rd",
        "FRADDL": 80,
        "TOADDL": 98,
        "FRADDR": 81,
        "TOADDR": 99,
        "ZIPL": 49201,
        "ZIPR": 49201,
        "FEDIRP": " ",
        "NAME": "Blackman",
        "FETYPE": "Rd",
        "FEDIRS": " ",
        "FEDIRP2": " ",
        "NAME2": " ",
        "FETYPE2": " ",
        "FEDIRS2": " ",
        "FEDIRP3": " ",
        "NAME3": " ",
        "FETYPE3": " ",
        "FEDIRS3": " ",
        "FMCDL": 71500,
        "FMCDR": 8760,
        "COUNTYL": 75,
        "COUNTYR": 75,
        "NFC": 5,
        "RU_L": 3,
        "RU_R": 3,
        "PR": 904809,
        "BMP": 0.016,
        "EMP": 0.04,
        "BPT": "38006144",
        "EPT": "38006081",
        "LRS_LINK": " 9048093800614438006081",
        "LENGTH": 38.47086829,
        "VER": "17a",
        "ADJ_CNTY": 0,
        "LEGALSYSTEM": 2,
        "ShapeSTLength": 38.470870439463674,
        "PAVENTRA_SEGMENT_ID": "BLK-117-9048093800614438006081"
      },
      "geometry": {
        "type": "LineString",
        "coordinates": [
          [
            -84.48326864388383,
            42.254959916750835
          ],
          [
            -84.48326659617003,
            42.255306391251345
          ]
        ]
      }
    },
    {
      "type": "Feature",
      "properties": {
        "OBJECTID": 693258,
        "FCC": "A21",
        "RDNAME": "W Michigan Ave",
        "FRADDL": 3922,
        "TOADDL": 3918,
        "FRADDR": 0,
        "TOADDR": 0,
        "ZIPL": 49202,
        "ZIPR": 49202,
        "FEDIRP": "W",
        "NAME": "Michigan",
        "FETYPE": "Ave",
        "FEDIRS": " ",
        "FEDIRP2": " ",
        "NAME2": "I 94 BL",
        "FETYPE2": " ",
        "FEDIRS2": " ",
        "FEDIRP3": " ",
        "NAME3": " ",
        "FETYPE3": " ",
        "FEDIRS3": " ",
        "FMCDL": 8760,
        "FMCDR": 8760,
        "COUNTYL": 75,
        "COUNTYR": 75,
        "NFC": 3,
        "RU_L": 3,
        "RU_R": 3,
        "PR": 897207,
        "BMP": 12.755,
        "EMP": 12.786,
        "BPT": "38021673",
        "EPT": "38006156",
        "LRS_LINK": " 8972073802167338006156",
        "LENGTH": 50.35474877,
        "VER": "17a",
        "ADJ_CNTY": 0,
        "LEGALSYSTEM": 1,
        "ShapeSTLength": 50.354702627361426,
        "PAVENTRA_SEGMENT_ID": "BLK-118-8972073802167338006156"
      },
      "geometry": {
        "type": "LineString",
        "coordinates": [
          [
            -84.46629485244544,
            42.25471353814938
          ],
          [
            -84.46568444279325,
            42.25470782110147
          ]
        ]
      }
    },
    {
      "type": "Feature",
      "properties": {
        "OBJECTID": 693259,
        "FCC": "A21",
        "RDNAME": "W Michigan Ave",
        "FRADDL": 3926,
        "TOADDL": 3924,
        "FRADDR": 0,
        "TOADDR": 0,
        "ZIPL": 49202,
        "ZIPR": 49202,
        "FEDIRP": "W",
        "NAME": "Michigan",
        "FETYPE": "Ave",
        "FEDIRS": " ",
        "FEDIRP2": " ",
        "NAME2": "I 94 BL",
        "FETYPE2": " ",
        "FEDIRS2": " ",
        "FEDIRP3": " ",
        "NAME3": " ",
        "FETYPE3": " ",
        "FEDIRS3": " ",
        "FMCDL": 8760,
        "FMCDR": 8760,
        "COUNTYL": 75,
        "COUNTYR": 75,
        "NFC": 3,
        "RU_L": 3,
        "RU_R": 3,
        "PR": 897207,
        "BMP": 12.732,
        "EMP": 12.755,
        "BPT": "38006158",
        "EPT": "38021673",
        "LRS_LINK": " 8972073800615838021673",
        "LENGTH": 37.37748493,
        "VER": "17a",
        "ADJ_CNTY": 0,
        "LEGALSYSTEM": 1,
        "ShapeSTLength": 37.37746941581251,
        "PAVENTRA_SEGMENT_ID": "BLK-119-8972073800615838021673"
      },
      "geometry": {
        "type": "LineString",
        "coordinates": [
          [
            -84.46674794956313,
            42.254717780604615
          ],
          [
            -84.46629485244544,
            42.25471353814938
          ]
        ]
      }
    },
    {
      "type": "Feature",
      "properties": {
        "OBJECTID": 693260,
        "FCC": "A21",
        "RDNAME": "W Michigan Ave",
        "FRADDL": 4398,
        "TOADDL": 4330,
        "FRADDR": 0,
        "TOADDR": 0,
        "ZIPL": 49201,
        "ZIPR": 49201,
        "FEDIRP": "W",
        "NAME": "Michigan",
        "FETYPE": "Ave",
        "FEDIRS": " ",
        "FEDIRP2": " ",
        "NAME2": "I 94 BL",
        "FETYPE2": " ",
        "FEDIRS2": " ",
        "FEDIRP3": " ",
        "NAME3": " ",
        "FETYPE3": " ",
        "FEDIRS3": " ",
        "FMCDL": 8760,
        "FMCDR": 8760,
        "COUNTYL": 75,
        "COUNTYR": 75,
        "NFC": 3,
        "RU_L": 3,
        "RU_R": 3,
        "PR": 897207,
        "BMP": 12.253,
        "EMP": 12.376,
        "BPT": "38006159",
        "EPT": "38006167",
        "LRS_LINK": " 8972073800615938006167",
        "LENGTH": 196.98726129,
        "VER": "17a",
        "ADJ_CNTY": 0,
        "LEGALSYSTEM": 1,
        "ShapeSTLength": 196.9872342714333,
        "PAVENTRA_SEGMENT_ID": "BLK-120-8972073800615938006167"
      },
      "geometry": {
        "type": "LineString",
        "coordinates": [
          [
            -84.47606992495308,
            42.254896370184724
          ],
          [
            -84.47442136998772,
            42.254880165394084
          ],
          [
            -84.47418448013595,
            42.254865110633204
          ],
          [
            -84.4736880161489,
            42.25481161434016
          ]
        ]
      }
    },
    {
      "type": "Feature",
      "properties": {
        "OBJECTID": 693263,
        "FCC": "A21",
        "RDNAME": "W Michigan Ave",
        "FRADDL": 0,
        "TOADDL": 0,
        "FRADDR": 3941,
        "TOADDR": 3921,
        "ZIPL": 49202,
        "ZIPR": 49202,
        "FEDIRP": "W",
        "NAME": "Michigan",
        "FETYPE": "Ave",
        "FEDIRS": " ",
        "FEDIRP2": " ",
        "NAME2": "I 94 BL",
        "FETYPE2": " ",
        "FEDIRS2": " ",
        "FEDIRP3": " ",
        "NAME3": " ",
        "FETYPE3": " ",
        "FEDIRS3": " ",
        "FMCDL": 8760,
        "FMCDR": 8760,
        "COUNTYL": 75,
        "COUNTYR": 75,
        "NFC": 3,
        "RU_L": 3,
        "RU_R": 3,
        "PR": 897207,
        "BMP": 12.692,
        "EMP": 12.732,
        "BPT": "38006161",
        "EPT": "38006158",
        "LRS_LINK": " 8972073800616138006158",
        "LENGTH": 63.54409742,
        "VER": "17a",
        "ADJ_CNTY": 0,
        "LEGALSYSTEM": 1,
        "ShapeSTLength": 63.54412022532062,
        "PAVENTRA_SEGMENT_ID": "BLK-121-8972073800616138006158"
      },
      "geometry": {
        "type": "LineString",
        "coordinates": [
          [
            -84.4675183017797,
            42.25471949321928
          ],
          [
            -84.46674794956313,
            42.254717780604615
          ]
        ]
      }
    },
    {
      "type": "Feature",
      "properties": {
        "OBJECTID": 693264,
        "FCC": "A32",
        "RDNAME": "Woodville Rd",
        "FRADDL": 0,
        "TOADDL": 0,
        "FRADDR": 0,
        "TOADDR": 0,
        "ZIPL": 49202,
        "ZIPR": 49202,
        "FEDIRP": " ",
        "NAME": "Woodville",
        "FETYPE": "Rd",
        "FEDIRS": " ",
        "FEDIRP2": " ",
        "NAME2": " ",
        "FETYPE2": " ",
        "FEDIRS2": " ",
        "FEDIRP3": " ",
        "NAME3": " ",
        "FETYPE3": " ",
        "FEDIRS3": " ",
        "FMCDL": 8760,
        "FMCDR": 8760,
        "COUNTYL": 75,
        "COUNTYR": 75,
        "NFC": 7,
        "RU_L": 3,
        "RU_R": 3,
        "PR": 3380053,
        "BMP": 0.0,
        "EMP": 0.035,
        "BPT": "38006161",
        "EPT": "38006054",
        "LRS_LINK": "33800533800616138006054",
        "LENGTH": 56.99598326,
        "VER": "17a",
        "ADJ_CNTY": 0,
        "LEGALSYSTEM": 3,
        "ShapeSTLength": 56.99601137220042,
        "PAVENTRA_SEGMENT_ID": "BLK-122-33800533800616138006054"
      },
      "geometry": {
        "type": "LineString",
        "coordinates": [
          [
            -84.4675183017797,
            42.25471949321928
          ],
          [
            -84.46749425272742,
            42.25523250213526
          ]
        ]
      }
    },
    {
      "type": "Feature",
      "properties": {
        "OBJECTID": 693270,
        "FCC": "A21",
        "RDNAME": "W Michigan Ave",
        "FRADDL": 0,
        "TOADDL": 0,
        "FRADDR": 0,
        "TOADDR": 0,
        "ZIPL": 49201,
        "ZIPR": 49201,
        "FEDIRP": "W",
        "NAME": "Michigan",
        "FETYPE": "Ave",
        "FEDIRS": " ",
        "FEDIRP2": " ",
        "NAME2": "I 94 BL",
        "FETYPE2": " ",
        "FEDIRS2": " ",
        "FEDIRP3": " ",
        "NAME3": " ",
        "FETYPE3": " ",
        "FEDIRS3": " ",
        "FMCDL": 8760,
        "FMCDR": 8760,
        "COUNTYL": 75,
        "COUNTYR": 75,
        "NFC": 3,
        "RU_L": 3,
        "RU_R": 3,
        "PR": 897207,
        "BMP": 12.376,
        "EMP": 12.385,
        "BPT": "38006167",
        "EPT": "38006164",
        "LRS_LINK": " 8972073800616738006164",
        "LENGTH": 14.78631729,
        "VER": "17a",
        "ADJ_CNTY": 0,
        "LEGALSYSTEM": 1,
        "ShapeSTLength": 14.786331192354648,
        "PAVENTRA_SEGMENT_ID": "BLK-123-8972073800616738006164"
      },
      "geometry": {
        "type": "LineString",
        "coordinates": [
          [
            -84.4736880161489,
            42.25481161434016
          ],
          [
            -84.47351119007322,
            42.25478975612549
          ]
        ]
      }
    },
    {
      "type": "Feature",
      "properties": {
        "OBJECTID": 693279,
        "FCC": "A21",
        "RDNAME": "W Michigan Ave",
        "FRADDL": 4030,
        "TOADDL": 4000,
        "FRADDR": 4029,
        "TOADDR": 4001,
        "ZIPL": 49202,
        "ZIPR": 49202,
        "FEDIRP": "W",
        "NAME": "Michigan",
        "FETYPE": "Ave",
        "FEDIRS": " ",
        "FEDIRP2": " ",
        "NAME2": "I 94 BL",
        "FETYPE2": " ",
        "FEDIRS2": " ",
        "FEDIRP3": " ",
        "NAME3": " ",
        "FETYPE3": " ",
        "FEDIRS3": " ",
        "FMCDL": 8760,
        "FMCDR": 8760,
        "COUNTYL": 75,
        "COUNTYR": 75,
        "NFC": 3,
        "RU_L": 3,
        "RU_R": 3,
        "PR": 897207,
        "BMP": 12.628,
        "EMP": 12.692,
        "BPT": "38006163",
        "EPT": "38006161",
        "LRS_LINK": " 8972073800616338006161",
        "LENGTH": 103.59617355,
        "VER": "17a",
        "ADJ_CNTY": 0,
        "LEGALSYSTEM": 1,
        "ShapeSTLength": 103.5961833606335,
        "PAVENTRA_SEGMENT_ID": "BLK-124-8972073800616338006161"
      },
      "geometry": {
        "type": "LineString",
        "coordinates": [
          [
            -84.46877418743452,
            42.25471330947277
          ],
          [
            -84.4675183017797,
            42.25471949321928
          ]
        ]
      }
    },
    {
      "type": "Feature",
      "properties": {
        "OBJECTID": 693283,
        "FCC": "A21",
        "RDNAME": "W Michigan Ave",
        "FRADDL": 4140,
        "TOADDL": 4100,
        "FRADDR": 4143,
        "TOADDR": 4101,
        "ZIPL": 49202,
        "ZIPR": 49202,
        "FEDIRP": "W",
        "NAME": "Michigan",
        "FETYPE": "Ave",
        "FEDIRS": " ",
        "FEDIRP2": " ",
        "NAME2": "I 94 BL",
        "FETYPE2": " ",
        "FEDIRS2": " ",
        "FEDIRP3": " ",
        "NAME3": " ",
        "FETYPE3": " ",
        "FEDIRS3": " ",
        "FMCDL": 8760,
        "FMCDR": 8760,
        "COUNTYL": 75,
        "COUNTYR": 75,
        "NFC": 3,
        "RU_L": 3,
        "RU_R": 3,
        "PR": 897207,
        "BMP": 12.503,
        "EMP": 12.628,
        "BPT": "38006165",
        "EPT": "38006163",
        "LRS_LINK": " 8972073800616538006163",
        "LENGTH": 200.25378949,
        "VER": "17a",
        "ADJ_CNTY": 0,
        "LEGALSYSTEM": 1,
        "ShapeSTLength": 200.25382356249781,
        "PAVENTRA_SEGMENT_ID": "BLK-125-8972073800616538006163"
      },
      "geometry": {
        "type": "LineString",
        "coordinates": [
          [
            -84.47120180832789,
            42.254728714662335
          ],
          [
            -84.46877418743452,
            42.25471330947277
          ]
        ]
      }
    },
    {
      "type": "Feature",
      "properties": {
        "OBJECTID": 693290,
        "FCC": "A23",
        "RDNAME": "W Michigan Ave",
        "FRADDL": 0,
        "TOADDL": 0,
        "FRADDR": 4751,
        "TOADDR": 4691,
        "ZIPL": 49201,
        "ZIPR": 49201,
        "FEDIRP": "W",
        "NAME": "Michigan",
        "FETYPE": "Ave",
        "FEDIRS": " ",
        "FEDIRP2": " ",
        "NAME2": " ",
        "FETYPE2": " ",
        "FEDIRS2": " ",
        "FEDIRP3": " ",
        "NAME3": " ",
        "FETYPE3": " ",
        "FEDIRS3": " ",
        "FMCDL": 8760,
        "FMCDR": 8760,
        "COUNTYL": 75,
        "COUNTYR": 75,
        "NFC": 3,
        "RU_L": 3,
        "RU_R": 3,
        "PR": 897207,
        "BMP": 12.11,
        "EMP": 12.234,
        "BPT": "38006170",
        "EPT": "38006162",
        "LRS_LINK": " 8972073800617038006162",
        "LENGTH": 198.83502816,
        "VER": "17a",
        "ADJ_CNTY": 0,
        "LEGALSYSTEM": 1,
        "ShapeSTLength": 198.83506563292602,
        "PAVENTRA_SEGMENT_ID": "BLK-126-8972073800617038006162"
      },
      "geometry": {
        "type": "LineString",
        "coordinates": [
          [
            -84.47885750812773,
            42.25482645438272
          ],
          [
            -84.47644797433597,
            42.2548775209288
          ]
        ]
      }
    },
    {
      "type": "Feature",
      "properties": {
        "OBJECTID": 693291,
        "FCC": "A31",
        "RDNAME": "W Michigan Ave",
        "FRADDL": 4288,
        "TOADDL": 4200,
        "FRADDR": 4305,
        "TOADDR": 4221,
        "ZIPL": 49201,
        "ZIPR": 49201,
        "FEDIRP": "W",
        "NAME": "Michigan",
        "FETYPE": "Ave",
        "FEDIRS": " ",
        "FEDIRP2": " ",
        "NAME2": " ",
        "FETYPE2": " ",
        "FEDIRS2": " ",
        "FEDIRP3": " ",
        "NAME3": " ",
        "FETYPE3": " ",
        "FEDIRS3": " ",
        "FMCDL": 8760,
        "FMCDR": 8760,
        "COUNTYL": 75,
        "COUNTYR": 75,
        "NFC": 3,
        "RU_L": 3,
        "RU_R": 3,
        "PR": 897207,
        "BMP": 12.099,
        "EMP": 12.11,
        "BPT": "38006172",
        "EPT": "38006170",
        "LRS_LINK": " 8972073800617238006170",
        "LENGTH": 18.15004762,
        "VER": "17a",
        "ADJ_CNTY": 0,
        "LEGALSYSTEM": 2,
        "ShapeSTLength": 18.150017230845815,
        "PAVENTRA_SEGMENT_ID": "BLK-127-8972073800617238006170"
      },
      "geometry": {
        "type": "LineString",
        "coordinates": [
          [
            -84.47907744487779,
            42.25483136135102
          ],
          [
            -84.47885750812773,
            42.25482645438272
          ]
        ]
      }
    },
    {
      "type": "Feature",
      "properties": {
        "OBJECTID": 693292,
        "FCC": "A21",
        "RDNAME": "W Michigan Ave",
        "FRADDL": 4270,
        "TOADDL": 4200,
        "FRADDR": 4219,
        "TOADDR": 4201,
        "ZIPL": 49201,
        "ZIPR": 49201,
        "FEDIRP": "W",
        "NAME": "Michigan",
        "FETYPE": "Ave",
        "FEDIRS": " ",
        "FEDIRP2": " ",
        "NAME2": "I 94 BL",
        "FETYPE2": " ",
        "FEDIRS2": " ",
        "FEDIRP3": " ",
        "NAME3": " ",
        "FETYPE3": " ",
        "FEDIRS3": " ",
        "FMCDL": 8760,
        "FMCDR": 8760,
        "COUNTYL": 75,
        "COUNTYR": 75,
        "NFC": 3,
        "RU_L": 3,
        "RU_R": 3,
        "PR": 897207,
        "BMP": 12.385,
        "EMP": 12.503,
        "BPT": "38006164",
        "EPT": "38006165",
        "LRS_LINK": " 8972073800616438006165",
        "LENGTH": 190.6671593,
        "VER": "17a",
        "ADJ_CNTY": 0,
        "LEGALSYSTEM": 1,
        "ShapeSTLength": 190.66710810060502,
        "PAVENTRA_SEGMENT_ID": "BLK-128-8972073800616438006165"
      },
      "geometry": {
        "type": "LineString",
        "coordinates": [
          [
            -84.47351119007322,
            42.25478975612549
          ],
          [
            -84.47215125235216,
            42.25473382585142
          ],
          [
            -84.47120180832789,
            42.254728714662335
          ]
        ]
      }
    },
    {
      "type": "Feature",
      "properties": {
        "OBJECTID": 693298,
        "FCC": "A21",
        "RDNAME": "W Michigan Ave",
        "FRADDL": 3916,
        "TOADDL": 3900,
        "FRADDR": 3899,
        "TOADDR": 3801,
        "ZIPL": 49202,
        "ZIPR": 49202,
        "FEDIRP": "W",
        "NAME": "Michigan",
        "FETYPE": "Ave",
        "FEDIRS": " ",
        "FEDIRP2": " ",
        "NAME2": "I 94 BL",
        "FETYPE2": " ",
        "FEDIRS2": " ",
        "FEDIRP3": " ",
        "NAME3": " ",
        "FETYPE3": " ",
        "FEDIRS3": " ",
        "FMCDL": 8760,
        "FMCDR": 8760,
        "COUNTYL": 75,
        "COUNTYR": 75,
        "NFC": 3,
        "RU_L": 3,
        "RU_R": 3,
        "PR": 897207,
        "BMP": 12.786,
        "EMP": 12.885,
        "BPT": "38006156",
        "EPT": "38006174",
        "LRS_LINK": " 8972073800615638006174",
        "LENGTH": 159.86550097,
        "VER": "17a",
        "ADJ_CNTY": 0,
        "LEGALSYSTEM": 1,
        "ShapeSTLength": 159.86555947268926,
        "PAVENTRA_SEGMENT_ID": "BLK-129-8972073800615638006174"
      },
      "geometry": {
        "type": "LineString",
        "coordinates": [
          [
            -84.46568444279325,
            42.25470782110147
          ],
          [
            -84.46462724820358,
            42.25469908299337
          ],
          [
            -84.46398491704721,
            42.254653091096245
          ],
          [
            -84.4637549070283,
            42.254615509304884
          ]
        ]
      }
    },
    {
      "type": "Feature",
      "properties": {
        "OBJECTID": 693318,
        "FCC": "A31",
        "RDNAME": "W Michigan Ave",
        "FRADDL": 0,
        "TOADDL": 0,
        "FRADDR": 0,
        "TOADDR": 0,
        "ZIPL": 49201,
        "ZIPR": 49201,
        "FEDIRP": "W",
        "NAME": "Michigan",
        "FETYPE": "Ave",
        "FEDIRS": " ",
        "FEDIRP2": " ",
        "NAME2": " ",
        "FETYPE2": " ",
        "FEDIRS2": " ",
        "FEDIRP3": " ",
        "NAME3": " ",
        "FETYPE3": " ",
        "FEDIRS3": " ",
        "FMCDL": 8760,
        "FMCDR": 8760,
        "COUNTYL": 75,
        "COUNTYR": 75,
        "NFC": 5,
        "RU_L": 3,
        "RU_R": 3,
        "PR": 897207,
        "BMP": 12.034,
        "EMP": 12.099,
        "BPT": "38006175",
        "EPT": "38006172",
        "LRS_LINK": " 8972073800617538006172",
        "LENGTH": 105.01485517,
        "VER": "17a",
        "ADJ_CNTY": 0,
        "LEGALSYSTEM": 2,
        "ShapeSTLength": 105.01487365673493,
        "PAVENTRA_SEGMENT_ID": "BLK-130-8972073800617538006172"
      },
      "geometry": {
        "type": "LineString",
        "coordinates": [
          [
            -84.48035046942134,
            42.25482014660062
          ],
          [
            -84.47907744487779,
            42.25483136135102
          ]
        ]
      }
    },
    {
      "type": "Feature",
      "properties": {
        "OBJECTID": 693320,
        "FCC": "A32",
        "RDNAME": "Longfellow Ave",
        "FRADDL": 500,
        "TOADDL": 598,
        "FRADDR": 501,
        "TOADDR": 599,
        "ZIPL": 49202,
        "ZIPR": 49202,
        "FEDIRP": " ",
        "NAME": "Longfellow",
        "FETYPE": "Ave",
        "FEDIRS": " ",
        "FEDIRP2": " ",
        "NAME2": " ",
        "FETYPE2": " ",
        "FEDIRS2": " ",
        "FEDIRP3": " ",
        "NAME3": " ",
        "FETYPE3": " ",
        "FEDIRS3": " ",
        "FMCDL": 8760,
        "FMCDR": 8760,
        "COUNTYL": 75,
        "COUNTYR": 75,
        "NFC": 7,
        "RU_L": 3,
        "RU_R": 3,
        "PR": 914206,
        "BMP": 0.0,
        "EMP": 0.033,
        "BPT": "38006173",
        "EPT": "38006093",
        "LRS_LINK": " 9142063800617338006093",
        "LENGTH": 53.68505092,
        "VER": "17a",
        "ADJ_CNTY": 0,
        "LEGALSYSTEM": 3,
        "ShapeSTLength": 53.68510467317727,
        "PAVENTRA_SEGMENT_ID": "BLK-131-9142063800617338006093"
      },
      "geometry": {
        "type": "LineString",
        "coordinates": [
          [
            -84.43708556943744,
            42.25421502577806
          ],
          [
            -84.43707297596504,
            42.25469843673971
          ]
        ]
      }
    },
    {
      "type": "Feature",
      "properties": {
        "OBJECTID": 693321,
        "FCC": "A31",
        "RDNAME": "Wildwood Ave",
        "FRADDL": 0,
        "TOADDL": 0,
        "FRADDR": 0,
        "TOADDR": 0,
        "ZIPL": 49202,
        "ZIPR": 49202,
        "FEDIRP": " ",
        "NAME": "Wildwood",
        "FETYPE": "Ave",
        "FEDIRS": " ",
        "FEDIRP2": " ",
        "NAME2": " ",
        "FETYPE2": " ",
        "FEDIRS2": " ",
        "FEDIRP3": " ",
        "NAME3": " ",
        "FETYPE3": " ",
        "FEDIRS3": " ",
        "FMCDL": 8760,
        "FMCDR": 8760,
        "COUNTYL": 75,
        "COUNTYR": 75,
        "NFC": 4,
        "RU_L": 3,
        "RU_R": 3,
        "PR": 900204,
        "BMP": 1.235,
        "EMP": 1.309,
        "BPT": "38006098",
        "EPT": "38006173",
        "LRS_LINK": " 9002043800609838006173",
        "LENGTH": 118.05980974,
        "VER": "17a",
        "ADJ_CNTY": 0,
        "LEGALSYSTEM": 2,
        "ShapeSTLength": 118.05984652704869,
        "PAVENTRA_SEGMENT_ID": "BLK-132-9002043800609838006173"
      },
      "geometry": {
        "type": "LineString",
        "coordinates": [
          [
            -84.4382605476819,
            42.254711231018156
          ],
          [
            -84.43826027925786,
            42.25470215632804
          ],
          [
            -84.43826042019,
            42.254692957679055
          ],
          [
            -84.43826081893926,
            42.25468368158354
          ],
          [
            -84.43826132398965,
            42.2546743736532
          ],
          [
            -84.43826178137817,
            42.25466508036626
          ],
          [
            -84.43826203839978,
            42.25465584641689
          ],
          [
            -84.43826194470496,
            42.254646719234934
          ],
          [
            -84.43826134516473,
            42.254637743480544
          ],
          [
            -84.43826008945267,
            42.254628965683054
          ],
          [
            -84.43825802362913,
            42.25462043142003
          ],
          [
            -84.43825499615569,
            42.254612187203755
          ],
          [
            -84.43825072766433,
            42.2546041093024
          ],
          [
            -84.43824508012094,
            42.254596094887376
          ],
          [
            -84.43823820335692,
            42.25458830730539
          ],
          [
            -84.43823024471052,
            42.25458091257058
          ],
          [
            -84.43822135394389,
            42.25457407673107
          ],
          [
            -84.43821167965284,
            42.254567964017106
          ],
          [
            -84.43820136917502,
            42.25456274044274
          ],
          [
            -84.43819057366761,
            42.254558564869676
          ],
          [
            -84.43817961474535,
            42.25455485450629
          ],
          [
            -84.43816864585239,
            42.25455115481113
          ],
          [
            -84.43815766824663,
            42.25454746400027
          ],
          [
            -84.43814668071605,
            42.254543782056665
          ],
          [
            -84.43813568566178,
            42.25454010991482
          ],
          [
            -84.43812468191773,
            42.25453644575688
          ],
          [
            -84.43811366943798,
            42.254532791383646
          ],
          [
            -84.43810264948041,
            42.25452914501132
          ],
          [
            -84.43809162083305,
            42.25452550662282
          ],
          [
            -84.43808058468501,
            42.25452187713563
          ],
          [
            -84.43806953984708,
            42.25451825563228
          ],
          [
            -84.43805848753142,
            42.25451464212975
          ],
          [
            -84.43804742773797,
            42.254511036628124
          ],
          [
            -84.43803636046677,
            42.254507439127345
          ],
          [
            -84.43802528695284,
            42.25450384874396
          ],
          [
            -84.43801420474901,
            42.25450026634443
          ],
          [
            -84.43800311632542,
            42.2544966901618
          ],
          [
            -84.43799202042403,
            42.25449312198012
          ],
          [
            -84.43798091827993,
            42.25448956091575
          ],
          [
            -84.43796980991594,
            42.25448600606845
          ],
          [
            -84.4379586953093,
            42.2544824583385
          ],
          [
            -84.43794757327069,
            42.254478916808466
          ],
          [
            -84.43793644620146,
            42.2544753824129
          ],
          [
            -84.43792531172322,
            42.254471853316765
          ],
          [
            -84.43791417221436,
            42.25446833135512
          ],
          [
            -84.4379030277207,
            42.25446481472698
          ],
          [
            -84.43789187703013,
            42.254461303415304
          ],
          [
            -84.43788072011972,
            42.25445779832061
          ],
          [
            -84.43786955820164,
            42.25445429945986
          ],
          [
            -84.43785839132167,
            42.254450805032185
          ],
          [
            -84.43784722066903,
            42.25444731595508
          ],
          [
            -84.43783604381943,
            42.25444383219443
          ],
          [
            -84.43782486198508,
            42.254440353767336
          ],
          [
            -84.43781367518889,
            42.254436879773266
          ],
          [
            -84.43780248464287,
            42.254433410229296
          ],
          [
            -84.43779129034715,
            42.2544299451354
          ],
          [
            -84.43778009108954,
            42.25442648447457
          ],
          [
            -84.43776888808213,
            42.25442302826381
          ],
          [
            -84.43775768134793,
            42.25441957560265
          ],
          [
            -84.43774646965181,
            42.254416127374576
          ],
          [
            -84.43773525544101,
            42.254412682713166
          ],
          [
            -84.43772403748041,
            42.25440924250182
          ],
          [
            -84.43771281702796,
            42.25440580495667
          ],
          [
            -84.43770159163665,
            42.25440237094412
          ],
          [
            -84.43769036496559,
            42.25439893961479
          ],
          [
            -84.4376791345677,
            42.25439551183512
          ],
          [
            -84.43766790046591,
            42.25439208670455
          ],
          [
            -84.43765666508442,
            42.25438866425722
          ],
          [
            -84.43764542597607,
            42.25438524535951
          ],
          [
            -84.43763418561097,
            42.25438182824459
          ],
          [
            -84.437622942777,
            42.254378412895406
          ],
          [
            -84.4376116974512,
            42.25437500021241
          ],
          [
            -84.43760045086867,
            42.25437158931219
          ],
          [
            -84.43758920179428,
            42.25436818107817
          ],
          [
            -84.43757795148603,
            42.254364773726444
          ],
          [
            -84.437566698709,
            42.254361368140486
          ],
          [
            -84.43755544588728,
            42.254357964354305
          ],
          [
            -84.4375441906196,
            42.254354561433395
          ],
          [
            -84.43753293530725,
            42.25435116031228
          ],
          [
            -84.43752167878401,
            42.254347759173044
          ],
          [
            -84.43751042100403,
            42.254344359816564
          ],
          [
            -84.43749916322521,
            42.254340960458975
          ],
          [
            -84.43748790421257,
            42.25433756198374
          ],
          [
            -84.43747664517822,
            42.254334164407815
          ],
          [
            -84.437465386168,
            42.25433076593027
          ],
          [
            -84.43745412592394,
            42.2543273683351
          ],
          [
            -84.43744286689319,
            42.254323970755856
          ],
          [
            -84.43743160665156,
            42.25432057315843
          ],
          [
            -84.43742034764617,
            42.25431717467653
          ],
          [
            -84.43740908985406,
            42.254313776210516
          ],
          [
            -84.43739783208616,
            42.25431037684293
          ],
          [
            -84.43738657434236,
            42.25430697657378
          ],
          [
            -84.43737531783484,
            42.254303575420124
          ],
          [
            -84.43736406254058,
            42.25430017428239
          ],
          [
            -84.43735280852849,
            42.25429677045921
          ],
          [
            -84.43734155572974,
            42.25429336665198
          ],
          [
            -84.43733030421309,
            42.25428996015927
          ],
          [
            -84.4373190539327,
            42.25428655278204
          ],
          [
            -84.43730780614652,
            42.254283142736426
          ],
          [
            -84.43729655959666,
            42.25427973180629
          ],
          [
            -84.43728531554099,
            42.254276318207786
          ],
          [
            -84.43727407274454,
            42.25427290282425
          ],
          [
            -84.43726283244233,
            42.25426948477234
          ],
          [
            -84.43725159463435,
            42.254266064052
          ],
          [
            -84.43724036050976,
            42.254262641580794
          ],
          [
            -84.43722912769029,
            42.25425921552367
          ],
          [
            -84.43721789860011,
            42.254255785914765
          ],
          [
            -84.4372066719812,
            42.2542523545379
          ],
          [
            -84.43719544790247,
            42.25424891869171
          ],
          [
            -84.43718422874213,
            42.254245480211246
          ],
          [
            -84.43717301088695,
            42.25424203814489
          ],
          [
            -84.43716179797313,
            42.254238592543764
          ],
          [
            -84.4371505888116,
            42.25423514249035
          ],
          [
            -84.4371393833793,
            42.25423168888512
          ],
          [
            -84.43712818167634,
            42.254228231728135
          ],
          [
            -84.43711698374857,
            42.25422476921839
          ],
          [
            -84.43710578955013,
            42.25422130315689
          ],
          [
            -84.43708556943744,
            42.25421502577806
          ]
        ]
      }
    },
    {
      "type": "Feature",
      "properties": {
        "OBJECTID": 693322,
        "FCC": "A32",
        "RDNAME": "Wildwood Ave",
        "FRADDL": 0,
        "TOADDL": 0,
        "FRADDR": 0,
        "TOADDR": 0,
        "ZIPL": 49202,
        "ZIPR": 49202,
        "FEDIRP": " ",
        "NAME": "Wildwood",
        "FETYPE": "Ave",
        "FEDIRS": " ",
        "FEDIRP2": " ",
        "NAME2": " ",
        "FETYPE2": " ",
        "FEDIRS2": " ",
        "FEDIRP3": " ",
        "NAME3": " ",
        "FETYPE3": " ",
        "FEDIRS3": " ",
        "FMCDL": 8760,
        "FMCDR": 8760,
        "COUNTYL": 75,
        "COUNTYR": 75,
        "NFC": 7,
        "RU_L": 3,
        "RU_R": 3,
        "PR": 3381722,
        "BMP": 0.0,
        "EMP": 0.101,
        "BPT": "38025597",
        "EPT": "38006173",
        "LRS_LINK": "33817223802559738006173",
        "LENGTH": 162.04411382,
        "VER": "17a",
        "ADJ_CNTY": 0,
        "LEGALSYSTEM": 2,
        "ShapeSTLength": 162.04418560469858,
        "PAVENTRA_SEGMENT_ID": "BLK-133-33817223802559738006173"
      },
      "geometry": {
        "type": "LineString",
        "coordinates": [
          [
            -84.43893703499371,
            42.25470289126272
          ],
          [
            -84.43708556943744,
            42.25421502577806
          ]
        ]
      }
    },
    {
      "type": "Feature",
      "properties": {
        "OBJECTID": 693359,
        "FCC": "A31",
        "RDNAME": "Wildwood Ave",
        "FRADDL": 3620,
        "TOADDL": 3400,
        "FRADDR": 3615,
        "TOADDR": 3401,
        "ZIPL": 49202,
        "ZIPR": 49202,
        "FEDIRP": " ",
        "NAME": "Wildwood",
        "FETYPE": "Ave",
        "FEDIRS": " ",
        "FEDIRP2": " ",
        "NAME2": " ",
        "FETYPE2": " ",
        "FEDIRS2": " ",
        "FEDIRP3": " ",
        "NAME3": " ",
        "FETYPE3": " ",
        "FEDIRS3": " ",
        "FMCDL": 8760,
        "FMCDR": 8760,
        "COUNTYL": 75,
        "COUNTYR": 75,
        "NFC": 3,
        "RU_L": 3,
        "RU_R": 3,
        "PR": 900204,
        "BMP": 0.02,
        "EMP": 0.501,
        "BPT": "38006182",
        "EPT": "38006137",
        "LRS_LINK": " 9002043800618238006137",
        "LENGTH": 774.49423499,
        "VER": "17a",
        "ADJ_CNTY": 0,
        "LEGALSYSTEM": 2,
        "ShapeSTLength": 774.4943129149271,
        "PAVENTRA_SEGMENT_ID": "BLK-134-9002043800618238006137"
      },
      "geometry": {
        "type": "LineString",
        "coordinates": [
          [
            -84.46187085416558,
            42.25448642873305
          ],
          [
            -84.4617912091503,
            42.25458408265677
          ],
          [
            -84.46136391885977,
            42.25470213220507
          ],
          [
            -84.46116494047489,
            42.25471016013357
          ],
          [
            -84.46084685251434,
            42.2547206715014
          ],
          [
            -84.4525847901291,
            42.25471236861472
          ]
        ]
      }
    },
    {
      "type": "Feature",
      "properties": {
        "OBJECTID": 693377,
        "FCC": "A31",
        "RDNAME": "W Michigan Ave",
        "FRADDL": 4856,
        "TOADDL": 4800,
        "FRADDR": 4855,
        "TOADDR": 4801,
        "ZIPL": 49201,
        "ZIPR": 49201,
        "FEDIRP": "W",
        "NAME": "Michigan",
        "FETYPE": "Ave",
        "FEDIRS": " ",
        "FEDIRP2": " ",
        "NAME2": " ",
        "FETYPE2": " ",
        "FEDIRS2": " ",
        "FEDIRP3": " ",
        "NAME3": " ",
        "FETYPE3": " ",
        "FEDIRS3": " ",
        "FMCDL": 8760,
        "FMCDR": 8760,
        "COUNTYL": 75,
        "COUNTYR": 75,
        "NFC": 5,
        "RU_L": 3,
        "RU_R": 3,
        "PR": 897207,
        "BMP": 11.884,
        "EMP": 12.034,
        "BPT": "38006180",
        "EPT": "38006175",
        "LRS_LINK": " 8972073800618038006175",
        "LENGTH": 241.80874431,
        "VER": "17a",
        "ADJ_CNTY": 0,
        "LEGALSYSTEM": 2,
        "ShapeSTLength": 241.8087649431042,
        "PAVENTRA_SEGMENT_ID": "BLK-135-8972073800618038006175"
      },
      "geometry": {
        "type": "LineString",
        "coordinates": [
          [
            -84.48327912818156,
            42.254730199029346
          ],
          [
            -84.48111041609663,
            42.254811097088755
          ],
          [
            -84.48035046942134,
            42.25482014660062
          ]
        ]
      }
    },
    {
      "type": "Feature",
      "properties": {
        "OBJECTID": 693378,
        "FCC": "A31",
        "RDNAME": "Blackman Rd",
        "FRADDL": 2,
        "TOADDL": 78,
        "FRADDR": 3,
        "TOADDR": 79,
        "ZIPL": 49201,
        "ZIPR": 49201,
        "FEDIRP": " ",
        "NAME": "Blackman",
        "FETYPE": "Rd",
        "FEDIRS": " ",
        "FEDIRP2": " ",
        "NAME2": " ",
        "FETYPE2": " ",
        "FEDIRS2": " ",
        "FEDIRP3": " ",
        "NAME3": " ",
        "FETYPE3": " ",
        "FEDIRS3": " ",
        "FMCDL": 71500,
        "FMCDR": 8760,
        "COUNTYL": 75,
        "COUNTYR": 75,
        "NFC": 5,
        "RU_L": 3,
        "RU_R": 3,
        "PR": 904809,
        "BMP": 0.0,
        "EMP": 0.016,
        "BPT": "38006180",
        "EPT": "38006144",
        "LRS_LINK": " 9048093800618038006144",
        "LENGTH": 25.52114067,
        "VER": "17a",
        "ADJ_CNTY": 0,
        "LEGALSYSTEM": 2,
        "ShapeSTLength": 25.521166254111506,
        "PAVENTRA_SEGMENT_ID": "BLK-136-9048093800618038006144"
      },
      "geometry": {
        "type": "LineString",
        "coordinates": [
          [
            -84.48327912818156,
            42.254730199029346
          ],
          [
            -84.48326864388383,
            42.254959916750835
          ]
        ]
      }
    },
    {
      "type": "Feature",
      "properties": {
        "OBJECTID": 693493,
        "FCC": "A31",
        "RDNAME": "Wildwood Ave",
        "FRADDL": 0,
        "TOADDL": 0,
        "FRADDR": 0,
        "TOADDR": 0,
        "ZIPL": 49202,
        "ZIPR": 49202,
        "FEDIRP": " ",
        "NAME": "Wildwood",
        "FETYPE": "Ave",
        "FEDIRS": " ",
        "FEDIRP2": " ",
        "NAME2": " ",
        "FETYPE2": " ",
        "FEDIRS2": " ",
        "FEDIRP3": " ",
        "NAME3": " ",
        "FETYPE3": " ",
        "FEDIRS3": " ",
        "FMCDL": 8760,
        "FMCDR": 8760,
        "COUNTYL": 75,
        "COUNTYR": 75,
        "NFC": 3,
        "RU_L": 3,
        "RU_R": 3,
        "PR": 900204,
        "BMP": 0.0,
        "EMP": 0.02,
        "BPT": "38006204",
        "EPT": "38006182",
        "LRS_LINK": " 9002043800620438006182",
        "LENGTH": 31.85924794,
        "VER": "17a",
        "ADJ_CNTY": 0,
        "LEGALSYSTEM": 2,
        "ShapeSTLength": 31.85917604239005,
        "PAVENTRA_SEGMENT_ID": "BLK-137-9002043800620438006182"
      },
      "geometry": {
        "type": "LineString",
        "coordinates": [
          [
            -84.46206195679981,
            42.25423708118501
          ],
          [
            -84.46187085416558,
            42.25448642873305
          ]
        ]
      }
    },
    {
      "type": "Feature",
      "properties": {
        "OBJECTID": 693494,
        "FCC": "A21",
        "RDNAME": "W Michigan Ave",
        "FRADDL": 0,
        "TOADDL": 0,
        "FRADDR": 0,
        "TOADDR": 0,
        "ZIPL": 49202,
        "ZIPR": 49202,
        "FEDIRP": "W",
        "NAME": "Michigan",
        "FETYPE": "Ave",
        "FEDIRS": " ",
        "FEDIRP2": " ",
        "NAME2": "I 94 BL",
        "FETYPE2": " ",
        "FEDIRS2": " ",
        "FEDIRP3": " ",
        "NAME3": " ",
        "FETYPE3": " ",
        "FEDIRS3": " ",
        "FMCDL": 8760,
        "FMCDR": 8760,
        "COUNTYL": 75,
        "COUNTYR": 75,
        "NFC": 3,
        "RU_L": 3,
        "RU_R": 3,
        "PR": 897207,
        "BMP": 12.885,
        "EMP": 12.976,
        "BPT": "38006174",
        "EPT": "38006204",
        "LRS_LINK": " 8972073800617438006204",
        "LENGTH": 145.83557659,
        "VER": "17a",
        "ADJ_CNTY": 0,
        "LEGALSYSTEM": 1,
        "ShapeSTLength": 145.835554932156,
        "PAVENTRA_SEGMENT_ID": "BLK-138-8972073800617438006204"
      },
      "geometry": {
        "type": "LineString",
        "coordinates": [
          [
            -84.4637549070283,
            42.254615509304884
          ],
          [
            -84.463430181721,
            42.25454714021608
          ],
          [
            -84.46206195679981,
            42.25423708118501
          ]
        ]
      }
    },
    {
      "type": "Feature",
      "properties": {
        "OBJECTID": 693505,
        "FCC": "A41",
        "RDNAME": "E Laird St",
        "FRADDL": 0,
        "TOADDL": 0,
        "FRADDR": 0,
        "TOADDR": 0,
        "ZIPL": 49202,
        "ZIPR": 49202,
        "FEDIRP": "E",
        "NAME": "Laird",
        "FETYPE": "St",
        "FEDIRS": " ",
        "FEDIRP2": " ",
        "NAME2": " ",
        "FETYPE2": " ",
        "FEDIRS2": " ",
        "FEDIRP3": " ",
        "NAME3": " ",
        "FETYPE3": " ",
        "FEDIRS3": " ",
        "FMCDL": 8760,
        "FMCDR": 8760,
        "COUNTYL": 75,
        "COUNTYR": 75,
        "NFC": 0,
        "RU_L": 3,
        "RU_R": 3,
        "PR": 3380811,
        "BMP": 0.16,
        "EMP": 0.191,
        "BPT": "38006208",
        "EPT": "38006156",
        "LRS_LINK": "33808113800620838006156",
        "LENGTH": 49.31606062,
        "VER": "17a",
        "ADJ_CNTY": 0,
        "LEGALSYSTEM": 0,
        "ShapeSTLength": 49.31605933081028,
        "PAVENTRA_SEGMENT_ID": "BLK-139-33808113800620838006156"
      },
      "geometry": {
        "type": "LineString",
        "coordinates": [
          [
            -84.46567314642083,
            42.25426374793022
          ],
          [
            -84.46568444279325,
            42.25470782110147
          ]
        ]
      }
    },
    {
      "type": "Feature",
      "properties": {
        "OBJECTID": 693509,
        "FCC": "A41",
        "RDNAME": "N Laird St",
        "FRADDL": 0,
        "TOADDL": 0,
        "FRADDR": 0,
        "TOADDR": 0,
        "ZIPL": 49202,
        "ZIPR": 49202,
        "FEDIRP": "N",
        "NAME": "Laird",
        "FETYPE": "St",
        "FEDIRS": " ",
        "FEDIRP2": " ",
        "NAME2": " ",
        "FETYPE2": " ",
        "FEDIRS2": " ",
        "FEDIRP3": " ",
        "NAME3": " ",
        "FETYPE3": " ",
        "FEDIRS3": " ",
        "FMCDL": 8760,
        "FMCDR": 8760,
        "COUNTYL": 75,
        "COUNTYR": 75,
        "NFC": 0,
        "RU_L": 3,
        "RU_R": 3,
        "PR": 3380812,
        "BMP": 0.023,
        "EMP": 0.055,
        "BPT": "38021674",
        "EPT": "38006208",
        "LRS_LINK": "33808123802167438006208",
        "LENGTH": 51.69143195,
        "VER": "17a",
        "ADJ_CNTY": 0,
        "LEGALSYSTEM": 0,
        "ShapeSTLength": 51.69138941448566,
        "PAVENTRA_SEGMENT_ID": "BLK-140-33808123802167438006208"
      },
      "geometry": {
        "type": "LineString",
        "coordinates": [
          [
            -84.46629979310754,
            42.254266620423365
          ],
          [
            -84.46567314642083,
            42.25426374793022
          ]
        ]
      }
    },
    {
      "type": "Feature",
      "properties": {
        "OBJECTID": 693510,
        "FCC": "A41",
        "RDNAME": "Buhl",
        "FRADDL": 36,
        "TOADDL": 33,
        "FRADDR": 32,
        "TOADDR": 29,
        "ZIPL": 49202,
        "ZIPR": 49202,
        "FEDIRP": " ",
        "NAME": "Buhl",
        "FETYPE": " ",
        "FEDIRS": " ",
        "FEDIRP2": " ",
        "NAME2": " ",
        "FETYPE2": " ",
        "FEDIRS2": " ",
        "FEDIRP3": " ",
        "NAME3": " ",
        "FETYPE3": " ",
        "FEDIRS3": " ",
        "FMCDL": 8760,
        "FMCDR": 8760,
        "COUNTYL": 75,
        "COUNTYR": 75,
        "NFC": 0,
        "RU_L": 3,
        "RU_R": 3,
        "PR": 3381669,
        "BMP": 0.0,
        "EMP": 0.031,
        "BPT": "38021673",
        "EPT": "38021674",
        "LRS_LINK": "33816693802167338021674",
        "LENGTH": 49.62477029,
        "VER": "17a",
        "ADJ_CNTY": 0,
        "LEGALSYSTEM": 0,
        "ShapeSTLength": 49.62477237640491,
        "PAVENTRA_SEGMENT_ID": "BLK-141-33816693802167338021674"
      },
      "geometry": {
        "type": "LineString",
        "coordinates": [
          [
            -84.46629485244544,
            42.25471353814938
          ],
          [
            -84.46629979310754,
            42.254266620423365
          ]
        ]
      }
    },
    {
      "type": "Feature",
      "properties": {
        "OBJECTID": 693512,
        "FCC": "A41",
        "RDNAME": "N Laird St",
        "FRADDL": 0,
        "TOADDL": 0,
        "FRADDR": 0,
        "TOADDR": 0,
        "ZIPL": 49202,
        "ZIPR": 49202,
        "FEDIRP": "N",
        "NAME": "Laird",
        "FETYPE": "St",
        "FEDIRS": " ",
        "FEDIRP2": " ",
        "NAME2": " ",
        "FETYPE2": " ",
        "FEDIRS2": " ",
        "FEDIRP3": " ",
        "NAME3": " ",
        "FETYPE3": " ",
        "FEDIRS3": " ",
        "FMCDL": 8760,
        "FMCDR": 8760,
        "COUNTYL": 75,
        "COUNTYR": 75,
        "NFC": 0,
        "RU_L": 3,
        "RU_R": 3,
        "PR": 3380812,
        "BMP": 0.0,
        "EMP": 0.023,
        "BPT": "38006206",
        "EPT": "38021674",
        "LRS_LINK": "33808123800620638021674",
        "LENGTH": 37.04453656,
        "VER": "17a",
        "ADJ_CNTY": 0,
        "LEGALSYSTEM": 0,
        "ShapeSTLength": 37.04455737217007,
        "PAVENTRA_SEGMENT_ID": "BLK-142-33808123800620638021674"
      },
      "geometry": {
        "type": "LineString",
        "coordinates": [
          [
            -84.4667488785427,
            42.25426867806933
          ],
          [
            -84.46629979310754,
            42.254266620423365
          ]
        ]
      }
    },
    {
      "type": "Feature",
      "properties": {
        "OBJECTID": 693513,
        "FCC": "A41",
        "RDNAME": "W Laird St",
        "FRADDL": 0,
        "TOADDL": 0,
        "FRADDR": 0,
        "TOADDR": 0,
        "ZIPL": 49202,
        "ZIPR": 49202,
        "FEDIRP": "W",
        "NAME": "Laird",
        "FETYPE": "St",
        "FEDIRS": " ",
        "FEDIRP2": " ",
        "NAME2": " ",
        "FETYPE2": " ",
        "FEDIRS2": " ",
        "FEDIRP3": " ",
        "NAME3": " ",
        "FETYPE3": " ",
        "FEDIRS3": " ",
        "FMCDL": 8760,
        "FMCDR": 8760,
        "COUNTYL": 75,
        "COUNTYR": 75,
        "NFC": 0,
        "RU_L": 3,
        "RU_R": 3,
        "PR": 3380811,
        "BMP": 0.0,
        "EMP": 0.031,
        "BPT": "38006158",
        "EPT": "38006206",
        "LRS_LINK": "33808113800615838006206",
        "LENGTH": 49.86577628,
        "VER": "17a",
        "ADJ_CNTY": 0,
        "LEGALSYSTEM": 0,
        "ShapeSTLength": 49.86574668306893,
        "PAVENTRA_SEGMENT_ID": "BLK-143-33808113800615838006206"
      },
      "geometry": {
        "type": "LineString",
        "coordinates": [
          [
            -84.46674794956313,
            42.254717780604615
          ],
          [
            -84.4667488785427,
            42.25426867806933
          ]
        ]
      }
    },
    {
      "type": "Feature",
      "properties": {
        "OBJECTID": 693515,
        "FCC": "A32",
        "RDNAME": "Winifred St",
        "FRADDL": 500,
        "TOADDL": 598,
        "FRADDR": 501,
        "TOADDR": 599,
        "ZIPL": 49202,
        "ZIPR": 49202,
        "FEDIRP": " ",
        "NAME": "Winifred",
        "FETYPE": "St",
        "FEDIRS": " ",
        "FEDIRP2": " ",
        "NAME2": " ",
        "FETYPE2": " ",
        "FEDIRS2": " ",
        "FEDIRP3": " ",
        "NAME3": " ",
        "FETYPE3": " ",
        "FEDIRS3": " ",
        "FMCDL": 8760,
        "FMCDR": 8760,
        "COUNTYL": 75,
        "COUNTYR": 75,
        "NFC": 7,
        "RU_L": 3,
        "RU_R": 3,
        "PR": 914207,
        "BMP": 0.0,
        "EMP": 0.059,
        "BPT": "38006199",
        "EPT": "38006089",
        "LRS_LINK": " 9142073800619938006089",
        "LENGTH": 94.83788782,
        "VER": "17a",
        "ADJ_CNTY": 0,
        "LEGALSYSTEM": 3,
        "ShapeSTLength": 94.83791779768258,
        "PAVENTRA_SEGMENT_ID": "BLK-144-9142073800619938006089"
      },
      "geometry": {
        "type": "LineString",
        "coordinates": [
          [
            -84.43587684763604,
            42.25383710096605
          ],
          [
            -84.43591156425359,
            42.25469084555769
          ]
        ]
      }
    },
    {
      "type": "Feature",
      "properties": {
        "OBJECTID": 693516,
        "FCC": "A31",
        "RDNAME": "Wildwood Ave",
        "FRADDL": 1898,
        "TOADDL": 1800,
        "FRADDR": 1899,
        "TOADDR": 1801,
        "ZIPL": 49202,
        "ZIPR": 49202,
        "FEDIRP": " ",
        "NAME": "Wildwood",
        "FETYPE": "Ave",
        "FEDIRS": " ",
        "FEDIRP2": " ",
        "NAME2": " ",
        "FETYPE2": " ",
        "FEDIRS2": " ",
        "FEDIRP3": " ",
        "NAME3": " ",
        "FETYPE3": " ",
        "FEDIRS3": " ",
        "FMCDL": 8760,
        "FMCDR": 8760,
        "COUNTYL": 75,
        "COUNTYR": 75,
        "NFC": 4,
        "RU_L": 3,
        "RU_R": 3,
        "PR": 900204,
        "BMP": 1.309,
        "EMP": 1.376,
        "BPT": "38006173",
        "EPT": "38006199",
        "LRS_LINK": " 9002043800617338006199",
        "LENGTH": 108.1750748,
        "VER": "17a",
        "ADJ_CNTY": 0,
        "LEGALSYSTEM": 2,
        "ShapeSTLength": 108.17506266011588,
        "PAVENTRA_SEGMENT_ID": "BLK-145-9002043800617338006199"
      },
      "geometry": {
        "type": "LineString",
        "coordinates": [
          [
            -84.43708556943744,
            42.25421502577806
          ],
          [
            -84.43587684763604,
            42.25383710096605
          ]
        ]
      }
    },
    {
      "type": "Feature",
      "properties": {
        "OBJECTID": 693639,
        "FCC": "A41",
        "RDNAME": "E Laird St",
        "FRADDL": 0,
        "TOADDL": 0,
        "FRADDR": 0,
        "TOADDR": 0,
        "ZIPL": 49202,
        "ZIPR": 49202,
        "FEDIRP": "E",
        "NAME": "Laird",
        "FETYPE": "St",
        "FEDIRS": " ",
        "FEDIRP2": " ",
        "NAME2": " ",
        "FETYPE2": " ",
        "FEDIRS2": " ",
        "FEDIRP3": " ",
        "NAME3": " ",
        "FETYPE3": " ",
        "FEDIRS3": " ",
        "FMCDL": 8760,
        "FMCDR": 8760,
        "COUNTYL": 75,
        "COUNTYR": 75,
        "NFC": 0,
        "RU_L": 3,
        "RU_R": 3,
        "PR": 3380811,
        "BMP": 0.143,
        "EMP": 0.16,
        "BPT": "38021676",
        "EPT": "38006208",
        "LRS_LINK": "33808113802167638006208",
        "LENGTH": 26.87711841,
        "VER": "17a",
        "ADJ_CNTY": 0,
        "LEGALSYSTEM": 0,
        "ShapeSTLength": 26.877134487329556,
        "PAVENTRA_SEGMENT_ID": "BLK-146-33808113802167638006208"
      },
      "geometry": {
        "type": "LineString",
        "coordinates": [
          [
            -84.46566784609828,
            42.25402171791608
          ],
          [
            -84.46567314642083,
            42.25426374793022
          ]
        ]
      }
    },
    {
      "type": "Feature",
      "properties": {
        "OBJECTID": 693645,
        "FCC": "A41",
        "RDNAME": "Culver",
        "FRADDL": 13,
        "TOADDL": 19,
        "FRADDR": 12,
        "TOADDR": 20,
        "ZIPL": 49202,
        "ZIPR": 49202,
        "FEDIRP": " ",
        "NAME": "Culver",
        "FETYPE": " ",
        "FEDIRS": " ",
        "FEDIRP2": " ",
        "NAME2": " ",
        "FETYPE2": " ",
        "FEDIRS2": " ",
        "FEDIRP3": " ",
        "NAME3": " ",
        "FETYPE3": " ",
        "FEDIRS3": " ",
        "FMCDL": 8760,
        "FMCDR": 8760,
        "COUNTYL": 75,
        "COUNTYR": 75,
        "NFC": 0,
        "RU_L": 3,
        "RU_R": 3,
        "PR": 3381670,
        "BMP": 0.0,
        "EMP": 0.056,
        "BPT": "38021675",
        "EPT": "38021676",
        "LRS_LINK": "33816703802167538021676",
        "LENGTH": 90.38385204,
        "VER": "17a",
        "ADJ_CNTY": 0,
        "LEGALSYSTEM": 0,
        "ShapeSTLength": 90.3838166545317,
        "PAVENTRA_SEGMENT_ID": "BLK-147-33816703802167538021676"
      },
      "geometry": {
        "type": "LineString",
        "coordinates": [
          [
            -84.46676345994304,
            42.25401009703902
          ],
          [
            -84.46566784609828,
            42.25402171791608
          ]
        ]
      }
    },
    {
      "type": "Feature",
      "properties": {
        "OBJECTID": 693646,
        "FCC": "A41",
        "RDNAME": "W Laird St",
        "FRADDL": 0,
        "TOADDL": 0,
        "FRADDR": 0,
        "TOADDR": 0,
        "ZIPL": 49202,
        "ZIPR": 49202,
        "FEDIRP": "W",
        "NAME": "Laird",
        "FETYPE": "St",
        "FEDIRS": " ",
        "FEDIRP2": " ",
        "NAME2": " ",
        "FETYPE2": " ",
        "FEDIRS2": " ",
        "FEDIRP3": " ",
        "NAME3": " ",
        "FETYPE3": " ",
        "FEDIRS3": " ",
        "FMCDL": 8760,
        "FMCDR": 8760,
        "COUNTYL": 75,
        "COUNTYR": 75,
        "NFC": 0,
        "RU_L": 3,
        "RU_R": 3,
        "PR": 3380811,
        "BMP": 0.031,
        "EMP": 0.049,
        "BPT": "38006206",
        "EPT": "38021675",
        "LRS_LINK": "33808113800620638021675",
        "LENGTH": 28.73646903,
        "VER": "17a",
        "ADJ_CNTY": 0,
        "LEGALSYSTEM": 0,
        "ShapeSTLength": 28.73648838480443,
        "PAVENTRA_SEGMENT_ID": "BLK-148-33808113800620638021675"
      },
      "geometry": {
        "type": "LineString",
        "coordinates": [
          [
            -84.4667488785427,
            42.25426867806933
          ],
          [
            -84.46676345994304,
            42.25401009703902
          ]
        ]
      }
    },
    {
      "type": "Feature",
      "properties": {
        "OBJECTID": 693655,
        "FCC": "A31",
        "RDNAME": "Wildwood Ave",
        "FRADDL": 1720,
        "TOADDL": 1708,
        "FRADDR": 1721,
        "TOADDR": 1709,
        "ZIPL": 49202,
        "ZIPR": 49202,
        "FEDIRP": " ",
        "NAME": "Wildwood",
        "FETYPE": "Ave",
        "FEDIRS": " ",
        "FEDIRP2": " ",
        "NAME2": " ",
        "FETYPE2": " ",
        "FEDIRS2": " ",
        "FEDIRP3": " ",
        "NAME3": " ",
        "FETYPE3": " ",
        "FEDIRS3": " ",
        "FMCDL": 8760,
        "FMCDR": 8760,
        "COUNTYL": 75,
        "COUNTYR": 75,
        "NFC": 4,
        "RU_L": 3,
        "RU_R": 3,
        "PR": 900204,
        "BMP": 1.376,
        "EMP": 1.43,
        "BPT": "38006199",
        "EPT": "38025619",
        "LRS_LINK": " 9002043800619938025619",
        "LENGTH": 86.76120677,
        "VER": "17a",
        "ADJ_CNTY": 0,
        "LEGALSYSTEM": 2,
        "ShapeSTLength": 86.76119107002853,
        "PAVENTRA_SEGMENT_ID": "BLK-149-9002043800619938025619"
      },
      "geometry": {
        "type": "LineString",
        "coordinates": [
          [
            -84.43587684763604,
            42.25383710096605
          ],
          [
            -84.43489682033348,
            42.25355339420008
          ]
        ]
      }
    },
    {
      "type": "Feature",
      "properties": {
        "OBJECTID": 693692,
        "FCC": "A32",
        "RDNAME": "Wayne St",
        "FRADDL": 500,
        "TOADDL": 598,
        "FRADDR": 501,
        "TOADDR": 599,
        "ZIPL": 49202,
        "ZIPR": 49202,
        "FEDIRP": " ",
        "NAME": "Wayne",
        "FETYPE": "St",
        "FEDIRS": " ",
        "FEDIRP2": " ",
        "NAME2": " ",
        "FETYPE2": " ",
        "FEDIRS2": " ",
        "FEDIRP3": " ",
        "NAME3": " ",
        "FETYPE3": " ",
        "FEDIRS3": " ",
        "FMCDL": 8760,
        "FMCDR": 8760,
        "COUNTYL": 75,
        "COUNTYR": 75,
        "NFC": 7,
        "RU_L": 3,
        "RU_R": 3,
        "PR": 914208,
        "BMP": 0.0,
        "EMP": 0.087,
        "BPT": "38006240",
        "EPT": "38006083",
        "LRS_LINK": " 9142083800624038006083",
        "LENGTH": 139.60788256,
        "VER": "17a",
        "ADJ_CNTY": 0,
        "LEGALSYSTEM": 3,
        "ShapeSTLength": 139.60783782768073,
        "PAVENTRA_SEGMENT_ID": "BLK-150-9142083800624038006083"
      },
      "geometry": {
        "type": "LineString",
        "coordinates": [
          [
            -84.43451162070873,
            42.25344188069756
          ],
          [
            -84.4345176598315,
            42.254699215962596
          ]
        ]
      }
    },
    {
      "type": "Feature",
      "properties": {
        "OBJECTID": 693693,
        "FCC": "A31",
        "RDNAME": "Wildwood Ave",
        "FRADDL": 1706,
        "TOADDL": 1700,
        "FRADDR": 1707,
        "TOADDR": 1701,
        "ZIPL": 49202,
        "ZIPR": 49202,
        "FEDIRP": " ",
        "NAME": "Wildwood",
        "FETYPE": "Ave",
        "FEDIRS": " ",
        "FEDIRP2": " ",
        "NAME2": " ",
        "FETYPE2": " ",
        "FEDIRS2": " ",
        "FEDIRP3": " ",
        "NAME3": " ",
        "FETYPE3": " ",
        "FEDIRS3": " ",
        "FMCDL": 8760,
        "FMCDR": 8760,
        "COUNTYL": 75,
        "COUNTYR": 75,
        "NFC": 4,
        "RU_L": 3,
        "RU_R": 3,
        "PR": 900204,
        "BMP": 1.43,
        "EMP": 1.451,
        "BPT": "38025619",
        "EPT": "38006240",
        "LRS_LINK": " 9002043802561938006240",
        "LENGTH": 34.10169507,
        "VER": "17a",
        "ADJ_CNTY": 0,
        "LEGALSYSTEM": 2,
        "ShapeSTLength": 34.101672930517644,
        "PAVENTRA_SEGMENT_ID": "BLK-151-9002043802561938006240"
      },
      "geometry": {
        "type": "LineString",
        "coordinates": [
          [
            -84.43489682033348,
            42.25355339420008
          ],
          [
            -84.43451162070873,
            42.25344188069756
          ]
        ]
      }
    },
    {
      "type": "Feature",
      "properties": {
        "OBJECTID": 693740,
        "FCC": "A41",
        "RDNAME": "W Laird St",
        "FRADDL": 0,
        "TOADDL": 0,
        "FRADDR": 0,
        "TOADDR": 0,
        "ZIPL": 49202,
        "ZIPR": 49202,
        "FEDIRP": "W",
        "NAME": "Laird",
        "FETYPE": "St",
        "FEDIRS": " ",
        "FEDIRP2": " ",
        "NAME2": " ",
        "FETYPE2": " ",
        "FEDIRS2": " ",
        "FEDIRP3": " ",
        "NAME3": " ",
        "FETYPE3": " ",
        "FEDIRS3": " ",
        "FMCDL": 8760,
        "FMCDR": 8760,
        "COUNTYL": 75,
        "COUNTYR": 75,
        "NFC": 0,
        "RU_L": 3,
        "RU_R": 3,
        "PR": 3380811,
        "BMP": 0.049,
        "EMP": 0.066,
        "BPT": "38021675",
        "EPT": "38006272",
        "LRS_LINK": "33808113802167538006272",
        "LENGTH": 27.08368852,
        "VER": "17a",
        "ADJ_CNTY": 0,
        "LEGALSYSTEM": 0,
        "ShapeSTLength": 27.083739904414973,
        "PAVENTRA_SEGMENT_ID": "BLK-152-33808113802167538006272"
      },
      "geometry": {
        "type": "LineString",
        "coordinates": [
          [
            -84.46676345994304,
            42.25401009703902
          ],
          [
            -84.46677720232265,
            42.25376638800078
          ]
        ]
      }
    },
    {
      "type": "Feature",
      "properties": {
        "OBJECTID": 693764,
        "FCC": "A41",
        "RDNAME": "E Laird St",
        "FRADDL": 0,
        "TOADDL": 0,
        "FRADDR": 0,
        "TOADDR": 0,
        "ZIPL": 49202,
        "ZIPR": 49202,
        "FEDIRP": "E",
        "NAME": "Laird",
        "FETYPE": "St",
        "FEDIRS": " ",
        "FEDIRP2": " ",
        "NAME2": " ",
        "FETYPE2": " ",
        "FEDIRS2": " ",
        "FEDIRP3": " ",
        "NAME3": " ",
        "FETYPE3": " ",
        "FEDIRS3": " ",
        "FMCDL": 8760,
        "FMCDR": 8760,
        "COUNTYL": 75,
        "COUNTYR": 75,
        "NFC": 0,
        "RU_L": 3,
        "RU_R": 3,
        "PR": 3380811,
        "BMP": 0.119,
        "EMP": 0.143,
        "BPT": "38006275",
        "EPT": "38021676",
        "LRS_LINK": "33808113800627538021676",
        "LENGTH": 38.77255385,
        "VER": "17a",
        "ADJ_CNTY": 0,
        "LEGALSYSTEM": 0,
        "ShapeSTLength": 38.772549948932046,
        "PAVENTRA_SEGMENT_ID": "BLK-153-33808113800627538021676"
      },
      "geometry": {
        "type": "LineString",
        "coordinates": [
          [
            -84.46577510416898,
            42.2537054407343
          ],
          [
            -84.46572037236447,
            42.25372822186566
          ],
          [
            -84.46569314934843,
            42.25375736877533
          ],
          [
            -84.46567442677174,
            42.25379975390474
          ],
          [
            -84.46566420219322,
            42.253855378124676
          ],
          [
            -84.46566784609828,
            42.25402171791608
          ]
        ]
      }
    },
    {
      "type": "Feature",
      "properties": {
        "OBJECTID": 693769,
        "FCC": "A41",
        "RDNAME": "S Laird St",
        "FRADDL": 0,
        "TOADDL": 0,
        "FRADDR": 0,
        "TOADDR": 0,
        "ZIPL": 49202,
        "ZIPR": 49202,
        "FEDIRP": "S",
        "NAME": "Laird",
        "FETYPE": "St",
        "FEDIRS": " ",
        "FEDIRP2": " ",
        "NAME2": " ",
        "FETYPE2": " ",
        "FEDIRS2": " ",
        "FEDIRP3": " ",
        "NAME3": " ",
        "FETYPE3": " ",
        "FEDIRS3": " ",
        "FMCDL": 8760,
        "FMCDR": 8760,
        "COUNTYL": 75,
        "COUNTYR": 75,
        "NFC": 0,
        "RU_L": 3,
        "RU_R": 3,
        "PR": 3380811,
        "BMP": 0.066,
        "EMP": 0.119,
        "BPT": "38006272",
        "EPT": "38006275",
        "LRS_LINK": "33808113800627238006275",
        "LENGTH": 86.30472021,
        "VER": "17a",
        "ADJ_CNTY": 0,
        "LEGALSYSTEM": 0,
        "ShapeSTLength": 86.30477030253047,
        "PAVENTRA_SEGMENT_ID": "BLK-154-33808113800627238006275"
      },
      "geometry": {
        "type": "LineString",
        "coordinates": [
          [
            -84.46677720232265,
            42.25376638800078
          ],
          [
            -84.46676448695102,
            42.25373444370944
          ],
          [
            -84.46673624686622,
            42.25371601202562
          ],
          [
            -84.46668798023435,
            42.253703864164834
          ],
          [
            -84.46577510416898,
            42.2537054407343
          ]
        ]
      }
    },
    {
      "type": "Feature",
      "properties": {
        "OBJECTID": 693797,
        "FCC": "A41",
        "RDNAME": "Carefree Dr",
        "FRADDL": 100,
        "TOADDL": 110,
        "FRADDR": 101,
        "TOADDR": 111,
        "ZIPL": 49202,
        "ZIPR": 49202,
        "FEDIRP": " ",
        "NAME": "Carefree",
        "FETYPE": "Dr",
        "FEDIRS": " ",
        "FEDIRP2": " ",
        "NAME2": "Franks",
        "FETYPE2": "Dr",
        "FEDIRS2": " ",
        "FEDIRP3": " ",
        "NAME3": " ",
        "FETYPE3": " ",
        "FEDIRS3": " ",
        "FMCDL": 8760,
        "FMCDR": 8760,
        "COUNTYL": 75,
        "COUNTYR": 75,
        "NFC": 0,
        "RU_L": 3,
        "RU_R": 3,
        "PR": 1792118,
        "BMP": 0.0,
        "EMP": 0.068,
        "BPT": "38006174",
        "EPT": "38006306",
        "LRS_LINK": "17921183800617438006306",
        "LENGTH": 110.10044383,
        "VER": "17a",
        "ADJ_CNTY": 0,
        "LEGALSYSTEM": 0,
        "ShapeSTLength": 110.10044213716856,
        "PAVENTRA_SEGMENT_ID": "BLK-155-17921183800617438006306"
      },
      "geometry": {
        "type": "LineString",
        "coordinates": [
          [
            -84.4637549070283,
            42.254615509304884
          ],
          [
            -84.4637935052887,
            42.25362433245133
          ]
        ]
      }
    },
    {
      "type": "Feature",
      "properties": {
        "OBJECTID": 693846,
        "FCC": "A12",
        "RDNAME": "M 60",
        "FRADDL": 0,
        "TOADDL": 0,
        "FRADDR": 0,
        "TOADDR": 0,
        "ZIPL": 49201,
        "ZIPR": 49201,
        "FEDIRP": " ",
        "NAME": "M 60",
        "FETYPE": " ",
        "FEDIRS": " ",
        "FEDIRP2": " ",
        "NAME2": " ",
        "FETYPE2": " ",
        "FEDIRS2": " ",
        "FEDIRP3": " ",
        "NAME3": " ",
        "FETYPE3": " ",
        "FEDIRS3": " ",
        "FMCDL": 8760,
        "FMCDR": 8760,
        "COUNTYL": 75,
        "COUNTYR": 75,
        "NFC": 2,
        "RU_L": 3,
        "RU_R": 3,
        "PR": 899801,
        "BMP": 1.976,
        "EMP": 2.056,
        "BPT": "38006285",
        "EPT": "38006162",
        "LRS_LINK": " 8998013800628538006162",
        "LENGTH": 128.17674212,
        "VER": "17a",
        "ADJ_CNTY": 0,
        "LEGALSYSTEM": 1,
        "ShapeSTLength": 128.17674249242722,
        "PAVENTRA_SEGMENT_ID": "BLK-156-8998013800628538006162"
      },
      "geometry": {
        "type": "LineString",
        "coordinates": [
          [
            -84.4763868584922,
            42.253724023431324
          ],
          [
            -84.47644797433597,
            42.2548775209288
          ]
        ]
      }
    },
    {
      "type": "Feature",
      "properties": {
        "OBJECTID": 693926,
        "FCC": "A12",
        "RDNAME": "M 60",
        "FRADDL": 0,
        "TOADDL": 0,
        "FRADDR": 0,
        "TOADDR": 0,
        "ZIPL": 49201,
        "ZIPR": 49201,
        "FEDIRP": " ",
        "NAME": "M 60",
        "FETYPE": " ",
        "FEDIRS": " ",
        "FEDIRP2": " ",
        "NAME2": " ",
        "FETYPE2": " ",
        "FEDIRS2": " ",
        "FEDIRP3": " ",
        "NAME3": " ",
        "FETYPE3": " ",
        "FEDIRS3": " ",
        "FMCDL": 8760,
        "FMCDR": 8760,
        "COUNTYL": 75,
        "COUNTYR": 75,
        "NFC": 2,
        "RU_L": 3,
        "RU_R": 3,
        "PR": 899802,
        "BMP": 2.073,
        "EMP": 2.163,
        "BPT": "38006278",
        "EPT": "38006159",
        "LRS_LINK": " 8998023800627838006159",
        "LENGTH": 144.75261859,
        "VER": "17a",
        "ADJ_CNTY": 0,
        "LEGALSYSTEM": 1,
        "ShapeSTLength": 144.7525914393245,
        "PAVENTRA_SEGMENT_ID": "BLK-157-8998023800627838006159"
      },
      "geometry": {
        "type": "LineString",
        "coordinates": [
          [
            -84.47601406155147,
            42.25359335408516
          ],
          [
            -84.47606992495308,
            42.254896370184724
          ]
        ]
      }
    },
    {
      "type": "Feature",
      "properties": {
        "OBJECTID": 693942,
        "FCC": "A21",
        "RDNAME": "W Michigan Ave",
        "FRADDL": 0,
        "TOADDL": 0,
        "FRADDR": 3799,
        "TOADDR": 3299,
        "ZIPL": 49202,
        "ZIPR": 49202,
        "FEDIRP": "W",
        "NAME": "Michigan",
        "FETYPE": "Ave",
        "FEDIRS": " ",
        "FEDIRP2": " ",
        "NAME2": "I 94 BL",
        "FETYPE2": " ",
        "FEDIRS2": " ",
        "FEDIRP3": " ",
        "NAME3": " ",
        "FETYPE3": " ",
        "FEDIRS3": " ",
        "FMCDL": 8760,
        "FMCDR": 8760,
        "COUNTYL": 75,
        "COUNTYR": 75,
        "NFC": 3,
        "RU_L": 3,
        "RU_R": 3,
        "PR": 897207,
        "BMP": 12.976,
        "EMP": 13.203,
        "BPT": "38006204",
        "EPT": "38006299",
        "LRS_LINK": " 8972073800620438006299",
        "LENGTH": 364.9169205,
        "VER": "17a",
        "ADJ_CNTY": 0,
        "LEGALSYSTEM": 1,
        "ShapeSTLength": 364.91692944471623,
        "PAVENTRA_SEGMENT_ID": "BLK-158-8972073800620438006299"
      },
      "geometry": {
        "type": "LineString",
        "coordinates": [
          [
            -84.46206195679981,
            42.25423708118501
          ],
          [
            -84.45781749973601,
            42.25331058545879
          ]
        ]
      }
    },
    {
      "type": "Feature",
      "properties": {
        "OBJECTID": 694088,
        "FCC": "A32",
        "RDNAME": "Condad Ave",
        "FRADDL": 561,
        "TOADDL": 501,
        "FRADDR": 560,
        "TOADDR": 500,
        "ZIPL": 49202,
        "ZIPR": 49202,
        "FEDIRP": " ",
        "NAME": "Condad",
        "FETYPE": "Ave",
        "FEDIRS": " ",
        "FEDIRP2": " ",
        "NAME2": " ",
        "FETYPE2": " ",
        "FEDIRS2": " ",
        "FEDIRP3": " ",
        "NAME3": " ",
        "FETYPE3": " ",
        "FEDIRS3": " ",
        "FMCDL": 8760,
        "FMCDR": 8760,
        "COUNTYL": 75,
        "COUNTYR": 75,
        "NFC": 7,
        "RU_L": 3,
        "RU_R": 3,
        "PR": 914118,
        "BMP": 0.0,
        "EMP": 0.12,
        "BPT": "38006117",
        "EPT": "38006332",
        "LRS_LINK": " 9141183800611738006332",
        "LENGTH": 192.65891789,
        "VER": "17a",
        "ADJ_CNTY": 0,
        "LEGALSYSTEM": 3,
        "ShapeSTLength": 192.65888324385668,
        "PAVENTRA_SEGMENT_ID": "BLK-159-9141183800611738006332"
      },
      "geometry": {
        "type": "LineString",
        "coordinates": [
          [
            -84.44527826975377,
            42.25470386655062
          ],
          [
            -84.44527151473928,
            42.252968739847795
          ]
        ]
      }
    },
    {
      "type": "Feature",
      "properties": {
        "OBJECTID": 694103,
        "FCC": "A32",
        "RDNAME": "Berkley Ave",
        "FRADDL": 0,
        "TOADDL": 0,
        "FRADDR": 0,
        "TOADDR": 0,
        "ZIPL": 49202,
        "ZIPR": 49202,
        "FEDIRP": " ",
        "NAME": "Berkley",
        "FETYPE": "Ave",
        "FEDIRS": " ",
        "FEDIRP2": " ",
        "NAME2": " ",
        "FETYPE2": " ",
        "FEDIRS2": " ",
        "FEDIRP3": " ",
        "NAME3": " ",
        "FETYPE3": " ",
        "FEDIRS3": " ",
        "FMCDL": 8760,
        "FMCDR": 8760,
        "COUNTYL": 75,
        "COUNTYR": 75,
        "NFC": 7,
        "RU_L": 3,
        "RU_R": 3,
        "PR": 914502,
        "BMP": 0.06,
        "EMP": 0.12,
        "BPT": "38006335",
        "EPT": "38006332",
        "LRS_LINK": " 9145023800633538006332",
        "LENGTH": 95.53259492,
        "VER": "17a",
        "ADJ_CNTY": 0,
        "LEGALSYSTEM": 3,
        "ShapeSTLength": 95.5326393026565,
        "PAVENTRA_SEGMENT_ID": "BLK-160-9145023800633538006332"
      },
      "geometry": {
        "type": "LineString",
        "coordinates": [
          [
            -84.44642939206335,
            42.2529684179535
          ],
          [
            -84.44539953849169,
            42.25296311008546
          ],
          [
            -84.44527151473928,
            42.252968739847795
          ]
        ]
      }
    },
    {
      "type": "Feature",
      "properties": {
        "OBJECTID": 694104,
        "FCC": "A32",
        "RDNAME": "Barrett Ave",
        "FRADDL": 500,
        "TOADDL": 560,
        "FRADDR": 501,
        "TOADDR": 561,
        "ZIPL": 49202,
        "ZIPR": 49202,
        "FEDIRP": " ",
        "NAME": "Barrett",
        "FETYPE": "Ave",
        "FEDIRS": " ",
        "FEDIRP2": " ",
        "NAME2": " ",
        "FETYPE2": " ",
        "FEDIRS2": " ",
        "FEDIRP3": " ",
        "NAME3": " ",
        "FETYPE3": " ",
        "FEDIRS3": " ",
        "FMCDL": 8760,
        "FMCDR": 8760,
        "COUNTYL": 75,
        "COUNTYR": 75,
        "NFC": 7,
        "RU_L": 3,
        "RU_R": 3,
        "PR": 914106,
        "BMP": 0.096,
        "EMP": 0.215,
        "BPT": "38006335",
        "EPT": "38006121",
        "LRS_LINK": " 9141063800633538006121",
        "LENGTH": 192.57359435,
        "VER": "17a",
        "ADJ_CNTY": 0,
        "LEGALSYSTEM": 3,
        "ShapeSTLength": 192.57351489137855,
        "PAVENTRA_SEGMENT_ID": "BLK-161-9141063800633538006121"
      },
      "geometry": {
        "type": "LineString",
        "coordinates": [
          [
            -84.44642939206335,
            42.2529684179535
          ],
          [
            -84.44641773183558,
            42.2547027613853
          ]
        ]
      }
    },
    {
      "type": "Feature",
      "properties": {
        "OBJECTID": 694128,
        "FCC": "A32",
        "RDNAME": "Berkley Ave",
        "FRADDL": 2750,
        "TOADDL": 2700,
        "FRADDR": 2751,
        "TOADDR": 2701,
        "ZIPL": 49202,
        "ZIPR": 49202,
        "FEDIRP": " ",
        "NAME": "Berkley",
        "FETYPE": "Ave",
        "FEDIRS": " ",
        "FEDIRP2": " ",
        "NAME2": " ",
        "FETYPE2": " ",
        "FEDIRS2": " ",
        "FEDIRP3": " ",
        "NAME3": " ",
        "FETYPE3": " ",
        "FEDIRS3": " ",
        "FMCDL": 8760,
        "FMCDR": 8760,
        "COUNTYL": 75,
        "COUNTYR": 75,
        "NFC": 7,
        "RU_L": 3,
        "RU_R": 3,
        "PR": 914502,
        "BMP": 0.0,
        "EMP": 0.06,
        "BPT": "38006339",
        "EPT": "38006335",
        "LRS_LINK": " 9145023800633938006335",
        "LENGTH": 96.70766641,
        "VER": "17a",
        "ADJ_CNTY": 0,
        "LEGALSYSTEM": 3,
        "ShapeSTLength": 96.70762979960548,
        "PAVENTRA_SEGMENT_ID": "BLK-162-9145023800633938006335"
      },
      "geometry": {
        "type": "LineString",
        "coordinates": [
          [
            -84.44760158577812,
            42.252953317917004
          ],
          [
            -84.44733448125068,
            42.25295704482349
          ],
          [
            -84.44642939206335,
            42.2529684179535
          ]
        ]
      }
    },
    {
      "type": "Feature",
      "properties": {
        "OBJECTID": 694129,
        "FCC": "A31",
        "RDNAME": "Laurence Ave",
        "FRADDL": 500,
        "TOADDL": 560,
        "FRADDR": 499,
        "TOADDR": 561,
        "ZIPL": 49202,
        "ZIPR": 49202,
        "FEDIRP": " ",
        "NAME": "Laurence",
        "FETYPE": "Ave",
        "FEDIRS": " ",
        "FEDIRP2": " ",
        "NAME2": " ",
        "FETYPE2": " ",
        "FEDIRS2": " ",
        "FEDIRP3": " ",
        "NAME3": " ",
        "FETYPE3": " ",
        "FEDIRS3": " ",
        "FMCDL": 8760,
        "FMCDR": 8760,
        "COUNTYL": 75,
        "COUNTYR": 75,
        "NFC": 3,
        "RU_L": 3,
        "RU_R": 3,
        "PR": 3380112,
        "BMP": 0.12,
        "EMP": 0.241,
        "BPT": "38006339",
        "EPT": "38006125",
        "LRS_LINK": "33801123800633938006125",
        "LENGTH": 195.00803844,
        "VER": "17a",
        "ADJ_CNTY": 0,
        "LEGALSYSTEM": 2,
        "ShapeSTLength": 195.00803689440596,
        "PAVENTRA_SEGMENT_ID": "BLK-163-33801123800633938006125"
      },
      "geometry": {
        "type": "LineString",
        "coordinates": [
          [
            -84.44760158577812,
            42.252953317917004
          ],
          [
            -84.4475950755158,
            42.25470960218647
          ]
        ]
      }
    },
    {
      "type": "Feature",
      "properties": {
        "OBJECTID": 694219,
        "FCC": "A41",
        "RDNAME": "Wildwood Ct",
        "FRADDL": 2999,
        "TOADDL": 2901,
        "FRADDR": 0,
        "TOADDR": 0,
        "ZIPL": 49202,
        "ZIPR": 49202,
        "FEDIRP": " ",
        "NAME": "Wildwood",
        "FETYPE": "Ct",
        "FEDIRS": " ",
        "FEDIRP2": " ",
        "NAME2": " ",
        "FETYPE2": " ",
        "FEDIRS2": " ",
        "FEDIRP3": " ",
        "NAME3": " ",
        "FETYPE3": " ",
        "FEDIRS3": " ",
        "FMCDL": 8760,
        "FMCDR": 8760,
        "COUNTYL": 75,
        "COUNTYR": 75,
        "NFC": 0,
        "RU_L": 3,
        "RU_R": 3,
        "PR": 3380809,
        "BMP": 0.0,
        "EMP": 0.129,
        "BPT": "38006131",
        "EPT": "38006370",
        "LRS_LINK": "33808093800613138006370",
        "LENGTH": 207.5423684,
        "VER": "17a",
        "ADJ_CNTY": 0,
        "LEGALSYSTEM": 0,
        "ShapeSTLength": 207.542337540127,
        "PAVENTRA_SEGMENT_ID": "BLK-164-33808093800613138006370"
      },
      "geometry": {
        "type": "LineString",
        "coordinates": [
          [
            -84.44941511460063,
            42.25468189675652
          ],
          [
            -84.44941043876042,
            42.25281272207874
          ]
        ]
      }
    },
    {
      "type": "Feature",
      "properties": {
        "OBJECTID": 694424,
        "FCC": "A13",
        "RDNAME": " ",
        "FRADDL": 0,
        "TOADDL": 0,
        "FRADDR": 0,
        "TOADDR": 0,
        "ZIPL": 49203,
        "ZIPR": 49203,
        "FEDIRP": " ",
        "NAME": "Michigan/N M 60",
        "FETYPE": "RAMP",
        "FEDIRS": " ",
        "FEDIRP2": " ",
        "NAME2": "I 94 BL/N M 60",
        "FETYPE2": "RAMP",
        "FEDIRS2": " ",
        "FEDIRP3": " ",
        "NAME3": " ",
        "FETYPE3": " ",
        "FEDIRS3": " ",
        "FMCDL": 8760,
        "FMCDR": 8760,
        "COUNTYL": 75,
        "COUNTYR": 75,
        "NFC": 2,
        "RU_L": 3,
        "RU_R": 3,
        "PR": 897403,
        "BMP": 0.0,
        "EMP": 0.279,
        "BPT": "38006167",
        "EPT": "38006278",
        "LRS_LINK": " 8974033800616738006278",
        "LENGTH": 448.24130456,
        "VER": "17a",
        "ADJ_CNTY": 0,
        "LEGALSYSTEM": 1,
        "ShapeSTLength": 448.24133326095847,
        "PAVENTRA_SEGMENT_ID": "BLK-165-8974033800616738006278"
      },
      "geometry": {
        "type": "LineString",
        "coordinates": [
          [
            -84.4736880161489,
            42.25481161434016
          ],
          [
            -84.47367023277837,
            42.254399894285484
          ],
          [
            -84.4736468845678,
            42.25415073144114
          ],
          [
            -84.47363453910845,
            42.25385536669122
          ],
          [
            -84.47362110022169,
            42.25360389984517
          ],
          [
            -84.4736426782482,
            42.253396828283535
          ],
          [
            -84.47370291971819,
            42.253219563576025
          ],
          [
            -84.47380127768349,
            42.25309405462679
          ],
          [
            -84.47394607940734,
            42.25294966775915
          ],
          [
            -84.47414310074925,
            42.25281819589902
          ],
          [
            -84.47435525990177,
            42.252738164423
          ],
          [
            -84.47457975957562,
            42.25269001673742
          ],
          [
            -84.47481660124889,
            42.25267375458764
          ],
          [
            -84.47508523746411,
            42.252699401428785
          ],
          [
            -84.4753394084349,
            42.252778520945405
          ],
          [
            -84.47555935666436,
            42.25291328122071
          ],
          [
            -84.47571687409145,
            42.25304962406641
          ],
          [
            -84.47583505908167,
            42.253182986463266
          ],
          [
            -84.47601406155147,
            42.25359335408516
          ]
        ]
      }
    },
    {
      "type": "Feature",
      "properties": {
        "OBJECTID": 694508,
        "FCC": "A13",
        "RDNAME": " ",
        "FRADDL": 0,
        "TOADDL": 0,
        "FRADDR": 0,
        "TOADDR": 0,
        "ZIPL": 49201,
        "ZIPR": 49201,
        "FEDIRP": " ",
        "NAME": "S M 60/Michigan",
        "FETYPE": "RAMP",
        "FEDIRS": " ",
        "FEDIRP2": " ",
        "NAME2": "S M 60/I 94 BL",
        "FETYPE2": "RAMP",
        "FEDIRS2": " ",
        "FEDIRP3": " ",
        "NAME3": " ",
        "FETYPE3": " ",
        "FEDIRS3": " ",
        "FMCDL": 8760,
        "FMCDR": 8760,
        "COUNTYL": 75,
        "COUNTYR": 75,
        "NFC": 2,
        "RU_L": 3,
        "RU_R": 3,
        "PR": 897402,
        "BMP": 0.0,
        "EMP": 0.3,
        "BPT": "38006285",
        "EPT": "38006170",
        "LRS_LINK": " 8974023800628538006170",
        "LENGTH": 482.66950631,
        "VER": "17a",
        "ADJ_CNTY": 0,
        "LEGALSYSTEM": 1,
        "ShapeSTLength": 482.6694502552887,
        "PAVENTRA_SEGMENT_ID": "BLK-166-8974023800628538006170"
      },
      "geometry": {
        "type": "LineString",
        "coordinates": [
          [
            -84.4763868584922,
            42.253724023431324
          ],
          [
            -84.47646493277765,
            42.25338679338243
          ],
          [
            -84.47652580098959,
            42.25322964488196
          ],
          [
            -84.47664452140768,
            42.25303661596979
          ],
          [
            -84.47680457879068,
            42.25286108065844
          ],
          [
            -84.47704379113549,
            42.25270920008913
          ],
          [
            -84.47733073844165,
            42.252622860442855
          ],
          [
            -84.47769993756621,
            42.25258842852273
          ],
          [
            -84.47800243159787,
            42.252640535565426
          ],
          [
            -84.4782918564473,
            42.25276016959809
          ],
          [
            -84.47852729736101,
            42.252912916904705
          ],
          [
            -84.4786899832587,
            42.25309005686042
          ],
          [
            -84.47879144249445,
            42.253286105291835
          ],
          [
            -84.47883723527286,
            42.25358295166821
          ],
          [
            -84.47885934178267,
            42.25391614768396
          ],
          [
            -84.47888286414283,
            42.254345282344325
          ],
          [
            -84.47885750812773,
            42.25482645438272
          ]
        ]
      }
    },
    {
      "type": "Feature",
      "properties": {
        "OBJECTID": 694551,
        "FCC": "A32",
        "RDNAME": "Barrett Ave",
        "FRADDL": 418,
        "TOADDL": 450,
        "FRADDR": 421,
        "TOADDR": 451,
        "ZIPL": 49202,
        "ZIPR": 49202,
        "FEDIRP": " ",
        "NAME": "Barrett",
        "FETYPE": "Ave",
        "FEDIRS": " ",
        "FEDIRP2": " ",
        "NAME2": " ",
        "FETYPE2": " ",
        "FEDIRS2": " ",
        "FEDIRP3": " ",
        "NAME3": " ",
        "FETYPE3": " ",
        "FEDIRS3": " ",
        "FMCDL": 8760,
        "FMCDR": 8760,
        "COUNTYL": 75,
        "COUNTYR": 75,
        "NFC": 7,
        "RU_L": 3,
        "RU_R": 3,
        "PR": 914106,
        "BMP": 0.036,
        "EMP": 0.096,
        "BPT": "38017957",
        "EPT": "38006335",
        "LRS_LINK": " 9141063801795738006335",
        "LENGTH": 95.76720559,
        "VER": "17a",
        "ADJ_CNTY": 0,
        "LEGALSYSTEM": 3,
        "ShapeSTLength": 95.76724801376513,
        "PAVENTRA_SEGMENT_ID": "BLK-167-9141063801795738006335"
      },
      "geometry": {
        "type": "LineString",
        "coordinates": [
          [
            -84.44642639012348,
            42.25210591695453
          ],
          [
            -84.44642939206335,
            42.2529684179535
          ]
        ]
      }
    },
    {
      "type": "Feature",
      "properties": {
        "OBJECTID": 694594,
        "FCC": "A32",
        "RDNAME": "Hurst Rd",
        "FRADDL": 999,
        "TOADDL": 1019,
        "FRADDR": 1000,
        "TOADDR": 1022,
        "ZIPL": 49201,
        "ZIPR": 49201,
        "FEDIRP": " ",
        "NAME": "Hurst",
        "FETYPE": "Rd",
        "FEDIRS": " ",
        "FEDIRP2": " ",
        "NAME2": " ",
        "FETYPE2": " ",
        "FEDIRS2": " ",
        "FEDIRP3": " ",
        "NAME3": " ",
        "FETYPE3": " ",
        "FEDIRS3": " ",
        "FMCDL": 8760,
        "FMCDR": 8760,
        "COUNTYL": 75,
        "COUNTYR": 75,
        "NFC": 7,
        "RU_L": 3,
        "RU_R": 3,
        "PR": 898119,
        "BMP": 0.0,
        "EMP": 0.16,
        "BPT": "38006175",
        "EPT": "38006445",
        "LRS_LINK": " 8981193800617538006445",
        "LENGTH": 257.70375985,
        "VER": "17a",
        "ADJ_CNTY": 0,
        "LEGALSYSTEM": 3,
        "ShapeSTLength": 257.7038101968782,
        "PAVENTRA_SEGMENT_ID": "BLK-168-8981193800617538006445"
      },
      "geometry": {
        "type": "LineString",
        "coordinates": [
          [
            -84.48035046942134,
            42.25482014660062
          ],
          [
            -84.48034967679439,
            42.25468311587367
          ],
          [
            -84.48030449021496,
            42.25249946312989
          ]
        ]
      }
    },
    {
      "type": "Feature",
      "properties": {
        "OBJECTID": 694668,
        "FCC": "A32",
        "RDNAME": "Condad Ave",
        "FRADDL": 449,
        "TOADDL": 431,
        "FRADDR": 446,
        "TOADDR": 426,
        "ZIPL": 49202,
        "ZIPR": 49202,
        "FEDIRP": " ",
        "NAME": "Condad",
        "FETYPE": "Ave",
        "FEDIRS": " ",
        "FEDIRP2": " ",
        "NAME2": " ",
        "FETYPE2": " ",
        "FEDIRS2": " ",
        "FEDIRP3": " ",
        "NAME3": " ",
        "FETYPE3": " ",
        "FEDIRS3": " ",
        "FMCDL": 8760,
        "FMCDR": 8760,
        "COUNTYL": 75,
        "COUNTYR": 75,
        "NFC": 7,
        "RU_L": 3,
        "RU_R": 3,
        "PR": 914118,
        "BMP": 0.12,
        "EMP": 0.198,
        "BPT": "38006332",
        "EPT": "38006486",
        "LRS_LINK": " 9141183800633238006486",
        "LENGTH": 126.4928882,
        "VER": "17a",
        "ADJ_CNTY": 0,
        "LEGALSYSTEM": 3,
        "ShapeSTLength": 126.49290005628774,
        "PAVENTRA_SEGMENT_ID": "BLK-169-9141183800633238006486"
      },
      "geometry": {
        "type": "LineString",
        "coordinates": [
          [
            -84.44527151473928,
            42.252968739847795
          ],
          [
            -84.44529847074372,
            42.25182968900414
          ]
        ]
      }
    },
    {
      "type": "Feature",
      "properties": {
        "OBJECTID": 694674,
        "FCC": "A32",
        "RDNAME": "Chestnut St",
        "FRADDL": 420,
        "TOADDL": 550,
        "FRADDR": 429,
        "TOADDR": 551,
        "ZIPL": 49202,
        "ZIPR": 49202,
        "FEDIRP": " ",
        "NAME": "Chestnut",
        "FETYPE": "St",
        "FEDIRS": " ",
        "FEDIRP2": " ",
        "NAME2": " ",
        "FETYPE2": " ",
        "FEDIRS2": " ",
        "FEDIRP3": " ",
        "NAME3": " ",
        "FETYPE3": " ",
        "FEDIRS3": " ",
        "FMCDL": 8760,
        "FMCDR": 8760,
        "COUNTYL": 75,
        "COUNTYR": 75,
        "NFC": 7,
        "RU_L": 3,
        "RU_R": 3,
        "PR": 897408,
        "BMP": 0.043,
        "EMP": 0.244,
        "BPT": "38006483",
        "EPT": "38006111",
        "LRS_LINK": " 8974083800648338006111",
        "LENGTH": 323.56130687,
        "VER": "17a",
        "ADJ_CNTY": 0,
        "LEGALSYSTEM": 3,
        "ShapeSTLength": 323.56130817615184,
        "PAVENTRA_SEGMENT_ID": "BLK-170-8974083800648338006111"
      },
      "geometry": {
        "type": "LineString",
        "coordinates": [
          [
            -84.44296217897357,
            42.2517846281572
          ],
          [
            -84.44295151862978,
            42.25293860203552
          ],
          [
            -84.44296792163054,
            42.254698633084686
          ]
        ]
      }
    },
    {
      "type": "Feature",
      "properties": {
        "OBJECTID": 694675,
        "FCC": "A32",
        "RDNAME": "Precision St",
        "FRADDL": 0,
        "TOADDL": 0,
        "FRADDR": 0,
        "TOADDR": 0,
        "ZIPL": 49202,
        "ZIPR": 49202,
        "FEDIRP": " ",
        "NAME": "Precision",
        "FETYPE": "St",
        "FEDIRS": " ",
        "FEDIRP2": " ",
        "NAME2": " ",
        "FETYPE2": " ",
        "FEDIRS2": " ",
        "FEDIRP3": " ",
        "NAME3": " ",
        "FETYPE3": " ",
        "FEDIRS3": " ",
        "FMCDL": 8760,
        "FMCDR": 8760,
        "COUNTYL": 75,
        "COUNTYR": 75,
        "NFC": 7,
        "RU_L": 3,
        "RU_R": 3,
        "PR": 3380810,
        "BMP": 0.0,
        "EMP": 0.12,
        "BPT": "38006486",
        "EPT": "38006483",
        "LRS_LINK": "33808103800648638006483",
        "LENGTH": 192.78668413,
        "VER": "17a",
        "ADJ_CNTY": 0,
        "LEGALSYSTEM": 3,
        "ShapeSTLength": 192.78676503269097,
        "PAVENTRA_SEGMENT_ID": "BLK-171-33808103800648638006483"
      },
      "geometry": {
        "type": "LineString",
        "coordinates": [
          [
            -84.44529847074372,
            42.25182968900414
          ],
          [
            -84.44296217897357,
            42.2517846281572
          ]
        ]
      }
    },
    {
      "type": "Feature",
      "properties": {
        "OBJECTID": 694681,
        "FCC": "A31",
        "RDNAME": "Laurence Ave",
        "FRADDL": 0,
        "TOADDL": 0,
        "FRADDR": 413,
        "TOADDR": 451,
        "ZIPL": 49202,
        "ZIPR": 49202,
        "FEDIRP": " ",
        "NAME": "Laurence",
        "FETYPE": "Ave",
        "FEDIRS": " ",
        "FEDIRP2": " ",
        "NAME2": " ",
        "FETYPE2": " ",
        "FEDIRS2": " ",
        "FEDIRP3": " ",
        "NAME3": " ",
        "FETYPE3": " ",
        "FEDIRS3": " ",
        "FMCDL": 8760,
        "FMCDR": 8760,
        "COUNTYL": 75,
        "COUNTYR": 75,
        "NFC": 3,
        "RU_L": 3,
        "RU_R": 3,
        "PR": 3380112,
        "BMP": 0.043,
        "EMP": 0.12,
        "BPT": "38006465",
        "EPT": "38006339",
        "LRS_LINK": "33801123800646538006339",
        "LENGTH": 123.65536165,
        "VER": "17a",
        "ADJ_CNTY": 0,
        "LEGALSYSTEM": 2,
        "ShapeSTLength": 123.65537925399768,
        "PAVENTRA_SEGMENT_ID": "BLK-172-33801123800646538006339"
      },
      "geometry": {
        "type": "LineString",
        "coordinates": [
          [
            -84.44760998966362,
            42.251839664029
          ],
          [
            -84.44760158577812,
            42.252953317917004
          ]
        ]
      }
    },
    {
      "type": "Feature",
      "properties": {
        "OBJECTID": 694747,
        "FCC": "A21",
        "RDNAME": "W Michigan Ave",
        "FRADDL": 0,
        "TOADDL": 0,
        "FRADDR": 3221,
        "TOADDR": 2899,
        "ZIPL": 49202,
        "ZIPR": 49202,
        "FEDIRP": "W",
        "NAME": "Michigan",
        "FETYPE": "Ave",
        "FEDIRS": " ",
        "FEDIRP2": " ",
        "NAME2": "I 94 BL",
        "FETYPE2": " ",
        "FEDIRS2": " ",
        "FEDIRP3": " ",
        "NAME3": " ",
        "FETYPE3": " ",
        "FEDIRS3": " ",
        "FMCDL": 8760,
        "FMCDR": 8760,
        "COUNTYL": 75,
        "COUNTYR": 75,
        "NFC": 3,
        "RU_L": 3,
        "RU_R": 3,
        "PR": 897207,
        "BMP": 13.203,
        "EMP": 13.618,
        "BPT": "38006299",
        "EPT": "38006477",
        "LRS_LINK": " 8972073800629938006477",
        "LENGTH": 668.16707405,
        "VER": "17a",
        "ADJ_CNTY": 0,
        "LEGALSYSTEM": 1,
        "ShapeSTLength": 668.1670188012286,
        "PAVENTRA_SEGMENT_ID": "BLK-173-8972073800629938006477"
      },
      "geometry": {
        "type": "LineString",
        "coordinates": [
          [
            -84.45781749973601,
            42.25331058545879
          ],
          [
            -84.45505249956828,
            42.25274150657926
          ],
          [
            -84.45431193277207,
            42.252588750462614
          ],
          [
            -84.45221949373,
            42.252167170671235
          ],
          [
            -84.45001112119758,
            42.251705139413694
          ]
        ]
      }
    },
    {
      "type": "Feature",
      "properties": {
        "OBJECTID": 694775,
        "FCC": "A41",
        "RDNAME": "Barrett Ave",
        "FRADDL": 420,
        "TOADDL": 448,
        "FRADDR": 423,
        "TOADDR": 451,
        "ZIPL": 49202,
        "ZIPR": 49202,
        "FEDIRP": " ",
        "NAME": "Barrett",
        "FETYPE": "Ave",
        "FEDIRS": " ",
        "FEDIRP2": " ",
        "NAME2": " ",
        "FETYPE2": " ",
        "FEDIRS2": " ",
        "FEDIRP3": " ",
        "NAME3": " ",
        "FETYPE3": " ",
        "FEDIRS3": " ",
        "FMCDL": 8760,
        "FMCDR": 8760,
        "COUNTYL": 75,
        "COUNTYR": 75,
        "NFC": 0,
        "RU_L": 3,
        "RU_R": 3,
        "PR": 914106,
        "BMP": 0.0,
        "EMP": 0.036,
        "BPT": "38006495",
        "EPT": "38017957",
        "LRS_LINK": " 9141063800649538017957",
        "LENGTH": 57.96807199,
        "VER": "17a",
        "ADJ_CNTY": 0,
        "LEGALSYSTEM": 0,
        "ShapeSTLength": 57.96808325147554,
        "PAVENTRA_SEGMENT_ID": "BLK-174-9141063800649538017957"
      },
      "geometry": {
        "type": "LineString",
        "coordinates": [
          [
            -84.44642457418638,
            42.251583843525836
          ],
          [
            -84.44642639012348,
            42.25210591695453
          ]
        ]
      }
    },
    {
      "type": "Feature",
      "properties": {
        "OBJECTID": 694791,
        "FCC": "A31",
        "RDNAME": "Laurence Ave",
        "FRADDL": 0,
        "TOADDL": 0,
        "FRADDR": 0,
        "TOADDR": 0,
        "ZIPL": 49202,
        "ZIPR": 49202,
        "FEDIRP": " ",
        "NAME": "Laurence",
        "FETYPE": "Ave",
        "FEDIRS": " ",
        "FEDIRP2": " ",
        "NAME2": " ",
        "FETYPE2": " ",
        "FEDIRS2": " ",
        "FEDIRP3": " ",
        "NAME3": " ",
        "FETYPE3": " ",
        "FEDIRS3": " ",
        "FMCDL": 8760,
        "FMCDR": 8760,
        "COUNTYL": 75,
        "COUNTYR": 75,
        "NFC": 3,
        "RU_L": 3,
        "RU_R": 3,
        "PR": 3380112,
        "BMP": 0.025,
        "EMP": 0.043,
        "BPT": "38006490",
        "EPT": "38006465",
        "LRS_LINK": "33801123800649038006465",
        "LENGTH": 28.65021561,
        "VER": "17a",
        "ADJ_CNTY": 0,
        "LEGALSYSTEM": 2,
        "ShapeSTLength": 28.65026199738781,
        "PAVENTRA_SEGMENT_ID": "BLK-175-33801123800649038006465"
      },
      "geometry": {
        "type": "LineString",
        "coordinates": [
          [
            -84.44763563239223,
            42.251582336780835
          ],
          [
            -84.44761116965496,
            42.25182782709709
          ],
          [
            -84.44760998966362,
            42.251839664029
          ]
        ]
      }
    },
    {
      "type": "Feature",
      "properties": {
        "OBJECTID": 694839,
        "FCC": "A21",
        "RDNAME": "W Michigan Ave",
        "FRADDL": 0,
        "TOADDL": 0,
        "FRADDR": 2815,
        "TOADDR": 2799,
        "ZIPL": 49202,
        "ZIPR": 49202,
        "FEDIRP": "W",
        "NAME": "Michigan",
        "FETYPE": "Ave",
        "FEDIRS": " ",
        "FEDIRP2": " ",
        "NAME2": "I 94 BL",
        "FETYPE2": " ",
        "FEDIRS2": " ",
        "FEDIRP3": " ",
        "NAME3": " ",
        "FETYPE3": " ",
        "FEDIRS3": " ",
        "FMCDL": 8760,
        "FMCDR": 8760,
        "COUNTYL": 75,
        "COUNTYR": 75,
        "NFC": 3,
        "RU_L": 3,
        "RU_R": 3,
        "PR": 897207,
        "BMP": 13.618,
        "EMP": 13.675,
        "BPT": "38006477",
        "EPT": "38006503",
        "LRS_LINK": " 8972073800647738006503",
        "LENGTH": 91.55674912,
        "VER": "17a",
        "ADJ_CNTY": 0,
        "LEGALSYSTEM": 1,
        "ShapeSTLength": 91.55683007749886,
        "PAVENTRA_SEGMENT_ID": "BLK-176-8972073800647738006503"
      },
      "geometry": {
        "type": "LineString",
        "coordinates": [
          [
            -84.45001112119758,
            42.251705139413694
          ],
          [
            -84.44893726760344,
            42.2514966869112
          ]
        ]
      }
    },
    {
      "type": "Feature",
      "properties": {
        "OBJECTID": 694845,
        "FCC": "A32",
        "RDNAME": "Condad Ave",
        "FRADDL": 421,
        "TOADDL": 411,
        "FRADDR": 0,
        "TOADDR": 0,
        "ZIPL": 49202,
        "ZIPR": 49202,
        "FEDIRP": " ",
        "NAME": "Condad",
        "FETYPE": "Ave",
        "FEDIRS": " ",
        "FEDIRP2": " ",
        "NAME2": " ",
        "FETYPE2": " ",
        "FEDIRS2": " ",
        "FEDIRP3": " ",
        "NAME3": " ",
        "FETYPE3": " ",
        "FEDIRS3": " ",
        "FMCDL": 8760,
        "FMCDR": 8760,
        "COUNTYL": 75,
        "COUNTYR": 75,
        "NFC": 7,
        "RU_L": 3,
        "RU_R": 3,
        "PR": 914118,
        "BMP": 0.198,
        "EMP": 0.226,
        "BPT": "38006486",
        "EPT": "38006517",
        "LRS_LINK": " 9141183800648638006517",
        "LENGTH": 44.16979383,
        "VER": "17a",
        "ADJ_CNTY": 0,
        "LEGALSYSTEM": 3,
        "ShapeSTLength": 44.16981776847172,
        "PAVENTRA_SEGMENT_ID": "BLK-177-9141183800648638006517"
      },
      "geometry": {
        "type": "LineString",
        "coordinates": [
          [
            -84.44529847074372,
            42.25182968900414
          ],
          [
            -84.44529744125366,
            42.251431885200695
          ]
        ]
      }
    },
    {
      "type": "Feature",
      "properties": {
        "OBJECTID": 694863,
        "FCC": "A32",
        "RDNAME": "James McDivitt Rd",
        "FRADDL": 0,
        "TOADDL": 0,
        "FRADDR": 4799,
        "TOADDR": 4803,
        "ZIPL": 49201,
        "ZIPR": 49201,
        "FEDIRP": " ",
        "NAME": "James McDivitt",
        "FETYPE": "Rd",
        "FEDIRS": " ",
        "FEDIRP2": " ",
        "NAME2": "James McDevitt",
        "FETYPE2": "St",
        "FEDIRS2": " ",
        "FEDIRP3": " ",
        "NAME3": " ",
        "FETYPE3": " ",
        "FEDIRS3": " ",
        "FMCDL": 8760,
        "FMCDR": 8760,
        "COUNTYL": 75,
        "COUNTYR": 75,
        "NFC": 7,
        "RU_L": 3,
        "RU_R": 3,
        "PR": 904908,
        "BMP": 0.128,
        "EMP": 0.26,
        "BPT": "38006506",
        "EPT": "38006445",
        "LRS_LINK": " 9049083800650638006445",
        "LENGTH": 213.27262205,
        "VER": "17a",
        "ADJ_CNTY": 0,
        "LEGALSYSTEM": 3,
        "ShapeSTLength": 213.27264530730872,
        "PAVENTRA_SEGMENT_ID": "BLK-178-9049083800650638006445"
      },
      "geometry": {
        "type": "LineString",
        "coordinates": [
          [
            -84.48268388743047,
            42.25190471766262
          ],
          [
            -84.48198413911506,
            42.25222002500029
          ],
          [
            -84.4815662191253,
            42.25239686377448
          ],
          [
            -84.48137872413194,
            42.252465539390435
          ],
          [
            -84.48118634091516,
            42.25248962331153
          ],
          [
            -84.48030449021496,
            42.25249946312989
          ]
        ]
      }
    },
    {
      "type": "Feature",
      "properties": {
        "OBJECTID": 694881,
        "FCC": "A32",
        "RDNAME": "James McDivitt Rd",
        "FRADDL": 4870,
        "TOADDL": 4910,
        "FRADDR": 4871,
        "TOADDR": 4911,
        "ZIPL": 49201,
        "ZIPR": 49201,
        "FEDIRP": " ",
        "NAME": "James McDivitt",
        "FETYPE": "Rd",
        "FEDIRS": " ",
        "FEDIRP2": " ",
        "NAME2": "James McDevitt",
        "FETYPE2": "St",
        "FEDIRS2": " ",
        "FEDIRP3": " ",
        "NAME3": " ",
        "FETYPE3": " ",
        "FEDIRS3": " ",
        "FMCDL": 8760,
        "FMCDR": 8760,
        "COUNTYL": 75,
        "COUNTYR": 75,
        "NFC": 7,
        "RU_L": 3,
        "RU_R": 3,
        "PR": 904908,
        "BMP": 0.096,
        "EMP": 0.128,
        "BPT": "38006515",
        "EPT": "38006506",
        "LRS_LINK": " 9049083800651538006506",
        "LENGTH": 51.0937787,
        "VER": "17a",
        "ADJ_CNTY": 0,
        "LEGALSYSTEM": 3,
        "ShapeSTLength": 51.09381937974495,
        "PAVENTRA_SEGMENT_ID": "BLK-179-9049083800651538006506"
      },
      "geometry": {
        "type": "LineString",
        "coordinates": [
          [
            -84.48330256786218,
            42.25188268662958
          ],
          [
            -84.48268388743047,
            42.25190471766262
          ]
        ]
      }
    },
    {
      "type": "Feature",
      "properties": {
        "OBJECTID": 694891,
        "FCC": "A32",
        "RDNAME": "Hurst Rd",
        "FRADDL": 1031,
        "TOADDL": 1037,
        "FRADDR": 1030,
        "TOADDR": 1036,
        "ZIPL": 49201,
        "ZIPR": 49201,
        "FEDIRP": " ",
        "NAME": "Hurst",
        "FETYPE": "Rd",
        "FEDIRS": " ",
        "FEDIRP2": " ",
        "NAME2": " ",
        "FETYPE2": " ",
        "FEDIRS2": " ",
        "FEDIRP3": " ",
        "NAME3": " ",
        "FETYPE3": " ",
        "FEDIRS3": " ",
        "FMCDL": 8760,
        "FMCDR": 8760,
        "COUNTYL": 75,
        "COUNTYR": 75,
        "NFC": 7,
        "RU_L": 3,
        "RU_R": 3,
        "PR": 898119,
        "BMP": 0.16,
        "EMP": 0.214,
        "BPT": "38006445",
        "EPT": "83026696",
        "LRS_LINK": " 8981193800644583026696",
        "LENGTH": 87.40776725,
        "VER": "17a",
        "ADJ_CNTY": 0,
        "LEGALSYSTEM": 3,
        "ShapeSTLength": 87.4076843606802,
        "PAVENTRA_SEGMENT_ID": "BLK-180-8981193800644583026696"
      },
      "geometry": {
        "type": "LineString",
        "coordinates": [
          [
            -84.48030449021496,
            42.25249946312989
          ],
          [
            -84.48029173397514,
            42.2523126339296
          ],
          [
            -84.48024811022589,
            42.252138385729616
          ],
          [
            -84.48015589336815,
            42.251990189226184
          ],
          [
            -84.47989959816057,
            42.25181367099331
          ]
        ]
      }
    },
    {
      "type": "Feature",
      "properties": {
        "OBJECTID": 694977,
        "FCC": "A32",
        "RDNAME": "Fern Ave",
        "FRADDL": 551,
        "TOADDL": 401,
        "FRADDR": 550,
        "TOADDR": 400,
        "ZIPL": 49202,
        "ZIPR": 49202,
        "FEDIRP": " ",
        "NAME": "Fern",
        "FETYPE": "Ave",
        "FEDIRS": " ",
        "FEDIRP2": " ",
        "NAME2": " ",
        "FETYPE2": " ",
        "FEDIRS2": " ",
        "FEDIRP3": " ",
        "NAME3": " ",
        "FETYPE3": " ",
        "FEDIRS3": " ",
        "FMCDL": 8760,
        "FMCDR": 8760,
        "COUNTYL": 75,
        "COUNTYR": 75,
        "NFC": 7,
        "RU_L": 3,
        "RU_R": 3,
        "PR": 914212,
        "BMP": 0.0,
        "EMP": 0.244,
        "BPT": "38006106",
        "EPT": "38006524",
        "LRS_LINK": " 9142123800610638006524",
        "LENGTH": 392.58240002,
        "VER": "17a",
        "ADJ_CNTY": 0,
        "LEGALSYSTEM": 3,
        "ShapeSTLength": 392.58241542187295,
        "PAVENTRA_SEGMENT_ID": "BLK-181-9142123800610638006524"
      },
      "geometry": {
        "type": "LineString",
        "coordinates": [
          [
            -84.4409875150549,
            42.25468948300264
          ],
          [
            -84.44099743991266,
            42.251224916214404
          ],
          [
            -84.44099758597149,
            42.25115379489658
          ]
        ]
      }
    },
    {
      "type": "Feature",
      "properties": {
        "OBJECTID": 694988,
        "FCC": "A32",
        "RDNAME": "Pattie Ave",
        "FRADDL": 561,
        "TOADDL": 333,
        "FRADDR": 560,
        "TOADDR": 332,
        "ZIPL": 49202,
        "ZIPR": 49202,
        "FEDIRP": " ",
        "NAME": "Pattie",
        "FETYPE": "Ave",
        "FEDIRS": " ",
        "FEDIRP2": " ",
        "NAME2": " ",
        "FETYPE2": " ",
        "FEDIRS2": " ",
        "FEDIRP3": " ",
        "NAME3": " ",
        "FETYPE3": " ",
        "FEDIRS3": " ",
        "FMCDL": 8760,
        "FMCDR": 8760,
        "COUNTYL": 75,
        "COUNTYR": 75,
        "NFC": 7,
        "RU_L": 3,
        "RU_R": 3,
        "PR": 914120,
        "BMP": 0.0,
        "EMP": 0.244,
        "BPT": "38006109",
        "EPT": "38006542",
        "LRS_LINK": " 9141203800610938006542",
        "LENGTH": 392.58240007,
        "VER": "17a",
        "ADJ_CNTY": 0,
        "LEGALSYSTEM": 3,
        "ShapeSTLength": 392.5823565243986,
        "PAVENTRA_SEGMENT_ID": "BLK-182-9141203800610938006542"
      },
      "geometry": {
        "type": "LineString",
        "coordinates": [
          [
            -84.44196582710994,
            42.254690550033246
          ],
          [
            -84.44195270936214,
            42.2511548680383
          ]
        ]
      }
    },
    {
      "type": "Feature",
      "properties": {
        "OBJECTID": 694993,
        "FCC": "A32",
        "RDNAME": "Chestnut St",
        "FRADDL": 300,
        "TOADDL": 432,
        "FRADDR": 301,
        "TOADDR": 427,
        "ZIPL": 49202,
        "ZIPR": 49202,
        "FEDIRP": " ",
        "NAME": "Chestnut",
        "FETYPE": "St",
        "FEDIRS": " ",
        "FEDIRP2": " ",
        "NAME2": " ",
        "FETYPE2": " ",
        "FEDIRS2": " ",
        "FEDIRP3": " ",
        "NAME3": " ",
        "FETYPE3": " ",
        "FEDIRS3": " ",
        "FMCDL": 8760,
        "FMCDR": 8760,
        "COUNTYL": 75,
        "COUNTYR": 75,
        "NFC": 7,
        "RU_L": 3,
        "RU_R": 3,
        "PR": 897408,
        "BMP": 0.0,
        "EMP": 0.043,
        "BPT": "38006536",
        "EPT": "38006483",
        "LRS_LINK": " 8974083800653638006483",
        "LENGTH": 69.32589311,
        "VER": "17a",
        "ADJ_CNTY": 0,
        "LEGALSYSTEM": 3,
        "ShapeSTLength": 69.32589792742648,
        "PAVENTRA_SEGMENT_ID": "BLK-183-8974083800653638006483"
      },
      "geometry": {
        "type": "LineString",
        "coordinates": [
          [
            -84.44294953605427,
            42.25116035063175
          ],
          [
            -84.44294876041141,
            42.25119647928031
          ],
          [
            -84.44296217897357,
            42.2517846281572
          ]
        ]
      }
    },
    {
      "type": "Feature",
      "properties": {
        "OBJECTID": 694995,
        "FCC": "A31",
        "RDNAME": "Laurence Ave",
        "FRADDL": 0,
        "TOADDL": 0,
        "FRADDR": 0,
        "TOADDR": 0,
        "ZIPL": 49202,
        "ZIPR": 49202,
        "FEDIRP": " ",
        "NAME": "Laurence",
        "FETYPE": "Ave",
        "FEDIRS": " ",
        "FEDIRP2": " ",
        "NAME2": " ",
        "FETYPE2": " ",
        "FEDIRS2": " ",
        "FEDIRP3": " ",
        "NAME3": " ",
        "FETYPE3": " ",
        "FEDIRS3": " ",
        "FMCDL": 8760,
        "FMCDR": 8760,
        "COUNTYL": 75,
        "COUNTYR": 75,
        "NFC": 3,
        "RU_L": 3,
        "RU_R": 3,
        "PR": 3380112,
        "BMP": 0.0,
        "EMP": 0.025,
        "BPT": "38006531",
        "EPT": "38006490",
        "LRS_LINK": "33801123800653138006490",
        "LENGTH": 40.21610405,
        "VER": "17a",
        "ADJ_CNTY": 0,
        "LEGALSYSTEM": 2,
        "ShapeSTLength": 40.21603369901114,
        "PAVENTRA_SEGMENT_ID": "BLK-184-33801123800653138006490"
      },
      "geometry": {
        "type": "LineString",
        "coordinates": [
          [
            -84.44768077686307,
            42.251221697248496
          ],
          [
            -84.44763563239223,
            42.251582336780835
          ]
        ]
      }
    },
    {
      "type": "Feature",
      "properties": {
        "OBJECTID": 694996,
        "FCC": "A21",
        "RDNAME": "W Michigan Ave",
        "FRADDL": 2798,
        "TOADDL": 2680,
        "FRADDR": 2799,
        "TOADDR": 2683,
        "ZIPL": 49202,
        "ZIPR": 49202,
        "FEDIRP": "W",
        "NAME": "Michigan",
        "FETYPE": "Ave",
        "FEDIRS": " ",
        "FEDIRP2": " ",
        "NAME2": "I 94 BL",
        "FETYPE2": " ",
        "FEDIRS2": " ",
        "FEDIRP3": " ",
        "NAME3": " ",
        "FETYPE3": " ",
        "FEDIRS3": " ",
        "FMCDL": 8760,
        "FMCDR": 8760,
        "COUNTYL": 75,
        "COUNTYR": 75,
        "NFC": 3,
        "RU_L": 3,
        "RU_R": 3,
        "PR": 897207,
        "BMP": 13.675,
        "EMP": 13.742,
        "BPT": "38006503",
        "EPT": "38006531",
        "LRS_LINK": " 8972073800650338006531",
        "LENGTH": 108.05785137,
        "VER": "17a",
        "ADJ_CNTY": 0,
        "LEGALSYSTEM": 1,
        "ShapeSTLength": 108.05781850672534,
        "PAVENTRA_SEGMENT_ID": "BLK-185-8972073800650338006531"
      },
      "geometry": {
        "type": "LineString",
        "coordinates": [
          [
            -84.44893726760344,
            42.2514966869112
          ],
          [
            -84.44791909194628,
            42.2512701002094
          ],
          [
            -84.44768077686307,
            42.251221697248496
          ]
        ]
      }
    },
    {
      "type": "Feature",
      "properties": {
        "OBJECTID": 695094,
        "FCC": "A21",
        "RDNAME": "W Michigan Ave",
        "FRADDL": 0,
        "TOADDL": 0,
        "FRADDR": 0,
        "TOADDR": 0,
        "ZIPL": 49202,
        "ZIPR": 49202,
        "FEDIRP": "W",
        "NAME": "Michigan",
        "FETYPE": "Ave",
        "FEDIRS": " ",
        "FEDIRP2": " ",
        "NAME2": "I 94 BL",
        "FETYPE2": " ",
        "FEDIRS2": " ",
        "FEDIRP3": " ",
        "NAME3": " ",
        "FETYPE3": " ",
        "FEDIRS3": " ",
        "FMCDL": 8760,
        "FMCDR": 8760,
        "COUNTYL": 75,
        "COUNTYR": 75,
        "NFC": 3,
        "RU_L": 3,
        "RU_R": 3,
        "PR": 897207,
        "BMP": 13.742,
        "EMP": 13.801,
        "BPT": "38006531",
        "EPT": "38019277",
        "LRS_LINK": " 8972073800653138019277",
        "LENGTH": 94.1886263,
        "VER": "17a",
        "ADJ_CNTY": 0,
        "LEGALSYSTEM": 1,
        "ShapeSTLength": 94.1886386366031,
        "PAVENTRA_SEGMENT_ID": "BLK-186-8972073800653138019277"
      },
      "geometry": {
        "type": "LineString",
        "coordinates": [
          [
            -84.44768077686307,
            42.251221697248496
          ],
          [
            -84.44673154968993,
            42.251033419892636
          ],
          [
            -84.44657773568794,
            42.251002555409734
          ]
        ]
      }
    },
    {
      "type": "Feature",
      "properties": {
        "OBJECTID": 695102,
        "FCC": "A32",
        "RDNAME": "Oak Grove Ave",
        "FRADDL": 0,
        "TOADDL": 0,
        "FRADDR": 0,
        "TOADDR": 0,
        "ZIPL": 49203,
        "ZIPR": 49203,
        "FEDIRP": " ",
        "NAME": "Oak Grove",
        "FETYPE": "Ave",
        "FEDIRS": " ",
        "FEDIRP2": " ",
        "NAME2": " ",
        "FETYPE2": " ",
        "FEDIRS2": " ",
        "FEDIRP3": " ",
        "NAME3": "Oakgrove",
        "FETYPE3": " ",
        "FEDIRS3": " ",
        "FMCDL": 8760,
        "FMCDR": 8760,
        "COUNTYL": 75,
        "COUNTYR": 75,
        "NFC": 7,
        "RU_L": 3,
        "RU_R": 3,
        "PR": 900206,
        "BMP": 0.254,
        "EMP": 0.405,
        "BPT": "38006561",
        "EPT": "38006299",
        "LRS_LINK": " 9002063800656138006299",
        "LENGTH": 241.62328361,
        "VER": "17a",
        "ADJ_CNTY": 0,
        "LEGALSYSTEM": 3,
        "ShapeSTLength": 241.62331763861286,
        "PAVENTRA_SEGMENT_ID": "BLK-187-9002063800656138006299"
      },
      "geometry": {
        "type": "LineString",
        "coordinates": [
          [
            -84.45781158216808,
            42.251134470126466
          ],
          [
            -84.45781749973601,
            42.25331058545879
          ]
        ]
      }
    },
    {
      "type": "Feature",
      "properties": {
        "OBJECTID": 695109,
        "FCC": "A32",
        "RDNAME": "Catherine St",
        "FRADDL": 3320,
        "TOADDL": 3314,
        "FRADDR": 3325,
        "TOADDR": 3301,
        "ZIPL": 49203,
        "ZIPR": 49203,
        "FEDIRP": " ",
        "NAME": "Catherine",
        "FETYPE": "St",
        "FEDIRS": " ",
        "FEDIRP2": " ",
        "NAME2": " ",
        "FETYPE2": " ",
        "FEDIRS2": " ",
        "FEDIRP3": " ",
        "NAME3": " ",
        "FETYPE3": " ",
        "FEDIRS3": " ",
        "FMCDL": 8760,
        "FMCDR": 8760,
        "COUNTYL": 75,
        "COUNTYR": 75,
        "NFC": 7,
        "RU_L": 3,
        "RU_R": 3,
        "PR": 909008,
        "BMP": 0.501,
        "EMP": 0.562,
        "BPT": "38006562",
        "EPT": "38006561",
        "LRS_LINK": " 9090083800656238006561",
        "LENGTH": 97.65765996,
        "VER": "17a",
        "ADJ_CNTY": 0,
        "LEGALSYSTEM": 3,
        "ShapeSTLength": 97.6576366405106,
        "PAVENTRA_SEGMENT_ID": "BLK-188-9090083800656238006561"
      },
      "geometry": {
        "type": "LineString",
        "coordinates": [
          [
            -84.45899541946999,
            42.25113893756476
          ],
          [
            -84.45781158216808,
            42.251134470126466
          ]
        ]
      }
    },
    {
      "type": "Feature",
      "properties": {
        "OBJECTID": 695116,
        "FCC": "A32",
        "RDNAME": "Catherine St",
        "FRADDL": 3360,
        "TOADDL": 3322,
        "FRADDR": 3351,
        "TOADDR": 3335,
        "ZIPL": 49203,
        "ZIPR": 49203,
        "FEDIRP": " ",
        "NAME": "Catherine",
        "FETYPE": "St",
        "FEDIRS": " ",
        "FEDIRP2": " ",
        "NAME2": " ",
        "FETYPE2": " ",
        "FEDIRS2": " ",
        "FEDIRP3": " ",
        "NAME3": " ",
        "FETYPE3": " ",
        "FEDIRS3": " ",
        "FMCDL": 8760,
        "FMCDR": 8760,
        "COUNTYL": 75,
        "COUNTYR": 75,
        "NFC": 7,
        "RU_L": 3,
        "RU_R": 3,
        "PR": 909008,
        "BMP": 0.443,
        "EMP": 0.501,
        "BPT": "38006563",
        "EPT": "38006562",
        "LRS_LINK": " 9090083800656338006562",
        "LENGTH": 94.73638725,
        "VER": "17a",
        "ADJ_CNTY": 0,
        "LEGALSYSTEM": 3,
        "ShapeSTLength": 94.73641952200853,
        "PAVENTRA_SEGMENT_ID": "BLK-189-9090083800656338006562"
      },
      "geometry": {
        "type": "LineString",
        "coordinates": [
          [
            -84.46014384731625,
            42.25114289904938
          ],
          [
            -84.45899541946999,
            42.25113893756476
          ]
        ]
      }
    },
    {
      "type": "Feature",
      "properties": {
        "OBJECTID": 695118,
        "FCC": "A32",
        "RDNAME": "Catherine St",
        "FRADDL": 3600,
        "TOADDL": 3400,
        "FRADDR": 0,
        "TOADDR": 0,
        "ZIPL": 49203,
        "ZIPR": 49203,
        "FEDIRP": " ",
        "NAME": "Catherine",
        "FETYPE": "St",
        "FEDIRS": " ",
        "FEDIRP2": " ",
        "NAME2": " ",
        "FETYPE2": " ",
        "FEDIRS2": " ",
        "FEDIRP3": " ",
        "NAME3": " ",
        "FETYPE3": " ",
        "FEDIRS3": " ",
        "FMCDL": 8760,
        "FMCDR": 8760,
        "COUNTYL": 75,
        "COUNTYR": 75,
        "NFC": 7,
        "RU_L": 3,
        "RU_R": 3,
        "PR": 909008,
        "BMP": 0.383,
        "EMP": 0.443,
        "BPT": "38006565",
        "EPT": "38006563",
        "LRS_LINK": " 9090083800656538006563",
        "LENGTH": 96.43736232,
        "VER": "17a",
        "ADJ_CNTY": 0,
        "LEGALSYSTEM": 3,
        "ShapeSTLength": 96.4373704263031,
        "PAVENTRA_SEGMENT_ID": "BLK-190-9090083800656538006563"
      },
      "geometry": {
        "type": "LineString",
        "coordinates": [
          [
            -84.46131287121837,
            42.25113608273189
          ],
          [
            -84.46014384731625,
            42.25114289904938
          ]
        ]
      }
    },
    {
      "type": "Feature",
      "properties": {
        "OBJECTID": 695133,
        "FCC": "A32",
        "RDNAME": "Catherine St",
        "FRADDL": 3650,
        "TOADDL": 3602,
        "FRADDR": 0,
        "TOADDR": 0,
        "ZIPL": 49203,
        "ZIPR": 49203,
        "FEDIRP": " ",
        "NAME": "Catherine",
        "FETYPE": "St",
        "FEDIRS": " ",
        "FEDIRP2": " ",
        "NAME2": " ",
        "FETYPE2": " ",
        "FEDIRS2": " ",
        "FEDIRP3": " ",
        "NAME3": " ",
        "FETYPE3": " ",
        "FEDIRS3": " ",
        "FMCDL": 8760,
        "FMCDR": 8760,
        "COUNTYL": 75,
        "COUNTYR": 75,
        "NFC": 7,
        "RU_L": 3,
        "RU_R": 3,
        "PR": 909008,
        "BMP": 0.317,
        "EMP": 0.383,
        "BPT": "38006569",
        "EPT": "38006565",
        "LRS_LINK": " 9090083800656938006565",
        "LENGTH": 105.54428348,
        "VER": "17a",
        "ADJ_CNTY": 0,
        "LEGALSYSTEM": 3,
        "ShapeSTLength": 105.54429544835666,
        "PAVENTRA_SEGMENT_ID": "BLK-191-9090083800656938006565"
      },
      "geometry": {
        "type": "LineString",
        "coordinates": [
          [
            -84.46259232807584,
            42.25113751420497
          ],
          [
            -84.46131287121837,
            42.25113608273189
          ]
        ]
      }
    },
    {
      "type": "Feature",
      "properties": {
        "OBJECTID": 695134,
        "FCC": "A31",
        "RDNAME": "Robinson Rd",
        "FRADDL": 192,
        "TOADDL": 100,
        "FRADDR": 195,
        "TOADDR": 101,
        "ZIPL": 49203,
        "ZIPR": 49203,
        "FEDIRP": " ",
        "NAME": "Robinson",
        "FETYPE": "Rd",
        "FEDIRS": " ",
        "FEDIRP2": " ",
        "NAME2": " ",
        "FETYPE2": " ",
        "FEDIRS2": " ",
        "FEDIRP3": " ",
        "NAME3": " ",
        "FETYPE3": " ",
        "FEDIRS3": " ",
        "FMCDL": 8760,
        "FMCDR": 8760,
        "COUNTYL": 75,
        "COUNTYR": 75,
        "NFC": 4,
        "RU_L": 3,
        "RU_R": 3,
        "PR": 899806,
        "BMP": 2.995,
        "EMP": 3.213,
        "BPT": "38006569",
        "EPT": "38006204",
        "LRS_LINK": " 8998063800656938006204",
        "LENGTH": 350.96928077,
        "VER": "17a",
        "ADJ_CNTY": 0,
        "LEGALSYSTEM": 2,
        "ShapeSTLength": 350.96936328850796,
        "PAVENTRA_SEGMENT_ID": "BLK-192-8998063800656938006204"
      },
      "geometry": {
        "type": "LineString",
        "coordinates": [
          [
            -84.46259232807584,
            42.25113751420497
          ],
          [
            -84.46253507425116,
            42.25309012677583
          ],
          [
            -84.46248828775263,
            42.25338204635556
          ],
          [
            -84.46240010206536,
            42.253627769015246
          ],
          [
            -84.46223646252012,
            42.25395582933478
          ],
          [
            -84.46206195679981,
            42.25423708118501
          ]
        ]
      }
    },
    {
      "type": "Feature",
      "properties": {
        "OBJECTID": 695152,
        "FCC": "A32",
        "RDNAME": "Catherine St",
        "FRADDL": 3701,
        "TOADDL": 3999,
        "FRADDR": 3700,
        "TOADDR": 3998,
        "ZIPL": 49203,
        "ZIPR": 49203,
        "FEDIRP": " ",
        "NAME": "Catherine",
        "FETYPE": "St",
        "FEDIRS": " ",
        "FEDIRP2": " ",
        "NAME2": " ",
        "FETYPE2": " ",
        "FEDIRS2": " ",
        "FEDIRP3": " ",
        "NAME3": " ",
        "FETYPE3": " ",
        "FEDIRS3": " ",
        "FMCDL": 8760,
        "FMCDR": 8760,
        "COUNTYL": 75,
        "COUNTYR": 75,
        "NFC": 7,
        "RU_L": 3,
        "RU_R": 3,
        "PR": 909008,
        "BMP": 0.0,
        "EMP": 0.317,
        "BPT": "38006581",
        "EPT": "38006569",
        "LRS_LINK": " 9090083800658138006569",
        "LENGTH": 510.1862937,
        "VER": "17a",
        "ADJ_CNTY": 0,
        "LEGALSYSTEM": 3,
        "ShapeSTLength": 510.1863104763622,
        "PAVENTRA_SEGMENT_ID": "BLK-193-9090083800658138006569"
      },
      "geometry": {
        "type": "LineString",
        "coordinates": [
          [
            -84.46877680650778,
            42.25116718845195
          ],
          [
            -84.4669451767665,
            42.2511712491432
          ],
          [
            -84.46507689789085,
            42.25115687811928
          ],
          [
            -84.46259232807584,
            42.25113751420497
          ]
        ]
      }
    },
    {
      "type": "Feature",
      "properties": {
        "OBJECTID": 695153,
        "FCC": "A32",
        "RDNAME": "Pershing Ave",
        "FRADDL": 324,
        "TOADDL": 100,
        "FRADDR": 321,
        "TOADDR": 101,
        "ZIPL": 49203,
        "ZIPR": 49203,
        "FEDIRP": " ",
        "NAME": "Pershing",
        "FETYPE": "Ave",
        "FEDIRS": " ",
        "FEDIRP2": " ",
        "NAME2": " ",
        "FETYPE2": " ",
        "FEDIRS2": " ",
        "FEDIRP3": " ",
        "NAME3": "Pershing",
        "FETYPE3": "St",
        "FEDIRS3": " ",
        "FMCDL": 8760,
        "FMCDR": 8760,
        "COUNTYL": 75,
        "COUNTYR": 75,
        "NFC": 7,
        "RU_L": 3,
        "RU_R": 3,
        "PR": 900203,
        "BMP": 0.254,
        "EMP": 0.499,
        "BPT": "38006581",
        "EPT": "38006163",
        "LRS_LINK": " 9002033800658138006163",
        "LENGTH": 393.74036174,
        "VER": "17a",
        "ADJ_CNTY": 0,
        "LEGALSYSTEM": 3,
        "ShapeSTLength": 393.74027528430463,
        "PAVENTRA_SEGMENT_ID": "BLK-194-9002033800658138006163"
      },
      "geometry": {
        "type": "LineString",
        "coordinates": [
          [
            -84.46877680650778,
            42.25116718845195
          ],
          [
            -84.46877418743452,
            42.25471330947277
          ]
        ]
      }
    },
    {
      "type": "Feature",
      "properties": {
        "OBJECTID": 695299,
        "FCC": "A32",
        "RDNAME": "Toro Rd",
        "FRADDL": 1060,
        "TOADDL": 1064,
        "FRADDR": 1072,
        "TOADDR": 1080,
        "ZIPL": 49201,
        "ZIPR": 49201,
        "FEDIRP": " ",
        "NAME": "Toro",
        "FETYPE": "Rd",
        "FEDIRS": " ",
        "FEDIRP2": " ",
        "NAME2": " ",
        "FETYPE2": " ",
        "FEDIRS2": " ",
        "FEDIRP3": " ",
        "NAME3": "Toro",
        "FETYPE3": "Dr",
        "FEDIRS3": " ",
        "FMCDL": 8760,
        "FMCDR": 8760,
        "COUNTYL": 75,
        "COUNTYR": 75,
        "NFC": 7,
        "RU_L": 3,
        "RU_R": 3,
        "PR": 904909,
        "BMP": 0.0,
        "EMP": 0.077,
        "BPT": "38006506",
        "EPT": "83026697",
        "LRS_LINK": " 9049093800650683026697",
        "LENGTH": 124.1348939,
        "VER": "17a",
        "ADJ_CNTY": 0,
        "LEGALSYSTEM": 3,
        "ShapeSTLength": 124.13488294642912,
        "PAVENTRA_SEGMENT_ID": "BLK-195-9049093800650683026697"
      },
      "geometry": {
        "type": "LineString",
        "coordinates": [
          [
            -84.48268388743047,
            42.25190471766262
          ],
          [
            -84.48180900463237,
            42.251064414423894
          ],
          [
            -84.48177674535268,
            42.25101419983828
          ]
        ]
      }
    },
    {
      "type": "Feature",
      "properties": {
        "OBJECTID": 695350,
        "FCC": "A32",
        "RDNAME": "Beacon St",
        "FRADDL": 120,
        "TOADDL": 100,
        "FRADDR": 121,
        "TOADDR": 101,
        "ZIPL": 49203,
        "ZIPR": 49203,
        "FEDIRP": " ",
        "NAME": "Beacon",
        "FETYPE": "St",
        "FEDIRS": " ",
        "FEDIRP2": " ",
        "NAME2": " ",
        "FETYPE2": " ",
        "FEDIRS2": " ",
        "FEDIRP3": " ",
        "NAME3": " ",
        "FETYPE3": " ",
        "FEDIRS3": " ",
        "FMCDL": 8760,
        "FMCDR": 8760,
        "COUNTYL": 75,
        "COUNTYR": 75,
        "NFC": 7,
        "RU_L": 3,
        "RU_R": 3,
        "PR": 900207,
        "BMP": 0.0,
        "EMP": 0.085,
        "BPT": "38006606",
        "EPT": "38006477",
        "LRS_LINK": " 9002073800660638006477",
        "LENGTH": 137.0850158,
        "VER": "17a",
        "ADJ_CNTY": 0,
        "LEGALSYSTEM": 3,
        "ShapeSTLength": 137.08506497106094,
        "PAVENTRA_SEGMENT_ID": "BLK-196-9002073800660638006477"
      },
      "geometry": {
        "type": "LineString",
        "coordinates": [
          [
            -84.45002499031334,
            42.250470559711566
          ],
          [
            -84.45001112119758,
            42.251705139413694
          ]
        ]
      }
    },
    {
      "type": "Feature",
      "properties": {
        "OBJECTID": 695362,
        "FCC": "A32",
        "RDNAME": "Alder St",
        "FRADDL": 2810,
        "TOADDL": 2800,
        "FRADDR": 2817,
        "TOADDR": 2801,
        "ZIPL": 49203,
        "ZIPR": 49203,
        "FEDIRP": " ",
        "NAME": "Alder",
        "FETYPE": "St",
        "FEDIRS": " ",
        "FEDIRP2": " ",
        "NAME2": " ",
        "FETYPE2": " ",
        "FEDIRS2": " ",
        "FEDIRP3": " ",
        "NAME3": " ",
        "FETYPE3": " ",
        "FEDIRS3": " ",
        "FMCDL": 8760,
        "FMCDR": 8760,
        "COUNTYL": 75,
        "COUNTYR": 75,
        "NFC": 7,
        "RU_L": 3,
        "RU_R": 3,
        "PR": 3381264,
        "BMP": 0.055,
        "EMP": 0.108,
        "BPT": "38006619",
        "EPT": "38006617",
        "LRS_LINK": "33812643800661938006617",
        "LENGTH": 84.99739052,
        "VER": "17a",
        "ADJ_CNTY": 0,
        "LEGALSYSTEM": 3,
        "ShapeSTLength": 84.99738734367074,
        "PAVENTRA_SEGMENT_ID": "BLK-197-33812643800661938006617"
      },
      "geometry": {
        "type": "LineString",
        "coordinates": [
          [
            -84.44895122711395,
            42.25044199399204
          ],
          [
            -84.44792132933756,
            42.25046512098249
          ]
        ]
      }
    },
    {
      "type": "Feature",
      "properties": {
        "OBJECTID": 695363,
        "FCC": "A32",
        "RDNAME": "Fulford St",
        "FRADDL": 198,
        "TOADDL": 100,
        "FRADDR": 199,
        "TOADDR": 101,
        "ZIPL": 49203,
        "ZIPR": 49203,
        "FEDIRP": " ",
        "NAME": "Fulford",
        "FETYPE": "St",
        "FEDIRS": " ",
        "FEDIRP2": " ",
        "NAME2": " ",
        "FETYPE2": " ",
        "FEDIRS2": " ",
        "FEDIRP3": " ",
        "NAME3": " ",
        "FETYPE3": " ",
        "FEDIRS3": " ",
        "FMCDL": 8760,
        "FMCDR": 8760,
        "COUNTYL": 75,
        "COUNTYR": 75,
        "NFC": 7,
        "RU_L": 3,
        "RU_R": 3,
        "PR": 900208,
        "BMP": 0.0,
        "EMP": 0.073,
        "BPT": "38006619",
        "EPT": "38006503",
        "LRS_LINK": " 9002083800661938006503",
        "LENGTH": 117.11247466,
        "VER": "17a",
        "ADJ_CNTY": 0,
        "LEGALSYSTEM": 3,
        "ShapeSTLength": 117.11240262901278,
        "PAVENTRA_SEGMENT_ID": "BLK-198-9002083800661938006503"
      },
      "geometry": {
        "type": "LineString",
        "coordinates": [
          [
            -84.44895122711395,
            42.25044199399204
          ],
          [
            -84.44893726760344,
            42.2514966869112
          ]
        ]
      }
    },
    {
      "type": "Feature",
      "properties": {
        "OBJECTID": 695364,
        "FCC": "A32",
        "RDNAME": "Alder St",
        "FRADDL": 0,
        "TOADDL": 0,
        "FRADDR": 2905,
        "TOADDR": 2851,
        "ZIPL": 49203,
        "ZIPR": 49203,
        "FEDIRP": " ",
        "NAME": "Alder",
        "FETYPE": "St",
        "FEDIRS": " ",
        "FEDIRP2": " ",
        "NAME2": " ",
        "FETYPE2": " ",
        "FEDIRS2": " ",
        "FEDIRP3": " ",
        "NAME3": " ",
        "FETYPE3": " ",
        "FEDIRS3": " ",
        "FMCDL": 8760,
        "FMCDR": 8760,
        "COUNTYL": 75,
        "COUNTYR": 75,
        "NFC": 7,
        "RU_L": 3,
        "RU_R": 3,
        "PR": 3381264,
        "BMP": 0.0,
        "EMP": 0.055,
        "BPT": "38006606",
        "EPT": "38006619",
        "LRS_LINK": "33812643800660638006619",
        "LENGTH": 88.64669908,
        "VER": "17a",
        "ADJ_CNTY": 0,
        "LEGALSYSTEM": 3,
        "ShapeSTLength": 88.64668101163996,
        "PAVENTRA_SEGMENT_ID": "BLK-199-33812643800660638006619"
      },
      "geometry": {
        "type": "LineString",
        "coordinates": [
          [
            -84.45002499031334,
            42.250470559711566
          ],
          [
            -84.4498943937085,
            42.25046265048972
          ],
          [
            -84.44895122711395,
            42.25044199399204
          ]
        ]
      }
    },
    {
      "type": "Feature",
      "properties": {
        "OBJECTID": 695817,
        "FCC": "A31",
        "RDNAME": "N Brown St",
        "FRADDL": 200,
        "TOADDL": 298,
        "FRADDR": 201,
        "TOADDR": 299,
        "ZIPL": 49202,
        "ZIPR": 49202,
        "FEDIRP": "N",
        "NAME": "Brown",
        "FETYPE": "St",
        "FEDIRS": " ",
        "FEDIRP2": " ",
        "NAME2": " ",
        "FETYPE2": " ",
        "FEDIRS2": " ",
        "FEDIRP3": " ",
        "NAME3": " ",
        "FETYPE3": " ",
        "FEDIRS3": " ",
        "FMCDL": 8760,
        "FMCDR": 41420,
        "COUNTYL": 75,
        "COUNTYR": 75,
        "NFC": 4,
        "RU_L": 3,
        "RU_R": 3,
        "PR": 910005,
        "BMP": 1.527,
        "EMP": 1.686,
        "BPT": "38006703",
        "EPT": "38006459",
        "LRS_LINK": " 9100053800670338006459",
        "LENGTH": 256.6246708,
        "VER": "17a",
        "ADJ_CNTY": 0,
        "LEGALSYSTEM": 4,
        "ShapeSTLength": 256.6247487520237,
        "PAVENTRA_SEGMENT_ID": "BLK-200-9100053800670338006459"
      },
      "geometry": {
        "type": "LineString",
        "coordinates": [
          [
            -84.43320989738613,
            42.24937247737875
          ],
          [
            -84.4332150892162,
            42.249941133409955
          ],
          [
            -84.43320561706265,
            42.25005898684151
          ],
          [
            -84.43321092413217,
            42.25021510878671
          ],
          [
            -84.43319196065585,
            42.25147626234539
          ],
          [
            -84.43318218224573,
            42.251539749790105
          ],
          [
            -84.4331595552875,
            42.25162729353412
          ],
          [
            -84.43313102245868,
            42.251677010076996
          ]
        ]
      }
    },
    {
      "type": "Feature",
      "properties": {
        "OBJECTID": 696084,
        "FCC": "A13",
        "RDNAME": " ",
        "FRADDL": 0,
        "TOADDL": 0,
        "FRADDR": 0,
        "TOADDR": 0,
        "ZIPL": 49203,
        "ZIPR": 49203,
        "FEDIRP": " ",
        "NAME": "N M 60/Michigan",
        "FETYPE": "RAMP",
        "FEDIRS": " ",
        "FEDIRP2": " ",
        "NAME2": "N M 60/I 94 BL",
        "FETYPE2": "RAMP",
        "FEDIRS2": " ",
        "FEDIRP3": " ",
        "NAME3": " ",
        "FETYPE3": " ",
        "FEDIRS3": " ",
        "FMCDL": 8760,
        "FMCDR": 8760,
        "COUNTYL": 75,
        "COUNTYR": 75,
        "NFC": 2,
        "RU_L": 3,
        "RU_R": 3,
        "PR": 898110,
        "BMP": 0.0,
        "EMP": 0.394,
        "BPT": "38006643",
        "EPT": "38006164",
        "LRS_LINK": " 8981103800664338006164",
        "LENGTH": 634.53891453,
        "VER": "17a",
        "ADJ_CNTY": 0,
        "LEGALSYSTEM": 1,
        "ShapeSTLength": 634.5389153831612,
        "PAVENTRA_SEGMENT_ID": "BLK-201-8981103800664338006164"
      },
      "geometry": {
        "type": "LineString",
        "coordinates": [
          [
            -84.47574177655967,
            42.24961920279977
          ],
          [
            -84.47562299584878,
            42.25103706635321
          ],
          [
            -84.4755219857973,
            42.25134059275711
          ],
          [
            -84.4753156027129,
            42.25162484186681
          ],
          [
            -84.47508624880406,
            42.25185135766433
          ],
          [
            -84.47440023538348,
            42.25238259664984
          ],
          [
            -84.47417233575223,
            42.252567315627005
          ],
          [
            -84.47367562008297,
            42.25299718145634
          ],
          [
            -84.47354255067364,
            42.25319784151062
          ],
          [
            -84.47348170120347,
            42.253399493568104
          ],
          [
            -84.47347058099855,
            42.2537140528851
          ],
          [
            -84.47351447956444,
            42.25419282395357
          ],
          [
            -84.47351119007322,
            42.25478975612549
          ]
        ]
      }
    },
    {
      "type": "Feature",
      "properties": {
        "OBJECTID": 696085,
        "FCC": "A12",
        "RDNAME": "M 60",
        "FRADDL": 0,
        "TOADDL": 0,
        "FRADDR": 0,
        "TOADDR": 0,
        "ZIPL": 49201,
        "ZIPR": 49201,
        "FEDIRP": " ",
        "NAME": "M 60",
        "FETYPE": " ",
        "FEDIRS": " ",
        "FEDIRP2": " ",
        "NAME2": " ",
        "FETYPE2": " ",
        "FEDIRS2": " ",
        "FEDIRP3": " ",
        "NAME3": " ",
        "FETYPE3": " ",
        "FEDIRS3": " ",
        "FMCDL": 8760,
        "FMCDR": 8760,
        "COUNTYL": 75,
        "COUNTYR": 75,
        "NFC": 2,
        "RU_L": 3,
        "RU_R": 3,
        "PR": 899802,
        "BMP": 1.798,
        "EMP": 2.073,
        "BPT": "38006643",
        "EPT": "38006278",
        "LRS_LINK": " 8998023800664338006278",
        "LENGTH": 441.83738231,
        "VER": "17a",
        "ADJ_CNTY": 0,
        "LEGALSYSTEM": 1,
        "ShapeSTLength": 441.83742324059654,
        "PAVENTRA_SEGMENT_ID": "BLK-202-8998023800664338006278"
      },
      "geometry": {
        "type": "LineString",
        "coordinates": [
          [
            -84.47574177655967,
            42.24961920279977
          ],
          [
            -84.47601406155147,
            42.25359335408516
          ]
        ]
      }
    },
    {
      "type": "Feature",
      "properties": {
        "OBJECTID": 696221,
        "FCC": "A32",
        "RDNAME": "Oak Grove Ave",
        "FRADDL": 250,
        "TOADDL": 200,
        "FRADDR": 0,
        "TOADDR": 0,
        "ZIPL": 49203,
        "ZIPR": 49203,
        "FEDIRP": " ",
        "NAME": "Oak Grove",
        "FETYPE": "Ave",
        "FEDIRS": " ",
        "FEDIRP2": " ",
        "NAME2": " ",
        "FETYPE2": " ",
        "FEDIRS2": " ",
        "FEDIRP3": " ",
        "NAME3": "Oakgrove",
        "FETYPE3": "Ave",
        "FEDIRS3": " ",
        "FMCDL": 8760,
        "FMCDR": 8760,
        "COUNTYL": 75,
        "COUNTYR": 75,
        "NFC": 7,
        "RU_L": 3,
        "RU_R": 3,
        "PR": 900206,
        "BMP": 0.115,
        "EMP": 0.254,
        "BPT": "38006769",
        "EPT": "38006561",
        "LRS_LINK": " 9002063800676938006561",
        "LENGTH": 224.17280944,
        "VER": "17a",
        "ADJ_CNTY": 0,
        "LEGALSYSTEM": 3,
        "ShapeSTLength": 224.17274158188812,
        "PAVENTRA_SEGMENT_ID": "BLK-203-9002063800676938006561"
      },
      "geometry": {
        "type": "LineString",
        "coordinates": [
          [
            -84.45781985234626,
            42.249115523254765
          ],
          [
            -84.45781158216808,
            42.251134470126466
          ]
        ]
      }
    },
    {
      "type": "Feature",
      "properties": {
        "OBJECTID": 696222,
        "FCC": "A32",
        "RDNAME": "Henry St",
        "FRADDL": 0,
        "TOADDL": 0,
        "FRADDR": 3300,
        "TOADDR": 3354,
        "ZIPL": 49203,
        "ZIPR": 49203,
        "FEDIRP": " ",
        "NAME": "Henry",
        "FETYPE": "St",
        "FEDIRS": " ",
        "FEDIRP2": " ",
        "NAME2": " ",
        "FETYPE2": " ",
        "FEDIRS2": " ",
        "FEDIRP3": " ",
        "NAME3": " ",
        "FETYPE3": " ",
        "FEDIRS3": " ",
        "FMCDL": 8760,
        "FMCDR": 8760,
        "COUNTYL": 75,
        "COUNTYR": 75,
        "NFC": 7,
        "RU_L": 3,
        "RU_R": 3,
        "PR": 3381738,
        "BMP": 0.0,
        "EMP": 0.06,
        "BPT": "38006769",
        "EPT": "38006773",
        "LRS_LINK": "33817383800676938006773",
        "LENGTH": 97.18931781,
        "VER": "17a",
        "ADJ_CNTY": 0,
        "LEGALSYSTEM": 3,
        "ShapeSTLength": 97.18936978811006,
        "PAVENTRA_SEGMENT_ID": "BLK-204-33817383800676938006773"
      },
      "geometry": {
        "type": "LineString",
        "coordinates": [
          [
            -84.45781985234626,
            42.249115523254765
          ],
          [
            -84.45899783382265,
            42.24912981403302
          ]
        ]
      }
    },
    {
      "type": "Feature",
      "properties": {
        "OBJECTID": 696223,
        "FCC": "A32",
        "RDNAME": "Kenneth St",
        "FRADDL": 260,
        "TOADDL": 200,
        "FRADDR": 255,
        "TOADDR": 201,
        "ZIPL": 49203,
        "ZIPR": 49203,
        "FEDIRP": " ",
        "NAME": "Kenneth",
        "FETYPE": "St",
        "FEDIRS": " ",
        "FEDIRP2": " ",
        "NAME2": " ",
        "FETYPE2": " ",
        "FEDIRS2": " ",
        "FEDIRP3": " ",
        "NAME3": " ",
        "FETYPE3": " ",
        "FEDIRS3": " ",
        "FMCDL": 8760,
        "FMCDR": 8760,
        "COUNTYL": 75,
        "COUNTYR": 75,
        "NFC": 7,
        "RU_L": 3,
        "RU_R": 3,
        "PR": 3380052,
        "BMP": 0.116,
        "EMP": 0.255,
        "BPT": "38006773",
        "EPT": "38006562",
        "LRS_LINK": "33800523800677338006562",
        "LENGTH": 223.08872648,
        "VER": "17a",
        "ADJ_CNTY": 0,
        "LEGALSYSTEM": 3,
        "ShapeSTLength": 223.08871672988738,
        "PAVENTRA_SEGMENT_ID": "BLK-205-33800523800677338006562"
      },
      "geometry": {
        "type": "LineString",
        "coordinates": [
          [
            -84.45899783382265,
            42.24912981403302
          ],
          [
            -84.4589974882152,
            42.24991791183581
          ],
          [
            -84.45899361018719,
            42.25005296815757
          ],
          [
            -84.45898974489181,
            42.2501929186033
          ],
          [
            -84.45899541946999,
            42.25113893756476
          ]
        ]
      }
    },
    {
      "type": "Feature",
      "properties": {
        "OBJECTID": 696228,
        "FCC": "A32",
        "RDNAME": "Henry St",
        "FRADDL": 3335,
        "TOADDL": 3361,
        "FRADDR": 3356,
        "TOADDR": 3398,
        "ZIPL": 49203,
        "ZIPR": 49203,
        "FEDIRP": " ",
        "NAME": "Henry",
        "FETYPE": "St",
        "FEDIRS": " ",
        "FEDIRP2": " ",
        "NAME2": " ",
        "FETYPE2": " ",
        "FEDIRS2": " ",
        "FEDIRP3": " ",
        "NAME3": " ",
        "FETYPE3": " ",
        "FEDIRS3": " ",
        "FMCDL": 8760,
        "FMCDR": 8760,
        "COUNTYL": 75,
        "COUNTYR": 75,
        "NFC": 7,
        "RU_L": 3,
        "RU_R": 3,
        "PR": 3381738,
        "BMP": 0.06,
        "EMP": 0.12,
        "BPT": "38006773",
        "EPT": "38006775",
        "LRS_LINK": "33817383800677338006775",
        "LENGTH": 95.84537928,
        "VER": "17a",
        "ADJ_CNTY": 0,
        "LEGALSYSTEM": 3,
        "ShapeSTLength": 95.84534023394147,
        "PAVENTRA_SEGMENT_ID": "BLK-206-33817383800677338006775"
      },
      "geometry": {
        "type": "LineString",
        "coordinates": [
          [
            -84.45899783382265,
            42.24912981403302
          ],
          [
            -84.46015966025045,
            42.24912479010062
          ]
        ]
      }
    },
    {
      "type": "Feature",
      "properties": {
        "OBJECTID": 696229,
        "FCC": "A32",
        "RDNAME": "Evelyn St",
        "FRADDL": 256,
        "TOADDL": 200,
        "FRADDR": 251,
        "TOADDR": 201,
        "ZIPL": 49203,
        "ZIPR": 49203,
        "FEDIRP": " ",
        "NAME": "Evelyn",
        "FETYPE": "St",
        "FEDIRS": " ",
        "FEDIRP2": " ",
        "NAME2": " ",
        "FETYPE2": " ",
        "FEDIRS2": " ",
        "FEDIRP3": " ",
        "NAME3": " ",
        "FETYPE3": " ",
        "FEDIRS3": " ",
        "FMCDL": 8760,
        "FMCDR": 8760,
        "COUNTYL": 75,
        "COUNTYR": 75,
        "NFC": 7,
        "RU_L": 3,
        "RU_R": 3,
        "PR": 910705,
        "BMP": 0.115,
        "EMP": 0.254,
        "BPT": "38006775",
        "EPT": "38006563",
        "LRS_LINK": " 9107053800677538006563",
        "LENGTH": 224.08253813,
        "VER": "17a",
        "ADJ_CNTY": 0,
        "LEGALSYSTEM": 3,
        "ShapeSTLength": 224.0824761159382,
        "PAVENTRA_SEGMENT_ID": "BLK-207-9107053800677538006563"
      },
      "geometry": {
        "type": "LineString",
        "coordinates": [
          [
            -84.46015966025045,
            42.24912479010062
          ],
          [
            -84.46014384731625,
            42.25114289904938
          ]
        ]
      }
    },
    {
      "type": "Feature",
      "properties": {
        "OBJECTID": 696231,
        "FCC": "A31",
        "RDNAME": "Robinson Rd",
        "FRADDL": 260,
        "TOADDL": 200,
        "FRADDR": 253,
        "TOADDR": 201,
        "ZIPL": 49203,
        "ZIPR": 49203,
        "FEDIRP": " ",
        "NAME": "Robinson",
        "FETYPE": "Rd",
        "FEDIRS": " ",
        "FEDIRP2": " ",
        "NAME2": " ",
        "FETYPE2": " ",
        "FEDIRS2": " ",
        "FEDIRP3": " ",
        "NAME3": " ",
        "FETYPE3": " ",
        "FEDIRS3": " ",
        "FMCDL": 8760,
        "FMCDR": 8760,
        "COUNTYL": 75,
        "COUNTYR": 75,
        "NFC": 4,
        "RU_L": 3,
        "RU_R": 3,
        "PR": 899806,
        "BMP": 2.858,
        "EMP": 2.995,
        "BPT": "38006761",
        "EPT": "38006569",
        "LRS_LINK": " 8998063800676138006569",
        "LENGTH": 219.90602416,
        "VER": "17a",
        "ADJ_CNTY": 0,
        "LEGALSYSTEM": 2,
        "ShapeSTLength": 219.90599970053114,
        "PAVENTRA_SEGMENT_ID": "BLK-208-8998063800676138006569"
      },
      "geometry": {
        "type": "LineString",
        "coordinates": [
          [
            -84.46259724134389,
            42.24915698895205
          ],
          [
            -84.46259232807584,
            42.25113751420497
          ]
        ]
      }
    },
    {
      "type": "Feature",
      "properties": {
        "OBJECTID": 696249,
        "FCC": "A32",
        "RDNAME": "Henry St",
        "FRADDL": 3401,
        "TOADDL": 3431,
        "FRADDR": 3400,
        "TOADDR": 3450,
        "ZIPL": 49203,
        "ZIPR": 49203,
        "FEDIRP": " ",
        "NAME": "Henry",
        "FETYPE": "St",
        "FEDIRS": " ",
        "FEDIRP2": " ",
        "NAME2": " ",
        "FETYPE2": " ",
        "FEDIRS2": " ",
        "FEDIRP3": " ",
        "NAME3": " ",
        "FETYPE3": " ",
        "FEDIRS3": " ",
        "FMCDL": 8760,
        "FMCDR": 8760,
        "COUNTYL": 75,
        "COUNTYR": 75,
        "NFC": 7,
        "RU_L": 3,
        "RU_R": 3,
        "PR": 3381738,
        "BMP": 0.12,
        "EMP": 0.179,
        "BPT": "38006775",
        "EPT": "38006777",
        "LRS_LINK": "33817383800677538006777",
        "LENGTH": 94.84001133,
        "VER": "17a",
        "ADJ_CNTY": 0,
        "LEGALSYSTEM": 3,
        "ShapeSTLength": 94.84007657762619,
        "PAVENTRA_SEGMENT_ID": "BLK-209-33817383800677538006777"
      },
      "geometry": {
        "type": "LineString",
        "coordinates": [
          [
            -84.46015966025045,
            42.24912479010062
          ],
          [
            -84.46130919433382,
            42.24911214809857
          ]
        ]
      }
    },
    {
      "type": "Feature",
      "properties": {
        "OBJECTID": 696250,
        "FCC": "A32",
        "RDNAME": "Max St",
        "FRADDL": 250,
        "TOADDL": 200,
        "FRADDR": 251,
        "TOADDR": 201,
        "ZIPL": 49203,
        "ZIPR": 49203,
        "FEDIRP": " ",
        "NAME": "Max",
        "FETYPE": "St",
        "FEDIRS": " ",
        "FEDIRP2": " ",
        "NAME2": " ",
        "FETYPE2": " ",
        "FEDIRS2": " ",
        "FEDIRP3": " ",
        "NAME3": " ",
        "FETYPE3": " ",
        "FEDIRS3": " ",
        "FMCDL": 8760,
        "FMCDR": 8760,
        "COUNTYL": 75,
        "COUNTYR": 75,
        "NFC": 7,
        "RU_L": 3,
        "RU_R": 3,
        "PR": 900205,
        "BMP": 0.114,
        "EMP": 0.254,
        "BPT": "38006777",
        "EPT": "38006565",
        "LRS_LINK": " 9002053800677738006565",
        "LENGTH": 224.72576422,
        "VER": "17a",
        "ADJ_CNTY": 0,
        "LEGALSYSTEM": 3,
        "ShapeSTLength": 224.72573934607493,
        "PAVENTRA_SEGMENT_ID": "BLK-210-9002053800677738006565"
      },
      "geometry": {
        "type": "LineString",
        "coordinates": [
          [
            -84.46130919433382,
            42.24911214809857
          ],
          [
            -84.46131287121837,
            42.25113608273189
          ]
        ]
      }
    },
    {
      "type": "Feature",
      "properties": {
        "OBJECTID": 696251,
        "FCC": "A32",
        "RDNAME": "Henry St",
        "FRADDL": 3601,
        "TOADDL": 3699,
        "FRADDR": 3600,
        "TOADDR": 3698,
        "ZIPL": 49203,
        "ZIPR": 49203,
        "FEDIRP": " ",
        "NAME": "Henry",
        "FETYPE": "St",
        "FEDIRS": " ",
        "FEDIRP2": " ",
        "NAME2": " ",
        "FETYPE2": " ",
        "FEDIRS2": " ",
        "FEDIRP3": " ",
        "NAME3": " ",
        "FETYPE3": " ",
        "FEDIRS3": " ",
        "FMCDL": 8760,
        "FMCDR": 8760,
        "COUNTYL": 75,
        "COUNTYR": 75,
        "NFC": 7,
        "RU_L": 3,
        "RU_R": 3,
        "PR": 3381738,
        "BMP": 0.179,
        "EMP": 0.245,
        "BPT": "38006777",
        "EPT": "38006761",
        "LRS_LINK": "33817383800677738006761",
        "LENGTH": 106.37282334,
        "VER": "17a",
        "ADJ_CNTY": 0,
        "LEGALSYSTEM": 3,
        "ShapeSTLength": 106.37273634508045,
        "PAVENTRA_SEGMENT_ID": "BLK-211-33817383800677738006761"
      },
      "geometry": {
        "type": "LineString",
        "coordinates": [
          [
            -84.46130919433382,
            42.24911214809857
          ],
          [
            -84.46259724134389,
            42.24915698895205
          ]
        ]
      }
    },
    {
      "type": "Feature",
      "properties": {
        "OBJECTID": 696252,
        "FCC": "A32",
        "RDNAME": "Henry St",
        "FRADDL": 3801,
        "TOADDL": 3901,
        "FRADDR": 3800,
        "TOADDR": 3900,
        "ZIPL": 49203,
        "ZIPR": 49203,
        "FEDIRP": " ",
        "NAME": "Henry",
        "FETYPE": "St",
        "FEDIRS": " ",
        "FEDIRP2": " ",
        "NAME2": " ",
        "FETYPE2": " ",
        "FEDIRS2": " ",
        "FEDIRP3": " ",
        "NAME3": " ",
        "FETYPE3": " ",
        "FEDIRS3": " ",
        "FMCDL": 8760,
        "FMCDR": 8760,
        "COUNTYL": 75,
        "COUNTYR": 75,
        "NFC": 7,
        "RU_L": 3,
        "RU_R": 3,
        "PR": 3381738,
        "BMP": 0.245,
        "EMP": 0.308,
        "BPT": "38006761",
        "EPT": "38006757",
        "LRS_LINK": "33817383800676138006757",
        "LENGTH": 101.42812575,
        "VER": "17a",
        "ADJ_CNTY": 0,
        "LEGALSYSTEM": 3,
        "ShapeSTLength": 101.42819963525922,
        "PAVENTRA_SEGMENT_ID": "BLK-212-33817383800676138006757"
      },
      "geometry": {
        "type": "LineString",
        "coordinates": [
          [
            -84.46259724134389,
            42.24915698895205
          ],
          [
            -84.463826603535,
            42.24914224451905
          ]
        ]
      }
    },
    {
      "type": "Feature",
      "properties": {
        "OBJECTID": 696270,
        "FCC": "A12",
        "RDNAME": "M 60",
        "FRADDL": 0,
        "TOADDL": 0,
        "FRADDR": 0,
        "TOADDR": 0,
        "ZIPL": 49201,
        "ZIPR": 49201,
        "FEDIRP": " ",
        "NAME": "M 60",
        "FETYPE": " ",
        "FEDIRS": " ",
        "FEDIRP2": " ",
        "NAME2": " ",
        "FETYPE2": " ",
        "FEDIRS2": " ",
        "FEDIRP3": " ",
        "NAME3": " ",
        "FETYPE3": " ",
        "FEDIRS3": " ",
        "FMCDL": 8760,
        "FMCDR": 8760,
        "COUNTYL": 75,
        "COUNTYR": 75,
        "NFC": 2,
        "RU_L": 3,
        "RU_R": 3,
        "PR": 899801,
        "BMP": 1.67,
        "EMP": 1.976,
        "BPT": "38006632",
        "EPT": "38006285",
        "LRS_LINK": " 8998013800663238006285",
        "LENGTH": 492.94499165,
        "VER": "17a",
        "ADJ_CNTY": 0,
        "LEGALSYSTEM": 1,
        "ShapeSTLength": 492.9449451004949,
        "PAVENTRA_SEGMENT_ID": "BLK-213-8998013800663238006285"
      },
      "geometry": {
        "type": "LineString",
        "coordinates": [
          [
            -84.47613764745553,
            42.24928830251406
          ],
          [
            -84.4763868584922,
            42.253724023431324
          ]
        ]
      }
    },
    {
      "type": "Feature",
      "properties": {
        "OBJECTID": 696271,
        "FCC": "A13",
        "RDNAME": " ",
        "FRADDL": 0,
        "TOADDL": 0,
        "FRADDR": 0,
        "TOADDR": 0,
        "ZIPL": 49201,
        "ZIPR": 49201,
        "FEDIRP": " ",
        "NAME": "Michigan/S M 60",
        "FETYPE": "RAMP",
        "FEDIRS": " ",
        "FEDIRP2": " ",
        "NAME2": "I 94 BL/S M 60",
        "FETYPE2": "RAMP",
        "FEDIRS2": " ",
        "FEDIRP3": " ",
        "NAME3": " ",
        "FETYPE3": " ",
        "FEDIRS3": " ",
        "FMCDL": 8760,
        "FMCDR": 8760,
        "COUNTYL": 75,
        "COUNTYR": 75,
        "NFC": 2,
        "RU_L": 3,
        "RU_R": 3,
        "PR": 898108,
        "BMP": 0.0,
        "EMP": 0.43,
        "BPT": "38006172",
        "EPT": "38006632",
        "LRS_LINK": " 8981083800617238006632",
        "LENGTH": 692.45949838,
        "VER": "17a",
        "ADJ_CNTY": 0,
        "LEGALSYSTEM": 1,
        "ShapeSTLength": 692.4595372818886,
        "PAVENTRA_SEGMENT_ID": "BLK-214-8981083800617238006632"
      },
      "geometry": {
        "type": "LineString",
        "coordinates": [
          [
            -84.47907744487779,
            42.25483136135102
          ],
          [
            -84.47905052561876,
            42.25432218942533
          ],
          [
            -84.47901736362573,
            42.25382239457534
          ],
          [
            -84.47899139125963,
            42.25349196686248
          ],
          [
            -84.47895959129981,
            42.2532432714798
          ],
          [
            -84.47886178781788,
            42.25305291486778
          ],
          [
            -84.47870359799634,
            42.252847626227165
          ],
          [
            -84.477591227677,
            42.252053137627364
          ],
          [
            -84.47698121549337,
            42.2515547692268
          ],
          [
            -84.47664569283064,
            42.25113773776616
          ],
          [
            -84.47645393084947,
            42.25080607876441
          ],
          [
            -84.47635722777925,
            42.25056031898216
          ],
          [
            -84.4763021424903,
            42.25029476105615
          ],
          [
            -84.47613764745553,
            42.24928830251406
          ]
        ]
      }
    },
    {
      "type": "Feature",
      "properties": {
        "OBJECTID": 696350,
        "FCC": "A21",
        "RDNAME": "W Michigan Ave",
        "FRADDL": 2500,
        "TOADDL": 2380,
        "FRADDR": 2499,
        "TOADDR": 2379,
        "ZIPL": 49202,
        "ZIPR": 49202,
        "FEDIRP": "W",
        "NAME": "Michigan",
        "FETYPE": "Ave",
        "FEDIRS": " ",
        "FEDIRP2": " ",
        "NAME2": "I 94 BL",
        "FETYPE2": " ",
        "FEDIRS2": " ",
        "FEDIRP3": " ",
        "NAME3": " ",
        "FETYPE3": " ",
        "FEDIRS3": " ",
        "FMCDL": 8760,
        "FMCDR": 8760,
        "COUNTYL": 75,
        "COUNTYR": 75,
        "NFC": 3,
        "RU_L": 3,
        "RU_R": 3,
        "PR": 897207,
        "BMP": 13.801,
        "EMP": 14.065,
        "BPT": "38019277",
        "EPT": "38006740",
        "LRS_LINK": " 8972073801927738006740",
        "LENGTH": 425.46333614,
        "VER": "17a",
        "ADJ_CNTY": 0,
        "LEGALSYSTEM": 1,
        "ShapeSTLength": 425.4633465220142,
        "PAVENTRA_SEGMENT_ID": "BLK-215-8972073801927738006740"
      },
      "geometry": {
        "type": "LineString",
        "coordinates": [
          [
            -84.44657773568794,
            42.251002555409734
          ],
          [
            -84.44570593168822,
            42.25082761101605
          ],
          [
            -84.44524732613438,
            42.25071432989992
          ],
          [
            -84.44484953689512,
            42.25056627865385
          ],
          [
            -84.44453618953469,
            42.25039714379257
          ],
          [
            -84.4442412673611,
            42.25021045667999
          ],
          [
            -84.44393006968153,
            42.249956752025525
          ],
          [
            -84.44367878394247,
            42.249703885026456
          ],
          [
            -84.44293181696315,
            42.24859708814535
          ]
        ]
      }
    },
    {
      "type": "Feature",
      "properties": {
        "OBJECTID": 696599,
        "FCC": "A41",
        "RDNAME": "Hurst Rd",
        "FRADDL": 1039,
        "TOADDL": 1061,
        "FRADDR": 1038,
        "TOADDR": 1060,
        "ZIPL": 49201,
        "ZIPR": 49201,
        "FEDIRP": " ",
        "NAME": "Hurst",
        "FETYPE": "Rd",
        "FEDIRS": " ",
        "FEDIRP2": " ",
        "NAME2": " ",
        "FETYPE2": " ",
        "FEDIRS2": " ",
        "FEDIRP3": " ",
        "NAME3": " ",
        "FETYPE3": " ",
        "FEDIRS3": " ",
        "FMCDL": 8760,
        "FMCDR": 8760,
        "COUNTYL": 75,
        "COUNTYR": 75,
        "NFC": 0,
        "RU_L": 3,
        "RU_R": 3,
        "PR": 898119,
        "BMP": 0.214,
        "EMP": 0.464,
        "BPT": "83026696",
        "EPT": "38021737",
        "LRS_LINK": " 8981198302669638021737",
        "LENGTH": 401.25158543,
        "VER": "17a",
        "ADJ_CNTY": 0,
        "LEGALSYSTEM": 0,
        "ShapeSTLength": 401.2516005325948,
        "PAVENTRA_SEGMENT_ID": "BLK-216-8981198302669638021737"
      },
      "geometry": {
        "type": "LineString",
        "coordinates": [
          [
            -84.47989959816057,
            42.25181367099331
          ],
          [
            -84.47862968499825,
            42.25093902553319
          ],
          [
            -84.4784598202769,
            42.25078256968809
          ],
          [
            -84.47838536295721,
            42.25064351925564
          ],
          [
            -84.47836471494762,
            42.25050965895099
          ],
          [
            -84.47835635898699,
            42.2501221711425
          ],
          [
            -84.47836792230119,
            42.24917393105173
          ],
          [
            -84.47837919730168,
            42.24871992316977
          ],
          [
            -84.47840392852295,
            42.24867132471627
          ]
        ]
      }
    },
    {
      "type": "Feature",
      "properties": {
        "OBJECTID": 696652,
        "FCC": "A41",
        "RDNAME": "Toro Rd",
        "FRADDL": 1059,
        "TOADDL": 1077,
        "FRADDR": 1080,
        "TOADDR": 1086,
        "ZIPL": 49201,
        "ZIPR": 49201,
        "FEDIRP": " ",
        "NAME": "Toro",
        "FETYPE": "Rd",
        "FEDIRS": " ",
        "FEDIRP2": " ",
        "NAME2": " ",
        "FETYPE2": " ",
        "FEDIRS2": " ",
        "FEDIRP3": " ",
        "NAME3": " ",
        "FETYPE3": " ",
        "FEDIRS3": " ",
        "FMCDL": 8760,
        "FMCDR": 8760,
        "COUNTYL": 75,
        "COUNTYR": 75,
        "NFC": 0,
        "RU_L": 3,
        "RU_R": 3,
        "PR": 898119,
        "BMP": 0.464,
        "EMP": 0.628,
        "BPT": "38021737",
        "EPT": "38006852",
        "LRS_LINK": " 8981193802173738006852",
        "LENGTH": 264.64299843,
        "VER": "17a",
        "ADJ_CNTY": 0,
        "LEGALSYSTEM": 0,
        "ShapeSTLength": 264.64293294472435,
        "PAVENTRA_SEGMENT_ID": "BLK-217-8981193802173738006852"
      },
      "geometry": {
        "type": "LineString",
        "coordinates": [
          [
            -84.47840392852295,
            42.24867132471627
          ],
          [
            -84.47841069924607,
            42.248658019355986
          ],
          [
            -84.47846029878599,
            42.248627163021524
          ],
          [
            -84.48047860686266,
            42.24864929270132
          ],
          [
            -84.48158396417254,
            42.24863088393734
          ]
        ]
      }
    },
    {
      "type": "Feature",
      "properties": {
        "OBJECTID": 696653,
        "FCC": "A41",
        "RDNAME": "Toro Rd",
        "FRADDL": 1066,
        "TOADDL": 1070,
        "FRADDR": 1082,
        "TOADDR": 1098,
        "ZIPL": 49201,
        "ZIPR": 49201,
        "FEDIRP": " ",
        "NAME": "Toro",
        "FETYPE": "Rd",
        "FEDIRS": " ",
        "FEDIRP2": " ",
        "NAME2": " ",
        "FETYPE2": " ",
        "FEDIRS2": " ",
        "FEDIRP3": " ",
        "NAME3": "Toro",
        "FETYPE3": "Dr",
        "FEDIRS3": " ",
        "FMCDL": 8760,
        "FMCDR": 8760,
        "COUNTYL": 75,
        "COUNTYR": 75,
        "NFC": 0,
        "RU_L": 3,
        "RU_R": 3,
        "PR": 904909,
        "BMP": 0.077,
        "EMP": 0.243,
        "BPT": "83026697",
        "EPT": "38006852",
        "LRS_LINK": " 9049098302669738006852",
        "LENGTH": 266.67218884,
        "VER": "17a",
        "ADJ_CNTY": 0,
        "LEGALSYSTEM": 0,
        "ShapeSTLength": 266.67216668488135,
        "PAVENTRA_SEGMENT_ID": "BLK-218-9049098302669738006852"
      },
      "geometry": {
        "type": "LineString",
        "coordinates": [
          [
            -84.48177674535268,
            42.25101419983828
          ],
          [
            -84.48163787436106,
            42.25071477354287
          ],
          [
            -84.48161233150779,
            42.25053632155451
          ],
          [
            -84.48158396417254,
            42.24863088393734
          ]
        ]
      }
    },
    {
      "type": "Feature",
      "properties": {
        "OBJECTID": 696687,
        "FCC": "A41",
        "RDNAME": "Tanbark Cir",
        "FRADDL": 1512,
        "TOADDL": 1400,
        "FRADDR": 0,
        "TOADDR": 0,
        "ZIPL": 49203,
        "ZIPR": 49203,
        "FEDIRP": " ",
        "NAME": "Tanbark",
        "FETYPE": "Cir",
        "FEDIRS": " ",
        "FEDIRP2": " ",
        "NAME2": " ",
        "FETYPE2": " ",
        "FEDIRS2": " ",
        "FEDIRP3": " ",
        "NAME3": "Tanbark",
        "FETYPE3": "Cir",
        "FEDIRS3": " ",
        "FMCDL": 8760,
        "FMCDR": 8760,
        "COUNTYL": 75,
        "COUNTYR": 75,
        "NFC": 0,
        "RU_L": 3,
        "RU_R": 3,
        "PR": 3380892,
        "BMP": 0.0,
        "EMP": 0.064,
        "BPT": "38017243",
        "EPT": "38006889",
        "LRS_LINK": "33808923801724338006889",
        "LENGTH": 103.49180806,
        "VER": "17a",
        "ADJ_CNTY": 0,
        "LEGALSYSTEM": 0,
        "ShapeSTLength": 103.49178107536287,
        "PAVENTRA_SEGMENT_ID": "BLK-219-33808923801724338006889"
      },
      "geometry": {
        "type": "LineString",
        "coordinates": [
          [
            -84.44931456119005,
            42.24845901251101
          ],
          [
            -84.44916298840569,
            42.24841763451107
          ],
          [
            -84.44903324430209,
            42.24838851455443
          ],
          [
            -84.4488939003082,
            42.24837564565258
          ],
          [
            -84.44876918500387,
            42.24836571117957
          ],
          [
            -84.44867583699094,
            42.24835075324999
          ],
          [
            -84.44860817512323,
            42.24833751963198
          ],
          [
            -84.44853378677614,
            42.24829961499699
          ],
          [
            -84.44823775774597,
            42.24806179502139
          ]
        ]
      }
    },
    {
      "type": "Feature",
      "properties": {
        "OBJECTID": 696688,
        "FCC": "A41",
        "RDNAME": "Tanbark Cir",
        "FRADDL": 0,
        "TOADDL": 0,
        "FRADDR": 0,
        "TOADDR": 0,
        "ZIPL": 49203,
        "ZIPR": 49203,
        "FEDIRP": " ",
        "NAME": "Tanbark",
        "FETYPE": "Cir",
        "FEDIRS": " ",
        "FEDIRP2": " ",
        "NAME2": " ",
        "FETYPE2": " ",
        "FEDIRS2": " ",
        "FEDIRP3": " ",
        "NAME3": "Tanbark",
        "FETYPE3": "Ln",
        "FEDIRS3": " ",
        "FMCDL": 8760,
        "FMCDR": 8760,
        "COUNTYL": 75,
        "COUNTYR": 75,
        "NFC": 0,
        "RU_L": 3,
        "RU_R": 3,
        "PR": 3380891,
        "BMP": 0.106,
        "EMP": 0.129,
        "BPT": "38006889",
        "EPT": "38006898",
        "LRS_LINK": "33808913800688938006898",
        "LENGTH": 37.13327078,
        "VER": "17a",
        "ADJ_CNTY": 0,
        "LEGALSYSTEM": 0,
        "ShapeSTLength": 37.133282131397976,
        "PAVENTRA_SEGMENT_ID": "BLK-220-33808913800688938006898"
      },
      "geometry": {
        "type": "LineString",
        "coordinates": [
          [
            -84.44823775774597,
            42.24806179502139
          ],
          [
            -84.44778773052072,
            42.24805480295481
          ]
        ]
      }
    },
    {
      "type": "Feature",
      "properties": {
        "OBJECTID": 696810,
        "FCC": "A41",
        "RDNAME": "Tanbark Cir",
        "FRADDL": 0,
        "TOADDL": 0,
        "FRADDR": 1600,
        "TOADDR": 1918,
        "ZIPL": 49203,
        "ZIPR": 49203,
        "FEDIRP": " ",
        "NAME": "Tanbark",
        "FETYPE": "Cir",
        "FEDIRS": " ",
        "FEDIRP2": " ",
        "NAME2": " ",
        "FETYPE2": " ",
        "FEDIRS2": " ",
        "FEDIRP3": " ",
        "NAME3": "Tanbark",
        "FETYPE3": "Cir",
        "FEDIRS3": " ",
        "FMCDL": 8760,
        "FMCDR": 8760,
        "COUNTYL": 75,
        "COUNTYR": 75,
        "NFC": 0,
        "RU_L": 3,
        "RU_R": 3,
        "PR": 3380891,
        "BMP": 0.0,
        "EMP": 0.106,
        "BPT": "38017243",
        "EPT": "38006889",
        "LRS_LINK": "33808913801724338006889",
        "LENGTH": 170.61300333,
        "VER": "17a",
        "ADJ_CNTY": 0,
        "LEGALSYSTEM": 0,
        "ShapeSTLength": 170.6130248520906,
        "PAVENTRA_SEGMENT_ID": "BLK-221-33808913801724338006889"
      },
      "geometry": {
        "type": "LineString",
        "coordinates": [
          [
            -84.44931456119005,
            42.24845901251101
          ],
          [
            -84.4493752638729,
            42.248453368086324
          ],
          [
            -84.44941259320122,
            42.248430677843544
          ],
          [
            -84.44943539864116,
            42.24840095687116
          ],
          [
            -84.44945123432039,
            42.248356119806886
          ],
          [
            -84.44943982387588,
            42.24829861385088
          ],
          [
            -84.44937589799342,
            42.24821033622958
          ],
          [
            -84.44938517945741,
            42.24813400360773
          ],
          [
            -84.44939986940491,
            42.248061842363875
          ],
          [
            -84.44939604892402,
            42.24799488414064
          ],
          [
            -84.44937739517505,
            42.24793318117627
          ],
          [
            -84.4493345821732,
            42.24788206380903
          ],
          [
            -84.44928220396281,
            42.247845831652924
          ],
          [
            -84.44922383160429,
            42.247828632228725
          ],
          [
            -84.44914282658269,
            42.247834328158405
          ],
          [
            -84.44900196447038,
            42.24788151511191
          ],
          [
            -84.44887198688578,
            42.24793431627097
          ],
          [
            -84.44868110868387,
            42.247997188664385
          ],
          [
            -84.44849646628435,
            42.24803147587296
          ],
          [
            -84.44823775774597,
            42.24806179502139
          ]
        ]
      }
    },
    {
      "type": "Feature",
      "properties": {
        "OBJECTID": 696817,
        "FCC": "A21",
        "RDNAME": "W Michigan Ave",
        "FRADDL": 0,
        "TOADDL": 0,
        "FRADDR": 0,
        "TOADDR": 0,
        "ZIPL": 49202,
        "ZIPR": 49202,
        "FEDIRP": "W",
        "NAME": "Michigan",
        "FETYPE": "Ave",
        "FEDIRS": " ",
        "FEDIRP2": " ",
        "NAME2": "I 94 BL",
        "FETYPE2": " ",
        "FEDIRS2": " ",
        "FEDIRP3": " ",
        "NAME3": " ",
        "FETYPE3": " ",
        "FEDIRS3": " ",
        "FMCDL": 8760,
        "FMCDR": 8760,
        "COUNTYL": 75,
        "COUNTYR": 75,
        "NFC": 3,
        "RU_L": 3,
        "RU_R": 3,
        "PR": 897207,
        "BMP": 14.065,
        "EMP": 14.148,
        "BPT": "38006740",
        "EPT": "38006945",
        "LRS_LINK": " 8972073800674038006945",
        "LENGTH": 132.95680429,
        "VER": "17a",
        "ADJ_CNTY": 0,
        "LEGALSYSTEM": 1,
        "ShapeSTLength": 132.9567957073017,
        "PAVENTRA_SEGMENT_ID": "BLK-222-8972073800674038006945"
      },
      "geometry": {
        "type": "LineString",
        "coordinates": [
          [
            -84.44293181696315,
            42.24859708814535
          ],
          [
            -84.44272565696805,
            42.248296859335134
          ],
          [
            -84.44242668130062,
            42.2480344155563
          ],
          [
            -84.44222649901404,
            42.247893577241186
          ],
          [
            -84.44189472606139,
            42.24770274215044
          ]
        ]
      }
    },
    {
      "type": "Feature",
      "properties": {
        "OBJECTID": 696922,
        "FCC": "A31",
        "RDNAME": "N Brown St",
        "FRADDL": 100,
        "TOADDL": 198,
        "FRADDR": 101,
        "TOADDR": 199,
        "ZIPL": 49202,
        "ZIPR": 49202,
        "FEDIRP": "N",
        "NAME": "Brown",
        "FETYPE": "St",
        "FEDIRS": " ",
        "FEDIRP2": " ",
        "NAME2": " ",
        "FETYPE2": " ",
        "FEDIRS2": " ",
        "FEDIRP3": " ",
        "NAME3": " ",
        "FETYPE3": " ",
        "FEDIRS3": " ",
        "FMCDL": 8760,
        "FMCDR": 41420,
        "COUNTYL": 75,
        "COUNTYR": 75,
        "NFC": 4,
        "RU_L": 3,
        "RU_R": 3,
        "PR": 910005,
        "BMP": 1.392,
        "EMP": 1.527,
        "BPT": "38006931",
        "EPT": "38006703",
        "LRS_LINK": " 9100053800693138006703",
        "LENGTH": 217.42097716,
        "VER": "17a",
        "ADJ_CNTY": 0,
        "LEGALSYSTEM": 4,
        "ShapeSTLength": 217.42093201400823,
        "PAVENTRA_SEGMENT_ID": "BLK-223-9100053800693138006703"
      },
      "geometry": {
        "type": "LineString",
        "coordinates": [
          [
            -84.43318461997224,
            42.2474144180238
          ],
          [
            -84.43320989738613,
            42.24937247737875
          ]
        ]
      }
    },
    {
      "type": "Feature",
      "properties": {
        "OBJECTID": 696937,
        "FCC": "A21",
        "RDNAME": "W Michigan Ave",
        "FRADDL": 1698,
        "TOADDL": 1600,
        "FRADDR": 1699,
        "TOADDR": 1601,
        "ZIPL": 49202,
        "ZIPR": 49202,
        "FEDIRP": "W",
        "NAME": "Michigan",
        "FETYPE": "Ave",
        "FEDIRS": " ",
        "FEDIRP2": " ",
        "NAME2": "I 94 BL",
        "FETYPE2": " ",
        "FEDIRS2": " ",
        "FEDIRP3": " ",
        "NAME3": " ",
        "FETYPE3": " ",
        "FEDIRS3": " ",
        "FMCDL": 8760,
        "FMCDR": 77200,
        "COUNTYL": 75,
        "COUNTYR": 75,
        "NFC": 3,
        "RU_L": 3,
        "RU_R": 3,
        "PR": 897207,
        "BMP": 14.533,
        "EMP": 14.597,
        "BPT": "38006932",
        "EPT": "38006931",
        "LRS_LINK": " 8972073800693238006931",
        "LENGTH": 103.05693501,
        "VER": "17a",
        "ADJ_CNTY": 0,
        "LEGALSYSTEM": 1,
        "ShapeSTLength": 103.05694191198378,
        "PAVENTRA_SEGMENT_ID": "BLK-224-8972073800693238006931"
      },
      "geometry": {
        "type": "LineString",
        "coordinates": [
          [
            -84.43443379435226,
            42.247405451847776
          ],
          [
            -84.43318461997224,
            42.2474144180238
          ]
        ]
      }
    },
    {
      "type": "Feature",
      "properties": {
        "OBJECTID": 696941,
        "FCC": "A21",
        "RDNAME": "W Michigan Ave",
        "FRADDL": 1798,
        "TOADDL": 1700,
        "FRADDR": 1799,
        "TOADDR": 1701,
        "ZIPL": 49202,
        "ZIPR": 49202,
        "FEDIRP": "W",
        "NAME": "Michigan",
        "FETYPE": "Ave",
        "FEDIRS": " ",
        "FEDIRP2": " ",
        "NAME2": "I 94 BL",
        "FETYPE2": " ",
        "FEDIRS2": " ",
        "FEDIRP3": " ",
        "NAME3": " ",
        "FETYPE3": " ",
        "FEDIRS3": " ",
        "FMCDL": 8760,
        "FMCDR": 77200,
        "COUNTYL": 75,
        "COUNTYR": 75,
        "NFC": 3,
        "RU_L": 3,
        "RU_R": 3,
        "PR": 897207,
        "BMP": 14.472,
        "EMP": 14.533,
        "BPT": "38006935",
        "EPT": "38006932",
        "LRS_LINK": " 8972073800693538006932",
        "LENGTH": 99.42451157,
        "VER": "17a",
        "ADJ_CNTY": 0,
        "LEGALSYSTEM": 1,
        "ShapeSTLength": 99.42446830202312,
        "PAVENTRA_SEGMENT_ID": "BLK-225-8972073800693538006932"
      },
      "geometry": {
        "type": "LineString",
        "coordinates": [
          [
            -84.4356389344329,
            42.24741442713074
          ],
          [
            -84.43443379435226,
            42.247405451847776
          ]
        ]
      }
    },
    {
      "type": "Feature",
      "properties": {
        "OBJECTID": 696982,
        "FCC": "A21",
        "RDNAME": "W Michigan Ave",
        "FRADDL": 2098,
        "TOADDL": 1800,
        "FRADDR": 2099,
        "TOADDR": 1801,
        "ZIPL": 49202,
        "ZIPR": 49202,
        "FEDIRP": "W",
        "NAME": "Michigan",
        "FETYPE": "Ave",
        "FEDIRS": " ",
        "FEDIRP2": " ",
        "NAME2": "I 94 BL",
        "FETYPE2": " ",
        "FEDIRS2": " ",
        "FEDIRP3": " ",
        "NAME3": " ",
        "FETYPE3": " ",
        "FEDIRS3": " ",
        "FMCDL": 8760,
        "FMCDR": 77200,
        "COUNTYL": 75,
        "COUNTYR": 75,
        "NFC": 3,
        "RU_L": 3,
        "RU_R": 3,
        "PR": 897207,
        "BMP": 14.285,
        "EMP": 14.472,
        "BPT": "38006941",
        "EPT": "38006935",
        "LRS_LINK": " 8972073800694138006935",
        "LENGTH": 300.22926512,
        "VER": "17a",
        "ADJ_CNTY": 0,
        "LEGALSYSTEM": 1,
        "ShapeSTLength": 300.2293065250293,
        "PAVENTRA_SEGMENT_ID": "BLK-226-8972073800694138006935"
      },
      "geometry": {
        "type": "LineString",
        "coordinates": [
          [
            -84.43927824381926,
            42.24741200189327
          ],
          [
            -84.4356389344329,
            42.24741442713074
          ]
        ]
      }
    },
    {
      "type": "Feature",
      "properties": {
        "OBJECTID": 696995,
        "FCC": "A32",
        "RDNAME": "W Main St",
        "FRADDL": 2498,
        "TOADDL": 2300,
        "FRADDR": 2399,
        "TOADDR": 2301,
        "ZIPL": 49203,
        "ZIPR": 49203,
        "FEDIRP": "W",
        "NAME": "Main",
        "FETYPE": "St",
        "FEDIRS": " ",
        "FEDIRP2": " ",
        "NAME2": " ",
        "FETYPE2": " ",
        "FEDIRS2": " ",
        "FEDIRP3": " ",
        "NAME3": " ",
        "FETYPE3": " ",
        "FEDIRS3": " ",
        "FMCDL": 8760,
        "FMCDR": 77200,
        "COUNTYL": 75,
        "COUNTYR": 75,
        "NFC": 7,
        "RU_L": 3,
        "RU_R": 3,
        "PR": 909105,
        "BMP": 0.0,
        "EMP": 0.053,
        "BPT": "38006949",
        "EPT": "38006945",
        "LRS_LINK": " 9091053800694938006945",
        "LENGTH": 85.31417267,
        "VER": "17a",
        "ADJ_CNTY": 0,
        "LEGALSYSTEM": 2,
        "ShapeSTLength": 85.31419364500235,
        "PAVENTRA_SEGMENT_ID": "BLK-227-9091053800694938006945"
      },
      "geometry": {
        "type": "LineString",
        "coordinates": [
          [
            -84.44273561973493,
            42.2474524254758
          ],
          [
            -84.44245301513004,
            42.247442089066084
          ],
          [
            -84.44224316225709,
            42.247437352767236
          ],
          [
            -84.44212694581502,
            42.247451861350854
          ],
          [
            -84.44204396013652,
            42.24748835480224
          ],
          [
            -84.441974585881,
            42.247559108660724
          ],
          [
            -84.44189472606139,
            42.24770274215044
          ]
        ]
      }
    },
    {
      "type": "Feature",
      "properties": {
        "OBJECTID": 696996,
        "FCC": "A21",
        "RDNAME": "W Michigan Ave",
        "FRADDL": 2298,
        "TOADDL": 2100,
        "FRADDR": 2299,
        "TOADDR": 2101,
        "ZIPL": 49202,
        "ZIPR": 49202,
        "FEDIRP": "W",
        "NAME": "Michigan",
        "FETYPE": "Ave",
        "FEDIRS": " ",
        "FEDIRP2": " ",
        "NAME2": "I 94 BL",
        "FETYPE2": " ",
        "FEDIRS2": " ",
        "FEDIRP3": " ",
        "NAME3": " ",
        "FETYPE3": " ",
        "FEDIRS3": " ",
        "FMCDL": 8760,
        "FMCDR": 77200,
        "COUNTYL": 75,
        "COUNTYR": 75,
        "NFC": 3,
        "RU_L": 3,
        "RU_R": 3,
        "PR": 897207,
        "BMP": 14.148,
        "EMP": 14.285,
        "BPT": "38006945",
        "EPT": "38006941",
        "LRS_LINK": " 8972073800694538006941",
        "LENGTH": 221.34188143,
        "VER": "17a",
        "ADJ_CNTY": 0,
        "LEGALSYSTEM": 1,
        "ShapeSTLength": 221.34182151192775,
        "PAVENTRA_SEGMENT_ID": "BLK-228-8972073800694538006941"
      },
      "geometry": {
        "type": "LineString",
        "coordinates": [
          [
            -84.44189472606139,
            42.24770274215044
          ],
          [
            -84.4415275038619,
            42.24757208928105
          ],
          [
            -84.44123565255204,
            42.24750120528423
          ],
          [
            -84.44089787815969,
            42.24744026561513
          ],
          [
            -84.44062296341744,
            42.247420035690794
          ],
          [
            -84.44028536386645,
            42.24740983887612
          ],
          [
            -84.43927824381926,
            42.24741200189327
          ]
        ]
      }
    },
    {
      "type": "Feature",
      "properties": {
        "OBJECTID": 697012,
        "FCC": "A41",
        "RDNAME": "Tanbark Ln E",
        "FRADDL": 0,
        "TOADDL": 0,
        "FRADDR": 1315,
        "TOADDR": 1200,
        "ZIPL": 49203,
        "ZIPR": 49203,
        "FEDIRP": " ",
        "NAME": "Tanbark",
        "FETYPE": "Ln",
        "FEDIRS": "E",
        "FEDIRP2": " ",
        "NAME2": " ",
        "FETYPE2": " ",
        "FEDIRS2": " ",
        "FEDIRP3": "E",
        "NAME3": "Tanbark",
        "FETYPE3": "Ln",
        "FEDIRS3": " ",
        "FMCDL": 8760,
        "FMCDR": 8760,
        "COUNTYL": 75,
        "COUNTYR": 75,
        "NFC": 0,
        "RU_L": 3,
        "RU_R": 3,
        "PR": 3380890,
        "BMP": 0.185,
        "EMP": 0.339,
        "BPT": "38006898",
        "EPT": "38006953",
        "LRS_LINK": "33808903800689838006953",
        "LENGTH": 248.93077047,
        "VER": "17a",
        "ADJ_CNTY": 0,
        "LEGALSYSTEM": 0,
        "ShapeSTLength": 248.93081906216898,
        "PAVENTRA_SEGMENT_ID": "BLK-229-33808903800689838006953"
      },
      "geometry": {
        "type": "LineString",
        "coordinates": [
          [
            -84.44778773052072,
            42.24805480295481
          ],
          [
            -84.4476483561078,
            42.248127064394694
          ],
          [
            -84.44747537965983,
            42.248193671053286
          ],
          [
            -84.44730897275052,
            42.248230170475246
          ],
          [
            -84.44703649634423,
            42.24821341939946
          ],
          [
            -84.44664634173785,
            42.24814325290106
          ],
          [
            -84.44622497373379,
            42.24804460786162
          ],
          [
            -84.44580448157174,
            42.24791146171141
          ],
          [
            -84.44554958331258,
            42.24777538636757
          ],
          [
            -84.4453135632839,
            42.24762959938372
          ],
          [
            -84.44515461671187,
            42.24745410199994
          ]
        ]
      }
    },
    {
      "type": "Feature",
      "properties": {
        "OBJECTID": 697016,
        "FCC": "A41",
        "RDNAME": "Tanbark Ln W",
        "FRADDL": 1290,
        "TOADDL": 1300,
        "FRADDR": 1301,
        "TOADDR": 1307,
        "ZIPL": 49203,
        "ZIPR": 49203,
        "FEDIRP": " ",
        "NAME": "Tanbark",
        "FETYPE": "Ln",
        "FEDIRS": "W",
        "FEDIRP2": " ",
        "NAME2": " ",
        "FETYPE2": " ",
        "FEDIRS2": " ",
        "FEDIRP3": "W",
        "NAME3": "Tanbark",
        "FETYPE3": "Ln",
        "FEDIRS3": " ",
        "FMCDL": 8760,
        "FMCDR": 8760,
        "COUNTYL": 75,
        "COUNTYR": 75,
        "NFC": 0,
        "RU_L": 3,
        "RU_R": 3,
        "PR": 3380890,
        "BMP": 0.131,
        "EMP": 0.185,
        "BPT": "38006943",
        "EPT": "38006898",
        "LRS_LINK": "33808903800694338006898",
        "LENGTH": 86.44967874,
        "VER": "17a",
        "ADJ_CNTY": 0,
        "LEGALSYSTEM": 0,
        "ShapeSTLength": 86.44967400278027,
        "PAVENTRA_SEGMENT_ID": "BLK-230-33808903800694338006898"
      },
      "geometry": {
        "type": "LineString",
        "coordinates": [
          [
            -84.4471708370626,
            42.24747728977209
          ],
          [
            -84.44741581291571,
            42.24756515057197
          ],
          [
            -84.44752155505093,
            42.247631338402776
          ],
          [
            -84.4475804798667,
            42.24771197161012
          ],
          [
            -84.44760468809947,
            42.24778780478259
          ],
          [
            -84.44764811952463,
            42.24790704703179
          ],
          [
            -84.44778773052072,
            42.24805480295481
          ]
        ]
      }
    },
    {
      "type": "Feature",
      "properties": {
        "OBJECTID": 697149,
        "FCC": "A32",
        "RDNAME": "W Main St",
        "FRADDL": 0,
        "TOADDL": 0,
        "FRADDR": 0,
        "TOADDR": 0,
        "ZIPL": 49203,
        "ZIPR": 49203,
        "FEDIRP": "W",
        "NAME": "Main",
        "FETYPE": "St",
        "FEDIRS": " ",
        "FEDIRP2": " ",
        "NAME2": " ",
        "FETYPE2": " ",
        "FEDIRS2": " ",
        "FEDIRP3": " ",
        "NAME3": " ",
        "FETYPE3": " ",
        "FEDIRS3": " ",
        "FMCDL": 8760,
        "FMCDR": 77200,
        "COUNTYL": 75,
        "COUNTYR": 75,
        "NFC": 7,
        "RU_L": 3,
        "RU_R": 3,
        "PR": 910610,
        "BMP": 0.243,
        "EMP": 0.489,
        "BPT": "38006970",
        "EPT": "38006961",
        "LRS_LINK": " 9106103800697038006961",
        "LENGTH": 395.69712666,
        "VER": "17a",
        "ADJ_CNTY": 0,
        "LEGALSYSTEM": 3,
        "ShapeSTLength": 395.69707067382416,
        "PAVENTRA_SEGMENT_ID": "BLK-231-9106103800697038006961"
      },
      "geometry": {
        "type": "LineString",
        "coordinates": [
          [
            -84.45783597715686,
            42.247446820953115
          ],
          [
            -84.45527590283857,
            42.24745602737134
          ],
          [
            -84.45303945698429,
            42.24745634189644
          ]
        ]
      }
    },
    {
      "type": "Feature",
      "properties": {
        "OBJECTID": 697150,
        "FCC": "A32",
        "RDNAME": "Oak Grove Ave",
        "FRADDL": 360,
        "TOADDL": 330,
        "FRADDR": 0,
        "TOADDR": 0,
        "ZIPL": 49203,
        "ZIPR": 49203,
        "FEDIRP": " ",
        "NAME": "Oak Grove",
        "FETYPE": "Ave",
        "FEDIRS": " ",
        "FEDIRP2": " ",
        "NAME2": " ",
        "FETYPE2": " ",
        "FEDIRS2": " ",
        "FEDIRP3": " ",
        "NAME3": "Oakgrove",
        "FETYPE3": "Ave",
        "FEDIRS3": " ",
        "FMCDL": 8760,
        "FMCDR": 8760,
        "COUNTYL": 75,
        "COUNTYR": 75,
        "NFC": 7,
        "RU_L": 3,
        "RU_R": 3,
        "PR": 900206,
        "BMP": 0.0,
        "EMP": 0.115,
        "BPT": "38006970",
        "EPT": "38006769",
        "LRS_LINK": " 9002063800697038006769",
        "LENGTH": 185.28731935,
        "VER": "17a",
        "ADJ_CNTY": 0,
        "LEGALSYSTEM": 3,
        "ShapeSTLength": 185.2873754896701,
        "PAVENTRA_SEGMENT_ID": "BLK-232-9002063800697038006769"
      },
      "geometry": {
        "type": "LineString",
        "coordinates": [
          [
            -84.45783597715686,
            42.247446820953115
          ],
          [
            -84.45781985234626,
            42.249115523254765
          ]
        ]
      }
    },
    {
      "type": "Feature",
      "properties": {
        "OBJECTID": 697168,
        "FCC": "A32",
        "RDNAME": "W Main St",
        "FRADDL": 0,
        "TOADDL": 0,
        "FRADDR": 0,
        "TOADDR": 0,
        "ZIPL": 49203,
        "ZIPR": 49203,
        "FEDIRP": "W",
        "NAME": "Main",
        "FETYPE": "St",
        "FEDIRS": " ",
        "FEDIRP2": " ",
        "NAME2": " ",
        "FETYPE2": " ",
        "FEDIRS2": " ",
        "FEDIRP3": " ",
        "NAME3": " ",
        "FETYPE3": " ",
        "FEDIRS3": " ",
        "FMCDL": 8760,
        "FMCDR": 77200,
        "COUNTYL": 75,
        "COUNTYR": 75,
        "NFC": 7,
        "RU_L": 3,
        "RU_R": 3,
        "PR": 910610,
        "BMP": 0.186,
        "EMP": 0.243,
        "BPT": "38006971",
        "EPT": "38006970",
        "LRS_LINK": " 9106103800697138006970",
        "LENGTH": 93.1960645,
        "VER": "17a",
        "ADJ_CNTY": 0,
        "LEGALSYSTEM": 3,
        "ShapeSTLength": 93.19609257265027,
        "PAVENTRA_SEGMENT_ID": "BLK-233-9106103800697138006970"
      },
      "geometry": {
        "type": "LineString",
        "coordinates": [
          [
            -84.45896567824718,
            42.247447700443054
          ],
          [
            -84.45783597715686,
            42.247446820953115
          ]
        ]
      }
    },
    {
      "type": "Feature",
      "properties": {
        "OBJECTID": 697169,
        "FCC": "A32",
        "RDNAME": "W Main St",
        "FRADDL": 0,
        "TOADDL": 0,
        "FRADDR": 0,
        "TOADDR": 0,
        "ZIPL": 49203,
        "ZIPR": 49203,
        "FEDIRP": "W",
        "NAME": "Main",
        "FETYPE": "St",
        "FEDIRS": " ",
        "FEDIRP2": " ",
        "NAME2": " ",
        "FETYPE2": " ",
        "FEDIRS2": " ",
        "FEDIRP3": " ",
        "NAME3": " ",
        "FETYPE3": " ",
        "FEDIRS3": " ",
        "FMCDL": 8760,
        "FMCDR": 77200,
        "COUNTYL": 75,
        "COUNTYR": 75,
        "NFC": 7,
        "RU_L": 3,
        "RU_R": 3,
        "PR": 910610,
        "BMP": 0.182,
        "EMP": 0.186,
        "BPT": "38006972",
        "EPT": "38006971",
        "LRS_LINK": " 9106103800697238006971",
        "LENGTH": 5.11737482,
        "VER": "17a",
        "ADJ_CNTY": 0,
        "LEGALSYSTEM": 3,
        "ShapeSTLength": 5.117374002357068,
        "PAVENTRA_SEGMENT_ID": "BLK-234-9106103800697238006971"
      },
      "geometry": {
        "type": "LineString",
        "coordinates": [
          [
            -84.4590277065096,
            42.24744818114029
          ],
          [
            -84.45896567824718,
            42.247447700443054
          ]
        ]
      }
    },
    {
      "type": "Feature",
      "properties": {
        "OBJECTID": 697170,
        "FCC": "A32",
        "RDNAME": "Kenneth St",
        "FRADDL": 330,
        "TOADDL": 300,
        "FRADDR": 331,
        "TOADDR": 301,
        "ZIPL": 49203,
        "ZIPR": 49203,
        "FEDIRP": " ",
        "NAME": "Kenneth",
        "FETYPE": "St",
        "FEDIRS": " ",
        "FEDIRP2": " ",
        "NAME2": " ",
        "FETYPE2": " ",
        "FEDIRS2": " ",
        "FEDIRP3": " ",
        "NAME3": " ",
        "FETYPE3": " ",
        "FEDIRS3": " ",
        "FMCDL": 8760,
        "FMCDR": 8760,
        "COUNTYL": 75,
        "COUNTYR": 75,
        "NFC": 7,
        "RU_L": 3,
        "RU_R": 3,
        "PR": 3380052,
        "BMP": 0.0,
        "EMP": 0.116,
        "BPT": "38006972",
        "EPT": "38006773",
        "LRS_LINK": "33800523800697238006773",
        "LENGTH": 186.73460947,
        "VER": "17a",
        "ADJ_CNTY": 0,
        "LEGALSYSTEM": 3,
        "ShapeSTLength": 186.73460275173963,
        "PAVENTRA_SEGMENT_ID": "BLK-235-33800523800697238006773"
      },
      "geometry": {
        "type": "LineString",
        "coordinates": [
          [
            -84.4590277065096,
            42.24744818114029
          ],
          [
            -84.45899783382265,
            42.24912981403302
          ]
        ]
      }
    },
    {
      "type": "Feature",
      "properties": {
        "OBJECTID": 697177,
        "FCC": "A32",
        "RDNAME": "W Main St",
        "FRADDL": 0,
        "TOADDL": 0,
        "FRADDR": 0,
        "TOADDR": 0,
        "ZIPL": 49203,
        "ZIPR": 49203,
        "FEDIRP": "W",
        "NAME": "Main",
        "FETYPE": "St",
        "FEDIRS": " ",
        "FEDIRP2": " ",
        "NAME2": " ",
        "FETYPE2": " ",
        "FEDIRS2": " ",
        "FEDIRP3": " ",
        "NAME3": " ",
        "FETYPE3": " ",
        "FEDIRS3": " ",
        "FMCDL": 8760,
        "FMCDR": 77200,
        "COUNTYL": 75,
        "COUNTYR": 75,
        "NFC": 7,
        "RU_L": 3,
        "RU_R": 3,
        "PR": 910610,
        "BMP": 0.123,
        "EMP": 0.182,
        "BPT": "38006975",
        "EPT": "38006972",
        "LRS_LINK": " 9106103800697538006972",
        "LENGTH": 95.54686096,
        "VER": "17a",
        "ADJ_CNTY": 0,
        "LEGALSYSTEM": 3,
        "ShapeSTLength": 95.54684434786073,
        "PAVENTRA_SEGMENT_ID": "BLK-236-9106103800697538006972"
      },
      "geometry": {
        "type": "LineString",
        "coordinates": [
          [
            -84.46018580914732,
            42.247456089620314
          ],
          [
            -84.45974217429973,
            42.247456769042785
          ],
          [
            -84.4590277065096,
            42.24744818114029
          ]
        ]
      }
    },
    {
      "type": "Feature",
      "properties": {
        "OBJECTID": 697178,
        "FCC": "A32",
        "RDNAME": "Evelyn St",
        "FRADDL": 330,
        "TOADDL": 300,
        "FRADDR": 331,
        "TOADDR": 301,
        "ZIPL": 49203,
        "ZIPR": 49203,
        "FEDIRP": " ",
        "NAME": "Evelyn",
        "FETYPE": "St",
        "FEDIRS": " ",
        "FEDIRP2": " ",
        "NAME2": " ",
        "FETYPE2": " ",
        "FEDIRS2": " ",
        "FEDIRP3": " ",
        "NAME3": " ",
        "FETYPE3": " ",
        "FEDIRS3": " ",
        "FMCDL": 8760,
        "FMCDR": 8760,
        "COUNTYL": 75,
        "COUNTYR": 75,
        "NFC": 7,
        "RU_L": 3,
        "RU_R": 3,
        "PR": 910705,
        "BMP": 0.0,
        "EMP": 0.115,
        "BPT": "38006975",
        "EPT": "38006775",
        "LRS_LINK": " 9107053800697538006775",
        "LENGTH": 185.29703264,
        "VER": "17a",
        "ADJ_CNTY": 0,
        "LEGALSYSTEM": 3,
        "ShapeSTLength": 185.2970168419359,
        "PAVENTRA_SEGMENT_ID": "BLK-237-9107053800697538006775"
      },
      "geometry": {
        "type": "LineString",
        "coordinates": [
          [
            -84.46018580914732,
            42.247456089620314
          ],
          [
            -84.46018655658408,
            42.24759414038347
          ],
          [
            -84.46015966025045,
            42.24912479010062
          ]
        ]
      }
    },
    {
      "type": "Feature",
      "properties": {
        "OBJECTID": 697189,
        "FCC": "A32",
        "RDNAME": "W Main St",
        "FRADDL": 0,
        "TOADDL": 0,
        "FRADDR": 0,
        "TOADDR": 0,
        "ZIPL": 49203,
        "ZIPR": 49203,
        "FEDIRP": "W",
        "NAME": "Main",
        "FETYPE": "St",
        "FEDIRS": " ",
        "FEDIRP2": " ",
        "NAME2": " ",
        "FETYPE2": " ",
        "FEDIRS2": " ",
        "FEDIRP3": " ",
        "NAME3": " ",
        "FETYPE3": " ",
        "FEDIRS3": " ",
        "FMCDL": 8760,
        "FMCDR": 77200,
        "COUNTYL": 75,
        "COUNTYR": 75,
        "NFC": 7,
        "RU_L": 3,
        "RU_R": 3,
        "PR": 910610,
        "BMP": 0.065,
        "EMP": 0.123,
        "BPT": "38006977",
        "EPT": "38006975",
        "LRS_LINK": " 9106103800697738006975",
        "LENGTH": 93.63031708,
        "VER": "17a",
        "ADJ_CNTY": 0,
        "LEGALSYSTEM": 3,
        "ShapeSTLength": 93.63030242421522,
        "PAVENTRA_SEGMENT_ID": "BLK-238-9106103800697738006975"
      },
      "geometry": {
        "type": "LineString",
        "coordinates": [
          [
            -84.46132077190074,
            42.24745434713804
          ],
          [
            -84.46018580914732,
            42.247456089620314
          ]
        ]
      }
    },
    {
      "type": "Feature",
      "properties": {
        "OBJECTID": 697190,
        "FCC": "A32",
        "RDNAME": "Max St",
        "FRADDL": 330,
        "TOADDL": 300,
        "FRADDR": 417,
        "TOADDR": 401,
        "ZIPL": 49203,
        "ZIPR": 49203,
        "FEDIRP": " ",
        "NAME": "Max",
        "FETYPE": "St",
        "FEDIRS": " ",
        "FEDIRP2": " ",
        "NAME2": " ",
        "FETYPE2": " ",
        "FEDIRS2": " ",
        "FEDIRP3": " ",
        "NAME3": " ",
        "FETYPE3": " ",
        "FEDIRS3": " ",
        "FMCDL": 8760,
        "FMCDR": 8760,
        "COUNTYL": 75,
        "COUNTYR": 75,
        "NFC": 7,
        "RU_L": 3,
        "RU_R": 3,
        "PR": 900205,
        "BMP": 0.0,
        "EMP": 0.114,
        "BPT": "38006977",
        "EPT": "38006777",
        "LRS_LINK": " 9002053800697738006777",
        "LENGTH": 184.07462919,
        "VER": "17a",
        "ADJ_CNTY": 0,
        "LEGALSYSTEM": 3,
        "ShapeSTLength": 184.07467604559298,
        "PAVENTRA_SEGMENT_ID": "BLK-239-9002053800697738006777"
      },
      "geometry": {
        "type": "LineString",
        "coordinates": [
          [
            -84.46132077190074,
            42.24745434713804
          ],
          [
            -84.46130919433382,
            42.24911214809857
          ]
        ]
      }
    },
    {
      "type": "Feature",
      "properties": {
        "OBJECTID": 697193,
        "FCC": "A32",
        "RDNAME": "W Main St",
        "FRADDL": 0,
        "TOADDL": 0,
        "FRADDR": 0,
        "TOADDR": 0,
        "ZIPL": 49203,
        "ZIPR": 49203,
        "FEDIRP": "W",
        "NAME": "Main",
        "FETYPE": "St",
        "FEDIRS": " ",
        "FEDIRP2": " ",
        "NAME2": " ",
        "FETYPE2": " ",
        "FEDIRS2": " ",
        "FEDIRP3": " ",
        "NAME3": " ",
        "FETYPE3": " ",
        "FEDIRS3": " ",
        "FMCDL": 8760,
        "FMCDR": 77200,
        "COUNTYL": 75,
        "COUNTYR": 75,
        "NFC": 7,
        "RU_L": 3,
        "RU_R": 3,
        "PR": 910610,
        "BMP": 0.0,
        "EMP": 0.065,
        "BPT": "38006979",
        "EPT": "38006977",
        "LRS_LINK": " 9106103800697938006977",
        "LENGTH": 104.18962977,
        "VER": "17a",
        "ADJ_CNTY": 0,
        "LEGALSYSTEM": 3,
        "ShapeSTLength": 104.18967399814629,
        "PAVENTRA_SEGMENT_ID": "BLK-240-9106103800697938006977"
      },
      "geometry": {
        "type": "LineString",
        "coordinates": [
          [
            -84.46258364823346,
            42.24746537312085
          ],
          [
            -84.46132077190074,
            42.24745434713804
          ]
        ]
      }
    },
    {
      "type": "Feature",
      "properties": {
        "OBJECTID": 697194,
        "FCC": "A31",
        "RDNAME": "Robinson Rd",
        "FRADDL": 330,
        "TOADDL": 300,
        "FRADDR": 331,
        "TOADDR": 301,
        "ZIPL": 49203,
        "ZIPR": 49203,
        "FEDIRP": " ",
        "NAME": "Robinson",
        "FETYPE": "Rd",
        "FEDIRS": " ",
        "FEDIRP2": " ",
        "NAME2": " ",
        "FETYPE2": " ",
        "FEDIRS2": " ",
        "FEDIRP3": " ",
        "NAME3": " ",
        "FETYPE3": " ",
        "FEDIRS3": " ",
        "FMCDL": 8760,
        "FMCDR": 8760,
        "COUNTYL": 75,
        "COUNTYR": 75,
        "NFC": 4,
        "RU_L": 3,
        "RU_R": 3,
        "PR": 899806,
        "BMP": 2.741,
        "EMP": 2.858,
        "BPT": "38006979",
        "EPT": "38006761",
        "LRS_LINK": " 8998063800697938006761",
        "LENGTH": 187.83018866,
        "VER": "17a",
        "ADJ_CNTY": 0,
        "LEGALSYSTEM": 2,
        "ShapeSTLength": 187.83015155690526,
        "PAVENTRA_SEGMENT_ID": "BLK-241-8998063800697938006761"
      },
      "geometry": {
        "type": "LineString",
        "coordinates": [
          [
            -84.46258364823346,
            42.24746537312085
          ],
          [
            -84.46259724134389,
            42.24915698895205
          ]
        ]
      }
    },
    {
      "type": "Feature",
      "properties": {
        "OBJECTID": 697202,
        "FCC": "A32",
        "RDNAME": "Woodland Ave",
        "FRADDL": 450,
        "TOADDL": 100,
        "FRADDR": 451,
        "TOADDR": 101,
        "ZIPL": 49203,
        "ZIPR": 49203,
        "FEDIRP": " ",
        "NAME": "Woodland",
        "FETYPE": "Ave",
        "FEDIRS": " ",
        "FEDIRP2": " ",
        "NAME2": " ",
        "FETYPE2": " ",
        "FEDIRS2": " ",
        "FEDIRP3": " ",
        "NAME3": " ",
        "FETYPE3": " ",
        "FEDIRS3": " ",
        "FMCDL": 8760,
        "FMCDR": 8760,
        "COUNTYL": 75,
        "COUNTYR": 75,
        "NFC": 7,
        "RU_L": 3,
        "RU_R": 3,
        "PR": 900202,
        "BMP": 0.0,
        "EMP": 0.494,
        "BPT": "38006980",
        "EPT": "38006165",
        "LRS_LINK": " 9002023800698038006165",
        "LENGTH": 794.80592324,
        "VER": "17a",
        "ADJ_CNTY": 0,
        "LEGALSYSTEM": 3,
        "ShapeSTLength": 794.8059238071558,
        "PAVENTRA_SEGMENT_ID": "BLK-242-9002023800698038006165"
      },
      "geometry": {
        "type": "LineString",
        "coordinates": [
          [
            -84.47120362189382,
            42.24757088321423
          ],
          [
            -84.47121370586693,
            42.24764419604228
          ],
          [
            -84.47120180832789,
            42.254728714662335
          ]
        ]
      }
    },
    {
      "type": "Feature",
      "properties": {
        "OBJECTID": 697216,
        "FCC": "A32",
        "RDNAME": "Pershing Ave",
        "FRADDL": 550,
        "TOADDL": 330,
        "FRADDR": 555,
        "TOADDR": 331,
        "ZIPL": 49203,
        "ZIPR": 49203,
        "FEDIRP": " ",
        "NAME": "Pershing",
        "FETYPE": "Ave",
        "FEDIRS": " ",
        "FEDIRP2": " ",
        "NAME2": " ",
        "FETYPE2": " ",
        "FEDIRS2": " ",
        "FEDIRP3": " ",
        "NAME3": "Pershing",
        "FETYPE3": "St",
        "FEDIRS3": " ",
        "FMCDL": 8760,
        "FMCDR": 8760,
        "COUNTYL": 75,
        "COUNTYR": 75,
        "NFC": 7,
        "RU_L": 3,
        "RU_R": 3,
        "PR": 900203,
        "BMP": 0.0,
        "EMP": 0.254,
        "BPT": "38006989",
        "EPT": "38006581",
        "LRS_LINK": " 9002033800698938006581",
        "LENGTH": 409.14898693,
        "VER": "17a",
        "ADJ_CNTY": 0,
        "LEGALSYSTEM": 3,
        "ShapeSTLength": 409.1490577748858,
        "PAVENTRA_SEGMENT_ID": "BLK-243-9002033800698938006581"
      },
      "geometry": {
        "type": "LineString",
        "coordinates": [
          [
            -84.46879207993057,
            42.247482468407625
          ],
          [
            -84.46880273850397,
            42.25005413692251
          ],
          [
            -84.46877680650778,
            42.25116718845195
          ]
        ]
      }
    },
    {
      "type": "Feature",
      "properties": {
        "OBJECTID": 697233,
        "FCC": "A32",
        "RDNAME": "Barnes Rd",
        "FRADDL": 0,
        "TOADDL": 0,
        "FRADDR": 0,
        "TOADDR": 0,
        "ZIPL": 49203,
        "ZIPR": 49203,
        "FEDIRP": " ",
        "NAME": "Barnes",
        "FETYPE": "Rd",
        "FEDIRS": " ",
        "FEDIRP2": " ",
        "NAME2": " ",
        "FETYPE2": " ",
        "FEDIRS2": " ",
        "FEDIRP3": " ",
        "NAME3": " ",
        "FETYPE3": " ",
        "FEDIRS3": " ",
        "FMCDL": 8760,
        "FMCDR": 77200,
        "COUNTYL": 75,
        "COUNTYR": 75,
        "NFC": 7,
        "RU_L": 3,
        "RU_R": 3,
        "PR": 917406,
        "BMP": 0.0,
        "EMP": 0.127,
        "BPT": "38006980",
        "EPT": "38006989",
        "LRS_LINK": " 9174063800698038006989",
        "LENGTH": 203.97568432,
        "VER": "17a",
        "ADJ_CNTY": 0,
        "LEGALSYSTEM": 3,
        "ShapeSTLength": 203.97577553140545,
        "PAVENTRA_SEGMENT_ID": "BLK-244-9174063800698038006989"
      },
      "geometry": {
        "type": "LineString",
        "coordinates": [
          [
            -84.47120362189382,
            42.24757088321423
          ],
          [
            -84.47118015819925,
            42.247530805061174
          ],
          [
            -84.47115057469192,
            42.247500337716254
          ],
          [
            -84.47109635151884,
            42.24748456143443
          ],
          [
            -84.47088829106788,
            42.247472678054116
          ],
          [
            -84.46879207993057,
            42.247482468407625
          ]
        ]
      }
    },
    {
      "type": "Feature",
      "properties": {
        "OBJECTID": 697264,
        "FCC": "A12",
        "RDNAME": "M 60",
        "FRADDL": 0,
        "TOADDL": 0,
        "FRADDR": 0,
        "TOADDR": 0,
        "ZIPL": 49201,
        "ZIPR": 49201,
        "FEDIRP": " ",
        "NAME": "M 60",
        "FETYPE": " ",
        "FEDIRS": " ",
        "FEDIRP2": " ",
        "NAME2": " ",
        "FETYPE2": " ",
        "FEDIRS2": " ",
        "FEDIRP3": " ",
        "NAME3": " ",
        "FETYPE3": " ",
        "FEDIRS3": " ",
        "FMCDL": 8760,
        "FMCDR": 8760,
        "COUNTYL": 75,
        "COUNTYR": 75,
        "NFC": 2,
        "RU_L": 3,
        "RU_R": 3,
        "PR": 899802,
        "BMP": 1.648,
        "EMP": 1.798,
        "BPT": "38007003",
        "EPT": "38006643",
        "LRS_LINK": " 8998023800700338006643",
        "LENGTH": 241.84663458,
        "VER": "17a",
        "ADJ_CNTY": 0,
        "LEGALSYSTEM": 1,
        "ShapeSTLength": 241.84666020278223,
        "PAVENTRA_SEGMENT_ID": "BLK-245-8998023800700338006643"
      },
      "geometry": {
        "type": "LineString",
        "coordinates": [
          [
            -84.47566440814673,
            42.247441829931184
          ],
          [
            -84.47574177655967,
            42.24961920279977
          ]
        ]
      }
    },
    {
      "type": "Feature",
      "properties": {
        "OBJECTID": 697269,
        "FCC": "A16",
        "RDNAME": "M 60 Crossover",
        "FRADDL": 0,
        "TOADDL": 0,
        "FRADDR": 0,
        "TOADDR": 0,
        "ZIPL": 0,
        "ZIPR": 0,
        "FEDIRP": " ",
        "NAME": "M 60 Crossover",
        "FETYPE": " ",
        "FEDIRS": " ",
        "FEDIRP2": " ",
        "NAME2": " ",
        "FETYPE2": " ",
        "FEDIRS2": " ",
        "FEDIRP3": " ",
        "NAME3": " ",
        "FETYPE3": " ",
        "FEDIRS3": " ",
        "FMCDL": 8760,
        "FMCDR": 77200,
        "COUNTYL": 75,
        "COUNTYR": 75,
        "NFC": 0,
        "RU_L": 3,
        "RU_R": 3,
        "PR": 3381377,
        "BMP": 0.0,
        "EMP": 0.019,
        "BPT": "38007002",
        "EPT": "38007003",
        "LRS_LINK": "33813773800700238007003",
        "LENGTH": 30.9256091,
        "VER": "17a",
        "ADJ_CNTY": 0,
        "LEGALSYSTEM": 1,
        "ShapeSTLength": 30.925632910095796,
        "PAVENTRA_SEGMENT_ID": "BLK-246-33813773800700238007003"
      },
      "geometry": {
        "type": "LineString",
        "coordinates": [
          [
            -84.4760392776588,
            42.24744058888417
          ],
          [
            -84.47566440814673,
            42.247441829931184
          ]
        ]
      }
    },
    {
      "type": "Feature",
      "properties": {
        "OBJECTID": 697270,
        "FCC": "A12",
        "RDNAME": "M 60",
        "FRADDL": 0,
        "TOADDL": 0,
        "FRADDR": 0,
        "TOADDR": 0,
        "ZIPL": 49201,
        "ZIPR": 49201,
        "FEDIRP": " ",
        "NAME": "M 60",
        "FETYPE": " ",
        "FEDIRS": " ",
        "FEDIRP2": " ",
        "NAME2": " ",
        "FETYPE2": " ",
        "FEDIRS2": " ",
        "FEDIRP3": " ",
        "NAME3": " ",
        "FETYPE3": " ",
        "FEDIRS3": " ",
        "FMCDL": 8760,
        "FMCDR": 8760,
        "COUNTYL": 75,
        "COUNTYR": 75,
        "NFC": 2,
        "RU_L": 3,
        "RU_R": 3,
        "PR": 899801,
        "BMP": 1.542,
        "EMP": 1.67,
        "BPT": "38007002",
        "EPT": "38006632",
        "LRS_LINK": " 8998013800700238006632",
        "LENGTH": 205.3194669,
        "VER": "17a",
        "ADJ_CNTY": 0,
        "LEGALSYSTEM": 1,
        "ShapeSTLength": 205.3194693788682,
        "PAVENTRA_SEGMENT_ID": "BLK-247-8998013800700238006632"
      },
      "geometry": {
        "type": "LineString",
        "coordinates": [
          [
            -84.4760392776588,
            42.24744058888417
          ],
          [
            -84.47613764745553,
            42.24928830251406
          ]
        ]
      }
    }
  ]
}