{
"type": "FeatureCollection",
"name": "roads",
"crs": { "type": "name", "properties": { "name": "urn:ogc:def:crs:OGC:1.3:CRS84" } },
"features": [
{ "type": "Feature", "properties": { "road_id": "NAP-ROAD-1", "segment_id": "NAP-1-33806683801155338011559" }, "geometry": { "type": "LineString", "coordinates": [ [ -84.302942075669904, 42.190854515517536 ], [ -84.302973315759061, 42.190824676553561 ], [ -84.30302500024878, 42.190809929273442 ], [ -84.303068820170822, 42.190804948577487 ], [ -84.304408372829997, 42.190803659111886 ], [ -84.304766553609397, 42.190793502700927 ] ] } },
{ "type": "Feature", "properties": { "road_id": "NAP-ROAD-2", "segment_id": "NAP-2-9181093801159838011172" }, "geometry": { "type": "LineString", "coordinates": [ [ -84.221665877158145, 42.189495696555447 ], [ -84.221376007231839, 42.189952221047058 ], [ -84.220987110782602, 42.190567415622056 ], [ -84.220643771804362, 42.191083703198757 ], [ -84.220567558674347, 42.191260961176702 ], [ -84.220449668819128, 42.191666066929585 ], [ -84.220403089671649, 42.192174359265096 ], [ -84.220411589957905, 42.193891338652882 ] ] } },
{ "type": "Feature", "properties": { "road_id": "NAP-ROAD-3", "segment_id": "NAP-3-9159013801160038018230" }, "geometry": { "type": "LineString", "coordinates": [ [ -84.26824329742108, 42.190146949379418 ], [ -84.268200564286957, 42.190290272039832 ], [ -84.268133689192155, 42.190575071569768 ], [ -84.268115557914214, 42.190720860564916 ], [ -84.26805689794341, 42.190977310697555 ], [ -84.268003598387963, 42.191209499169176 ], [ -84.267899695476274, 42.191339225886907 ], [ -84.267607086096632, 42.19150590495255 ], [ -84.26729885160718, 42.191698680470708 ], [ -84.267140643050382, 42.191794263757714 ], [ -84.266998051261098, 42.191875513551395 ], [ -84.266763009572074, 42.191937842265681 ], [ -84.266642754442259, 42.191965758704896 ], [ -84.266564255710861, 42.191960545745253 ], [ -84.266356613077562, 42.191920812397335 ] ] } },
{ "type": "Feature", "properties": { "road_id": "NAP-ROAD-4", "segment_id": "NAP-4-33801073801160038016855" }, "geometry": { "type": "LineString", "coordinates": [ [ -84.26824329742108, 42.190146949379418 ], [ -84.26846260259191, 42.19023855334126 ], [ -84.268726226757479, 42.190341276900057 ], [ -84.268975851340358, 42.19043881584718 ], [ -84.269245930971124, 42.190541979981191 ], [ -84.26941692701763, 42.19058904505124 ], [ -84.269658271618511, 42.190621978412864 ], [ -84.269944313453792, 42.190642918607615 ], [ -84.272822769220156, 42.190861622510823 ], [ -84.273159605007024, 42.190808389022749 ] ] } },
{ "type": "Feature", "properties": { "road_id": "NAP-ROAD-5", "segment_id": "NAP-5-33813673802179038025521" }, "geometry": { "type": "LineString", "coordinates": [ [ -84.319090169780992, 42.190812825051914 ], [ -84.318956193059748, 42.190830795736176 ], [ -84.318882926130314, 42.190841115275433 ], [ -84.318763954770404, 42.190837173930291 ], [ -84.318358994061754, 42.190825387526736 ], [ -84.318330642972427, 42.190821824911708 ] ] } },
{ "type": "Feature", "properties": { "road_id": "NAP-ROAD-6", "segment_id": "NAP-6-9157203801156938018219" }, "geometry": { "type": "LineString", "coordinates": [ [ -84.354012581544183, 42.192060409846682 ], [ -84.354144782994723, 42.191853941525153 ], [ -84.354290525335443, 42.191615845071965 ], [ -84.354382455834624, 42.19149472422388 ], [ -84.354453425967549, 42.191429308333035 ], [ -84.354483394401214, 42.191396332685152 ], [ -84.354560886831507, 42.191335147122857 ] ] } },
{ "type": "Feature", "properties": { "road_id": "NAP-ROAD-7", "segment_id": "NAP-7-9157043801162938016843" }, "geometry": { "type": "LineString", "coordinates": [ [ -84.232861246228481, 42.189241822632809 ], [ -84.232817207666287, 42.190756978220158 ] ] } },
{ "type": "Feature", "properties": { "road_id": "NAP-ROAD-8", "segment_id": "NAP-8-33806713801152838016870" }, "geometry": { "type": "LineString", "coordinates": [ [ -84.355259729444384, 42.192604992983838 ], [ -84.355266472001716, 42.191656605057979 ], [ -84.355249912451157, 42.191334201003798 ], [ -84.355198630755226, 42.191179854259467 ], [ -84.355094090929967, 42.191133354818795 ], [ -84.354959237612306, 42.191090153130745 ] ] } },
{ "type": "Feature", "properties": { "road_id": "NAP-ROAD-9", "segment_id": "NAP-9-33813683802011638020117" }, "geometry": { "type": "LineString", "coordinates": [ [ -84.317232763896456, 42.191240693103282 ], [ -84.317375908691702, 42.190979644619482 ], [ -84.317414964235994, 42.190906740030307 ], [ -84.317453007864742, 42.190795542367688 ], [ -84.317467911058614, 42.190702367823121 ], [ -84.317460801860264, 42.190585892917532 ], [ -84.3174434964466, 42.190489448499356 ] ] } },
{ "type": "Feature", "properties": { "road_id": "NAP-ROAD-10", "segment_id": "NAP-10-33813673802178938021790" }, "geometry": { "type": "LineString", "coordinates": [ [ -84.32016621969828, 42.191100378373221 ], [ -84.320129155557382, 42.190861332260511 ], [ -84.320092064317436, 42.190748138654669 ], [ -84.319999420693279, 42.190631807924532 ], [ -84.319902369344078, 42.190563681980734 ], [ -84.319795171732238, 42.190527582740415 ], [ -84.319678013572712, 42.190516618091166 ], [ -84.319554237086336, 42.190521644711552 ], [ -84.319445092407079, 42.190556773458091 ], [ -84.319338221513917, 42.190621818535163 ], [ -84.319183310038767, 42.190748201473788 ], [ -84.319126291081574, 42.190791232340452 ], [ -84.319090169780992, 42.190812825051914 ] ] } },
{ "type": "Feature", "properties": { "road_id": "NAP-ROAD-11", "segment_id": "NAP-11-33813673802552138021791" }, "geometry": { "type": "LineString", "coordinates": [ [ -84.318330642972427, 42.190821824911708 ], [ -84.318275822850666, 42.190814935306477 ], [ -84.318190065373358, 42.19078605543092 ], [ -84.318104746553459, 42.190741091632518 ], [ -84.317832488130847, 42.19052772676509 ], [ -84.317767176149985, 42.190489859290437 ], [ -84.317704872891028, 42.190476230676602 ], [ -84.317666910392347, 42.190473273805715 ] ] } },
{ "type": "Feature", "properties": { "road_id": "NAP-ROAD-12", "segment_id": "NAP-12-33813673802179138020117" }, "geometry": { "type": "LineString", "coordinates": [ [ -84.317666910392347, 42.190473273805715 ], [ -84.317593027202207, 42.19046441189051 ], [ -84.3174434964466, 42.190489448499356 ] ] } },
{ "type": "Feature", "properties": { "road_id": "NAP-ROAD-13", "segment_id": "NAP-13-9182173801152238011631" }, "geometry": { "type": "LineString", "coordinates": [ [ -84.228353245727632, 42.1905431804093 ], [ -84.228432150746883, 42.190424600747733 ], [ -84.228597240349231, 42.190141053738238 ], [ -84.228782727173694, 42.189875472935874 ], [ -84.229061805263001, 42.18954124204825 ], [ -84.229316801173539, 42.189294801255528 ], [ -84.229453833035976, 42.189214817242153 ], [ -84.229700801055174, 42.189178124493949 ], [ -84.229959176095761, 42.189192776729477 ], [ -84.230581475848894, 42.189250119339036 ], [ -84.230928742882966, 42.189255635268921 ], [ -84.231063624434157, 42.189249868026799 ], [ -84.231206122376236, 42.189225766923116 ], [ -84.231403169192816, 42.189112816032733 ] ] } },
{ "type": "Feature", "properties": { "road_id": "NAP-ROAD-14", "segment_id": "NAP-14-9158033801094438010792" }, "geometry": { "type": "LineString", "coordinates": [ [ -84.354589312240705, 42.198122085590242 ], [ -84.354156072905141, 42.198141577787624 ], [ -84.353824221626326, 42.198157636909514 ], [ -84.353572938042959, 42.198193240605299 ], [ -84.353285920255402, 42.198246665808114 ], [ -84.353061566546515, 42.198329856410638 ], [ -84.352750311001685, 42.198498273085235 ], [ -84.35254199482965, 42.198664979637869 ], [ -84.352447173370734, 42.198770859515676 ], [ -84.352368748796422, 42.198866989606898 ], [ -84.352313699152205, 42.198970507750616 ], [ -84.352283454818931, 42.199072348672679 ], [ -84.352269219534293, 42.199192837691562 ], [ -84.352263899787928, 42.199270840460493 ], [ -84.35230670906445, 42.199364036237689 ], [ -84.352335959120992, 42.199432971211067 ], [ -84.352370690339413, 42.199489151717628 ], [ -84.352432234374078, 42.199546652012017 ], [ -84.352502357420022, 42.199601250871552 ], [ -84.352634345684748, 42.199701338674643 ], [ -84.352885988261704, 42.199859274792985 ], [ -84.353135665135397, 42.200021169115992 ] ] } },
{ "type": "Feature", "properties": { "road_id": "NAP-ROAD-15", "segment_id": "NAP-15-9010103801094438010857" }, "geometry": { "type": "LineString", "coordinates": [ [ -84.354589312240705, 42.198122085590242 ], [ -84.354607572043108, 42.198981936943987 ] ] } },
{ "type": "Feature", "properties": { "road_id": "NAP-ROAD-16", "segment_id": "NAP-16-33801033801096938025414" }, "geometry": { "type": "LineString", "coordinates": [ [ -84.334937726543131, 42.197665191124585 ], [ -84.334848355284549, 42.197805954212143 ], [ -84.334746880774119, 42.198027283482169 ], [ -84.334714407435328, 42.198149067879825 ], [ -84.334736808490305, 42.198301256853355 ], [ -84.334803666909991, 42.198428512096882 ], [ -84.335011656433593, 42.198704849687886 ], [ -84.335208243602992, 42.199032429414117 ], [ -84.335401991561184, 42.199464996142069 ], [ -84.335473453097194, 42.199671351227757 ], [ -84.335518078642679, 42.199920270868589 ], [ -84.335546898619015, 42.200278757213262 ], [ -84.335506022157332, 42.200602781865342 ], [ -84.335336135782057, 42.200948746200901 ], [ -84.335145571568034, 42.20134691567241 ], [ -84.335061925660042, 42.201545724991497 ], [ -84.335024677088882, 42.201720767200754 ], [ -84.335036395835445, 42.202125757174642 ], [ -84.335085770870776, 42.202440751738045 ], [ -84.335150386784292, 42.203152150026497 ], [ -84.335133455467357, 42.203358520504878 ], [ -84.335060402229644, 42.203542967202303 ], [ -84.334989551640646, 42.20367103048185 ], [ -84.334767691787988, 42.203880146598642 ], [ -84.334361133957515, 42.204232488102626 ], [ -84.333787420009486, 42.204683527284161 ], [ -84.333480431938554, 42.204919286452331 ], [ -84.332844455162729, 42.205365171384358 ], [ -84.3325149114238, 42.205596926328838 ] ] } },
{ "type": "Feature", "properties": { "road_id": "NAP-ROAD-17", "segment_id": "NAP-17-9009043801005338010969" }, "geometry": { "type": "LineString", "coordinates": [ [ -84.347814416550818, 42.211413474365671 ], [ -84.347386295838021, 42.210424264807315 ], [ -84.347025394746467, 42.209630417336513 ], [ -84.34599089451217, 42.207501773612861 ], [ -84.345250629106346, 42.206001569929761 ], [ -84.344271616271357, 42.204032632444203 ], [ -84.344061178157858, 42.203607546432799 ], [ -84.343836840345631, 42.203307191447429 ], [ -84.343625162133776, 42.203088347415608 ], [ -84.342623930161338, 42.202089510751456 ], [ -84.341932163950474, 42.201432429613234 ], [ -84.341087623388361, 42.200616058139865 ], [ -84.340914967047368, 42.200456435779166 ], [ -84.340552765719494, 42.200128447998104 ], [ -84.340037312843222, 42.199763898908188 ], [ -84.33979344657736, 42.199602704551289 ], [ -84.339602831756096, 42.19948732040104 ], [ -84.33930216157809, 42.199315895651047 ], [ -84.33868529457034, 42.199032049426329 ], [ -84.337667156015854, 42.198687276395965 ], [ -84.335904090323496, 42.198060569765104 ], [ -84.33542314835573, 42.197872674024893 ], [ -84.334937726543131, 42.197665191124585 ] ] } },
{ "type": "Feature", "properties": { "road_id": "NAP-ROAD-18", "segment_id": "NAP-18-9011073801100138011000" }, "geometry": { "type": "LineString", "coordinates": [ [ -84.278153415955899, 42.196504014075344 ], [ -84.277287024003812, 42.196479073752144 ], [ -84.277102052175493, 42.196478081965388 ] ] } },
{ "type": "Feature", "properties": { "road_id": "NAP-ROAD-19", "segment_id": "NAP-19-9011073802142638011001" }, "geometry": { "type": "LineString", "coordinates": [ [ -84.279830781088179, 42.196495395228993 ], [ -84.279829118818981, 42.196495053348869 ], [ -84.278153415955899, 42.196504014075344 ] ] } },
{ "type": "Feature", "properties": { "road_id": "NAP-ROAD-20", "segment_id": "NAP-20-9159023801973938010989" }, "geometry": { "type": "LineString", "coordinates": [ [ -84.26588766302514, 42.196274202618405 ], [ -84.265777340135259, 42.196283814891721 ], [ -84.26555352362486, 42.196295436238735 ], [ -84.265041329260711, 42.196326484435147 ], [ -84.264768336505853, 42.196367889695843 ], [ -84.26459035932163, 42.196426816498217 ] ] } },
{ "type": "Feature", "properties": { "road_id": "NAP-ROAD-21", "segment_id": "NAP-21-9011073801100838021425" }, "geometry": { "type": "LineString", "coordinates": [ [ -84.285728729887268, 42.196533960435161 ], [ -84.283945552911916, 42.196521063682944 ], [ -84.283931120728965, 42.196522713988749 ] ] } },
{ "type": "Feature", "properties": { "road_id": "NAP-ROAD-22", "segment_id": "NAP-22-9011073801101638011008" }, "geometry": { "type": "LineString", "coordinates": [ [ -84.287973425583857, 42.196546073793776 ], [ -84.285728729887268, 42.196533960435161 ] ] } },
{ "type": "Feature", "properties": { "road_id": "NAP-ROAD-23", "segment_id": "NAP-23-9011073802024538011016" }, "geometry": { "type": "LineString", "coordinates": [ [ -84.290921046499022, 42.196576128079229 ], [ -84.287973425583857, 42.196546073793776 ] ] } },
{ "type": "Feature", "properties": { "road_id": "NAP-ROAD-24", "segment_id": "NAP-24-33814233802024538020246" }, "geometry": { "type": "LineString", "coordinates": [ [ -84.290921046499022, 42.196576128079229 ], [ -84.291072214683396, 42.197286484635711 ], [ -84.291294403698771, 42.197634706007825 ], [ -84.291676016735835, 42.198314512152095 ], [ -84.291848246523173, 42.198944082806555 ], [ -84.291835633680961, 42.199398411396182 ], [ -84.29165185005931, 42.199944152622841 ], [ -84.29132100779448, 42.200471961497499 ], [ -84.291228895075264, 42.200752664645869 ], [ -84.291286451175239, 42.200957300046575 ], [ -84.291471297836154, 42.201132542583387 ], [ -84.292423144420155, 42.201774077358493 ], [ -84.292913192363116, 42.202345830322209 ], [ -84.293400640589851, 42.203011578367565 ], [ -84.294078173671977, 42.20366456530617 ], [ -84.294260865340718, 42.203918136424384 ], [ -84.29537401192799, 42.20634885734578 ], [ -84.295390743543223, 42.206505844561491 ], [ -84.295259944795575, 42.206946138208053 ] ] } },
{ "type": "Feature", "properties": { "road_id": "NAP-ROAD-25", "segment_id": "NAP-25-9011073802167838020245" }, "geometry": { "type": "LineString", "coordinates": [ [ -84.296463357363308, 42.196635728914295 ], [ -84.290939998353053, 42.196576313729494 ], [ -84.290921046499022, 42.196576128079229 ] ] } },
{ "type": "Feature", "properties": { "road_id": "NAP-ROAD-26", "segment_id": "NAP-26-33816743802167838021679" }, "geometry": { "type": "LineString", "coordinates": [ [ -84.296463357363308, 42.196635728914295 ], [ -84.296472301755045, 42.198208547230621 ], [ -84.296461162219956, 42.199036471874983 ], [ -84.296447754660505, 42.19930791700903 ], [ -84.29648054881217, 42.199400429392192 ], [ -84.29658487221711, 42.199463367174189 ], [ -84.296731640681159, 42.199483139253097 ], [ -84.297927333891977, 42.199501434122013 ] ] } },
{ "type": "Feature", "properties": { "road_id": "NAP-ROAD-27", "segment_id": "NAP-27-8994033801125438011197" }, "geometry": { "type": "LineString", "coordinates": [ [ -84.35532163330754, 42.194831397051985 ], [ -84.355193480285436, 42.194845524513688 ], [ -84.355069633695678, 42.194853906213361 ], [ -84.354927114619173, 42.194875629940967 ], [ -84.354784595444741, 42.19489735349142 ], [ -84.354645924692477, 42.194946370830827 ], [ -84.354520527741641, 42.1950126089734 ], [ -84.353982051124802, 42.195287226507816 ], [ -84.353809882613675, 42.195390221745313 ], [ -84.353716886486538, 42.195443320345824 ], [ -84.353582426424708, 42.195506018189143 ], [ -84.353425445108201, 42.195554762886012 ], [ -84.352620628215647, 42.195669179873406 ] ] } },
{ "type": "Feature", "properties": { "road_id": "NAP-ROAD-28", "segment_id": "NAP-28-8994033801107238011254" }, "geometry": { "type": "LineString", "coordinates": [ [ -84.359514344465239, 42.196955025635546 ], [ -84.359399013892315, 42.196765205909479 ], [ -84.359103694881512, 42.19627346482357 ], [ -84.359001917649195, 42.196114279569727 ], [ -84.358871426738318, 42.195947502504609 ], [ -84.35877226635148, 42.195870780909566 ], [ -84.358634567639598, 42.195793490145022 ], [ -84.357644934428336, 42.195446274087878 ], [ -84.355604644111523, 42.194909167043697 ], [ -84.355501310545478, 42.194886163850555 ], [ -84.35532163330754, 42.194831397051985 ] ] } },
{ "type": "Feature", "properties": { "road_id": "NAP-ROAD-29", "segment_id": "NAP-29-8993103801106238011260" }, "geometry": { "type": "LineString", "coordinates": [ [ -84.33244738692153, 42.196603992600608 ], [ -84.332194147880543, 42.196561488633158 ], [ -84.331808307402738, 42.19647021737201 ], [ -84.331489868705191, 42.196386070827408 ], [ -84.331353147546537, 42.196346405779217 ], [ -84.331124614374232, 42.196283312573371 ], [ -84.330842630228815, 42.196197368225207 ], [ -84.330559008662789, 42.196107507953521 ], [ -84.330300626133067, 42.196014470372887 ], [ -84.329865936476381, 42.19584077367584 ], [ -84.329406021167031, 42.195655298292152 ], [ -84.326346729308241, 42.194383391773073 ] ] } },
{ "type": "Feature", "properties": { "road_id": "NAP-ROAD-30", "segment_id": "NAP-30-9161093801126938018569" }, "geometry": { "type": "LineString", "coordinates": [ [ -84.248481315803446, 42.193162861586991 ], [ -84.248337561192528, 42.193315278812747 ], [ -84.248155555300968, 42.193423623317891 ], [ -84.247687872978403, 42.193658106834405 ], [ -84.247197283240865, 42.193877206474767 ], [ -84.24700708839508, 42.193991371249318 ], [ -84.246889375876407, 42.194092789434578 ], [ -84.246754043190933, 42.194156192209959 ], [ -84.246634888760823, 42.194191647011429 ] ] } },
{ "type": "Feature", "properties": { "road_id": "NAP-ROAD-31", "segment_id": "NAP-31-9156093801126938011140" }, "geometry": { "type": "LineString", "coordinates": [ [ -84.248481315803446, 42.193162861586991 ], [ -84.248732911237994, 42.193264472865366 ], [ -84.248820237183338, 42.193312400506478 ], [ -84.248894306602537, 42.193367617296062 ], [ -84.248939828316892, 42.193483270951901 ], [ -84.24896095578903, 42.193598541913722 ], [ -84.248952849055755, 42.193740574698012 ], [ -84.248925273656099, 42.193852054834068 ], [ -84.248877369820207, 42.193963214406999 ], [ -84.248793133092661, 42.194064729385467 ], [ -84.248688824408532, 42.194156854515221 ], [ -84.248450602946733, 42.194237799280451 ], [ -84.248135219175722, 42.194314504732979 ], [ -84.248035239090981, 42.19433619062724 ] ] } },
{ "type": "Feature", "properties": { "road_id": "NAP-ROAD-32", "segment_id": "NAP-32-33810793801127338011175" }, "geometry": { "type": "LineString", "coordinates": [ [ -84.253333597532148, 42.193181764738121 ], [ -84.253265034353262, 42.193325069914607 ], [ -84.253240382051118, 42.193478633462234 ], [ -84.253284707476539, 42.193633279926424 ], [ -84.253378066360241, 42.193776620674633 ], [ -84.253451321372708, 42.19385109596805 ], [ -84.253558568037491, 42.193923902690166 ], [ -84.253625358467332, 42.193931431715889 ], [ -84.253727740638794, 42.193899832524487 ], [ -84.253845796557542, 42.193833573423547 ], [ -84.253895971164894, 42.193830973071918 ], [ -84.253936753099225, 42.193838386850167 ], [ -84.254003794249158, 42.193883468245531 ], [ -84.254105145979537, 42.194003599330223 ], [ -84.254456621819941, 42.194468630592759 ], [ -84.254468106270465, 42.194494568226439 ] ] } },
{ "type": "Feature", "properties": { "road_id": "NAP-ROAD-33", "segment_id": "NAP-33-9158193801113838016869" }, "geometry": { "type": "LineString", "coordinates": [ [ -84.285772905308164, 42.195091373334932 ], [ -84.285412143857741, 42.195021146504374 ], [ -84.285324532549197, 42.194981107947982 ], [ -84.285189656669161, 42.194861135691816 ], [ -84.285216318147121, 42.193725826907361 ], [ -84.285202665527038, 42.193620832080924 ] ] } },
{ "type": "Feature", "properties": { "road_id": "NAP-ROAD-34", "segment_id": "NAP-34-9011063801822138011071" }, "geometry": { "type": "LineString", "coordinates": [ [ -84.320553784883529, 42.193938656835321 ], [ -84.320540188393295, 42.194329573766694 ], [ -84.320507928614646, 42.194409597565546 ], [ -84.320445239046293, 42.194502579596268 ], [ -84.320280531397529, 42.194711313343753 ] ] } },
{ "type": "Feature", "properties": { "road_id": "NAP-ROAD-35", "segment_id": "NAP-35-9012033801132938011181" }, "geometry": { "type": "LineString", "coordinates": [ [ -84.275099533470595, 42.193172740387702 ], [ -84.275209186236481, 42.194183150189119 ], [ -84.27529310750937, 42.194650079473469 ] ] } },
{ "type": "Feature", "properties": { "road_id": "NAP-ROAD-36", "segment_id": "NAP-36-33810793801132338011273" }, "geometry": { "type": "LineString", "coordinates": [ [ -84.2535511450331, 42.192815738510568 ], [ -84.253506122796793, 42.192885198525339 ], [ -84.253424203159909, 42.193041194282593 ], [ -84.253333597532148, 42.193181764738121 ] ] } },
{ "type": "Feature", "properties": { "road_id": "NAP-ROAD-37", "segment_id": "NAP-37-9160083801132338011192" }, "geometry": { "type": "LineString", "coordinates": [ [ -84.2535511450331, 42.192815738510568 ], [ -84.254188094105686, 42.193567987057598 ], [ -84.255020095803786, 42.194436229967337 ] ] } },
{ "type": "Feature", "properties": { "road_id": "NAP-ROAD-38", "segment_id": "NAP-38-9156103801141938017505" }, "geometry": { "type": "LineString", "coordinates": [ [ -84.239511105132834, 42.192471992667549 ], [ -84.239554760646371, 42.192714196029051 ] ] } },
{ "type": "Feature", "properties": { "road_id": "NAP-ROAD-39", "segment_id": "NAP-39-9012033801134438011329" }, "geometry": { "type": "LineString", "coordinates": [ [ -84.27508849376872, 42.193021661989299 ], [ -84.275099533470595, 42.193172740387702 ] ] } },
{ "type": "Feature", "properties": { "road_id": "NAP-ROAD-40", "segment_id": "NAP-40-9011073801102138021678" }, "geometry": { "type": "LineString", "coordinates": [ [ -84.297995234994687, 42.196649130342365 ], [ -84.296463357363308, 42.196635728914295 ] ] } },
{ "type": "Feature", "properties": { "road_id": "NAP-ROAD-41", "segment_id": "NAP-41-9157073801102138010833" }, "geometry": { "type": "LineString", "coordinates": [ [ -84.297995234994687, 42.196649130342365 ], [ -84.298004730883349, 42.1968546810335 ], [ -84.298047779238999, 42.197037434231575 ], [ -84.298131067470166, 42.197188286635978 ], [ -84.298258630732718, 42.197302041748351 ], [ -84.298366268334931, 42.197380481409752 ], [ -84.298524317152101, 42.197516217717109 ], [ -84.298639013742772, 42.197638283936783 ], [ -84.298746194647066, 42.19787404454339 ], [ -84.29878307668892, 42.198121736419388 ], [ -84.298781931485479, 42.198555320501484 ] ] } },
{ "type": "Feature", "properties": { "road_id": "NAP-ROAD-42", "segment_id": "NAP-42-9011073801102238011021" }, "geometry": { "type": "LineString", "coordinates": [ [ -84.299244003233156, 42.196657882645667 ], [ -84.297995234994687, 42.196649130342365 ] ] } },
{ "type": "Feature", "properties": { "road_id": "NAP-ROAD-43", "segment_id": "NAP-43-9157063801102238010834" }, "geometry": { "type": "LineString", "coordinates": [ [ -84.299244003233156, 42.196657882645667 ], [ -84.299241501898976, 42.196883346318153 ], [ -84.299311408527515, 42.197043748336334 ], [ -84.29945107504723, 42.197211718602261 ], [ -84.299579043280374, 42.197316254843656 ], [ -84.299761573994473, 42.197448252159703 ], [ -84.299858023076382, 42.197551247085237 ], [ -84.299923328398094, 42.197658380125986 ], [ -84.29997456933198, 42.197825287816904 ], [ -84.299997087160776, 42.198341894857485 ], [ -84.299972799319562, 42.198547595691437 ] ] } },
{ "type": "Feature", "properties": { "road_id": "NAP-ROAD-44", "segment_id": "NAP-44-9159023801974038019739" }, "geometry": { "type": "LineString", "coordinates": [ [ -84.267235053697718, 42.195883427590836 ], [ -84.267124665037286, 42.195957079442316 ], [ -84.266946990202939, 42.196038093076261 ], [ -84.266731022983791, 42.196125086378963 ], [ -84.266616982415044, 42.196168475966438 ], [ -84.266499252834279, 42.196200634970197 ], [ -84.266386777786593, 42.196226580653047 ], [ -84.26624909378431, 42.196245839540971 ], [ -84.266079325424826, 42.196262079857398 ], [ -84.26588766302514, 42.196274202618405 ] ] } },
{ "type": "Feature", "properties": { "road_id": "NAP-ROAD-45", "segment_id": "NAP-45-8993103801105438011049" }, "geometry": { "type": "LineString", "coordinates": [ [ -84.345509279692735, 42.196890101731476 ], [ -84.344059551644747, 42.196891008045675 ], [ -84.343025373704691, 42.196888921079228 ], [ -84.339442361843496, 42.196848655723514 ] ] } },
{ "type": "Feature", "properties": { "road_id": "NAP-ROAD-46", "segment_id": "NAP-46-8993103801106038011054" }, "geometry": { "type": "LineString", "coordinates": [ [ -84.347972400049898, 42.196919383660912 ], [ -84.34775103024198, 42.19691909281844 ], [ -84.345509279692735, 42.196890101731476 ] ] } },
{ "type": "Feature", "properties": { "road_id": "NAP-ROAD-47", "segment_id": "NAP-47-9173143801091338011080" }, "geometry": { "type": "LineString", "coordinates": [ [ -84.232260688712515, 42.196596810881147 ], [ -84.232143897558416, 42.196286466368996 ], [ -84.23198266425392, 42.19601116802135 ], [ -84.231675448480345, 42.195725181538513 ], [ -84.231420823396377, 42.195437183385081 ], [ -84.231317763078295, 42.195188434678428 ], [ -84.231304457678789, 42.195067644935108 ] ] } },
{ "type": "Feature", "properties": { "road_id": "NAP-ROAD-48", "segment_id": "NAP-48-8993103801106738011060" }, "geometry": { "type": "LineString", "coordinates": [ [ -84.354591100277645, 42.196942742115418 ], [ -84.35063816340093, 42.19693056905232 ], [ -84.348348012789984, 42.196924975266953 ], [ -84.347972400049898, 42.196919383660912 ] ] } },
{ "type": "Feature", "properties": { "road_id": "NAP-ROAD-49", "segment_id": "NAP-49-9010103801106738010944" }, "geometry": { "type": "LineString", "coordinates": [ [ -84.354591100277645, 42.196942742115418 ], [ -84.354589312240705, 42.198122085590242 ] ] } },
{ "type": "Feature", "properties": { "road_id": "NAP-ROAD-50", "segment_id": "NAP-50-9009043801096938011062" }, "geometry": { "type": "LineString", "coordinates": [ [ -84.334937726543131, 42.197665191124585 ], [ -84.333572920317266, 42.197078882697149 ], [ -84.33244738692153, 42.196603992600608 ] ] } },
{ "type": "Feature", "properties": { "road_id": "NAP-ROAD-51", "segment_id": "NAP-51-8993103801104938011062" }, "geometry": { "type": "LineString", "coordinates": [ [ -84.339442361843496, 42.196848655723514 ], [ -84.335093830067365, 42.196817499701311 ], [ -84.334124611512877, 42.196791064064143 ], [ -84.33244738692153, 42.196603992600608 ] ] } },
{ "type": "Feature", "properties": { "road_id": "NAP-ROAD-52", "segment_id": "NAP-52-8993103801107038011067" }, "geometry": { "type": "LineString", "coordinates": [ [ -84.357186997022126, 42.196944224769794 ], [ -84.354591100277645, 42.196942742115418 ] ] } },
{ "type": "Feature", "properties": { "road_id": "NAP-ROAD-53", "segment_id": "NAP-53-8993103801107238011070" }, "geometry": { "type": "LineString", "coordinates": [ [ -84.359514344465239, 42.196955025635546 ], [ -84.357186997022126, 42.196944224769794 ] ] } },
{ "type": "Feature", "properties": { "road_id": "NAP-ROAD-54", "segment_id": "NAP-54-9162013801141938011345" }, "geometry": { "type": "LineString", "coordinates": [ [ -84.239511105132834, 42.192471992667549 ], [ -84.23942301350516, 42.192480498625869 ], [ -84.239151999906113, 42.192462356657423 ], [ -84.238997895471456, 42.192452001811155 ], [ -84.238766625749335, 42.192440426555521 ], [ -84.238506086132858, 42.192428387919705 ], [ -84.238256361013597, 42.192410581413426 ], [ -84.237845453391756, 42.192350631548052 ], [ -84.237609939525072, 42.19230137402382 ] ] } },
{ "type": "Feature", "properties": { "road_id": "NAP-ROAD-55", "segment_id": "NAP-55-9157183801113838011303" }, "geometry": { "type": "LineString", "coordinates": [ [ -84.285772905308164, 42.195091373334932 ], [ -84.285800113525895, 42.194922001453719 ], [ -84.285851329089581, 42.193544530744283 ], [ -84.285858769395034, 42.193417974338452 ], [ -84.28586707900196, 42.193276646909133 ], [ -84.28586516747886, 42.193196487803377 ], [ -84.285854369250714, 42.193137765781437 ], [ -84.285793258930454, 42.193099840977439 ], [ -84.285703236304585, 42.193058389951538 ], [ -84.285598845056654, 42.193035084520972 ] ] } },
{ "type": "Feature", "properties": { "road_id": "NAP-ROAD-56", "segment_id": "NAP-56-33810793801137738011323" }, "geometry": { "type": "LineString", "coordinates": [ [ -84.254089794385493, 42.1924670867215 ], [ -84.253923193085228, 42.192559666664948 ], [ -84.253787166735762, 42.192632993032895 ], [ -84.253695855673726, 42.192704001814676 ], [ -84.2535511450331, 42.192815738510568 ] ] } },
{ "type": "Feature", "properties": { "road_id": "NAP-ROAD-57", "segment_id": "NAP-57-9160073801137738011209" }, "geometry": { "type": "LineString", "coordinates": [ [ -84.254089794385493, 42.1924670867215 ], [ -84.255477219085975, 42.193964138895147 ] ] } },
{ "type": "Feature", "properties": { "road_id": "NAP-ROAD-58", "segment_id": "NAP-58-33810793801139638011377" }, "geometry": { "type": "LineString", "coordinates": [ [ -84.254879014270443, 42.192318247637139 ], [ -84.254825087752252, 42.192336372262723 ], [ -84.254771096618498, 42.192351817664147 ], [ -84.254337839591656, 42.192350456382563 ], [ -84.254281670985307, 42.192356816714707 ], [ -84.254204981385158, 42.192381889055646 ], [ -84.254089794385493, 42.1924670867215 ] ] } },
{ "type": "Feature", "properties": { "road_id": "NAP-ROAD-59", "segment_id": "NAP-59-9160063801139638011247" }, "geometry": { "type": "LineString", "coordinates": [ [ -84.254879014270443, 42.192318247637139 ], [ -84.255936707581085, 42.19350055457695 ] ] } },
{ "type": "Feature", "properties": { "road_id": "NAP-ROAD-60", "segment_id": "NAP-60-33800023802541338011260" }, "geometry": { "type": "LineString", "coordinates": [ [ -84.326320263079708, 42.193414120000355 ], [ -84.326346729308241, 42.194383391773073 ] ] } },
{ "type": "Feature", "properties": { "road_id": "NAP-ROAD-61", "segment_id": "NAP-61-9011063801135038018221" }, "geometry": { "type": "LineString", "coordinates": [ [ -84.320369260777454, 42.193192862086249 ], [ -84.320518581682094, 42.193358649355076 ], [ -84.32054669002332, 42.193430638647293 ], [ -84.320568175905578, 42.193524891729567 ], [ -84.320553784883529, 42.193938656835321 ] ] } },
{ "type": "Feature", "properties": { "road_id": "NAP-ROAD-62", "segment_id": "NAP-62-9182193801140238020541" }, "geometry": { "type": "LineString", "coordinates": [ [ -84.228873454064768, 42.191750705485589 ], [ -84.229142030403608, 42.191766638633617 ], [ -84.229292626548016, 42.191772850370391 ], [ -84.22950849093904, 42.191787842043055 ], [ -84.229654039128249, 42.191837770209204 ], [ -84.229758283017617, 42.191910996081369 ] ] } },
{ "type": "Feature", "properties": { "road_id": "NAP-ROAD-63", "segment_id": "NAP-63-9158023801140838011179" }, "geometry": { "type": "LineString", "coordinates": [ [ -84.350964287652261, 42.193610524476384 ], [ -84.350863237211101, 42.195805096818297 ] ] } },
{ "type": "Feature", "properties": { "road_id": "NAP-ROAD-64", "segment_id": "NAP-64-9182053801144138011406" }, "geometry": { "type": "LineString", "coordinates": [ [ -84.233378222764628, 42.191821880700132 ], [ -84.232796142036833, 42.191794379980429 ] ] } },
{ "type": "Feature", "properties": { "road_id": "NAP-ROAD-65", "segment_id": "NAP-65-9162013801134538011376" }, "geometry": { "type": "LineString", "coordinates": [ [ -84.237609939525072, 42.19230137402382 ], [ -84.237369055958069, 42.192285343203586 ], [ -84.237127089586849, 42.192252379659351 ], [ -84.236982810170687, 42.192201148825035 ], [ -84.236849696474764, 42.192143103136445 ], [ -84.236673489533715, 42.192057570559186 ], [ -84.236564106337227, 42.191991742205055 ], [ -84.236510535356686, 42.191924704776582 ], [ -84.236488229145436, 42.191852891527788 ] ] } },
{ "type": "Feature", "properties": { "road_id": "NAP-ROAD-66", "segment_id": "NAP-66-9182053801684538011409" }, "geometry": { "type": "LineString", "coordinates": [ [ -84.230803201223466, 42.191727282227781 ], [ -84.230288056556233, 42.191724565444673 ] ] } },
{ "type": "Feature", "properties": { "road_id": "NAP-ROAD-67", "segment_id": "NAP-67-9182053801140638016845" }, "geometry": { "type": "LineString", "coordinates": [ [ -84.232796142036833, 42.191794379980429 ], [ -84.230803201223466, 42.191727282227781 ] ] } },
{ "type": "Feature", "properties": { "road_id": "NAP-ROAD-68", "segment_id": "NAP-68-9158013801141338011408" }, "geometry": { "type": "LineString", "coordinates": [ [ -84.352144987733112, 42.193569985567862 ], [ -84.352138239724638, 42.193571226848334 ], [ -84.351953178048362, 42.193597843593707 ], [ -84.351685048779174, 42.193610815129446 ], [ -84.350964287652261, 42.193610524476384 ] ] } },
{ "type": "Feature", "properties": { "road_id": "NAP-ROAD-69", "segment_id": "NAP-69-9154083801162938011631" }, "geometry": { "type": "LineString", "coordinates": [ [ -84.232861246228481, 42.189241822632809 ], [ -84.231909950990271, 42.189228099728034 ], [ -84.231743470238271, 42.189216152134236 ], [ -84.231565284261379, 42.1891761049664 ], [ -84.231403169192816, 42.189112816032733 ] ] } },
{ "type": "Feature", "properties": { "road_id": "NAP-ROAD-70", "segment_id": "NAP-70-9154083801158138011629" }, "geometry": { "type": "LineString", "coordinates": [ [ -84.236550995115735, 42.19002316904033 ], [ -84.236545726374217, 42.189971737695267 ], [ -84.236519781245192, 42.189797089874133 ], [ -84.236483562114344, 42.189621831645816 ], [ -84.236455442368069, 42.189544430267773 ], [ -84.236377688321483, 42.189439425812118 ], [ -84.236260844659455, 42.189333441952876 ], [ -84.236167192641503, 42.189273436627268 ], [ -84.235940083011002, 42.189202711780027 ], [ -84.235804260451005, 42.189182231944294 ], [ -84.235218509542051, 42.189183535343624 ], [ -84.232861246228481, 42.189241822632809 ] ] } },
{ "type": "Feature", "properties": { "road_id": "NAP-ROAD-71", "segment_id": "NAP-71-33810683801164438011587" }, "geometry": { "type": "LineString", "coordinates": [ [ -84.248933377436771, 42.189257591629882 ], [ -84.248908946198569, 42.189674692751126 ], [ -84.248840573188474, 42.18988840796171 ], [ -84.248722956796101, 42.190077294516747 ], [ -84.248576311371821, 42.190183740015208 ] ] } },
{ "type": "Feature", "properties": { "road_id": "NAP-ROAD-72", "segment_id": "NAP-72-9160013801860238011644" }, "geometry": { "type": "LineString", "coordinates": [ [ -84.255315583572482, 42.19186790110281 ], [ -84.255213725230305, 42.191760302728468 ], [ -84.255184560738314, 42.191729494741722 ], [ -84.255031230925141, 42.191465284553658 ], [ -84.254973479733749, 42.191202571188988 ], [ -84.254950372404394, 42.190947229074489 ], [ -84.254932607875261, 42.190804371657713 ], [ -84.254869872321848, 42.19056420548857 ], [ -84.254774437108196, 42.190404332683435 ], [ -84.254594994550061, 42.190294857278353 ], [ -84.254383766737064, 42.190233366305428 ], [ -84.254180953356354, 42.190181703476767 ], [ -84.25389893451532, 42.190164352458822 ], [ -84.25334303505285, 42.190149169216191 ], [ -84.25305241943343, 42.190128449052921 ], [ -84.252819472861532, 42.190066615314954 ], [ -84.252617853083834, 42.189972949771885 ], [ -84.252507741042407, 42.189871023408166 ], [ -84.252380619782329, 42.189755902055211 ], [ -84.252126192873789, 42.189532118610892 ], [ -84.252070093800725, 42.189477727346144 ], [ -84.251969211554524, 42.189397134815678 ], [ -84.251870462368387, 42.189351630868863 ], [ -84.251752669684663, 42.189321622223495 ], [ -84.251580868232324, 42.189282318257646 ], [ -84.251471268020524, 42.189274965203474 ], [ -84.250348797473009, 42.189268782113828 ], [ -84.248933377436771, 42.189257591629882 ] ] } },
{ "type": "Feature", "properties": { "road_id": "NAP-ROAD-73", "segment_id": "NAP-73-33813663802011238020114" }, "geometry": { "type": "LineString", "coordinates": [ [ -84.313369545540752, 42.190108620985114 ], [ -84.31291391962931, 42.191139044929002 ], [ -84.312873676649687, 42.191227753922583 ], [ -84.312845237324325, 42.19132621318316 ], [ -84.312827817056771, 42.191463119162805 ], [ -84.312833422338826, 42.191727975122831 ], [ -84.312855913682952, 42.191846346648362 ], [ -84.312896344127523, 42.191936280101288 ], [ -84.312963290270119, 42.191997905537811 ], [ -84.31306471412752, 42.192053674169415 ], [ -84.313226169459327, 42.19211035303011 ], [ -84.313451594444743, 42.192180760834518 ], [ -84.313707648134681, 42.192229302904146 ], [ -84.313939638591123, 42.192274869973602 ] ] } },
{ "type": "Feature", "properties": { "road_id": "NAP-ROAD-74", "segment_id": "NAP-74-8993103802011638020112" }, "geometry": { "type": "LineString", "coordinates": [ [ -84.317232763896456, 42.191240693103282 ], [ -84.317088208098809, 42.191197919452819 ], [ -84.315386842235768, 42.190697510087098 ], [ -84.313369545540752, 42.190108620985114 ] ] } },
{ "type": "Feature", "properties": { "road_id": "NAP-ROAD-75", "segment_id": "NAP-75-33806693801169238011446" }, "geometry": { "type": "LineString", "coordinates": [ [ -84.305786990083305, 42.189508792683377 ], [ -84.305707384101808, 42.189541564846486 ], [ -84.305642224465544, 42.189602878033043 ], [ -84.305602495466047, 42.189662691289911 ], [ -84.305587207264708, 42.189756860433533 ], [ -84.305633273611249, 42.192554652146015 ] ] } },
{ "type": "Feature", "properties": { "road_id": "NAP-ROAD-76", "segment_id": "NAP-76-33806703801169338011692" }, "geometry": { "type": "LineString", "coordinates": [ [ -84.306953178062813, 42.189477457486277 ], [ -84.306166106174061, 42.189478692187144 ], [ -84.305957905069093, 42.189479298174327 ], [ -84.305786990083305, 42.189508792683377 ] ] } },
{ "type": "Feature", "properties": { "road_id": "NAP-ROAD-77", "segment_id": "NAP-77-9011073801169338011449" }, "geometry": { "type": "LineString", "coordinates": [ [ -84.306953178062813, 42.189477457486277 ], [ -84.307034221291971, 42.192544560070672 ] ] } },
{ "type": "Feature", "properties": { "road_id": "NAP-ROAD-78", "segment_id": "NAP-78-9158013801140838018220" }, "geometry": { "type": "LineString", "coordinates": [ [ -84.350964287652261, 42.193610524476384 ], [ -84.3504258132416, 42.193567154065512 ], [ -84.350148762425903, 42.193548643070187 ], [ -84.349943328166859, 42.193507195829909 ], [ -84.34970034075431, 42.193421993055303 ], [ -84.349374122527308, 42.193311554445785 ], [ -84.34913152438601, 42.193211956689268 ], [ -84.348641692161991, 42.193034895826777 ], [ -84.348358062173887, 42.192914323942638 ], [ -84.348174425840426, 42.192799358393067 ], [ -84.348054805266003, 42.192687185985314 ], [ -84.347954410999577, 42.192580099608314 ], [ -84.347835305792202, 42.192448735532096 ], [ -84.347624016220053, 42.192182295800741 ], [ -84.347502210217272, 42.192040239057931 ], [ -84.347388959086842, 42.1919022936573 ], [ -84.347329925855163, 42.191821502898179 ], [ -84.347298518155839, 42.191753043303052 ], [ -84.347216673088397, 42.191396406031487 ], [ -84.347141635083943, 42.191062085796524 ], [ -84.347081473703895, 42.1907399972592 ], [ -84.347049312095848, 42.190055215961202 ], [ -84.347037922749948, 42.189932059991087 ], [ -84.34699477645394, 42.18982606257471 ], [ -84.346931828349867, 42.189777433722497 ], [ -84.34683635655945, 42.189704790952966 ], [ -84.346698660934678, 42.189644580169983 ] ] } },
{ "type": "Feature", "properties": { "road_id": "NAP-ROAD-79", "segment_id": "NAP-79-9011073801882838011693" }, "geometry": { "type": "LineString", "coordinates": [ [ -84.306922766976285, 42.188886820830653 ], [ -84.306953178062813, 42.189477457486277 ] ] } },
{ "type": "Feature", "properties": { "road_id": "NAP-ROAD-80", "segment_id": "NAP-80-9154083801163138011739" }, "geometry": { "type": "LineString", "coordinates": [ [ -84.231403169192816, 42.189112816032733 ], [ -84.231268840439185, 42.189020575421175 ], [ -84.231129370960332, 42.188895858722681 ], [ -84.23103333286636, 42.188763518636179 ], [ -84.230938294540039, 42.188605911300002 ], [ -84.23068293114666, 42.188062955123605 ], [ -84.230375954569496, 42.18743785379931 ] ] } },
{ "type": "Feature", "properties": { "road_id": "NAP-ROAD-81", "segment_id": "NAP-81-33813573802008038020079" }, "geometry": { "type": "LineString", "coordinates": [ [ -84.323238485143563, 42.193092755109497 ], [ -84.323192080881469, 42.193158409068786 ], [ -84.323173975658023, 42.193182482589435 ], [ -84.323107682460531, 42.193337267453593 ], [ -84.323105480926969, 42.193418010872783 ], [ -84.323161710375615, 42.193632339686417 ], [ -84.323183769422343, 42.193961549342042 ], [ -84.32318507938723, 42.194198129138108 ], [ -84.323141425103444, 42.194376334350103 ], [ -84.323067689188491, 42.19451946655402 ], [ -84.322893284063809, 42.194655311023865 ], [ -84.322735176572451, 42.194762552223665 ], [ -84.32259210856509, 42.194887330202505 ], [ -84.322503330759929, 42.195012925934734 ], [ -84.322459989868122, 42.195179595213119 ], [ -84.32244038759255, 42.195329313245956 ], [ -84.32243587279514, 42.19577928708668 ], [ -84.322463797152551, 42.196177822346691 ], [ -84.322467934994307, 42.196310589145632 ], [ -84.322480774132288, 42.196408868638727 ], [ -84.32247877542676, 42.196766564253821 ], [ -84.322463877694574, 42.197597185219749 ] ] } },
{ "type": "Feature", "properties": { "road_id": "NAP-ROAD-82", "segment_id": "NAP-82-8993103801126038020080" }, "geometry": { "type": "LineString", "coordinates": [ [ -84.326346729308241, 42.194383391773073 ], [ -84.324415837791491, 42.193557254789248 ], [ -84.323238485143563, 42.193092755109497 ] ] } },
{ "type": "Feature", "properties": { "road_id": "NAP-ROAD-83", "segment_id": "NAP-83-33810823801683938011282" }, "geometry": { "type": "LineString", "coordinates": [ [ -84.255463901946754, 42.192000279636829 ], [ -84.256442635221845, 42.193108565337852 ] ] } },
{ "type": "Feature", "properties": { "road_id": "NAP-ROAD-84", "segment_id": "NAP-84-9158153801135038011414" }, "geometry": { "type": "LineString", "coordinates": [ [ -84.320369260777454, 42.193192862086249 ], [ -84.320650711713441, 42.193058352153805 ], [ -84.320835086257674, 42.192970235747417 ] ] } },
{ "type": "Feature", "properties": { "road_id": "NAP-ROAD-85", "segment_id": "NAP-85-9159103801143538016839" }, "geometry": { "type": "LineString", "coordinates": [ [ -84.256876113127689, 42.191965491179701 ], [ -84.256542610346798, 42.19204298795507 ], [ -84.256261502768993, 42.192087427488374 ], [ -84.256037815687691, 42.192092227183473 ], [ -84.255786761047034, 42.192063320850444 ], [ -84.255463901946754, 42.192000279636829 ] ] } },
{ "type": "Feature", "properties": { "road_id": "NAP-ROAD-86", "segment_id": "NAP-86-9160043801143538011331" }, "geometry": { "type": "LineString", "coordinates": [ [ -84.256876113127689, 42.191965491179701 ], [ -84.256915973719842, 42.192880158213164 ] ] } },
{ "type": "Feature", "properties": { "road_id": "NAP-ROAD-87", "segment_id": "NAP-87-33810793801860238011396" }, "geometry": { "type": "LineString", "coordinates": [ [ -84.255315583572482, 42.19186790110281 ], [ -84.254879014270443, 42.192318247637139 ] ] } },
{ "type": "Feature", "properties": { "road_id": "NAP-ROAD-88", "segment_id": "NAP-88-9160013801683938018602" }, "geometry": { "type": "LineString", "coordinates": [ [ -84.255463901946754, 42.192000279636829 ], [ -84.255315583572482, 42.19186790110281 ] ] } },
{ "type": "Feature", "properties": { "road_id": "NAP-ROAD-89", "segment_id": "NAP-89-33806673801822238018540" }, "geometry": { "type": "LineString", "coordinates": [ [ -84.302161767666306, 42.192587036925097 ], [ -84.300614163905138, 42.192597648305082 ] ] } },
{ "type": "Feature", "properties": { "road_id": "NAP-ROAD-90", "segment_id": "NAP-90-33806673801144838018222" }, "geometry": { "type": "LineString", "coordinates": [ [ -84.30293748372226, 42.192581709365164 ], [ -84.302161767666306, 42.192587036925097 ] ] } },
{ "type": "Feature", "properties": { "road_id": "NAP-ROAD-91", "segment_id": "NAP-91-9160023801145138011375" }, "geometry": { "type": "LineString", "coordinates": [ [ -84.258353924287562, 42.19182781455109 ], [ -84.258363964528755, 42.192008015312695 ], [ -84.258371788635813, 42.19246065172382 ], [ -84.258385829313838, 42.192693520225852 ] ] } },
{ "type": "Feature", "properties": { "road_id": "NAP-ROAD-92", "segment_id": "NAP-92-9159103801136038011451" }, "geometry": { "type": "LineString", "coordinates": [ [ -84.25954251689457, 42.192447464393901 ], [ -84.2592246886976, 42.192291513862969 ], [ -84.259061536410826, 42.192196469619809 ], [ -84.258873029096662, 42.192081759767866 ], [ -84.258679451383742, 42.191963116519723 ], [ -84.258511666715336, 42.191848730140777 ], [ -84.258353924287562, 42.19182781455109 ] ] } },
{ "type": "Feature", "properties": { "road_id": "NAP-ROAD-93", "segment_id": "NAP-93-33806673801144638011448" }, "geometry": { "type": "LineString", "coordinates": [ [ -84.305633273611249, 42.192554652146015 ], [ -84.303954161947786, 42.192574719998142 ], [ -84.30293748372226, 42.192581709365164 ] ] } },
{ "type": "Feature", "properties": { "road_id": "NAP-ROAD-94", "segment_id": "NAP-94-9159103801145238011435" }, "geometry": { "type": "LineString", "coordinates": [ [ -84.257615731706622, 42.1917909659225 ], [ -84.257372690549076, 42.191807786062121 ], [ -84.257195257011688, 42.191851256013692 ], [ -84.256876113127689, 42.191965491179701 ] ] } },
{ "type": "Feature", "properties": { "road_id": "NAP-ROAD-95", "segment_id": "NAP-95-9160033801145238011347" }, "geometry": { "type": "LineString", "coordinates": [ [ -84.257615731706622, 42.1917909659225 ], [ -84.257613213736121, 42.191915604894469 ], [ -84.257639118114298, 42.192282127930504 ], [ -84.25761839184932, 42.19274353142486 ] ] } },
{ "type": "Feature", "properties": { "road_id": "NAP-ROAD-96", "segment_id": "NAP-96-9158013801822038011846" }, "geometry": { "type": "LineString", "coordinates": [ [ -84.346698660934678, 42.189644580169983 ], [ -84.346526224539517, 42.189603845205994 ], [ -84.346201384870923, 42.189595378306592 ], [ -84.345973807863871, 42.189564713046259 ], [ -84.345886387504365, 42.189528011121652 ], [ -84.345823848185759, 42.189451220094078 ], [ -84.345744167896868, 42.18929699200325 ], [ -84.345567699701931, 42.188825462930723 ], [ -84.345488404333793, 42.188577042857318 ], [ -84.345363617319435, 42.188315157608038 ], [ -84.345255446469281, 42.188074832859748 ], [ -84.345099241653145, 42.187708691081873 ], [ -84.344936663701219, 42.187339714770467 ], [ -84.344807885031386, 42.186996900310874 ], [ -84.344713175023955, 42.186777609453394 ] ] } },
{ "type": "Feature", "properties": { "road_id": "NAP-ROAD-97", "segment_id": "NAP-97-9011033801184838011049" }, "geometry": { "type": "LineString", "coordinates": [ [ -84.343683468231646, 42.186696924020794 ], [ -84.343037453921639, 42.187989166315745 ], [ -84.342816526080554, 42.188318324353183 ], [ -84.341836459233548, 42.189561340055107 ], [ -84.340958484497918, 42.190779297101386 ], [ -84.340842909407812, 42.190925725330452 ], [ -84.340727200704393, 42.191038437464108 ], [ -84.340577646286121, 42.191183340394595 ], [ -84.340440126127746, 42.191289595738517 ], [ -84.340026501988888, 42.19163697741363 ], [ -84.339956410338189, 42.191699257478042 ], [ -84.339877180633934, 42.191783903476576 ], [ -84.339787832338743, 42.191899230608421 ], [ -84.339635218180376, 42.192144049474905 ], [ -84.339556213387922, 42.192322646669275 ], [ -84.339501596081291, 42.192536164284228 ], [ -84.339481650989427, 42.192732034710403 ], [ -84.339470981257463, 42.192946207733989 ], [ -84.339470470817091, 42.193146002292387 ], [ -84.339488609573863, 42.193378769622001 ], [ -84.33947762549758, 42.193785474097751 ], [ -84.339442361843496, 42.196848655723514 ] ] } },
{ "type": "Feature", "properties": { "road_id": "NAP-ROAD-98", "segment_id": "NAP-98-33806723801184638011848" }, "geometry": { "type": "LineString", "coordinates": [ [ -84.344713175023955, 42.186777609453394 ], [ -84.343683468231646, 42.186696924020794 ] ] } },
{ "type": "Feature", "properties": { "road_id": "NAP-ROAD-99", "segment_id": "NAP-99-33806673801854038020247" }, "geometry": { "type": "LineString", "coordinates": [ [ -84.300614163905138, 42.192597648305082 ], [ -84.297971644851884, 42.192610162310253 ], [ -84.297692332829584, 42.192559501328738 ], [ -84.297446445310811, 42.192428172197175 ], [ -84.294980059448534, 42.190824801697609 ], [ -84.294794608975195, 42.190763974458939 ], [ -84.294545841704476, 42.19073696823564 ], [ -84.294422101379098, 42.190700279817939 ], [ -84.294347372908689, 42.190583163574736 ], [ -84.294234238225783, 42.190163935223275 ], [ -84.294302373543118, 42.189956232674184 ], [ -84.294403611214406, 42.189679453951165 ], [ -84.294392200053778, 42.189528517372835 ], [ -84.294322286500162, 42.188112602410008 ], [ -84.294361173064303, 42.187834868739301 ], [ -84.294511418629142, 42.18747766209912 ], [ -84.294532466445702, 42.187280834860331 ], [ -84.294612163866589, 42.186655814133758 ], [ -84.294696202702596, 42.18643675780249 ], [ -84.294841303839604, 42.186265025402832 ], [ -84.295048751758358, 42.186094248239037 ], [ -84.295129898015404, 42.185979520851795 ], [ -84.29530906000403, 42.185703936228357 ] ] } },
{ "type": "Feature", "properties": { "road_id": "NAP-ROAD-100", "segment_id": "NAP-100-9012033801186538011801" }, "geometry": { "type": "LineString", "coordinates": [ [ -84.268280932824908, 42.185113008375922 ], [ -84.268378919247311, 42.185235931017431 ], [ -84.268564786491595, 42.185440298460598 ], [ -84.268822960922449, 42.185658075752222 ], [ -84.269611093871205, 42.186228486536606 ], [ -84.270606176316988, 42.186919691184556 ], [ -84.271605303494425, 42.187613680008631 ] ] } },
{ "type": "Feature", "properties": { "road_id": "NAP-ROAD-101", "segment_id": "NAP-101-9011033801188138011848" }, "geometry": { "type": "LineString", "coordinates": [ [ -84.344127387579178, 42.185805882792515 ], [ -84.344048984183971, 42.185948388948411 ], [ -84.343966548803365, 42.186117315414933 ], [ -84.343771406712079, 42.186494540508555 ], [ -84.343683468231646, 42.186696924020794 ] ] } },
{ "type": "Feature", "properties": { "road_id": "NAP-ROAD-102", "segment_id": "NAP-102-9158013801184638011881" }, "geometry": { "type": "LineString", "coordinates": [ [ -84.344713175023955, 42.186777609453394 ], [ -84.344653508158572, 42.186638010448704 ], [ -84.344599208405896, 42.186485148426399 ], [ -84.344528850299866, 42.186386352992137 ], [ -84.344453820040897, 42.186280246258349 ], [ -84.344392803544366, 42.186196070490404 ], [ -84.34436565473257, 42.186119639874448 ], [ -84.344343858079483, 42.186025187041153 ], [ -84.344312135683012, 42.185937828036174 ], [ -84.344127387579178, 42.185805882792515 ] ] } },
{ "type": "Feature", "properties": { "road_id": "NAP-ROAD-103", "segment_id": "NAP-103-33810473801824338018245" }, "geometry": { "type": "LineString", "coordinates": [ [ -84.230523079020358, 42.183844240143493 ], [ -84.227656144654503, 42.183906470590223 ], [ -84.22757059863342, 42.183905109333651 ], [ -84.22743336060158, 42.183915656115545 ], [ -84.227338894966095, 42.183926882561764 ], [ -84.227252433607489, 42.183957332411829 ], [ -84.227174711160529, 42.183981556828378 ], [ -84.227105359121495, 42.184012278886591 ], [ -84.22703564083406, 42.184055725799269 ], [ -84.226947898694206, 42.184130711675195 ], [ -84.22688545323598, 42.18421883000736 ], [ -84.226865781456553, 42.184307630129197 ], [ -84.226834990110675, 42.184485366505918 ], [ -84.226784526586982, 42.184751902069252 ], [ -84.226745181174877, 42.18492950133701 ], [ -84.226725324643212, 42.185024663850982 ], [ -84.226654323112101, 42.185112645849124 ], [ -84.226593158196366, 42.18515622868297 ], [ -84.226497591678609, 42.185205629111231 ], [ -84.22639365329411, 42.185248529894942 ], [ -84.226307557200599, 42.185266255053456 ], [ -84.226204534424753, 42.185277345237793 ], [ -84.22614501766833, 42.185263666722093 ], [ -84.226031506181869, 42.185261558110469 ], [ -84.225943144474627, 42.185243625745741 ], [ -84.225822420132175, 42.185192127687266 ], [ -84.225592077879782, 42.18508930810345 ], [ -84.225340001701525, 42.184969616694453 ] ] } },
{ "type": "Feature", "properties": { "road_id": "NAP-ROAD-104", "segment_id": "NAP-104-9154093801824338011774" }, "geometry": { "type": "LineString", "coordinates": [ [ -84.230523079020358, 42.183844240143493 ], [ -84.230456941853731, 42.186193233649455 ], [ -84.23044126630397, 42.186341555194801 ], [ -84.230388158404907, 42.186529506455308 ], [ -84.230265750847437, 42.186681740845508 ], [ -84.23016469941706, 42.186774218334193 ], [ -84.230022467097598, 42.18690578112264 ] ] } },
{ "type": "Feature", "properties": { "road_id": "NAP-ROAD-105", "segment_id": "NAP-105-9154093802024838018243" }, "geometry": { "type": "LineString", "coordinates": [ [ -84.230538224565208, 42.183306329684008 ], [ -84.230523079020358, 42.183844240143493 ] ] } },
{ "type": "Feature", "properties": { "road_id": "NAP-ROAD-106", "segment_id": "NAP-106-9011083801192238011775" }, "geometry": { "type": "LineString", "coordinates": [ [ -84.306849116637281, 42.184432621713817 ], [ -84.306866883854056, 42.184889337931118 ], [ -84.306884645634952, 42.187626776009708 ], [ -84.306904530296734, 42.188058793823785 ] ] } },
{ "type": "Feature", "properties": { "road_id": "NAP-ROAD-107", "segment_id": "NAP-107-33814243802024838020249" }, "geometry": { "type": "LineString", "coordinates": [ [ -84.230538224565208, 42.183306329684008 ], [ -84.232027628765834, 42.183329979782073 ], [ -84.232260893873004, 42.183324310977859 ], [ -84.232444586425345, 42.183289741464691 ], [ -84.232800184763661, 42.183192301040144 ], [ -84.23314372343053, 42.183075926177459 ], [ -84.233391462400462, 42.183004886254736 ], [ -84.233574750544335, 42.182984365286686 ], [ -84.233851959331403, 42.18298407642601 ], [ -84.234228848805699, 42.183022851439326 ], [ -84.234623287962435, 42.183108759811283 ] ] } },
{ "type": "Feature", "properties": { "road_id": "NAP-ROAD-108", "segment_id": "NAP-108-33806673801144938011446" }, "geometry": { "type": "LineString", "coordinates": [ [ -84.307034221291971, 42.192544560070672 ], [ -84.305633273611249, 42.192554652146015 ] ] } },
{ "type": "Feature", "properties": { "road_id": "NAP-ROAD-109", "segment_id": "NAP-109-9011073801144938011109" }, "geometry": { "type": "LineString", "coordinates": [ [ -84.307034221291971, 42.192544560070672 ], [ -84.307080276178723, 42.195664668957711 ] ] } },
{ "type": "Feature", "properties": { "road_id": "NAP-ROAD-110", "segment_id": "NAP-110-9159103801145138011452" }, "geometry": { "type": "LineString", "coordinates": [ [ -84.258353924287562, 42.19182781455109 ], [ -84.257938196700522, 42.191785805238325 ], [ -84.257615731706622, 42.1917909659225 ] ] } },
{ "type": "Feature", "properties": { "road_id": "NAP-ROAD-111", "segment_id": "NAP-111-9159013801823038011164" }, "geometry": { "type": "LineString", "coordinates": [ [ -84.266356613077562, 42.191920812397335 ], [ -84.266140938155417, 42.191894278704709 ], [ -84.264829596091715, 42.191904505701103 ], [ -84.264684684324934, 42.191921222185478 ], [ -84.264475460880277, 42.192045683753712 ], [ -84.26439438681814, 42.192297474099668 ], [ -84.26431596664473, 42.192629988975511 ], [ -84.264227687914257, 42.192962350988111 ], [ -84.264141919606175, 42.193030695066476 ], [ -84.26398422714837, 42.193134191475863 ], [ -84.26376065022977, 42.193291990362873 ], [ -84.263561261190361, 42.193497954434342 ], [ -84.263495648191494, 42.193557278856161 ], [ -84.263442855942984, 42.193607396705467 ], [ -84.263363669873698, 42.19368257212021 ], [ -84.263247752038225, 42.193744439403375 ], [ -84.263094384112392, 42.193818458326852 ], [ -84.262881042395975, 42.193893662789179 ], [ -84.262727913160901, 42.193959194593937 ], [ -84.262565593563892, 42.194129129109946 ], [ -84.262439749941095, 42.194258219507965 ], [ -84.262288575225995, 42.194355618533521 ], [ -84.26200817420434, 42.194457344795588 ] ] } },
{ "type": "Feature", "properties": { "road_id": "NAP-ROAD-112", "segment_id": "NAP-112-9182163801684538016846" }, "geometry": { "type": "LineString", "coordinates": [ [ -84.230803201223466, 42.191727282227781 ], [ -84.230809862819555, 42.191265046281323 ] ] } },
{ "type": "Feature", "properties": { "road_id": "NAP-ROAD-113", "segment_id": "NAP-113-9156093801146738011269" }, "geometry": { "type": "LineString", "coordinates": [ [ -84.248278910152266, 42.191483392640272 ], [ -84.248270359976843, 42.191577729915608 ], [ -84.248263496224027, 42.191696674881356 ], [ -84.248196483331085, 42.191972547289517 ], [ -84.248144488876846, 42.192209834310155 ], [ -84.248058034172388, 42.192502618494473 ], [ -84.248066474311969, 42.192745491928896 ], [ -84.248091648779365, 42.192881873033969 ], [ -84.248165313426654, 42.192976616311086 ], [ -84.248264382688561, 42.193054925204123 ], [ -84.248481315803446, 42.193162861586991 ] ] } },
{ "type": "Feature", "properties": { "road_id": "NAP-ROAD-114", "segment_id": "NAP-114-33806643801146738011321" }, "geometry": { "type": "LineString", "coordinates": [ [ -84.248278910152266, 42.191483392640272 ], [ -84.248519372879827, 42.191588936323477 ], [ -84.248683127001627, 42.191701879731575 ], [ -84.248824920751034, 42.191825974047831 ], [ -84.248880767583501, 42.191928021741838 ], [ -84.248918153040734, 42.192135549161087 ], [ -84.248937500076281, 42.192257991659787 ], [ -84.249060167522046, 42.192496184062009 ], [ -84.249196213397781, 42.192677708666118 ], [ -84.249368043210978, 42.192842294171449 ], [ -84.249495311977782, 42.192918674288656 ], [ -84.249615292142678, 42.192976084266334 ], [ -84.249889089039812, 42.19303527921705 ], [ -84.249966217941008, 42.193052726240559 ], [ -84.250057794216062, 42.193074008099572 ], [ -84.250179286332781, 42.193066898045487 ], [ -84.250271886185573, 42.1930521172848 ], [ -84.250438354775625, 42.192998812461283 ], [ -84.250659191102116, 42.192910283865714 ], [ -84.250907030949719, 42.19277413465926 ] ] } },
{ "type": "Feature", "properties": { "road_id": "NAP-ROAD-115", "segment_id": "NAP-115-33810323801146538020542" }, "geometry": { "type": "LineString", "coordinates": [ [ -84.229238285393095, 42.191274204592865 ], [ -84.229250340330381, 42.191273261162969 ], [ -84.229262430648987, 42.191272435403718 ], [ -84.229274541798901, 42.191271685645063 ], [ -84.229286664125098, 42.191270968493129 ], [ -84.229298781892368, 42.191270241358183 ], [ -84.229310885445628, 42.191269460846314 ], [ -84.229322960234697, 42.191268585287567 ], [ -84.229334995419336, 42.191267570368247 ], [ -84.229346976449321, 42.191266374418447 ], [ -84.229358891221821, 42.191264954906224 ], [ -84.229370728870705, 42.191263268418361 ], [ -84.229382492050505, 42.191261306889579 ], [ -84.229394220758977, 42.191259153833087 ], [ -84.229405914504284, 42.19125682635719 ], [ -84.229417568132476, 42.191254335189996 ], [ -84.229429180070326, 42.191251692918335 ], [ -84.22944074513795, 42.191248911170817 ], [ -84.229452258207218, 42.191245999775234 ], [ -84.229463717705073, 42.191242971318353 ], [ -84.22947511845166, 42.191239837428817 ], [ -84.229486456477886, 42.19123660975454 ], [ -84.229497729051687, 42.19123329906224 ], [ -84.229508930967256, 42.191229917880889 ], [ -84.229520158443918, 42.191226490260966 ], [ -84.229531469860206, 42.191223008121867 ], [ -84.229542791309285, 42.191219429751058 ], [ -84.229554048884239, 42.191215713435923 ], [ -84.229565168704113, 42.191211816563516 ], [ -84.229576078072824, 42.191207697440568 ], [ -84.229586699425113, 42.191203315197285 ], [ -84.229596962564216, 42.191198625477746 ], [ -84.229606789899023, 42.191193588312558 ], [ -84.229616117312759, 42.191188158541571 ], [ -84.229625132986172, 42.191182237360515 ], [ -84.229633867008729, 42.191175831553643 ] ] } },
{ "type": "Feature", "properties": { "road_id": "NAP-ROAD-116", "segment_id": "NAP-116-33815283802054238020537" }, "geometry": { "type": "LineString", "coordinates": [ [ -84.229633867008729, 42.191175831553643 ], [ -84.22968388638256, 42.19126143358546 ], [ -84.229734762436152, 42.19151809028908 ] ] } },
{ "type": "Feature", "properties": { "road_id": "NAP-ROAD-117", "segment_id": "NAP-117-9182193801684838011402" }, "geometry": { "type": "LineString", "coordinates": [ [ -84.228974991723305, 42.191131899889982 ], [ -84.228945295756901, 42.191404646909362 ], [ -84.228873454064768, 42.191750705485589 ] ] } },
{ "type": "Feature", "properties": { "road_id": "NAP-ROAD-118", "segment_id": "NAP-118-33810323801684838011465" }, "geometry": { "type": "LineString", "coordinates": [ [ -84.228974991723305, 42.191131899889982 ], [ -84.228983126773912, 42.191138577450495 ], [ -84.228991187519895, 42.191145311482906 ], [ -84.228999208589229, 42.191152077314271 ], [ -84.229007222239986, 42.191158848432131 ], [ -84.22901526433688, 42.191165599282257 ], [ -84.229023364768068, 42.191172301512914 ], [ -84.229031560531482, 42.191178932290377 ], [ -84.229039883962841, 42.191185462400874 ], [ -84.229048367242612, 42.1911918680333 ], [ -84.229057031136023, 42.191198143211828 ], [ -84.22906577187706, 42.191204442132445 ], [ -84.229074599980606, 42.191210736135382 ], [ -84.229083555260345, 42.191216946579402 ], [ -84.229092681110558, 42.191222996681979 ], [ -84.229102019818185, 42.191228806039433 ], [ -84.229111611170921, 42.191234296911063 ], [ -84.229121498588796, 42.191239391613827 ], [ -84.229131724306967, 42.191244011544903 ], [ -84.229142317902784, 42.191248139157558 ], [ -84.229153239562578, 42.191251853092943 ], [ -84.229164424045251, 42.191255231587846 ], [ -84.229175810901367, 42.191258354757096 ], [ -84.229187337311487, 42.19126130087605 ], [ -84.229198941641357, 42.191264149139919 ], [ -84.229210561045761, 42.191266978724528 ], [ -84.229222132731351, 42.191269867004955 ], [ -84.229238285393095, 42.191274204592865 ] ] } },
{ "type": "Feature", "properties": { "road_id": "NAP-ROAD-119", "segment_id": "NAP-119-9156093801147538011467" }, "geometry": { "type": "LineString", "coordinates": [ [ -84.248152124636178, 42.191362113717169 ], [ -84.248278910152266, 42.191483392640272 ] ] } },
{ "type": "Feature", "properties": { "road_id": "NAP-ROAD-120", "segment_id": "NAP-120-8993103801107738011072" }, "geometry": { "type": "LineString", "coordinates": [ [ -84.364569742304127, 42.196974023888515 ], [ -84.363925382374703, 42.196976847423237 ], [ -84.359514344465239, 42.196955025635546 ] ] } },
{ "type": "Feature", "properties": { "road_id": "NAP-ROAD-121", "segment_id": "NAP-121-9159023801111138019740" }, "geometry": { "type": "LineString", "coordinates": [ [ -84.268145038024343, 42.195290899496982 ], [ -84.267251163339694, 42.195872680050464 ], [ -84.267235053697718, 42.195883427590836 ] ] } },
{ "type": "Feature", "properties": { "road_id": "NAP-ROAD-122", "segment_id": "NAP-122-9011073801110938011022" }, "geometry": { "type": "LineString", "coordinates": [ [ -84.307080276178723, 42.195664668957711 ], [ -84.307011279797308, 42.195839464430406 ], [ -84.30690970828455, 42.195934152005037 ], [ -84.306797813558447, 42.19598905603106 ], [ -84.306601979738062, 42.19605117444614 ], [ -84.30628175597441, 42.196068943114845 ], [ -84.306034524105712, 42.196062348747397 ], [ -84.305763606492405, 42.196086527456238 ], [ -84.305625154909649, 42.196138195557907 ], [ -84.305485612051839, 42.196229473240784 ], [ -84.305411216791128, 42.196304759793144 ], [ -84.305332548902314, 42.196396964463219 ], [ -84.305257920651968, 42.196480738542284 ], [ -84.305191134427176, 42.19655614176056 ], [ -84.305113401301199, 42.19661439493958 ], [ -84.304993426437576, 42.196686157397131 ], [ -84.299244003233156, 42.196657882645667 ] ] } },
{ "type": "Feature", "properties": { "road_id": "NAP-ROAD-123", "segment_id": "NAP-123-9157053801110938017600" }, "geometry": { "type": "LineString", "coordinates": [ [ -84.307080276178723, 42.195664668957711 ], [ -84.307157046395758, 42.196651451236271 ], [ -84.307208253378334, 42.198561503954224 ] ] } },
{ "type": "Feature", "properties": { "road_id": "NAP-ROAD-124", "segment_id": "NAP-124-33812193801974138019739" }, "geometry": { "type": "LineString", "coordinates": [ [ -84.265503721527381, 42.194983640549069 ], [ -84.265497187717386, 42.195022613311785 ], [ -84.265510007844256, 42.19508209869695 ], [ -84.26588766302514, 42.196274202618405 ] ] } },
{ "type": "Feature", "properties": { "road_id": "NAP-ROAD-125", "segment_id": "NAP-125-33812183801974238019740" }, "geometry": { "type": "LineString", "coordinates": [ [ -84.266310819779477, 42.194827787466998 ], [ -84.26636273730432, 42.194850153776748 ], [ -84.266417821537914, 42.194888739331127 ], [ -84.267235053697718, 42.195883427590836 ] ] } },
{ "type": "Feature", "properties": { "road_id": "NAP-ROAD-126", "segment_id": "NAP-126-33812203801974238019741" }, "geometry": { "type": "LineString", "coordinates": [ [ -84.266310819779477, 42.194827787466998 ], [ -84.266263842577715, 42.194823012971469 ], [ -84.266204187149697, 42.194818041916356 ], [ -84.266153512232805, 42.194815905984164 ], [ -84.265555610778975, 42.194942679990163 ], [ -84.265529912817442, 42.194954405761237 ], [ -84.265503721527381, 42.194983640549069 ] ] } },
{ "type": "Feature", "properties": { "road_id": "NAP-ROAD-127", "segment_id": "NAP-127-9157183801100838011138" }, "geometry": { "type": "LineString", "coordinates": [ [ -84.285728729887268, 42.196533960435161 ], [ -84.285772905308164, 42.195091373334932 ] ] } },
{ "type": "Feature", "properties": { "road_id": "NAP-ROAD-128", "segment_id": "NAP-128-9181093801117238010888" }, "geometry": { "type": "LineString", "coordinates": [ [ -84.220411589957905, 42.193891338652882 ], [ -84.220306617070648, 42.196681309416164 ] ] } },
{ "type": "Feature", "properties": { "road_id": "NAP-ROAD-129", "segment_id": "NAP-129-9154103801117238010901" }, "geometry": { "type": "LineString", "coordinates": [ [ -84.220411589957905, 42.193891338652882 ], [ -84.220552347045611, 42.193899292804296 ], [ -84.220735416876096, 42.193914346442511 ], [ -84.220962974287318, 42.19394223913423 ], [ -84.221153146974416, 42.193993794196359 ], [ -84.221330042399416, 42.194081525643128 ], [ -84.22165113812369, 42.19425949805656 ], [ -84.222461788630739, 42.194801502676157 ], [ -84.222819965607755, 42.195056647574035 ], [ -84.223075534431175, 42.195290967763107 ], [ -84.223267826341072, 42.195482706152823 ], [ -84.223546181443709, 42.195672619421615 ], [ -84.223783488573957, 42.19579472244277 ], [ -84.22414901478345, 42.195944451838947 ], [ -84.224476409019616, 42.196074385297287 ], [ -84.224829255001993, 42.196150896206525 ], [ -84.225200904624558, 42.196201565827806 ], [ -84.225658142723162, 42.196205866269274 ], [ -84.22632404473265, 42.196190890435886 ], [ -84.226572156028396, 42.196190149596355 ], [ -84.226786861098788, 42.196199836151912 ], [ -84.226984171536117, 42.196228052347713 ], [ -84.22720640190667, 42.196269203573429 ], [ -84.227288941698006, 42.196295747779331 ], [ -84.228342263357732, 42.19663448249927 ] ] } },
{ "type": "Feature", "properties": { "road_id": "NAP-ROAD-130", "segment_id": "NAP-130-9159023801118138011111" }, "geometry": { "type": "LineString", "coordinates": [ [ -84.27529310750937, 42.194650079473469 ], [ -84.275150540083757, 42.194702816650057 ], [ -84.274702850492304, 42.194896711875714 ], [ -84.273925572555981, 42.195286327612024 ], [ -84.273689631945729, 42.195393127090966 ], [ -84.273410173157473, 42.195486698935902 ], [ -84.273080516887433, 42.195564428594842 ], [ -84.272829601879437, 42.195603212750619 ], [ -84.272629728180647, 42.195627726474982 ], [ -84.272444055578987, 42.195627355853205 ], [ -84.272090008513999, 42.195611818494378 ], [ -84.271978928762479, 42.195600053614399 ], [ -84.271733712802714, 42.195556079731226 ], [ -84.270780199793904, 42.195368054254878 ], [ -84.269837591527818, 42.195152575212532 ], [ -84.269555681417998, 42.195092964408914 ], [ -84.269309834122367, 42.195071570154688 ], [ -84.269057096255338, 42.195055088574939 ], [ -84.268806815928869, 42.195071280022596 ], [ -84.268582966940315, 42.195107966069884 ], [ -84.268333872856928, 42.195201997892006 ], [ -84.268145038024343, 42.195290899496982 ] ] } },
{ "type": "Feature", "properties": { "road_id": "NAP-ROAD-131", "segment_id": "NAP-131-9012033801118138011000" }, "geometry": { "type": "LineString", "coordinates": [ [ -84.27529310750937, 42.194650079473469 ], [ -84.275411543932748, 42.194851884622693 ], [ -84.275680405315242, 42.195398092542199 ], [ -84.275941032612621, 42.195938100575916 ], [ -84.276035946369475, 42.196060081942584 ], [ -84.276130900426423, 42.196138075368673 ], [ -84.276359519544968, 42.196295173063973 ], [ -84.276658875610465, 42.196414647722428 ], [ -84.277102052175493, 42.196478081965388 ] ] } },
{ "type": "Feature", "properties": { "road_id": "NAP-ROAD-132", "segment_id": "NAP-132-8994033801118238011054" }, "geometry": { "type": "LineString", "coordinates": [ [ -84.347926455688523, 42.195732071848106 ], [ -84.345927368985841, 42.196012757805001 ], [ -84.345718835228539, 42.196066120057949 ], [ -84.345613946814865, 42.196115891406826 ], [ -84.345549908442848, 42.196186803739053 ], [ -84.345526445224152, 42.196289118723627 ], [ -84.345509279692735, 42.196890101731476 ] ] } },
{ "type": "Feature", "properties": { "road_id": "NAP-ROAD-133", "segment_id": "NAP-133-9181093801175338011598" }, "geometry": { "type": "LineString", "coordinates": [ [ -84.220849811175555, 42.187112639342089 ], [ -84.220949770039908, 42.187393352534912 ], [ -84.22110884478073, 42.187745293505117 ], [ -84.221344454301303, 42.188158568649143 ], [ -84.221527014517804, 42.188484585546256 ], [ -84.221710508353112, 42.188818526420555 ], [ -84.221798064184952, 42.189072311752014 ], [ -84.221789405495244, 42.189245859907956 ], [ -84.221724758111179, 42.189399517348981 ], [ -84.221665877158145, 42.189495696555447 ] ] } },
{ "type": "Feature", "properties": { "road_id": "NAP-ROAD-134", "segment_id": "NAP-134-33813683802011738020115" }, "geometry": { "type": "LineString", "coordinates": [ [ -84.3174434964466, 42.190489448499356 ], [ -84.317389928432036, 42.190391896993873 ], [ -84.317272555267238, 42.190166574059859 ], [ -84.317229748927232, 42.190075588327041 ], [ -84.317188071991183, 42.189943280004854 ], [ -84.31717940866443, 42.189808407461143 ], [ -84.317164023232294, 42.18909330508432 ], [ -84.317176175110262, 42.189043715776094 ], [ -84.317194713383486, 42.188997433625552 ], [ -84.317239938754582, 42.188922654138608 ], [ -84.317300227360462, 42.188849708695955 ], [ -84.31738222896135, 42.188772275007715 ], [ -84.317601325127953, 42.188576494005233 ] ] } },
{ "type": "Feature", "properties": { "road_id": "NAP-ROAD-135", "segment_id": "NAP-135-33811073801882838018829" }, "geometry": { "type": "LineString", "coordinates": [ [ -84.306922766976285, 42.188886820830653 ], [ -84.306321216459821, 42.188889591714258 ], [ -84.306009729207929, 42.188843100186141 ], [ -84.305739802377204, 42.188743565087144 ], [ -84.305566727667326, 42.188621648919209 ], [ -84.305331165736519, 42.188439139625203 ], [ -84.305117026358459, 42.188352380675191 ], [ -84.304853475983407, 42.188312580647413 ], [ -84.304636873624275, 42.188315244265411 ], [ -84.304419449797791, 42.188347714993149 ], [ -84.304088156266587, 42.188438089567782 ], [ -84.303799242549914, 42.188445612709309 ], [ -84.303567756923599, 42.188406298606836 ], [ -84.303274608965552, 42.188276583459178 ], [ -84.302956262485182, 42.188188231045743 ], [ -84.302699744077159, 42.188184317727227 ], [ -84.302394470271565, 42.188203516456305 ] ] } },
{ "type": "Feature", "properties": { "road_id": "NAP-ROAD-136", "segment_id": "NAP-136-9159013801180138011600" }, "geometry": { "type": "LineString", "coordinates": [ [ -84.271605303494425, 42.187613680008631 ], [ -84.269232821951661, 42.188866971687737 ], [ -84.268768310467408, 42.189095399254384 ], [ -84.268583034749952, 42.189192412888012 ], [ -84.268443451957353, 42.189256838579098 ], [ -84.26829651425841, 42.189372317047884 ], [ -84.268270364055581, 42.189556970327402 ], [ -84.268266418824297, 42.189700927948373 ], [ -84.268270014879448, 42.189902566156903 ], [ -84.26824329742108, 42.190146949379418 ] ] } },
{ "type": "Feature", "properties": { "road_id": "NAP-ROAD-137", "segment_id": "NAP-137-9012033801180138011344" }, "geometry": { "type": "LineString", "coordinates": [ [ -84.271605303494425, 42.187613680008631 ], [ -84.273315917661193, 42.188814727394977 ], [ -84.273652735654863, 42.189081963561868 ], [ -84.27394236796971, 42.189318693560132 ], [ -84.274214158746801, 42.18962064838513 ], [ -84.274376066195771, 42.189843486887085 ], [ -84.274504124199382, 42.190131302620308 ], [ -84.274975505127529, 42.192169200616178 ], [ -84.275047280002198, 42.192510733663063 ], [ -84.275064200254079, 42.192817194893919 ], [ -84.27508849376872, 42.193021661989299 ] ] } },
{ "type": "Feature", "properties": { "road_id": "NAP-ROAD-138", "segment_id": "NAP-138-9154083801173938011774" }, "geometry": { "type": "LineString", "coordinates": [ [ -84.230375954569496, 42.18743785379931 ], [ -84.23028524055087, 42.187261483317535 ], [ -84.230183579737883, 42.18709559578231 ], [ -84.230022467097598, 42.18690578112264 ] ] } },
{ "type": "Feature", "properties": { "road_id": "NAP-ROAD-139", "segment_id": "NAP-139-9011073801177538018828" }, "geometry": { "type": "LineString", "coordinates": [ [ -84.306904530296734, 42.188058793823785 ], [ -84.306922766976285, 42.188886820830653 ] ] } },
{ "type": "Feature", "properties": { "road_id": "NAP-ROAD-140", "segment_id": "NAP-140-8993103802011238011775" }, "geometry": { "type": "LineString", "coordinates": [ [ -84.313369545540752, 42.190108620985114 ], [ -84.313353518270389, 42.190103941405113 ], [ -84.309812727247348, 42.188999847296188 ], [ -84.306904530296734, 42.188058793823785 ] ] } },
{ "type": "Feature", "properties": { "road_id": "NAP-ROAD-141", "segment_id": "NAP-141-03801173938011787" }, "geometry": { "type": "LineString", "coordinates": [ [ -84.230375954569496, 42.18743785379931 ], [ -84.22985530639798, 42.187000682349783 ], [ -84.229271693290329, 42.186623836814803 ] ] } },
{ "type": "Feature", "properties": { "road_id": "NAP-ROAD-142", "segment_id": "NAP-142-9154083801177438011787" }, "geometry": { "type": "LineString", "coordinates": [ [ -84.230022467097598, 42.18690578112264 ], [ -84.229935013117455, 42.186849226467686 ], [ -84.229818074076235, 42.186779176064498 ], [ -84.229693437871575, 42.186718217922184 ], [ -84.229491802487033, 42.186663408223964 ], [ -84.229271693290329, 42.186623836814803 ] ] } },
{ "type": "Feature", "properties": { "road_id": "NAP-ROAD-143", "segment_id": "NAP-143-9154083801178738011753" }, "geometry": { "type": "LineString", "coordinates": [ [ -84.229271693290329, 42.186623836814803 ], [ -84.22910649554349, 42.186618579115063 ], [ -84.227765700099141, 42.186704043713249 ], [ -84.226402737261864, 42.186777355807195 ], [ -84.224613155995087, 42.186897326307346 ], [ -84.221080228090585, 42.187074211756183 ], [ -84.220849811175555, 42.187112639342089 ] ] } },
{ "type": "Feature", "properties": { "road_id": "NAP-ROAD-144", "segment_id": "NAP-144-33810683802054338011644" }, "geometry": { "type": "LineString", "coordinates": [ [ -84.248862735618076, 42.186532631100029 ], [ -84.248918290019816, 42.188506320166169 ], [ -84.248933377436771, 42.189257591629882 ] ] } },
{ "type": "Feature", "properties": { "road_id": "NAP-ROAD-145", "segment_id": "NAP-145-33815273802054338020532" }, "geometry": { "type": "LineString", "coordinates": [ [ -84.248862735618076, 42.186532631100029 ], [ -84.248142940544568, 42.186515394902976 ], [ -84.246239492065641, 42.186528168174711 ] ] } },
{ "type": "Feature", "properties": { "road_id": "NAP-ROAD-146", "segment_id": "NAP-146-33809853801701838025564" }, "geometry": { "type": "LineString", "coordinates": [ [ -84.291804450762797, 42.209063043421487 ], [ -84.291231994281901, 42.207848316037861 ], [ -84.291168235193354, 42.207770769714713 ], [ -84.290788559186836, 42.207498484877036 ], [ -84.290619095096105, 42.207391224548175 ] ] } },
{ "type": "Feature", "properties": { "road_id": "NAP-ROAD-147", "segment_id": "NAP-147-33809853802556438025563" }, "geometry": { "type": "LineString", "coordinates": [ [ -84.290619095096105, 42.207391224548175 ], [ -84.290590190068897, 42.207372929875895 ], [ -84.290447173361315, 42.207330917803247 ], [ -84.290223079801464, 42.207311771694073 ] ] } },
{ "type": "Feature", "properties": { "road_id": "NAP-ROAD-148", "segment_id": "NAP-148-33801033802541538010045" }, "geometry": { "type": "LineString", "coordinates": [ [ -84.331533646172133, 42.206640062873518 ], [ -84.331482244053134, 42.206774999890513 ], [ -84.331438548431848, 42.206968309228088 ], [ -84.33147353539276, 42.208496595157378 ], [ -84.331546889485736, 42.211288440386269 ] ] } },
{ "type": "Feature", "properties": { "road_id": "NAP-ROAD-149", "segment_id": "NAP-149-9154063801225438012243" }, "geometry": { "type": "LineString", "coordinates": [ [ -84.238540539417144, 42.17461090332062 ], [ -84.236235654998055, 42.174673831230407 ], [ -84.230778713322906, 42.174763289153432 ] ] } },
{ "type": "Feature", "properties": { "road_id": "NAP-ROAD-150", "segment_id": "NAP-150-9011033801226038021747" }, "geometry": { "type": "LineString", "coordinates": [ [ -84.347647720431141, 42.176210331734119 ], [ -84.34649536986926, 42.177979082439556 ], [ -84.346450004253128, 42.178053230366011 ] ] } },
{ "type": "Feature", "properties": { "road_id": "NAP-ROAD-151", "segment_id": "NAP-151-8991063801222838012260" }, "geometry": { "type": "LineString", "coordinates": [ [ -84.350157597392197, 42.176902263721189 ], [ -84.347647720431141, 42.176210331734119 ] ] } },
{ "type": "Feature", "properties": { "road_id": "NAP-ROAD-152", "segment_id": "NAP-152-9154063801226138012254" }, "geometry": { "type": "LineString", "coordinates": [ [ -84.241280615017629, 42.174561794700558 ], [ -84.240385223149261, 42.17457886022143 ], [ -84.238540539417144, 42.17461090332062 ] ] } },
{ "type": "Feature", "properties": { "road_id": "NAP-ROAD-153", "segment_id": "NAP-153-9012023801226838012223" }, "geometry": { "type": "LineString", "coordinates": [ [ -84.273572118441535, 42.175040331868452 ], [ -84.273561490104044, 42.175354812367061 ], [ -84.273581707474762, 42.176194946305195 ] ] } },
{ "type": "Feature", "properties": { "road_id": "NAP-ROAD-154", "segment_id": "NAP-154-9155193801220238012266" }, "geometry": { "type": "LineString", "coordinates": [ [ -84.329393684397061, 42.177224951897614 ], [ -84.32944122603088, 42.17721882362946 ], [ -84.329455819488345, 42.177208705078556 ], [ -84.329464816452088, 42.17719332721142 ], [ -84.329493069160733, 42.17714371917809 ], [ -84.32954813498516, 42.17660219317365 ], [ -84.32955821361287, 42.176528296135757 ], [ -84.329548378788843, 42.176494126117476 ], [ -84.329508959927566, 42.176459511580759 ], [ -84.328963063325617, 42.176339847265865 ], [ -84.328750023269464, 42.176277842895658 ], [ -84.328538397484039, 42.176209043763308 ], [ -84.328118171075857, 42.176014998319005 ], [ -84.327849541087957, 42.175859054460027 ] ] } },
{ "type": "Feature", "properties": { "road_id": "NAP-ROAD-155", "segment_id": "NAP-155-33800253801226838012223" }, "geometry": { "type": "LineString", "coordinates": [ [ -84.273572118441535, 42.175040331868452 ], [ -84.274410649091365, 42.175034352667765 ], [ -84.274552028881203, 42.175052605892091 ], [ -84.274884313159717, 42.175193130534353 ], [ -84.275326376249652, 42.175378949738644 ], [ -84.275462682429506, 42.175468251268235 ], [ -84.275518695898128, 42.175560898120615 ], [ -84.275527367462672, 42.175691815627751 ], [ -84.275520429996519, 42.175829375417308 ], [ -84.27547983225594, 42.175957234970902 ], [ -84.275403392540568, 42.176043239397345 ], [ -84.275330257642381, 42.176119516438149 ], [ -84.275240655816802, 42.17617944030323 ], [ -84.275162955305689, 42.176206848284032 ], [ -84.275033646066575, 42.176213018111504 ], [ -84.273581707474762, 42.176194946305195 ] ] } },
{ "type": "Feature", "properties": { "road_id": "NAP-ROAD-156", "segment_id": "NAP-156-9154063801854238012261" }, "geometry": { "type": "LineString", "coordinates": [ [ -84.245349329184762, 42.174449883537228 ], [ -84.243566835386176, 42.174498929666314 ], [ -84.241280615017629, 42.174561794700558 ] ] } },
{ "type": "Feature", "properties": { "road_id": "NAP-ROAD-157", "segment_id": "NAP-157-9154063801226538018542" }, "geometry": { "type": "LineString", "coordinates": [ [ -84.245584420901324, 42.174443413405086 ], [ -84.245349329184762, 42.174449883537228 ] ] } },
{ "type": "Feature", "properties": { "road_id": "NAP-ROAD-158", "segment_id": "NAP-158-33810683801226538020543" }, "geometry": { "type": "LineString", "coordinates": [ [ -84.245584420901324, 42.174443413405086 ], [ -84.24559451227357, 42.17474491641476 ], [ -84.245683934966863, 42.180727932785047 ], [ -84.245673842422192, 42.181274076572763 ], [ -84.245698622136516, 42.181525869841998 ], [ -84.245756475811646, 42.181654900611584 ], [ -84.24582398533731, 42.181755821413411 ], [ -84.245926564734688, 42.181839324689037 ], [ -84.246053550446803, 42.181942252477285 ], [ -84.246294794244847, 42.182123573660654 ], [ -84.247736327400148, 42.182989573528808 ], [ -84.248424604319965, 42.183389684537239 ], [ -84.248555019225563, 42.183498987251916 ], [ -84.248663403057449, 42.183631775881615 ], [ -84.248741135742492, 42.183764100327359 ], [ -84.248797705778031, 42.183932301996251 ], [ -84.248839948259828, 42.184113926003477 ], [ -84.248844937577573, 42.18478861480488 ], [ -84.24883755529541, 42.18529068391264 ], [ -84.248858059432962, 42.186032995702419 ], [ -84.248862155104419, 42.186512023395565 ], [ -84.248862735618076, 42.186532631100029 ] ] } },
{ "type": "Feature", "properties": { "road_id": "NAP-ROAD-159", "segment_id": "NAP-159-9154063801223938012265" }, "geometry": { "type": "LineString", "coordinates": [ [ -84.263294271932523, 42.175376344944176 ], [ -84.261762971592617, 42.174830747096884 ], [ -84.261584067818248, 42.174794068005269 ], [ -84.261427644947318, 42.17476790483618 ], [ -84.261234509447434, 42.174751333897873 ], [ -84.260872849214891, 42.17473382406294 ], [ -84.256110765019187, 42.174693580001467 ], [ -84.249986175689969, 42.174594979985784 ], [ -84.248644156455512, 42.174570812993338 ], [ -84.246498832779238, 42.174450555787139 ], [ -84.24592385825521, 42.174441498351541 ], [ -84.245584420901324, 42.174443413405086 ] ] } },
{ "type": "Feature", "properties": { "road_id": "NAP-ROAD-160", "segment_id": "NAP-160-9157073801074038018223" }, "geometry": { "type": "LineString", "coordinates": [ [ -84.302159615581104, 42.200089294833774 ], [ -84.302192885968267, 42.200144453704809 ], [ -84.302205907175434, 42.200316372060257 ], [ -84.302221150804868, 42.200809879918125 ], [ -84.302241416427066, 42.201546858982276 ] ] } },
{ "type": "Feature", "properties": { "road_id": "NAP-ROAD-161", "segment_id": "NAP-161-9157073801075538010740" }, "geometry": { "type": "LineString", "coordinates": [ [ -84.301653877875879, 42.199882136204621 ], [ -84.301860272394677, 42.199957090014202 ], [ -84.302092585616691, 42.200022210976485 ], [ -84.302159615581104, 42.200089294833774 ] ] } },
{ "type": "Feature", "properties": { "road_id": "NAP-ROAD-162", "segment_id": "NAP-162-33801063801079238010779" }, "geometry": { "type": "LineString", "coordinates": [ [ -84.353135665135397, 42.200021169115992 ], [ -84.353275441493267, 42.200509598553282 ], [ -84.353294111000281, 42.200586879296146 ] ] } },
{ "type": "Feature", "properties": { "road_id": "NAP-ROAD-163", "segment_id": "NAP-163-9157073801083338010755" }, "geometry": { "type": "LineString", "coordinates": [ [ -84.298781931485479, 42.198555320501484 ], [ -84.298766250156746, 42.198708783220304 ], [ -84.298789971329811, 42.198830805064141 ], [ -84.298841305908383, 42.198967657748405 ], [ -84.298951828454577, 42.199116889914492 ], [ -84.299058957765482, 42.199205793164843 ], [ -84.299218066479199, 42.199290479493648 ], [ -84.299443230627801, 42.19936505890314 ], [ -84.299699385957325, 42.199400096753699 ], [ -84.299991405513694, 42.199435681946355 ], [ -84.300360513319873, 42.199494674438704 ], [ -84.300545489161451, 42.199538443045022 ], [ -84.300761329691653, 42.199596387828599 ], [ -84.301200989549045, 42.199736591420674 ], [ -84.301653877875879, 42.199882136204621 ] ] } },
{ "type": "Feature", "properties": { "road_id": "NAP-ROAD-164", "segment_id": "NAP-164-9158173801075538010836" }, "geometry": { "type": "LineString", "coordinates": [ [ -84.301653877875879, 42.199882136204621 ], [ -84.301700401488986, 42.199790289239886 ], [ -84.301686250342598, 42.19858705594708 ] ] } },
{ "type": "Feature", "properties": { "road_id": "NAP-ROAD-165", "segment_id": "NAP-165-9158063801083438010833" }, "geometry": { "type": "LineString", "coordinates": [ [ -84.299972799319562, 42.198547595691437 ], [ -84.299121970495932, 42.198550024866265 ], [ -84.298781931485479, 42.198555320501484 ] ] } },
{ "type": "Feature", "properties": { "road_id": "NAP-ROAD-166", "segment_id": "NAP-166-9158063801083638010834" }, "geometry": { "type": "LineString", "coordinates": [ [ -84.301686250342598, 42.19858705594708 ], [ -84.299972799319562, 42.198547595691437 ] ] } },
{ "type": "Feature", "properties": { "road_id": "NAP-ROAD-167", "segment_id": "NAP-167-9157053801760038010582" }, "geometry": { "type": "LineString", "coordinates": [ [ -84.307208253378334, 42.198561503954224 ], [ -84.307214400413358, 42.198790787738005 ], [ -84.307180383175591, 42.200279297251562 ], [ -84.307195040324558, 42.200923236021019 ], [ -84.30728169831454, 42.202960820099747 ], [ -84.307315452403586, 42.203030977119305 ], [ -84.307354849201204, 42.203058108380695 ], [ -84.307427197808906, 42.203110854026036 ], [ -84.307471482997926, 42.203116866845725 ], [ -84.30764125350774, 42.203112832599793 ], [ -84.308643796991362, 42.202937323878714 ], [ -84.308895657744358, 42.202889922374524 ], [ -84.309151800538217, 42.202800669219506 ], [ -84.309358364537573, 42.202692033157426 ], [ -84.30947349909016, 42.202605293859023 ], [ -84.309558413564091, 42.202478507764866 ], [ -84.309624993084228, 42.202335142670755 ], [ -84.309678988544221, 42.202079812294073 ] ] } },
{ "type": "Feature", "properties": { "road_id": "NAP-ROAD-168", "segment_id": "NAP-168-33801063801085738010792" }, "geometry": { "type": "LineString", "coordinates": [ [ -84.354607572043108, 42.198981936943987 ], [ -84.354390706929522, 42.199000108600728 ], [ -84.354160357116371, 42.199032510334952 ], [ -84.35404362606829, 42.199053954593744 ], [ -84.353926555360445, 42.199088033015158 ], [ -84.353811751891413, 42.199143210408529 ], [ -84.353714166811315, 42.199190216468203 ], [ -84.353627853022402, 42.199239496372286 ], [ -84.353541313467602, 42.199297199076348 ], [ -84.353425607882087, 42.199386068460875 ], [ -84.35334694389401, 42.199467060189704 ], [ -84.353284876662158, 42.199563043118928 ], [ -84.353249368426447, 42.199619394497148 ], [ -84.353203897831619, 42.1997303704388 ], [ -84.353167092951907, 42.199835153725722 ], [ -84.353143978272584, 42.199948202081274 ], [ -84.353135665135397, 42.200021169115992 ] ] } },
{ "type": "Feature", "properties": { "road_id": "NAP-ROAD-169", "segment_id": "NAP-169-9010103801085738010763" }, "geometry": { "type": "LineString", "coordinates": [ [ -84.354607572043108, 42.198981936943987 ], [ -84.35464155468182, 42.200537785292802 ], [ -84.354640298345302, 42.200576975476075 ] ] } },
{ "type": "Feature", "properties": { "road_id": "NAP-ROAD-170", "segment_id": "NAP-170-9158173801083638010897" }, "geometry": { "type": "LineString", "coordinates": [ [ -84.301686250342598, 42.19858705594708 ], [ -84.301671717080055, 42.198140791555424 ], [ -84.301675851694526, 42.198068651738105 ] ] } },
{ "type": "Feature", "properties": { "road_id": "NAP-ROAD-171", "segment_id": "NAP-171-9173063801088838010853" }, "geometry": { "type": "LineString", "coordinates": [ [ -84.220306617070648, 42.196681309416164 ], [ -84.21541498126453, 42.196772677034303 ], [ -84.214860734351916, 42.196781216864608 ], [ -84.21308097723724, 42.196837891386238 ], [ -84.210635677736747, 42.196897394939057 ] ] } },
{ "type": "Feature", "properties": { "road_id": "NAP-ROAD-172", "segment_id": "NAP-172-9154033801262138012617" }, "geometry": { "type": "LineString", "coordinates": [ [ -84.24566745843201, 42.165007647757704 ], [ -84.24326048022381, 42.164987207493084 ], [ -84.243232285762147, 42.164986414830814 ] ] } },
{ "type": "Feature", "properties": { "road_id": "NAP-ROAD-173", "segment_id": "NAP-173-9011013801118238011060" }, "geometry": { "type": "LineString", "coordinates": [ [ -84.347926455688523, 42.195732071848106 ], [ -84.347972400049898, 42.196919383660912 ] ] } },
{ "type": "Feature", "properties": { "road_id": "NAP-ROAD-174", "segment_id": "NAP-174-8994033801117938011182" }, "geometry": { "type": "LineString", "coordinates": [ [ -84.350863237211101, 42.195805096818297 ], [ -84.348390169927768, 42.195676167781997 ], [ -84.348127095149863, 42.195699490838003 ], [ -84.347926455688523, 42.195732071848106 ] ] } },
{ "type": "Feature", "properties": { "road_id": "NAP-ROAD-175", "segment_id": "NAP-175-8994033801119738011179" }, "geometry": { "type": "LineString", "coordinates": [ [ -84.352620628215647, 42.195669179873406 ], [ -84.351149124808614, 42.195808197943272 ], [ -84.350863237211101, 42.195805096818297 ] ] } },
{ "type": "Feature", "properties": { "road_id": "NAP-ROAD-176", "segment_id": "NAP-176-9161093801856938011190" }, "geometry": { "type": "LineString", "coordinates": [ [ -84.246634888760823, 42.194191647011429 ], [ -84.246549873232908, 42.194198652046424 ], [ -84.246228917034742, 42.194237158208537 ], [ -84.246107109043933, 42.194250071351739 ], [ -84.245963419946577, 42.194254950188856 ], [ -84.245897250689481, 42.194234049933726 ], [ -84.245549353166695, 42.193899282868557 ] ] } },
{ "type": "Feature", "properties": { "road_id": "NAP-ROAD-177", "segment_id": "NAP-177-9182033801285138020028" }, "geometry": { "type": "LineString", "coordinates": [ [ -84.255599757099773, 42.160093593768288 ], [ -84.254350803275784, 42.160081856560744 ], [ -84.253865967952919, 42.160092887310626 ], [ -84.253518638001609, 42.160124260111964 ], [ -84.253126512180913, 42.160158330335612 ], [ -84.251099754707852, 42.160717098746026 ], [ -84.250755770988235, 42.160778203090523 ], [ -84.250636103327309, 42.160786774734525 ] ] } },
{ "type": "Feature", "properties": { "road_id": "NAP-ROAD-178", "segment_id": "NAP-178-33800023801284038012349" }, "geometry": { "type": "LineString", "coordinates": [ [ -84.330481395742837, 42.161224315301219 ], [ -84.33050100714857, 42.163961273368585 ], [ -84.330499381465501, 42.164133307181402 ], [ -84.330469212190721, 42.16434792568684 ], [ -84.329614606603997, 42.16780317312179 ], [ -84.329375478015166, 42.168742387500089 ], [ -84.329217207676734, 42.169407534114626 ], [ -84.329094893651316, 42.169781178591883 ], [ -84.32888084366904, 42.170090863743361 ], [ -84.328447781447309, 42.1706787519852 ], [ -84.327344646281631, 42.172018059820338 ], [ -84.326771340954593, 42.172634008531247 ], [ -84.326523055691283, 42.172959175526877 ], [ -84.3263371779111, 42.173241187119991 ], [ -84.326138606317215, 42.173560343730998 ] ] } },
{ "type": "Feature", "properties": { "road_id": "NAP-ROAD-179", "segment_id": "NAP-179-9155013801763738012756" }, "geometry": { "type": "LineString", "coordinates": [ [ -84.284113674563628, 42.160508648924207 ], [ -84.283045903913091, 42.160738623246779 ], [ -84.281927415130426, 42.160956702537554 ], [ -84.281062088995569, 42.161170836950092 ], [ -84.279368303815033, 42.161728435622905 ], [ -84.279110406977949, 42.161812462642104 ], [ -84.277514960451015, 42.162337302192952 ] ] } },
{ "type": "Feature", "properties": { "road_id": "NAP-ROAD-180", "segment_id": "NAP-180-33810093801763738017638" }, "geometry": { "type": "LineString", "coordinates": [ [ -84.284113674563628, 42.160508648924207 ], [ -84.284176012187473, 42.163864964776941 ], [ -84.284216805395801, 42.165938435569359 ], [ -84.284160801532636, 42.166214103451964 ], [ -84.283948110178883, 42.166478296518697 ] ] } },
{ "type": "Feature", "properties": { "road_id": "NAP-ROAD-181", "segment_id": "NAP-181-9155013801285338012851" }, "geometry": { "type": "LineString", "coordinates": [ [ -84.261473490812207, 42.160143159938301 ], [ -84.255599757099773, 42.160093593768288 ] ] } },
{ "type": "Feature", "properties": { "road_id": "NAP-ROAD-182", "segment_id": "NAP-182-9155013801285438012853" }, "geometry": { "type": "LineString", "coordinates": [ [ -84.263072258831272, 42.160160846181299 ], [ -84.261473490812207, 42.160143159938301 ] ] } },
{ "type": "Feature", "properties": { "road_id": "NAP-ROAD-183", "segment_id": "NAP-183-9012033801285438012506" }, "geometry": { "type": "LineString", "coordinates": [ [ -84.263072258831272, 42.160160846181299 ], [ -84.263092197599505, 42.164154176694709 ], [ -84.263124704018722, 42.16552563454843 ], [ -84.263168042603397, 42.168364062820693 ] ] } },
{ "type": "Feature", "properties": { "road_id": "NAP-ROAD-184", "segment_id": "NAP-184-9155013802054438012849" }, "geometry": { "type": "LineString", "coordinates": [ [ -84.27212948716506, 42.161242248700241 ], [ -84.272053735807617, 42.16114891479225 ], [ -84.271639049939836, 42.160600525337529 ], [ -84.271548694573667, 42.160509514466078 ], [ -84.271435439962289, 42.16042661382194 ], [ -84.271278170689556, 42.160351372739896 ], [ -84.27095590408328, 42.160256294744947 ] ] } },
{ "type": "Feature", "properties": { "road_id": "NAP-ROAD-185", "segment_id": "NAP-185-9155013802041938012854" }, "geometry": { "type": "LineString", "coordinates": [ [ -84.269673986111854, 42.1602231190571 ], [ -84.268066899256226, 42.160212366076365 ], [ -84.267941977804853, 42.16020037536282 ], [ -84.265328892886174, 42.160169412478218 ], [ -84.263072258831272, 42.160160846181299 ] ] } },
{ "type": "Feature", "properties": { "road_id": "NAP-ROAD-186", "segment_id": "NAP-186-33815043802041938020327" }, "geometry": { "type": "LineString", "coordinates": [ [ -84.269673986111854, 42.1602231190571 ], [ -84.269679622474939, 42.160394467726753 ], [ -84.269652130328311, 42.160654174256209 ], [ -84.269517883667035, 42.161043766236851 ], [ -84.269292618307688, 42.161534741441187 ], [ -84.269194611253582, 42.161860548987349 ] ] } },
{ "type": "Feature", "properties": { "road_id": "NAP-ROAD-187", "segment_id": "NAP-187-8991103801009838010063" }, "geometry": { "type": "LineString", "coordinates": [ [ -84.364682266283793, 42.210750280474308 ], [ -84.364485733564692, 42.211010511981947 ], [ -84.364080830026808, 42.211580195691226 ] ] } },
{ "type": "Feature", "properties": { "road_id": "NAP-ROAD-188", "segment_id": "NAP-188-8991093801010938010064" }, "geometry": { "type": "LineString", "coordinates": [ [ -84.364688098429554, 42.210459143712598 ], [ -84.364351964797279, 42.210832174506919 ], [ -84.364234550488888, 42.210992661017336 ], [ -84.36393277373864, 42.211399763906989 ], [ -84.363810931776939, 42.211578416316705 ] ] } },
{ "type": "Feature", "properties": { "road_id": "NAP-ROAD-189", "segment_id": "NAP-189-33809853801728738017018" }, "geometry": { "type": "LineString", "coordinates": [ [ -84.292079710529265, 42.211054895073076 ], [ -84.292077681481359, 42.210398698382527 ], [ -84.292072657726848, 42.210228127512032 ], [ -84.292088251419827, 42.21001797093048 ], [ -84.292116363621162, 42.209884183810161 ], [ -84.292144273188299, 42.20975764791887 ], [ -84.292139450610833, 42.209579825774753 ], [ -84.29208555250419, 42.209412132595389 ], [ -84.292005959876278, 42.209291202420594 ], [ -84.292004092004163, 42.209289086546313 ], [ -84.291989397854906, 42.209272449831495 ], [ -84.291804450762797, 42.209063043421487 ] ] } },
{ "type": "Feature", "properties": { "road_id": "NAP-ROAD-190", "segment_id": "NAP-190-33815793802141938021420" }, "geometry": { "type": "LineString", "coordinates": [ [ -84.345376397790744, 42.182713702077258 ], [ -84.345548580308773, 42.182673574362369 ], [ -84.345745001275745, 42.182577515939577 ], [ -84.345900077466851, 42.182477606199704 ], [ -84.346143044799248, 42.182277773770039 ], [ -84.346308463595818, 42.182150958629144 ], [ -84.346608286154378, 42.181920383945211 ] ] } },
{ "type": "Feature", "properties": { "road_id": "NAP-ROAD-191", "segment_id": "NAP-191-9011033801207738021419" }, "geometry": { "type": "LineString", "coordinates": [ [ -84.345328478933183, 42.180859570746144 ], [ -84.345380265753178, 42.182676320776025 ], [ -84.345376397790744, 42.182713702077258 ] ] } },
{ "type": "Feature", "properties": { "road_id": "NAP-ROAD-192", "segment_id": "NAP-192-18941193801207738012074" }, "geometry": { "type": "LineString", "coordinates": [ [ -84.345328478933183, 42.180859570746144 ], [ -84.345657924696212, 42.180873707076543 ], [ -84.345793969831789, 42.18088269607383 ], [ -84.346073902813018, 42.18091169017648 ], [ -84.346524008712649, 42.180953698947974 ], [ -84.346789644237504, 42.180971717435256 ], [ -84.347089433534435, 42.181007337128563 ], [ -84.347456034545999, 42.1810071077795 ], [ -84.34760513314977, 42.181000803647628 ], [ -84.347792326554952, 42.180997905886905 ], [ -84.347944784627558, 42.181008692913394 ], [ -84.348150225179751, 42.181037308829843 ], [ -84.348317571038663, 42.181062517099704 ], [ -84.348516978873391, 42.181031397802649 ], [ -84.348713332991878, 42.180971830030551 ] ] } },
{ "type": "Feature", "properties": { "road_id": "NAP-ROAD-193", "segment_id": "NAP-193-8993103801200738012112" }, "geometry": { "type": "LineString", "coordinates": [ [ -84.294658946617986, 42.181952510114009 ], [ -84.294159569491839, 42.181672870658247 ], [ -84.293486330817004, 42.181341489585819 ], [ -84.292074030981652, 42.180730653736106 ], [ -84.287490039812226, 42.178853765887808 ] ] } },
{ "type": "Feature", "properties": { "road_id": "NAP-ROAD-194", "segment_id": "NAP-194-9011083801214138012005" }, "geometry": { "type": "LineString", "coordinates": [ [ -84.306734231285532, 42.178410669804634 ], [ -84.306800467646966, 42.182159481559452 ] ] } },
{ "type": "Feature", "properties": { "road_id": "NAP-ROAD-195", "segment_id": "NAP-195-9012013801212738012106" }, "geometry": { "type": "LineString", "coordinates": [ [ -84.277790307545288, 42.177913356807892 ], [ -84.27780652826246, 42.178136531689667 ], [ -84.277782670350831, 42.178326034714765 ] ] } },
{ "type": "Feature", "properties": { "road_id": "NAP-ROAD-196", "segment_id": "NAP-196-8991063801216538020329" }, "geometry": { "type": "LineString", "coordinates": [ [ -84.36430252340169, 42.178735436100588 ], [ -84.361844709266208, 42.178749138267747 ] ] } },
{ "type": "Feature", "properties": { "road_id": "NAP-ROAD-197", "segment_id": "NAP-197-33801303801203438012165" }, "geometry": { "type": "LineString", "coordinates": [ [ -84.364451768853712, 42.182306200802635 ], [ -84.364404288855908, 42.182252207096852 ], [ -84.364364160975541, 42.182187417248464 ], [ -84.364339722571685, 42.182122857439623 ], [ -84.364320720157139, 42.182050597319758 ], [ -84.364333201305385, 42.181477801544219 ], [ -84.36430252340169, 42.178735436100588 ] ] } },
{ "type": "Feature", "properties": { "road_id": "NAP-ROAD-198", "segment_id": "NAP-198-8991063802032938012171" }, "geometry": { "type": "LineString", "coordinates": [ [ -84.361844709266208, 42.178749138267747 ], [ -84.359476426021743, 42.178762290861052 ], [ -84.357136847657074, 42.178774928926956 ], [ -84.356928203187607, 42.178772891767636 ], [ -84.356763207333628, 42.178766672213257 ], [ -84.356593384224055, 42.178750931475598 ], [ -84.356398616840124, 42.178717811446099 ], [ -84.35585336304554, 42.178550838036621 ] ] } },
{ "type": "Feature", "properties": { "road_id": "NAP-ROAD-199", "segment_id": "NAP-199-8991063801217138021781" }, "geometry": { "type": "LineString", "coordinates": [ [ -84.35585336304554, 42.178550838036621 ], [ -84.355619664181148, 42.178488889267712 ] ] } },
{ "type": "Feature", "properties": { "road_id": "NAP-ROAD-200", "segment_id": "NAP-200-9012023801216638012127" }, "geometry": { "type": "LineString", "coordinates": [ [ -84.27393375626491, 42.177050248288616 ], [ -84.274830790296761, 42.177730672680362 ], [ -84.274951796151683, 42.177824508338041 ], [ -84.275041149069395, 42.177879987571103 ], [ -84.275145572680813, 42.177916768393253 ], [ -84.275251192104193, 42.177925782327264 ], [ -84.27570349927376, 42.17792151132975 ], [ -84.276505077819465, 42.177909767465465 ], [ -84.277790307545288, 42.177913356807892 ] ] } },
{ "type": "Feature", "properties": { "road_id": "NAP-ROAD-201", "segment_id": "NAP-201-33801033802541438025415" }, "geometry": { "type": "LineString", "coordinates": [ [ -84.3325149114238, 42.205596926328838 ], [ -84.332081225945046, 42.205901915342103 ], [ -84.331802202018352, 42.206179342418991 ], [ -84.331665311764766, 42.206360606394085 ], [ -84.331550057791787, 42.206596982458073 ], [ -84.331533646172133, 42.206640062873518 ] ] } },
{ "type": "Feature", "properties": { "road_id": "NAP-ROAD-202", "segment_id": "NAP-202-9157073801822338010638" }, "geometry": { "type": "LineString", "coordinates": [ [ -84.302241416427066, 42.201546858982276 ], [ -84.30224745194856, 42.20176632971296 ], [ -84.302171039799944, 42.202030337699028 ] ] } },
{ "type": "Feature", "properties": { "road_id": "NAP-ROAD-203", "segment_id": "NAP-203-19209193801686138016868" }, "geometry": { "type": "LineString", "coordinates": [ [ -84.282766215890746, 42.171654128230642 ], [ -84.282752775983155, 42.170801627925393 ] ] } },
{ "type": "Feature", "properties": { "road_id": "NAP-ROAD-204", "segment_id": "NAP-204-33800273801686538012409" }, "geometry": { "type": "LineString", "coordinates": [ [ -84.284438205175761, 42.170874350012703 ], [ -84.284450876682172, 42.170846412394035 ], [ -84.28446822656413, 42.170823588877326 ], [ -84.284499700646734, 42.170808088020806 ], [ -84.284540522474472, 42.170799836162956 ], [ -84.28563311115407, 42.170792713155315 ], [ -84.286153332234818, 42.170800728511701 ], [ -84.28628411535756, 42.170807940097333 ], [ -84.286360492275193, 42.170824706405334 ], [ -84.286445273722904, 42.17085329492226 ], [ -84.286484557098603, 42.170885079605661 ], [ -84.286504348612127, 42.1709269587653 ], [ -84.286513629935655, 42.170969974141599 ], [ -84.286505238364938, 42.171020512220586 ], [ -84.286488369946369, 42.171061825831153 ], [ -84.286456043940404, 42.171093807448507 ], [ -84.286418624826538, 42.171120513705304 ], [ -84.286357054408768, 42.171136455033754 ], [ -84.286266096266047, 42.171141549830892 ], [ -84.28614575043774, 42.171135798026889 ], [ -84.285632400055235, 42.171131786459462 ], [ -84.284444012627063, 42.171135933375147 ] ] } },
{ "type": "Feature", "properties": { "road_id": "NAP-ROAD-205", "segment_id": "NAP-205-9161063801244538012422" }, "geometry": { "type": "LineString", "coordinates": [ [ -84.24130661689027, 42.169880094442199 ], [ -84.241303556426828, 42.169962066940421 ], [ -84.241286472607314, 42.170398062648978 ] ] } },
{ "type": "Feature", "properties": { "road_id": "NAP-ROAD-206", "segment_id": "NAP-206-9011033802544538021746" }, "geometry": { "type": "LineString", "coordinates": [ [ -84.347736985828533, 42.171421122114346 ], [ -84.347833848918953, 42.171490121829756 ], [ -84.347842111853751, 42.17149600811323 ], [ -84.347893611790056, 42.171543162310414 ], [ -84.348006921266517, 42.171700069536847 ], [ -84.348105214897501, 42.17185568055941 ], [ -84.348498598606596, 42.172839896355377 ], [ -84.348851107184132, 42.173767822678116 ], [ -84.348877293826249, 42.17386642344087 ] ] } },
{ "type": "Feature", "properties": { "road_id": "NAP-ROAD-207", "segment_id": "NAP-207-19209063801686338016860" }, "geometry": { "type": "LineString", "coordinates": [ [ -84.28098784741789, 42.169544388450205 ], [ -84.279160220285561, 42.169536131585751 ], [ -84.27912434441852, 42.169535618139399 ] ] } },
{ "type": "Feature", "properties": { "road_id": "NAP-ROAD-208", "segment_id": "NAP-208-19209043801686338016859" }, "geometry": { "type": "LineString", "coordinates": [ [ -84.28098784741789, 42.169544388450205 ], [ -84.281050877525715, 42.171653797246172 ] ] } },
{ "type": "Feature", "properties": { "road_id": "NAP-ROAD-209", "segment_id": "NAP-209-19209063801686738016863" }, "geometry": { "type": "LineString", "coordinates": [ [ -84.286015930464501, 42.169561868271309 ], [ -84.28098784741789, 42.169544388450205 ] ] } },
{ "type": "Feature", "properties": { "road_id": "NAP-ROAD-210", "segment_id": "NAP-210-9012033801250638012239" }, "geometry": { "type": "LineString", "coordinates": [ [ -84.263168042603397, 42.168364062820693 ], [ -84.263294271932523, 42.175376344944176 ] ] } },
{ "type": "Feature", "properties": { "road_id": "NAP-ROAD-211", "segment_id": "NAP-211-8993103801236938012506" }, "geometry": { "type": "LineString", "coordinates": [ [ -84.271923399714154, 42.172158963748601 ], [ -84.268150038299339, 42.170521978593158 ], [ -84.263168042603397, 42.168364062820693 ] ] } },
{ "type": "Feature", "properties": { "road_id": "NAP-ROAD-212", "segment_id": "NAP-212-33815263801250838020529" }, "geometry": { "type": "LineString", "coordinates": [ [ -84.248490894343192, 42.168103591751262 ], [ -84.248529414428006, 42.168166790109979 ], [ -84.24855173751989, 42.168228866102503 ], [ -84.248568556560954, 42.168390411087394 ], [ -84.248588156589719, 42.168830755292475 ] ] } },
{ "type": "Feature", "properties": { "road_id": "NAP-ROAD-213", "segment_id": "NAP-213-9161043801250938016837" }, "geometry": { "type": "LineString", "coordinates": [ [ -84.247007893120355, 42.168079232658506 ], [ -84.246860030467559, 42.168826091947061 ] ] } },
{ "type": "Feature", "properties": { "road_id": "NAP-ROAD-214", "segment_id": "NAP-214-9012073801250838012509" }, "geometry": { "type": "LineString", "coordinates": [ [ -84.248490894343192, 42.168103591751262 ], [ -84.248421469884349, 42.168133672994976 ], [ -84.248307076696193, 42.168137540146859 ], [ -84.247591870336592, 42.168103611892086 ], [ -84.247007893120355, 42.168079232658506 ] ] } },
{ "type": "Feature", "properties": { "road_id": "NAP-ROAD-215", "segment_id": "NAP-215-33810473801824538018242" }, "geometry": { "type": "LineString", "coordinates": [ [ -84.225340001701525, 42.184969616694453 ], [ -84.225327896339167, 42.18496986884665 ], [ -84.225315792161467, 42.18497012191736 ], [ -84.225303686747054, 42.184970375867891 ], [ -84.22529158130655, 42.184970630717579 ], [ -84.225279477076668, 42.184970885585322 ], [ -84.225267371584152, 42.184971142233294 ], [ -84.22525526609148, 42.184971398880016 ], [ -84.22524316178351, 42.184971656445178 ], [ -84.22523105623884, 42.184971914890212 ], [ -84.225218951878759, 42.18497217425368 ], [ -84.225206846307955, 42.18497243359662 ], [ -84.225194741921783, 42.184972693857915 ], [ -84.22518263632476, 42.184972954098754 ], [ -84.225170531912468, 42.184973215257962 ], [ -84.225158427474113, 42.184973477316326 ], [ -84.225146321824965, 42.184973739354163 ], [ -84.225134217386412, 42.184974001409977 ], [ -84.225122111711144, 42.184974264345691 ], [ -84.225110007272406, 42.184974526398953 ], [ -84.225097902781684, 42.184974790251836 ], [ -84.225085797106047, 42.184975053183692 ], [ -84.225073692615126, 42.184975317033974 ], [ -84.225061588150083, 42.184975579982577 ], [ -84.225049483658964, 42.18497584383033 ], [ -84.225037377956994, 42.184976107657498 ], [ -84.22502527349161, 42.184976370602278 ], [ -84.225013169000192, 42.184976634446173 ], [ -84.225001063297967, 42.184976898269532 ], [ -84.224988958832284, 42.184977161210476 ], [ -84.224976854340554, 42.184977425050576 ], [ -84.224964748663979, 42.184977687969656 ], [ -84.224952644223919, 42.184977950006314 ], [ -84.224940539757867, 42.184978212942127 ], [ -84.224928434106872, 42.184978474956971 ], [ -84.224916329666584, 42.184978736989791 ], [ -84.224904224041339, 42.184978998101627 ], [ -84.224892119626745, 42.18497925923149 ], [ -84.224880015237986, 42.184979519459652 ], [ -84.224867909664383, 42.184979778766802 ], [ -84.224855805301374, 42.184980038091979 ], [ -84.224843699727543, 42.184980297396535 ], [ -84.224831595416262, 42.184980554918297 ], [ -84.224819489894102, 42.184980812419454 ], [ -84.224807384397849, 42.184981069018932 ], [ -84.224795280112176, 42.184981325636429 ], [ -84.224783174667564, 42.184981580432478 ], [ -84.224771069248845, 42.184981834326777 ], [ -84.224758965040721, 42.184982088239188 ], [ -84.224746859673644, 42.184982340330087 ], [ -84.224734754332474, 42.184982591519308 ], [ -84.224722648991204, 42.184982842707242 ], [ -84.22471054370169, 42.184983092093056 ], [ -84.224698438463989, 42.18498333967672 ], [ -84.224686333226202, 42.184983587259133 ], [ -84.224674228040215, 42.184983833039347 ], [ -84.224662122880034, 42.18498407791791 ], [ -84.224650017745773, 42.184984321894731 ], [ -84.224637912663241, 42.184984564069431 ], [ -84.224625806395906, 42.184984805323118 ], [ -84.224613701391078, 42.184985044793976 ], [ -84.224601596412057, 42.184985283363098 ], [ -84.224589490274184, 42.184985520110793 ], [ -84.224577385398817, 42.184985755075687 ], [ -84.224565279338606, 42.184985989119525 ], [ -84.224553174540901, 42.184986221380569 ], [ -84.224541068584301, 42.184986451820144 ], [ -84.224528962653537, 42.184986681358026 ], [ -84.224516856800548, 42.184986908193302 ], [ -84.224504750973409, 42.184987134126906 ], [ -84.224492645198083, 42.184987358258368 ], [ -84.224480539500519, 42.18498757968726 ], [ -84.224468433828818, 42.184987800214422 ], [ -84.224456328208916, 42.184988018939443 ], [ -84.224444221456054, 42.184988234942622 ], [ -84.224432114547426, 42.184988456347099 ], [ -84.224420000754861, 42.184988706467564 ], [ -84.224407881470611, 42.184988979020353 ], [ -84.224395758190838, 42.184989264119984 ], [ -84.224383632385695, 42.18498955278146 ], [ -84.224371503130058, 42.184989835080756 ], [ -84.224359374315398, 42.184990102071417 ], [ -84.224347246201305, 42.184990344749174 ], [ -84.224335119099166, 42.184990552308896 ], [ -84.224322994479252, 42.184990715765487 ], [ -84.224310874996505, 42.184990827053738 ], [ -84.224298760962398, 42.184990875368477 ], [ -84.224286652636479, 42.184990851705372 ], [ -84.224274552725646, 42.184990746198295 ], [ -84.22426246146351, 42.184990550743393 ], [ -84.224250380372283, 42.184990254554819 ], [ -84.224238310922189, 42.184989848647483 ], [ -84.22422625458357, 42.184989324036493 ], [ -84.224214179609476, 42.184988731563863 ], [ -84.224202071644129, 42.184988107034364 ], [ -84.224189938341055, 42.184987437057487 ], [ -84.224177790985976, 42.184986708300414 ], [ -84.224165639601893, 42.184985909211946 ], [ -84.22415349310505, 42.184985024619905 ], [ -84.224141361544511, 42.184984042072657 ], [ -84.224129256180049, 42.18498294913789 ], [ -84.224117185875926, 42.184981732444278 ], [ -84.224105161917961, 42.184980378659091 ], [ -84.224093191933733, 42.184978875292124 ], [ -84.224081287234981, 42.184977208110297 ], [ -84.224069459081605, 42.184975364681165 ], [ -84.224057713916423, 42.184973331594989 ], [ -84.224046065420723, 42.184971096457957 ], [ -84.224034521222237, 42.18496864678 ], [ -84.224022997072296, 42.184966047880259 ], [ -84.22401144437778, 42.184963346728914 ], [ -84.223999877771135, 42.184960539955775 ], [ -84.22398831314726, 42.184957622409136 ], [ -84.223976766401108, 42.18495458893748 ], [ -84.223965254586574, 42.184951436209296 ], [ -84.223953791177166, 42.184948159034313 ], [ -84.223942393252642, 42.184944753180702 ], [ -84.22393107547127, 42.184941214377965 ], [ -84.223919854912822, 42.184937538394202 ], [ -84.223908746287563, 42.184933719158153 ], [ -84.223897765412516, 42.184929754219425 ], [ -84.22388692818275, 42.184925638426492 ], [ -84.223876250493149, 42.184921366627698 ], [ -84.22386574821283, 42.184916934571987 ], [ -84.223855437184724, 42.184912338908575 ], [ -84.223845332119168, 42.184907573566228 ], [ -84.223835448885097, 42.184902634293756 ], [ -84.223825752614928, 42.18489747008794 ], [ -84.223816214952748, 42.184892056173929 ], [ -84.223806837878669, 42.184886407897636 ], [ -84.223797623346925, 42.184880541505514 ], [ -84.223788577021764, 42.184874470600604 ], [ -84.223779702042123, 42.18486821234896 ], [ -84.223770999177489, 42.184861782077306 ], [ -84.223762474065964, 42.18485519428905 ], [ -84.223754129872532, 42.184848465249949 ], [ -84.223745968551299, 42.184841611206387 ], [ -84.223737994555719, 42.184834645742072 ], [ -84.223730211024588, 42.184827586023175 ], [ -84.223722621174787, 42.1848204465145 ], [ -84.223715226960266, 42.18481324346245 ], [ -84.223708033993347, 42.184805992270938 ], [ -84.22370104304332, 42.184798708266619 ], [ -84.223694258339236, 42.184791370797512 ], [ -84.223687677764076, 42.184783885241274 ], [ -84.223681301213901, 42.184776255199644 ], [ -84.223675130850438, 42.184768489715594 ], [ -84.223669169968446, 42.184760600552607 ], [ -84.223663418282158, 42.184752597615535 ], [ -84.223657877875553, 42.184744492648584 ], [ -84.223652550884381, 42.184736295595073 ], [ -84.223647439444505, 42.184728016398481 ], [ -84.223642544403035, 42.184719667684107 ], [ -84.223637867947673, 42.184711257594522 ], [ -84.2236334109257, 42.184702798755026 ], [ -84.223629175472766, 42.184694301109005 ], [ -84.223625163698713, 42.184685775500292 ], [ -84.223621376528655, 42.184677231852937 ], [ -84.2236178160463, 42.184668681911184 ], [ -84.223614390913355, 42.184660100796521 ], [ -84.223611051906317, 42.184651473310431 ], [ -84.223607803790031, 42.184642802231423 ], [ -84.223604653750883, 42.184634090376719 ], [ -84.223601606527779, 42.184625341425189 ], [ -84.22359867051766, 42.184616558213307 ], [ -84.223595849300693, 42.184607742599944 ], [ -84.223593151247897, 42.184598898321902 ], [ -84.223590582308915, 42.184590029077476 ], [ -84.223588147300418, 42.184581135844333 ], [ -84.223585852146201, 42.184572223221174 ], [ -84.223583705243129, 42.18456329404443 ], [ -84.223581710145368, 42.18455435107338 ], [ -84.223579875275817, 42.184545396243969 ], [ -84.223578205347465, 42.184536434135701 ], [ -84.223576706361726, 42.184527466645868 ], [ -84.223575386715609, 42.18451849661097 ], [ -84.223574248700587, 42.184509528571759 ], [ -84.223573301976245, 42.184500563583171 ], [ -84.22357255128145, 42.184491605324169 ], [ -84.223572000196214, 42.184482655653468 ], [ -84.223571588393341, 42.184473706402322 ], [ -84.223571278496863, 42.184464751569585 ], [ -84.223571069322048, 42.184455790235468 ], [ -84.223570953552667, 42.184446824085036 ], [ -84.223570928767387, 42.184437853079693 ], [ -84.223570990123264, 42.184428877142125 ], [ -84.223571132751587, 42.184419897095623 ], [ -84.223571353020247, 42.184410912882193 ], [ -84.22357164608637, 42.184401924424698 ], [ -84.223572007081231, 42.18439293254616 ], [ -84.22357243239864, 42.18438393628842 ], [ -84.223572917117878, 42.184374938275432 ], [ -84.22357345765883, 42.18436593664844 ], [ -84.22357404915266, 42.184356932230649 ], [ -84.223574686730643, 42.184347925845231 ], [ -84.223575366760684, 42.184338917434253 ], [ -84.223576084399937, 42.184329906920517 ], [ -84.2235768359904, 42.184320895146556 ], [ -84.223577615478504, 42.184311882015727 ], [ -84.223578420416928, 42.18430286838997 ], [ -84.223579244778165, 42.18429385327223 ], [ -84.223580086114865, 42.184284837524345 ], [ -84.223580938347553, 42.184275821950195 ], [ -84.223581797844176, 42.184266806491884 ], [ -84.223582659761945, 42.184257791072163 ], [ -84.223583520442816, 42.184248776533565 ], [ -84.223584373833305, 42.184239762779505 ], [ -84.223585218696797, 42.184230750691164 ], [ -84.223586047795038, 42.184221739252216 ], [ -84.223586857470096, 42.18421272930518 ], [ -84.223587642853161, 42.184203721673256 ], [ -84.223588401522889, 42.184194716317855 ], [ -84.223589127425825, 42.184185713142426 ], [ -84.223589816929874, 42.184176712089013 ], [ -84.223590465140404, 42.184167714881298 ], [ -84.223591102454606, 42.184158717499791 ], [ -84.223591849120197, 42.184149708349487 ], [ -84.223592705085309, 42.184140689231235 ], [ -84.223593657032296, 42.184131659932653 ], [ -84.223594695223625, 42.184122622100205 ], [ -84.223595807500473, 42.184113577341591 ], [ -84.223596981729898, 42.184104526364209 ], [ -84.223598205753092, 42.184095470775759 ], [ -84.22359946983255, 42.18408641222279 ], [ -84.223600760624677, 42.184077351393221 ], [ -84.223602067207352, 42.184068289013744 ], [ -84.223603378580506, 42.184059228512346 ], [ -84.223604681452528, 42.184050168776203 ], [ -84.223605964849241, 42.184041112332821 ], [ -84.223607217848595, 42.184032059908901 ], [ -84.223608428265763, 42.184023014012645 ], [ -84.223609583993891, 42.184013974450941 ], [ -84.22361067408491, 42.184004942850905 ], [ -84.223611687590676, 42.183995920839713 ], [ -84.223612611167738, 42.183986909105265 ], [ -84.223613433867996, 42.183977909274844 ], [ -84.223614144717416, 42.183968923875796 ], [ -84.223614730424444, 42.183959951795416 ], [ -84.223615181225782, 42.183950995580503 ], [ -84.223615484962636, 42.183942056838887 ], [ -84.223615629502248, 42.183933136277922 ], [ -84.223615602711845, 42.183924234604881 ], [ -84.223615394802266, 42.183915355267139 ], [ -84.223614992481799, 42.18390649715181 ], [ -84.223614384802573, 42.183897661885986 ], [ -84.223613559579874, 42.183888851977954 ], [ -84.223612486494673, 42.183880068745779 ], [ -84.223610890435808, 42.183871317711585 ], [ -84.223608715530119, 42.183862604290013 ], [ -84.22360600657322, 42.18385392919555 ], [ -84.223602807124138, 42.183845294023591 ], [ -84.223599160689758, 42.183836702170531 ], [ -84.223595110855044, 42.183828154331302 ], [ -84.223590703600209, 42.183819652140052 ], [ -84.223585981221433, 42.183811198973778 ], [ -84.2235809885142, 42.183802795546825 ], [ -84.223575769011333, 42.18379444435508 ], [ -84.223570366271659, 42.183786146994073 ], [ -84.223564825038594, 42.18377790597895 ], [ -84.223559188896772, 42.183769722004868 ], [ -84.223553501379044, 42.183761597567766 ], [ -84.223547807228684, 42.183753535182795 ], [ -84.223542150004405, 42.183745536445549 ], [ -84.223536564712163, 42.183737605517663 ], [ -84.223530622897187, 42.18372985718014 ], [ -84.223524127130815, 42.183722333326479 ], [ -84.223517160674135, 42.183715002854029 ], [ -84.223509807999122, 42.183707834679531 ], [ -84.223502151208137, 42.183700795880206 ], [ -84.223494275957577, 42.183693856292535 ], [ -84.223486263087338, 42.183686984775314 ], [ -84.223478197146918, 42.183680147544038 ], [ -84.223470162556197, 42.183673315316383 ], [ -84.223462241391474, 42.183666456070092 ], [ -84.223454436151869, 42.183659567142534 ], [ -84.223446559630005, 42.183652714012219 ], [ -84.223438608219752, 42.183645895720652 ], [ -84.223430588026417, 42.183639110563568 ], [ -84.223422510076034, 42.183632354212641 ], [ -84.223414379341079, 42.183625622242822 ], [ -84.223406205610871, 42.183618911207013 ], [ -84.223397996227433, 42.183612218519606 ], [ -84.223389758584659, 42.183605539794371 ], [ -84.223381500050451, 42.183598871545456 ], [ -84.223373230440117, 42.183592209425171 ], [ -84.223364957095626, 42.183585550848044 ], [ -84.223356687410913, 42.183578891427857 ], [ -84.223348429938568, 42.183572228598408 ], [ -84.223340190887797, 42.183565557053704 ], [ -84.223331980021911, 42.18355887424697 ], [ -84.223323804734875, 42.183552175791867 ], [ -84.223315672394534, 42.183545458202595 ], [ -84.223307592764257, 42.183538718932326 ], [ -84.223299570816621, 42.183531953556162 ], [ -84.223291616366836, 42.183525157726436 ], [ -84.223283737993441, 42.183518327976614 ], [ -84.223275941827794, 42.183511461702004 ], [ -84.223268236448462, 42.18350455543608 ], [ -84.223260629275387, 42.183497603892114 ], [ -84.223253130097703, 42.183490603622893 ], [ -84.223245745020748, 42.183483552924152 ], [ -84.223238482701106, 42.183476445628038 ], [ -84.223231350454654, 42.183469280049636 ], [ -84.223224356911956, 42.183462050921541 ], [ -84.223217509414951, 42.183454755658374 ], [ -84.223210887222351, 42.183447291927251 ], [ -84.223204555184893, 42.183439595000962 ], [ -84.223198528392146, 42.183431687641416 ], [ -84.22319281956436, 42.183423590770978 ], [ -84.223187441343825, 42.183415328013318 ], [ -84.22318240524001, 42.18340692027148 ], [ -84.223177726290459, 42.183398392108259 ], [ -84.223173416030662, 42.183389763526186 ], [ -84.223169488313403, 42.183381058168379 ], [ -84.223165954622232, 42.183372297838176 ], [ -84.223162828835882, 42.183363505278237 ], [ -84.22316012367439, 42.183354701410927 ], [ -84.223157852964675, 42.183345910779629 ], [ -84.223156028215996, 42.183337154287351 ], [ -84.223154617648845, 42.18332839989769 ], [ -84.223153541248038, 42.183319566159064 ], [ -84.223152783015038, 42.183310661824741 ], [ -84.223152330557284, 42.183301696606279 ], [ -84.223152170219663, 42.183292681996932 ], [ -84.22315228966167, 42.183283625907421 ], [ -84.22315267520213, 42.183274540731347 ], [ -84.223153314448638, 42.183265436180292 ], [ -84.22315419258733, 42.183256321927303 ], [ -84.223155298436396, 42.183247207703218 ], [ -84.223156617130101, 42.183238104981953 ], [ -84.223158136275956, 42.183229023475093 ], [ -84.22315984348154, 42.183219972894214 ], [ -84.223161725091828, 42.183210964732538 ], [ -84.22316376752967, 42.183202007781908 ], [ -84.22316595837664, 42.183193112654322 ], [ -84.223168284029668, 42.183184289042103 ], [ -84.223170737172751, 42.183175538630216 ], [ -84.223173344070617, 42.183166790670903 ], [ -84.223176112272824, 42.183158035375257 ], [ -84.223179045229571, 42.183149279104263 ], [ -84.2231821402858, 42.183140529923129 ], [ -84.223185399732927, 42.183131792372613 ], [ -84.22318882452187, 42.183123075476303 ], [ -84.223192413286156, 42.183114384617525 ], [ -84.223196169475926, 42.18310572615713 ], [ -84.223200091646817, 42.183097108179709 ], [ -84.223204180827636, 42.183088537007571 ], [ -84.223208436810594, 42.183080019844148 ], [ -84.223212861861199, 42.183071562130635 ], [ -84.22321745574574, 42.183063171970844 ], [ -84.223222218282345, 42.18305485566782 ], [ -84.223227151710631, 42.183046619563157 ], [ -84.223232254612043, 42.183038470840962 ], [ -84.223237530436904, 42.183030415862191 ], [ -84.223242976530116, 42.183022462692016 ], [ -84.223248601012486, 42.183014581732152 ], [ -84.223254418223604, 42.183006695738534 ], [ -84.223260430247265, 42.182998816455481 ], [ -84.223266638933467, 42.182990963730994 ], [ -84.223273044973524, 42.182983155592936 ], [ -84.223279650321359, 42.182975408287682 ], [ -84.223286455616403, 42.182967741644021 ], [ -84.2232934627866, 42.182960172808684 ], [ -84.223300673733959, 42.18295271982884 ], [ -84.223308089123904, 42.182945401632821 ], [ -84.22331570967377, 42.182938235348146 ], [ -84.223323538470297, 42.182931239941688 ], [ -84.223331575020126, 42.182924432521602 ], [ -84.223339822410125, 42.182917832054841 ], [ -84.223348280120959, 42.182911456549959 ], [ -84.223356951291407, 42.182905323172989 ], [ -84.223365836586893, 42.182899450852275 ], [ -84.223374953881972, 42.182893849782211 ], [ -84.223384370490308, 42.182888495812605 ], [ -84.223394073639867, 42.182883369822022 ], [ -84.223404038347937, 42.182878456097491 ], [ -84.223414244422784, 42.182873740804311 ], [ -84.223424666933596, 42.182869206428663 ], [ -84.223435280819928, 42.182864839959016 ], [ -84.223446065993755, 42.182860623958817 ], [ -84.223456997420584, 42.182856544516135 ], [ -84.223468052539076, 42.182852585956709 ], [ -84.22347920634067, 42.182848733468091 ], [ -84.223490437500701, 42.182844970494976 ], [ -84.223501722195323, 42.182841283144739 ], [ -84.223513036678455, 42.182837654823373 ], [ -84.223524358362965, 42.182834070757174 ], [ -84.223535662240067, 42.182830516133748 ], [ -84.223546926959287, 42.182826975298234 ], [ -84.223558128748465, 42.182823432557207 ], [ -84.223569243809834, 42.182819873117559 ], [ -84.223580365614737, 42.182816331801291 ], [ -84.22359157385003, 42.182812859425717 ], [ -84.223602864442398, 42.182809471240226 ], [ -84.223614231978132, 42.182806186976968 ], [ -84.223625672332147, 42.18280302368629 ], [ -84.223637178957773, 42.18279999837975 ], [ -84.223648748862686, 42.18279713082822 ], [ -84.223660376711194, 42.182794438062544 ], [ -84.223672055956698, 42.182791937094528 ], [ -84.223683783632922, 42.182789646794511 ], [ -84.223695553167488, 42.182787585074507 ], [ -84.223707360435256, 42.182785768984836 ], [ -84.223719201285292, 42.1827842164762 ], [ -84.223731082393968, 42.182782906034696 ], [ -84.22374301242715, 42.182781789152934 ], [ -84.223754989430873, 42.182780849584546 ], [ -84.223767006608455, 42.182780071005915 ], [ -84.223779059558595, 42.182779438032462 ], [ -84.223791143957868, 42.182778932578422 ], [ -84.223803256615582, 42.182778539278374 ], [ -84.223815390709134, 42.182778242709318 ], [ -84.223827541915, 42.1827780247853 ], [ -84.223839707016538, 42.18277787104158 ], [ -84.223851880453594, 42.182777764273411 ], [ -84.223864057850776, 42.182777688195848 ], [ -84.22387623359603, 42.18277762740496 ], [ -84.223888405787122, 42.182777563853612 ], [ -84.223900566364705, 42.182777482999732 ], [ -84.223912713400537, 42.182777367696552 ], [ -84.223924841308545, 42.182777201639738 ], [ -84.223936948981773, 42.182776981208377 ], [ -84.223949053230598, 42.182776753514339 ], [ -84.223961158638048, 42.182776527639177 ], [ -84.223973264045426, 42.182776301762765 ], [ -84.223985369400808, 42.182776077685965 ], [ -84.223997474756104, 42.182775853607843 ], [ -84.224009580059388, 42.182775631329321 ], [ -84.224021685362629, 42.182775409049526 ], [ -84.224033791824496, 42.182775188588607 ], [ -84.224045897049706, 42.182774969007561 ], [ -84.224058002274816, 42.182774749425192 ], [ -84.224070108684572, 42.182774530761343 ], [ -84.22408221383165, 42.182774313877729 ], [ -84.22409432018928, 42.182774097012164 ], [ -84.224106425310268, 42.182773881026428 ], [ -84.224118531615872, 42.182773665959154 ], [ -84.224130636684777, 42.182773451771759 ], [ -84.22414274293827, 42.182773238502818 ], [ -84.224154849191748, 42.182773025232528 ], [ -84.224166954182564, 42.182772813742588 ], [ -84.22417906038396, 42.18277260227066 ], [ -84.22419116655928, 42.182772391697881 ], [ -84.224203272734599, 42.182772181123859 ], [ -84.224215378857849, 42.182771972349364 ], [ -84.224227484981085, 42.182771763573633 ], [ -84.224239591078231, 42.182771555697009 ], [ -84.224251697149413, 42.182771348719605 ], [ -84.224263803220467, 42.182771141740879 ], [ -84.224275909265529, 42.182770935661317 ], [ -84.224288015284529, 42.18277073048089 ], [ -84.2243001213035, 42.182770525299198 ], [ -84.224312228481111, 42.182770321936438 ], [ -84.224324334473977, 42.182770117652609 ], [ -84.224336440414817, 42.182769915168365 ], [ -84.224348546381563, 42.18276971178242 ], [ -84.224360653506977, 42.182769510215358 ], [ -84.224372759421641, 42.182769308627705 ], [ -84.224384866520964, 42.182769107958578 ], [ -84.224396972409565, 42.182768907268837 ], [ -84.224409079508732, 42.182768706597081 ], [ -84.224421185345278, 42.182768507705653 ], [ -84.224433292418325, 42.182768307931774 ], [ -84.224445398254673, 42.182768109037823 ], [ -84.224457505275709, 42.182767911062236 ], [ -84.224469611086022, 42.182767713066113 ], [ -84.224481718080938, 42.182767515988459 ], [ -84.224493825075783, 42.182767318909512 ], [ -84.22450593085992, 42.18276712180996 ], [ -84.224518037828673, 42.182766925628918 ], [ -84.224530144797342, 42.182766729446556 ], [ -84.224542251740004, 42.182766534163342 ], [ -84.224554357471888, 42.182766338859579 ], [ -84.224566464414394, 42.182766143573808 ], [ -84.224578571356872, 42.182765948286793 ], [ -84.224590678273287, 42.182765753898927 ], [ -84.224602785189632, 42.182765559509754 ], [ -84.22461489207997, 42.182765366019751 ], [ -84.224626997759529, 42.182765172509178 ], [ -84.224639104649683, 42.182764979016632 ], [ -84.22465121153985, 42.182764785522807 ], [ -84.224663318429876, 42.182764592027688 ], [ -84.224675425293881, 42.182764399431719 ], [ -84.224687532157816, 42.182764206834484 ], [ -84.224699639021679, 42.182764014235964 ], [ -84.224711745885472, 42.182763821636179 ], [ -84.224723852749193, 42.182763629035122 ], [ -84.22473595958688, 42.182763437333193 ], [ -84.224748066450459, 42.182763244729614 ], [ -84.224760173288018, 42.182763053025134 ], [ -84.224772280125507, 42.182762861319375 ], [ -84.224784386962966, 42.182762669612366 ], [ -84.224796493800298, 42.182762477904049 ], [ -84.224808600637573, 42.182762286194475 ], [ -84.224820707474748, 42.182762094483621 ], [ -84.224832814311867, 42.182761902771489 ], [ -84.224844921148929, 42.182761711058056 ], [ -84.224857027985891, 42.182761519343373 ], [ -84.224869134822782, 42.182761327627404 ], [ -84.22529271131981, 42.182754506069273 ] ] } },
{ "type": "Feature", "properties": { "road_id": "NAP-ROAD-216", "segment_id": "NAP-216-33810463801824238018245" }, "geometry": { "type": "LineString", "coordinates": [ [ -84.22529271131981, 42.182754506069273 ], [ -84.225340001701525, 42.184969616694453 ] ] } },
{ "type": "Feature", "properties": { "road_id": "NAP-ROAD-217", "segment_id": "NAP-217-33810463801824138018242" }, "geometry": { "type": "LineString", "coordinates": [ [ -84.23055045996729, 42.182648120274017 ], [ -84.22529271131981, 42.182754506069273 ] ] } },
{ "type": "Feature", "properties": { "road_id": "NAP-ROAD-218", "segment_id": "NAP-218-9154093801824138020248" }, "geometry": { "type": "LineString", "coordinates": [ [ -84.23055045996729, 42.182648120274017 ], [ -84.230538224565208, 42.183306329684008 ] ] } },
{ "type": "Feature", "properties": { "road_id": "NAP-ROAD-219", "segment_id": "NAP-219-9011083802549238011922" }, "geometry": { "type": "LineString", "coordinates": [ [ -84.306801258806402, 42.182282314960446 ], [ -84.306807587683551, 42.183264648762183 ], [ -84.306849116637281, 42.184432621713817 ] ] } },
{ "type": "Feature", "properties": { "road_id": "NAP-ROAD-220", "segment_id": "NAP-220-8993103801177538011995" }, "geometry": { "type": "LineString", "coordinates": [ [ -84.306904530296734, 42.188058793823785 ], [ -84.304924721081051, 42.187393417701145 ], [ -84.303337373119334, 42.186878508006934 ], [ -84.302373633688106, 42.186564448300587 ], [ -84.301682085771532, 42.186337235428226 ], [ -84.300957304986653, 42.186081971578012 ], [ -84.300548660772023, 42.185929771577655 ], [ -84.300164354186961, 42.185769271490138 ], [ -84.299603695528532, 42.185504767753571 ], [ -84.299168612878674, 42.185287713413629 ], [ -84.298745866112952, 42.185016943183783 ], [ -84.298349095879345, 42.184763328552627 ], [ -84.298058023183415, 42.1845681429146 ], [ -84.297616719126154, 42.184215095583653 ], [ -84.296592426926509, 42.183371555191229 ], [ -84.296163479254531, 42.182975230653774 ], [ -84.295625539201623, 42.182570060517357 ], [ -84.295177621488037, 42.18226597818461 ], [ -84.294866197546085, 42.182091734434856 ] ] } },
{ "type": "Feature", "properties": { "road_id": "NAP-ROAD-221", "segment_id": "NAP-221-9156083801200338011922" }, "geometry": { "type": "LineString", "coordinates": [ [ -84.303959693917847, 42.182178178129902 ], [ -84.303979117710355, 42.182363089751782 ], [ -84.304014562838347, 42.18251760851291 ], [ -84.304059675439433, 42.182630088928015 ], [ -84.304130242943756, 42.182745066232144 ], [ -84.304463264838958, 42.18311294088128 ], [ -84.30450884222266, 42.183208553888804 ], [ -84.304555097998119, 42.183414720350108 ], [ -84.304609483792561, 42.184028733785745 ], [ -84.304626495516331, 42.184138231783805 ], [ -84.304653695309042, 42.184180852750529 ], [ -84.304692402801365, 42.184229854883988 ], [ -84.304739692692905, 42.184270299326577 ], [ -84.304808396790534, 42.184320999895448 ], [ -84.304887556804545, 42.184355723250981 ], [ -84.304978429719213, 42.18438938278905 ], [ -84.305079483870728, 42.184416990690004 ], [ -84.305252927548523, 42.184422115965141 ], [ -84.306489236430153, 42.184433059001911 ], [ -84.306849116637281, 42.184432621713817 ] ] } },
{ "type": "Feature", "properties": { "road_id": "NAP-ROAD-222", "segment_id": "NAP-222-9011093801200338011995" }, "geometry": { "type": "LineString", "coordinates": [ [ -84.303959693917847, 42.182178178129902 ], [ -84.302594075736266, 42.182151229795551 ], [ -84.294866197546085, 42.182091734434856 ] ] } },
{ "type": "Feature", "properties": { "road_id": "NAP-ROAD-223", "segment_id": "NAP-223-9011093801200538012003" }, "geometry": { "type": "LineString", "coordinates": [ [ -84.306800467646966, 42.182159481559452 ], [ -84.306690471927112, 42.182160607780162 ], [ -84.303959693917847, 42.182178178129902 ] ] } },
{ "type": "Feature", "properties": { "road_id": "NAP-ROAD-224", "segment_id": "NAP-224-9011083801200538025492" }, "geometry": { "type": "LineString", "coordinates": [ [ -84.306800467646966, 42.182159481559452 ], [ -84.306801258806402, 42.182282314960446 ] ] } },
{ "type": "Feature", "properties": { "road_id": "NAP-ROAD-225", "segment_id": "NAP-225-8993103801199538012007" }, "geometry": { "type": "LineString", "coordinates": [ [ -84.294866197546085, 42.182091734434856 ], [ -84.294726959721118, 42.181998836395387 ], [ -84.294658946617986, 42.181952510114009 ] ] } },
{ "type": "Feature", "properties": { "road_id": "NAP-ROAD-226", "segment_id": "NAP-226-9011033802141938011881" }, "geometry": { "type": "LineString", "coordinates": [ [ -84.345376397790744, 42.182713702077258 ], [ -84.345348697351085, 42.18298138744661 ], [ -84.345318198268572, 42.183098545073022 ], [ -84.345286738747973, 42.183196614483663 ], [ -84.345226809151953, 42.18330560585548 ], [ -84.344965765082719, 42.183778348288939 ], [ -84.344820204695537, 42.184091423829699 ], [ -84.344722335493657, 42.184440411514501 ], [ -84.344647937769892, 42.184916844967518 ], [ -84.344570442591305, 42.185203132739986 ], [ -84.344496526907648, 42.185344935821192 ], [ -84.344402267982559, 42.185483011869508 ], [ -84.344296673422178, 42.185608149920768 ], [ -84.344127387579178, 42.185805882792515 ] ] } },
{ "type": "Feature", "properties": { "road_id": "NAP-ROAD-227", "segment_id": "NAP-227-9182033801327538013147" }, "geometry": { "type": "LineString", "coordinates": [ [ -84.277462426994688, 42.149247573963201 ], [ -84.273802399898045, 42.150303233092984 ], [ -84.27314240186459, 42.150504505227666 ], [ -84.272453169420146, 42.15079785739124 ], [ -84.271881715326842, 42.151082694491862 ], [ -84.267904627862578, 42.153257774008694 ] ] } },
{ "type": "Feature", "properties": { "road_id": "NAP-ROAD-228", "segment_id": "NAP-228-9178033801333038012912" }, "geometry": { "type": "LineString", "coordinates": [ [ -84.325693761476543, 42.148708152810073 ], [ -84.325672162241332, 42.151510759340496 ], [ -84.325689528038211, 42.153714484096 ], [ -84.325751069118311, 42.158075293819365 ], [ -84.325785202105351, 42.159849555992828 ] ] } },
{ "type": "Feature", "properties": { "road_id": "NAP-ROAD-229", "segment_id": "NAP-229-33810323802054238016852" }, "geometry": { "type": "LineString", "coordinates": [ [ -84.229633867008729, 42.191175831553643 ], [ -84.229642215911113, 42.191169000733787 ], [ -84.229650075142686, 42.191161799992457 ], [ -84.229657342471072, 42.191154288061441 ], [ -84.229663913268197, 42.191146522733568 ], [ -84.229669682931927, 42.191138560901273 ], [ -84.229674549255947, 42.191130460395904 ], [ -84.229678550035104, 42.191122212809809 ], [ -84.229681937028758, 42.191113741068499 ], [ -84.229684780821927, 42.191105076021429 ], [ -84.229687149500393, 42.191096251181193 ], [ -84.229689107569087, 42.191087298201481 ], [ -84.229690723087799, 42.19107825149522 ], [ -84.229692062983148, 42.191069142754614 ], [ -84.229693191734043, 42.191060004533924 ], [ -84.22969417742614, 42.191050870345556 ], [ -84.229695085749114, 42.191041772762922 ], [ -84.229695984814384, 42.191032744397972 ], [ -84.229696911231358, 42.191023775923334 ], [ -84.229697821395206, 42.191014782867548 ], [ -84.229698689800927, 42.191005767527969 ], [ -84.229699494498576, 42.190996734960684 ], [ -84.229700212301225, 42.190987691103167 ], [ -84.229700821284808, 42.190978640111105 ], [ -84.229701298236705, 42.190969588822441 ], [ -84.229701618811106, 42.190960541354393 ], [ -84.229701762268789, 42.190951502782426 ], [ -84.229701705397176, 42.190942479944383 ], [ -84.229701426298121, 42.190933476095651 ], [ -84.229700899311482, 42.190924498935921 ], [ -84.229700103749821, 42.190915551739778 ], [ -84.229699017637429, 42.190906640463957 ], [ -84.229697588753751, 42.190897769683502 ], [ -84.229695753080549, 42.190888932975923 ], [ -84.229693551889568, 42.19088012739379 ], [ -84.229691034953973, 42.190871349223869 ], [ -84.229688250913725, 42.190862592032417 ], [ -84.229685248253617, 42.190853854788294 ], [ -84.229682075639445, 42.190845130157378 ], [ -84.229678782766712, 42.190836417127684 ], [ -84.229675418275306, 42.190827709265577 ], [ -84.229672029490757, 42.190819003719746 ], [ -84.229668667422828, 42.190810295895886 ], [ -84.22966537942294, 42.190801582042305 ], [ -84.229662215289807, 42.190792857545446 ], [ -84.229659053080155, 42.190783602483009 ] ] } },
{ "type": "Feature", "properties": { "road_id": "NAP-ROAD-230", "segment_id": "NAP-230-9157043801684338011406" }, "geometry": { "type": "LineString", "coordinates": [ [ -84.232817207666287, 42.190756978220158 ], [ -84.232796142036833, 42.191794379980429 ] ] } },
{ "type": "Feature", "properties": { "road_id": "NAP-ROAD-231", "segment_id": "NAP-231-9182043801684338016844" }, "geometry": { "type": "LineString", "coordinates": [ [ -84.232817207666287, 42.190756978220158 ], [ -84.23248375618526, 42.190751687370806 ] ] } },
{ "type": "Feature", "properties": { "road_id": "NAP-ROAD-232", "segment_id": "NAP-232-9158013801125438011528" }, "geometry": { "type": "LineString", "coordinates": [ [ -84.35532163330754, 42.194831397051985 ], [ -84.355259729444384, 42.192604992983838 ] ] } },
{ "type": "Feature", "properties": { "road_id": "NAP-ROAD-233", "segment_id": "NAP-233-9011063801150138011350" }, "geometry": { "type": "LineString", "coordinates": [ [ -84.319942066609457, 42.192042315162183 ], [ -84.319845902139633, 42.19250886829672 ], [ -84.319841629153743, 42.192574915059666 ], [ -84.319848182449391, 42.192606232932938 ], [ -84.319861316523259, 42.192640368893755 ], [ -84.319883325641911, 42.192667880951092 ], [ -84.319913973926347, 42.192704721792367 ], [ -84.320239088031201, 42.193063218293055 ], [ -84.320369260777454, 42.193192862086249 ] ] } },
{ "type": "Feature", "properties": { "road_id": "NAP-ROAD-234", "segment_id": "NAP-234-8993103802008038011501" }, "geometry": { "type": "LineString", "coordinates": [ [ -84.323238485143563, 42.193092755109497 ], [ -84.323224758775112, 42.193087338719288 ], [ -84.322067443924553, 42.192665724136646 ], [ -84.319942066609457, 42.192042315162183 ] ] } },
{ "type": "Feature", "properties": { "road_id": "NAP-ROAD-235", "segment_id": "NAP-235-33810743801684838011522" }, "geometry": { "type": "LineString", "coordinates": [ [ -84.228974991723305, 42.191131899889982 ], [ -84.228353245727632, 42.1905431804093 ] ] } },
{ "type": "Feature", "properties": { "road_id": "NAP-ROAD-236", "segment_id": "NAP-236-9157023801153538011345" }, "geometry": { "type": "LineString", "coordinates": [ [ -84.237621173157109, 42.190471159551556 ], [ -84.237624867313983, 42.190595307878397 ], [ -84.237616988012221, 42.190925762806906 ], [ -84.237599760884265, 42.191648274053868 ], [ -84.237609939525072, 42.19230137402382 ] ] } },
{ "type": "Feature", "properties": { "road_id": "NAP-ROAD-237", "segment_id": "NAP-237-9157013801153938016854" }, "geometry": { "type": "LineString", "coordinates": [ [ -84.238071220346598, 42.190475614470067 ], [ -84.238058032440819, 42.190936634288157 ], [ -84.238052608580603, 42.191175487359125 ] ] } },
{ "type": "Feature", "properties": { "road_id": "NAP-ROAD-238", "segment_id": "NAP-238-9154083801153938011535" }, "geometry": { "type": "LineString", "coordinates": [ [ -84.238071220346598, 42.190475614470067 ], [ -84.237751895315284, 42.190470307453815 ], [ -84.237621173157109, 42.190471159551556 ] ] } },
{ "type": "Feature", "properties": { "road_id": "NAP-ROAD-239", "segment_id": "NAP-239-9154083801154138011539" }, "geometry": { "type": "LineString", "coordinates": [ [ -84.239891707852792, 42.190499588234815 ], [ -84.238071220346598, 42.190475614470067 ] ] } },
{ "type": "Feature", "properties": { "road_id": "NAP-ROAD-240", "segment_id": "NAP-240-9156103801154138011419" }, "geometry": { "type": "LineString", "coordinates": [ [ -84.239891707852792, 42.190499588234815 ], [ -84.239900277326441, 42.190891004386003 ], [ -84.239878066548073, 42.191380862496395 ], [ -84.239606968656148, 42.192186954395794 ], [ -84.239511105132834, 42.192471992667549 ] ] } },
{ "type": "Feature", "properties": { "road_id": "NAP-ROAD-241", "segment_id": "NAP-241-9161083801154038011301" }, "geometry": { "type": "LineString", "coordinates": [ [ -84.247292889929369, 42.190575379593263 ], [ -84.247228863153182, 42.19061228542175 ], [ -84.247116475826601, 42.190694826768549 ], [ -84.246966859989612, 42.190796619321638 ], [ -84.246858015843586, 42.190871777977684 ], [ -84.246797959899254, 42.1909522808999 ], [ -84.246770483455435, 42.191040748453773 ], [ -84.246764007444696, 42.191105936556824 ], [ -84.246778125259326, 42.191162002691634 ], [ -84.246891311801747, 42.191256795253508 ], [ -84.24700136006966, 42.19135103202423 ], [ -84.247140740221823, 42.191438487642671 ], [ -84.247240796515925, 42.191523189167 ], [ -84.24729856022077, 42.191621078954128 ], [ -84.247289864668403, 42.191762950215427 ], [ -84.247244811493047, 42.191873075730733 ], [ -84.24717241631059, 42.191961990336111 ], [ -84.247024842071042, 42.192073965766376 ], [ -84.246777605273977, 42.192178600361544 ], [ -84.246432394114649, 42.192356727956906 ], [ -84.246240135084861, 42.192428335769144 ], [ -84.24607905507537, 42.192455820304751 ], [ -84.245767492042475, 42.19245835027359 ], [ -84.245555307460478, 42.19240100696512 ], [ -84.245263585049742, 42.192303409144031 ], [ -84.245090731293544, 42.192233458559954 ], [ -84.244759196486726, 42.192160815872157 ], [ -84.244541137518837, 42.192160327287056 ], [ -84.244290533432817, 42.192188810567934 ], [ -84.244079140164942, 42.192232653770397 ], [ -84.243644786114643, 42.192303822583106 ], [ -84.241358767897594, 42.192662068559649 ], [ -84.240162319910823, 42.192876532277495 ] ] } },
{ "type": "Feature", "properties": { "road_id": "NAP-ROAD-242", "segment_id": "NAP-242-33817333802033038018234" }, "geometry": { "type": "LineString", "coordinates": [ [ -84.361824586105271, 42.176062113234053 ], [ -84.359767159260201, 42.176080536774528 ] ] } },
{ "type": "Feature", "properties": { "road_id": "NAP-ROAD-243", "segment_id": "NAP-243-33814633802033038020329" }, "geometry": { "type": "LineString", "coordinates": [ [ -84.361824586105271, 42.176062113234053 ], [ -84.361844709266208, 42.178749138267747 ] ] } },
{ "type": "Feature", "properties": { "road_id": "NAP-ROAD-244", "segment_id": "NAP-244-33817283802033038025608" }, "geometry": { "type": "LineString", "coordinates": [ [ -84.361824586105271, 42.176062113234053 ], [ -84.363621037601106, 42.176069894795639 ] ] } },
{ "type": "Feature", "properties": { "road_id": "NAP-ROAD-245", "segment_id": "NAP-245-9011103801227038012112" }, "geometry": { "type": "LineString", "coordinates": [ [ -84.287443575171082, 42.174868652504358 ], [ -84.287490039812226, 42.178853765887808 ] ] } },
{ "type": "Feature", "properties": { "road_id": "NAP-ROAD-246", "segment_id": "NAP-246-19210023801227038012269" }, "geometry": { "type": "LineString", "coordinates": [ [ -84.287443575171082, 42.174868652504358 ], [ -84.284272637709506, 42.174818422671493 ] ] } },
{ "type": "Feature", "properties": { "road_id": "NAP-ROAD-247", "segment_id": "NAP-247-9012013801227538012226" }, "geometry": { "type": "LineString", "coordinates": [ [ -84.277778839779089, 42.174703648482627 ], [ -84.277781169961813, 42.175473718256491 ], [ -84.27777528719821, 42.176012491566716 ] ] } },
{ "type": "Feature", "properties": { "road_id": "NAP-ROAD-248", "segment_id": "NAP-248-8993103801685738012275" }, "geometry": { "type": "LineString", "coordinates": [ [ -84.279377986987996, 42.175373373044977 ], [ -84.277778839779089, 42.174703648482627 ] ] } },
{ "type": "Feature", "properties": { "road_id": "NAP-ROAD-249", "segment_id": "NAP-249-9156013801229838012254" }, "geometry": { "type": "LineString", "coordinates": [ [ -84.238508671293033, 42.173639870729168 ], [ -84.238540539417144, 42.17461090332062 ] ] } },
{ "type": "Feature", "properties": { "road_id": "NAP-ROAD-250", "segment_id": "NAP-250-9011103801229738012296" }, "geometry": { "type": "LineString", "coordinates": [ [ -84.325900342691824, 42.17496046218605 ], [ -84.321037753683427, 42.174965833550786 ], [ -84.320953143465374, 42.174956982677415 ], [ -84.320856784329294, 42.174944382546684 ] ] } },
{ "type": "Feature", "properties": { "road_id": "NAP-ROAD-251", "segment_id": "NAP-251-33800023801229738012185" }, "geometry": { "type": "LineString", "coordinates": [ [ -84.325900342691824, 42.17496046218605 ], [ -84.325963963176832, 42.177765806058673 ] ] } },
{ "type": "Feature", "properties": { "road_id": "NAP-ROAD-252", "segment_id": "NAP-252-9161073801230038012298" }, "geometry": { "type": "LineString", "coordinates": [ [ -84.240341918564425, 42.173605589414159 ], [ -84.238508671293033, 42.173639870729168 ] ] } },
{ "type": "Feature", "properties": { "road_id": "NAP-ROAD-253", "segment_id": "NAP-253-9161073801230438012300" }, "geometry": { "type": "LineString", "coordinates": [ [ -84.24125384000827, 42.173586726225288 ], [ -84.240341918564425, 42.173605589414159 ] ] } },
{ "type": "Feature", "properties": { "road_id": "NAP-ROAD-254", "segment_id": "NAP-254-9155103801230438012261" }, "geometry": { "type": "LineString", "coordinates": [ [ -84.24125384000827, 42.173586726225288 ], [ -84.241280615017629, 42.174561794700558 ] ] } },
{ "type": "Feature", "properties": { "road_id": "NAP-ROAD-255", "segment_id": "NAP-255-33806663801685838016857" }, "geometry": { "type": "LineString", "coordinates": [ [ -84.280340069013249, 42.174097835471912 ], [ -84.279377986987996, 42.175373373044977 ] ] } },
{ "type": "Feature", "properties": { "road_id": "NAP-ROAD-256", "segment_id": "NAP-256-19209043801685838016856" }, "geometry": { "type": "LineString", "coordinates": [ [ -84.280340069013249, 42.174097835471912 ], [ -84.280337608717403, 42.174408293115711 ], [ -84.280303240588822, 42.174546723608337 ], [ -84.280210918116765, 42.174712617488105 ], [ -84.279637853601614, 42.175488564791713 ] ] } },
{ "type": "Feature", "properties": { "road_id": "NAP-ROAD-257", "segment_id": "NAP-257-9012023801230738012268" }, "geometry": { "type": "LineString", "coordinates": [ [ -84.27355805987257, 42.173654684559196 ], [ -84.273569672714004, 42.173988893453924 ], [ -84.273572118441535, 42.175040331868452 ] ] } },
{ "type": "Feature", "properties": { "road_id": "NAP-ROAD-258", "segment_id": "NAP-258-9155013801284938020419" }, "geometry": { "type": "LineString", "coordinates": [ [ -84.27095590408328, 42.160256294744947 ], [ -84.27089434474351, 42.160245245077135 ], [ -84.27082325190662, 42.160239149554606 ], [ -84.269702141956898, 42.160222716443812 ], [ -84.269673986111854, 42.1602231190571 ] ] } },
{ "type": "Feature", "properties": { "road_id": "NAP-ROAD-259", "segment_id": "NAP-259-9155013802054538017637" }, "geometry": { "type": "LineString", "coordinates": [ [ -84.291298264779087, 42.160320153846776 ], [ -84.288938321602984, 42.160310788617842 ], [ -84.287027827836667, 42.160303171635178 ], [ -84.285371342084318, 42.160317379606639 ], [ -84.284113674563628, 42.160508648924207 ] ] } },
{ "type": "Feature", "properties": { "road_id": "NAP-ROAD-260", "segment_id": "NAP-260-33815243802054538020521" }, "geometry": { "type": "LineString", "coordinates": [ [ -84.291298264779087, 42.160320153846776 ], [ -84.291342660247622, 42.160720476074758 ], [ -84.291334777615631, 42.161008081948552 ], [ -84.291194777798722, 42.161358082041403 ], [ -84.291150172789202, 42.161462492414017 ], [ -84.291148523812339, 42.16159850276712 ], [ -84.29115110542314, 42.161658651411123 ], [ -84.291164778251286, 42.161728081483652 ], [ -84.291354777585127, 42.162128082180303 ], [ -84.291354777579045, 42.162458081560942 ], [ -84.291361750456048, 42.162481080641115 ], [ -84.291381383408222, 42.162502211296207 ], [ -84.291492694016213, 42.162582608915649 ], [ -84.291531608212452, 42.162637593538101 ], [ -84.291565486128306, 42.162761930666143 ], [ -84.291655697165837, 42.163042194255297 ], [ -84.291738891955362, 42.163239033785771 ], [ -84.291784063641956, 42.163325419244316 ], [ -84.291877050401183, 42.163412008410383 ], [ -84.291964979800809, 42.163493358963279 ], [ -84.29215506736405, 42.163643374809602 ] ] } },
{ "type": "Feature", "properties": { "road_id": "NAP-ROAD-261", "segment_id": "NAP-261-9155013801942238020545" }, "geometry": { "type": "LineString", "coordinates": [ [ -84.295027082543058, 42.160340752433392 ], [ -84.291790161271337, 42.160322099456891 ], [ -84.291298264779087, 42.160320153846776 ] ] } },
{ "type": "Feature", "properties": { "road_id": "NAP-ROAD-262", "segment_id": "NAP-262-33811423801942238019424" }, "geometry": { "type": "LineString", "coordinates": [ [ -84.295027082543058, 42.160340752433392 ], [ -84.295015245023038, 42.160768179811704 ], [ -84.295009957537559, 42.160959097699724 ], [ -84.295033293879214, 42.161084888229546 ], [ -84.295068516486424, 42.161196606199617 ], [ -84.295130232396048, 42.161320133918551 ], [ -84.295199925276691, 42.161432380242118 ], [ -84.295300494596574, 42.161536548193254 ], [ -84.295486944415487, 42.161721852324014 ], [ -84.295580651553578, 42.161824150108608 ], [ -84.295650724318634, 42.161935974954758 ], [ -84.295705561154264, 42.162051320941522 ], [ -84.29573780424198, 42.162162566007282 ], [ -84.295752237008315, 42.162279170141055 ], [ -84.295764258297567, 42.162627915899307 ], [ -84.295771663713921, 42.163446018791987 ], [ -84.29577240008912, 42.163534667403987 ], [ -84.295759925583269, 42.163598628977176 ], [ -84.295753951897552, 42.163677684505586 ], [ -84.295745416989789, 42.163739693085596 ], [ -84.295713925987656, 42.163830516119027 ], [ -84.295679412626214, 42.163907344353056 ], [ -84.295634745741836, 42.163981480239627 ], [ -84.295574287609, 42.16407186023087 ], [ -84.295518801352571, 42.164167388969894 ], [ -84.295470551507918, 42.164247810838646 ], [ -84.295446189926054, 42.164327330428797 ], [ -84.29542400809018, 42.164451268292737 ], [ -84.295410160573127, 42.164551239343055 ], [ -84.295410765566643, 42.164898720052832 ], [ -84.295436481607069, 42.166270547984062 ], [ -84.295430278865808, 42.166352429470663 ], [ -84.295410632241584, 42.166422394113738 ], [ -84.295383239687183, 42.166487848487762 ], [ -84.295341996809427, 42.166556017383471 ], [ -84.295287149058382, 42.166618123245478 ], [ -84.295240532160889, 42.166667180580504 ], [ -84.29518420365855, 42.166711696588976 ], [ -84.295120046915486, 42.166754628727794 ], [ -84.295018439677321, 42.166799915361395 ], [ -84.294919081691447, 42.166834988530702 ], [ -84.294821693261497, 42.166859849357984 ], [ -84.294717313935038, 42.166878339441759 ], [ -84.294617386949341, 42.166886079613086 ], [ -84.294353590295529, 42.166885125403134 ], [ -84.292815326941778, 42.16688470813974 ], [ -84.291410312464848, 42.166882947074377 ], [ -84.291236720742404, 42.166878051835127 ], [ -84.291132363484223, 42.166860850744968 ], [ -84.290986459360525, 42.166829641081918 ], [ -84.290689592687571, 42.166733718078596 ], [ -84.289947617626481, 42.166488021793917 ] ] } },
{ "type": "Feature", "properties": { "road_id": "NAP-ROAD-263", "segment_id": "NAP-263-9155013801287038019422" }, "geometry": { "type": "LineString", "coordinates": [ [ -84.306396529848058, 42.160379192897175 ], [ -84.303998039076674, 42.160388413847926 ], [ -84.299387628342771, 42.160364007162023 ], [ -84.295027082543058, 42.160340752433392 ] ] } },
{ "type": "Feature", "properties": { "road_id": "NAP-ROAD-264", "segment_id": "NAP-264-9011083801287038012425" }, "geometry": { "type": "LineString", "coordinates": [ [ -84.306396529848058, 42.160379192897175 ], [ -84.30639197556691, 42.161131446911334 ], [ -84.306611053558726, 42.171295753733389 ] ] } },
{ "type": "Feature", "properties": { "road_id": "NAP-ROAD-265", "segment_id": "NAP-265-9155013801288138012870" }, "geometry": { "type": "LineString", "coordinates": [ [ -84.325766535939408, 42.160420580090111 ], [ -84.318193988682921, 42.160404306988937 ], [ -84.306396529848058, 42.160379192897175 ] ] } },
{ "type": "Feature", "properties": { "road_id": "NAP-ROAD-266", "segment_id": "NAP-266-9155013801288238012881" }, "geometry": { "type": "LineString", "coordinates": [ [ -84.32660490779196, 42.16043670732833 ], [ -84.325766535939408, 42.160420580090111 ] ] } },
{ "type": "Feature", "properties": { "road_id": "NAP-ROAD-267", "segment_id": "NAP-267-9155013801288438012882" }, "geometry": { "type": "LineString", "coordinates": [ [ -84.329499011846167, 42.160436949946906 ], [ -84.32660490779196, 42.16043670732833 ] ] } },
{ "type": "Feature", "properties": { "road_id": "NAP-ROAD-268", "segment_id": "NAP-268-33806093801288438012840" }, "geometry": { "type": "LineString", "coordinates": [ [ -84.329499011846167, 42.160436949946906 ], [ -84.329743202971656, 42.160483042365314 ], [ -84.32985816032604, 42.160510201926542 ], [ -84.330035242942145, 42.160573508952922 ], [ -84.330182882931155, 42.160655936563913 ], [ -84.330280159128165, 42.160753257395875 ], [ -84.330369127311585, 42.160866104255277 ], [ -84.330423501435675, 42.160994081403018 ], [ -84.330481395742837, 42.161224315301219 ] ] } },
{ "type": "Feature", "properties": { "road_id": "NAP-ROAD-269", "segment_id": "NAP-269-9155013801288538012884" }, "geometry": { "type": "LineString", "coordinates": [ [ -84.330464439716408, 42.160441146172992 ], [ -84.329499011846167, 42.160436949946906 ] ] } },
{ "type": "Feature", "properties": { "road_id": "NAP-ROAD-270", "segment_id": "NAP-270-9182023801334938012907" }, "geometry": { "type": "LineString", "coordinates": [ [ -84.355025563770425, 42.148849972274519 ], [ -84.355054067736091, 42.154427703615816 ], [ -84.355044584121899, 42.154581715032016 ], [ -84.355011164646513, 42.154680962484782 ], [ -84.354933507502679, 42.154790999716951 ], [ -84.354083911166811, 42.155707275003778 ], [ -84.353956565702845, 42.155898313054585 ], [ -84.353882323480818, 42.156056005821853 ], [ -84.353827560712432, 42.156186784252874 ], [ -84.35377056436127, 42.156496795363267 ], [ -84.353731983262193, 42.15673100152636 ], [ -84.353689463985177, 42.157263601626617 ], [ -84.353731622328098, 42.160536560394128 ] ] } },
{ "type": "Feature", "properties": { "road_id": "NAP-ROAD-271", "segment_id": "NAP-271-9178033801336138013330" }, "geometry": { "type": "LineString", "coordinates": [ [ -84.324850682151563, 42.148101236918734 ], [ -84.325098330252771, 42.148148908334029 ], [ -84.325232778530861, 42.148185582191545 ], [ -84.32535626448319, 42.148236265214202 ], [ -84.325466673019491, 42.14830092556582 ], [ -84.325541117029232, 42.148365043018678 ], [ -84.325608700528747, 42.148447956408461 ], [ -84.325659232060019, 42.14853533768305 ], [ -84.325693761476543, 42.148708152810073 ] ] } },
{ "type": "Feature", "properties": { "road_id": "NAP-ROAD-272", "segment_id": "NAP-272-8990063801336438013361" }, "geometry": { "type": "LineString", "coordinates": [ [ -84.326278216475259, 42.148080229656841 ], [ -84.324850682151563, 42.148101236918734 ] ] } },
{ "type": "Feature", "properties": { "road_id": "NAP-ROAD-273", "segment_id": "NAP-273-33806073801336438013330" }, "geometry": { "type": "LineString", "coordinates": [ [ -84.326278216475259, 42.148080229656841 ], [ -84.326035962425806, 42.148145712070928 ], [ -84.325917811697551, 42.148210078221531 ], [ -84.325833294954592, 42.148282825982278 ], [ -84.325778052334869, 42.148368612779699 ], [ -84.325744007503772, 42.148453145166741 ], [ -84.325693761476543, 42.148708152810073 ] ] } },
{ "type": "Feature", "properties": { "road_id": "NAP-ROAD-274", "segment_id": "NAP-274-33814653802033338020334" }, "geometry": { "type": "LineString", "coordinates": [ [ -84.24827495440924, 42.149235938063391 ], [ -84.248909748762145, 42.149172024311319 ], [ -84.249274246154314, 42.149066445588794 ], [ -84.249615666597606, 42.148895569882086 ], [ -84.249958928441757, 42.148659789288644 ], [ -84.250262176293162, 42.148516140256781 ], [ -84.2506643107792, 42.148401873009163 ], [ -84.250953516022392, 42.148313658280806 ], [ -84.251193145514961, 42.148215386824184 ], [ -84.251282205270826, 42.148151853609406 ], [ -84.251361173378299, 42.148004676021642 ], [ -84.251403025830754, 42.147847640054309 ], [ -84.251432417469587, 42.14769040736153 ], [ -84.25151085846089, 42.147561774274408 ], [ -84.251688975326843, 42.147434707267948 ], [ -84.252017658154728, 42.147272900466234 ], [ -84.252547005382169, 42.147067864288061 ], [ -84.253410127355252, 42.146960826227222 ], [ -84.255585950378517, 42.146716675306436 ] ] } },
{ "type": "Feature", "properties": { "road_id": "NAP-ROAD-275", "segment_id": "NAP-275-9089123801334938013383" }, "geometry": { "type": "LineString", "coordinates": [ [ -84.355025563770425, 42.148849972274519 ], [ -84.355219062797332, 42.148856905051225 ], [ -84.356949946775401, 42.148693484696885 ], [ -84.357386242317048, 42.148617269883658 ], [ -84.358331097611639, 42.148405783698678 ], [ -84.358915370074001, 42.14827162872345 ], [ -84.359713012326907, 42.148129349486979 ] ] } },
{ "type": "Feature", "properties": { "road_id": "NAP-ROAD-276", "segment_id": "NAP-276-8993103802033338013393" }, "geometry": { "type": "LineString", "coordinates": [ [ -84.24827495440924, 42.149235938063391 ], [ -84.24825284223985, 42.146369851410675 ] ] } },
{ "type": "Feature", "properties": { "road_id": "NAP-ROAD-277", "segment_id": "NAP-277-9181093801340438013189" }, "geometry": { "type": "LineString", "coordinates": [ [ -84.220316037155087, 42.145758637564292 ], [ -84.220447207003744, 42.149869016036895 ], [ -84.220463634144977, 42.151363341138754 ] ] } },
{ "type": "Feature", "properties": { "road_id": "NAP-ROAD-278", "segment_id": "NAP-278-9179073801341038013147" }, "geometry": { "type": "LineString", "coordinates": [ [ -84.267809455801611, 42.146380377458371 ], [ -84.267844089047131, 42.150362814472082 ], [ -84.267846371291228, 42.151038824954362 ], [ -84.267875155452927, 42.152539091989745 ], [ -84.267904627862578, 42.153257774008694 ] ] } },
{ "type": "Feature", "properties": { "road_id": "NAP-ROAD-279", "segment_id": "NAP-279-9089123801338338013412" }, "geometry": { "type": "LineString", "coordinates": [ [ -84.359713012326907, 42.148129349486979 ], [ -84.360431688359739, 42.14803753486003 ], [ -84.361662077473852, 42.147941952515076 ], [ -84.364139689224288, 42.147744269050321 ] ] } },
{ "type": "Feature", "properties": { "road_id": "NAP-ROAD-280", "segment_id": "NAP-280-9179063801342038013275" }, "geometry": { "type": "LineString", "coordinates": [ [ -84.277410592828801, 42.146323510757142 ], [ -84.277462426994688, 42.149247573963201 ] ] } },
{ "type": "Feature", "properties": { "road_id": "NAP-ROAD-281", "segment_id": "NAP-281-9182033801980138013275" }, "geometry": { "type": "LineString", "coordinates": [ [ -84.287544322323114, 42.146347172525793 ], [ -84.282192877699913, 42.147906739669203 ], [ -84.277462426994688, 42.149247573963201 ] ] } },
{ "type": "Feature", "properties": { "road_id": "NAP-ROAD-282", "segment_id": "NAP-282-33812343801980138019800" }, "geometry": { "type": "LineString", "coordinates": [ [ -84.287544322323114, 42.146347172525793 ], [ -84.287490723427524, 42.146230899567342 ] ] } },
{ "type": "Feature", "properties": { "road_id": "NAP-ROAD-283", "segment_id": "NAP-283-9182033801342738019801" }, "geometry": { "type": "LineString", "coordinates": [ [ -84.287958576136077, 42.146226433156201 ], [ -84.287544322323114, 42.146347172525793 ] ] } },
{ "type": "Feature", "properties": { "road_id": "NAP-ROAD-284", "segment_id": "NAP-284-9154013801262138012510" }, "geometry": { "type": "LineString", "coordinates": [ [ -84.24566745843201, 42.165007647757704 ], [ -84.24564533255213, 42.165680795124409 ], [ -84.245553741263535, 42.168039541608238 ] ] } },
{ "type": "Feature", "properties": { "road_id": "NAP-ROAD-285", "segment_id": "NAP-285-9154023801265938012653" }, "geometry": { "type": "LineString", "coordinates": [ [ -84.245682202663701, 42.164030690055782 ], [ -84.245393752699997, 42.164078757450334 ], [ -84.244715823837538, 42.164090162765746 ], [ -84.243448417511871, 42.1641057405729 ] ] } },
{ "type": "Feature", "properties": { "road_id": "NAP-ROAD-286", "segment_id": "NAP-286-9154013801265938012621" }, "geometry": { "type": "LineString", "coordinates": [ [ -84.245682202663701, 42.164030690055782 ], [ -84.24566745843201, 42.165007647757704 ] ] } },
{ "type": "Feature", "properties": { "road_id": "NAP-ROAD-287", "segment_id": "NAP-287-9154023801266338012659" }, "geometry": { "type": "LineString", "coordinates": [ [ -84.248459015876378, 42.164045302871621 ], [ -84.246839742336903, 42.164030062490482 ], [ -84.245682202663701, 42.164030690055782 ] ] } },
{ "type": "Feature", "properties": { "road_id": "NAP-ROAD-288", "segment_id": "NAP-288-9012073801266338012535" }, "geometry": { "type": "LineString", "coordinates": [ [ -84.248459015876378, 42.164045302871621 ], [ -84.248486415285072, 42.164735067429135 ], [ -84.248488599087239, 42.165063767709682 ], [ -84.248499308963019, 42.166109066931398 ], [ -84.248531764382463, 42.167288931719803 ] ] } },
{ "type": "Feature", "properties": { "road_id": "NAP-ROAD-289", "segment_id": "NAP-289-9012043801270038012538" }, "geometry": { "type": "LineString", "coordinates": [ [ -84.251899627766647, 42.163437141941671 ], [ -84.251955800952317, 42.167267142504016 ] ] } },
{ "type": "Feature", "properties": { "road_id": "NAP-ROAD-290", "segment_id": "NAP-290-8993103801250638012700" }, "geometry": { "type": "LineString", "coordinates": [ [ -84.263168042603397, 42.168364062820693 ], [ -84.259893754193925, 42.166946111777115 ], [ -84.259018638606491, 42.166567133540987 ], [ -84.251899627766647, 42.163437141941671 ] ] } },
{ "type": "Feature", "properties": { "road_id": "NAP-ROAD-291", "segment_id": "NAP-291-9012073801275138012663" }, "geometry": { "type": "LineString", "coordinates": [ [ -84.248432544510166, 42.161925701497722 ], [ -84.248459015876378, 42.164045302871621 ] ] } },
{ "type": "Feature", "properties": { "road_id": "NAP-ROAD-292", "segment_id": "NAP-292-8993103801270038012751" }, "geometry": { "type": "LineString", "coordinates": [ [ -84.251899627766647, 42.163437141941671 ], [ -84.248432544510166, 42.161925701497722 ] ] } },
{ "type": "Feature", "properties": { "road_id": "NAP-ROAD-293", "segment_id": "NAP-293-9155013801275638025449" }, "geometry": { "type": "LineString", "coordinates": [ [ -84.277514960451015, 42.162337302192952 ], [ -84.277349261661087, 42.16238434562689 ], [ -84.277056579973845, 42.162457331139294 ], [ -84.276788068106441, 42.162515730101603 ], [ -84.276547457459074, 42.162556881760416 ], [ -84.276362384937912, 42.16257305469027 ], [ -84.276126340966343, 42.162581637126657 ], [ -84.274468553785539, 42.162596838645506 ], [ -84.274264471310772, 42.162583993795799 ], [ -84.274084926489323, 42.162557702286797 ], [ -84.273937274367356, 42.162520843006149 ], [ -84.27379918261785, 42.16247445237304 ], [ -84.273631831218836, 42.162411015049372 ], [ -84.273393307287691, 42.162300841998899 ], [ -84.273195499393609, 42.162196830616217 ], [ -84.273018010309769, 42.162097283527544 ], [ -84.272816884061967, 42.161980303759172 ], [ -84.272678214698544, 42.161875316834511 ], [ -84.272552910205064, 42.161775310775731 ], [ -84.272524265531672, 42.161744382600673 ] ] } },
{ "type": "Feature", "properties": { "road_id": "NAP-ROAD-294", "segment_id": "NAP-294-9155033801278938012779" }, "geometry": { "type": "LineString", "coordinates": [ [ -84.220677024165511, 42.160503193774929 ], [ -84.211714127815696, 42.160673381422669 ] ] } },
{ "type": "Feature", "properties": { "road_id": "NAP-ROAD-295", "segment_id": "NAP-295-9181093801278938018246" }, "geometry": { "type": "LineString", "coordinates": [ [ -84.220677024165511, 42.160503193774929 ], [ -84.220704521274826, 42.161146146538329 ], [ -84.220833413180429, 42.161831385382989 ], [ -84.220948809781007, 42.162373641864242 ], [ -84.221126222811463, 42.163098787268055 ], [ -84.221204164971937, 42.163478840888921 ], [ -84.221288395680787, 42.164043822812317 ], [ -84.221302994846567, 42.164284469884301 ], [ -84.221300321891547, 42.164874777348338 ], [ -84.221142602530804, 42.170273784589185 ] ] } },
{ "type": "Feature", "properties": { "road_id": "NAP-ROAD-296", "segment_id": "NAP-296-9154013801280638012659" }, "geometry": { "type": "LineString", "coordinates": [ [ -84.245874143005196, 42.160847110585493 ], [ -84.245804692593353, 42.161147073402731 ], [ -84.245682202663701, 42.164030690055782 ] ] } },
{ "type": "Feature", "properties": { "road_id": "NAP-ROAD-297", "segment_id": "NAP-297-9012053801275138012806" }, "geometry": { "type": "LineString", "coordinates": [ [ -84.248432544510166, 42.161925701497722 ], [ -84.246250718156347, 42.160979777784398 ], [ -84.245874143005196, 42.160847110585493 ] ] } },
{ "type": "Feature", "properties": { "road_id": "NAP-ROAD-298", "segment_id": "NAP-298-33800023801288538012840" }, "geometry": { "type": "LineString", "coordinates": [ [ -84.330464439716408, 42.160441146172992 ], [ -84.330481395742837, 42.161224315301219 ] ] } },
{ "type": "Feature", "properties": { "road_id": "NAP-ROAD-299", "segment_id": "NAP-299-9155013801289238012885" }, "geometry": { "type": "LineString", "coordinates": [ [ -84.335285258972746, 42.160478530875963 ], [ -84.330464439716408, 42.160441146172992 ] ] } },
{ "type": "Feature", "properties": { "road_id": "NAP-ROAD-300", "segment_id": "NAP-300-9011033801289238025445" }, "geometry": { "type": "LineString", "coordinates": [ [ -84.335285258972746, 42.160478530875963 ], [ -84.335330549286766, 42.163561268656707 ], [ -84.335339328647947, 42.163812521592988 ], [ -84.335363088502348, 42.16389401005847 ], [ -84.335397439745321, 42.163967928992506 ], [ -84.335445498608934, 42.164015009619249 ], [ -84.335504201062363, 42.164052591909922 ], [ -84.335615072741888, 42.164081295924206 ], [ -84.335757508163326, 42.164095018868871 ], [ -84.336131356398283, 42.164096753654093 ], [ -84.33749625962848, 42.164093369034404 ], [ -84.338103915132734, 42.16411022431879 ], [ -84.338447245490912, 42.16413630022025 ], [ -84.338753922646191, 42.16420915097148 ], [ -84.339057593777781, 42.164316089000906 ], [ -84.341506667885014, 42.165274114412298 ], [ -84.341652002400465, 42.165352814323022 ], [ -84.341770475488531, 42.16543592181489 ], [ -84.341861517766517, 42.165518818075135 ], [ -84.341913728663613, 42.165571642015124 ], [ -84.341990504986086, 42.165664734298375 ], [ -84.342061281528288, 42.165770950255478 ], [ -84.342101959147243, 42.165855495598869 ], [ -84.342169685876428, 42.166024785592803 ], [ -84.342193465318829, 42.16620469012345 ], [ -84.342186671285617, 42.166346329313512 ], [ -84.342102375037641, 42.167485638663806 ], [ -84.342020937208929, 42.16800191181995 ], [ -84.341965381257694, 42.168240639086129 ], [ -84.341948834469406, 42.168449496078402 ], [ -84.341969337256941, 42.168600031789445 ], [ -84.342012374180101, 42.168724512335068 ], [ -84.342074890012512, 42.168835072104955 ], [ -84.342119513671051, 42.16890070225493 ], [ -84.342632492004071, 42.16941110847835 ], [ -84.343275183658719, 42.169996088997181 ], [ -84.343635747513616, 42.170305391046206 ], [ -84.34396253645356, 42.170543371572023 ], [ -84.34425618193616, 42.170686431622563 ], [ -84.344574493914067, 42.170797400895609 ], [ -84.344889634093832, 42.170878814786327 ], [ -84.34518662058548, 42.170957204580247 ], [ -84.346240915151213, 42.171102866893797 ], [ -84.346997851798307, 42.17122831533851 ], [ -84.347429786477434, 42.171309674828905 ], [ -84.347724440531138, 42.171412185938486 ], [ -84.347736985828533, 42.171421122114346 ] ] } },
{ "type": "Feature", "properties": { "road_id": "NAP-ROAD-301", "segment_id": "NAP-301-8993103801282538012897" }, "geometry": { "type": "LineString", "coordinates": [ [ -84.248427127019696, 42.160613809198558 ], [ -84.248395783698058, 42.15909829373237 ] ] } },
{ "type": "Feature", "properties": { "road_id": "NAP-ROAD-302", "segment_id": "NAP-302-9155013801290738012906" }, "geometry": { "type": "LineString", "coordinates": [ [ -84.353731622328098, 42.160536560394128 ], [ -84.352682034340916, 42.160530981643319 ] ] } },
{ "type": "Feature", "properties": { "road_id": "NAP-ROAD-303", "segment_id": "NAP-303-9182023801290738019386" }, "geometry": { "type": "LineString", "coordinates": [ [ -84.353731622328098, 42.160536560394128 ], [ -84.354565745090397, 42.16237177205614 ] ] } },
{ "type": "Feature", "properties": { "road_id": "NAP-ROAD-304", "segment_id": "NAP-304-9155033801291438012789" }, "geometry": { "type": "LineString", "coordinates": [ [ -84.228183973935302, 42.158516669235432 ], [ -84.226929101419458, 42.159140776048936 ], [ -84.226643230439464, 42.159257162991075 ], [ -84.226373246392143, 42.159359404956852 ], [ -84.22600630294005, 42.159468739743431 ], [ -84.225623967173888, 42.159574948071764 ], [ -84.225019140195414, 42.159746718031336 ], [ -84.224342448932504, 42.159932132573374 ], [ -84.223024941445772, 42.16029521564819 ], [ -84.222616279483489, 42.160393043978345 ], [ -84.222328654633174, 42.160432857165141 ], [ -84.221936632932781, 42.160471002679024 ], [ -84.220677024165511, 42.160503193774929 ] ] } },
{ "type": "Feature", "properties": { "road_id": "NAP-ROAD-305", "segment_id": "NAP-305-9012053801281038012914" }, "geometry": { "type": "LineString", "coordinates": [ [ -84.244670542705137, 42.160663758748292 ], [ -84.241178620183476, 42.160348314877403 ], [ -84.238252946422378, 42.160081064992887 ], [ -84.237575021658785, 42.160001906091587 ], [ -84.237046607636117, 42.159933815826385 ], [ -84.236727438420345, 42.159866904354942 ], [ -84.236395101040628, 42.159758797602862 ], [ -84.235735608455641, 42.159446397096524 ], [ -84.235476051884916, 42.159340152682375 ], [ -84.235141864904961, 42.159234945149521 ], [ -84.234868980281433, 42.159177332808149 ], [ -84.234642929881119, 42.15915154618655 ], [ -84.234309375928234, 42.15912849438687 ], [ -84.233860730024489, 42.159105070681321 ], [ -84.232566424857481, 42.159005241179564 ], [ -84.231580844615664, 42.158940541818801 ], [ -84.230690213996382, 42.158882937200794 ], [ -84.230124111238055, 42.158823242304983 ], [ -84.228183973935302, 42.158516669235432 ] ] } },
{ "type": "Feature", "properties": { "road_id": "NAP-ROAD-306", "segment_id": "NAP-306-9178033801291238012881" }, "geometry": { "type": "LineString", "coordinates": [ [ -84.325785202105351, 42.159849555992828 ], [ -84.325766535939408, 42.160420580090111 ] ] } },
{ "type": "Feature", "properties": { "road_id": "NAP-ROAD-307", "segment_id": "NAP-307-33806063801288238012912" }, "geometry": { "type": "LineString", "coordinates": [ [ -84.32660490779196, 42.16043670732833 ], [ -84.326405569629856, 42.160410320679382 ], [ -84.326264892214439, 42.160373063046144 ], [ -84.326158301885471, 42.160322931396138 ], [ -84.326056707234159, 42.160254467414504 ], [ -84.32597098756095, 42.160181223929825 ], [ -84.325896917406439, 42.160093094935952 ], [ -84.325849552325508, 42.160015407817781 ], [ -84.325785202105351, 42.159849555992828 ] ] } },
{ "type": "Feature", "properties": { "road_id": "NAP-ROAD-308", "segment_id": "NAP-308-9012103801294238012843" }, "geometry": { "type": "LineString", "coordinates": [ [ -84.245052424581814, 42.158298300280862 ], [ -84.244891080692213, 42.159045425898832 ], [ -84.244882112192954, 42.159121185974954 ], [ -84.244765035673922, 42.160110139097846 ] ] } },
{ "type": "Feature", "properties": { "road_id": "NAP-ROAD-309", "segment_id": "NAP-309-9155023801294838012853" }, "geometry": { "type": "LineString", "coordinates": [ [ -84.263035897857421, 42.158515439096846 ], [ -84.262850577983741, 42.158513437024723 ], [ -84.261720248017838, 42.158503232358868 ], [ -84.261602119488614, 42.158517030038034 ], [ -84.261530048199177, 42.158537805302458 ], [ -84.261494922007046, 42.15859044301552 ], [ -84.261487984093989, 42.158687323570881 ], [ -84.261473490812207, 42.160143159938301 ] ] } },
{ "type": "Feature", "properties": { "road_id": "NAP-ROAD-310", "segment_id": "NAP-310-9012033801294838012854" }, "geometry": { "type": "LineString", "coordinates": [ [ -84.263035897857421, 42.158515439096846 ], [ -84.263072258831272, 42.160160846181299 ] ] } },
{ "type": "Feature", "properties": { "road_id": "NAP-ROAD-311", "segment_id": "NAP-311-9160093801230738012226" }, "geometry": { "type": "LineString", "coordinates": [ [ -84.27355805987257, 42.173654684559196 ], [ -84.276419064441413, 42.174846025798352 ], [ -84.27653054570645, 42.174888899003903 ], [ -84.276603032920832, 42.174934216604285 ], [ -84.276656662321415, 42.174994480616078 ], [ -84.2766748384837, 42.17507705601232 ], [ -84.276665927073452, 42.175642398589218 ], [ -84.276655530469867, 42.175804763353554 ], [ -84.276666541576546, 42.17589925750876 ], [ -84.276696280712585, 42.175951958333144 ], [ -84.276734387866668, 42.175984473129432 ], [ -84.276784724023287, 42.17599831292376 ], [ -84.27777528719821, 42.176012491566716 ] ] } },
{ "type": "Feature", "properties": { "road_id": "NAP-ROAD-312", "segment_id": "NAP-312-9156013801233238012298" }, "geometry": { "type": "LineString", "coordinates": [ [ -84.237776877377314, 42.172786134488355 ], [ -84.23808157528731, 42.172961331116248 ], [ -84.238262224861884, 42.173080883889142 ], [ -84.238403522890039, 42.173211944536007 ], [ -84.238514292144885, 42.173451916796267 ], [ -84.238508671293033, 42.173639870729168 ] ] } },
{ "type": "Feature", "properties": { "road_id": "NAP-ROAD-313", "segment_id": "NAP-313-33810453801823838018240" }, "geometry": { "type": "LineString", "coordinates": [ [ -84.280333033825414, 42.173323107196438 ], [ -84.279284585084028, 42.173317531589511 ], [ -84.279014044978197, 42.173318642576682 ], [ -84.278849202636948, 42.173358455463976 ], [ -84.278697852076206, 42.173424953242282 ], [ -84.278566811316082, 42.173528831651026 ], [ -84.278529013444427, 42.173607676113555 ], [ -84.278480992130753, 42.173797564036391 ], [ -84.27845418006163, 42.174247249969213 ] ] } },
{ "type": "Feature", "properties": { "road_id": "NAP-ROAD-314", "segment_id": "NAP-314-19209043801823838016858" }, "geometry": { "type": "LineString", "coordinates": [ [ -84.280333033825414, 42.173323107196438 ], [ -84.280340069013249, 42.174097835471912 ] ] } },
{ "type": "Feature", "properties": { "road_id": "NAP-ROAD-315", "segment_id": "NAP-315-9161053801233738012332" }, "geometry": { "type": "LineString", "coordinates": [ [ -84.240302545099141, 42.172614213240223 ], [ -84.23800599705109, 42.172678513548917 ], [ -84.237896434144488, 42.172706341760694 ], [ -84.237776877377314, 42.172786134488355 ] ] } },
{ "type": "Feature", "properties": { "road_id": "NAP-ROAD-316", "segment_id": "NAP-316-9161063801233738012300" }, "geometry": { "type": "LineString", "coordinates": [ [ -84.240302545099141, 42.172614213240223 ], [ -84.240341918564425, 42.173605589414159 ] ] } },
{ "type": "Feature", "properties": { "road_id": "NAP-ROAD-317", "segment_id": "NAP-317-9156013801234838012332" }, "geometry": { "type": "LineString", "coordinates": [ [ -84.237317259820671, 42.172420111069869 ], [ -84.237416903621096, 42.172578945991262 ], [ -84.237481804550498, 42.172649989594447 ], [ -84.237555914079323, 42.172691616844794 ], [ -84.237659248587875, 42.172735262371774 ], [ -84.237776877377314, 42.172786134488355 ] ] } },
{ "type": "Feature", "properties": { "road_id": "NAP-ROAD-318", "segment_id": "NAP-318-9012023801233638012307" }, "geometry": { "type": "LineString", "coordinates": [ [ -84.27381208987137, 42.172984556670528 ], [ -84.273583311241154, 42.173357605261572 ], [ -84.273562653408376, 42.173430474015923 ], [ -84.273565364283115, 42.173523487659423 ], [ -84.27355805987257, 42.173654684559196 ] ] } },
{ "type": "Feature", "properties": { "road_id": "NAP-ROAD-319", "segment_id": "NAP-319-8993103801227538012336" }, "geometry": { "type": "LineString", "coordinates": [ [ -84.277778839779089, 42.174703648482627 ], [ -84.27381208987137, 42.172984556670528 ] ] } },
{ "type": "Feature", "properties": { "road_id": "NAP-ROAD-320", "segment_id": "NAP-320-33800023801234938012297" }, "geometry": { "type": "LineString", "coordinates": [ [ -84.326138606317215, 42.173560343730998 ], [ -84.326014728114671, 42.173808576840308 ], [ -84.325946395292988, 42.17408670495842 ], [ -84.325904324951154, 42.174305177811505 ], [ -84.325900342691824, 42.17496046218605 ] ] } },
{ "type": "Feature", "properties": { "road_id": "NAP-ROAD-321", "segment_id": "NAP-321-9011033802174638012260" }, "geometry": { "type": "LineString", "coordinates": [ [ -84.348877293826249, 42.17386642344087 ], [ -84.348905520671181, 42.173972707856613 ], [ -84.348913344693656, 42.174151097794734 ], [ -84.348891283277993, 42.174268054733872 ], [ -84.348855321763722, 42.174362772941329 ], [ -84.348643721848774, 42.174679567053218 ], [ -84.348174242232801, 42.17531489490689 ], [ -84.347978083092457, 42.175632167768114 ], [ -84.347647720431141, 42.176210331734119 ] ] } },
{ "type": "Feature", "properties": { "road_id": "NAP-ROAD-322", "segment_id": "NAP-322-9011103801236338012270" }, "geometry": { "type": "LineString", "coordinates": [ [ -84.287647393252115, 42.172443716241546 ], [ -84.287517936231566, 42.172638936446425 ], [ -84.287425014851777, 42.172809076751605 ], [ -84.287378997711826, 42.173000123085046 ], [ -84.287443575171082, 42.174868652504358 ] ] } },
{ "type": "Feature", "properties": { "road_id": "NAP-ROAD-323", "segment_id": "NAP-323-8993103801233638012369" }, "geometry": { "type": "LineString", "coordinates": [ [ -84.27381208987137, 42.172984556670528 ], [ -84.271923399714154, 42.172158963748601 ] ] } },
{ "type": "Feature", "properties": { "road_id": "NAP-ROAD-324", "segment_id": "NAP-324-9154013801237138018542" }, "geometry": { "type": "LineString", "coordinates": [ [ -84.245410824867363, 42.171713380176222 ], [ -84.245357800178965, 42.174346875221147 ], [ -84.245349329184762, 42.174449883537228 ] ] } },
{ "type": "Feature", "properties": { "road_id": "NAP-ROAD-325", "segment_id": "NAP-325-9161053801237438012337" }, "geometry": { "type": "LineString", "coordinates": [ [ -84.24264298355331, 42.171621129353767 ], [ -84.242597839884411, 42.172423825733794 ], [ -84.242587222728915, 42.172469807388659 ], [ -84.242561233353541, 42.172510932278108 ], [ -84.242513671727039, 42.172547100720152 ], [ -84.2424507390445, 42.172578412382478 ], [ -84.242347892255566, 42.172595247952458 ], [ -84.242208299596157, 42.17259535208759 ], [ -84.240302545099141, 42.172614213240223 ] ] } },
{ "type": "Feature", "properties": { "road_id": "NAP-ROAD-326", "segment_id": "NAP-326-9154053801237238012374" }, "geometry": { "type": "LineString", "coordinates": [ [ -84.243881149185015, 42.171632193281773 ], [ -84.24264298355331, 42.171621129353767 ] ] } },
{ "type": "Feature", "properties": { "road_id": "NAP-ROAD-327", "segment_id": "NAP-327-9161073801237238012304" }, "geometry": { "type": "LineString", "coordinates": [ [ -84.243881149185015, 42.171632193281773 ], [ -84.243830775867835, 42.173065376897718 ], [ -84.243831602310706, 42.17320401957906 ], [ -84.243815408021931, 42.173353057038504 ], [ -84.243793971992588, 42.173434474801532 ], [ -84.243742148732565, 42.173492308430347 ], [ -84.243657648787888, 42.173522967046537 ], [ -84.243511409754191, 42.173540210063351 ], [ -84.243009375563048, 42.173550061315375 ], [ -84.24125384000827, 42.173586726225288 ] ] } },
{ "type": "Feature", "properties": { "road_id": "NAP-ROAD-328", "segment_id": "NAP-328-9154053801237138012372" }, "geometry": { "type": "LineString", "coordinates": [ [ -84.245410824867363, 42.171713380176222 ], [ -84.243881149185015, 42.171632193281773 ] ] } },
{ "type": "Feature", "properties": { "road_id": "NAP-ROAD-329", "segment_id": "NAP-329-33806633801683838012348" }, "geometry": { "type": "LineString", "coordinates": [ [ -84.236453579040344, 42.17132105084152 ], [ -84.236348084484291, 42.171342695541263 ], [ -84.236298688099353, 42.171380421482894 ], [ -84.236231382763819, 42.171440970360685 ], [ -84.236205178592215, 42.171512438999585 ], [ -84.236180734578198, 42.171642983121316 ], [ -84.236159224836456, 42.171791544650397 ], [ -84.236156727165991, 42.171878792338163 ], [ -84.2361721397411, 42.171943218000692 ], [ -84.236222708047606, 42.171985095709871 ], [ -84.236283920940636, 42.172016872387559 ], [ -84.236362455238449, 42.172046356887286 ], [ -84.236496256674187, 42.172074148365247 ], [ -84.236701914645977, 42.172123616881045 ], [ -84.236896708237296, 42.172190883016881 ], [ -84.237118146417643, 42.172291946020067 ], [ -84.237317259820671, 42.172420111069869 ] ] } },
{ "type": "Feature", "properties": { "road_id": "NAP-ROAD-330", "segment_id": "NAP-330-9156013801683838012348" }, "geometry": { "type": "LineString", "coordinates": [ [ -84.236453579040344, 42.17132105084152 ], [ -84.236879545310572, 42.171343410198041 ], [ -84.237061788147869, 42.171366834187054 ], [ -84.237195735276316, 42.171389493269629 ], [ -84.237291370156115, 42.171424381787212 ], [ -84.237330416024136, 42.17150715235335 ], [ -84.23733731498497, 42.171627924153576 ], [ -84.237331074846836, 42.171846043891186 ], [ -84.237318668526839, 42.172159054539357 ], [ -84.237317259820671, 42.172420111069869 ] ] } },
{ "type": "Feature", "properties": { "road_id": "NAP-ROAD-331", "segment_id": "NAP-331-9161063801239338012337" }, "geometry": { "type": "LineString", "coordinates": [ [ -84.241268827775613, 42.171243813986557 ], [ -84.241133977682097, 42.171307511004208 ], [ -84.240926097003495, 42.171341977468721 ], [ -84.24071489376928, 42.171356064442087 ], [ -84.240526025440573, 42.171408253809872 ], [ -84.240422749919802, 42.171470507662129 ], [ -84.240342307731709, 42.171553449818312 ], [ -84.240288431967315, 42.171662947061122 ], [ -84.240270087200983, 42.171758486977303 ], [ -84.240302545099141, 42.172614213240223 ] ] } },
{ "type": "Feature", "properties": { "road_id": "NAP-ROAD-332", "segment_id": "NAP-332-9154053801237438012393" }, "geometry": { "type": "LineString", "coordinates": [ [ -84.24264298355331, 42.171621129353767 ], [ -84.241878938259617, 42.171603860697488 ], [ -84.241703349235621, 42.171601087791707 ], [ -84.241590440525542, 42.171590593445266 ], [ -84.241489652466385, 42.17156576974768 ], [ -84.241428463500057, 42.171521244830245 ], [ -84.241405963451541, 42.171488946457103 ], [ -84.241268827775613, 42.171243813986557 ] ] } },
{ "type": "Feature", "properties": { "road_id": "NAP-ROAD-333", "segment_id": "NAP-333-19209043801685938018238" }, "geometry": { "type": "LineString", "coordinates": [ [ -84.281050877525715, 42.171653797246172 ], [ -84.280458952794177, 42.171656962403738 ], [ -84.280394361607847, 42.171681302797118 ], [ -84.280340427335446, 42.171717861923987 ], [ -84.280314979881865, 42.171776509260184 ], [ -84.280302698245265, 42.171837327504825 ], [ -84.280328389580035, 42.172811890705113 ], [ -84.280333033825414, 42.173323107196438 ] ] } },
{ "type": "Feature", "properties": { "road_id": "NAP-ROAD-334", "segment_id": "NAP-334-19209073801686138016859" }, "geometry": { "type": "LineString", "coordinates": [ [ -84.282766215890746, 42.171654128230642 ], [ -84.281050877525715, 42.171653797246172 ] ] } },
{ "type": "Feature", "properties": { "road_id": "NAP-ROAD-335", "segment_id": "NAP-335-19209293801686138012315" }, "geometry": { "type": "LineString", "coordinates": [ [ -84.282766215890746, 42.171654128230642 ], [ -84.282786183892284, 42.173876885432499 ] ] } },
{ "type": "Feature", "properties": { "road_id": "NAP-ROAD-336", "segment_id": "NAP-336-19209073801239538016861" }, "geometry": { "type": "LineString", "coordinates": [ [ -84.284440142267201, 42.171661941226972 ], [ -84.282766215890746, 42.171654128230642 ] ] } },
{ "type": "Feature", "properties": { "road_id": "NAP-ROAD-337", "segment_id": "NAP-337-19209083801239538012363" }, "geometry": { "type": "LineString", "coordinates": [ [ -84.284440142267201, 42.171661941226972 ], [ -84.284453035308744, 42.172277704362955 ], [ -84.284476386844631, 42.172325821187123 ], [ -84.284514957991675, 42.172359478296592 ], [ -84.284573273384211, 42.172393440725486 ], [ -84.284649326550522, 42.172411144523693 ], [ -84.284760242436022, 42.172418364969325 ], [ -84.284930599299585, 42.172419154448455 ], [ -84.285318310763927, 42.172417783400292 ], [ -84.287051205868906, 42.172393390031367 ], [ -84.287448401084632, 42.172412494093486 ], [ -84.287647393252115, 42.172443716241546 ] ] } },
{ "type": "Feature", "properties": { "road_id": "NAP-ROAD-338", "segment_id": "NAP-338-9161123801216638018231" }, "geometry": { "type": "LineString", "coordinates": [ [ -84.27393375626491, 42.177050248288616 ], [ -84.276572485517221, 42.177064216849629 ] ] } },
{ "type": "Feature", "properties": { "road_id": "NAP-ROAD-339", "segment_id": "NAP-339-9161123801823138012168" }, "geometry": { "type": "LineString", "coordinates": [ [ -84.276572485517221, 42.177064216849629 ], [ -84.276732626557234, 42.17705815608678 ] ] } },
{ "type": "Feature", "properties": { "road_id": "NAP-ROAD-340", "segment_id": "NAP-340-33800023801218538025413" }, "geometry": { "type": "LineString", "coordinates": [ [ -84.325963963176832, 42.177765806058673 ], [ -84.326094403293936, 42.183881766186282 ], [ -84.326227165079359, 42.187665377698757 ], [ -84.326240303131584, 42.189432037605037 ], [ -84.32628751610406, 42.192214837142103 ], [ -84.326320263079708, 42.193414120000355 ] ] } },
{ "type": "Feature", "properties": { "road_id": "NAP-ROAD-341", "segment_id": "NAP-341-9011033802174738012077" }, "geometry": { "type": "LineString", "coordinates": [ [ -84.346450004253128, 42.178053230366011 ], [ -84.346046345211732, 42.178712990914718 ], [ -84.345410724828639, 42.179842480792892 ], [ -84.345303549764679, 42.180149327199615 ], [ -84.345301948003822, 42.180350214581559 ], [ -84.345328478933183, 42.180859570746144 ] ] } },
{ "type": "Feature", "properties": { "road_id": "NAP-ROAD-342", "segment_id": "NAP-342-9155193801218538012202" }, "geometry": { "type": "LineString", "coordinates": [ [ -84.325963963176832, 42.177765806058673 ], [ -84.326240896821133, 42.177708801359032 ], [ -84.327704366017585, 42.17745355163445 ], [ -84.328767199580682, 42.177305696880524 ], [ -84.329393684397061, 42.177224951897614 ] ] } },
{ "type": "Feature", "properties": { "road_id": "NAP-ROAD-343", "segment_id": "NAP-343-33814623801220238020328" }, "geometry": { "type": "LineString", "coordinates": [ [ -84.329393684397061, 42.177224951897614 ], [ -84.329835648871764, 42.177596716045962 ], [ -84.33010380882267, 42.177876009182555 ], [ -84.330301778424285, 42.178067890252933 ], [ -84.330629434981944, 42.178294101974835 ], [ -84.330984642273677, 42.178574699934522 ], [ -84.331296479633068, 42.178849248957391 ], [ -84.331629346584293, 42.179151098560311 ], [ -84.331883745593984, 42.179403194831885 ], [ -84.33203153532348, 42.179572729809038 ], [ -84.332159028821025, 42.179687987412287 ], [ -84.332569647621966, 42.180066564046236 ], [ -84.332914841867321, 42.180449554903099 ], [ -84.333019992294737, 42.180586065511037 ], [ -84.333129326782299, 42.1808359826939 ] ] } },
{ "type": "Feature", "properties": { "road_id": "NAP-ROAD-344", "segment_id": "NAP-344-9012023801222338012166" }, "geometry": { "type": "LineString", "coordinates": [ [ -84.273581707474762, 42.176194946305195 ], [ -84.273561314540146, 42.176538777593258 ], [ -84.273596224820366, 42.176759466933476 ], [ -84.273627193208739, 42.176822156284622 ], [ -84.273697839904486, 42.176896279261456 ], [ -84.273793930520128, 42.176970796869206 ], [ -84.27393375626491, 42.177050248288616 ] ] } },
{ "type": "Feature", "properties": { "road_id": "NAP-ROAD-345", "segment_id": "NAP-345-9012013801222638012127" }, "geometry": { "type": "LineString", "coordinates": [ [ -84.27777528719821, 42.176012491566716 ], [ -84.277790307545288, 42.177913356807892 ] ] } },
{ "type": "Feature", "properties": { "road_id": "NAP-ROAD-346", "segment_id": "NAP-346-9154063801223138012214" }, "geometry": { "type": "LineString", "coordinates": [ [ -84.220995807752985, 42.174959772873436 ], [ -84.215991950563748, 42.175032952058253 ], [ -84.213504264181537, 42.17509252390203 ], [ -84.21121231425002, 42.175147360368612 ] ] } },
{ "type": "Feature", "properties": { "road_id": "NAP-ROAD-347", "segment_id": "NAP-347-9181093801223138011753" }, "geometry": { "type": "LineString", "coordinates": [ [ -84.220995807752985, 42.174959772873436 ], [ -84.220850355285435, 42.180326830976746 ], [ -84.220727044329891, 42.184196199094842 ], [ -84.220657607756863, 42.185890608416571 ], [ -84.22068943204772, 42.186402331816623 ], [ -84.220753427498096, 42.186821070302074 ], [ -84.220849811175555, 42.187112639342089 ] ] } },
{ "type": "Feature", "properties": { "road_id": "NAP-ROAD-348", "segment_id": "NAP-348-8991063802178138012228" }, "geometry": { "type": "LineString", "coordinates": [ [ -84.355619664181148, 42.178488889267712 ], [ -84.355592645956804, 42.178481727040229 ], [ -84.350157597392197, 42.176902263721189 ] ] } },
{ "type": "Feature", "properties": { "road_id": "NAP-ROAD-349", "segment_id": "NAP-349-9012033801223938011865" }, "geometry": { "type": "LineString", "coordinates": [ [ -84.263294271932523, 42.175376344944176 ], [ -84.263340274647518, 42.179308885564012 ], [ -84.263379261232501, 42.18002518403356 ], [ -84.263405873960721, 42.180164117232088 ], [ -84.263442537750649, 42.180271415812747 ], [ -84.263545698353383, 42.180402460934779 ], [ -84.263687829104811, 42.180559091334402 ], [ -84.263967971175575, 42.180801894177861 ], [ -84.264344824350687, 42.18112422755091 ], [ -84.265343627173138, 42.181996086814266 ], [ -84.265811707833748, 42.182403252285688 ], [ -84.26686939743449, 42.18332326905675 ], [ -84.267154821240325, 42.183642215961093 ], [ -84.267391413018714, 42.183986100115746 ], [ -84.268280932824908, 42.185113008375922 ] ] } },
{ "type": "Feature", "properties": { "road_id": "NAP-ROAD-350", "segment_id": "NAP-350-9154063801224338012231" }, "geometry": { "type": "LineString", "coordinates": [ [ -84.230778713322906, 42.174763289153432 ], [ -84.224878255668258, 42.174881895707571 ], [ -84.220995807752985, 42.174959772873436 ] ] } },
{ "type": "Feature", "properties": { "road_id": "NAP-ROAD-351", "segment_id": "NAP-351-9154093801224338018241" }, "geometry": { "type": "LineString", "coordinates": [ [ -84.230778713322906, 42.174763289153432 ], [ -84.23055045996729, 42.182648120274017 ] ] } },
{ "type": "Feature", "properties": { "road_id": "NAP-ROAD-352", "segment_id": "NAP-352-9155013801290638012892" }, "geometry": { "type": "LineString", "coordinates": [ [ -84.352682034340916, 42.160530981643319 ], [ -84.350173078832199, 42.160541587810016 ], [ -84.346231411074228, 42.160530158983661 ], [ -84.346020846813161, 42.160503987195312 ], [ -84.345820715436957, 42.160424257094967 ], [ -84.345692308974932, 42.160350275206781 ], [ -84.345554145638275, 42.160223482298868 ], [ -84.345258608700846, 42.159853189557161 ], [ -84.345174594762938, 42.159790956367587 ], [ -84.345090431895045, 42.159734264547886 ], [ -84.344968879171276, 42.159682559398085 ], [ -84.344835706162115, 42.159647312878583 ], [ -84.344524598461248, 42.159578924300462 ], [ -84.342993977301646, 42.159312879455079 ], [ -84.342727116975794, 42.159284892720216 ], [ -84.340845206727721, 42.159210486106502 ], [ -84.340643636329261, 42.159213927936207 ], [ -84.340483551247431, 42.159241804911474 ], [ -84.340343254040306, 42.159290155627097 ], [ -84.340175031835159, 42.159368355788821 ], [ -84.339098705082748, 42.160117956516594 ], [ -84.338892427743957, 42.16027268294598 ], [ -84.338739801353526, 42.160367171342706 ], [ -84.33860422172458, 42.160423206960097 ], [ -84.338507327757611, 42.160454511318179 ], [ -84.338412635276072, 42.160478404115587 ], [ -84.338308183426534, 42.16049321834894 ], [ -84.338014034148941, 42.160493285842627 ], [ -84.337072773356965, 42.160488204130701 ], [ -84.336991804545576, 42.160487766311398 ], [ -84.335285258972746, 42.160478530875963 ] ] } },
{ "type": "Feature", "properties": { "road_id": "NAP-ROAD-353", "segment_id": "NAP-353-9012033801296938012948" }, "geometry": { "type": "LineString", "coordinates": [ [ -84.263023617529868, 42.157912718881235 ], [ -84.263035897857421, 42.158515439096846 ] ] } },
{ "type": "Feature", "properties": { "road_id": "NAP-ROAD-354", "segment_id": "NAP-354-9182033801298738012851" }, "geometry": { "type": "LineString", "coordinates": [ [ -84.260499907542481, 42.157629143107769 ], [ -84.25980757686149, 42.158066423374741 ], [ -84.255599757099773, 42.160093593768288 ] ] } },
{ "type": "Feature", "properties": { "road_id": "NAP-ROAD-355", "segment_id": "NAP-355-33806653801284938013007" }, "geometry": { "type": "LineString", "coordinates": [ [ -84.27095590408328, 42.160256294744947 ], [ -84.270966142318002, 42.16011591505891 ], [ -84.270967916986635, 42.160052700225094 ], [ -84.27094101183927, 42.159895992155278 ], [ -84.270866097277164, 42.159629145605855 ], [ -84.270822095882664, 42.159415666731164 ], [ -84.270812531982358, 42.159307771571704 ], [ -84.270794068933327, 42.15896640485569 ], [ -84.27074624658772, 42.158529092060405 ], [ -84.270722380885033, 42.157743638010231 ], [ -84.270728652501234, 42.157573776154564 ], [ -84.270725997136751, 42.157507763798321 ], [ -84.270742996263863, 42.1574375833722 ] ] } },
{ "type": "Feature", "properties": { "road_id": "NAP-ROAD-356", "segment_id": "NAP-356-33806653801300738013019" }, "geometry": { "type": "LineString", "coordinates": [ [ -84.270742996263863, 42.1574375833722 ], [ -84.270781679496508, 42.157397931569257 ], [ -84.270804838495906, 42.157375928213916 ], [ -84.270852284183135, 42.157345357001297 ], [ -84.270891810226843, 42.157329199509952 ], [ -84.270940318431443, 42.157314298640486 ], [ -84.27100976199533, 42.157303078727466 ], [ -84.271376628850234, 42.157296479507231 ], [ -84.271487693479727, 42.157301559854083 ], [ -84.271575850374745, 42.157319701285353 ], [ -84.271710571960838, 42.157338566926583 ], [ -84.271782675370105, 42.157339687008339 ], [ -84.271836877160879, 42.157336056309134 ], [ -84.27205634993669, 42.157280202775922 ] ] } },
{ "type": "Feature", "properties": { "road_id": "NAP-ROAD-357", "segment_id": "NAP-357-33813623802011038020096" }, "geometry": { "type": "LineString", "coordinates": [ [ -84.252542462271705, 42.156663605979297 ], [ -84.252530244837686, 42.15691290244596 ] ] } },
{ "type": "Feature", "properties": { "road_id": "NAP-ROAD-358", "segment_id": "NAP-358-9181093801303638012789" }, "geometry": { "type": "LineString", "coordinates": [ [ -84.220544115441584, 42.155568063577604 ], [ -84.220576441468737, 42.156180635526148 ], [ -84.220677024165511, 42.160503193774929 ] ] } },
{ "type": "Feature", "properties": { "road_id": "NAP-ROAD-359", "segment_id": "NAP-359-9012053801291438013036" }, "geometry": { "type": "LineString", "coordinates": [ [ -84.228183973935302, 42.158516669235432 ], [ -84.227389937664597, 42.158298021625882 ], [ -84.227094674593005, 42.158221037238903 ], [ -84.226774388235839, 42.158105298147014 ], [ -84.225783983667867, 42.157749349201204 ], [ -84.22334388596758, 42.156887655083601 ], [ -84.222446434427113, 42.156528850167412 ], [ -84.221143490579891, 42.155904497008279 ], [ -84.220544115441584, 42.155568063577604 ] ] } },
{ "type": "Feature", "properties": { "road_id": "NAP-ROAD-360", "segment_id": "NAP-360-33813623802009938020110" }, "geometry": { "type": "LineString", "coordinates": [ [ -84.252575905007575, 42.155981179892876 ], [ -84.252542462271705, 42.156663605979297 ] ] } },
{ "type": "Feature", "properties": { "road_id": "NAP-ROAD-361", "segment_id": "NAP-361-33813633802009938020098" }, "geometry": { "type": "LineString", "coordinates": [ [ -84.252575905007575, 42.155981179892876 ], [ -84.253610680305854, 42.156011025893825 ], [ -84.253720757896147, 42.156009341786053 ], [ -84.253828068489199, 42.155997381488838 ] ] } },
{ "type": "Feature", "properties": { "road_id": "NAP-ROAD-362", "segment_id": "NAP-362-9182033801304538012987" }, "geometry": { "type": "LineString", "coordinates": [ [ -84.263024427413626, 42.156041001270225 ], [ -84.260499907542481, 42.157629143107769 ] ] } },
{ "type": "Feature", "properties": { "road_id": "NAP-ROAD-363", "segment_id": "NAP-363-9012033801304538012969" }, "geometry": { "type": "LineString", "coordinates": [ [ -84.263024427413626, 42.156041001270225 ], [ -84.26305822279987, 42.156210352585795 ], [ -84.263067904967684, 42.156530837963956 ], [ -84.263023617529868, 42.157912718881235 ] ] } },
{ "type": "Feature", "properties": { "road_id": "NAP-ROAD-364", "segment_id": "NAP-364-33813653802010938020103" }, "geometry": { "type": "LineString", "coordinates": [ [ -84.256918057444153, 42.155928843342409 ], [ -84.25693128107531, 42.15616401337158 ] ] } },
{ "type": "Feature", "properties": { "road_id": "NAP-ROAD-365", "segment_id": "NAP-365-9154013801251038012426" }, "geometry": { "type": "LineString", "coordinates": [ [ -84.245553741263535, 42.168039541608238 ], [ -84.245462831003977, 42.170424905157006 ] ] } },
{ "type": "Feature", "properties": { "road_id": "NAP-ROAD-366", "segment_id": "NAP-366-9012073801250938012510" }, "geometry": { "type": "LineString", "coordinates": [ [ -84.247007893120355, 42.168079232658506 ], [ -84.245553741263535, 42.168039541608238 ] ] } },
{ "type": "Feature", "properties": { "road_id": "NAP-ROAD-367", "segment_id": "NAP-367-19209043801686638016863" }, "geometry": { "type": "LineString", "coordinates": [ [ -84.280968464191801, 42.168412014331516 ], [ -84.28098784741789, 42.169544388450205 ] ] } },
{ "type": "Feature", "properties": { "road_id": "NAP-ROAD-368", "segment_id": "NAP-368-19209053801686738016866" }, "geometry": { "type": "LineString", "coordinates": [ [ -84.286015930464501, 42.169561868271309 ], [ -84.286096514679983, 42.169562554877864 ], [ -84.286168876614255, 42.169548057338396 ], [ -84.28623299100208, 42.169506666254556 ], [ -84.28626488514324, 42.169438015053366 ], [ -84.286263276562778, 42.168418692402561 ], [ -84.28622262339853, 42.168371227321401 ], [ -84.286163429888603, 42.168343550759644 ], [ -84.286083010601644, 42.168324468101879 ], [ -84.285957140237656, 42.168322528802896 ], [ -84.285813165113595, 42.168324771317955 ], [ -84.281164250233104, 42.168323860453008 ], [ -84.281084116140633, 42.168332956765852 ], [ -84.281024235102677, 42.168363035589174 ], [ -84.280968464191801, 42.168412014331516 ] ] } },
{ "type": "Feature", "properties": { "road_id": "NAP-ROAD-369", "segment_id": "NAP-369-18437113801236938012523" }, "geometry": { "type": "LineString", "coordinates": [ [ -84.271923399714154, 42.172158963748601 ], [ -84.272065226436467, 42.171847473508407 ], [ -84.272092838485264, 42.171579041546082 ], [ -84.272077491203746, 42.171316884345757 ], [ -84.27200396293803, 42.171146018810418 ], [ -84.271869877283791, 42.170948881280417 ], [ -84.271365081089201, 42.170371071893562 ], [ -84.271248585293421, 42.170153941592133 ], [ -84.271182507897876, 42.169960391929848 ], [ -84.271151038148972, 42.169747114690132 ], [ -84.27114324304965, 42.16956397789334 ], [ -84.271134195190328, 42.169180729672661 ], [ -84.271119699569169, 42.168850442531514 ], [ -84.271094555250173, 42.168617240610978 ], [ -84.271021232605705, 42.168406865882531 ], [ -84.270896020937045, 42.168210419779882 ], [ -84.270746474560838, 42.168034223609403 ], [ -84.270614822398883, 42.167926086079994 ], [ -84.270136160965777, 42.167632123992107 ] ] } },
{ "type": "Feature", "properties": { "road_id": "NAP-ROAD-370", "segment_id": "NAP-370-9012073801253538012508" }, "geometry": { "type": "LineString", "coordinates": [ [ -84.248531764382463, 42.167288931719803 ], [ -84.248535022328298, 42.167958339832609 ], [ -84.248527217824119, 42.168031898668211 ], [ -84.248490894343192, 42.168103591751262 ] ] } },
{ "type": "Feature", "properties": { "road_id": "NAP-ROAD-371", "segment_id": "NAP-371-9161133801253538012538" }, "geometry": { "type": "LineString", "coordinates": [ [ -84.248531764382463, 42.167288931719803 ], [ -84.251743265686954, 42.167299991333834 ], [ -84.251817463837114, 42.167295200329264 ], [ -84.251871823393913, 42.167284140448537 ], [ -84.251955800952317, 42.167267142504016 ] ] } },
{ "type": "Feature", "properties": { "road_id": "NAP-ROAD-372", "segment_id": "NAP-372-9012043801253838012478" }, "geometry": { "type": "LineString", "coordinates": [ [ -84.251955800952317, 42.167267142504016 ], [ -84.251980581706761, 42.168914129868774 ] ] } },
{ "type": "Feature", "properties": { "road_id": "NAP-ROAD-373", "segment_id": "NAP-373-9161133801253838012539" }, "geometry": { "type": "LineString", "coordinates": [ [ -84.251955800952317, 42.167267142504016 ], [ -84.25329847710185, 42.167271628076527 ], [ -84.25337142882438, 42.167272054897367 ] ] } },
{ "type": "Feature", "properties": { "road_id": "NAP-ROAD-374", "segment_id": "NAP-374-18437113801252338021761" }, "geometry": { "type": "LineString", "coordinates": [ [ -84.270136160965777, 42.167632123992107 ], [ -84.269988131511809, 42.167502616392042 ], [ -84.269865781018922, 42.167323465465486 ], [ -84.269864723771448, 42.166911587296113 ], [ -84.269869932709355, 42.166835396224528 ], [ -84.269927865367222, 42.166753521763262 ], [ -84.270031778379234, 42.166710565732131 ], [ -84.270156543378675, 42.16668703692082 ], [ -84.270374700943179, 42.166690428165829 ], [ -84.270630390865122, 42.166728040466964 ], [ -84.270813236034797, 42.166770467522902 ], [ -84.270986284102889, 42.166857012768666 ], [ -84.271433734082237, 42.167172568730656 ], [ -84.271744704473122, 42.167424282354844 ], [ -84.271865058696491, 42.167570166527859 ], [ -84.27195546224462, 42.167797879535485 ], [ -84.272083293028459, 42.168170189447487 ], [ -84.272184923309098, 42.168490658196518 ], [ -84.272302395744717, 42.168739364464592 ], [ -84.272406795894483, 42.169001489173496 ], [ -84.272518627528285, 42.169286569829261 ], [ -84.272557298626296, 42.169433618176676 ], [ -84.272652801935351, 42.169557460394984 ] ] } },
{ "type": "Feature", "properties": { "road_id": "NAP-ROAD-375", "segment_id": "NAP-375-33813623802009738020101" }, "geometry": { "type": "LineString", "coordinates": [ [ -84.252657729343355, 42.154014394599919 ], [ -84.252613108950072, 42.155000943758438 ] ] } },
{ "type": "Feature", "properties": { "road_id": "NAP-ROAD-376", "segment_id": "NAP-376-33813653802009738020105" }, "geometry": { "type": "LineString", "coordinates": [ [ -84.252657729343355, 42.154014394599919 ], [ -84.254464359452385, 42.154063613735758 ], [ -84.254724212600976, 42.154072816173539 ], [ -84.254834302786435, 42.154078388433831 ], [ -84.25494119703815, 42.154092929703296 ], [ -84.255077534295623, 42.154127064647078 ], [ -84.255190160333186, 42.15416472108695 ], [ -84.255351938523248, 42.154233540652811 ], [ -84.255726764179883, 42.154392134567331 ], [ -84.255975575217903, 42.154499057363694 ], [ -84.256110974750399, 42.154568509180642 ], [ -84.256234182803752, 42.154645071111801 ], [ -84.256363538228584, 42.154735519316787 ] ] } },
{ "type": "Feature", "properties": { "road_id": "NAP-ROAD-377", "segment_id": "NAP-377-8993103801289738020102" }, "geometry": { "type": "LineString", "coordinates": [ [ -84.248395783698058, 42.15909829373237 ], [ -84.248371362767642, 42.156900579074225 ], [ -84.248351308824823, 42.155784323847662 ], [ -84.248337557553953, 42.154613201710909 ], [ -84.248323875483493, 42.153647320574805 ] ] } },
{ "type": "Feature", "properties": { "road_id": "NAP-ROAD-378", "segment_id": "NAP-378-33813653802010238020097" }, "geometry": { "type": "LineString", "coordinates": [ [ -84.248323875483493, 42.153647320574805 ], [ -84.248828179469811, 42.153638192318425 ], [ -84.248945441125258, 42.153647448634096 ], [ -84.249056434988262, 42.153666981233847 ], [ -84.249170905054598, 42.15370435467046 ], [ -84.249367653637648, 42.153790452615006 ], [ -84.249474370755351, 42.153820292544047 ], [ -84.249609299803311, 42.153838719199413 ], [ -84.249744607676462, 42.153843811962069 ], [ -84.250840110118048, 42.153846214280151 ], [ -84.251015070185801, 42.153857857221816 ], [ -84.251166271024061, 42.153881188817991 ], [ -84.251562038128881, 42.153956865215257 ], [ -84.251684853576066, 42.153981027542244 ], [ -84.251819951761533, 42.15399352488992 ], [ -84.251975170334347, 42.153998927789139 ], [ -84.252657729343355, 42.154014394599919 ] ] } },
{ "type": "Feature", "properties": { "road_id": "NAP-ROAD-379", "segment_id": "NAP-379-9011083801312638012870" }, "geometry": { "type": "LineString", "coordinates": [ [ -84.306634980773183, 42.154465833726448 ], [ -84.306583793262902, 42.159720009050098 ], [ -84.306501194201687, 42.16009731484062 ], [ -84.306396529848058, 42.160379192897175 ] ] } },
{ "type": "Feature", "properties": { "road_id": "NAP-ROAD-380", "segment_id": "NAP-380-9012103801315238012942" }, "geometry": { "type": "LineString", "coordinates": [ [ -84.246727192214706, 42.152928024661456 ], [ -84.24599261245919, 42.153678973335801 ], [ -84.245866183080992, 42.15389358247667 ], [ -84.245753572061318, 42.154273259298876 ], [ -84.245718294326494, 42.154439323418096 ], [ -84.245352183186981, 42.156457701410865 ], [ -84.245052424581814, 42.158298300280862 ] ] } },
{ "type": "Feature", "properties": { "road_id": "NAP-ROAD-381", "segment_id": "NAP-381-9182033801314738013045" }, "geometry": { "type": "LineString", "coordinates": [ [ -84.267904627862578, 42.153257774008694 ], [ -84.263024427413626, 42.156041001270225 ] ] } },
{ "type": "Feature", "properties": { "road_id": "NAP-ROAD-382", "segment_id": "NAP-382-9012053801303638013175" }, "geometry": { "type": "LineString", "coordinates": [ [ -84.220544115441584, 42.155568063577604 ], [ -84.22006828710802, 42.155262417416523 ], [ -84.217155164785808, 42.153384490964292 ], [ -84.216970446072523, 42.153277930836396 ], [ -84.216721275991063, 42.153160700906085 ], [ -84.216458674743365, 42.153060121018122 ], [ -84.215177442543506, 42.152690235097189 ], [ -84.210572517716912, 42.151422775942308 ] ] } },
{ "type": "Feature", "properties": { "road_id": "NAP-ROAD-383", "segment_id": "NAP-383-9181093801318938013079" }, "geometry": { "type": "LineString", "coordinates": [ [ -84.220463634144977, 42.151363341138754 ], [ -84.22052071580363, 42.154698788375171 ] ] } },
{ "type": "Feature", "properties": { "road_id": "NAP-ROAD-384", "segment_id": "NAP-384-9153103801315238013189" }, "geometry": { "type": "LineString", "coordinates": [ [ -84.246727192214706, 42.152928024661456 ], [ -84.246556031281941, 42.152907553556922 ], [ -84.246390878973486, 42.152892056745159 ], [ -84.244790590362129, 42.1528873120184 ], [ -84.238677374748846, 42.152994142928009 ], [ -84.235353023238375, 42.153052101088669 ], [ -84.233905742968446, 42.153068888411859 ], [ -84.231674945816366, 42.153050824400353 ], [ -84.225501619540921, 42.153033988885788 ], [ -84.225187311932643, 42.153002912712125 ], [ -84.224689149856289, 42.152912819027776 ], [ -84.223317269112997, 42.152629812009906 ], [ -84.222631375603072, 42.152486835985741 ], [ -84.222327012927749, 42.152376353910299 ], [ -84.222062991670882, 42.152234241373286 ], [ -84.221695834719199, 42.152037535287832 ], [ -84.220463634144977, 42.151363341138754 ] ] } },
{ "type": "Feature", "properties": { "road_id": "NAP-ROAD-385", "segment_id": "NAP-385-9012103801320038013152" }, "geometry": { "type": "LineString", "coordinates": [ [ -84.248291181246913, 42.151339166955161 ], [ -84.248242054433675, 42.151398661045633 ], [ -84.246727192214706, 42.152928024661456 ] ] } },
{ "type": "Feature", "properties": { "road_id": "NAP-ROAD-386", "segment_id": "NAP-386-8993103802010238013200" }, "geometry": { "type": "LineString", "coordinates": [ [ -84.248323875483493, 42.153647320574805 ], [ -84.248291181246913, 42.151339166955161 ] ] } },
{ "type": "Feature", "properties": { "road_id": "NAP-ROAD-387", "segment_id": "NAP-387-8993103801320038020333" }, "geometry": { "type": "LineString", "coordinates": [ [ -84.248291181246913, 42.151339166955161 ], [ -84.24827495440924, 42.149235938063391 ] ] } },
{ "type": "Feature", "properties": { "road_id": "NAP-ROAD-388", "segment_id": "NAP-388-9181093801824638012231" }, "geometry": { "type": "LineString", "coordinates": [ [ -84.221142602530804, 42.170273784589185 ], [ -84.221125551947495, 42.171387155851775 ], [ -84.220995807752985, 42.174959772873436 ] ] } },
{ "type": "Feature", "properties": { "road_id": "NAP-ROAD-389", "segment_id": "NAP-389-33810493801824638018248" }, "geometry": { "type": "LineString", "coordinates": [ [ -84.221142602530804, 42.170273784589185 ], [ -84.222271885374909, 42.17031584469408 ], [ -84.222926706651236, 42.170342026935344 ], [ -84.223454700948949, 42.170366182327747 ], [ -84.223898143526824, 42.170388986854093 ], [ -84.224320675206755, 42.170403590954194 ], [ -84.226228400272205, 42.170341022194407 ] ] } },
{ "type": "Feature", "properties": { "road_id": "NAP-ROAD-390", "segment_id": "NAP-390-19209083801240938012395" }, "geometry": { "type": "LineString", "coordinates": [ [ -84.284444012627063, 42.171135933375147 ], [ -84.284440142267201, 42.171661941226972 ] ] } },
{ "type": "Feature", "properties": { "road_id": "NAP-ROAD-391", "segment_id": "NAP-391-9161063801242238012393" }, "geometry": { "type": "LineString", "coordinates": [ [ -84.241286472607314, 42.170398062648978 ], [ -84.241268827775613, 42.171243813986557 ] ] } },
{ "type": "Feature", "properties": { "road_id": "NAP-ROAD-392", "segment_id": "NAP-392-9154043801242238012421" }, "geometry": { "type": "LineString", "coordinates": [ [ -84.241286472607314, 42.170398062648978 ], [ -84.240596090464408, 42.170378245454962 ] ] } },
{ "type": "Feature", "properties": { "road_id": "NAP-ROAD-393", "segment_id": "NAP-393-9154043801242338012422" }, "geometry": { "type": "LineString", "coordinates": [ [ -84.24266682610677, 42.170403223545676 ], [ -84.241286472607314, 42.170398062648978 ] ] } },
{ "type": "Feature", "properties": { "road_id": "NAP-ROAD-394", "segment_id": "NAP-394-9161053801242338012374" }, "geometry": { "type": "LineString", "coordinates": [ [ -84.24266682610677, 42.170403223545676 ], [ -84.24264298355331, 42.171621129353767 ] ] } },
{ "type": "Feature", "properties": { "road_id": "NAP-ROAD-395", "segment_id": "NAP-395-9154043801242638012423" }, "geometry": { "type": "LineString", "coordinates": [ [ -84.245462831003977, 42.170424905157006 ], [ -84.24266682610677, 42.170403223545676 ] ] } },
{ "type": "Feature", "properties": { "road_id": "NAP-ROAD-396", "segment_id": "NAP-396-9154013801242638012371" }, "geometry": { "type": "LineString", "coordinates": [ [ -84.245462831003977, 42.170424905157006 ], [ -84.245410824867363, 42.171713380176222 ] ] } },
{ "type": "Feature", "properties": { "road_id": "NAP-ROAD-397", "segment_id": "NAP-397-9011103801242538012363" }, "geometry": { "type": "LineString", "coordinates": [ [ -84.306611053558726, 42.171295753733389 ], [ -84.292129819229942, 42.171231987351518 ], [ -84.291241324314498, 42.171381153636936 ], [ -84.288717069581509, 42.171851090711698 ], [ -84.288100617057594, 42.172070511377939 ], [ -84.287932048276048, 42.172183252645098 ], [ -84.287762787698469, 42.17233016149428 ], [ -84.287647393252115, 42.172443716241546 ] ] } },
{ "type": "Feature", "properties": { "road_id": "NAP-ROAD-398", "segment_id": "NAP-398-9011083801242538012141" }, "geometry": { "type": "LineString", "coordinates": [ [ -84.306611053558726, 42.171295753733389 ], [ -84.306673321220842, 42.175008110166267 ], [ -84.306734231285532, 42.178410669804634 ] ] } },
{ "type": "Feature", "properties": { "road_id": "NAP-ROAD-399", "segment_id": "NAP-399-9011103801229638012425" }, "geometry": { "type": "LineString", "coordinates": [ [ -84.320856784329294, 42.174944382546684 ], [ -84.316445249786085, 42.173913579051813 ], [ -84.312053761142039, 42.172987193670082 ], [ -84.311811620933412, 42.172933924798109 ], [ -84.311659296100643, 42.172878204048317 ], [ -84.311545522906243, 42.172819253439251 ], [ -84.311465699218061, 42.172737928203112 ], [ -84.311424742107917, 42.172641934877461 ], [ -84.311385876835658, 42.172469674173975 ], [ -84.311391620442663, 42.171716562986731 ], [ -84.311379976440548, 42.171569846863854 ], [ -84.31135604783519, 42.171462908474993 ], [ -84.311308647392792, 42.171395579730017 ], [ -84.311222612880613, 42.171349312024937 ], [ -84.311122696318876, 42.171319485208244 ], [ -84.31077609293736, 42.17130589523746 ], [ -84.306611053558726, 42.171295753733389 ] ] } },
{ "type": "Feature", "properties": { "road_id": "NAP-ROAD-400", "segment_id": "NAP-400-19209083801686538012409" }, "geometry": { "type": "LineString", "coordinates": [ [ -84.284438205175761, 42.170874350012703 ], [ -84.284444012627063, 42.171135933375147 ] ] } },
{ "type": "Feature", "properties": { "road_id": "NAP-ROAD-401", "segment_id": "NAP-401-9181093801307938013036" }, "geometry": { "type": "LineString", "coordinates": [ [ -84.22052071580363, 42.154698788375171 ], [ -84.220544115441584, 42.155568063577604 ] ] } },
{ "type": "Feature", "properties": { "road_id": "NAP-ROAD-402", "segment_id": "NAP-402-33813623802010138020099" }, "geometry": { "type": "LineString", "coordinates": [ [ -84.252613108950072, 42.155000943758438 ], [ -84.252575905007575, 42.155981179892876 ] ] } },
{ "type": "Feature", "properties": { "road_id": "NAP-ROAD-403", "segment_id": "NAP-403-33813643802010138020108" }, "geometry": { "type": "LineString", "coordinates": [ [ -84.252613108950072, 42.155000943758438 ], [ -84.253304833042478, 42.155016571170336 ], [ -84.253369060984838, 42.155016529779893 ], [ -84.253428865515929, 42.155012159746093 ], [ -84.253493804175761, 42.154998961825996 ] ] } },
{ "type": "Feature", "properties": { "road_id": "NAP-ROAD-404", "segment_id": "NAP-404-33813643802010838020100" }, "geometry": { "type": "LineString", "coordinates": [ [ -84.253493804175761, 42.154998961825996 ], [ -84.253547210865378, 42.154982225450979 ], [ -84.253783163761156, 42.15487306703978 ] ] } },
{ "type": "Feature", "properties": { "road_id": "NAP-ROAD-405", "segment_id": "NAP-405-33813653802010538020109" }, "geometry": { "type": "LineString", "coordinates": [ [ -84.256363538228584, 42.154735519316787 ], [ -84.256611881203895, 42.154927264724421 ], [ -84.256712970864299, 42.155012273602871 ], [ -84.256814021214595, 42.155135265761452 ], [ -84.256863758783496, 42.155271330599241 ], [ -84.256888683777575, 42.155406486049806 ], [ -84.256918057444153, 42.155928843342409 ] ] } },
{ "type": "Feature", "properties": { "road_id": "NAP-ROAD-406", "segment_id": "NAP-406-9155013802544938020544" }, "geometry": { "type": "LineString", "coordinates": [ [ -84.272524265531672, 42.161744382600673 ], [ -84.272465865694741, 42.161681327086384 ], [ -84.272364121645452, 42.161531341539387 ], [ -84.27212948716506, 42.161242248700241 ] ] } },
{ "type": "Feature", "properties": { "road_id": "NAP-ROAD-407", "segment_id": "NAP-407-33813233802002838020029" }, "geometry": { "type": "LineString", "coordinates": [ [ -84.250636103327309, 42.160786774734525 ], [ -84.250705793439138, 42.161238785719718 ] ] } },
{ "type": "Feature", "properties": { "road_id": "NAP-ROAD-408", "segment_id": "NAP-408-9182023801938638012639" }, "geometry": { "type": "LineString", "coordinates": [ [ -84.354565745090397, 42.16237177205614 ], [ -84.354648656667621, 42.162554185230711 ], [ -84.354658995262, 42.162770196069609 ], [ -84.354677589153525, 42.163280134680249 ], [ -84.354750547487072, 42.163994920863516 ], [ -84.354797112873896, 42.164100796266943 ], [ -84.354875151105205, 42.164240086912464 ], [ -84.354973621655546, 42.164379679130278 ], [ -84.3551048532415, 42.16450454958855 ], [ -84.355242371211688, 42.164608987811498 ], [ -84.355325042030444, 42.164678894526809 ], [ -84.355425582121924, 42.164741212359935 ], [ -84.355548121952424, 42.164808925535255 ], [ -84.355669263953914, 42.16486521172979 ], [ -84.35582119163729, 42.164916885394454 ], [ -84.357671096599532, 42.165543991733159 ], [ -84.358339873006358, 42.165752541469232 ], [ -84.35849947497212, 42.16578596265424 ], [ -84.359059817257275, 42.165940452215622 ], [ -84.359582552430567, 42.166048480768417 ], [ -84.359791991073891, 42.166078775104722 ], [ -84.360187010416666, 42.166091406804021 ], [ -84.364281329023399, 42.16607620992248 ] ] } },
{ "type": "Feature", "properties": { "road_id": "NAP-ROAD-409", "segment_id": "NAP-409-33815253802054438020524" }, "geometry": { "type": "LineString", "coordinates": [ [ -84.27212948716506, 42.161242248700241 ], [ -84.272248572829398, 42.161185271569032 ], [ -84.272280772062913, 42.161171742848389 ], [ -84.272363450109182, 42.161165135371043 ], [ -84.272450717989983, 42.161162983476949 ], [ -84.273930154937673, 42.161163263375599 ], [ -84.274318139324933, 42.161146332332933 ], [ -84.274649515168889, 42.16115434008524 ], [ -84.275335391663162, 42.161170713001304 ], [ -84.275422528846548, 42.161188441888207 ] ] } },
{ "type": "Feature", "properties": { "road_id": "NAP-ROAD-410", "segment_id": "NAP-410-9012053801280638012810" }, "geometry": { "type": "LineString", "coordinates": [ [ -84.245874143005196, 42.160847110585493 ], [ -84.245589816044429, 42.160763350768889 ], [ -84.244670542705137, 42.160663758748292 ] ] } },
{ "type": "Feature", "properties": { "road_id": "NAP-ROAD-411", "segment_id": "NAP-411-33810043801275638012817" }, "geometry": { "type": "LineString", "coordinates": [ [ -84.277514960451015, 42.162337302192952 ], [ -84.277491950557462, 42.162008564203461 ], [ -84.277483124332008, 42.161317252992561 ], [ -84.277477774274502, 42.161238498337973 ], [ -84.277475177808626, 42.161196312518761 ], [ -84.277448221036366, 42.161168683575468 ], [ -84.277387470125419, 42.161149355044309 ], [ -84.277311466407284, 42.161145236030031 ], [ -84.277024102781553, 42.161169470304458 ] ] } },
{ "type": "Feature", "properties": { "road_id": "NAP-ROAD-412", "segment_id": "NAP-412-8993103801275138012825" }, "geometry": { "type": "LineString", "coordinates": [ [ -84.248432544510166, 42.161925701497722 ], [ -84.248427127019696, 42.160613809198558 ] ] } },
{ "type": "Feature", "properties": { "road_id": "NAP-ROAD-413", "segment_id": "NAP-413-9182033802002838012825" }, "geometry": { "type": "LineString", "coordinates": [ [ -84.250636103327309, 42.160786774734525 ], [ -84.250538229436941, 42.160793786242117 ], [ -84.250254688967189, 42.16079502959964 ], [ -84.249964542956036, 42.160784316912554 ], [ -84.248427127019696, 42.160613809198558 ] ] } },
{ "type": "Feature", "properties": { "road_id": "NAP-ROAD-414", "segment_id": "NAP-414-9154013801283538012806" }, "geometry": { "type": "LineString", "coordinates": [ [ -84.245905806143568, 42.160248888377204 ], [ -84.245874143005196, 42.160847110585493 ] ] } },
{ "type": "Feature", "properties": { "road_id": "NAP-ROAD-415", "segment_id": "NAP-415-33800263801282538012835" }, "geometry": { "type": "LineString", "coordinates": [ [ -84.248427127019696, 42.160613809198558 ], [ -84.245905806143568, 42.160248888377204 ] ] } },
{ "type": "Feature", "properties": { "road_id": "NAP-ROAD-416", "segment_id": "NAP-416-9012103801284338012810" }, "geometry": { "type": "LineString", "coordinates": [ [ -84.244765035673922, 42.160110139097846 ], [ -84.244670542705137, 42.160663758748292 ] ] } },
{ "type": "Feature", "properties": { "road_id": "NAP-ROAD-417", "segment_id": "NAP-417-33800263801283538012843" }, "geometry": { "type": "LineString", "coordinates": [ [ -84.245905806143568, 42.160248888377204 ], [ -84.244765035673922, 42.160110139097846 ] ] } },
{ "type": "Feature", "properties": { "road_id": "NAP-ROAD-418", "segment_id": "NAP-418-33800263801284338012858" }, "geometry": { "type": "LineString", "coordinates": [ [ -84.244765035673922, 42.160110139097846 ], [ -84.243547128560451, 42.159990419408352 ], [ -84.242646680400469, 42.159908213211224 ] ] } },
{ "type": "Feature", "properties": { "road_id": "NAP-ROAD-419", "segment_id": "NAP-419-8990063801342938013364" }, "geometry": { "type": "LineString", "coordinates": [ [ -84.34416939613557, 42.147020389848301 ], [ -84.342009782276932, 42.147178042890964 ], [ -84.341039383052902, 42.147282492259876 ], [ -84.340146354923931, 42.147400947799305 ], [ -84.336486987409202, 42.147865693415881 ], [ -84.326278216475259, 42.148080229656841 ] ] } },
{ "type": "Feature", "properties": { "road_id": "NAP-ROAD-420", "segment_id": "NAP-420-9182033801343938013434" }, "geometry": { "type": "LineString", "coordinates": [ [ -84.306638514059969, 42.146187663308837 ], [ -84.296236118951796, 42.146231941163045 ], [ -84.296118440994249, 42.146206790933029 ] ] } },
{ "type": "Feature", "properties": { "road_id": "NAP-ROAD-421", "segment_id": "NAP-421-9011083801343938013126" }, "geometry": { "type": "LineString", "coordinates": [ [ -84.306638514059969, 42.146187663308837 ], [ -84.306634980773183, 42.154465833726448 ] ] } },
{ "type": "Feature", "properties": { "road_id": "NAP-ROAD-422", "segment_id": "NAP-422-9182033802045438013439" }, "geometry": { "type": "LineString", "coordinates": [ [ -84.311231016298265, 42.146200753426953 ], [ -84.306638514059969, 42.146187663308837 ] ] } },
{ "type": "Feature", "properties": { "road_id": "NAP-ROAD-423", "segment_id": "NAP-423-9182033801344638020454" }, "geometry": { "type": "LineString", "coordinates": [ [ -84.316167829377406, 42.14621462083629 ], [ -84.313956005332358, 42.146208433822643 ], [ -84.311231016298265, 42.146200753426953 ] ] } },
{ "type": "Feature", "properties": { "road_id": "NAP-ROAD-424", "segment_id": "NAP-424-9178033801344638013361" }, "geometry": { "type": "LineString", "coordinates": [ [ -84.316167829377406, 42.14621462083629 ], [ -84.316172049555846, 42.147383482304321 ], [ -84.316203014936264, 42.147521136923928 ], [ -84.316259213578803, 42.147615433107447 ], [ -84.316323803294253, 42.147695938553461 ], [ -84.31641526389771, 42.147770887490523 ], [ -84.316539532062464, 42.147818497634923 ], [ -84.316595357442068, 42.147832414191029 ], [ -84.316709363670981, 42.147860833299802 ], [ -84.316965089649827, 42.147888564344122 ], [ -84.321208877989818, 42.14804385650703 ], [ -84.323731653953004, 42.148111572359767 ], [ -84.324850682151563, 42.148101236918734 ] ] } },
{ "type": "Feature", "properties": { "road_id": "NAP-ROAD-425", "segment_id": "NAP-425-33806083801344838013429" }, "geometry": { "type": "LineString", "coordinates": [ [ -84.345191355103935, 42.146302475844081 ], [ -84.345122382549462, 42.146441619143381 ], [ -84.345030278334576, 42.146579772803584 ], [ -84.344922966020519, 42.146685807973398 ], [ -84.344810514652139, 42.146783794192011 ], [ -84.34465800851801, 42.146877197311802 ], [ -84.344525316202748, 42.146931030478939 ], [ -84.344390214003809, 42.146974860873122 ], [ -84.34416939613557, 42.147020389848301 ] ] } },
{ "type": "Feature", "properties": { "road_id": "NAP-ROAD-426", "segment_id": "NAP-426-8990063801344838013429" }, "geometry": { "type": "LineString", "coordinates": [ [ -84.345191355103935, 42.146302475844081 ], [ -84.345195633588645, 42.146506493122359 ], [ -84.345190433062925, 42.146799420947936 ], [ -84.34517811540654, 42.146859034088152 ], [ -84.345149894332437, 42.146912430656108 ], [ -84.345098005689039, 42.146949529172353 ], [ -84.345022235094632, 42.146978298694783 ], [ -84.344911659469034, 42.147006549620677 ], [ -84.344801457760724, 42.147020854065403 ], [ -84.3446648572246, 42.147020811291462 ], [ -84.34449082876057, 42.147018217972182 ], [ -84.34416939613557, 42.147020389848301 ] ] } },
{ "type": "Feature", "properties": { "road_id": "NAP-ROAD-427", "segment_id": "NAP-427-8990063801345738013448" }, "geometry": { "type": "LineString", "coordinates": [ [ -84.34522535516696, 42.146120535022931 ], [ -84.345191355103935, 42.146302475844081 ] ] } },
{ "type": "Feature", "properties": { "road_id": "NAP-ROAD-428", "segment_id": "NAP-428-9182023801345738013458" }, "geometry": { "type": "LineString", "coordinates": [ [ -84.34522535516696, 42.146120535022931 ], [ -84.348322588387688, 42.146104313308328 ] ] } },
{ "type": "Feature", "properties": { "road_id": "NAP-ROAD-429", "segment_id": "NAP-429-9182023801346338013349" }, "geometry": { "type": "LineString", "coordinates": [ [ -84.35494945834148, 42.146163260895101 ], [ -84.354978812810486, 42.146209916791101 ], [ -84.355009348444625, 42.14627491557092 ], [ -84.355023631953259, 42.14634417593868 ], [ -84.355025563770425, 42.148849972274519 ] ] } },
{ "type": "Feature", "properties": { "road_id": "NAP-ROAD-430", "segment_id": "NAP-430-9182023801345838013460" }, "geometry": { "type": "LineString", "coordinates": [ [ -84.348322588387688, 42.146104313308328 ], [ -84.350438650282328, 42.14608443461092 ] ] } },
{ "type": "Feature", "properties": { "road_id": "NAP-ROAD-431", "segment_id": "NAP-431-9182023801346038013463" }, "geometry": { "type": "LineString", "coordinates": [ [ -84.350438650282328, 42.14608443461092 ], [ -84.354770194492673, 42.146091245093594 ], [ -84.354842499253607, 42.146102823296872 ], [ -84.354902305098804, 42.146129227601918 ], [ -84.35494945834148, 42.146163260895101 ] ] } },
{ "type": "Feature", "properties": { "road_id": "NAP-ROAD-432", "segment_id": "NAP-432-9156093801154038011475" }, "geometry": { "type": "LineString", "coordinates": [ [ -84.247292889929369, 42.190575379593263 ], [ -84.247361126278903, 42.190651562756365 ], [ -84.247447872410106, 42.190766994831783 ], [ -84.247706051145755, 42.191068624384634 ], [ -84.247850174026496, 42.191205260254172 ], [ -84.248152124636178, 42.191362113717169 ] ] } },
{ "type": "Feature", "properties": { "road_id": "NAP-ROAD-433", "segment_id": "NAP-433-9158013801156938011413" }, "geometry": { "type": "LineString", "coordinates": [ [ -84.354012581544183, 42.192060409846682 ], [ -84.353232564496054, 42.192885270903531 ], [ -84.353030160248053, 42.193131231131993 ], [ -84.352896385511841, 42.193268645513641 ], [ -84.352745699944592, 42.193363858227755 ], [ -84.352601164036273, 42.193442214867666 ], [ -84.35238873821784, 42.19350261807849 ], [ -84.352144987733112, 42.193569985567862 ] ] } },
{ "type": "Feature", "properties": { "road_id": "NAP-ROAD-434", "segment_id": "NAP-434-9158013801152838011569" }, "geometry": { "type": "LineString", "coordinates": [ [ -84.355259729444384, 42.192604992983838 ], [ -84.355219842411927, 42.192491963182029 ], [ -84.355198027811312, 42.192439687742223 ], [ -84.355161983139453, 42.192401452598986 ], [ -84.355127071055762, 42.192375125848258 ], [ -84.355074451030447, 42.192340388270956 ], [ -84.355021270407903, 42.19230971675352 ], [ -84.354941102304835, 42.192270790705187 ], [ -84.354842929370776, 42.192226857131942 ], [ -84.354739446020233, 42.192195774253221 ], [ -84.354616051282449, 42.192166242306548 ], [ -84.354465347622593, 42.192136306846947 ], [ -84.354214457305886, 42.192093928538775 ], [ -84.354012581544183, 42.192060409846682 ] ] } },
{ "type": "Feature", "properties": { "road_id": "NAP-ROAD-435", "segment_id": "NAP-435-9154083801156838011541" }, "geometry": { "type": "LineString", "coordinates": [ [ -84.247299716682804, 42.190413783863391 ], [ -84.241946779767204, 42.190479402782252 ], [ -84.241319889412736, 42.190473248913243 ], [ -84.239891707852792, 42.190499588234815 ] ] } },
{ "type": "Feature", "properties": { "road_id": "NAP-ROAD-436", "segment_id": "NAP-436-9156093801156838011540" }, "geometry": { "type": "LineString", "coordinates": [ [ -84.247299716682804, 42.190413783863391 ], [ -84.247292889929369, 42.190575379593263 ] ] } },
{ "type": "Feature", "properties": { "road_id": "NAP-ROAD-437", "segment_id": "NAP-437-33810743801152238011566" }, "geometry": { "type": "LineString", "coordinates": [ [ -84.228353245727632, 42.1905431804093 ], [ -84.22810655063428, 42.190433377862583 ], [ -84.227218353686354, 42.190069366958291 ] ] } },
{ "type": "Feature", "properties": { "road_id": "NAP-ROAD-438", "segment_id": "NAP-438-9157033801158138011376" }, "geometry": { "type": "LineString", "coordinates": [ [ -84.236550995115735, 42.19002316904033 ], [ -84.23650418412511, 42.19080935728212 ], [ -84.236469067797557, 42.191434899913411 ], [ -84.236462613154359, 42.191754857351668 ], [ -84.236488229145436, 42.191852891527788 ] ] } },
{ "type": "Feature", "properties": { "road_id": "NAP-ROAD-439", "segment_id": "NAP-439-9154083801153538011581" }, "geometry": { "type": "LineString", "coordinates": [ [ -84.237621173157109, 42.190471159551556 ], [ -84.237373358340591, 42.190444189944266 ], [ -84.237182438996101, 42.19042407938511 ], [ -84.237096155995218, 42.190405624763578 ], [ -84.237023500171958, 42.190378476466456 ], [ -84.236876369022937, 42.190312295864743 ], [ -84.236718498919529, 42.190219263954646 ], [ -84.236618548169659, 42.190127747899162 ], [ -84.236550995115735, 42.19002316904033 ] ] } },
{ "type": "Feature", "properties": { "road_id": "NAP-ROAD-440", "segment_id": "NAP-440-9154083801158738011568" }, "geometry": { "type": "LineString", "coordinates": [ [ -84.248576311371821, 42.190183740015208 ], [ -84.248479670650426, 42.19023229217543 ], [ -84.248284689693861, 42.190317668536693 ], [ -84.248070683601043, 42.190374862519036 ], [ -84.247299716682804, 42.190413783863391 ] ] } },
{ "type": "Feature", "properties": { "road_id": "NAP-ROAD-441", "segment_id": "NAP-441-8993103801150138020116" }, "geometry": { "type": "LineString", "coordinates": [ [ -84.319942066609457, 42.192042315162183 ], [ -84.317232763896456, 42.191240693103282 ] ] } },
{ "type": "Feature", "properties": { "road_id": "NAP-ROAD-442", "segment_id": "NAP-442-33806683801144838011553" }, "geometry": { "type": "LineString", "coordinates": [ [ -84.30293748372226, 42.192581709365164 ], [ -84.302911236334978, 42.19129743605415 ], [ -84.302925072884804, 42.190906565312169 ], [ -84.302942075669904, 42.190854515517536 ] ] } },
{ "type": "Feature", "properties": { "road_id": "NAP-ROAD-443", "segment_id": "NAP-443-33813673801150138021789" }, "geometry": { "type": "LineString", "coordinates": [ [ -84.319942066609457, 42.192042315162183 ], [ -84.320066034470528, 42.191814310542078 ], [ -84.320115644832214, 42.191695531608829 ], [ -84.320157114244438, 42.191535253148444 ], [ -84.32016447157099, 42.191379057260932 ], [ -84.32016621969828, 42.191100378373221 ] ] } },
{ "type": "Feature", "properties": { "road_id": "NAP-ROAD-444", "segment_id": "NAP-444-8993103801211238016856" }, "geometry": { "type": "LineString", "coordinates": [ [ -84.287490039812226, 42.178853765887808 ], [ -84.2843479937805, 42.177533199503266 ], [ -84.279637853601614, 42.175488564791713 ] ] } },
{ "type": "Feature", "properties": { "road_id": "NAP-ROAD-445", "segment_id": "NAP-445-8993103801685638016857" }, "geometry": { "type": "LineString", "coordinates": [ [ -84.279637853601614, 42.175488564791713 ], [ -84.279377986987996, 42.175373373044977 ] ] } }
]
}
