road_id,segment_id,road_name,from_street,to_street,jurisdiction,latitude,longitude,road_length_miles,lanes,surface_type,functional_class,pci,condition_date,traffic_level,adt,age_years,freeze_thaw,recommended_treatment,treatment_cost_per_lane_mile,data_status,data_source,data_updated_at
NAP-ROAD-1,NAP-1-33806683801155338011559,Carbary Dr,,,Napoleon Township,42.190854515517536,-84.3029420756699,0.094842,2,Asphalt,Local,65,2026-08-16,Medium,1000,10,Moderate,Crack Seal,1,provisional,Michigan GIS Open Data + Paventra rehearsal assumptions,2026-08-16
NAP-ROAD-2,NAP-2-9181093801159838011172,Wolf Lake Rd,,,Napoleon Township,42.18949569655545,-84.22166587715815,0.316514,2,Asphalt,Local,65,2026-08-16,Medium,1000,10,Moderate,Crack Seal,1,provisional,Michigan GIS Open Data + Paventra rehearsal assumptions,2026-08-16
NAP-ROAD-3,NAP-3-9159013801160038018230,Olcott Lake Dr,,,Napoleon Township,42.19014694937942,-84.26824329742108,0.17835,2,Asphalt,Local,65,2026-08-16,Medium,1000,10,Moderate,Crack Seal,1,provisional,Michigan GIS Open Data + Paventra rehearsal assumptions,2026-08-16
NAP-ROAD-4,NAP-4-33801073801160038016855,W Olcott Lake Dr,,,Napoleon Township,42.19014694937942,-84.26824329742108,0.261032,2,Asphalt,Local,65,2026-08-16,Medium,1000,10,Moderate,Crack Seal,1,provisional,Michigan GIS Open Data + Paventra rehearsal assumptions,2026-08-16
NAP-ROAD-5,NAP-5-33813673802179038025521,Donavon Dr,,,Napoleon Township,42.190812825051914,-84.31909016978099,0.039189,2,Asphalt,Local,65,2026-08-16,Medium,1000,10,Moderate,Crack Seal,1,provisional,Michigan GIS Open Data + Paventra rehearsal assumptions,2026-08-16
NAP-ROAD-6,NAP-6-9157203801156938018219,Ackerson Lake Dr,,,Napoleon Township,42.19206040984668,-84.35401258154418,0.057765,2,Asphalt,Local,65,2026-08-16,Medium,1000,10,Moderate,Crack Seal,1,provisional,Michigan GIS Open Data + Paventra rehearsal assumptions,2026-08-16
NAP-ROAD-7,NAP-7-9157043801162938016843,Bay View Rd,,,Napoleon Township,42.18924182263281,-84.23286124622848,0.104559,2,Asphalt,Local,65,2026-08-16,Medium,1000,10,Moderate,Crack Seal,1,provisional,Michigan GIS Open Data + Paventra rehearsal assumptions,2026-08-16
NAP-ROAD-8,NAP-8-33806713801152838016870,Ackerson Lake Dr,,,Napoleon Township,42.19260499298384,-84.35525972944438,0.112445,2,Asphalt,Local,65,2026-08-16,Medium,1000,10,Moderate,Crack Seal,1,provisional,Michigan GIS Open Data + Paventra rehearsal assumptions,2026-08-16
NAP-ROAD-9,NAP-9-33813683802011638020117,Donavon Dr,,,Napoleon Township,42.19124069310328,-84.31723276389646,0.054011,2,Asphalt,Local,65,2026-08-16,Medium,1000,10,Moderate,Crack Seal,1,provisional,Michigan GIS Open Data + Paventra rehearsal assumptions,2026-08-16
NAP-ROAD-10,NAP-10-33813673802178938021790,Donavon Dr,,,Napoleon Township,42.19110037837322,-84.32016621969828,0.090802,2,Asphalt,Local,65,2026-08-16,Medium,1000,10,Moderate,Crack Seal,1,provisional,Michigan GIS Open Data + Paventra rehearsal assumptions,2026-08-16
NAP-ROAD-11,NAP-11-33813673802552138021791,Donavon Dr,,,Napoleon Township,42.19082182491171,-84.31833064297243,0.04288,2,Asphalt,Local,65,2026-08-16,Medium,1000,10,Moderate,Crack Seal,1,provisional,Michigan GIS Open Data + Paventra rehearsal assumptions,2026-08-16
NAP-ROAD-12,NAP-12-33813673802179138020117,Donavon Dr,,,Napoleon Township,42.190473273805715,-84.31766691039235,0.011704,2,Asphalt,Local,65,2026-08-16,Medium,1000,10,Moderate,Crack Seal,1,provisional,Michigan GIS Open Data + Paventra rehearsal assumptions,2026-08-16
NAP-ROAD-13,NAP-13-9182173801152238011631,Greens Dr,,,Napoleon Township,42.1905431804093,-84.22835324572763,0.212033,2,Asphalt,Local,65,2026-08-16,Medium,1000,10,Moderate,Crack Seal,1,provisional,Michigan GIS Open Data + Paventra rehearsal assumptions,2026-08-16
NAP-ROAD-14,NAP-14-9158033801094438010792,Shardale Dr,,,Napoleon Township,42.19812208559024,-84.3545893122407,0.230964,2,Asphalt,Local,65,2026-08-16,Medium,1000,10,Moderate,Crack Seal,1,provisional,Michigan GIS Open Data + Paventra rehearsal assumptions,2026-08-16
NAP-ROAD-15,NAP-15-9010103801094438010857,Kenmar St,,,Napoleon Township,42.19812208559024,-84.3545893122407,0.059331,2,Asphalt,Local,65,2026-08-16,Medium,1000,10,Moderate,Crack Seal,1,provisional,Michigan GIS Open Data + Paventra rehearsal assumptions,2026-08-16
NAP-ROAD-16,NAP-16-33801033801096938025414,Hoyer Rd,,,Napoleon Township,42.197665191124585,-84.33493772654313,0.613989,2,Asphalt,Local,65,2026-08-16,Medium,1000,10,Moderate,Crack Seal,1,provisional,Michigan GIS Open Data + Paventra rehearsal assumptions,2026-08-16
NAP-ROAD-17,NAP-17-9009043801005338010969,E South St,,,Napoleon Township,42.21141347436567,-84.34781441655082,1.209004,2,Asphalt,Local,65,2026-08-16,Medium,1000,10,Moderate,Crack Seal,1,provisional,Michigan GIS Open Data + Paventra rehearsal assumptions,2026-08-16
NAP-ROAD-18,NAP-18-9011073801100138011000,Moon Lake Rd,,,Napoleon Township,42.196504014075344,-84.2781534159559,0.05397,2,Asphalt,Local,65,2026-08-16,Medium,1000,10,Moderate,Crack Seal,1,provisional,Michigan GIS Open Data + Paventra rehearsal assumptions,2026-08-16
NAP-ROAD-19,NAP-19-9011073802142638011001,Moon Lake Rd,,,Napoleon Township,42.19649539522899,-84.27983078108818,0.086057,2,Asphalt,Local,65,2026-08-16,Medium,1000,10,Moderate,Crack Seal,1,provisional,Michigan GIS Open Data + Paventra rehearsal assumptions,2026-08-16
NAP-ROAD-20,NAP-20-9159023801973938010989,S Portage Rd,,,Napoleon Township,42.196274202618405,-84.26588766302514,0.067861,2,Asphalt,Local,65,2026-08-16,Medium,1000,10,Moderate,Crack Seal,1,provisional,Michigan GIS Open Data + Paventra rehearsal assumptions,2026-08-16
NAP-ROAD-21,NAP-21-9011073801100838021425,Moon Lake Rd,,,Napoleon Township,42.19653396043516,-84.28572872988727,0.092234,2,Asphalt,Local,65,2026-08-16,Medium,1000,10,Moderate,Crack Seal,1,provisional,Michigan GIS Open Data + Paventra rehearsal assumptions,2026-08-16
NAP-ROAD-22,NAP-22-9011073801101638011008,Moon Lake Rd,,,Napoleon Township,42.196546073793776,-84.28797342558386,0.11516,2,Asphalt,Local,65,2026-08-16,Medium,1000,10,Moderate,Crack Seal,1,provisional,Michigan GIS Open Data + Paventra rehearsal assumptions,2026-08-16
NAP-ROAD-23,NAP-23-9011073802024538011016,Moon Lake Rd,,,Napoleon Township,42.19657612807923,-84.29092104649902,0.151233,2,Asphalt,Local,65,2026-08-16,Medium,1000,10,Moderate,Crack Seal,1,provisional,Michigan GIS Open Data + Paventra rehearsal assumptions,2026-08-16
NAP-ROAD-24,NAP-24-33814233802024538020246,Peninsula Dr,,,Napoleon Township,42.19657612807923,-84.29092104649902,0.792276,2,Asphalt,Local,65,2026-08-16,Medium,1000,10,Moderate,Crack Seal,1,provisional,Michigan GIS Open Data + Paventra rehearsal assumptions,2026-08-16
NAP-ROAD-25,NAP-25-9011073802167838020245,Moon Lake Rd,,,Napoleon Township,42.196635728914295,-84.29646335736331,0.28436,2,Asphalt,Local,65,2026-08-16,Medium,1000,10,Moderate,Crack Seal,1,provisional,Michigan GIS Open Data + Paventra rehearsal assumptions,2026-08-16
NAP-ROAD-26,NAP-26-33816743802167838021679,Swamp Bog Ln,,,Napoleon Township,42.196635728914295,-84.29646335736331,0.266873,2,Asphalt,Local,65,2026-08-16,Medium,1000,10,Moderate,Crack Seal,1,provisional,Michigan GIS Open Data + Paventra rehearsal assumptions,2026-08-16
NAP-ROAD-27,NAP-27-8994033801125438011197,Miles Rd,,,Napoleon Township,42.194831397051985,-84.35532163330754,0.153479,2,Asphalt,Local,65,2026-08-16,Medium,1000,10,Moderate,Crack Seal,1,provisional,Michigan GIS Open Data + Paventra rehearsal assumptions,2026-08-16
NAP-ROAD-28,NAP-28-8994033801107238011254,Miles Rd,,,Napoleon Township,42.196955025635546,-84.35951434446524,0.275865,2,Asphalt,Local,65,2026-08-16,Medium,1000,10,Moderate,Crack Seal,1,provisional,Michigan GIS Open Data + Paventra rehearsal assumptions,2026-08-16
NAP-ROAD-29,NAP-29-8993103801106238011260,Brooklyn Rd,,,Napoleon Township,42.19660399260061,-84.33244738692153,0.349616,2,Asphalt,Local,65,2026-08-16,Medium,1000,10,Moderate,Crack Seal,1,provisional,Michigan GIS Open Data + Paventra rehearsal assumptions,2026-08-16
NAP-ROAD-30,NAP-30-9161093801126938018569,Hollywood Dr,,,Napoleon Township,42.19316286158699,-84.24848131580345,0.119677,2,Asphalt,Local,65,2026-08-16,Medium,1000,10,Moderate,Crack Seal,1,provisional,Michigan GIS Open Data + Paventra rehearsal assumptions,2026-08-16
NAP-ROAD-31,NAP-31-9156093801126938011140,Lakeshore Blvd,,,Napoleon Township,42.19316286158699,-84.24848131580345,0.120003,2,Asphalt,Local,65,2026-08-16,Medium,1000,10,Moderate,Crack Seal,1,provisional,Michigan GIS Open Data + Paventra rehearsal assumptions,2026-08-16
NAP-ROAD-32,NAP-32-33810793801127338011175,Collingwood Ct,,,Napoleon Township,42.19318176473812,-84.25333359753215,0.131462,2,Asphalt,Local,65,2026-08-16,Medium,1000,10,Moderate,Crack Seal,1,provisional,Michigan GIS Open Data + Paventra rehearsal assumptions,2026-08-16
NAP-ROAD-33,NAP-33-9158193801113838016869,Channel Dr,,,Napoleon Township,42.19509137333493,-84.28577290530816,0.120813,2,Asphalt,Local,65,2026-08-16,Medium,1000,10,Moderate,Crack Seal,1,provisional,Michigan GIS Open Data + Paventra rehearsal assumptions,2026-08-16
NAP-ROAD-34,NAP-34-9011063801822138011071,Bavarian Dr,,,Napoleon Township,42.19393865683532,-84.32055378488353,0.056616,2,Asphalt,Local,65,2026-08-16,Medium,1000,10,Moderate,Crack Seal,1,provisional,Michigan GIS Open Data + Paventra rehearsal assumptions,2026-08-16
NAP-ROAD-35,NAP-35-9012033801132938011181,Napoleon Rd,,,Napoleon Township,42.1931727403877,-84.2750995334706,0.102438,2,Asphalt,Local,65,2026-08-16,Medium,1000,10,Moderate,Crack Seal,1,provisional,Michigan GIS Open Data + Paventra rehearsal assumptions,2026-08-16
NAP-ROAD-36,NAP-36-33810793801132338011273,Mott Dr,,,Napoleon Township,42.19281573851057,-84.2535511450331,0.027629,2,Asphalt,Local,65,2026-08-16,Medium,1000,10,Moderate,Crack Seal,1,provisional,Michigan GIS Open Data + Paventra rehearsal assumptions,2026-08-16
NAP-ROAD-37,NAP-37-9160083801132338011192,Oakwood Ct,,,Napoleon Township,42.19281573851057,-84.2535511450331,0.134885,2,Asphalt,Local,65,2026-08-16,Medium,1000,10,Moderate,Crack Seal,1,provisional,Michigan GIS Open Data + Paventra rehearsal assumptions,2026-08-16
NAP-ROAD-38,NAP-38-9156103801141938017505,Fairmount Dr,,,Napoleon Township,42.19247199266755,-84.23951110513283,0.01686,2,Asphalt,Local,65,2026-08-16,Medium,1000,10,Moderate,Crack Seal,1,provisional,Michigan GIS Open Data + Paventra rehearsal assumptions,2026-08-16
NAP-ROAD-39,NAP-39-9012033801134438011329,Napoleon Rd,,,Napoleon Township,42.1930216619893,-84.27508849376872,0.010439,2,Asphalt,Local,65,2026-08-16,Medium,1000,10,Moderate,Crack Seal,1,provisional,Michigan GIS Open Data + Paventra rehearsal assumptions,2026-08-16
NAP-ROAD-40,NAP-40-9011073801102138021678,Moon Lake Rd,,,Napoleon Township,42.196649130342365,-84.29799523499469,0.078593,2,Asphalt,Local,65,2026-08-16,Medium,1000,10,Moderate,Crack Seal,1,provisional,Michigan GIS Open Data + Paventra rehearsal assumptions,2026-08-16
NAP-ROAD-41,NAP-41-9157073801102138010833,Bonnymede Ln,,,Napoleon Township,42.196649130342365,-84.29799523499469,0.143129,2,Asphalt,Local,65,2026-08-16,Medium,1000,10,Moderate,Crack Seal,1,provisional,Michigan GIS Open Data + Paventra rehearsal assumptions,2026-08-16
NAP-ROAD-42,NAP-42-9011073801102238011021,Moon Lake Rd,,,Napoleon Township,42.19665788264567,-84.29924400323316,0.064067,2,Asphalt,Local,65,2026-08-16,Medium,1000,10,Moderate,Crack Seal,1,provisional,Michigan GIS Open Data + Paventra rehearsal assumptions,2026-08-16
NAP-ROAD-43,NAP-43-9157063801102238010834,Meadowood St,,,Napoleon Township,42.19665788264567,-84.29924400323316,0.142121,2,Asphalt,Local,65,2026-08-16,Medium,1000,10,Moderate,Crack Seal,1,provisional,Michigan GIS Open Data + Paventra rehearsal assumptions,2026-08-16
NAP-ROAD-44,NAP-44-9159023801974038019739,S Portage Rd,,,Napoleon Township,42.195883427590836,-84.26723505369772,0.075786,2,Asphalt,Local,65,2026-08-16,Medium,1000,10,Moderate,Crack Seal,1,provisional,Michigan GIS Open Data + Paventra rehearsal assumptions,2026-08-16
NAP-ROAD-45,NAP-45-8993103801105438011049,Brooklyn Rd,,,Napoleon Township,42.196890101731476,-84.34550927969273,0.311264,2,Asphalt,Local,65,2026-08-16,Medium,1000,10,Moderate,Crack Seal,1,provisional,Michigan GIS Open Data + Paventra rehearsal assumptions,2026-08-16
NAP-ROAD-46,NAP-46-8993103801106038011054,Brooklyn Rd,,,Napoleon Township,42.19691938366091,-84.3479724000499,0.126379,2,Asphalt,Local,65,2026-08-16,Medium,1000,10,Moderate,Crack Seal,1,provisional,Michigan GIS Open Data + Paventra rehearsal assumptions,2026-08-16
NAP-ROAD-47,NAP-47-9173143801091338011080,Mack Island Rd,,,Napoleon Township,42.19659681088115,-84.23226068871251,0.118302,2,Asphalt,Local,65,2026-08-16,Medium,1000,10,Moderate,Crack Seal,1,provisional,Michigan GIS Open Data + Paventra rehearsal assumptions,2026-08-16
NAP-ROAD-48,NAP-48-8993103801106738011060,Brooklyn Rd,,,Napoleon Township,42.19694274211542,-84.35459110027764,0.339556,2,Asphalt,Local,65,2026-08-16,Medium,1000,10,Moderate,Crack Seal,1,provisional,Michigan GIS Open Data + Paventra rehearsal assumptions,2026-08-16
NAP-ROAD-49,NAP-49-9010103801106738010944,Kenmar St,,,Napoleon Township,42.19694274211542,-84.35459110027764,0.081366,2,Asphalt,Local,65,2026-08-16,Medium,1000,10,Moderate,Crack Seal,1,provisional,Michigan GIS Open Data + Paventra rehearsal assumptions,2026-08-16
NAP-ROAD-50,NAP-50-9009043801096938011062,E South St,,,Napoleon Township,42.197665191124585,-84.33493772654313,0.147251,2,Asphalt,Local,65,2026-08-16,Medium,1000,10,Moderate,Crack Seal,1,provisional,Michigan GIS Open Data + Paventra rehearsal assumptions,2026-08-16
NAP-ROAD-51,NAP-51-8993103801104938011062,Brooklyn Rd,,,Napoleon Township,42.196848655723514,-84.3394423618435,0.35986,2,Asphalt,Local,65,2026-08-16,Medium,1000,10,Moderate,Crack Seal,1,provisional,Michigan GIS Open Data + Paventra rehearsal assumptions,2026-08-16
NAP-ROAD-52,NAP-52-8993103801107038011067,Brooklyn Rd,,,Napoleon Township,42.196944224769794,-84.35718699702213,0.133174,2,Asphalt,Local,65,2026-08-16,Medium,1000,10,Moderate,Crack Seal,1,provisional,Michigan GIS Open Data + Paventra rehearsal assumptions,2026-08-16
NAP-ROAD-53,NAP-53-8993103801107238011070,Brooklyn Rd,,,Napoleon Township,42.196955025635546,-84.35951434446524,0.119399,2,Asphalt,Local,65,2026-08-16,Medium,1000,10,Moderate,Crack Seal,1,provisional,Michigan GIS Open Data + Paventra rehearsal assumptions,2026-08-16
NAP-ROAD-54,NAP-54-9162013801141938011345,Fisk Ave,,,Napoleon Township,42.19247199266755,-84.23951110513283,0.098648,2,Asphalt,Local,65,2026-08-16,Medium,1000,10,Moderate,Crack Seal,1,provisional,Michigan GIS Open Data + Paventra rehearsal assumptions,2026-08-16
NAP-ROAD-55,NAP-55-9157183801113838011303,Dollar Lake Rd,,,Napoleon Township,42.19509137333493,-84.28577290530816,0.150068,2,Asphalt,Local,65,2026-08-16,Medium,1000,10,Moderate,Crack Seal,1,provisional,Michigan GIS Open Data + Paventra rehearsal assumptions,2026-08-16
NAP-ROAD-56,NAP-56-33810793801137738011323,Mott Dr,,,Napoleon Township,42.1924670867215,-84.2540897943855,0.036771,2,Asphalt,Local,65,2026-08-16,Medium,1000,10,Moderate,Crack Seal,1,provisional,Michigan GIS Open Data + Paventra rehearsal assumptions,2026-08-16
NAP-ROAD-57,NAP-57-9160073801137738011209,Glenwood Ct,,,Napoleon Township,42.1924670867215,-84.2540897943855,0.125438,2,Asphalt,Local,65,2026-08-16,Medium,1000,10,Moderate,Crack Seal,1,provisional,Michigan GIS Open Data + Paventra rehearsal assumptions,2026-08-16
NAP-ROAD-58,NAP-58-33810793801139638011377,Mott Dr,,,Napoleon Township,42.19231824763714,-84.25487901427044,0.043781,2,Asphalt,Local,65,2026-08-16,Medium,1000,10,Moderate,Crack Seal,1,provisional,Michigan GIS Open Data + Paventra rehearsal assumptions,2026-08-16
NAP-ROAD-59,NAP-59-9160063801139638011247,Wildwood Ct,,,Napoleon Township,42.19231824763714,-84.25487901427044,0.097971,2,Asphalt,Local,65,2026-08-16,Medium,1000,10,Moderate,Crack Seal,1,provisional,Michigan GIS Open Data + Paventra rehearsal assumptions,2026-08-16
NAP-ROAD-60,NAP-60-33800023802541338011260,Clark Lake Rd,,,Napoleon Township,42.193414120000355,-84.32632026307971,0.066886,2,Asphalt,Local,65,2026-08-16,Medium,1000,10,Moderate,Crack Seal,1,provisional,Michigan GIS Open Data + Paventra rehearsal assumptions,2026-08-16
NAP-ROAD-61,NAP-61-9011063801135038018221,Bavarian Dr,,,Napoleon Township,42.19319286208625,-84.32036926077745,0.05409,2,Asphalt,Local,65,2026-08-16,Medium,1000,10,Moderate,Crack Seal,1,provisional,Michigan GIS Open Data + Paventra rehearsal assumptions,2026-08-16
NAP-ROAD-62,NAP-62-9182193801140238020541,Greenes Dr,,,Napoleon Township,42.19175070548559,-84.22887345406477,0.048266,2,Asphalt,Local,65,2026-08-16,Medium,1000,10,Moderate,Crack Seal,1,provisional,Michigan GIS Open Data + Paventra rehearsal assumptions,2026-08-16
NAP-ROAD-63,NAP-63-9158023801140838011179,Hatt Rd,,,Napoleon Township,42.193610524476384,-84.35096428765226,0.151498,2,Asphalt,Local,65,2026-08-16,Medium,1000,10,Moderate,Crack Seal,1,provisional,Michigan GIS Open Data + Paventra rehearsal assumptions,2026-08-16
NAP-ROAD-64,NAP-64-9182053801144138011406,Kenward Dr,,,Napoleon Township,42.19182188070013,-84.23337822276463,0.029924,2,Asphalt,Local,65,2026-08-16,Medium,1000,10,Moderate,Crack Seal,1,provisional,Michigan GIS Open Data + Paventra rehearsal assumptions,2026-08-16
NAP-ROAD-65,NAP-65-9162013801134538011376,Fisk Ave,,,Napoleon Township,42.19230137402382,-84.23760993952507,0.069629,2,Asphalt,Local,65,2026-08-16,Medium,1000,10,Moderate,Crack Seal,1,provisional,Michigan GIS Open Data + Paventra rehearsal assumptions,2026-08-16
NAP-ROAD-66,NAP-66-9182053801684538011409,Kenward Dr,,,Napoleon Township,42.19172728222778,-84.23080320122347,0.026431,2,Asphalt,Local,65,2026-08-16,Medium,1000,10,Moderate,Crack Seal,1,provisional,Michigan GIS Open Data + Paventra rehearsal assumptions,2026-08-16
NAP-ROAD-67,NAP-67-9182053801140638016845,Kenward Dr,,,Napoleon Township,42.19179437998043,-84.23279614203683,0.102354,2,Asphalt,Local,65,2026-08-16,Medium,1000,10,Moderate,Crack Seal,1,provisional,Michigan GIS Open Data + Paventra rehearsal assumptions,2026-08-16
NAP-ROAD-68,NAP-68-9158013801141338011408,Ackerson Lake Dr,,,Napoleon Township,42.19356998556786,-84.35214498773311,0.06079,2,Asphalt,Local,65,2026-08-16,Medium,1000,10,Moderate,Crack Seal,1,provisional,Michigan GIS Open Data + Paventra rehearsal assumptions,2026-08-16
NAP-ROAD-69,NAP-69-9154083801162938011631,Rexford Rd,,,Napoleon Township,42.18924182263281,-84.23286124622848,0.076344,2,Asphalt,Local,65,2026-08-16,Medium,1000,10,Moderate,Crack Seal,1,provisional,Michigan GIS Open Data + Paventra rehearsal assumptions,2026-08-16
NAP-ROAD-70,NAP-70-9154083801158138011629,Rexford Rd,,,Napoleon Township,42.19002316904033,-84.23655099511573,0.228325,2,Asphalt,Local,65,2026-08-16,Medium,1000,10,Moderate,Crack Seal,1,provisional,Michigan GIS Open Data + Paventra rehearsal assumptions,2026-08-16
NAP-ROAD-71,NAP-71-33810683801164438011587,Oak Point Rd,,,Napoleon Township,42.18925759162988,-84.24893337743677,0.068836,2,Asphalt,Local,65,2026-08-16,Medium,1000,10,Moderate,Crack Seal,1,provisional,Michigan GIS Open Data + Paventra rehearsal assumptions,2026-08-16
NAP-ROAD-72,NAP-72-9160013801860238011644,Oak Point Dr,,,Napoleon Township,42.19186790110281,-84.25531558357248,0.43315,2,Asphalt,Local,65,2026-08-16,Medium,1000,10,Moderate,Crack Seal,1,provisional,Michigan GIS Open Data + Paventra rehearsal assumptions,2026-08-16
NAP-ROAD-73,NAP-73-33813663802011238020114,Morningstar Ln,,,Napoleon Township,42.190108620985114,-84.31336954554075,0.190306,2,Asphalt,Local,65,2026-08-16,Medium,1000,10,Moderate,Crack Seal,1,provisional,Michigan GIS Open Data + Paventra rehearsal assumptions,2026-08-16
NAP-ROAD-74,NAP-74-8993103802011638020112,Brooklyn Rd,,,Napoleon Township,42.19124069310328,-84.31723276389646,0.213042,2,Asphalt,Local,65,2026-08-16,Medium,1000,10,Moderate,Crack Seal,1,provisional,Michigan GIS Open Data + Paventra rehearsal assumptions,2026-08-16
NAP-ROAD-75,NAP-75-33806693801169238011446,Hessler Dr,,,Napoleon Township,42.18950879268338,-84.3057869900833,0.214248,2,Asphalt,Local,65,2026-08-16,Medium,1000,10,Moderate,Crack Seal,1,provisional,Michigan GIS Open Data + Paventra rehearsal assumptions,2026-08-16
NAP-ROAD-76,NAP-76-33806703801169338011692,Reese Dr,,,Napoleon Township,42.18947745748628,-84.30695317806281,0.060067,2,Asphalt,Local,65,2026-08-16,Medium,1000,10,Moderate,Crack Seal,1,provisional,Michigan GIS Open Data + Paventra rehearsal assumptions,2026-08-16
NAP-ROAD-77,NAP-77-9011073801169338011449,Moon Lake Rd,,,Napoleon Township,42.18947745748628,-84.30695317806281,0.211648,2,Asphalt,Local,65,2026-08-16,Medium,1000,10,Moderate,Crack Seal,1,provisional,Michigan GIS Open Data + Paventra rehearsal assumptions,2026-08-16
NAP-ROAD-78,NAP-78-9158013801140838018220,Ackerson Lake Dr,,,Napoleon Township,42.193610524476384,-84.35096428765226,0.395724,2,Asphalt,Local,65,2026-08-16,Medium,1000,10,Moderate,Crack Seal,1,provisional,Michigan GIS Open Data + Paventra rehearsal assumptions,2026-08-16
NAP-ROAD-79,NAP-79-9011073801882838011693,Moon Lake Rd,,,Napoleon Township,42.18888682083065,-84.30692276697629,0.040779,2,Asphalt,Local,65,2026-08-16,Medium,1000,10,Moderate,Crack Seal,1,provisional,Michigan GIS Open Data + Paventra rehearsal assumptions,2026-08-16
NAP-ROAD-80,NAP-80-9154083801163138011739,Rexford Rd,,,Napoleon Township,42.18911281603273,-84.23140316919282,0.128463,2,Asphalt,Local,65,2026-08-16,Medium,1000,10,Moderate,Crack Seal,1,provisional,Michigan GIS Open Data + Paventra rehearsal assumptions,2026-08-16
NAP-ROAD-81,NAP-81-33813573802008038020079,Breda Dr,,,Napoleon Township,42.1930927551095,-84.32323848514356,0.324674,2,Asphalt,Local,65,2026-08-16,Medium,1000,10,Moderate,Crack Seal,1,provisional,Michigan GIS Open Data + Paventra rehearsal assumptions,2026-08-16
NAP-ROAD-82,NAP-82-8993103801126038020080,Brooklyn Rd,,,Napoleon Township,42.19438339177307,-84.32634672930824,0.182667,2,Asphalt,Local,65,2026-08-16,Medium,1000,10,Moderate,Crack Seal,1,provisional,Michigan GIS Open Data + Paventra rehearsal assumptions,2026-08-16
NAP-ROAD-83,NAP-83-33810823801683938011282,Bellemere Ct,,,Napoleon Township,42.19200027963683,-84.25546390194675,0.091477,2,Asphalt,Local,65,2026-08-16,Medium,1000,10,Moderate,Crack Seal,1,provisional,Michigan GIS Open Data + Paventra rehearsal assumptions,2026-08-16
NAP-ROAD-84,NAP-84-9158153801135038011414,Benelux Ct,,,Napoleon Township,42.19319286208625,-84.32036926077745,0.028409,2,Asphalt,Local,65,2026-08-16,Medium,1000,10,Moderate,Crack Seal,1,provisional,Michigan GIS Open Data + Paventra rehearsal assumptions,2026-08-16
NAP-ROAD-85,NAP-85-9159103801143538016839,Mott Dr,,,Napoleon Township,42.1919654911797,-84.25687611312769,0.074312,2,Asphalt,Local,65,2026-08-16,Medium,1000,10,Moderate,Crack Seal,1,provisional,Michigan GIS Open Data + Paventra rehearsal assumptions,2026-08-16
NAP-ROAD-86,NAP-86-9160043801143538011331,Parkwood Ct,,,Napoleon Township,42.1919654911797,-84.25687611312769,0.063138,2,Asphalt,Local,65,2026-08-16,Medium,1000,10,Moderate,Crack Seal,1,provisional,Michigan GIS Open Data + Paventra rehearsal assumptions,2026-08-16
NAP-ROAD-87,NAP-87-33810793801860238011396,Oak Point Dr,,,Napoleon Township,42.19186790110281,-84.25531558357248,0.038302,2,Asphalt,Local,65,2026-08-16,Medium,1000,10,Moderate,Crack Seal,1,provisional,Michigan GIS Open Data + Paventra rehearsal assumptions,2026-08-16
NAP-ROAD-88,NAP-88-9160013801683938018602,Oak Point Dr,,,Napoleon Township,42.19200027963683,-84.25546390194675,0.011888,2,Asphalt,Local,65,2026-08-16,Medium,1000,10,Moderate,Crack Seal,1,provisional,Michigan GIS Open Data + Paventra rehearsal assumptions,2026-08-16
NAP-ROAD-89,NAP-89-33806673801822238018540,Kelly Dr,,,Napoleon Township,42.1925870369251,-84.3021617676663,0.079403,2,Asphalt,Local,65,2026-08-16,Medium,1000,10,Moderate,Crack Seal,1,provisional,Michigan GIS Open Data + Paventra rehearsal assumptions,2026-08-16
NAP-ROAD-90,NAP-90-33806673801144838018222,Kelly Dr,,,Napoleon Township,42.192581709365164,-84.30293748372226,0.0398,2,Asphalt,Local,65,2026-08-16,Medium,1000,10,Moderate,Crack Seal,1,provisional,Michigan GIS Open Data + Paventra rehearsal assumptions,2026-08-16
NAP-ROAD-91,NAP-91-9160023801145138011375,Edgewood Ct,,,Napoleon Township,42.19182781455109,-84.25835392428756,0.059757,2,Asphalt,Local,65,2026-08-16,Medium,1000,10,Moderate,Crack Seal,1,provisional,Michigan GIS Open Data + Paventra rehearsal assumptions,2026-08-16
NAP-ROAD-92,NAP-92-9159103801136038011451,Mott Dr,,,Napoleon Township,42.1924474643939,-84.25954251689457,0.075435,2,Asphalt,Local,65,2026-08-16,Medium,1000,10,Moderate,Crack Seal,1,provisional,Michigan GIS Open Data + Paventra rehearsal assumptions,2026-08-16
NAP-ROAD-93,NAP-93-33806673801144638011448,Kelly Dr,,,Napoleon Township,42.192554652146015,-84.30563327361125,0.138321,2,Asphalt,Local,65,2026-08-16,Medium,1000,10,Moderate,Crack Seal,1,provisional,Michigan GIS Open Data + Paventra rehearsal assumptions,2026-08-16
NAP-ROAD-94,NAP-94-9159103801145238011435,Mott Dr,,,Napoleon Township,42.1917909659225,-84.25761573170662,0.04028,2,Asphalt,Local,65,2026-08-16,Medium,1000,10,Moderate,Crack Seal,1,provisional,Michigan GIS Open Data + Paventra rehearsal assumptions,2026-08-16
NAP-ROAD-95,NAP-95-9160033801145238011347,Robinwood Ct,,,Napoleon Township,42.1917909659225,-84.25761573170662,0.065773,2,Asphalt,Local,65,2026-08-16,Medium,1000,10,Moderate,Crack Seal,1,provisional,Michigan GIS Open Data + Paventra rehearsal assumptions,2026-08-16
NAP-ROAD-96,NAP-96-9158013801822038011846,Ackerson Lake Dr,,,Napoleon Township,42.18964458016998,-84.34669866093468,0.242346,2,Asphalt,Local,65,2026-08-16,Medium,1000,10,Moderate,Crack Seal,1,provisional,Michigan GIS Open Data + Paventra rehearsal assumptions,2026-08-16
NAP-ROAD-97,NAP-97-9011033801184838011049,Ackerson Lake Rd,,,Napoleon Township,42.186696924020794,-84.34368346823165,0.757646,2,Asphalt,Local,65,2026-08-16,Medium,1000,10,Moderate,Crack Seal,1,provisional,Michigan GIS Open Data + Paventra rehearsal assumptions,2026-08-16
NAP-ROAD-98,NAP-98-33806723801184638011848,Clemons Dr,,,Napoleon Township,42.186777609453394,-84.34471317502395,0.053127,2,Asphalt,Local,65,2026-08-16,Medium,1000,10,Moderate,Crack Seal,1,provisional,Michigan GIS Open Data + Paventra rehearsal assumptions,2026-08-16
NAP-ROAD-99,NAP-99-33806673801854038020247,Kelly Dr,,,Napoleon Township,42.19259764830508,-84.30061416390514,0.722909,2,Asphalt,Local,65,2026-08-16,Medium,1000,10,Moderate,Crack Seal,1,provisional,Michigan GIS Open Data + Paventra rehearsal assumptions,2026-08-16
NAP-ROAD-100,NAP-100-9012033801186538011801,Napoleon Rd,,,Napoleon Township,42.18511300837592,-84.26828093282491,0.243351,2,Asphalt,Local,65,2026-08-16,Medium,1000,10,Moderate,Crack Seal,1,provisional,Michigan GIS Open Data + Paventra rehearsal assumptions,2026-08-16
NAP-ROAD-101,NAP-101-9011033801188138011848,Ackerson Lake Rd,,,Napoleon Township,42.185805882792515,-84.34412738757918,0.065581,2,Asphalt,Local,65,2026-08-16,Medium,1000,10,Moderate,Crack Seal,1,provisional,Michigan GIS Open Data + Paventra rehearsal assumptions,2026-08-16
NAP-ROAD-102,NAP-102-9158013801184638011881,Ackerson Lake Dr,,,Napoleon Township,42.186777609453394,-84.34471317502395,0.075048,2,Asphalt,Local,65,2026-08-16,Medium,1000,10,Moderate,Crack Seal,1,provisional,Michigan GIS Open Data + Paventra rehearsal assumptions,2026-08-16
NAP-ROAD-103,NAP-103-33810473801824338018245,White Tail Ln,,,Napoleon Township,42.18384424014349,-84.23052307902036,0.334943,2,Asphalt,Local,65,2026-08-16,Medium,1000,10,Moderate,Crack Seal,1,provisional,Michigan GIS Open Data + Paventra rehearsal assumptions,2026-08-16
NAP-ROAD-104,NAP-104-9154093801824338011774,Baner Rd,,,Napoleon Township,42.18384424014349,-84.23052307902036,0.217719,2,Asphalt,Local,65,2026-08-16,Medium,1000,10,Moderate,Crack Seal,1,provisional,Michigan GIS Open Data + Paventra rehearsal assumptions,2026-08-16
NAP-ROAD-105,NAP-105-9154093802024838018243,Baner Rd,,,Napoleon Township,42.18330632968401,-84.23053822456521,0.03712,2,Asphalt,Local,65,2026-08-16,Medium,1000,10,Moderate,Crack Seal,1,provisional,Michigan GIS Open Data + Paventra rehearsal assumptions,2026-08-16
NAP-ROAD-106,NAP-106-9011083801192238011775,Benton Rd,,,Napoleon Township,42.18443262171382,-84.30684911663728,0.250211,2,Asphalt,Local,65,2026-08-16,Medium,1000,10,Moderate,Crack Seal,1,provisional,Michigan GIS Open Data + Paventra rehearsal assumptions,2026-08-16
NAP-ROAD-107,NAP-107-33814243802024838020249,Haywalk Rd,,,Napoleon Township,42.18330632968401,-84.23053822456521,0.21493,2,Asphalt,Local,65,2026-08-16,Medium,1000,10,Moderate,Crack Seal,1,provisional,Michigan GIS Open Data + Paventra rehearsal assumptions,2026-08-16
NAP-ROAD-108,NAP-108-33806673801144938011446,Kelly Dr,,,Napoleon Township,42.19254456007067,-84.30703422129197,0.071879,2,Asphalt,Local,65,2026-08-16,Medium,1000,10,Moderate,Crack Seal,1,provisional,Michigan GIS Open Data + Paventra rehearsal assumptions,2026-08-16
NAP-ROAD-109,NAP-109-9011073801144938011109,Moon Lake Rd,,,Napoleon Township,42.19254456007067,-84.30703422129197,0.215277,2,Asphalt,Local,65,2026-08-16,Medium,1000,10,Moderate,Crack Seal,1,provisional,Michigan GIS Open Data + Paventra rehearsal assumptions,2026-08-16
NAP-ROAD-110,NAP-110-9159103801145138011452,Mott Dr,,,Napoleon Township,42.19182781455109,-84.25835392428756,0.038073,2,Asphalt,Local,65,2026-08-16,Medium,1000,10,Moderate,Crack Seal,1,provisional,Michigan GIS Open Data + Paventra rehearsal assumptions,2026-08-16
NAP-ROAD-111,NAP-111-9159013801823038011164,Olcott Lake Dr,,,Napoleon Township,42.191920812397335,-84.26635661307756,0.320667,2,Asphalt,Local,65,2026-08-16,Medium,1000,10,Moderate,Crack Seal,1,provisional,Michigan GIS Open Data + Paventra rehearsal assumptions,2026-08-16
NAP-ROAD-112,NAP-112-9182163801684538016846,Ward St,,,Napoleon Township,42.19172728222778,-84.23080320122347,0.031893,2,Asphalt,Local,65,2026-08-16,Medium,1000,10,Moderate,Crack Seal,1,provisional,Michigan GIS Open Data + Paventra rehearsal assumptions,2026-08-16
NAP-ROAD-113,NAP-113-9156093801146738011269,Lakeshore Blvd,,,Napoleon Township,42.19148339264027,-84.24827891015227,0.125965,2,Asphalt,Local,65,2026-08-16,Medium,1000,10,Moderate,Crack Seal,1,provisional,Michigan GIS Open Data + Paventra rehearsal assumptions,2026-08-16
NAP-ROAD-114,NAP-114-33806643801146738011321,Fairview Dr,,,Napoleon Township,42.19148339264027,-84.24827891015227,0.202371,2,Asphalt,Local,65,2026-08-16,Medium,1000,10,Moderate,Crack Seal,1,provisional,Michigan GIS Open Data + Paventra rehearsal assumptions,2026-08-16
NAP-ROAD-115,NAP-115-33810323801146538020542,Greenes Dr,,,Napoleon Township,42.191274204592865,-84.2292382853931,0.021786,2,Asphalt,Local,65,2026-08-16,Medium,1000,10,Moderate,Crack Seal,1,provisional,Michigan GIS Open Data + Paventra rehearsal assumptions,2026-08-16
NAP-ROAD-116,NAP-116-33815283802054238020537,Greenes Dr,,,Napoleon Township,42.19117583155364,-84.22963386700873,0.024338,2,Asphalt,Local,65,2026-08-16,Medium,1000,10,Moderate,Crack Seal,1,provisional,Michigan GIS Open Data + Paventra rehearsal assumptions,2026-08-16
NAP-ROAD-117,NAP-117-9182193801684838011402,Greenes Dr,,,Napoleon Township,42.19113189988998,-84.2289749917233,0.043037,2,Asphalt,Local,65,2026-08-16,Medium,1000,10,Moderate,Crack Seal,1,provisional,Michigan GIS Open Data + Paventra rehearsal assumptions,2026-08-16
NAP-ROAD-118,NAP-118-33810323801684838011465,Greenes Dr,,,Napoleon Township,42.19113189988998,-84.2289749917233,0.017058,2,Asphalt,Local,65,2026-08-16,Medium,1000,10,Moderate,Crack Seal,1,provisional,Michigan GIS Open Data + Paventra rehearsal assumptions,2026-08-16
NAP-ROAD-119,NAP-119-9156093801147538011467,Lakeshore Blvd,,,Napoleon Township,42.19136211371717,-84.24815212463618,0.010598,2,Asphalt,Local,65,2026-08-16,Medium,1000,10,Moderate,Crack Seal,1,provisional,Michigan GIS Open Data + Paventra rehearsal assumptions,2026-08-16
NAP-ROAD-120,NAP-120-8993103801107738011072,Brooklyn Rd,,,Napoleon Township,42.196974023888515,-84.36456974230413,0.259355,2,Asphalt,Local,65,2026-08-16,Medium,1000,10,Moderate,Crack Seal,1,provisional,Michigan GIS Open Data + Paventra rehearsal assumptions,2026-08-16
NAP-ROAD-121,NAP-121-9159023801111138019740,S Portage Rd,,,Napoleon Township,42.19529089949698,-84.26814503802434,0.062053,2,Asphalt,Local,65,2026-08-16,Medium,1000,10,Moderate,Crack Seal,1,provisional,Michigan GIS Open Data + Paventra rehearsal assumptions,2026-08-16
NAP-ROAD-122,NAP-122-9011073801110938011022,Moon Lake Rd,,,Napoleon Township,42.19566466895771,-84.30708027617872,0.435035,2,Asphalt,Local,65,2026-08-16,Medium,1000,10,Moderate,Crack Seal,1,provisional,Michigan GIS Open Data + Paventra rehearsal assumptions,2026-08-16
NAP-ROAD-123,NAP-123-9157053801110938017600,Anthony Dr,,,Napoleon Township,42.19566466895771,-84.30708027617872,0.2,2,Asphalt,Local,65,2026-08-16,Medium,1000,10,Moderate,Crack Seal,1,provisional,Michigan GIS Open Data + Paventra rehearsal assumptions,2026-08-16
NAP-ROAD-124,NAP-124-33812193801974138019739,Kitty Ln,,,Napoleon Township,42.19498364054907,-84.26550372152738,0.091364,2,Asphalt,Local,65,2026-08-16,Medium,1000,10,Moderate,Crack Seal,1,provisional,Michigan GIS Open Data + Paventra rehearsal assumptions,2026-08-16
NAP-ROAD-125,NAP-125-33812183801974238019740,Kitty Ln,,,Napoleon Township,42.194827787467,-84.26631081977948,0.087381,2,Asphalt,Local,65,2026-08-16,Medium,1000,10,Moderate,Crack Seal,1,provisional,Michigan GIS Open Data + Paventra rehearsal assumptions,2026-08-16
NAP-ROAD-126,NAP-126-33812203801974238019741,N Olcott Lake Rd,,,Napoleon Township,42.194827787467,-84.26631081977948,0.043983,2,Asphalt,Local,65,2026-08-16,Medium,1000,10,Moderate,Crack Seal,1,provisional,Michigan GIS Open Data + Paventra rehearsal assumptions,2026-08-16
NAP-ROAD-127,NAP-127-9157183801100838011138,Dollar Lake Rd,,,Napoleon Township,42.19653396043516,-84.28572872988727,0.099554,2,Asphalt,Local,65,2026-08-16,Medium,1000,10,Moderate,Crack Seal,1,provisional,Michigan GIS Open Data + Paventra rehearsal assumptions,2026-08-16
NAP-ROAD-128,NAP-128-9181093801117238010888,Wolf Lake Rd,,,Napoleon Township,42.19389133865288,-84.2204115899579,0.192562,2,Asphalt,Local,65,2026-08-16,Medium,1000,10,Moderate,Crack Seal,1,provisional,Michigan GIS Open Data + Paventra rehearsal assumptions,2026-08-16
NAP-ROAD-129,NAP-129-9154103801117238010901,Sandbeach Rd,,,Napoleon Township,42.19389133865288,-84.2204115899579,0.468874,2,Asphalt,Local,65,2026-08-16,Medium,1000,10,Moderate,Crack Seal,1,provisional,Michigan GIS Open Data + Paventra rehearsal assumptions,2026-08-16
NAP-ROAD-130,NAP-130-9159023801118138011111,S Portage Rd,,,Napoleon Township,42.19465007947347,-84.27529310750937,0.392832,2,Asphalt,Local,65,2026-08-16,Medium,1000,10,Moderate,Crack Seal,1,provisional,Michigan GIS Open Data + Paventra rehearsal assumptions,2026-08-16
NAP-ROAD-131,NAP-131-9012033801118138011000,Napoleon Rd,,,Napoleon Township,42.19465007947347,-84.27529310750937,0.168438,2,Asphalt,Local,65,2026-08-16,Medium,1000,10,Moderate,Crack Seal,1,provisional,Michigan GIS Open Data + Paventra rehearsal assumptions,2026-08-16
NAP-ROAD-132,NAP-132-8994033801118238011054,Miles Rd,,,Napoleon Township,42.195732071848106,-84.34792645568852,0.176594,2,Asphalt,Local,65,2026-08-16,Medium,1000,10,Moderate,Crack Seal,1,provisional,Michigan GIS Open Data + Paventra rehearsal assumptions,2026-08-16
NAP-ROAD-133,NAP-133-9181093801175338011598,Wolf Lake Rd,,,Napoleon Township,42.18711263934209,-84.22084981117555,0.174332,2,Asphalt,Local,65,2026-08-16,Medium,1000,10,Moderate,Crack Seal,1,provisional,Michigan GIS Open Data + Paventra rehearsal assumptions,2026-08-16
NAP-ROAD-134,NAP-134-33813683802011738020115,Donavon Dr,,,Napoleon Township,42.190489448499356,-84.3174434964466,0.141373,2,Asphalt,Local,65,2026-08-16,Medium,1000,10,Moderate,Crack Seal,1,provisional,Michigan GIS Open Data + Paventra rehearsal assumptions,2026-08-16
NAP-ROAD-135,NAP-135-33811073801882838018829,Emerald Dr,,,Napoleon Township,42.18888682083065,-84.30692276697629,0.250054,2,Asphalt,Local,65,2026-08-16,Medium,1000,10,Moderate,Crack Seal,1,provisional,Michigan GIS Open Data + Paventra rehearsal assumptions,2026-08-16
NAP-ROAD-136,NAP-136-9159013801180138011600,Olcott Lake Dr,,,Napoleon Township,42.18761368000863,-84.27160530349443,0.262483,2,Asphalt,Local,65,2026-08-16,Medium,1000,10,Moderate,Crack Seal,1,provisional,Michigan GIS Open Data + Paventra rehearsal assumptions,2026-08-16
NAP-ROAD-137,NAP-137-9012033801180138011344,Napoleon Rd,,,Napoleon Township,42.18761368000863,-84.27160530349443,0.433353,2,Asphalt,Local,65,2026-08-16,Medium,1000,10,Moderate,Crack Seal,1,provisional,Michigan GIS Open Data + Paventra rehearsal assumptions,2026-08-16
NAP-ROAD-138,NAP-138-9154083801173938011774,Rexford Rd,,,Napoleon Township,42.18743785379931,-84.2303759545695,0.041092,2,Asphalt,Local,65,2026-08-16,Medium,1000,10,Moderate,Crack Seal,1,provisional,Michigan GIS Open Data + Paventra rehearsal assumptions,2026-08-16
NAP-ROAD-139,NAP-139-9011073801177538018828,Moon Lake Rd,,,Napoleon Township,42.188058793823785,-84.30690453029673,0.057135,2,Asphalt,Local,65,2026-08-16,Medium,1000,10,Moderate,Crack Seal,1,provisional,Michigan GIS Open Data + Paventra rehearsal assumptions,2026-08-16
NAP-ROAD-140,NAP-140-8993103802011238011775,Brooklyn Rd,,,Napoleon Township,42.190108620985114,-84.31336954554075,0.360604,2,Asphalt,Local,65,2026-08-16,Medium,1000,10,Moderate,Crack Seal,1,provisional,Michigan GIS Open Data + Paventra rehearsal assumptions,2026-08-16
NAP-ROAD-141,NAP-141-03801173938011787,Unnamed Road,,,Napoleon Township,42.18743785379931,-84.2303759545695,0.079948,2,Asphalt,Local,65,2026-08-16,Medium,1000,10,Moderate,Crack Seal,1,provisional,Michigan GIS Open Data + Paventra rehearsal assumptions,2026-08-16
NAP-ROAD-142,NAP-142-9154083801177438011787,Rexford Rd,,,Napoleon Township,42.18690578112264,-84.2300224670976,0.043939,2,Asphalt,Local,65,2026-08-16,Medium,1000,10,Moderate,Crack Seal,1,provisional,Michigan GIS Open Data + Paventra rehearsal assumptions,2026-08-16
NAP-ROAD-143,NAP-143-9154083801178738011753,Rexford Rd,,,Napoleon Township,42.1866238368148,-84.22927169329033,0.433643,2,Asphalt,Local,65,2026-08-16,Medium,1000,10,Moderate,Crack Seal,1,provisional,Michigan GIS Open Data + Paventra rehearsal assumptions,2026-08-16
NAP-ROAD-144,NAP-144-33810683802054338011644,Oak Point Rd,,,Napoleon Township,42.18653263110003,-84.24886273561808,0.188037,2,Asphalt,Local,65,2026-08-16,Medium,1000,10,Moderate,Crack Seal,1,provisional,Michigan GIS Open Data + Paventra rehearsal assumptions,2026-08-16
NAP-ROAD-145,NAP-145-33815273802054338020532,Clyde Gorsuch Dr,,,Napoleon Township,42.18653263110003,-84.24886273561808,0.134622,2,Asphalt,Local,65,2026-08-16,Medium,1000,10,Moderate,Crack Seal,1,provisional,Michigan GIS Open Data + Paventra rehearsal assumptions,2026-08-16
NAP-ROAD-146,NAP-146-33809853801701838025564,S Price Lake Dr,,,Napoleon Township,42.20906304342149,-84.2918044507628,0.133547,2,Asphalt,Local,65,2026-08-16,Medium,1000,10,Moderate,Crack Seal,1,provisional,Michigan GIS Open Data + Paventra rehearsal assumptions,2026-08-16
NAP-ROAD-147,NAP-147-33809853802556438025563,S Price Lake Dr,,,Napoleon Township,42.207391224548175,-84.2906190950961,0.021405,2,Asphalt,Local,65,2026-08-16,Medium,1000,10,Moderate,Crack Seal,1,provisional,Michigan GIS Open Data + Paventra rehearsal assumptions,2026-08-16
NAP-ROAD-148,NAP-148-33801033802541538010045,Hoyer Rd,,,Napoleon Township,42.20664006287352,-84.33153364617213,0.321309,2,Asphalt,Local,65,2026-08-16,Medium,1000,10,Moderate,Crack Seal,1,provisional,Michigan GIS Open Data + Paventra rehearsal assumptions,2026-08-16
NAP-ROAD-149,NAP-149-9154063801225438012243,Cady Rd,,,Napoleon Township,42.17461090332062,-84.23854053941714,0.398481,2,Asphalt,Local,65,2026-08-16,Medium,1000,10,Moderate,Crack Seal,1,provisional,Michigan GIS Open Data + Paventra rehearsal assumptions,2026-08-16
NAP-ROAD-150,NAP-150-9011033801226038021747,Ackerson Lake Rd,,,Napoleon Township,42.17621033173412,-84.34764772043114,0.141224,2,Asphalt,Local,65,2026-08-16,Medium,1000,10,Moderate,Crack Seal,1,provisional,Michigan GIS Open Data + Paventra rehearsal assumptions,2026-08-16
NAP-ROAD-151,NAP-151-8991063801222838012260,Hart Rd,,,Napoleon Township,42.17690226372119,-84.3501575973922,0.137364,2,Asphalt,Local,65,2026-08-16,Medium,1000,10,Moderate,Crack Seal,1,provisional,Michigan GIS Open Data + Paventra rehearsal assumptions,2026-08-16
NAP-ROAD-152,NAP-152-9154063801226138012254,Cady Rd,,,Napoleon Township,42.17456179470056,-84.24128061501763,0.14066,2,Asphalt,Local,65,2026-08-16,Medium,1000,10,Moderate,Crack Seal,1,provisional,Michigan GIS Open Data + Paventra rehearsal assumptions,2026-08-16
NAP-ROAD-153,NAP-153-9012023801226838012223,Flamingo Dr,,,Napoleon Township,42.17504033186845,-84.27357211844154,0.079676,2,Asphalt,Local,65,2026-08-16,Medium,1000,10,Moderate,Crack Seal,1,provisional,Michigan GIS Open Data + Paventra rehearsal assumptions,2026-08-16
NAP-ROAD-154,NAP-154-9155193801220238012266,Cranberry Lake Dr,,,Napoleon Township,42.177224951897614,-84.32939368439706,0.152175,2,Asphalt,Local,65,2026-08-16,Medium,1000,10,Moderate,Crack Seal,1,provisional,Michigan GIS Open Data + Paventra rehearsal assumptions,2026-08-16
NAP-ROAD-155,NAP-155-33800253801226838012223,Meadowlark Cir,,,Napoleon Township,42.17504033186845,-84.27357211844154,0.245352,2,Asphalt,Local,65,2026-08-16,Medium,1000,10,Moderate,Crack Seal,1,provisional,Michigan GIS Open Data + Paventra rehearsal assumptions,2026-08-16
NAP-ROAD-156,NAP-156-9154063801854238012261,Cady Rd,,,Napoleon Township,42.17444988353723,-84.24534932918476,0.208948,2,Asphalt,Local,65,2026-08-16,Medium,1000,10,Moderate,Crack Seal,1,provisional,Michigan GIS Open Data + Paventra rehearsal assumptions,2026-08-16
NAP-ROAD-157,NAP-157-9154063801226538018542,Cady Rd,,,Napoleon Township,42.174443413405086,-84.24558442090132,0.012073,2,Asphalt,Local,65,2026-08-16,Medium,1000,10,Moderate,Crack Seal,1,provisional,Michigan GIS Open Data + Paventra rehearsal assumptions,2026-08-16
NAP-ROAD-158,NAP-158-33810683801226538020543,Oak Point Rd,,,Napoleon Township,42.174443413405086,-84.24558442090132,0.903157,2,Asphalt,Local,65,2026-08-16,Medium,1000,10,Moderate,Crack Seal,1,provisional,Michigan GIS Open Data + Paventra rehearsal assumptions,2026-08-16
NAP-ROAD-159,NAP-159-9154063801223938012265,Cady Rd,,,Napoleon Township,42.175376344944176,-84.26329427193252,0.918488,2,Asphalt,Local,65,2026-08-16,Medium,1000,10,Moderate,Crack Seal,1,provisional,Michigan GIS Open Data + Paventra rehearsal assumptions,2026-08-16
NAP-ROAD-160,NAP-160-9157073801074038018223,Bonnymede Ct,,,Napoleon Township,42.200089294833774,-84.3021596155811,0.100965,2,Asphalt,Local,65,2026-08-16,Medium,1000,10,Moderate,Crack Seal,1,provisional,Michigan GIS Open Data + Paventra rehearsal assumptions,2026-08-16
NAP-ROAD-161,NAP-161-9157073801075538010740,Bonnymede Ct,,,Napoleon Township,42.19988213620462,-84.30165387787588,0.030285,2,Asphalt,Local,65,2026-08-16,Medium,1000,10,Moderate,Crack Seal,1,provisional,Michigan GIS Open Data + Paventra rehearsal assumptions,2026-08-16
NAP-ROAD-162,NAP-162-33801063801079238010779,Elkton Dr,,,Napoleon Township,42.20002116911599,-84.3531356651354,0.03987,2,Asphalt,Local,65,2026-08-16,Medium,1000,10,Moderate,Crack Seal,1,provisional,Michigan GIS Open Data + Paventra rehearsal assumptions,2026-08-16
NAP-ROAD-163,NAP-163-9157073801083338010755,Bonnymede Ln,,,Napoleon Township,42.198555320501484,-84.29878193148548,0.191089,2,Asphalt,Local,65,2026-08-16,Medium,1000,10,Moderate,Crack Seal,1,provisional,Michigan GIS Open Data + Paventra rehearsal assumptions,2026-08-16
NAP-ROAD-164,NAP-164-9158173801075538010836,Innisbrook Dr,,,Napoleon Township,42.19988213620462,-84.30165387787588,0.089789,2,Asphalt,Local,65,2026-08-16,Medium,1000,10,Moderate,Crack Seal,1,provisional,Michigan GIS Open Data + Paventra rehearsal assumptions,2026-08-16
NAP-ROAD-165,NAP-165-9158063801083438010833,Inverness Ln,,,Napoleon Township,42.19854759569144,-84.29997279931956,0.061096,2,Asphalt,Local,65,2026-08-16,Medium,1000,10,Moderate,Crack Seal,1,provisional,Michigan GIS Open Data + Paventra rehearsal assumptions,2026-08-16
NAP-ROAD-166,NAP-166-9158063801083638010834,Inverness Ln,,,Napoleon Township,42.19858705594708,-84.3016862503426,0.087943,2,Asphalt,Local,65,2026-08-16,Medium,1000,10,Moderate,Crack Seal,1,provisional,Michigan GIS Open Data + Paventra rehearsal assumptions,2026-08-16
NAP-ROAD-167,NAP-167-9157053801760038010582,Anthony Dr,,,Napoleon Township,42.198561503954224,-84.30720825337833,0.467857,2,Asphalt,Local,65,2026-08-16,Medium,1000,10,Moderate,Crack Seal,1,provisional,Michigan GIS Open Data + Paventra rehearsal assumptions,2026-08-16
NAP-ROAD-168,NAP-168-33801063801085738010792,Elkton Dr,,,Napoleon Township,42.19898193694399,-84.35460757204311,0.115848,2,Asphalt,Local,65,2026-08-16,Medium,1000,10,Moderate,Crack Seal,1,provisional,Michigan GIS Open Data + Paventra rehearsal assumptions,2026-08-16
NAP-ROAD-169,NAP-169-9010103801085738010763,Kenmar St,,,Napoleon Township,42.19898193694399,-84.35460757204311,0.110061,2,Asphalt,Local,65,2026-08-16,Medium,1000,10,Moderate,Crack Seal,1,provisional,Michigan GIS Open Data + Paventra rehearsal assumptions,2026-08-16
NAP-ROAD-170,NAP-170-9158173801083638010897,Innisbrook Dr,,,Napoleon Township,42.19858705594708,-84.3016862503426,0.03578,2,Asphalt,Local,65,2026-08-16,Medium,1000,10,Moderate,Crack Seal,1,provisional,Michigan GIS Open Data + Paventra rehearsal assumptions,2026-08-16
NAP-ROAD-171,NAP-171-9173063801088838010853,Orban Rd,,,Napoleon Township,42.196681309416164,-84.22030661707065,0.496371,2,Asphalt,Local,65,2026-08-16,Medium,1000,10,Moderate,Crack Seal,1,provisional,Michigan GIS Open Data + Paventra rehearsal assumptions,2026-08-16
NAP-ROAD-172,NAP-172-9154033801262138012617,Earl Ct,,,Napoleon Township,42.165007647757704,-84.24566745843201,0.125,2,Asphalt,Local,65,2026-08-16,Medium,1000,10,Moderate,Crack Seal,1,provisional,Michigan GIS Open Data + Paventra rehearsal assumptions,2026-08-16
NAP-ROAD-173,NAP-173-9011013801118238011060,Miles Dr,,,Napoleon Township,42.195732071848106,-84.34792645568852,0.08195,2,Asphalt,Local,65,2026-08-16,Medium,1000,10,Moderate,Crack Seal,1,provisional,Michigan GIS Open Data + Paventra rehearsal assumptions,2026-08-16
NAP-ROAD-174,NAP-174-8994033801117938011182,Miles Rd,,,Napoleon Township,42.1958050968183,-84.3508632372111,0.151314,2,Asphalt,Local,65,2026-08-16,Medium,1000,10,Moderate,Crack Seal,1,provisional,Michigan GIS Open Data + Paventra rehearsal assumptions,2026-08-16
NAP-ROAD-175,NAP-175-8994033801119738011179,Miles Rd,,,Napoleon Township,42.195669179873406,-84.35262062821565,0.090767,2,Asphalt,Local,65,2026-08-16,Medium,1000,10,Moderate,Crack Seal,1,provisional,Michigan GIS Open Data + Paventra rehearsal assumptions,2026-08-16
NAP-ROAD-176,NAP-176-9161093801856938011190,Hollywood Dr,,,Napoleon Township,42.19419164701143,-84.24663488876082,0.067637,2,Asphalt,Local,65,2026-08-16,Medium,1000,10,Moderate,Crack Seal,1,provisional,Michigan GIS Open Data + Paventra rehearsal assumptions,2026-08-16
NAP-ROAD-177,NAP-177-9182033801285138020028,Stony Lake Rd,,,Napoleon Township,42.16009359376829,-84.25559975709977,0.262512,2,Asphalt,Local,65,2026-08-16,Medium,1000,10,Moderate,Crack Seal,1,provisional,Michigan GIS Open Data + Paventra rehearsal assumptions,2026-08-16
NAP-ROAD-178,NAP-178-33800023801284038012349,Clark Lake Rd,,,Napoleon Township,42.16122431530122,-84.33048139574284,0.899123,2,Asphalt,Local,65,2026-08-16,Medium,1000,10,Moderate,Crack Seal,1,provisional,Michigan GIS Open Data + Paventra rehearsal assumptions,2026-08-16
NAP-ROAD-179,NAP-179-9155013801763738012756,Stony Lake Rd,,,Napoleon Township,42.16050864892421,-84.28411367456363,0.362288,2,Asphalt,Local,65,2026-08-16,Medium,1000,10,Moderate,Crack Seal,1,provisional,Michigan GIS Open Data + Paventra rehearsal assumptions,2026-08-16
NAP-ROAD-180,NAP-180-33810093801763738017638,Taylorfield Rd,,,Napoleon Township,42.16050864892421,-84.28411367456363,0.415131,2,Asphalt,Local,65,2026-08-16,Medium,1000,10,Moderate,Crack Seal,1,provisional,Michigan GIS Open Data + Paventra rehearsal assumptions,2026-08-16
NAP-ROAD-181,NAP-181-9155013801285338012851,N Stony Lake Rd,,,Napoleon Township,42.1601431599383,-84.26147349081221,0.301526,2,Asphalt,Local,65,2026-08-16,Medium,1000,10,Moderate,Crack Seal,1,provisional,Michigan GIS Open Data + Paventra rehearsal assumptions,2026-08-16
NAP-ROAD-182,NAP-182-9155013801285438012853,N Stony Lake Rd,,,Napoleon Township,42.1601608461813,-84.26307225883127,0.082076,2,Asphalt,Local,65,2026-08-16,Medium,1000,10,Moderate,Crack Seal,1,provisional,Michigan GIS Open Data + Paventra rehearsal assumptions,2026-08-16
NAP-ROAD-183,NAP-183-9012033801285438012506,Napoleon Rd,,,Napoleon Township,42.1601608461813,-84.26307225883127,0.565987,2,Asphalt,Local,65,2026-08-16,Medium,1000,10,Moderate,Crack Seal,1,provisional,Michigan GIS Open Data + Paventra rehearsal assumptions,2026-08-16
NAP-ROAD-184,NAP-184-9155013802054438012849,N Stony Lake Rd,,,Napoleon Township,42.16124224870024,-84.27212948716506,0.094288,2,Asphalt,Local,65,2026-08-16,Medium,1000,10,Moderate,Crack Seal,1,provisional,Michigan GIS Open Data + Paventra rehearsal assumptions,2026-08-16
NAP-ROAD-185,NAP-185-9155013802041938012854,N Stony Lake Rd,,,Napoleon Township,42.1602231190571,-84.26967398611185,0.33895,2,Asphalt,Local,65,2026-08-16,Medium,1000,10,Moderate,Crack Seal,1,provisional,Michigan GIS Open Data + Paventra rehearsal assumptions,2026-08-16
NAP-ROAD-186,NAP-186-33815043802041938020327,Alexis Dr,,,Napoleon Township,42.1602231190571,-84.26967398611185,0.116373,2,Asphalt,Local,65,2026-08-16,Medium,1000,10,Moderate,Crack Seal,1,provisional,Michigan GIS Open Data + Paventra rehearsal assumptions,2026-08-16
NAP-ROAD-187,NAP-187-8991103801009838010063,S US 127,,,Napoleon Township,42.21075028047431,-84.3646822662838,0.065044,2,Asphalt,Local,65,2026-08-16,Medium,1000,10,Moderate,Crack Seal,1,provisional,Michigan GIS Open Data + Paventra rehearsal assumptions,2026-08-16
NAP-ROAD-188,NAP-188-8991093801010938010064,N US 127,,,Napoleon Township,42.2104591437126,-84.36468809842955,0.089471,2,Asphalt,Local,65,2026-08-16,Medium,1000,10,Moderate,Crack Seal,1,provisional,Michigan GIS Open Data + Paventra rehearsal assumptions,2026-08-16
NAP-ROAD-189,NAP-189-33809853801728738017018,S Price Lake Dr,,,Napoleon Township,42.211054895073076,-84.29207971052926,0.14204,2,Asphalt,Local,65,2026-08-16,Medium,1000,10,Moderate,Crack Seal,1,provisional,Michigan GIS Open Data + Paventra rehearsal assumptions,2026-08-16
NAP-ROAD-190,NAP-190-33815793802141938021420,Unknown,,,Napoleon Township,42.18271370207726,-84.34537639779074,0.084758,2,Asphalt,Local,65,2026-08-16,Medium,1000,10,Moderate,Crack Seal,1,provisional,Michigan GIS Open Data + Paventra rehearsal assumptions,2026-08-16
NAP-ROAD-191,NAP-191-9011033801207738021419,Ackerson Lake Rd,,,Napoleon Township,42.180859570746144,-84.34532847893318,0.127957,2,Asphalt,Local,65,2026-08-16,Medium,1000,10,Moderate,Crack Seal,1,provisional,Michigan GIS Open Data + Paventra rehearsal assumptions,2026-08-16
NAP-ROAD-192,NAP-192-18941193801207738012074,Cedar Rd,,,Napoleon Township,42.180859570746144,-84.34532847893318,0.175755,2,Asphalt,Local,65,2026-08-16,Medium,1000,10,Moderate,Crack Seal,1,provisional,Michigan GIS Open Data + Paventra rehearsal assumptions,2026-08-16
NAP-ROAD-193,NAP-193-8993103801200738012112,Brooklyn Rd,,,Napoleon Township,42.18195251011401,-84.29465894661799,0.425852,2,Asphalt,Local,65,2026-08-16,Medium,1000,10,Moderate,Crack Seal,1,provisional,Michigan GIS Open Data + Paventra rehearsal assumptions,2026-08-16
NAP-ROAD-194,NAP-194-9011083801214138012005,Benton Rd,,,Napoleon Township,42.178410669804634,-84.30673423128553,0.258662,2,Asphalt,Local,65,2026-08-16,Medium,1000,10,Moderate,Crack Seal,1,provisional,Michigan GIS Open Data + Paventra rehearsal assumptions,2026-08-16
NAP-ROAD-195,NAP-195-9012013801212738012106,Squires Rd,,,Napoleon Township,42.17791335680789,-84.27779030754529,0.028551,2,Asphalt,Local,65,2026-08-16,Medium,1000,10,Moderate,Crack Seal,1,provisional,Michigan GIS Open Data + Paventra rehearsal assumptions,2026-08-16
NAP-ROAD-196,NAP-196-8991063801216538020329,Hart Rd,,,Napoleon Township,42.17873543610059,-84.36430252340169,0.126129,2,Asphalt,Local,65,2026-08-16,Medium,1000,10,Moderate,Crack Seal,1,provisional,Michigan GIS Open Data + Paventra rehearsal assumptions,2026-08-16
NAP-ROAD-197,NAP-197-33801303801203438012165,Meridian Rd,,,Napoleon Township,42.182306200802635,-84.36445176885371,0.247812,2,Asphalt,Local,65,2026-08-16,Medium,1000,10,Moderate,Crack Seal,1,provisional,Michigan GIS Open Data + Paventra rehearsal assumptions,2026-08-16
NAP-ROAD-198,NAP-198-8991063802032938012171,Hart Rd,,,Napoleon Township,42.17874913826775,-84.36184470926621,0.310076,2,Asphalt,Local,65,2026-08-16,Medium,1000,10,Moderate,Crack Seal,1,provisional,Michigan GIS Open Data + Paventra rehearsal assumptions,2026-08-16
NAP-ROAD-199,NAP-199-8991063801217138021781,Hart Rd,,,Napoleon Township,42.17855083803662,-84.35585336304554,0.012731,2,Asphalt,Local,65,2026-08-16,Medium,1000,10,Moderate,Crack Seal,1,provisional,Michigan GIS Open Data + Paventra rehearsal assumptions,2026-08-16
NAP-ROAD-200,NAP-200-9012023801216638012127,Flamingo Dr,,,Napoleon Township,42.177050248288616,-84.27393375626491,0.222386,2,Asphalt,Local,65,2026-08-16,Medium,1000,10,Moderate,Crack Seal,1,provisional,Michigan GIS Open Data + Paventra rehearsal assumptions,2026-08-16
NAP-ROAD-201,NAP-201-33801033802541438025415,Hoyer Rd,,,Napoleon Township,42.20559692632884,-84.3325149114238,0.089299,2,Asphalt,Local,65,2026-08-16,Medium,1000,10,Moderate,Crack Seal,1,provisional,Michigan GIS Open Data + Paventra rehearsal assumptions,2026-08-16
NAP-ROAD-202,NAP-202-9157073801822338010638,Bonnymede Ct,,,Napoleon Township,42.201546858982276,-84.30224141642707,0.033777,2,Asphalt,Local,65,2026-08-16,Medium,1000,10,Moderate,Crack Seal,1,provisional,Michigan GIS Open Data + Paventra rehearsal assumptions,2026-08-16
NAP-ROAD-203,NAP-203-19209193801686138016868,Foxmoore Ct,,,Napoleon Township,42.17165412823064,-84.28276621589075,0.05882,2,Asphalt,Local,65,2026-08-16,Medium,1000,10,Moderate,Crack Seal,1,provisional,Michigan GIS Open Data + Paventra rehearsal assumptions,2026-08-16
NAP-ROAD-204,NAP-204-33800273801686538012409,Country View Blvd,,,Napoleon Township,42.1708743500127,-84.28443820517576,0.228845,2,Asphalt,Local,65,2026-08-16,Medium,1000,10,Moderate,Crack Seal,1,provisional,Michigan GIS Open Data + Paventra rehearsal assumptions,2026-08-16
NAP-ROAD-205,NAP-205-9161063801244538012422,Thru Roamin Dr,,,Napoleon Township,42.1698800944422,-84.24130661689027,0.035751,2,Asphalt,Local,65,2026-08-16,Medium,1000,10,Moderate,Crack Seal,1,provisional,Michigan GIS Open Data + Paventra rehearsal assumptions,2026-08-16
NAP-ROAD-206,NAP-206-9011033802544538021746,Ackerson Lake Rd,,,Napoleon Township,42.171421122114346,-84.34773698582853,0.180114,2,Asphalt,Local,65,2026-08-16,Medium,1000,10,Moderate,Crack Seal,1,provisional,Michigan GIS Open Data + Paventra rehearsal assumptions,2026-08-16
NAP-ROAD-207,NAP-207-19209063801686338016860,Shotsilk Dr,,,Napoleon Township,42.169544388450205,-84.28098784741789,0.095644,2,Asphalt,Local,65,2026-08-16,Medium,1000,10,Moderate,Crack Seal,1,provisional,Michigan GIS Open Data + Paventra rehearsal assumptions,2026-08-16
NAP-ROAD-208,NAP-208-19209043801686338016859,Silkworth Blvd,,,Napoleon Township,42.169544388450205,-84.28098784741789,0.145569,2,Asphalt,Local,65,2026-08-16,Medium,1000,10,Moderate,Crack Seal,1,provisional,Michigan GIS Open Data + Paventra rehearsal assumptions,2026-08-16
NAP-ROAD-209,NAP-209-19209063801686738016863,Shotsilk Dr,,,Napoleon Township,42.16956186827131,-84.2860159304645,0.258062,2,Asphalt,Local,65,2026-08-16,Medium,1000,10,Moderate,Crack Seal,1,provisional,Michigan GIS Open Data + Paventra rehearsal assumptions,2026-08-16
NAP-ROAD-210,NAP-210-9012033801250638012239,Napoleon Rd,,,Napoleon Township,42.16836406282069,-84.2631680426034,0.483836,2,Asphalt,Local,65,2026-08-16,Medium,1000,10,Moderate,Crack Seal,1,provisional,Michigan GIS Open Data + Paventra rehearsal assumptions,2026-08-16
NAP-ROAD-211,NAP-211-8993103801236938012506,Brooklyn Rd,,,Napoleon Township,42.1721589637486,-84.27192339971415,0.520064,2,Asphalt,Local,65,2026-08-16,Medium,1000,10,Moderate,Crack Seal,1,provisional,Michigan GIS Open Data + Paventra rehearsal assumptions,2026-08-16
NAP-ROAD-212,NAP-212-33815263801250838020529,West St,,,Napoleon Township,42.16810359175126,-84.24849089434319,0.050797,2,Asphalt,Local,65,2026-08-16,Medium,1000,10,Moderate,Crack Seal,1,provisional,Michigan GIS Open Data + Paventra rehearsal assumptions,2026-08-16
NAP-ROAD-213,NAP-213-9161043801250938016837,Depot Ct,,,Napoleon Township,42.168079232658506,-84.24700789312035,0.052083,2,Asphalt,Local,65,2026-08-16,Medium,1000,10,Moderate,Crack Seal,1,provisional,Michigan GIS Open Data + Paventra rehearsal assumptions,2026-08-16
NAP-ROAD-214,NAP-214-9012073801250838012509,North St,,,Napoleon Township,42.16810359175126,-84.24849089434319,0.076803,2,Asphalt,Local,65,2026-08-16,Medium,1000,10,Moderate,Crack Seal,1,provisional,Michigan GIS Open Data + Paventra rehearsal assumptions,2026-08-16
NAP-ROAD-215,NAP-215-33810473801824538018242,White Tail Ln,,,Napoleon Township,42.18496961669445,-84.22534000170153,0.331824,2,Asphalt,Local,65,2026-08-16,Medium,1000,10,Moderate,Crack Seal,1,provisional,Michigan GIS Open Data + Paventra rehearsal assumptions,2026-08-16
NAP-ROAD-216,NAP-216-33810463801824238018245,Sunset Dr,,,Napoleon Township,42.18275450606927,-84.22529271131981,0.152845,2,Asphalt,Local,65,2026-08-16,Medium,1000,10,Moderate,Crack Seal,1,provisional,Michigan GIS Open Data + Paventra rehearsal assumptions,2026-08-16
NAP-ROAD-217,NAP-217-33810463801824138018242,Pheasant Crossing Rd,,,Napoleon Township,42.18264812027402,-84.23055045996729,0.269891,2,Asphalt,Local,65,2026-08-16,Medium,1000,10,Moderate,Crack Seal,1,provisional,Michigan GIS Open Data + Paventra rehearsal assumptions,2026-08-16
NAP-ROAD-218,NAP-218-9154093801824138020248,Baner Rd,,,Napoleon Township,42.18264812027402,-84.23055045996729,0.045416,2,Asphalt,Local,65,2026-08-16,Medium,1000,10,Moderate,Crack Seal,1,provisional,Michigan GIS Open Data + Paventra rehearsal assumptions,2026-08-16
NAP-ROAD-219,NAP-219-9011083802549238011922,Benton Rd,,,Napoleon Township,42.182282314960446,-84.3068012588064,0.148384,2,Asphalt,Local,65,2026-08-16,Medium,1000,10,Moderate,Crack Seal,1,provisional,Michigan GIS Open Data + Paventra rehearsal assumptions,2026-08-16
NAP-ROAD-220,NAP-220-8993103801177538011995,Brooklyn Rd,,,Napoleon Township,42.188058793823785,-84.30690453029673,0.754033,2,Asphalt,Local,65,2026-08-16,Medium,1000,10,Moderate,Crack Seal,1,provisional,Michigan GIS Open Data + Paventra rehearsal assumptions,2026-08-16
NAP-ROAD-221,NAP-221-9156083801200338011922,Milo Dr,,,Napoleon Township,42.1821781781299,-84.30395969391785,0.264608,2,Asphalt,Local,65,2026-08-16,Medium,1000,10,Moderate,Crack Seal,1,provisional,Michigan GIS Open Data + Paventra rehearsal assumptions,2026-08-16
NAP-ROAD-222,NAP-222-9011093801200338011995,Wells Rd,,,Napoleon Township,42.1821781781299,-84.30395969391785,0.466665,2,Asphalt,Local,65,2026-08-16,Medium,1000,10,Moderate,Crack Seal,1,provisional,Michigan GIS Open Data + Paventra rehearsal assumptions,2026-08-16
NAP-ROAD-223,NAP-223-9011093801200538012003,Wells Rd,,,Napoleon Township,42.18215948155945,-84.30680046764697,0.145776,2,Asphalt,Local,65,2026-08-16,Medium,1000,10,Moderate,Crack Seal,1,provisional,Michigan GIS Open Data + Paventra rehearsal assumptions,2026-08-16
NAP-ROAD-224,NAP-224-9011083801200538025492,Benton Rd,,,Napoleon Township,42.18215948155945,-84.30680046764697,0.008475,2,Asphalt,Local,65,2026-08-16,Medium,1000,10,Moderate,Crack Seal,1,provisional,Michigan GIS Open Data + Paventra rehearsal assumptions,2026-08-16
NAP-ROAD-225,NAP-225-8993103801199538012007,Brooklyn Rd,,,Napoleon Township,42.182091734434856,-84.29486619754609,0.014331,2,Asphalt,Local,65,2026-08-16,Medium,1000,10,Moderate,Crack Seal,1,provisional,Michigan GIS Open Data + Paventra rehearsal assumptions,2026-08-16
NAP-ROAD-226,NAP-226-9011033802141938011881,Ackerson Lake Rd,,,Napoleon Township,42.18271370207726,-84.34537639779074,0.225327,2,Asphalt,Local,65,2026-08-16,Medium,1000,10,Moderate,Crack Seal,1,provisional,Michigan GIS Open Data + Paventra rehearsal assumptions,2026-08-16
NAP-ROAD-227,NAP-227-9182033801327538013147,S Stony Lake Rd,,,Napoleon Township,42.1492475739632,-84.27746242699469,0.567609,2,Asphalt,Local,65,2026-08-16,Medium,1000,10,Moderate,Crack Seal,1,provisional,Michigan GIS Open Data + Paventra rehearsal assumptions,2026-08-16
NAP-ROAD-228,NAP-228-9178033801333038012912,Clark Lake Rd,,,Napoleon Township,42.14870815281007,-84.32569376147654,0.768703,2,Asphalt,Local,65,2026-08-16,Medium,1000,10,Moderate,Crack Seal,1,provisional,Michigan GIS Open Data + Paventra rehearsal assumptions,2026-08-16
NAP-ROAD-229,NAP-229-33810323802054238016852,Greenes Dr,,,Napoleon Township,42.19117583155364,-84.22963386700873,0.0281,2,Asphalt,Local,65,2026-08-16,Medium,1000,10,Moderate,Crack Seal,1,provisional,Michigan GIS Open Data + Paventra rehearsal assumptions,2026-08-16
NAP-ROAD-230,NAP-230-9157043801684338011406,Bay View Rd,,,Napoleon Township,42.19075697822016,-84.23281720766629,0.071581,2,Asphalt,Local,65,2026-08-16,Medium,1000,10,Moderate,Crack Seal,1,provisional,Michigan GIS Open Data + Paventra rehearsal assumptions,2026-08-16
NAP-ROAD-231,NAP-231-9182043801684338016844,Ken St,,,Napoleon Township,42.19075697822016,-84.23281720766629,0.017112,2,Asphalt,Local,65,2026-08-16,Medium,1000,10,Moderate,Crack Seal,1,provisional,Michigan GIS Open Data + Paventra rehearsal assumptions,2026-08-16
NAP-ROAD-232,NAP-232-9158013801125438011528,Ackerson Lake Dr,,,Napoleon Township,42.194831397051985,-84.35532163330754,0.153638,2,Asphalt,Local,65,2026-08-16,Medium,1000,10,Moderate,Crack Seal,1,provisional,Michigan GIS Open Data + Paventra rehearsal assumptions,2026-08-16
NAP-ROAD-233,NAP-233-9011063801150138011350,Bavarian Dr,,,Napoleon Township,42.19204231516218,-84.31994206660946,0.087955,2,Asphalt,Local,65,2026-08-16,Medium,1000,10,Moderate,Crack Seal,1,provisional,Michigan GIS Open Data + Paventra rehearsal assumptions,2026-08-16
NAP-ROAD-234,NAP-234-8993103802008038011501,Brooklyn Rd,,,Napoleon Township,42.1930927551095,-84.32323848514356,0.184134,2,Asphalt,Local,65,2026-08-16,Medium,1000,10,Moderate,Crack Seal,1,provisional,Michigan GIS Open Data + Paventra rehearsal assumptions,2026-08-16
NAP-ROAD-235,NAP-235-33810743801684838011522,Greens Dr,,,Napoleon Township,42.19113189988998,-84.2289749917233,0.051646,2,Asphalt,Local,65,2026-08-16,Medium,1000,10,Moderate,Crack Seal,1,provisional,Michigan GIS Open Data + Paventra rehearsal assumptions,2026-08-16
NAP-ROAD-236,NAP-236-9157023801153538011345,Springbrook Dr,,,Napoleon Township,42.19047115955156,-84.23762117315711,0.126288,2,Asphalt,Local,65,2026-08-16,Medium,1000,10,Moderate,Crack Seal,1,provisional,Michigan GIS Open Data + Paventra rehearsal assumptions,2026-08-16
NAP-ROAD-237,NAP-237-9157013801153938016854,Dellwood Dr,,,Napoleon Township,42.19047561447007,-84.2380712203466,0.048295,2,Asphalt,Local,65,2026-08-16,Medium,1000,10,Moderate,Crack Seal,1,provisional,Michigan GIS Open Data + Paventra rehearsal assumptions,2026-08-16
NAP-ROAD-238,NAP-238-9154083801153938011535,Rexford Rd,,,Napoleon Township,42.19047561447007,-84.2380712203466,0.023095,2,Asphalt,Local,65,2026-08-16,Medium,1000,10,Moderate,Crack Seal,1,provisional,Michigan GIS Open Data + Paventra rehearsal assumptions,2026-08-16
NAP-ROAD-239,NAP-239-9154083801154138011539,Rexford Rd,,,Napoleon Township,42.190499588234815,-84.23989170785279,0.093418,2,Asphalt,Local,65,2026-08-16,Medium,1000,10,Moderate,Crack Seal,1,provisional,Michigan GIS Open Data + Paventra rehearsal assumptions,2026-08-16
NAP-ROAD-240,NAP-240-9156103801154138011419,Fairmount Ave,,,Napoleon Township,42.190499588234815,-84.23989170785279,0.138422,2,Asphalt,Local,65,2026-08-16,Medium,1000,10,Moderate,Crack Seal,1,provisional,Michigan GIS Open Data + Paventra rehearsal assumptions,2026-08-16
NAP-ROAD-241,NAP-241-9161083801154038011301,Lakeview Dr,,,Napoleon Township,42.19057537959326,-84.24729288992937,0.497689,2,Asphalt,Local,65,2026-08-16,Medium,1000,10,Moderate,Crack Seal,1,provisional,Michigan GIS Open Data + Paventra rehearsal assumptions,2026-08-16
NAP-ROAD-242,NAP-242-33817333802033038018234,Allied Industrial Dr,,,Napoleon Township,42.17606211323405,-84.36182458610527,0.105592,2,Asphalt,Local,65,2026-08-16,Medium,1000,10,Moderate,Crack Seal,1,provisional,Michigan GIS Open Data + Paventra rehearsal assumptions,2026-08-16
NAP-ROAD-243,NAP-243-33814633802033038020329,Marathon Dr,,,Napoleon Township,42.17606211323405,-84.36182458610527,0.185387,2,Asphalt,Local,65,2026-08-16,Medium,1000,10,Moderate,Crack Seal,1,provisional,Michigan GIS Open Data + Paventra rehearsal assumptions,2026-08-16
NAP-ROAD-244,NAP-244-33817283802033038025608,Allied Industrial Dr,,,Napoleon Township,42.17606211323405,-84.36182458610527,0.092193,2,Asphalt,Local,65,2026-08-16,Medium,1000,10,Moderate,Crack Seal,1,provisional,Michigan GIS Open Data + Paventra rehearsal assumptions,2026-08-16
NAP-ROAD-245,NAP-245-9011103801227038012112,Wheaton Rd,,,Napoleon Township,42.17486865250436,-84.28744357517108,0.274952,2,Asphalt,Local,65,2026-08-16,Medium,1000,10,Moderate,Crack Seal,1,provisional,Michigan GIS Open Data + Paventra rehearsal assumptions,2026-08-16
NAP-ROAD-246,NAP-246-19210023801227038012269,McKay Dr,,,Napoleon Township,42.17486865250436,-84.28744357517108,0.162767,2,Asphalt,Local,65,2026-08-16,Medium,1000,10,Moderate,Crack Seal,1,provisional,Michigan GIS Open Data + Paventra rehearsal assumptions,2026-08-16
NAP-ROAD-247,NAP-247-9012013801227538012226,Squires Rd,,,Napoleon Township,42.17470364848263,-84.27777883977909,0.090301,2,Asphalt,Local,65,2026-08-16,Medium,1000,10,Moderate,Crack Seal,1,provisional,Michigan GIS Open Data + Paventra rehearsal assumptions,2026-08-16
NAP-ROAD-248,NAP-248-8993103801685738012275,Brooklyn Rd,,,Napoleon Township,42.17537337304498,-84.279377986988,0.094181,2,Asphalt,Local,65,2026-08-16,Medium,1000,10,Moderate,Crack Seal,1,provisional,Michigan GIS Open Data + Paventra rehearsal assumptions,2026-08-16
NAP-ROAD-249,NAP-249-9156013801229838012254,Amberton Dr,,,Napoleon Township,42.17363987072917,-84.23850867129303,0.067014,2,Asphalt,Local,65,2026-08-16,Medium,1000,10,Moderate,Crack Seal,1,provisional,Michigan GIS Open Data + Paventra rehearsal assumptions,2026-08-16
NAP-ROAD-250,NAP-250-9011103801229738012296,Wheaton Rd,,,Napoleon Township,42.17496046218605,-84.32590034269182,0.258951,2,Asphalt,Local,65,2026-08-16,Medium,1000,10,Moderate,Crack Seal,1,provisional,Michigan GIS Open Data + Paventra rehearsal assumptions,2026-08-16
NAP-ROAD-251,NAP-251-33800023801229738012185,Clark Lake Rd,,,Napoleon Township,42.17496046218605,-84.32590034269182,0.193575,2,Asphalt,Local,65,2026-08-16,Medium,1000,10,Moderate,Crack Seal,1,provisional,Michigan GIS Open Data + Paventra rehearsal assumptions,2026-08-16
NAP-ROAD-252,NAP-252-9161073801230038012298,Stetler Dr,,,Napoleon Township,42.17360558941416,-84.24034191856443,0.094113,2,Asphalt,Local,65,2026-08-16,Medium,1000,10,Moderate,Crack Seal,1,provisional,Michigan GIS Open Data + Paventra rehearsal assumptions,2026-08-16
NAP-ROAD-253,NAP-253-9161073801230438012300,Stetler Dr,,,Napoleon Township,42.17358672622529,-84.24125384000827,0.046818,2,Asphalt,Local,65,2026-08-16,Medium,1000,10,Moderate,Crack Seal,1,provisional,Michigan GIS Open Data + Paventra rehearsal assumptions,2026-08-16
NAP-ROAD-254,NAP-254-9155103801230438012261,Bessie Ln,,,Napoleon Township,42.17358672622529,-84.24125384000827,0.067286,2,Asphalt,Local,65,2026-08-16,Medium,1000,10,Moderate,Crack Seal,1,provisional,Michigan GIS Open Data + Paventra rehearsal assumptions,2026-08-16
NAP-ROAD-255,NAP-255-33806663801685838016857,Silkworth Blvd,,,Napoleon Township,42.17409783547191,-84.28034006901325,0.100907,2,Asphalt,Local,65,2026-08-16,Medium,1000,10,Moderate,Crack Seal,1,provisional,Michigan GIS Open Data + Paventra rehearsal assumptions,2026-08-16
NAP-ROAD-256,NAP-256-19209043801685838016856,Silkworth Blvd,,,Napoleon Township,42.17409783547191,-84.28034006901325,0.104599,2,Asphalt,Local,65,2026-08-16,Medium,1000,10,Moderate,Crack Seal,1,provisional,Michigan GIS Open Data + Paventra rehearsal assumptions,2026-08-16
NAP-ROAD-257,NAP-257-9012023801230738012268,Flamingo Dr,,,Napoleon Township,42.173654684559196,-84.27355805987257,0.095607,2,Asphalt,Local,65,2026-08-16,Medium,1000,10,Moderate,Crack Seal,1,provisional,Michigan GIS Open Data + Paventra rehearsal assumptions,2026-08-16
NAP-ROAD-258,NAP-258-9155013801284938020419,N Stony Lake Rd,,,Napoleon Township,42.16025629474495,-84.27095590408328,0.065929,2,Asphalt,Local,65,2026-08-16,Medium,1000,10,Moderate,Crack Seal,1,provisional,Michigan GIS Open Data + Paventra rehearsal assumptions,2026-08-16
NAP-ROAD-259,NAP-259-9155013802054538017637,N Stony Lake Rd,,,Napoleon Township,42.160320153846776,-84.29129826477909,0.370137,2,Asphalt,Local,65,2026-08-16,Medium,1000,10,Moderate,Crack Seal,1,provisional,Michigan GIS Open Data + Paventra rehearsal assumptions,2026-08-16
NAP-ROAD-260,NAP-260-33815243802054538020521,Marsh Dr,,,Napoleon Township,42.160320153846776,-84.29129826477909,0.244714,2,Asphalt,Local,65,2026-08-16,Medium,1000,10,Moderate,Crack Seal,1,provisional,Michigan GIS Open Data + Paventra rehearsal assumptions,2026-08-16
NAP-ROAD-261,NAP-261-9155013801942238020545,N Stony Lake Rd,,,Napoleon Township,42.16034075243339,-84.29502708254306,0.19141,2,Asphalt,Local,65,2026-08-16,Medium,1000,10,Moderate,Crack Seal,1,provisional,Michigan GIS Open Data + Paventra rehearsal assumptions,2026-08-16
NAP-ROAD-262,NAP-262-33811423801942238019424,Stony Lake Ln,,,Napoleon Township,42.16034075243339,-84.29502708254306,0.73293,2,Asphalt,Local,65,2026-08-16,Medium,1000,10,Moderate,Crack Seal,1,provisional,Michigan GIS Open Data + Paventra rehearsal assumptions,2026-08-16
NAP-ROAD-263,NAP-263-9155013801287038019422,Stony Lake Rd,,,Napoleon Township,42.160379192897175,-84.30639652984806,0.58362,2,Asphalt,Local,65,2026-08-16,Medium,1000,10,Moderate,Crack Seal,1,provisional,Michigan GIS Open Data + Paventra rehearsal assumptions,2026-08-16
NAP-ROAD-264,NAP-264-9011083801287038012425,Benton Rd,,,Napoleon Township,42.160379192897175,-84.30639652984806,0.753248,2,Asphalt,Local,65,2026-08-16,Medium,1000,10,Moderate,Crack Seal,1,provisional,Michigan GIS Open Data + Paventra rehearsal assumptions,2026-08-16
NAP-ROAD-265,NAP-265-9155013801288138012870,N Stony Lake Rd,,,Napoleon Township,42.16042058009011,-84.32576653593941,0.994287,2,Asphalt,Local,65,2026-08-16,Medium,1000,10,Moderate,Crack Seal,1,provisional,Michigan GIS Open Data + Paventra rehearsal assumptions,2026-08-16
NAP-ROAD-266,NAP-266-9155013801288238012881,N Stony Lake Rd,,,Napoleon Township,42.16043670732833,-84.32660490779196,0.043049,2,Asphalt,Local,65,2026-08-16,Medium,1000,10,Moderate,Crack Seal,1,provisional,Michigan GIS Open Data + Paventra rehearsal assumptions,2026-08-16
NAP-ROAD-267,NAP-267-9155013801288438012882,Stony Lake Rd,,,Napoleon Township,42.160436949946906,-84.32949901184617,0.148557,2,Asphalt,Local,65,2026-08-16,Medium,1000,10,Moderate,Crack Seal,1,provisional,Michigan GIS Open Data + Paventra rehearsal assumptions,2026-08-16
NAP-ROAD-268,NAP-268-33806093801288438012840,Clark Lake Rd,,,Napoleon Township,42.160436949946906,-84.32949901184617,0.081496,2,Asphalt,Local,65,2026-08-16,Medium,1000,10,Moderate,Crack Seal,1,provisional,Michigan GIS Open Data + Paventra rehearsal assumptions,2026-08-16
NAP-ROAD-269,NAP-269-9155013801288538012884,N Stony Lake Rd,,,Napoleon Township,42.16044114617299,-84.33046443971641,0.049557,2,Asphalt,Local,65,2026-08-16,Medium,1000,10,Moderate,Crack Seal,1,provisional,Michigan GIS Open Data + Paventra rehearsal assumptions,2026-08-16
NAP-ROAD-270,NAP-270-9182023801334938012907,Blue Ridge Rd,,,Napoleon Township,42.14884997227452,-84.35502556377043,0.82408,2,Asphalt,Local,65,2026-08-16,Medium,1000,10,Moderate,Crack Seal,1,provisional,Michigan GIS Open Data + Paventra rehearsal assumptions,2026-08-16
NAP-ROAD-271,NAP-271-9178033801336138013330,Clark Lake Rd,,,Napoleon Township,42.148101236918734,-84.32485068215156,0.066092,2,Asphalt,Local,65,2026-08-16,Medium,1000,10,Moderate,Crack Seal,1,provisional,Michigan GIS Open Data + Paventra rehearsal assumptions,2026-08-16
NAP-ROAD-272,NAP-272-8990063801336438013361,Hyde Rd,,,Napoleon Township,42.14808022965684,-84.32627821647526,0.073305,2,Asphalt,Local,65,2026-08-16,Medium,1000,10,Moderate,Crack Seal,1,provisional,Michigan GIS Open Data + Paventra rehearsal assumptions,2026-08-16
NAP-ROAD-273,NAP-273-33806073801336438013330,Clark Lake Rd,,,Napoleon Township,42.14808022965684,-84.32627821647526,0.057818,2,Asphalt,Local,65,2026-08-16,Medium,1000,10,Moderate,Crack Seal,1,provisional,Michigan GIS Open Data + Paventra rehearsal assumptions,2026-08-16
NAP-ROAD-274,NAP-274-33814653802033338020334,Rachel Ln,,,Napoleon Township,42.14923593806339,-84.24827495440924,0.439176,2,Asphalt,Local,65,2026-08-16,Medium,1000,10,Moderate,Crack Seal,1,provisional,Michigan GIS Open Data + Paventra rehearsal assumptions,2026-08-16
NAP-ROAD-275,NAP-275-9089123801334938013383,Cook Rd,,,Napoleon Township,42.14884997227452,-84.35502556377043,0.246692,2,Asphalt,Local,65,2026-08-16,Medium,1000,10,Moderate,Crack Seal,1,provisional,Michigan GIS Open Data + Paventra rehearsal assumptions,2026-08-16
NAP-ROAD-276,NAP-276-8993103802033338013393,Brooklyn Rd,,,Napoleon Township,42.14923593806339,-84.24827495440924,0.19774,2,Asphalt,Local,65,2026-08-16,Medium,1000,10,Moderate,Crack Seal,1,provisional,Michigan GIS Open Data + Paventra rehearsal assumptions,2026-08-16
NAP-ROAD-277,NAP-277-9181093801340438013189,Wolf Lake Rd,,,Napoleon Township,42.14575863756429,-84.22031603715509,0.386763,2,Asphalt,Local,65,2026-08-16,Medium,1000,10,Moderate,Crack Seal,1,provisional,Michigan GIS Open Data + Paventra rehearsal assumptions,2026-08-16
NAP-ROAD-278,NAP-278-9179073801341038013147,Deland Rd,,,Napoleon Township,42.14638037745837,-84.26780945580161,0.474525,2,Asphalt,Local,65,2026-08-16,Medium,1000,10,Moderate,Crack Seal,1,provisional,Michigan GIS Open Data + Paventra rehearsal assumptions,2026-08-16
NAP-ROAD-279,NAP-279-9089123801338338013412,Cook Rd,,,Napoleon Township,42.14812934948698,-84.3597130123269,0.228883,2,Asphalt,Local,65,2026-08-16,Medium,1000,10,Moderate,Crack Seal,1,provisional,Michigan GIS Open Data + Paventra rehearsal assumptions,2026-08-16
NAP-ROAD-280,NAP-280-9179063801342038013275,Giles Rd,,,Napoleon Township,42.14632351075714,-84.2774105928288,0.201754,2,Asphalt,Local,65,2026-08-16,Medium,1000,10,Moderate,Crack Seal,1,provisional,Michigan GIS Open Data + Paventra rehearsal assumptions,2026-08-16
NAP-ROAD-281,NAP-281-9182033801980138013275,S Stony Lake Rd,,,Napoleon Township,42.14634717252579,-84.28754432232311,0.554956,2,Asphalt,Local,65,2026-08-16,Medium,1000,10,Moderate,Crack Seal,1,provisional,Michigan GIS Open Data + Paventra rehearsal assumptions,2026-08-16
NAP-ROAD-282,NAP-282-33812343801980138019800,Lori Lee Ln,,,Napoleon Township,42.14634717252579,-84.28754432232311,0.008481,2,Asphalt,Local,65,2026-08-16,Medium,1000,10,Moderate,Crack Seal,1,provisional,Michigan GIS Open Data + Paventra rehearsal assumptions,2026-08-16
NAP-ROAD-283,NAP-283-9182033801342738019801,S Stony Lake Rd,,,Napoleon Township,42.1462264331562,-84.28795857613608,0.022842,2,Asphalt,Local,65,2026-08-16,Medium,1000,10,Moderate,Crack Seal,1,provisional,Michigan GIS Open Data + Paventra rehearsal assumptions,2026-08-16
NAP-ROAD-284,NAP-284-9154013801262138012510,East Ave,,,Napoleon Township,42.165007647757704,-84.24566745843201,0.209259,2,Asphalt,Local,65,2026-08-16,Medium,1000,10,Moderate,Crack Seal,1,provisional,Michigan GIS Open Data + Paventra rehearsal assumptions,2026-08-16
NAP-ROAD-285,NAP-285-9154023801265938012653,Center Ct,,,Napoleon Township,42.16403069005578,-84.2456822026637,0.115041,2,Asphalt,Local,65,2026-08-16,Medium,1000,10,Moderate,Crack Seal,1,provisional,Michigan GIS Open Data + Paventra rehearsal assumptions,2026-08-16
NAP-ROAD-286,NAP-286-9154013801265938012621,East Ave,,,Napoleon Township,42.16403069005578,-84.2456822026637,0.067407,2,Asphalt,Local,65,2026-08-16,Medium,1000,10,Moderate,Crack Seal,1,provisional,Michigan GIS Open Data + Paventra rehearsal assumptions,2026-08-16
NAP-ROAD-287,NAP-287-9154023801266338012659,Center St,,,Napoleon Township,42.16404530287162,-84.24845901587638,0.142535,2,Asphalt,Local,65,2026-08-16,Medium,1000,10,Moderate,Crack Seal,1,provisional,Michigan GIS Open Data + Paventra rehearsal assumptions,2026-08-16
NAP-ROAD-288,NAP-288-9012073801266338012535,West Ave,,,Napoleon Township,42.16404530287162,-84.24845901587638,0.223825,2,Asphalt,Local,65,2026-08-16,Medium,1000,10,Moderate,Crack Seal,1,provisional,Michigan GIS Open Data + Paventra rehearsal assumptions,2026-08-16
NAP-ROAD-289,NAP-289-9012043801270038012538,Plymouth St,,,Napoleon Township,42.16343714194167,-84.25189962776665,0.264256,2,Asphalt,Local,65,2026-08-16,Medium,1000,10,Moderate,Crack Seal,1,provisional,Michigan GIS Open Data + Paventra rehearsal assumptions,2026-08-16
NAP-ROAD-290,NAP-290-8993103801250638012700,Brooklyn Rd,,,Napoleon Township,42.16836406282069,-84.2631680426034,0.670866,2,Asphalt,Local,65,2026-08-16,Medium,1000,10,Moderate,Crack Seal,1,provisional,Michigan GIS Open Data + Paventra rehearsal assumptions,2026-08-16
NAP-ROAD-291,NAP-291-9012073801275138012663,West Ave,,,Napoleon Township,42.16192570149772,-84.24843254451017,0.146242,2,Asphalt,Local,65,2026-08-16,Medium,1000,10,Moderate,Crack Seal,1,provisional,Michigan GIS Open Data + Paventra rehearsal assumptions,2026-08-16
NAP-ROAD-292,NAP-292-8993103801270038012751,Brooklyn Rd,,,Napoleon Township,42.16343714194167,-84.25189962776665,0.206263,2,Asphalt,Local,65,2026-08-16,Medium,1000,10,Moderate,Crack Seal,1,provisional,Michigan GIS Open Data + Paventra rehearsal assumptions,2026-08-16
NAP-ROAD-293,NAP-293-9155013801275638025449,N Stony Lake Rd,,,Napoleon Township,42.16233730219295,-84.27751496045101,0.277629,2,Asphalt,Local,65,2026-08-16,Medium,1000,10,Moderate,Crack Seal,1,provisional,Michigan GIS Open Data + Paventra rehearsal assumptions,2026-08-16
NAP-ROAD-294,NAP-294-9155033801278938012779,Sharon Valley Rd,,,Napoleon Township,42.16050319377493,-84.22067702416551,0.460223,2,Asphalt,Local,65,2026-08-16,Medium,1000,10,Moderate,Crack Seal,1,provisional,Michigan GIS Open Data + Paventra rehearsal assumptions,2026-08-16
NAP-ROAD-295,NAP-295-9181093801278938018246,Wolf Lake Rd,,,Napoleon Township,42.16050319377493,-84.22067702416551,0.676513,2,Asphalt,Local,65,2026-08-16,Medium,1000,10,Moderate,Crack Seal,1,provisional,Michigan GIS Open Data + Paventra rehearsal assumptions,2026-08-16
NAP-ROAD-296,NAP-296-9154013801280638012659,East Ave,,,Napoleon Township,42.16084711058549,-84.2458741430052,0.220046,2,Asphalt,Local,65,2026-08-16,Medium,1000,10,Moderate,Crack Seal,1,provisional,Michigan GIS Open Data + Paventra rehearsal assumptions,2026-08-16
NAP-ROAD-297,NAP-297-9012053801275138012806,Austin Rd,,,Napoleon Township,42.16192570149772,-84.24843254451017,0.151008,2,Asphalt,Local,65,2026-08-16,Medium,1000,10,Moderate,Crack Seal,1,provisional,Michigan GIS Open Data + Paventra rehearsal assumptions,2026-08-16
NAP-ROAD-298,NAP-298-33800023801288538012840,Clark Lake Rd,,,Napoleon Township,42.16044114617299,-84.33046443971641,0.05404,2,Asphalt,Local,65,2026-08-16,Medium,1000,10,Moderate,Crack Seal,1,provisional,Michigan GIS Open Data + Paventra rehearsal assumptions,2026-08-16
NAP-ROAD-299,NAP-299-9155013801289238012885,Saunt Rd,,,Napoleon Township,42.16047853087596,-84.33528525897275,0.247471,2,Asphalt,Local,65,2026-08-16,Medium,1000,10,Moderate,Crack Seal,1,provisional,Michigan GIS Open Data + Paventra rehearsal assumptions,2026-08-16
NAP-ROAD-300,NAP-300-9011033801289238025445,Ackerson Lake Rd,,,Napoleon Township,42.16047853087596,-84.33528525897275,1.193281,2,Asphalt,Local,65,2026-08-16,Medium,1000,10,Moderate,Crack Seal,1,provisional,Michigan GIS Open Data + Paventra rehearsal assumptions,2026-08-16
NAP-ROAD-301,NAP-301-8993103801282538012897,Brooklyn Rd,,,Napoleon Township,42.16061380919856,-84.2484271270197,0.104571,2,Asphalt,Local,65,2026-08-16,Medium,1000,10,Moderate,Crack Seal,1,provisional,Michigan GIS Open Data + Paventra rehearsal assumptions,2026-08-16
NAP-ROAD-302,NAP-302-9155013801290738012906,Saunt Rd,,,Napoleon Township,42.16053656039413,-84.3537316223281,0.053878,2,Asphalt,Local,65,2026-08-16,Medium,1000,10,Moderate,Crack Seal,1,provisional,Michigan GIS Open Data + Paventra rehearsal assumptions,2026-08-16
NAP-ROAD-303,NAP-303-9182023801290738019386,Blue Ridge Rd,,,Napoleon Township,42.16053656039413,-84.3537316223281,0.133659,2,Asphalt,Local,65,2026-08-16,Medium,1000,10,Moderate,Crack Seal,1,provisional,Michigan GIS Open Data + Paventra rehearsal assumptions,2026-08-16
NAP-ROAD-304,NAP-304-9155033801291438012789,Sharon Valley Rd,,,Napoleon Township,42.15851666923543,-84.2281839739353,0.41541,2,Asphalt,Local,65,2026-08-16,Medium,1000,10,Moderate,Crack Seal,1,provisional,Michigan GIS Open Data + Paventra rehearsal assumptions,2026-08-16
NAP-ROAD-305,NAP-305-9012053801281038012914,Austin Rd,,,Napoleon Township,42.16066375874829,-84.24467054270514,0.865444,2,Asphalt,Local,65,2026-08-16,Medium,1000,10,Moderate,Crack Seal,1,provisional,Michigan GIS Open Data + Paventra rehearsal assumptions,2026-08-16
NAP-ROAD-306,NAP-306-9178033801291238012881,Clark Lake Rd,,,Napoleon Township,42.15984955599283,-84.32578520210535,0.039408,2,Asphalt,Local,65,2026-08-16,Medium,1000,10,Moderate,Crack Seal,1,provisional,Michigan GIS Open Data + Paventra rehearsal assumptions,2026-08-16
NAP-ROAD-307,NAP-307-33806063801288238012912,Clark Lake Rd,,,Napoleon Township,42.16043670732833,-84.32660490779196,0.063234,2,Asphalt,Local,65,2026-08-16,Medium,1000,10,Moderate,Crack Seal,1,provisional,Michigan GIS Open Data + Paventra rehearsal assumptions,2026-08-16
NAP-ROAD-308,NAP-308-9012103801294238012843,Chicago St,,,Napoleon Township,42.15829830028086,-84.24505242458181,0.125948,2,Asphalt,Local,65,2026-08-16,Medium,1000,10,Moderate,Crack Seal,1,provisional,Michigan GIS Open Data + Paventra rehearsal assumptions,2026-08-16
NAP-ROAD-309,NAP-309-9155023801294838012853,Hively Rd,,,Napoleon Township,42.158515439096846,-84.26303589785742,0.188839,2,Asphalt,Local,65,2026-08-16,Medium,1000,10,Moderate,Crack Seal,1,provisional,Michigan GIS Open Data + Paventra rehearsal assumptions,2026-08-16
NAP-ROAD-310,NAP-310-9012033801294838012854,Napoleon Rd,,,Napoleon Township,42.158515439096846,-84.26303589785742,0.113535,2,Asphalt,Local,65,2026-08-16,Medium,1000,10,Moderate,Crack Seal,1,provisional,Michigan GIS Open Data + Paventra rehearsal assumptions,2026-08-16
NAP-ROAD-311,NAP-311-9160093801230738012226,Skylark Dr,,,Napoleon Township,42.173654684559196,-84.27355805987257,0.307608,2,Asphalt,Local,65,2026-08-16,Medium,1000,10,Moderate,Crack Seal,1,provisional,Michigan GIS Open Data + Paventra rehearsal assumptions,2026-08-16
NAP-ROAD-312,NAP-312-9156013801233238012298,Amberton Dr,,,Napoleon Township,42.172786134488355,-84.23777687737731,0.07424,2,Asphalt,Local,65,2026-08-16,Medium,1000,10,Moderate,Crack Seal,1,provisional,Michigan GIS Open Data + Paventra rehearsal assumptions,2026-08-16
NAP-ROAD-313,NAP-313-33810453801823838018240,Foxworth Ct,,,Napoleon Township,42.17332310719644,-84.28033303382541,0.145598,2,Asphalt,Local,65,2026-08-16,Medium,1000,10,Moderate,Crack Seal,1,provisional,Michigan GIS Open Data + Paventra rehearsal assumptions,2026-08-16
NAP-ROAD-314,NAP-314-19209043801823838016858,Silkworth Blvd,,,Napoleon Township,42.17332310719644,-84.28033303382541,0.053451,2,Asphalt,Local,65,2026-08-16,Medium,1000,10,Moderate,Crack Seal,1,provisional,Michigan GIS Open Data + Paventra rehearsal assumptions,2026-08-16
NAP-ROAD-315,NAP-315-9161053801233738012332,Flagstone Dr,,,Napoleon Township,42.17261421324022,-84.24030254509914,0.13213,2,Asphalt,Local,65,2026-08-16,Medium,1000,10,Moderate,Crack Seal,1,provisional,Michigan GIS Open Data + Paventra rehearsal assumptions,2026-08-16
NAP-ROAD-316,NAP-316-9161063801233738012300,Thru Roamin Dr,,,Napoleon Township,42.17261421324022,-84.24030254509914,0.068427,2,Asphalt,Local,65,2026-08-16,Medium,1000,10,Moderate,Crack Seal,1,provisional,Michigan GIS Open Data + Paventra rehearsal assumptions,2026-08-16
NAP-ROAD-317,NAP-317-9156013801234838012332,Amberton Dr,,,Napoleon Township,42.17242011106987,-84.23731725982067,0.035866,2,Asphalt,Local,65,2026-08-16,Medium,1000,10,Moderate,Crack Seal,1,provisional,Michigan GIS Open Data + Paventra rehearsal assumptions,2026-08-16
NAP-ROAD-318,NAP-318-9012023801233638012307,Flamingo Dr,,,Napoleon Township,42.17298455667053,-84.27381208987137,0.048905,2,Asphalt,Local,65,2026-08-16,Medium,1000,10,Moderate,Crack Seal,1,provisional,Michigan GIS Open Data + Paventra rehearsal assumptions,2026-08-16
NAP-ROAD-319,NAP-319-8993103801227538012336,Brooklyn Rd,,,Napoleon Township,42.17470364848263,-84.27777883977909,0.235604,2,Asphalt,Local,65,2026-08-16,Medium,1000,10,Moderate,Crack Seal,1,provisional,Michigan GIS Open Data + Paventra rehearsal assumptions,2026-08-16
NAP-ROAD-320,NAP-320-33800023801234938012297,Clark Lake Rd,,,Napoleon Township,42.173560343731,-84.32613860631722,0.098211,2,Asphalt,Local,65,2026-08-16,Medium,1000,10,Moderate,Crack Seal,1,provisional,Michigan GIS Open Data + Paventra rehearsal assumptions,2026-08-16
NAP-ROAD-321,NAP-321-9011033802174638012260,Ackerson Lake Rd,,,Napoleon Township,42.17386642344087,-84.34887729382625,0.176586,2,Asphalt,Local,65,2026-08-16,Medium,1000,10,Moderate,Crack Seal,1,provisional,Michigan GIS Open Data + Paventra rehearsal assumptions,2026-08-16
NAP-ROAD-322,NAP-322-9011103801236338012270,Wheaton Rd,,,Napoleon Township,42.172443716241546,-84.28764739325212,0.170036,2,Asphalt,Local,65,2026-08-16,Medium,1000,10,Moderate,Crack Seal,1,provisional,Michigan GIS Open Data + Paventra rehearsal assumptions,2026-08-16
NAP-ROAD-323,NAP-323-8993103801233638012369,Brooklyn Rd,,,Napoleon Township,42.17298455667053,-84.27381208987137,0.112427,2,Asphalt,Local,65,2026-08-16,Medium,1000,10,Moderate,Crack Seal,1,provisional,Michigan GIS Open Data + Paventra rehearsal assumptions,2026-08-16
NAP-ROAD-324,NAP-324-9154013801237138018542,Oak Point Rd,,,Napoleon Township,42.17171338017622,-84.24541082486736,0.188831,2,Asphalt,Local,65,2026-08-16,Medium,1000,10,Moderate,Crack Seal,1,provisional,Michigan GIS Open Data + Paventra rehearsal assumptions,2026-08-16
NAP-ROAD-325,NAP-325-9161053801237438012337,Flagstone Dr,,,Napoleon Township,42.17162112935377,-84.24264298355331,0.179541,2,Asphalt,Local,65,2026-08-16,Medium,1000,10,Moderate,Crack Seal,1,provisional,Michigan GIS Open Data + Paventra rehearsal assumptions,2026-08-16
NAP-ROAD-326,NAP-326-9154053801237238012374,Walter Ln,,,Napoleon Township,42.17163219328177,-84.24388114918501,0.06355,2,Asphalt,Local,65,2026-08-16,Medium,1000,10,Moderate,Crack Seal,1,provisional,Michigan GIS Open Data + Paventra rehearsal assumptions,2026-08-16
NAP-ROAD-327,NAP-327-9161073801237238012304,Stetler Dr,,,Napoleon Township,42.17163219328177,-84.24388114918501,0.25764,2,Asphalt,Local,65,2026-08-16,Medium,1000,10,Moderate,Crack Seal,1,provisional,Michigan GIS Open Data + Paventra rehearsal assumptions,2026-08-16
NAP-ROAD-328,NAP-328-9154053801237138012372,Walter Ln,,,Napoleon Township,42.17171338017622,-84.24541082486736,0.078705,2,Asphalt,Local,65,2026-08-16,Medium,1000,10,Moderate,Crack Seal,1,provisional,Michigan GIS Open Data + Paventra rehearsal assumptions,2026-08-16
NAP-ROAD-329,NAP-329-33806633801683838012348,Amberton Dr,,,Napoleon Township,42.17132105084152,-84.23645357904034,0.118039,2,Asphalt,Local,65,2026-08-16,Medium,1000,10,Moderate,Crack Seal,1,provisional,Michigan GIS Open Data + Paventra rehearsal assumptions,2026-08-16
NAP-ROAD-330,NAP-330-9156013801683838012348,Amberton Dr,,,Napoleon Township,42.17132105084152,-84.23645357904034,0.112984,2,Asphalt,Local,65,2026-08-16,Medium,1000,10,Moderate,Crack Seal,1,provisional,Michigan GIS Open Data + Paventra rehearsal assumptions,2026-08-16
NAP-ROAD-331,NAP-331-9161063801239338012337,Thru Roamin Dr,,,Napoleon Township,42.17124381398656,-84.24126882777561,0.127995,2,Asphalt,Local,65,2026-08-16,Medium,1000,10,Moderate,Crack Seal,1,provisional,Michigan GIS Open Data + Paventra rehearsal assumptions,2026-08-16
NAP-ROAD-332,NAP-332-9154053801237438012393,Walter Ln,,,Napoleon Township,42.17162112935377,-84.24264298355331,0.084754,2,Asphalt,Local,65,2026-08-16,Medium,1000,10,Moderate,Crack Seal,1,provisional,Michigan GIS Open Data + Paventra rehearsal assumptions,2026-08-16
NAP-ROAD-333,NAP-333-19209043801685938018238,Silkworth Blvd,,,Napoleon Township,42.17165379724617,-84.28105087752571,0.148856,2,Asphalt,Local,65,2026-08-16,Medium,1000,10,Moderate,Crack Seal,1,provisional,Michigan GIS Open Data + Paventra rehearsal assumptions,2026-08-16
NAP-ROAD-334,NAP-334-19209073801686138016859,Cutcher Cors,,,Napoleon Township,42.17165412823064,-84.28276621589075,0.088035,2,Asphalt,Local,65,2026-08-16,Medium,1000,10,Moderate,Crack Seal,1,provisional,Michigan GIS Open Data + Paventra rehearsal assumptions,2026-08-16
NAP-ROAD-335,NAP-335-19209293801686138012315,Foxmoore Ct,,,Napoleon Township,42.17165412823064,-84.28276621589075,0.153356,2,Asphalt,Local,65,2026-08-16,Medium,1000,10,Moderate,Crack Seal,1,provisional,Michigan GIS Open Data + Paventra rehearsal assumptions,2026-08-16
NAP-ROAD-336,NAP-336-19209073801239538016861,Cutcher Cors,,,Napoleon Township,42.17166194122697,-84.2844401422672,0.085911,2,Asphalt,Local,65,2026-08-16,Medium,1000,10,Moderate,Crack Seal,1,provisional,Michigan GIS Open Data + Paventra rehearsal assumptions,2026-08-16
NAP-ROAD-337,NAP-337-19209083801239538012363,Country View Blvd,,,Napoleon Township,42.17166194122697,-84.2844401422672,0.21113,2,Asphalt,Local,65,2026-08-16,Medium,1000,10,Moderate,Crack Seal,1,provisional,Michigan GIS Open Data + Paventra rehearsal assumptions,2026-08-16
NAP-ROAD-338,NAP-338-9161123801216638018231,Bluebird Ct,,,Napoleon Township,42.177050248288616,-84.27393375626491,0.135417,2,Asphalt,Local,65,2026-08-16,Medium,1000,10,Moderate,Crack Seal,1,provisional,Michigan GIS Open Data + Paventra rehearsal assumptions,2026-08-16
NAP-ROAD-339,NAP-339-9161123801823138012168,Bluebird Ct,,,Napoleon Township,42.17706421684963,-84.27657248551722,0.008229,2,Asphalt,Local,65,2026-08-16,Medium,1000,10,Moderate,Crack Seal,1,provisional,Michigan GIS Open Data + Paventra rehearsal assumptions,2026-08-16
NAP-ROAD-340,NAP-340-33800023801218538025413,Clark Lake Rd,,,Napoleon Township,42.17776580605867,-84.32596396317683,1.079791,2,Asphalt,Local,65,2026-08-16,Medium,1000,10,Moderate,Crack Seal,1,provisional,Michigan GIS Open Data + Paventra rehearsal assumptions,2026-08-16
NAP-ROAD-341,NAP-341-9011033802174738012077,Ackerson Lake Rd,,,Napoleon Township,42.17805323036601,-84.34645000425313,0.205388,2,Asphalt,Local,65,2026-08-16,Medium,1000,10,Moderate,Crack Seal,1,provisional,Michigan GIS Open Data + Paventra rehearsal assumptions,2026-08-16
NAP-ROAD-342,NAP-342-9155193801218538012202,Cranberry Lake Dr,,,Napoleon Township,42.17776580605867,-84.32596396317683,0.18,2,Asphalt,Local,65,2026-08-16,Medium,1000,10,Moderate,Crack Seal,1,provisional,Michigan GIS Open Data + Paventra rehearsal assumptions,2026-08-16
NAP-ROAD-343,NAP-343-33814623801220238020328,Cranberry Lake Rd,,,Napoleon Township,42.177224951897614,-84.32939368439706,0.316207,2,Asphalt,Local,65,2026-08-16,Medium,1000,10,Moderate,Crack Seal,1,provisional,Michigan GIS Open Data + Paventra rehearsal assumptions,2026-08-16
NAP-ROAD-344,NAP-344-9012023801222338012166,Flamingo Dr,,,Napoleon Township,42.176194946305195,-84.27358170747476,0.066106,2,Asphalt,Local,65,2026-08-16,Medium,1000,10,Moderate,Crack Seal,1,provisional,Michigan GIS Open Data + Paventra rehearsal assumptions,2026-08-16
NAP-ROAD-345,NAP-345-9012013801222638012127,Squires Rd,,,Napoleon Township,42.176012491566716,-84.27777528719821,0.131147,2,Asphalt,Local,65,2026-08-16,Medium,1000,10,Moderate,Crack Seal,1,provisional,Michigan GIS Open Data + Paventra rehearsal assumptions,2026-08-16
NAP-ROAD-346,NAP-346-9154063801223138012214,Cady Rd,,,Napoleon Township,42.174959772873436,-84.22099580775298,0.502258,2,Asphalt,Local,65,2026-08-16,Medium,1000,10,Moderate,Crack Seal,1,provisional,Michigan GIS Open Data + Paventra rehearsal assumptions,2026-08-16
NAP-ROAD-347,NAP-347-9181093801223138011753,Wolf Lake Rd,,,Napoleon Township,42.174959772873436,-84.22099580775298,0.839482,2,Asphalt,Local,65,2026-08-16,Medium,1000,10,Moderate,Crack Seal,1,provisional,Michigan GIS Open Data + Paventra rehearsal assumptions,2026-08-16
NAP-ROAD-348,NAP-348-8991063802178138012228,Hart Rd,,,Napoleon Township,42.17848888926771,-84.35561966418115,0.300915,2,Asphalt,Local,65,2026-08-16,Medium,1000,10,Moderate,Crack Seal,1,provisional,Michigan GIS Open Data + Paventra rehearsal assumptions,2026-08-16
NAP-ROAD-349,NAP-349-9012033801223938011865,Napoleon Rd,,,Napoleon Township,42.175376344944176,-84.26329427193252,0.755902,2,Asphalt,Local,65,2026-08-16,Medium,1000,10,Moderate,Crack Seal,1,provisional,Michigan GIS Open Data + Paventra rehearsal assumptions,2026-08-16
NAP-ROAD-350,NAP-350-9154063801224338012231,Cady Rd,,,Napoleon Township,42.17476328915343,-84.2307787133229,0.502236,2,Asphalt,Local,65,2026-08-16,Medium,1000,10,Moderate,Crack Seal,1,provisional,Michigan GIS Open Data + Paventra rehearsal assumptions,2026-08-16
NAP-ROAD-351,NAP-351-9154093801224338018241,Baner Rd,,,Napoleon Township,42.17476328915343,-84.2307787133229,0.544119,2,Asphalt,Local,65,2026-08-16,Medium,1000,10,Moderate,Crack Seal,1,provisional,Michigan GIS Open Data + Paventra rehearsal assumptions,2026-08-16
NAP-ROAD-352,NAP-352-9155013801290638012892,Saunt Rd,,,Napoleon Township,42.16053098164332,-84.35268203434092,0.954269,2,Asphalt,Local,65,2026-08-16,Medium,1000,10,Moderate,Crack Seal,1,provisional,Michigan GIS Open Data + Paventra rehearsal assumptions,2026-08-16
NAP-ROAD-353,NAP-353-9012033801296938012948,Napoleon Rd,,,Napoleon Township,42.157912718881235,-84.26302361752987,0.041588,2,Asphalt,Local,65,2026-08-16,Medium,1000,10,Moderate,Crack Seal,1,provisional,Michigan GIS Open Data + Paventra rehearsal assumptions,2026-08-16
NAP-ROAD-354,NAP-354-9182033801298738012851,S Stony Lake Rd,,,Napoleon Township,42.15762914310777,-84.26049990754248,0.30394,2,Asphalt,Local,65,2026-08-16,Medium,1000,10,Moderate,Crack Seal,1,provisional,Michigan GIS Open Data + Paventra rehearsal assumptions,2026-08-16
NAP-ROAD-355,NAP-355-33806653801284938013007,Herdale Rd,,,Napoleon Township,42.16025629474495,-84.27095590408328,0.195375,2,Asphalt,Local,65,2026-08-16,Medium,1000,10,Moderate,Crack Seal,1,provisional,Michigan GIS Open Data + Paventra rehearsal assumptions,2026-08-16
NAP-ROAD-356,NAP-356-33806653801300738013019,Herdale Rd,,,Napoleon Township,42.1574375833722,-84.27074299626386,0.071873,2,Asphalt,Local,65,2026-08-16,Medium,1000,10,Moderate,Crack Seal,1,provisional,Michigan GIS Open Data + Paventra rehearsal assumptions,2026-08-16
NAP-ROAD-357,NAP-357-33813623802011038020096,Joyln Dr,,,Napoleon Township,42.1566636059793,-84.2525424622717,0.017211,2,Asphalt,Local,65,2026-08-16,Medium,1000,10,Moderate,Crack Seal,1,provisional,Michigan GIS Open Data + Paventra rehearsal assumptions,2026-08-16
NAP-ROAD-358,NAP-358-9181093801303638012789,Wolf Lake Rd,,,Napoleon Township,42.155568063577604,-84.22054411544158,0.340562,2,Asphalt,Local,65,2026-08-16,Medium,1000,10,Moderate,Crack Seal,1,provisional,Michigan GIS Open Data + Paventra rehearsal assumptions,2026-08-16
NAP-ROAD-359,NAP-359-9012053801291438013036,Austin Rd,,,Napoleon Township,42.15851666923543,-84.2281839739353,0.443309,2,Asphalt,Local,65,2026-08-16,Medium,1000,10,Moderate,Crack Seal,1,provisional,Michigan GIS Open Data + Paventra rehearsal assumptions,2026-08-16
NAP-ROAD-360,NAP-360-33813623802009938020110,Joyln Dr,,,Napoleon Township,42.155981179892876,-84.25257590500757,0.047113,2,Asphalt,Local,65,2026-08-16,Medium,1000,10,Moderate,Crack Seal,1,provisional,Michigan GIS Open Data + Paventra rehearsal assumptions,2026-08-16
NAP-ROAD-361,NAP-361-33813633802009938020098,Soltude Dr,,,Napoleon Township,42.155981179892876,-84.25257590500757,0.064382,2,Asphalt,Local,65,2026-08-16,Medium,1000,10,Moderate,Crack Seal,1,provisional,Michigan GIS Open Data + Paventra rehearsal assumptions,2026-08-16
NAP-ROAD-362,NAP-362-9182033801304538012987,S Stony Lake Rd,,,Napoleon Township,42.156041001270225,-84.26302442741363,0.169705,2,Asphalt,Local,65,2026-08-16,Medium,1000,10,Moderate,Crack Seal,1,provisional,Michigan GIS Open Data + Paventra rehearsal assumptions,2026-08-16
NAP-ROAD-363,NAP-363-9012033801304538012969,Napoleon Rd,,,Napoleon Township,42.156041001270225,-84.26302442741363,0.129294,2,Asphalt,Local,65,2026-08-16,Medium,1000,10,Moderate,Crack Seal,1,provisional,Michigan GIS Open Data + Paventra rehearsal assumptions,2026-08-16
NAP-ROAD-364,NAP-364-33813653802010938020103,Jordan Dr,,,Napoleon Township,42.15592884334241,-84.25691805744415,0.016239,2,Asphalt,Local,65,2026-08-16,Medium,1000,10,Moderate,Crack Seal,1,provisional,Michigan GIS Open Data + Paventra rehearsal assumptions,2026-08-16
NAP-ROAD-365,NAP-365-9154013801251038012426,Oak Point Rd,,,Napoleon Township,42.16803954160824,-84.24555374126354,0.164638,2,Asphalt,Local,65,2026-08-16,Medium,1000,10,Moderate,Crack Seal,1,provisional,Michigan GIS Open Data + Paventra rehearsal assumptions,2026-08-16
NAP-ROAD-366,NAP-366-9012073801250938012510,North St,,,Napoleon Township,42.168079232658506,-84.24700789312035,0.074684,2,Asphalt,Local,65,2026-08-16,Medium,1000,10,Moderate,Crack Seal,1,provisional,Michigan GIS Open Data + Paventra rehearsal assumptions,2026-08-16
NAP-ROAD-367,NAP-367-19209043801686638016863,Silkworth Blvd,,,Napoleon Township,42.168412014331516,-84.2809684641918,0.078131,2,Asphalt,Local,65,2026-08-16,Medium,1000,10,Moderate,Crack Seal,1,provisional,Michigan GIS Open Data + Paventra rehearsal assumptions,2026-08-16
NAP-ROAD-368,NAP-368-19209053801686738016866,Hunters Ridge Dr,,,Napoleon Township,42.16956186827131,-84.2860159304645,0.364234,2,Asphalt,Local,65,2026-08-16,Medium,1000,10,Moderate,Crack Seal,1,provisional,Michigan GIS Open Data + Paventra rehearsal assumptions,2026-08-16
NAP-ROAD-369,NAP-369-18437113801236938012523,Gillis Dr,,,Napoleon Township,42.1721589637486,-84.27192339971415,0.343561,2,Asphalt,Local,65,2026-08-16,Medium,1000,10,Moderate,Crack Seal,1,provisional,Michigan GIS Open Data + Paventra rehearsal assumptions,2026-08-16
NAP-ROAD-370,NAP-370-9012073801253538012508,West Ave,,,Napoleon Township,42.1672889317198,-84.24853176438246,0.056561,2,Asphalt,Local,65,2026-08-16,Medium,1000,10,Moderate,Crack Seal,1,provisional,Michigan GIS Open Data + Paventra rehearsal assumptions,2026-08-16
NAP-ROAD-371,NAP-371-9161133801253538012538,North Street Ct,,,Napoleon Township,42.1672889317198,-84.24853176438246,0.176016,2,Asphalt,Local,65,2026-08-16,Medium,1000,10,Moderate,Crack Seal,1,provisional,Michigan GIS Open Data + Paventra rehearsal assumptions,2026-08-16
NAP-ROAD-372,NAP-372-9012043801253838012478,Plymouth St,,,Napoleon Township,42.167267142504016,-84.25195580095232,0.113636,2,Asphalt,Local,65,2026-08-16,Medium,1000,10,Moderate,Crack Seal,1,provisional,Michigan GIS Open Data + Paventra rehearsal assumptions,2026-08-16
NAP-ROAD-373,NAP-373-9161133801253838012539,North Street Ct,,,Napoleon Township,42.167267142504016,-84.25195580095232,0.072659,2,Asphalt,Local,65,2026-08-16,Medium,1000,10,Moderate,Crack Seal,1,provisional,Michigan GIS Open Data + Paventra rehearsal assumptions,2026-08-16
NAP-ROAD-374,NAP-374-18437113801252338021761,Gillis Dr,,,Napoleon Township,42.16763212399211,-84.27013616096578,0.333849,2,Asphalt,Local,65,2026-08-16,Medium,1000,10,Moderate,Crack Seal,1,provisional,Michigan GIS Open Data + Paventra rehearsal assumptions,2026-08-16
NAP-ROAD-375,NAP-375-33813623802009738020101,Joyln Dr,,,Napoleon Township,42.15401439459992,-84.25265772934335,0.068103,2,Asphalt,Local,65,2026-08-16,Medium,1000,10,Moderate,Crack Seal,1,provisional,Michigan GIS Open Data + Paventra rehearsal assumptions,2026-08-16
NAP-ROAD-376,NAP-376-33813653802009738020105,Jordan Dr,,,Napoleon Township,42.15401439459992,-84.25265772934335,0.203376,2,Asphalt,Local,65,2026-08-16,Medium,1000,10,Moderate,Crack Seal,1,provisional,Michigan GIS Open Data + Paventra rehearsal assumptions,2026-08-16
NAP-ROAD-377,NAP-377-8993103801289738020102,Brooklyn Rd,,,Napoleon Township,42.15909829373237,-84.24839578369806,0.376093,2,Asphalt,Local,65,2026-08-16,Medium,1000,10,Moderate,Crack Seal,1,provisional,Michigan GIS Open Data + Paventra rehearsal assumptions,2026-08-16
NAP-ROAD-378,NAP-378-33813653802010238020097,Jordan Dr,,,Napoleon Township,42.153647320574805,-84.24832387548349,0.226496,2,Asphalt,Local,65,2026-08-16,Medium,1000,10,Moderate,Crack Seal,1,provisional,Michigan GIS Open Data + Paventra rehearsal assumptions,2026-08-16
NAP-ROAD-379,NAP-379-9011083801312638012870,Benton Rd,,,Napoleon Township,42.15446583372645,-84.30663498077318,0.409056,2,Asphalt,Local,65,2026-08-16,Medium,1000,10,Moderate,Crack Seal,1,provisional,Michigan GIS Open Data + Paventra rehearsal assumptions,2026-08-16
NAP-ROAD-380,NAP-380-9012103801315238012942,Chicago St,,,Napoleon Township,42.152928024661456,-84.2467271922147,0.387102,2,Asphalt,Local,65,2026-08-16,Medium,1000,10,Moderate,Crack Seal,1,provisional,Michigan GIS Open Data + Paventra rehearsal assumptions,2026-08-16
NAP-ROAD-381,NAP-381-9182033801314738013045,S Stony Lake Rd,,,Napoleon Township,42.153257774008694,-84.26790462786258,0.315652,2,Asphalt,Local,65,2026-08-16,Medium,1000,10,Moderate,Crack Seal,1,provisional,Michigan GIS Open Data + Paventra rehearsal assumptions,2026-08-16
NAP-ROAD-382,NAP-382-9012053801303638013175,Austin Rd,,,Napoleon Township,42.155568063577604,-84.22054411544158,0.595043,2,Asphalt,Local,65,2026-08-16,Medium,1000,10,Moderate,Crack Seal,1,provisional,Michigan GIS Open Data + Paventra rehearsal assumptions,2026-08-16
NAP-ROAD-383,NAP-383-9181093801318938013079,Wolf Lake Rd,,,Napoleon Township,42.151363341138754,-84.22046363414498,0.230138,2,Asphalt,Local,65,2026-08-16,Medium,1000,10,Moderate,Crack Seal,1,provisional,Michigan GIS Open Data + Paventra rehearsal assumptions,2026-08-16
NAP-ROAD-384,NAP-384-9153103801315238013189,Hastings Rd,,,Napoleon Township,42.152928024661456,-84.2467271922147,1.378098,2,Asphalt,Local,65,2026-08-16,Medium,1000,10,Moderate,Crack Seal,1,provisional,Michigan GIS Open Data + Paventra rehearsal assumptions,2026-08-16
NAP-ROAD-385,NAP-385-9012103801320038013152,Chicago St,,,Napoleon Township,42.15133916695516,-84.24829118124691,0.135895,2,Asphalt,Local,65,2026-08-16,Medium,1000,10,Moderate,Crack Seal,1,provisional,Michigan GIS Open Data + Paventra rehearsal assumptions,2026-08-16
NAP-ROAD-386,NAP-386-8993103802010238013200,Brooklyn Rd,,,Napoleon Township,42.153647320574805,-84.24832387548349,0.159253,2,Asphalt,Local,65,2026-08-16,Medium,1000,10,Moderate,Crack Seal,1,provisional,Michigan GIS Open Data + Paventra rehearsal assumptions,2026-08-16
NAP-ROAD-387,NAP-387-8993103801320038020333,Brooklyn Rd,,,Napoleon Township,42.15133916695516,-84.24829118124691,0.145108,2,Asphalt,Local,65,2026-08-16,Medium,1000,10,Moderate,Crack Seal,1,provisional,Michigan GIS Open Data + Paventra rehearsal assumptions,2026-08-16
NAP-ROAD-388,NAP-388-9181093801824638012231,Wolf Lake Rd,,,Napoleon Township,42.170273784589185,-84.2211426025308,0.323392,2,Asphalt,Local,65,2026-08-16,Medium,1000,10,Moderate,Crack Seal,1,provisional,Michigan GIS Open Data + Paventra rehearsal assumptions,2026-08-16
NAP-ROAD-389,NAP-389-33810493801824638018248,Pauline Dr,,,Napoleon Township,42.170273784589185,-84.2211426025308,0.261364,2,Asphalt,Local,65,2026-08-16,Medium,1000,10,Moderate,Crack Seal,1,provisional,Michigan GIS Open Data + Paventra rehearsal assumptions,2026-08-16
NAP-ROAD-390,NAP-390-19209083801240938012395,Country View Blvd,,,Napoleon Township,42.17113593337515,-84.28444401262706,0.036291,2,Asphalt,Local,65,2026-08-16,Medium,1000,10,Moderate,Crack Seal,1,provisional,Michigan GIS Open Data + Paventra rehearsal assumptions,2026-08-16
NAP-ROAD-391,NAP-391-9161063801242238012393,Thru Roamin Dr,,,Napoleon Township,42.17039806264898,-84.24128647260731,0.058357,2,Asphalt,Local,65,2026-08-16,Medium,1000,10,Moderate,Crack Seal,1,provisional,Michigan GIS Open Data + Paventra rehearsal assumptions,2026-08-16
NAP-ROAD-392,NAP-392-9154043801242238012421,Charmin Pl,,,Napoleon Township,42.17039806264898,-84.24128647260731,0.035459,2,Asphalt,Local,65,2026-08-16,Medium,1000,10,Moderate,Crack Seal,1,provisional,Michigan GIS Open Data + Paventra rehearsal assumptions,2026-08-16
NAP-ROAD-393,NAP-393-9154043801242338012422,Charmin Pl,,,Napoleon Township,42.17040322354568,-84.24266682610677,0.070845,2,Asphalt,Local,65,2026-08-16,Medium,1000,10,Moderate,Crack Seal,1,provisional,Michigan GIS Open Data + Paventra rehearsal assumptions,2026-08-16
NAP-ROAD-394,NAP-394-9161053801242338012374,Flagstone Dr,,,Napoleon Township,42.17040322354568,-84.24266682610677,0.084035,2,Asphalt,Local,65,2026-08-16,Medium,1000,10,Moderate,Crack Seal,1,provisional,Michigan GIS Open Data + Paventra rehearsal assumptions,2026-08-16
NAP-ROAD-395,NAP-395-9154043801242638012423,Charmin Pl,,,Napoleon Township,42.170424905157006,-84.24546283100398,0.143507,2,Asphalt,Local,65,2026-08-16,Medium,1000,10,Moderate,Crack Seal,1,provisional,Michigan GIS Open Data + Paventra rehearsal assumptions,2026-08-16
NAP-ROAD-396,NAP-396-9154013801242638012371,Oak Point Rd,,,Napoleon Township,42.170424905157006,-84.24546283100398,0.088935,2,Asphalt,Local,65,2026-08-16,Medium,1000,10,Moderate,Crack Seal,1,provisional,Michigan GIS Open Data + Paventra rehearsal assumptions,2026-08-16
NAP-ROAD-397,NAP-397-9011103801242538012363,Wheaton Rd,,,Napoleon Township,42.17129575373339,-84.30661105355873,0.993391,2,Asphalt,Local,65,2026-08-16,Medium,1000,10,Moderate,Crack Seal,1,provisional,Michigan GIS Open Data + Paventra rehearsal assumptions,2026-08-16
NAP-ROAD-398,NAP-398-9011083801242538012141,Benton Rd,,,Napoleon Township,42.17129575373339,-84.30661105355873,0.490915,2,Asphalt,Local,65,2026-08-16,Medium,1000,10,Moderate,Crack Seal,1,provisional,Michigan GIS Open Data + Paventra rehearsal assumptions,2026-08-16
NAP-ROAD-399,NAP-399-9011103801229638012425,Wheaton Rd,,,Napoleon Township,42.174944382546684,-84.3208567843293,0.84367,2,Asphalt,Local,65,2026-08-16,Medium,1000,10,Moderate,Crack Seal,1,provisional,Michigan GIS Open Data + Paventra rehearsal assumptions,2026-08-16
NAP-ROAD-400,NAP-400-19209083801686538012409,Country View Blvd,,,Napoleon Township,42.1708743500127,-84.28443820517576,0.01805,2,Asphalt,Local,65,2026-08-16,Medium,1000,10,Moderate,Crack Seal,1,provisional,Michigan GIS Open Data + Paventra rehearsal assumptions,2026-08-16
NAP-ROAD-401,NAP-401-9181093801307938013036,Wolf Lake Rd,,,Napoleon Township,42.15469878837517,-84.22052071580363,0.059985,2,Asphalt,Local,65,2026-08-16,Medium,1000,10,Moderate,Crack Seal,1,provisional,Michigan GIS Open Data + Paventra rehearsal assumptions,2026-08-16
NAP-ROAD-402,NAP-402-33813623802010138020099,Joyln Dr,,,Napoleon Township,42.15500094375844,-84.25261310895007,0.067655,2,Asphalt,Local,65,2026-08-16,Medium,1000,10,Moderate,Crack Seal,1,provisional,Michigan GIS Open Data + Paventra rehearsal assumptions,2026-08-16
NAP-ROAD-403,NAP-403-33813643802010138020108,Jason Ct,,,Napoleon Township,42.15500094375844,-84.25261310895007,0.045364,2,Asphalt,Local,65,2026-08-16,Medium,1000,10,Moderate,Crack Seal,1,provisional,Michigan GIS Open Data + Paventra rehearsal assumptions,2026-08-16
NAP-ROAD-404,NAP-404-33813643802010838020100,Jason Ct,,,Napoleon Township,42.154998961825996,-84.25349380417576,0.017238,2,Asphalt,Local,65,2026-08-16,Medium,1000,10,Moderate,Crack Seal,1,provisional,Michigan GIS Open Data + Paventra rehearsal assumptions,2026-08-16
NAP-ROAD-405,NAP-405-33813653802010538020109,Jordan Dr,,,Napoleon Township,42.15473551931679,-84.25636353822858,0.091359,2,Asphalt,Local,65,2026-08-16,Medium,1000,10,Moderate,Crack Seal,1,provisional,Michigan GIS Open Data + Paventra rehearsal assumptions,2026-08-16
NAP-ROAD-406,NAP-406-9155013802544938020544,N Stony Lake Rd,,,Napoleon Township,42.16174438260067,-84.27252426553167,0.040174,2,Asphalt,Local,65,2026-08-16,Medium,1000,10,Moderate,Crack Seal,1,provisional,Michigan GIS Open Data + Paventra rehearsal assumptions,2026-08-16
NAP-ROAD-407,NAP-407-33813233802002838020029,Kristi Ln,,,Napoleon Township,42.160786774734525,-84.25063610332731,0.03139,2,Asphalt,Local,65,2026-08-16,Medium,1000,10,Moderate,Crack Seal,1,provisional,Michigan GIS Open Data + Paventra rehearsal assumptions,2026-08-16
NAP-ROAD-408,NAP-408-9182023801938638012639,Blue Ridge Rd,,,Napoleon Township,42.16237177205614,-84.3545657450904,0.649712,2,Asphalt,Local,65,2026-08-16,Medium,1000,10,Moderate,Crack Seal,1,provisional,Michigan GIS Open Data + Paventra rehearsal assumptions,2026-08-16
NAP-ROAD-409,NAP-409-33815253802054438020524,John R Dr,,,Napoleon Township,42.16124224870024,-84.27212948716506,0.170686,2,Asphalt,Local,65,2026-08-16,Medium,1000,10,Moderate,Crack Seal,1,provisional,Michigan GIS Open Data + Paventra rehearsal assumptions,2026-08-16
NAP-ROAD-410,NAP-410-9012053801280638012810,Austin Rd,,,Napoleon Township,42.16084711058549,-84.2458741430052,0.063382,2,Asphalt,Local,65,2026-08-16,Medium,1000,10,Moderate,Crack Seal,1,provisional,Michigan GIS Open Data + Paventra rehearsal assumptions,2026-08-16
NAP-ROAD-411,NAP-411-33810043801275638012817,Harvey Dr,,,Napoleon Township,42.16233730219295,-84.27751496045101,0.103266,2,Asphalt,Local,65,2026-08-16,Medium,1000,10,Moderate,Crack Seal,1,provisional,Michigan GIS Open Data + Paventra rehearsal assumptions,2026-08-16
NAP-ROAD-412,NAP-412-8993103801275138012825,Brooklyn Rd,,,Napoleon Township,42.16192570149772,-84.24843254451017,0.090511,2,Asphalt,Local,65,2026-08-16,Medium,1000,10,Moderate,Crack Seal,1,provisional,Michigan GIS Open Data + Paventra rehearsal assumptions,2026-08-16
NAP-ROAD-413,NAP-413-9182033802002838012825,Stony Lake Rd,,,Napoleon Township,42.160786774734525,-84.25063610332731,0.114302,2,Asphalt,Local,65,2026-08-16,Medium,1000,10,Moderate,Crack Seal,1,provisional,Michigan GIS Open Data + Paventra rehearsal assumptions,2026-08-16
NAP-ROAD-414,NAP-414-9154013801283538012806,East Ave,,,Napoleon Township,42.160248888377204,-84.24590580614357,0.041305,2,Asphalt,Local,65,2026-08-16,Medium,1000,10,Moderate,Crack Seal,1,provisional,Michigan GIS Open Data + Paventra rehearsal assumptions,2026-08-16
NAP-ROAD-415,NAP-415-33800263801282538012835,Nottawa Sepee St,,,Napoleon Township,42.16061380919856,-84.2484271270197,0.131848,2,Asphalt,Local,65,2026-08-16,Medium,1000,10,Moderate,Crack Seal,1,provisional,Michigan GIS Open Data + Paventra rehearsal assumptions,2026-08-16
NAP-ROAD-416,NAP-416-9012103801284338012810,Chicago St,,,Napoleon Township,42.160110139097846,-84.24476503567392,0.038502,2,Asphalt,Local,65,2026-08-16,Medium,1000,10,Moderate,Crack Seal,1,provisional,Michigan GIS Open Data + Paventra rehearsal assumptions,2026-08-16
NAP-ROAD-417,NAP-417-33800263801283538012843,Nottawa Sepee St,,,Napoleon Township,42.160248888377204,-84.24590580614357,0.059334,2,Asphalt,Local,65,2026-08-16,Medium,1000,10,Moderate,Crack Seal,1,provisional,Michigan GIS Open Data + Paventra rehearsal assumptions,2026-08-16
NAP-ROAD-418,NAP-418-33800263801284338012858,Nottawa Sepee St,,,Napoleon Township,42.160110139097846,-84.24476503567392,0.109628,2,Asphalt,Local,65,2026-08-16,Medium,1000,10,Moderate,Crack Seal,1,provisional,Michigan GIS Open Data + Paventra rehearsal assumptions,2026-08-16
NAP-ROAD-419,NAP-419-8990063801342938013364,Hyde Rd,,,Napoleon Township,42.1470203898483,-84.34416939613557,0.923256,2,Asphalt,Local,65,2026-08-16,Medium,1000,10,Moderate,Crack Seal,1,provisional,Michigan GIS Open Data + Paventra rehearsal assumptions,2026-08-16
NAP-ROAD-420,NAP-420-9182033801343938013434,S Stony Lake Rd,,,Napoleon Township,42.14618766330884,-84.30663851405997,0.54038,2,Asphalt,Local,65,2026-08-16,Medium,1000,10,Moderate,Crack Seal,1,provisional,Michigan GIS Open Data + Paventra rehearsal assumptions,2026-08-16
NAP-ROAD-421,NAP-421-9011083801343938013126,Benton Rd,,,Napoleon Township,42.14618766330884,-84.30663851405997,0.571127,2,Asphalt,Local,65,2026-08-16,Medium,1000,10,Moderate,Crack Seal,1,provisional,Michigan GIS Open Data + Paventra rehearsal assumptions,2026-08-16
NAP-ROAD-422,NAP-422-9182033802045438013439,S Stony Lake Rd,,,Napoleon Township,42.14620075342695,-84.31123101629827,0.235793,2,Asphalt,Local,65,2026-08-16,Medium,1000,10,Moderate,Crack Seal,1,provisional,Michigan GIS Open Data + Paventra rehearsal assumptions,2026-08-16
NAP-ROAD-423,NAP-423-9182033801344638020454,S Stony Lake Rd,,,Napoleon Township,42.14621462083629,-84.3161678293774,0.25347,2,Asphalt,Local,65,2026-08-16,Medium,1000,10,Moderate,Crack Seal,1,provisional,Michigan GIS Open Data + Paventra rehearsal assumptions,2026-08-16
NAP-ROAD-424,NAP-424-9178033801344638013361,Clark Lake Rd,,,Napoleon Township,42.14621462083629,-84.3161678293774,0.545688,2,Asphalt,Local,65,2026-08-16,Medium,1000,10,Moderate,Crack Seal,1,provisional,Michigan GIS Open Data + Paventra rehearsal assumptions,2026-08-16
NAP-ROAD-425,NAP-425-33806083801344838013429,Hyde Rd,,,Napoleon Township,42.14630247584408,-84.34519135510394,0.076152,2,Asphalt,Local,65,2026-08-16,Medium,1000,10,Moderate,Crack Seal,1,provisional,Michigan GIS Open Data + Paventra rehearsal assumptions,2026-08-16
NAP-ROAD-426,NAP-426-8990063801344838013429,Old Hyde Rd,,,Napoleon Township,42.14630247584408,-84.34519135510394,0.09467,2,Asphalt,Local,65,2026-08-16,Medium,1000,10,Moderate,Crack Seal,1,provisional,Michigan GIS Open Data + Paventra rehearsal assumptions,2026-08-16
NAP-ROAD-427,NAP-427-8990063801345738013448,Hyde Rd,,,Napoleon Township,42.14612053502293,-84.34522535516696,0.012673,2,Asphalt,Local,65,2026-08-16,Medium,1000,10,Moderate,Crack Seal,1,provisional,Michigan GIS Open Data + Paventra rehearsal assumptions,2026-08-16
NAP-ROAD-428,NAP-428-9182023801345738013458,Blue Ridge Rd,,,Napoleon Township,42.14612053502293,-84.34522535516696,0.159024,2,Asphalt,Local,65,2026-08-16,Medium,1000,10,Moderate,Crack Seal,1,provisional,Michigan GIS Open Data + Paventra rehearsal assumptions,2026-08-16
NAP-ROAD-429,NAP-429-9182023801346338013349,Blue Ridge Rd,,,Napoleon Township,42.1461632608951,-84.35494945834148,0.186019,2,Asphalt,Local,65,2026-08-16,Medium,1000,10,Moderate,Crack Seal,1,provisional,Michigan GIS Open Data + Paventra rehearsal assumptions,2026-08-16
NAP-ROAD-430,NAP-430-9182023801345838013460,Blue Ridge Rd,,,Napoleon Township,42.14610431330833,-84.34832258838769,0.108653,2,Asphalt,Local,65,2026-08-16,Medium,1000,10,Moderate,Crack Seal,1,provisional,Michigan GIS Open Data + Paventra rehearsal assumptions,2026-08-16
NAP-ROAD-431,NAP-431-9182023801346038013463,Blue Ridge Rd,,,Napoleon Township,42.14608443461092,-84.35043865028233,0.233134,2,Asphalt,Local,65,2026-08-16,Medium,1000,10,Moderate,Crack Seal,1,provisional,Michigan GIS Open Data + Paventra rehearsal assumptions,2026-08-16
NAP-ROAD-432,NAP-432-9156093801154038011475,Lakeshore Blvd,,,Napoleon Township,42.19057537959326,-84.24729288992937,0.070985,2,Asphalt,Local,65,2026-08-16,Medium,1000,10,Moderate,Crack Seal,1,provisional,Michigan GIS Open Data + Paventra rehearsal assumptions,2026-08-16
NAP-ROAD-433,NAP-433-9158013801156938011413,Ackerson Lake Dr,,,Napoleon Township,42.19206040984668,-84.35401258154418,0.145501,2,Asphalt,Local,65,2026-08-16,Medium,1000,10,Moderate,Crack Seal,1,provisional,Michigan GIS Open Data + Paventra rehearsal assumptions,2026-08-16
NAP-ROAD-434,NAP-434-9158013801152838011569,Ackerson Lake Dr,,,Napoleon Township,42.19260499298384,-84.35525972944438,0.079657,2,Asphalt,Local,65,2026-08-16,Medium,1000,10,Moderate,Crack Seal,1,provisional,Michigan GIS Open Data + Paventra rehearsal assumptions,2026-08-16
NAP-ROAD-435,NAP-435-9154083801156838011541,Rexford Rd,,,Napoleon Township,42.19041378386339,-84.2472997166828,0.380144,2,Asphalt,Local,65,2026-08-16,Medium,1000,10,Moderate,Crack Seal,1,provisional,Michigan GIS Open Data + Paventra rehearsal assumptions,2026-08-16
NAP-ROAD-436,NAP-436-9156093801156838011540,Lakeshore Blvd,,,Napoleon Township,42.19041378386339,-84.2472997166828,0.011154,2,Asphalt,Local,65,2026-08-16,Medium,1000,10,Moderate,Crack Seal,1,provisional,Michigan GIS Open Data + Paventra rehearsal assumptions,2026-08-16
NAP-ROAD-437,NAP-437-33810743801152238011566,Greens Dr,,,Napoleon Township,42.1905431804093,-84.22835324572763,0.066784,2,Asphalt,Local,65,2026-08-16,Medium,1000,10,Moderate,Crack Seal,1,provisional,Michigan GIS Open Data + Paventra rehearsal assumptions,2026-08-16
NAP-ROAD-438,NAP-438-9157033801158138011376,Forestdale Rd,,,Napoleon Township,42.19002316904033,-84.23655099511573,0.126457,2,Asphalt,Local,65,2026-08-16,Medium,1000,10,Moderate,Crack Seal,1,provisional,Michigan GIS Open Data + Paventra rehearsal assumptions,2026-08-16
NAP-ROAD-439,NAP-439-9154083801153538011581,Rexford Rd,,,Napoleon Township,42.19047115955156,-84.23762117315711,0.066817,2,Asphalt,Local,65,2026-08-16,Medium,1000,10,Moderate,Crack Seal,1,provisional,Michigan GIS Open Data + Paventra rehearsal assumptions,2026-08-16
NAP-ROAD-440,NAP-440-9154083801158738011568,Rexford Rd,,,Napoleon Township,42.19018374001521,-84.24857631137182,0.068907,2,Asphalt,Local,65,2026-08-16,Medium,1000,10,Moderate,Crack Seal,1,provisional,Michigan GIS Open Data + Paventra rehearsal assumptions,2026-08-16
NAP-ROAD-441,NAP-441-8993103801150138020116,Brooklyn Rd,,,Napoleon Township,42.19204231516218,-84.31994206660946,0.149601,2,Asphalt,Local,65,2026-08-16,Medium,1000,10,Moderate,Crack Seal,1,provisional,Michigan GIS Open Data + Paventra rehearsal assumptions,2026-08-16
NAP-ROAD-442,NAP-442-33806683801144838011553,Carbary Dr,,,Napoleon Township,42.192581709365164,-84.30293748372226,0.119287,2,Asphalt,Local,65,2026-08-16,Medium,1000,10,Moderate,Crack Seal,1,provisional,Michigan GIS Open Data + Paventra rehearsal assumptions,2026-08-16
NAP-ROAD-443,NAP-443-33813673801150138021789,Donavon Dr,,,Napoleon Township,42.19204231516218,-84.31994206660946,0.06682,2,Asphalt,Local,65,2026-08-16,Medium,1000,10,Moderate,Crack Seal,1,provisional,Michigan GIS Open Data + Paventra rehearsal assumptions,2026-08-16
NAP-ROAD-444,NAP-444-8993103801211238016856,Brooklyn Rd,,,Napoleon Township,42.17885376588781,-84.28749003981223,0.465066,2,Asphalt,Local,65,2026-08-16,Medium,1000,10,Moderate,Crack Seal,1,provisional,Michigan GIS Open Data + Paventra rehearsal assumptions,2026-08-16
NAP-ROAD-445,NAP-445-8993103801685638016857,Brooklyn Rd,,,Napoleon Township,42.17548856479171,-84.27963785360161,0.015525,2,Asphalt,Local,65,2026-08-16,Medium,1000,10,Moderate,Crack Seal,1,provisional,Michigan GIS Open Data + Paventra rehearsal assumptions,2026-08-16
