{
"type": "FeatureCollection",
"name": "roads",
"crs": { "type": "name", "properties": { "name": "urn:ogc:def:crs:OGC:1.3:CRS84" } },
"features": [
{ "type": "Feature", "properties": { "road_id": "LEO-ROAD-1", "segment_id": "LEO-1-33813973802018538025295" }, "geometry": { "type": "LineString", "coordinates": [ [ -84.261253564822809, 42.350059796824041 ], [ -84.261237073196867, 42.350072144038343 ], [ -84.261115498779276, 42.350123707666349 ], [ -84.260934397151757, 42.350156524756571 ], [ -84.260598099468808, 42.350155738829478 ], [ -84.259836086740663, 42.350130496531563 ], [ -84.259747527327249, 42.350118124097605 ] ] } },
{ "type": "Feature", "properties": { "road_id": "LEO-ROAD-2", "segment_id": "LEO-2-33813973802529538020180" }, "geometry": { "type": "LineString", "coordinates": [ [ -84.259747527327249, 42.350118124097605 ], [ -84.259728409129323, 42.350115453278775 ], [ -84.259092897489737, 42.349864982289205 ], [ -84.258941548496608, 42.349817314387174 ] ] } },
{ "type": "Feature", "properties": { "road_id": "LEO-ROAD-3", "segment_id": "LEO-3-9188083800179838001796" }, "geometry": { "type": "LineString", "coordinates": [ [ -84.263480485461912, 42.349835146771923 ], [ -84.263568445774013, 42.349904232760991 ] ] } },
{ "type": "Feature", "properties": { "road_id": "LEO-ROAD-4", "segment_id": "LEO-4-33813973802018038020181" }, "geometry": { "type": "LineString", "coordinates": [ [ -84.258941548496608, 42.349817314387174 ], [ -84.258527405436908, 42.349686876808114 ], [ -84.258316845260651, 42.349606872957096 ], [ -84.258135612306106, 42.349526912917291 ] ] } },
{ "type": "Feature", "properties": { "road_id": "LEO-ROAD-5", "segment_id": "LEO-5-33813973802017838020185" }, "geometry": { "type": "LineString", "coordinates": [ [ -84.26224077945362, 42.348852046248503 ], [ -84.261945541330192, 42.349018475806972 ], [ -84.261799327920983, 42.349091930756479 ], [ -84.261688374481253, 42.349192663528584 ], [ -84.261613565797319, 42.349289504671837 ], [ -84.261521204056066, 42.349582084063918 ], [ -84.261456258041477, 42.349754810709435 ], [ -84.261422082423636, 42.349901287807562 ], [ -84.26135365335945, 42.349984862848771 ], [ -84.261253564822809, 42.350059796824041 ] ] } },
{ "type": "Feature", "properties": { "road_id": "LEO-ROAD-6", "segment_id": "LEO-6-9188083802017838001798" }, "geometry": { "type": "LineString", "coordinates": [ [ -84.26224077945362, 42.348852046248503 ], [ -84.263480485461912, 42.349835146771923 ] ] } },
{ "type": "Feature", "properties": { "road_id": "LEO-ROAD-7", "segment_id": "LEO-7-33813983802529338020181" }, "geometry": { "type": "LineString", "coordinates": [ [ -84.25758673810445, 42.348003252563458 ], [ -84.257605592383428, 42.348058047754087 ], [ -84.257689622183506, 42.348238875777874 ], [ -84.257774993195923, 42.348372484344189 ], [ -84.257822570217471, 42.348491329570045 ], [ -84.257856210987498, 42.348652474612955 ], [ -84.257852058574088, 42.348798857297261 ], [ -84.25785983339361, 42.348973771051071 ], [ -84.257901849193033, 42.34906418541415 ], [ -84.257998881294455, 42.349235767481908 ], [ -84.258109315802457, 42.349383939361928 ], [ -84.258138198192285, 42.349488320211904 ], [ -84.258135612306106, 42.349526912917291 ] ] } },
{ "type": "Feature", "properties": { "road_id": "LEO-ROAD-8", "segment_id": "LEO-8-33817083802529238025293" }, "geometry": { "type": "LineString", "coordinates": [ [ -84.258171770389637, 42.34795993878658 ], [ -84.257983214733073, 42.347977381404242 ], [ -84.257809455550884, 42.347996087002109 ], [ -84.25758673810445, 42.348003252563458 ] ] } },
{ "type": "Feature", "properties": { "road_id": "LEO-ROAD-9", "segment_id": "LEO-9-33813983802018038025292" }, "geometry": { "type": "LineString", "coordinates": [ [ -84.258941548496608, 42.349817314387174 ], [ -84.258760242060433, 42.349337406118153 ], [ -84.25864638615964, 42.349085252301457 ], [ -84.258561950827044, 42.34891859028766 ], [ -84.258517184001619, 42.348700582083119 ], [ -84.258509004477659, 42.348539834530357 ], [ -84.25846779155107, 42.348421088910364 ], [ -84.258327136559785, 42.348215756851005 ], [ -84.258174689180052, 42.347977171805923 ], [ -84.258171770389637, 42.34795993878658 ] ] } },
{ "type": "Feature", "properties": { "road_id": "LEO-ROAD-10", "segment_id": "LEO-10-33817083802529638025292" }, "geometry": { "type": "LineString", "coordinates": [ [ -84.258628974724573, 42.347807560997438 ], [ -84.258517160835567, 42.347823034527202 ], [ -84.258427991545602, 42.347852889615062 ], [ -84.258348266158521, 42.347879583323227 ], [ -84.258231219107969, 42.347922939685624 ], [ -84.258171770389637, 42.34795993878658 ] ] } },
{ "type": "Feature", "properties": { "road_id": "LEO-ROAD-11", "segment_id": "LEO-11-33817073802529538025296" }, "geometry": { "type": "LineString", "coordinates": [ [ -84.259747527327249, 42.350118124097605 ], [ -84.259749331748665, 42.350043776847841 ], [ -84.259723624954688, 42.349932011585331 ], [ -84.259624099464503, 42.34977626177762 ], [ -84.259404145206545, 42.349387335538957 ], [ -84.259304984236138, 42.349218740139293 ], [ -84.259239484395337, 42.349084936460393 ], [ -84.259186135392156, 42.348929907286333 ], [ -84.259134971214309, 42.348697811792654 ], [ -84.259065520915769, 42.348499696965909 ], [ -84.259005187311942, 42.348387390469668 ], [ -84.258872611731917, 42.348175441661802 ], [ -84.258734630615265, 42.347950558284225 ], [ -84.258628974724573, 42.347807560997438 ] ] } },
{ "type": "Feature", "properties": { "road_id": "LEO-ROAD-12", "segment_id": "LEO-12-33813973802018138020188" }, "geometry": { "type": "LineString", "coordinates": [ [ -84.258135612306106, 42.349526912917291 ], [ -84.257953064057972, 42.3494463726514 ], [ -84.257582612498396, 42.349376838988128 ], [ -84.257066358312031, 42.349253420022976 ], [ -84.2566240835652, 42.349119011286035 ], [ -84.256256306147989, 42.348955407328134 ], [ -84.25597103385023, 42.348768804551334 ], [ -84.255776707320891, 42.348550229174144 ], [ -84.255544146080467, 42.348236948134399 ], [ -84.255233481122247, 42.347791907337957 ], [ -84.255002486920162, 42.34747311588545 ], [ -84.254839676994393, 42.347248422221881 ], [ -84.254723376716825, 42.347164638046827 ], [ -84.254545459345863, 42.347088997420151 ], [ -84.254330295980211, 42.347027953581851 ], [ -84.254036548372596, 42.346996037488729 ], [ -84.253740646116924, 42.347007070068216 ], [ -84.253635064562985, 42.347011006859631 ], [ -84.253143933109911, 42.34701242893663 ], [ -84.252816943709036, 42.346998203892142 ], [ -84.252604578010363, 42.346982736629087 ], [ -84.252397252706629, 42.346933953879194 ], [ -84.252198366650418, 42.346876196582762 ], [ -84.252193529335827, 42.346874550723221 ] ] } },
{ "type": "Feature", "properties": { "road_id": "LEO-ROAD-13", "segment_id": "LEO-13-33813983802529238025294" }, "geometry": { "type": "LineString", "coordinates": [ [ -84.258171770389637, 42.34795993878658 ], [ -84.258169077413584, 42.347944035284584 ], [ -84.258147413317431, 42.347816126175267 ], [ -84.258133405198549, 42.347636391283871 ], [ -84.25806197287001, 42.347460484033469 ], [ -84.257979014543764, 42.34724187945924 ], [ -84.257959712019186, 42.347024269262583 ], [ -84.257904152249012, 42.346661198587569 ] ] } },
{ "type": "Feature", "properties": { "road_id": "LEO-ROAD-14", "segment_id": "LEO-14-33817073802529638025294" }, "geometry": { "type": "LineString", "coordinates": [ [ -84.258628974724573, 42.347807560997438 ], [ -84.258597891971931, 42.347679620337225 ], [ -84.258579511860205, 42.347515525639146 ], [ -84.25857343246787, 42.347322682507127 ], [ -84.258510241574953, 42.347107531487104 ], [ -84.258401608253848, 42.346865973004547 ], [ -84.258351154013155, 42.346777807942679 ], [ -84.258286650982683, 42.346712297914131 ], [ -84.258199294340557, 42.346670068476072 ], [ -84.258061382125192, 42.346646499362045 ], [ -84.257904152249012, 42.346661198587569 ] ] } },
{ "type": "Feature", "properties": { "road_id": "LEO-ROAD-15", "segment_id": "LEO-15-33813983802529438025293" }, "geometry": { "type": "LineString", "coordinates": [ [ -84.257904152249012, 42.346661198587569 ], [ -84.257837553209725, 42.346616087776816 ], [ -84.257691412091575, 42.346604357943718 ], [ -84.257480410458371, 42.346634132708644 ], [ -84.257356783937993, 42.346726685034128 ], [ -84.257328508036508, 42.346825450781004 ], [ -84.257443226852033, 42.347271309306265 ], [ -84.257517004662304, 42.34758897638104 ], [ -84.257549303237425, 42.347797342732704 ], [ -84.25757617565867, 42.347972554688461 ], [ -84.257582665715489, 42.347991416292224 ], [ -84.25758673810445, 42.348003252563458 ] ] } },
{ "type": "Feature", "properties": { "road_id": "LEO-ROAD-16", "segment_id": "LEO-16-33813993802018838020189" }, "geometry": { "type": "LineString", "coordinates": [ [ -84.252193529335827, 42.346874550723221 ], [ -84.252088125445169, 42.346967066636779 ], [ -84.251966686195573, 42.347028583016225 ], [ -84.251824593677156, 42.347094848285629 ], [ -84.251672462977751, 42.347153346996365 ], [ -84.251497919684056, 42.347158223097516 ], [ -84.251337698533206, 42.347140493112462 ], [ -84.251082419818559, 42.347098443399226 ], [ -84.250936450268981, 42.347060641738068 ], [ -84.250882842217166, 42.347021751412605 ], [ -84.250786026302734, 42.346939059382962 ], [ -84.25076063106718, 42.346870169946378 ], [ -84.250728447694186, 42.346679411294978 ], [ -84.250729867688548, 42.346509473639252 ], [ -84.250759811916382, 42.346418621218916 ], [ -84.250802561898141, 42.346358409723166 ], [ -84.250872657604177, 42.346298627621749 ], [ -84.250976717346589, 42.346246986831346 ], [ -84.25109401604, 42.346210773506343 ], [ -84.251206426870979, 42.346205951568706 ] ] } },
{ "type": "Feature", "properties": { "road_id": "LEO-ROAD-17", "segment_id": "LEO-17-33813973802018838020189" }, "geometry": { "type": "LineString", "coordinates": [ [ -84.252193529335827, 42.346874550723221 ], [ -84.251955176887364, 42.346793458332378 ], [ -84.251643656347781, 42.346667148976969 ], [ -84.251446155159258, 42.346560839336256 ], [ -84.251290078328381, 42.346436963887449 ], [ -84.251203281891449, 42.346323280868738 ], [ -84.251197260650969, 42.346247293079671 ], [ -84.251206426870979, 42.346205951568706 ] ] } },
{ "type": "Feature", "properties": { "road_id": "LEO-ROAD-18", "segment_id": "LEO-18-33813973802018938020191" }, "geometry": { "type": "LineString", "coordinates": [ [ -84.251206426870979, 42.346205951568706 ], [ -84.251216041731624, 42.346162585753454 ], [ -84.251357452947346, 42.346082835321113 ], [ -84.251668389580615, 42.345941989633374 ], [ -84.251861476512289, 42.345771975844379 ], [ -84.251929689045213, 42.345675899615358 ], [ -84.251921476408882, 42.345533089510099 ], [ -84.251876621076207, 42.345383634954686 ], [ -84.251772019882154, 42.345032884095609 ], [ -84.251702073255473, 42.344758570271367 ], [ -84.251656442891488, 42.344636425102202 ], [ -84.251561812933204, 42.344510476634433 ], [ -84.251519409678608, 42.344418739338799 ], [ -84.251463266917824, 42.344378395256214 ], [ -84.251321311017591, 42.344333671047266 ], [ -84.25111324254334, 42.344309196112611 ] ] } },
{ "type": "Feature", "properties": { "road_id": "LEO-ROAD-19", "segment_id": "LEO-19-33814003802019238020191" }, "geometry": { "type": "LineString", "coordinates": [ [ -84.252577793607671, 42.343085219938487 ], [ -84.252590408368349, 42.343128560957155 ], [ -84.252576123833762, 42.343218272662234 ], [ -84.252542954213339, 42.343284480161145 ], [ -84.252486578741554, 42.343341620676881 ], [ -84.252426871212379, 42.343378400172874 ], [ -84.25236391535563, 42.34339192023846 ], [ -84.252281908268827, 42.343387735556149 ], [ -84.252160977417134, 42.343377138263278 ], [ -84.251973428763648, 42.343371299693317 ], [ -84.25180110298956, 42.34338020593632 ], [ -84.251538375839317, 42.343405101342277 ], [ -84.251283960324784, 42.343412720860471 ], [ -84.251162286562476, 42.343428220938023 ], [ -84.251158642516756, 42.343432441803564 ], [ -84.251117802103025, 42.343479744972385 ], [ -84.251103130402456, 42.343720310501453 ], [ -84.251138670505114, 42.343845616435807 ], [ -84.251179028420381, 42.343939085641416 ], [ -84.251172724654268, 42.344023120096296 ], [ -84.251141316070743, 42.344164784366114 ], [ -84.25111324254334, 42.344309196112611 ] ] } },
{ "type": "Feature", "properties": { "road_id": "LEO-ROAD-20", "segment_id": "LEO-20-33813973802019138001949" }, "geometry": { "type": "LineString", "coordinates": [ [ -84.25111324254334, 42.344309196112611 ], [ -84.251023573505393, 42.344298647864619 ], [ -84.250881877311059, 42.34424481995476 ], [ -84.250809890813954, 42.344186011926425 ], [ -84.250778636668642, 42.34413391456539 ], [ -84.250765126690467, 42.344033522536066 ], [ -84.250785549458826, 42.343891161920006 ], [ -84.250793614645218, 42.343751643380017 ], [ -84.250774300291837, 42.343567676633221 ], [ -84.250776903982242, 42.343456713847921 ], [ -84.250783877137735, 42.343159516976158 ], [ -84.250790199527273, 42.343009345115377 ], [ -84.2507704829315, 42.342944282975466 ] ] } },
{ "type": "Feature", "properties": { "road_id": "LEO-ROAD-21", "segment_id": "LEO-21-33814003800194938020192" }, "geometry": { "type": "LineString", "coordinates": [ [ -84.2507704829315, 42.342944282975466 ], [ -84.250924248608854, 42.342998022762934 ], [ -84.251010245900233, 42.342999370331611 ], [ -84.251287039719031, 42.343029817289505 ], [ -84.251431671781447, 42.343032083163244 ], [ -84.251565649707246, 42.34299646672433 ], [ -84.251640662658659, 42.342971531690111 ], [ -84.251739294955669, 42.342941164427906 ], [ -84.251841175197569, 42.34293405649646 ], [ -84.252013087145698, 42.342939649519764 ], [ -84.252223841329297, 42.342954555074591 ], [ -84.252406736793233, 42.342986430455824 ], [ -84.252495571108426, 42.343025535658953 ], [ -84.252572595806555, 42.34306735832066 ], [ -84.252577793607671, 42.343085219938487 ] ] } },
{ "type": "Feature", "properties": { "road_id": "LEO-ROAD-22", "segment_id": "LEO-22-33814013802019238020193" }, "geometry": { "type": "LineString", "coordinates": [ [ -84.252577793607671, 42.343085219938487 ], [ -84.253326720773131, 42.342904251547814 ], [ -84.253391103566358, 42.34288869403521 ] ] } },
{ "type": "Feature", "properties": { "road_id": "LEO-ROAD-23", "segment_id": "LEO-23-9188063801834338001949" }, "geometry": { "type": "LineString", "coordinates": [ [ -84.250411437303342, 42.34245610163142 ], [ -84.250411476512809, 42.342521872426232 ], [ -84.2507704829315, 42.342944282975466 ] ] } },
{ "type": "Feature", "properties": { "road_id": "LEO-ROAD-24", "segment_id": "LEO-24-33816773802168938021690" }, "geometry": { "type": "LineString", "coordinates": [ [ -84.276554908991017, 42.340480570391769 ], [ -84.276337980293476, 42.340634939003429 ], [ -84.276227147907321, 42.340665858453981 ], [ -84.276146999917586, 42.340648304692635 ], [ -84.276031437279741, 42.3405866946255 ], [ -84.275987213927081, 42.340549323169704 ] ] } },
{ "type": "Feature", "properties": { "road_id": "LEO-ROAD-25", "segment_id": "LEO-25-33816753802142438021689" }, "geometry": { "type": "LineString", "coordinates": [ [ -84.276882462183835, 42.340284577506537 ], [ -84.276763591744583, 42.3403587057892 ], [ -84.276554908991017, 42.340480570391769 ] ] } },
{ "type": "Feature", "properties": { "road_id": "LEO-ROAD-26", "segment_id": "LEO-26-33816763802168538021689" }, "geometry": { "type": "LineString", "coordinates": [ [ -84.275573794308073, 42.339676377283865 ], [ -84.276554908991017, 42.340480570391769 ] ] } },
{ "type": "Feature", "properties": { "road_id": "LEO-ROAD-27", "segment_id": "LEO-27-9188173802168538021684" }, "geometry": { "type": "LineString", "coordinates": [ [ -84.275573794308073, 42.339676377283865 ], [ -84.275745117031022, 42.339673706759065 ], [ -84.276048915465097, 42.339645811989946 ] ] } },
{ "type": "Feature", "properties": { "road_id": "LEO-ROAD-28", "segment_id": "LEO-28-33816753802168438021424" }, "geometry": { "type": "LineString", "coordinates": [ [ -84.276048915465097, 42.339645811989946 ], [ -84.276152487435667, 42.339669439794449 ], [ -84.276317971663161, 42.339780768266316 ], [ -84.2768498415588, 42.34015881003166 ], [ -84.276891977145681, 42.340224723440429 ], [ -84.276882462183835, 42.340284577506537 ] ] } },
{ "type": "Feature", "properties": { "road_id": "LEO-ROAD-29", "segment_id": "LEO-29-9188173802168438021424" }, "geometry": { "type": "LineString", "coordinates": [ [ -84.276048915465097, 42.339645811989946 ], [ -84.276051499905677, 42.339645574475561 ], [ -84.276964695558277, 42.339653144288611 ], [ -84.277104927133109, 42.339749570485267 ], [ -84.277206132356014, 42.339821827834051 ], [ -84.277291296288467, 42.339899729581127 ], [ -84.277352979398657, 42.339965486139995 ], [ -84.27734330723537, 42.340027195278722 ], [ -84.277334626294191, 42.34005357111689 ], [ -84.277301554414848, 42.340100190733629 ], [ -84.277188642870598, 42.340160302102085 ], [ -84.276882462183835, 42.340284577506537 ] ] } },
{ "type": "Feature", "properties": { "road_id": "LEO-ROAD-30", "segment_id": "LEO-30-9188083800205038020178" }, "geometry": { "type": "LineString", "coordinates": [ [ -84.255650011009507, 42.339045815364301 ], [ -84.255718730363924, 42.339260592828218 ], [ -84.255719236878932, 42.339262339313223 ], [ -84.255908988344743, 42.339859003405472 ], [ -84.25591505880395, 42.339937755421118 ], [ -84.255950685880393, 42.340086088668279 ], [ -84.255959996227077, 42.340361081958022 ], [ -84.255959691624767, 42.340574218429161 ], [ -84.25602763976778, 42.341014350593007 ], [ -84.256106412986313, 42.341275613575931 ], [ -84.256176118393782, 42.341451478327826 ], [ -84.256474345914015, 42.342222252269082 ], [ -84.256809075611955, 42.342830837564136 ], [ -84.257175379066965, 42.343361985547681 ], [ -84.257573863803159, 42.343959312807982 ], [ -84.25796468740441, 42.344586832131078 ], [ -84.258616431118426, 42.345380090744499 ], [ -84.259217022253452, 42.346056348279951 ], [ -84.259610306502935, 42.346465392758148 ], [ -84.260310675937092, 42.347120295967073 ], [ -84.261159434734694, 42.347945283374152 ], [ -84.261195217326545, 42.347975957639107 ], [ -84.261196982671478, 42.347977471478927 ], [ -84.261925831317058, 42.348602282091214 ], [ -84.26224077945362, 42.348852046248503 ] ] } },
{ "type": "Feature", "properties": { "road_id": "LEO-ROAD-31", "segment_id": "LEO-31-9188173800205038002051" }, "geometry": { "type": "LineString", "coordinates": [ [ -84.255650011009507, 42.339045815364301 ], [ -84.255807971304662, 42.339047165365699 ] ] } },
{ "type": "Feature", "properties": { "road_id": "LEO-ROAD-32", "segment_id": "LEO-32-33816783802168638021690" }, "geometry": { "type": "LineString", "coordinates": [ [ -84.274410842688098, 42.339319638619052 ], [ -84.274640410072905, 42.339477469538856 ], [ -84.275974340448641, 42.340531426066939 ], [ -84.275987213927081, 42.340549323169704 ] ] } },
{ "type": "Feature", "properties": { "road_id": "LEO-ROAD-33", "segment_id": "LEO-33-9188173802168638021685" }, "geometry": { "type": "LineString", "coordinates": [ [ -84.274410842688098, 42.339319638619052 ], [ -84.274423054880828, 42.339321031877063 ], [ -84.274626334166584, 42.339315742282551 ], [ -84.274817504951656, 42.339318332739943 ], [ -84.274957676098182, 42.339327383164026 ], [ -84.275108755777865, 42.339344385050637 ], [ -84.275169039974202, 42.339365565414617 ], [ -84.275262280910212, 42.339424202785509 ], [ -84.275341051583524, 42.339483686555262 ], [ -84.275460044124983, 42.339585981350744 ], [ -84.275573794308073, 42.339676377283865 ] ] } },
{ "type": "Feature", "properties": { "road_id": "LEO-ROAD-34", "segment_id": "LEO-34-33816773802169038021687" }, "geometry": { "type": "LineString", "coordinates": [ [ -84.275987213927081, 42.340549323169704 ], [ -84.275840305597683, 42.340605494743059 ], [ -84.275691613699223, 42.340679337646314 ], [ -84.275617421492015, 42.340710822773858 ], [ -84.275514832987042, 42.340709237177471 ], [ -84.275398963073044, 42.340658498976531 ], [ -84.275283552633496, 42.34059145141741 ], [ -84.275198826374222, 42.340475930870625 ], [ -84.275106467919073, 42.340371169521916 ], [ -84.274941138225159, 42.340254402612985 ], [ -84.274738406471741, 42.340164249808709 ], [ -84.274519645170443, 42.340122796871711 ], [ -84.274219823233665, 42.340096405158661 ], [ -84.274000146969613, 42.340087567961831 ], [ -84.273744443040627, 42.340056419302016 ], [ -84.273578046877248, 42.339977703851069 ], [ -84.273407075305414, 42.339801022850288 ], [ -84.273216260089256, 42.339547893591366 ], [ -84.273176881591567, 42.339384126020988 ], [ -84.273177391857061, 42.339237216482651 ] ] } },
{ "type": "Feature", "properties": { "road_id": "LEO-ROAD-35", "segment_id": "LEO-35-9188173802168738025522" }, "geometry": { "type": "LineString", "coordinates": [ [ -84.273177391857061, 42.339237216482651 ], [ -84.273386879864518, 42.339237951601881 ] ] } },
{ "type": "Feature", "properties": { "road_id": "LEO-ROAD-36", "segment_id": "LEO-36-9188173802552238002052" }, "geometry": { "type": "LineString", "coordinates": [ [ -84.273386879864518, 42.339237951601881 ], [ -84.273669798180578, 42.339238944244435 ] ] } },
{ "type": "Feature", "properties": { "road_id": "LEO-ROAD-37", "segment_id": "LEO-37-9188173800205238021686" }, "geometry": { "type": "LineString", "coordinates": [ [ -84.273669798180578, 42.339238944244435 ], [ -84.274410842688098, 42.339319638619052 ] ] } },
{ "type": "Feature", "properties": { "road_id": "LEO-ROAD-38", "segment_id": "LEO-38-9188173800205138017582" }, "geometry": { "type": "LineString", "coordinates": [ [ -84.255807971304662, 42.339047165365699 ], [ -84.262812464957392, 42.33906230334766 ], [ -84.263108274739551, 42.339140263745456 ], [ -84.263381442620911, 42.33920731890462 ], [ -84.263553364451369, 42.339244605274985 ], [ -84.2637064227103, 42.339246278877944 ], [ -84.263981097426992, 42.339203313875672 ], [ -84.264662665485062, 42.338999845627306 ], [ -84.26484827172952, 42.338963846615478 ], [ -84.264898234347584, 42.338958924983991 ] ] } },
{ "type": "Feature", "properties": { "road_id": "LEO-ROAD-39", "segment_id": "LEO-39-9188173801758238002063" }, "geometry": { "type": "LineString", "coordinates": [ [ -84.264898234347584, 42.338958924983991 ], [ -84.26499842867311, 42.338916172917294 ], [ -84.269312183063178, 42.338942837560076 ] ] } },
{ "type": "Feature", "properties": { "road_id": "LEO-ROAD-40", "segment_id": "LEO-40-33816793800205238021692" }, "geometry": { "type": "LineString", "coordinates": [ [ -84.273669798180578, 42.339238944244435 ], [ -84.273949797573877, 42.339009944268376 ] ] } },
{ "type": "Feature", "properties": { "road_id": "LEO-ROAD-41", "segment_id": "LEO-41-9188173800206338021687" }, "geometry": { "type": "LineString", "coordinates": [ [ -84.269312183063178, 42.338942837560076 ], [ -84.269687101832702, 42.338941446682774 ], [ -84.269927592399611, 42.338991489189084 ], [ -84.270171006129161, 42.339076311723275 ], [ -84.270404186228888, 42.339108872270273 ], [ -84.272441399917099, 42.339189312420871 ], [ -84.273177391857061, 42.339237216482651 ] ] } },
{ "type": "Feature", "properties": { "road_id": "LEO-ROAD-42", "segment_id": "LEO-42-9188063800204738018343" }, "geometry": { "type": "LineString", "coordinates": [ [ -84.25041049118083, 42.338526081101421 ], [ -84.250411437303342, 42.34245610163142 ] ] } },
{ "type": "Feature", "properties": { "road_id": "LEO-ROAD-43", "segment_id": "LEO-43-9188173800204738002050" }, "geometry": { "type": "LineString", "coordinates": [ [ -84.25041049118083, 42.338526081101421 ], [ -84.250412890105196, 42.338534917857046 ], [ -84.250415169091767, 42.338543787864218 ], [ -84.250417347738548, 42.338552685124498 ], [ -84.250419445617851, 42.33856160453977 ], [ -84.250421479849081, 42.338570541874326 ], [ -84.250423470030157, 42.338579491129721 ], [ -84.250425433306233, 42.338588447169791 ], [ -84.250427389198336, 42.338597406697332 ], [ -84.25042935490282, 42.33860636277538 ], [ -84.250431349992084, 42.33861531030584 ], [ -84.25043339158556, 42.338624245053005 ], [ -84.250435500469351, 42.338633161937871 ], [ -84.250437692574891, 42.338642055805231 ], [ -84.250439987500258, 42.338650920656598 ], [ -84.250442403578532, 42.338659752275312 ], [ -84.250444960382268, 42.33866854556323 ], [ -84.250447673842828, 42.338677295365251 ], [ -84.25045056477208, 42.338685995701887 ], [ -84.250453649050243, 42.338694643218744 ], [ -84.250456948728356, 42.338703231055014 ], [ -84.250460478472974, 42.33871175583733 ], [ -84.250464259095935, 42.338720211586157 ], [ -84.25046831357993, 42.33872860136421 ], [ -84.250472657112866, 42.338736946128215 ], [ -84.250477277583883, 42.338745244787489 ], [ -84.250482159292403, 42.33875349439348 ], [ -84.250487287802812, 42.338761690215804 ], [ -84.250492649790615, 42.338769831144745 ], [ -84.250498230820057, 42.338777912449849 ], [ -84.25050401392572, 42.338785932964484 ], [ -84.250509988312814, 42.338793888015182 ], [ -84.25051613582778, 42.338801775515847 ], [ -84.250522445650361, 42.338809591693547 ], [ -84.250528899652465, 42.338817333561614 ], [ -84.250535485748827, 42.338824999129052 ], [ -84.25054218829014, 42.338832583646429 ], [ -84.250548993951725, 42.338840086004041 ], [ -84.250555887084218, 42.338847501452499 ], [ -84.250562854388505, 42.338854827981763 ], [ -84.250569880189701, 42.338862061742809 ], [ -84.250577240040542, 42.33886907733752 ], [ -84.250585233895436, 42.338875745246227 ], [ -84.25059377071257, 42.338882107280703 ], [ -84.250602757048497, 42.338888204314578 ], [ -84.250612101835756, 42.338894079060132 ], [ -84.250621711630671, 42.338899772390967 ], [ -84.250631495417181, 42.338905325218661 ], [ -84.250641360913974, 42.338910780236681 ], [ -84.250651215865531, 42.338916179238062 ], [ -84.250660969281299, 42.338921562234127 ], [ -84.250670696955325, 42.338926953834026 ], [ -84.250680524997634, 42.338932317279337 ], [ -84.25069046814302, 42.338937604156989 ], [ -84.25070053869905, 42.33894276601594 ], [ -84.250710748947583, 42.338947755305504 ], [ -84.250721116102, 42.338952521849897 ], [ -84.250731649991081, 42.338957018960741 ], [ -84.250742366563273, 42.338961198244071 ], [ -84.250753278151564, 42.338965010348318 ], [ -84.250764372704737, 42.338968494720383 ], [ -84.25077558888168, 42.338971844073868 ], [ -84.250786914366245, 42.338975064521314 ], [ -84.250798339500363, 42.338978154109704 ], [ -84.250809853437858, 42.338981109966646 ], [ -84.250821447759989, 42.338983929257715 ], [ -84.250833112782985, 42.338986610930277 ], [ -84.250844837686316, 42.338989151211528 ], [ -84.250856615239215, 42.338991548186485 ], [ -84.250868433381825, 42.338993798963664 ], [ -84.250880283644122, 42.338995902509495 ], [ -84.250892155231213, 42.33899785415079 ], [ -84.250904040886553, 42.338999652872957 ], [ -84.250915931858174, 42.339001307547051 ], [ -84.250927846470915, 42.339002899533355 ], [ -84.250939786665029, 42.339004445977821 ], [ -84.250951751329367, 42.339005943259735 ], [ -84.250963739378463, 42.339007386858064 ], [ -84.250975748461769, 42.339008774033459 ], [ -84.25098777744256, 42.3390101020657 ], [ -84.250999824021605, 42.339011366414709 ], [ -84.251011887062162, 42.339012564360139 ], [ -84.251023965453058, 42.339013692281362 ], [ -84.251036056843759, 42.339014747439144 ], [ -84.251048160148827, 42.339015725312315 ], [ -84.251060273017771, 42.33901662316169 ], [ -84.251072395553024, 42.339017437385557 ], [ -84.251084524190517, 42.339018165225674 ], [ -84.251096657818991, 42.339018803061307 ], [ -84.251108795352977, 42.339019346371416 ], [ -84.251120934416306, 42.339019793317121 ], [ -84.251133073923455, 42.339020139377396 ], [ -84.251145212737541, 42.339020381831915 ], [ -84.251157348379976, 42.339020522443519 ], [ -84.251169484740203, 42.339020637842324 ], [ -84.251181619886793, 42.339020753220787 ], [ -84.251193755059091, 42.339020867697563 ], [ -84.25120589023139, 42.339020982173047 ], [ -84.251218025455046, 42.339021094846437 ], [ -84.251230160653094, 42.339021208418963 ], [ -84.251242297090485, 42.339021321108781 ], [ -84.251254432339863, 42.339021432877914 ], [ -84.25126656758934, 42.339021544645789 ], [ -84.251278704078075, 42.339021655530956 ], [ -84.251290839353288, 42.339021766395824 ], [ -84.251302974654109, 42.339021876358984 ], [ -84.251315111194288, 42.339021985439445 ], [ -84.25132724652083, 42.339022094499626 ], [ -84.251339381847458, 42.339022203558564 ], [ -84.251351518413415, 42.339022311734773 ], [ -84.251363653791344, 42.339022418990282 ], [ -84.251375790383008, 42.339022526263527 ], [ -84.251387925761037, 42.339022633516478 ], [ -84.251400062404031, 42.339022738986351 ], [ -84.251412197807809, 42.339022845336288 ], [ -84.251424334450903, 42.339022950803582 ], [ -84.251436469905997, 42.339023055350154 ], [ -84.251448606574797, 42.339023159914454 ], [ -84.251460743269263, 42.339023263577047 ], [ -84.251472878750107, 42.339023367219355 ], [ -84.251485015470294, 42.339023469978983 ], [ -84.251497152190524, 42.339023572737347 ], [ -84.25150928772274, 42.339023674574982 ], [ -84.251521424468663, 42.339023776430324 ], [ -84.251533561240279, 42.339023877383973 ], [ -84.251545696798246, 42.339023978317357 ], [ -84.251557833595555, 42.339024078368055 ], [ -84.251569970392922, 42.339024178417446 ], [ -84.251582107215953, 42.339024277565166 ], [ -84.251594244039012, 42.339024376711578 ], [ -84.251606379674058, 42.339024474937283 ], [ -84.251618516522839, 42.33902457318073 ], [ -84.251630653397257, 42.339024670522491 ], [ -84.251642790271745, 42.339024767862902 ], [ -84.251654927146262, 42.339024865202113 ], [ -84.251667064072066, 42.33902496073916 ], [ -84.251679200972291, 42.339025057175341 ], [ -84.251691337898166, 42.339025152709873 ], [ -84.251703474849705, 42.339025247342668 ], [ -84.251715611801302, 42.339025341974171 ], [ -84.251727748752913, 42.33902543660443 ], [ -84.251739885730146, 42.339025530332947 ], [ -84.251752022707493, 42.33902562406022 ], [ -84.251764159710476, 42.339025716885793 ], [ -84.251776296713487, 42.33902580971003 ], [ -84.251788433742178, 42.33902590163261 ], [ -84.251800570770882, 42.339025993553925 ], [ -84.251812707825266, 42.339026084573511 ], [ -84.251824844879692, 42.339026175591833 ], [ -84.251836983147811, 42.339026266627855 ], [ -84.251849120227917, 42.339026356743183 ], [ -84.251861257308065, 42.339026446857247 ], [ -84.251873394413863, 42.339026536069554 ], [ -84.251885531519719, 42.339026625280638 ], [ -84.25189766986486, 42.33902671360903 ], [ -84.251909806996423, 42.339026801917129 ], [ -84.251921944153608, 42.339026889323527 ], [ -84.251934082524528, 42.339026976747618 ], [ -84.251946219681798, 42.339027064151438 ], [ -84.251958356864677, 42.339027150653585 ], [ -84.251970495261318, 42.339027237173418 ], [ -84.251982632444324, 42.33902732367298 ], [ -84.251994769652981, 42.339027409270834 ], [ -84.252006908100938, 42.339027493986009 ], [ -84.252019045335274, 42.339027578680842 ], [ -84.252031182569638, 42.339027663374445 ], [ -84.252043321043317, 42.339027747185355 ], [ -84.252055458303388, 42.339027830976015 ], [ -84.252067596777181, 42.339027914784303 ], [ -84.252079734062931, 42.339027997671934 ], [ -84.252091872562332, 42.339028080577286 ], [ -84.25210400987379, 42.339028162561981 ], [ -84.252116148398969, 42.339028244564332 ], [ -84.252128285710427, 42.339028326546405 ], [ -84.25214042426127, 42.339028407645806 ], [ -84.25215256159845, 42.339028488724907 ], [ -84.252164700149322, 42.339028569821728 ], [ -84.252176838725887, 42.33902865001685 ], [ -84.252188976088803, 42.3390287301917 ], [ -84.25220111469099, 42.339028809483864 ], [ -84.252213253293263, 42.339028888774713 ], [ -84.252225390707466, 42.339028967144863 ], [ -84.252237529309824, 42.339029046433161 ], [ -84.252249667937761, 42.339029124819746 ], [ -84.252261805377728, 42.339029202285637 ], [ -84.252273944031387, 42.339029279769271 ], [ -84.252286082685046, 42.339029357251611 ], [ -84.252298220125098, 42.339029434713588 ], [ -84.252310358804479, 42.339029511292999 ], [ -84.252322497483846, 42.339029587871067 ], [ -84.252334636188863, 42.339029663547429 ], [ -84.252346773680287, 42.339029739203475 ], [ -84.25235891238539, 42.339029814877293 ], [ -84.252371051116114, 42.33902988964936 ], [ -84.252383189846924, 42.339029964420206 ], [ -84.25239532857772, 42.339030039189744 ], [ -84.252407467334194, 42.339030113057582 ], [ -84.252419604877005, 42.339030186905127 ], [ -84.252431743633508, 42.339030260770386 ], [ -84.252443882415648, 42.33903033373393 ], [ -84.25245602117225, 42.33903040759666 ], [ -84.252468159980054, 42.339030479657247 ], [ -84.252480298762322, 42.339030552616968 ], [ -84.252492437570183, 42.339030624674962 ], [ -84.252504576378143, 42.339030696731719 ], [ -84.252516715211669, 42.339030767886754 ], [ -84.252528854045295, 42.339030839040511 ], [ -84.252540992878906, 42.339030910192982 ], [ -84.252553131712531, 42.339030981344166 ], [ -84.25256527057185, 42.339031051593643 ], [ -84.25257740943114, 42.339031121841842 ], [ -84.25258954829053, 42.339031192088754 ], [ -84.252601687175485, 42.339031261433966 ], [ -84.252613826060539, 42.339031330777914 ], [ -84.252625964945551, 42.339031400120561 ], [ -84.25263810385627, 42.339031468561515 ], [ -84.252650242741367, 42.339031537901612 ], [ -84.252662381652129, 42.339031606339972 ], [ -84.252674520588499, 42.339031673876683 ], [ -84.252686659499275, 42.339031742312478 ], [ -84.252698798435745, 42.339031809846603 ], [ -84.252710938611486, 42.339031876498019 ], [ -84.252723077547955, 42.339031944029585 ], [ -84.252735216510118, 42.339032010659416 ], [ -84.252747355472266, 42.339032077288017 ], [ -84.252759494434471, 42.339032143915276 ], [ -84.25277163342227, 42.339032209640877 ], [ -84.252783773598168, 42.339032276284584 ], [ -84.25279591258608, 42.339032342007592 ], [ -84.252808051599573, 42.339032406828935 ], [ -84.252820190587528, 42.339032472549349 ], [ -84.252832330814755, 42.339032537387148 ], [ -84.252844469828347, 42.339032602204583 ], [ -84.252856608841952, 42.339032667020767 ], [ -84.252868747881223, 42.339032730935259 ], [ -84.252880888134172, 42.339032794867443 ], [ -84.252893027173457, 42.339032858779355 ], [ -84.252905166212827, 42.339032922689995 ], [ -84.252917305277776, 42.339032985698928 ], [ -84.252929445530825, 42.339033049625989 ], [ -84.252941584595874, 42.339033112632364 ], [ -84.252953723686502, 42.339033174737018 ], [ -84.252965863965244, 42.339033237759793 ], [ -84.252978003055972, 42.339033299861889 ], [ -84.252990142146686, 42.33903336196272 ], [ -84.253002282451106, 42.339033424081215 ], [ -84.253014421541891, 42.339033486179495 ], [ -84.253026560658313, 42.339033547376047 ], [ -84.253038700962804, 42.339033609490684 ], [ -84.253050840079254, 42.339033670684664 ], [ -84.253062980435018, 42.339033730995958 ], [ -84.253075119551568, 42.339033792187379 ], [ -84.253087258668074, 42.339033853377465 ], [ -84.253099399023924, 42.339033913684929 ], [ -84.253111538166152, 42.339033973972057 ], [ -84.25312367852203, 42.339034034276885 ], [ -84.253135817689866, 42.339034093661056 ], [ -84.253147958045787, 42.339034153963318 ], [ -84.253160097213723, 42.33903421334491 ], [ -84.253172237595322, 42.339034272744207 ], [ -84.253184376763244, 42.339034332123262 ], [ -84.253196517170466, 42.339034390619567 ], [ -84.253208656338501, 42.339034449996021 ], [ -84.253220795532101, 42.339034508470782 ], [ -84.253232935939423, 42.339034566963242 ], [ -84.253245075133123, 42.339034625435389 ], [ -84.253257215540486, 42.339034683925327 ], [ -84.253269355947864, 42.339034742413936 ], [ -84.253281495167201, 42.339034799981853 ], [ -84.25329363557465, 42.339034858467876 ], [ -84.253305774794001, 42.339034916033214 ], [ -84.2533179152271, 42.339034973616279 ], [ -84.253330054472173, 42.339035030278637 ], [ -84.253342194905315, 42.339035087859159 ], [ -84.253354334124779, 42.339035145419352 ], [ -84.253366474583572, 42.339035202096845 ], [ -84.25337861382873, 42.339035258754087 ], [ -84.253390754287565, 42.339035315428987 ], [ -84.253402894746415, 42.339035372102693 ], [ -84.253415033991615, 42.339035428756041 ], [ -84.253427174450508, 42.339035485427097 ], [ -84.253439313721401, 42.339035541177509 ], [ -84.253451454205944, 42.339035596945571 ], [ -84.253463594664908, 42.339035653612832 ], [ -84.253475733935787, 42.339035709359344 ], [ -84.253487874420443, 42.339035765123612 ], [ -84.253500013691436, 42.339035820867565 ], [ -84.253512154201701, 42.339035875728825 ], [ -84.2535242946864, 42.3390359314892 ], [ -84.253536433983015, 42.339035986328902 ], [ -84.253548574467743, 42.339036042086718 ], [ -84.253560714978093, 42.339036096942863 ], [ -84.253572854274822, 42.339036151778693 ], [ -84.253584994785228, 42.33903620663223 ], [ -84.253597135295635, 42.339036261484516 ], [ -84.253609274592407, 42.339036316316509 ], [ -84.25362141510287, 42.339036371166223 ], [ -84.25363355563897, 42.339036425114216 ], [ -84.253645694935798, 42.339036479942322 ], [ -84.253657835471927, 42.339036533887771 ], [ -84.253669975982476, 42.339036588732327 ], [ -84.253682115305025, 42.339036642656211 ], [ -84.253694255841225, 42.339036696597759 ], [ -84.253706396377453, 42.339036750538064 ], [ -84.253718535700003, 42.339036804458075 ], [ -84.253730676236273, 42.339036858395772 ], [ -84.253742816772544, 42.339036912332219 ], [ -84.253754957334465, 42.339036965366958 ], [ -84.253767096657157, 42.339037019281818 ], [ -84.253779237193527, 42.339037073214428 ], [ -84.253791377755505, 42.339037126245323 ], [ -84.253803517078211, 42.339037180156346 ], [ -84.253815657640232, 42.339037233184655 ], [ -84.253827798202266, 42.339037286211678 ], [ -84.253839938738736, 42.339037340137828 ], [ -84.253852078087192, 42.339037393143322 ], [ -84.253864218649298, 42.339037446166479 ], [ -84.253876359211418, 42.339037499188379 ], [ -84.253888498559888, 42.339037552189957 ], [ -84.253900639122051, 42.339037605209306 ], [ -84.253912779684256, 42.339037658227319 ], [ -84.253924920246476, 42.33903771124406 ], [ -84.253937059595046, 42.339037764240551 ], [ -84.253949200157308, 42.33903781725472 ], [ -84.253961340745192, 42.339037869367218 ], [ -84.253973481307497, 42.339037922378822 ], [ -84.253985620656138, 42.339037975370161 ], [ -84.253997761244094, 42.33903802747875 ], [ -84.254009901806455, 42.339038080486525 ], [ -84.254022042368845, 42.339038133492998 ], [ -84.254034181743208, 42.339038185578779 ], [ -84.254046322305655, 42.339038238582695 ], [ -84.254058462893695, 42.339038290684897 ], [ -84.254070603456185, 42.339038343686248 ], [ -84.25408274283059, 42.339038395766849 ], [ -84.254094883393108, 42.339038448765614 ], [ -84.254107023981248, 42.339038500862685 ], [ -84.254119164543823, 42.339038553858863 ], [ -84.254131303918314, 42.33903860593437 ], [ -84.254143444480917, 42.339038658927983 ], [ -84.254155585069142, 42.339038711019946 ], [ -84.254167725631802, 42.339038764010986 ], [ -84.254179865006421, 42.339038816081356 ], [ -84.254192005569138, 42.339038869069846 ], [ -84.254204146157434, 42.339038921156579 ], [ -84.25421628672018, 42.339038974142511 ], [ -84.254228426094841, 42.339039026207764 ], [ -84.254240566657629, 42.339039079191082 ], [ -84.254252707246025, 42.339039131272713 ], [ -84.254264847808855, 42.339039184253451 ], [ -84.254276987183658, 42.339039236313582 ], [ -84.254289127746517, 42.339039289291776 ], [ -84.254301268309433, 42.339039342268677 ], [ -84.254313408897943, 42.339039394343921 ], [ -84.254325548247195, 42.339039447299271 ], [ -84.254337688810153, 42.339039500272335 ], [ -84.254349829373126, 42.339039553244113 ], [ -84.254361968748086, 42.33903960529522 ], [ -84.254374109311115, 42.339039658264426 ], [ -84.254386249874159, 42.339039711232317 ], [ -84.254398390437231, 42.339039764198951 ], [ -84.254410529786639, 42.339039817145341 ], [ -84.254422670349754, 42.33903987010941 ], [ -84.254434810912898, 42.3390399230722 ], [ -84.254446951476055, 42.33903997603371 ], [ -84.254459090825591, 42.339040028974921 ], [ -84.254471231363212, 42.339040082834217 ], [ -84.25448337192644, 42.339040135791912 ], [ -84.254495511275991, 42.339040188729278 ], [ -84.254507651813668, 42.339040242584744 ], [ -84.254519792376982, 42.339040295538524 ], [ -84.254531932914702, 42.33904034939146 ], [ -84.254544072264395, 42.339040402323697 ], [ -84.254556212802157, 42.339040456174033 ], [ -84.254568353339948, 42.339040510023104 ], [ -84.25458049266409, 42.339040563851903 ], [ -84.254592633201909, 42.339040617698359 ], [ -84.2546047737398, 42.339040671543586 ], [ -84.254616914277676, 42.339040725387505 ], [ -84.254629053601903, 42.339040779211167 ], [ -84.254641194139822, 42.339040833052501 ], [ -84.25465333465219, 42.339040887792969 ], [ -84.25466547397653, 42.339040941612787 ], [ -84.254677614488941, 42.339040996350697 ], [ -84.254689755001365, 42.339041051087328 ], [ -84.254701894325734, 42.339041104903281 ], [ -84.254714034838202, 42.339041159637326 ], [ -84.254726175350726, 42.339041214370098 ], [ -84.254738314649586, 42.339041269082593 ], [ -84.254750455136545, 42.339041324713214 ], [ -84.254762594435448, 42.339041379423158 ], [ -84.254774734948043, 42.339041434150758 ], [ -84.254786875435059, 42.339041489777536 ], [ -84.254799014708482, 42.339041545384049 ], [ -84.254811155195569, 42.339041601008212 ], [ -84.254823295708235, 42.339041655730689 ], [ -84.254835434956121, 42.339041712233779 ], [ -84.254847575443264, 42.339041767854063 ], [ -84.254859714716787, 42.339041823454153 ], [ -84.254871855178408, 42.339041879972321 ], [ -84.254883995665622, 42.339041935588781 ], [ -84.254896134913608, 42.339041992085413 ], [ -84.254908275375286, 42.33904204859973 ], [ -84.254920414623342, 42.33904210509381 ], [ -84.254932555085077, 42.339042161605569 ], [ -84.25494469554684, 42.339042218116028 ], [ -84.254956834769345, 42.339042275506642 ], [ -84.254968975231122, 42.339042332014522 ], [ -84.254981114453699, 42.339042389402579 ], [ -84.254993254889982, 42.339042446808328 ], [ -84.255005394112615, 42.339042504193813 ], [ -84.255017534548941, 42.339042561596933 ], [ -84.255029673746037, 42.339042619880303 ], [ -84.255041814182377, 42.339042677280901 ], [ -84.255053953379544, 42.339042735561648 ], [ -84.255066093790376, 42.339042793860074 ], [ -84.255078232987557, 42.339042852138306 ], [ -84.255090373398431, 42.339042910434152 ], [ -84.255102512570119, 42.339042969610162 ], [ -84.25511465295547, 42.339043028803907 ], [ -84.255126792152737, 42.339043087076931 ], [ -84.255138932538145, 42.339043146268104 ], [ -84.255151071684352, 42.339043206339369 ], [ -84.255163212069832, 42.339043265527955 ], [ -84.25517535121601, 42.339043325596698 ], [ -84.255187491601518, 42.33904338478272 ], [ -84.255199630747825, 42.339043444848848 ], [ -84.255211769894103, 42.339043504913754 ], [ -84.255223910228537, 42.339043565896702 ], [ -84.255236049374872, 42.339043625959029 ], [ -84.255248189709349, 42.339043686939441 ], [ -84.255260328830204, 42.339043747899595 ], [ -84.255272467951031, 42.339043808858449 ], [ -84.255284608259998, 42.339043870735395 ], [ -84.255296747380939, 42.339043931691684 ], [ -84.255308887689964, 42.339043993566108 ], [ -84.255321026785325, 42.339044055420239 ], [ -84.255333165880771, 42.339044117273126 ], [ -84.255345306164273, 42.339044180044063 ], [ -84.255357445234154, 42.33904424279477 ], [ -84.255369584304091, 42.339044305544164 ], [ -84.255381724587693, 42.339044368311278 ], [ -84.255393863657631, 42.339044431058113 ], [ -84.255406002702074, 42.339044494704098 ], [ -84.255418141746489, 42.339044558348824 ], [ -84.255430282004639, 42.339044622011158 ], [ -84.255442421049096, 42.339044685653285 ], [ -84.255454560068074, 42.339044750194532 ], [ -84.255466699087023, 42.339044814734478 ], [ -84.255478839319679, 42.339044879292139 ], [ -84.255490978338756, 42.339044943829521 ], [ -84.255503117332211, 42.339045009266052 ], [ -84.255515256325737, 42.339045074701303 ], [ -84.255527396532941, 42.339045140154226 ], [ -84.255539535526466, 42.339045205586899 ], [ -84.255551674494527, 42.339045271918664 ], [ -84.255563813462544, 42.339045338249207 ], [ -84.255575952430632, 42.339045404578421 ], [ -84.255588091373141, 42.339045471806777 ], [ -84.255600231554936, 42.339045538152405 ], [ -84.255612370497502, 42.339045605378196 ], [ -84.255624509414574, 42.339045673503122 ], [ -84.255636648357182, 42.339045740726327 ], [ -84.255650011009507, 42.339045815364301 ] ] } },
{ "type": "Feature", "properties": { "road_id": "LEO-ROAD-44", "segment_id": "LEO-44-33816793802169238021688" }, "geometry": { "type": "LineString", "coordinates": [ [ -84.273949797573877, 42.339009944268376 ], [ -84.274202294156396, 42.3388942002844 ], [ -84.274395100294612, 42.338815603446555 ], [ -84.274661029639589, 42.338743575292177 ], [ -84.274867268024593, 42.338708694452791 ], [ -84.275102205467732, 42.338696010576662 ], [ -84.275358973279282, 42.338689102762814 ], [ -84.275593757883215, 42.338681854601674 ], [ -84.275946545784265, 42.33864923682804 ], [ -84.276343756160031, 42.338600987950514 ], [ -84.276476566767059, 42.338570407962742 ], [ -84.276610750342996, 42.338490901808548 ], [ -84.276694403363464, 42.338383422285773 ], [ -84.276727222100064, 42.338258841169811 ], [ -84.276694550710218, 42.338116932116101 ], [ -84.276680666585904, 42.338095210851371 ] ] } },
{ "type": "Feature", "properties": { "road_id": "LEO-ROAD-45", "segment_id": "LEO-45-33816793802168838021693" }, "geometry": { "type": "LineString", "coordinates": [ [ -84.276680666585904, 42.338095210851371 ], [ -84.276617305783148, 42.337996089936176 ], [ -84.276422059485995, 42.337900617448611 ], [ -84.276159799437039, 42.337842179152091 ], [ -84.275905323332225, 42.337767545092895 ] ] } },
{ "type": "Feature", "properties": { "road_id": "LEO-ROAD-46", "segment_id": "LEO-46-33816803802169238021691" }, "geometry": { "type": "LineString", "coordinates": [ [ -84.273949797573877, 42.339009944268376 ], [ -84.274302134532448, 42.338732586502388 ], [ -84.274422429965796, 42.338625674434375 ], [ -84.274469297287183, 42.338523065713545 ], [ -84.274494945137207, 42.338392936084581 ], [ -84.274484413216229, 42.338245930550528 ], [ -84.274437247152207, 42.338098358419899 ], [ -84.274471139460857, 42.337935723596743 ], [ -84.274482436529738, 42.337794494740891 ], [ -84.274397416671505, 42.337428792654279 ] ] } },
{ "type": "Feature", "properties": { "road_id": "LEO-ROAD-47", "segment_id": "LEO-47-9186043800237238002366" }, "geometry": { "type": "LineString", "coordinates": [ [ -84.306485783171141, 42.331560589918553 ], [ -84.306603941484354, 42.331693149560529 ] ] } },
{ "type": "Feature", "properties": { "road_id": "LEO-ROAD-48", "segment_id": "LEO-48-9186043800266538002372" }, "geometry": { "type": "LineString", "coordinates": [ [ -84.303613813736675, 42.323443160253433 ], [ -84.303666241997192, 42.323768359431455 ], [ -84.303719166026411, 42.323934554227144 ], [ -84.303789025744805, 42.324138352211214 ], [ -84.303858533076678, 42.324224771716402 ], [ -84.30403158672793, 42.324464744687582 ], [ -84.304338332497323, 42.32494431002165 ], [ -84.304347236582444, 42.325015337859263 ], [ -84.304471402491913, 42.325428348851105 ], [ -84.304482234248468, 42.326044304373625 ], [ -84.304447142026291, 42.32704535789631 ], [ -84.304501246837773, 42.328085279842739 ], [ -84.304557814309391, 42.328470934664693 ], [ -84.304725722375323, 42.328871908799769 ], [ -84.305217554790687, 42.329655312827605 ], [ -84.305665035793893, 42.330435307470673 ], [ -84.306103733498773, 42.331140060391824 ], [ -84.306485783171141, 42.331560589918553 ] ] } },
{ "type": "Feature", "properties": { "road_id": "LEO-ROAD-49", "segment_id": "LEO-49-9188063800270038002047" }, "geometry": { "type": "LineString", "coordinates": [ [ -84.250308083398821, 42.321070382373392 ], [ -84.250335277286766, 42.323906032520028 ], [ -84.25033256513143, 42.32425647779754 ], [ -84.250314982286682, 42.324427401327881 ], [ -84.250247362892253, 42.324569232109589 ], [ -84.250161959618126, 42.324744890683363 ], [ -84.250061341968092, 42.324931022207807 ], [ -84.249954093054839, 42.325092564563136 ], [ -84.24987935789521, 42.325270940450956 ], [ -84.249852569176724, 42.325439186425236 ], [ -84.249877315549625, 42.325600079262166 ], [ -84.250230448418208, 42.326236249577462 ], [ -84.25030985355653, 42.326564814224966 ], [ -84.250315231442869, 42.328295571009086 ], [ -84.250322536496554, 42.329018121608165 ], [ -84.250351576498389, 42.331890491278202 ], [ -84.250399936421786, 42.335371851659005 ], [ -84.25041049118083, 42.338526081101421 ] ] } },
{ "type": "Feature", "properties": { "road_id": "LEO-ROAD-50", "segment_id": "LEO-50-9186073800270138002700" }, "geometry": { "type": "LineString", "coordinates": [ [ -84.260180123389119, 42.321071498801018 ], [ -84.259901311497174, 42.321071257257266 ], [ -84.255653978441487, 42.321002339315953 ], [ -84.250539692709197, 42.321027251687077 ], [ -84.250416993238417, 42.321044131477429 ], [ -84.250308083398821, 42.321070382373392 ] ] } },
{ "type": "Feature", "properties": { "road_id": "LEO-ROAD-51", "segment_id": "LEO-51-9186073800270438002701" }, "geometry": { "type": "LineString", "coordinates": [ [ -84.270043991990349, 42.321221020578108 ], [ -84.26027153193948, 42.32107424035393 ], [ -84.260180123389119, 42.321071498801018 ] ] } },
{ "type": "Feature", "properties": { "road_id": "LEO-ROAD-52", "segment_id": "LEO-52-9186043800272538002665" }, "geometry": { "type": "LineString", "coordinates": [ [ -84.303608090769842, 42.321156437857582 ], [ -84.303568953735407, 42.322648308142611 ], [ -84.303594067756038, 42.323352335214594 ], [ -84.303613813736675, 42.323443160253433 ] ] } },
{ "type": "Feature", "properties": { "road_id": "LEO-ROAD-53", "segment_id": "LEO-53-9186073800272838002711" }, "geometry": { "type": "LineString", "coordinates": [ [ -84.302959072516899, 42.32103557593414 ], [ -84.302805177661924, 42.321040264982607 ], [ -84.291112814614678, 42.321197401252185 ], [ -84.288236996553422, 42.321201879362626 ] ] } },
{ "type": "Feature", "properties": { "road_id": "LEO-ROAD-54", "segment_id": "LEO-54-9186073800274138002728" }, "geometry": { "type": "LineString", "coordinates": [ [ -84.303604822001105, 42.320808127760344 ], [ -84.303419343252159, 42.320895239960848 ], [ -84.303288992682738, 42.32094683525942 ], [ -84.303127714002912, 42.320997958783771 ], [ -84.302959072516899, 42.32103557593414 ] ] } },
{ "type": "Feature", "properties": { "road_id": "LEO-ROAD-55", "segment_id": "LEO-55-9186043800274138002725" }, "geometry": { "type": "LineString", "coordinates": [ [ -84.303604822001105, 42.320808127760344 ], [ -84.303608090769842, 42.321156437857582 ] ] } },
{ "type": "Feature", "properties": { "road_id": "LEO-ROAD-56", "segment_id": "LEO-56-9186073800275838002704" }, "geometry": { "type": "LineString", "coordinates": [ [ -84.282409801164832, 42.320072608207845 ], [ -84.281292355831539, 42.32023095713236 ], [ -84.278818776029681, 42.320614687144108 ], [ -84.276634763173888, 42.321185159357739 ], [ -84.276198588894218, 42.321226733193491 ], [ -84.273536477942628, 42.321238667458829 ], [ -84.270043991990349, 42.321221020578108 ] ] } },
{ "type": "Feature", "properties": { "road_id": "LEO-ROAD-57", "segment_id": "LEO-57-9186073800271138002758" }, "geometry": { "type": "LineString", "coordinates": [ [ -84.288236996553422, 42.321201879362626 ], [ -84.287933057046232, 42.321196441479223 ], [ -84.287490022346105, 42.321179021008632 ], [ -84.287156445463467, 42.321135675704156 ], [ -84.286775785433449, 42.321036395520473 ], [ -84.28639011644303, 42.320911554997913 ], [ -84.285692803726263, 42.320647372606523 ], [ -84.284563060916682, 42.320230193905132 ], [ -84.284172903168013, 42.320111370698321 ], [ -84.283933315424065, 42.320044637434549 ], [ -84.283757701812448, 42.320008751850374 ], [ -84.28355734862842, 42.319994650552374 ], [ -84.283227877454578, 42.319986249740495 ], [ -84.282843624095932, 42.320011959521374 ], [ -84.282409801164832, 42.320072608207845 ] ] } },
{ "type": "Feature", "properties": { "road_id": "LEO-ROAD-58", "segment_id": "LEO-58-9208073801816238002769" }, "geometry": { "type": "LineString", "coordinates": [ [ -84.286848414961682, 42.31968601665254 ], [ -84.286722801857053, 42.319739202858749 ] ] } },
{ "type": "Feature", "properties": { "road_id": "LEO-ROAD-59", "segment_id": "LEO-59-9208073801816438018162" }, "geometry": { "type": "LineString", "coordinates": [ [ -84.286958569329158, 42.319639375033816 ], [ -84.286848414961682, 42.31968601665254 ] ] } },
{ "type": "Feature", "properties": { "road_id": "LEO-ROAD-60", "segment_id": "LEO-60-9208073800278138018164" }, "geometry": { "type": "LineString", "coordinates": [ [ -84.287629120915554, 42.319355446154781 ], [ -84.286958569329158, 42.319639375033816 ] ] } },
{ "type": "Feature", "properties": { "road_id": "LEO-ROAD-61", "segment_id": "LEO-61-9192053800278138002711" }, "geometry": { "type": "LineString", "coordinates": [ [ -84.287629120915554, 42.319355446154781 ], [ -84.288133718110942, 42.320019480556347 ], [ -84.288229269335943, 42.320194869204059 ], [ -84.288273481687952, 42.320477136184422 ], [ -84.288236996553422, 42.321201879362626 ] ] } },
{ "type": "Feature", "properties": { "road_id": "LEO-ROAD-62", "segment_id": "LEO-62-9208063801816338002779" }, "geometry": { "type": "LineString", "coordinates": [ [ -84.285722441106515, 42.319052228143867 ], [ -84.285718511035952, 42.319217733811954 ] ] } },
{ "type": "Feature", "properties": { "road_id": "LEO-ROAD-63", "segment_id": "LEO-63-9208063800280438018163" }, "geometry": { "type": "LineString", "coordinates": [ [ -84.285847978454456, 42.318303619602602 ], [ -84.285796238867604, 42.318335112890885 ], [ -84.285767202698565, 42.318367717246858 ], [ -84.285747148432648, 42.318414375376726 ], [ -84.285736515266649, 42.31845943886632 ], [ -84.285722441106515, 42.319052228143867 ] ] } },
{ "type": "Feature", "properties": { "road_id": "LEO-ROAD-64", "segment_id": "LEO-64-9192053800280438002781" }, "geometry": { "type": "LineString", "coordinates": [ [ -84.285847978454456, 42.318303619602602 ], [ -84.287235857699628, 42.318923386927345 ], [ -84.287390356445243, 42.319036603487845 ], [ -84.287500625266844, 42.319173772324717 ], [ -84.287629120915554, 42.319355446154781 ] ] } },
{ "type": "Feature", "properties": { "road_id": "LEO-ROAD-65", "segment_id": "LEO-65-33814073800280438002828" }, "geometry": { "type": "LineString", "coordinates": [ [ -84.285847978454456, 42.318303619602602 ], [ -84.285625178265946, 42.318160250208422 ], [ -84.285565808201397, 42.318091097525915 ], [ -84.28553020978984, 42.317993877130029 ], [ -84.285416701104793, 42.317419615973741 ] ] } },
{ "type": "Feature", "properties": { "road_id": "LEO-ROAD-66", "segment_id": "LEO-66-33814073800282838020234" }, "geometry": { "type": "LineString", "coordinates": [ [ -84.285416701104793, 42.317419615973741 ], [ -84.285323243014474, 42.316898852149642 ], [ -84.285269746024781, 42.316619381991359 ], [ -84.285272761123693, 42.316511381599625 ], [ -84.285290458651829, 42.316426353331153 ], [ -84.285346770637034, 42.316330546092132 ], [ -84.2854962583054, 42.316190676946377 ], [ -84.285839281581787, 42.31597985697492 ], [ -84.286416194583964, 42.315624776051649 ], [ -84.286479369141333, 42.315557506902401 ], [ -84.286504565283821, 42.315478280502973 ], [ -84.286546254043387, 42.314807893358655 ] ] } },
{ "type": "Feature", "properties": { "road_id": "LEO-ROAD-67", "segment_id": "LEO-67-9186043800289238002741" }, "geometry": { "type": "LineString", "coordinates": [ [ -84.308448509233685, 42.314763961884175 ], [ -84.307898866893936, 42.315400276440592 ], [ -84.307318101372545, 42.31617430840825 ], [ -84.306527873316554, 42.317167297884382 ], [ -84.30641322395573, 42.317320351426602 ], [ -84.306380441670058, 42.317364115350387 ], [ -84.30455103422284, 42.31980618526331 ], [ -84.304007483183966, 42.320495049110036 ], [ -84.303826140208528, 42.320672765715216 ], [ -84.303733721766605, 42.320738595719433 ], [ -84.303604822001105, 42.320808127760344 ] ] } },
{ "type": "Feature", "properties": { "road_id": "LEO-ROAD-68", "segment_id": "LEO-68-9186043800292038002892" }, "geometry": { "type": "LineString", "coordinates": [ [ -84.309330330515706, 42.313679388570755 ], [ -84.309236925045653, 42.313760314383408 ], [ -84.308448509233685, 42.314763961884175 ] ] } },
{ "type": "Feature", "properties": { "road_id": "LEO-ROAD-69", "segment_id": "LEO-69-9186163800292038002916" }, "geometry": { "type": "LineString", "coordinates": [ [ -84.309330330515706, 42.313679388570755 ], [ -84.312452101432612, 42.313657155418184 ] ] } },
{ "type": "Feature", "properties": { "road_id": "LEO-ROAD-70", "segment_id": "LEO-70-9186163800291638002919" }, "geometry": { "type": "LineString", "coordinates": [ [ -84.312452101432612, 42.313657155418184 ], [ -84.314156519173835, 42.313657360459111 ] ] } },
{ "type": "Feature", "properties": { "road_id": "LEO-ROAD-71", "segment_id": "LEO-71-9186163800291938002914" }, "geometry": { "type": "LineString", "coordinates": [ [ -84.314156519173835, 42.313657360459111 ], [ -84.315579229645579, 42.313670057742527 ] ] } },
{ "type": "Feature", "properties": { "road_id": "LEO-ROAD-72", "segment_id": "LEO-72-8986093800293438002743" }, "geometry": { "type": "LineString", "coordinates": [ [ -84.338933236926266, 42.313444275756602 ], [ -84.33891557422119, 42.313949181334273 ], [ -84.338892106473978, 42.314730288810999 ], [ -84.338946244268158, 42.318795338082985 ], [ -84.338939847357437, 42.32116491684144 ] ] } },
{ "type": "Feature", "properties": { "road_id": "LEO-ROAD-73", "segment_id": "LEO-73-9129103800294238002934" }, "geometry": { "type": "LineString", "coordinates": [ [ -84.348834049932663, 42.313328396891166 ], [ -84.342009392242076, 42.313444992283692 ], [ -84.338933236926266, 42.313444275756602 ] ] } },
{ "type": "Feature", "properties": { "road_id": "LEO-ROAD-74", "segment_id": "LEO-74-9129103800294438002942" }, "geometry": { "type": "LineString", "coordinates": [ [ -84.35106270572912, 42.313296595327216 ], [ -84.348834049932663, 42.313328396891166 ] ] } },
{ "type": "Feature", "properties": { "road_id": "LEO-ROAD-75", "segment_id": "LEO-75-9129103802550838002944" }, "geometry": { "type": "LineString", "coordinates": [ [ -84.358262615328641, 42.313171996195734 ], [ -84.358225165256869, 42.313191028315913 ], [ -84.358090671675342, 42.313245253412013 ], [ -84.357914188935041, 42.31326240049858 ], [ -84.35761723512573, 42.313268655687807 ], [ -84.35106270572912, 42.313296595327216 ] ] } },
{ "type": "Feature", "properties": { "road_id": "LEO-ROAD-76", "segment_id": "LEO-76-9186043800294938002920" }, "geometry": { "type": "LineString", "coordinates": [ [ -84.309377962439015, 42.312394069039627 ], [ -84.309330330515706, 42.313679388570755 ] ] } },
{ "type": "Feature", "properties": { "road_id": "LEO-ROAD-77", "segment_id": "LEO-77-9188063800299438002700" }, "geometry": { "type": "LineString", "coordinates": [ [ -84.250347000733029, 42.310127248828834 ], [ -84.250251349393707, 42.31385426342618 ], [ -84.250274247194412, 42.316450590137507 ], [ -84.250308083398821, 42.321070382373392 ] ] } },
{ "type": "Feature", "properties": { "road_id": "LEO-ROAD-78", "segment_id": "LEO-78-33800433800299238002701" }, "geometry": { "type": "LineString", "coordinates": [ [ -84.260098005231015, 42.310260335925307 ], [ -84.260134928790549, 42.315177697260687 ], [ -84.260124433917724, 42.317353547904041 ], [ -84.260180123389119, 42.321071498801018 ] ] } },
{ "type": "Feature", "properties": { "road_id": "LEO-ROAD-79", "segment_id": "LEO-79-9188013800299238002994" }, "geometry": { "type": "LineString", "coordinates": [ [ -84.260098005231015, 42.310260335925307 ], [ -84.259023162692742, 42.310227241642977 ], [ -84.25874220667697, 42.310215222750486 ], [ -84.25830834744788, 42.310207108081343 ], [ -84.258009848316433, 42.310214611629803 ], [ -84.257693036710833, 42.310289950859435 ], [ -84.257441339552912, 42.31038090505433 ], [ -84.257216405300554, 42.310452811978081 ], [ -84.257044719536125, 42.310496355892091 ], [ -84.256886898846616, 42.310513353835347 ], [ -84.256704040161694, 42.310488599261532 ], [ -84.256418013248137, 42.310372224048727 ], [ -84.256204097513489, 42.310333233161153 ], [ -84.256004006628743, 42.310326237039561 ], [ -84.255857457028057, 42.310378737127579 ], [ -84.255703608877141, 42.310459223004941 ], [ -84.255588451178212, 42.310581760311905 ], [ -84.255480846895892, 42.310719217860992 ], [ -84.255368667798962, 42.310877326168615 ], [ -84.255252164530788, 42.311047208884538 ], [ -84.255172298828839, 42.311191020160329 ], [ -84.255093524971173, 42.311296363742066 ], [ -84.254970895961677, 42.311401021272268 ], [ -84.254873699727639, 42.311452788682573 ], [ -84.254753421826436, 42.311474589551359 ], [ -84.254629915004699, 42.311469697201225 ], [ -84.254503092983029, 42.311441069454695 ], [ -84.254361415888297, 42.311373722590169 ], [ -84.254224903454016, 42.311265011554774 ], [ -84.254097457052936, 42.311117955703359 ], [ -84.253989946552466, 42.310971212621659 ], [ -84.253799721660869, 42.310787649186949 ], [ -84.253564887982463, 42.310630030558116 ], [ -84.2532150420503, 42.310450843961547 ], [ -84.252950555409285, 42.31029599995194 ], [ -84.252592707255715, 42.310143766465941 ], [ -84.252239072985503, 42.310036400943524 ], [ -84.251953966131097, 42.310027860394712 ], [ -84.250347000733029, 42.310127248828834 ] ] } },
{ "type": "Feature", "properties": { "road_id": "LEO-ROAD-80", "segment_id": "LEO-80-9188013800301238002992" }, "geometry": { "type": "LineString", "coordinates": [ [ -84.269999255508239, 42.309493271114697 ], [ -84.26980496063986, 42.309608966383919 ], [ -84.269321499265814, 42.30976207945421 ], [ -84.268962332278022, 42.309892262669287 ], [ -84.268548659590394, 42.31003689535239 ], [ -84.268135200504403, 42.310173881067463 ], [ -84.267775553858698, 42.310254134530062 ], [ -84.267449451963486, 42.31026688473554 ], [ -84.267110069744234, 42.310264157065987 ], [ -84.266660796659806, 42.310267355949918 ], [ -84.266098634989973, 42.310261163778748 ], [ -84.260098005231015, 42.310260335925307 ] ] } },
{ "type": "Feature", "properties": { "road_id": "LEO-ROAD-81", "segment_id": "LEO-81-9187103800301238002704" }, "geometry": { "type": "LineString", "coordinates": [ [ -84.269999255508239, 42.309493271114697 ], [ -84.269986643763588, 42.317274463639492 ], [ -84.270043991990349, 42.321221020578108 ] ] } },
{ "type": "Feature", "properties": { "road_id": "LEO-ROAD-82", "segment_id": "LEO-82-9129103800310538025508" }, "geometry": { "type": "LineString", "coordinates": [ [ -84.358512984342184, 42.308510774109678 ], [ -84.35857663315673, 42.311586290310494 ], [ -84.358532235367164, 42.312806656215535 ], [ -84.358496086824672, 42.312933730916434 ], [ -84.358459435460986, 42.313003070760224 ], [ -84.35842114487447, 42.313057195427788 ], [ -84.358370822875614, 42.313102027596535 ], [ -84.358348451236822, 42.313119123708802 ], [ -84.35831231534199, 42.313146739084331 ], [ -84.358262615328641, 42.313171996195734 ] ] } },
{ "type": "Feature", "properties": { "road_id": "LEO-ROAD-83", "segment_id": "LEO-83-9187103800313338003012" }, "geometry": { "type": "LineString", "coordinates": [ [ -84.269948261574697, 42.306635459908115 ], [ -84.269999255508239, 42.309493271114697 ] ] } },
{ "type": "Feature", "properties": { "road_id": "LEO-ROAD-84", "segment_id": "LEO-84-9186053800313838003133" }, "geometry": { "type": "LineString", "coordinates": [ [ -84.286992256648944, 42.306574574043616 ], [ -84.278704641065474, 42.306625388984259 ], [ -84.269948261574697, 42.306635459908115 ] ] } },
{ "type": "Feature", "properties": { "road_id": "LEO-ROAD-85", "segment_id": "LEO-85-9186053800314538003138" }, "geometry": { "type": "LineString", "coordinates": [ [ -84.294590583570653, 42.306516706409276 ], [ -84.290808961295127, 42.306539389383005 ], [ -84.286992256648944, 42.306574574043616 ] ] } },
{ "type": "Feature", "properties": { "road_id": "LEO-ROAD-86", "segment_id": "LEO-86-9186043800316338002949" }, "geometry": { "type": "LineString", "coordinates": [ [ -84.309364437517914, 42.306434636208174 ], [ -84.309305394433082, 42.30674369271955 ], [ -84.309314177731352, 42.309913136664221 ], [ -84.309377962439015, 42.312394069039627 ] ] } },
{ "type": "Feature", "properties": { "road_id": "LEO-ROAD-87", "segment_id": "LEO-87-9186053800316338003145" }, "geometry": { "type": "LineString", "coordinates": [ [ -84.309364437517914, 42.306434636208174 ], [ -84.309192917999681, 42.306405164990657 ], [ -84.294590583570653, 42.306516706409276 ] ] } },
{ "type": "Feature", "properties": { "road_id": "LEO-ROAD-88", "segment_id": "LEO-88-8986093800317738002934" }, "geometry": { "type": "LineString", "coordinates": [ [ -84.338829963710168, 42.306386165362127 ], [ -84.338933236926266, 42.313444275756602 ] ] } },
{ "type": "Feature", "properties": { "road_id": "LEO-ROAD-89", "segment_id": "LEO-89-9186043800320938003163" }, "geometry": { "type": "LineString", "coordinates": [ [ -84.310551329536651, 42.305451187393444 ], [ -84.310204553218043, 42.305710136524311 ], [ -84.309721815242, 42.306087438878031 ], [ -84.309364437517914, 42.306434636208174 ] ] } },
{ "type": "Feature", "properties": { "road_id": "LEO-ROAD-90", "segment_id": "LEO-90-33814083802022838020227" }, "geometry": { "type": "LineString", "coordinates": [ [ -84.254008865296782, 42.302840313916427 ], [ -84.254033342257046, 42.302859266534227 ], [ -84.254097186380221, 42.302876182426836 ], [ -84.254472322589876, 42.302879400632747 ], [ -84.254683900006796, 42.302853531187843 ], [ -84.254980677110325, 42.302847562875826 ] ] } },
{ "type": "Feature", "properties": { "road_id": "LEO-ROAD-91", "segment_id": "LEO-91-33807773800326938020228" }, "geometry": { "type": "LineString", "coordinates": [ [ -84.25393250120608, 42.302475508382052 ], [ -84.253949798628952, 42.30278102797029 ], [ -84.253977395814573, 42.302815946013524 ], [ -84.254008865296782, 42.302840313916427 ] ] } },
{ "type": "Feature", "properties": { "road_id": "LEO-ROAD-92", "segment_id": "LEO-92-33807773802154738003269" }, "geometry": { "type": "LineString", "coordinates": [ [ -84.254004410613817, 42.301579812778812 ], [ -84.253945880790084, 42.301633627642993 ], [ -84.253918346578942, 42.301737480851401 ], [ -84.253933931536309, 42.301930649645975 ], [ -84.253941754519431, 42.30214976753075 ], [ -84.25393250120608, 42.302475508382052 ] ] } },
{ "type": "Feature", "properties": { "road_id": "LEO-ROAD-93", "segment_id": "LEO-93-33807773800330938021547" }, "geometry": { "type": "LineString", "coordinates": [ [ -84.259346815433517, 42.301322058112866 ], [ -84.258487659732054, 42.301398261370892 ], [ -84.257413672886599, 42.30154220987577 ], [ -84.256119914438557, 42.301542193790098 ], [ -84.255424521769442, 42.30154025988012 ], [ -84.254741976944501, 42.301549625378236 ], [ -84.254303024613719, 42.301547970207636 ], [ -84.254201073927021, 42.301551588494306 ], [ -84.254113165520465, 42.301555426487425 ], [ -84.254014206895675, 42.301577342037255 ], [ -84.254004410613817, 42.301579812778812 ] ] } },
{ "type": "Feature", "properties": { "road_id": "LEO-ROAD-94", "segment_id": "LEO-94-33800433800330938002992" }, "geometry": { "type": "LineString", "coordinates": [ [ -84.259346815433517, 42.301322058112866 ], [ -84.259563967898998, 42.302451223417592 ], [ -84.259739480516714, 42.303239485047392 ], [ -84.259868981343431, 42.304524801183376 ], [ -84.260021916984869, 42.305907701271359 ], [ -84.260070645277068, 42.306653809176339 ], [ -84.260096276609232, 42.308134232241983 ], [ -84.260109734255764, 42.308398673335056 ], [ -84.260098005231015, 42.310260335925307 ] ] } },
{ "type": "Feature", "properties": { "road_id": "LEO-ROAD-95", "segment_id": "LEO-95-33816053802154738021465" }, "geometry": { "type": "LineString", "coordinates": [ [ -84.254004410613817, 42.301579812778812 ], [ -84.25409006408438, 42.301467771012774 ], [ -84.254103097856429, 42.30144381325433 ], [ -84.254109123694519, 42.301420070998589 ], [ -84.254111772688773, 42.301389653964947 ], [ -84.254098484798419, 42.301355014865706 ], [ -84.254035893390707, 42.301265299935572 ], [ -84.253959161957368, 42.301122340501543 ], [ -84.253898533447185, 42.300943677790762 ], [ -84.253876421921603, 42.300753145271379 ] ] } },
{ "type": "Feature", "properties": { "road_id": "LEO-ROAD-96", "segment_id": "LEO-96-33814093802022638020224" }, "geometry": { "type": "LineString", "coordinates": [ [ -84.252010683478076, 42.299341845091163 ], [ -84.252003095358873, 42.299362514396663 ], [ -84.252038809957483, 42.299428171839651 ], [ -84.25213047615091, 42.29950865705564 ], [ -84.252353090969493, 42.299609792333257 ] ] } },
{ "type": "Feature", "properties": { "road_id": "LEO-ROAD-97", "segment_id": "LEO-97-33817013802174938021750" }, "geometry": { "type": "LineString", "coordinates": [ [ -84.294462200545198, 42.299982586056032 ], [ -84.291593261085595, 42.300031661595646 ] ] } },
{ "type": "Feature", "properties": { "road_id": "LEO-ROAD-98", "segment_id": "LEO-98-9187093802174938003145" }, "geometry": { "type": "LineString", "coordinates": [ [ -84.294462200545198, 42.299982586056032 ], [ -84.294590583570653, 42.306516706409276 ] ] } },
{ "type": "Feature", "properties": { "road_id": "LEO-ROAD-99", "segment_id": "LEO-99-33814093802138238020226" }, "geometry": { "type": "LineString", "coordinates": [ [ -84.252190804080115, 42.299202358850806 ], [ -84.252144533166685, 42.299234534432465 ], [ -84.2520302528184, 42.299288542170949 ], [ -84.252010683478076, 42.299341845091163 ] ] } },
{ "type": "Feature", "properties": { "road_id": "LEO-ROAD-100", "segment_id": "LEO-100-33815603802138238021383" }, "geometry": { "type": "LineString", "coordinates": [ [ -84.252190804080115, 42.299202358850806 ], [ -84.252708345380782, 42.299188662197871 ] ] } },
{ "type": "Feature", "properties": { "road_id": "LEO-ROAD-101", "segment_id": "LEO-101-33800433801908038003309" }, "geometry": { "type": "LineString", "coordinates": [ [ -84.259491394710949, 42.299187679143515 ], [ -84.259338419347714, 42.299507944104924 ], [ -84.259250240387033, 42.29977123816154 ], [ -84.259212982291075, 42.300025187339934 ], [ -84.259204751633519, 42.300481770113791 ], [ -84.259247123948725, 42.300836551191402 ], [ -84.259346815433517, 42.301322058112866 ] ] } },
{ "type": "Feature", "properties": { "road_id": "LEO-ROAD-102", "segment_id": "LEO-102-9187093802538038021749" }, "geometry": { "type": "LineString", "coordinates": [ [ -84.294442584143255, 42.298984065097493 ], [ -84.294462200545198, 42.299982586056032 ] ] } },
{ "type": "Feature", "properties": { "road_id": "LEO-ROAD-103", "segment_id": "LEO-103-9186043800343238003209" }, "geometry": { "type": "LineString", "coordinates": [ [ -84.314834381473688, 42.299088796726565 ], [ -84.31461795469032, 42.299156651993812 ], [ -84.314482587738468, 42.299241398056388 ], [ -84.314381637571444, 42.299320679642612 ], [ -84.314288584023188, 42.299406065561726 ], [ -84.314226041330642, 42.299481438420727 ], [ -84.314176075569975, 42.299592132975761 ], [ -84.314175725661201, 42.300584252400796 ], [ -84.314197006206626, 42.302212249110589 ], [ -84.314177020076627, 42.302332171030223 ], [ -84.314148507538391, 42.302446625776746 ], [ -84.314094842052867, 42.302564073497983 ], [ -84.314027460885896, 42.302651488897645 ], [ -84.313877176831284, 42.302799956848901 ], [ -84.313758484357209, 42.302882575404837 ], [ -84.310551329536651, 42.305451187393444 ] ] } },
{ "type": "Feature", "properties": { "road_id": "LEO-ROAD-104", "segment_id": "LEO-104-8977053802537738003432" }, "geometry": { "type": "LineString", "coordinates": [ [ -84.309206102644865, 42.298981110673843 ], [ -84.309210091867044, 42.298993029431777 ], [ -84.309252689758836, 42.299033861667361 ], [ -84.309299941604891, 42.299067361657507 ], [ -84.309301701920049, 42.299068608958684 ], [ -84.309355130839265, 42.299094149421641 ], [ -84.309417012841863, 42.299115181641341 ], [ -84.309487389266806, 42.299130159544902 ], [ -84.309586260135305, 42.299138275806335 ], [ -84.314165443169315, 42.299105178991915 ], [ -84.314834381473688, 42.299088796726565 ] ] } },
{ "type": "Feature", "properties": { "road_id": "LEO-ROAD-105", "segment_id": "LEO-105-9130023800343538003432" }, "geometry": { "type": "LineString", "coordinates": [ [ -84.315885674543097, 42.299059266958466 ], [ -84.314834381473688, 42.299088796726565 ] ] } },
{ "type": "Feature", "properties": { "road_id": "LEO-ROAD-106", "segment_id": "LEO-106-9130023802537638003435" }, "geometry": { "type": "LineString", "coordinates": [ [ -84.324998913040133, 42.299069803562631 ], [ -84.319402850763794, 42.299053944300979 ], [ -84.318200026047194, 42.299045279722222 ], [ -84.316513585553864, 42.299055246233451 ], [ -84.315885674543097, 42.299059266958466 ] ] } },
{ "type": "Feature", "properties": { "road_id": "LEO-ROAD-107", "segment_id": "LEO-107-33815613802138138021384" }, "geometry": { "type": "LineString", "coordinates": [ [ -84.252233742215594, 42.297942101658705 ], [ -84.252023999905063, 42.298026999752501 ], [ -84.251824522250672, 42.298136144480694 ], [ -84.251581724337981, 42.2982436369334 ], [ -84.251339026333028, 42.298298063128414 ], [ -84.251117983624454, 42.298354120134945 ], [ -84.250979233734924, 42.298419907832752 ], [ -84.250679929419178, 42.298628647356843 ] ] } },
{ "type": "Feature", "properties": { "road_id": "LEO-ROAD-108", "segment_id": "LEO-108-33814093802138138021382" }, "geometry": { "type": "LineString", "coordinates": [ [ -84.252233742215594, 42.297942101658705 ], [ -84.252242739889724, 42.298203798464478 ], [ -84.252219332026044, 42.298366177426047 ], [ -84.252174152753199, 42.298853707613155 ], [ -84.252205638425735, 42.29906809528272 ], [ -84.252202863246509, 42.299165699775983 ], [ -84.252190804080115, 42.299202358850806 ] ] } },
{ "type": "Feature", "properties": { "road_id": "LEO-ROAD-109", "segment_id": "LEO-109-9130023800345338025376" }, "geometry": { "type": "LineString", "coordinates": [ [ -84.327469895100634, 42.299055027610166 ], [ -84.326019320846697, 42.299072666219587 ], [ -84.325056640619351, 42.299069966135797 ], [ -84.324998913040133, 42.299069803562631 ] ] } },
{ "type": "Feature", "properties": { "road_id": "LEO-ROAD-110", "segment_id": "LEO-110-03800340338003455" }, "geometry": { "type": "LineString", "coordinates": [ [ -84.250324925144199, 42.298910376085395 ], [ -84.250341122913639, 42.297713975760381 ] ] } },
{ "type": "Feature", "properties": { "road_id": "LEO-ROAD-111", "segment_id": "LEO-111-33809863800346238003441" }, "geometry": { "type": "LineString", "coordinates": [ [ -84.260033233461769, 42.297755406444089 ], [ -84.25975459076389, 42.297779178746765 ], [ -84.25912791154667, 42.297925233549819 ], [ -84.258026650992875, 42.298084755271262 ], [ -84.256921296209526, 42.298280703699483 ], [ -84.256682491511924, 42.298302973375286 ], [ -84.256508031547938, 42.298279444573815 ], [ -84.256391356999089, 42.298194413751972 ], [ -84.25624903310856, 42.298025774018896 ] ] } },
{ "type": "Feature", "properties": { "road_id": "LEO-ROAD-112", "segment_id": "LEO-112-33800433800346238019080" }, "geometry": { "type": "LineString", "coordinates": [ [ -84.260033233461769, 42.297755406444089 ], [ -84.259968894187864, 42.298069650342001 ], [ -84.259765297504643, 42.298614231554971 ], [ -84.259491394710949, 42.299187679143515 ] ] } },
{ "type": "Feature", "properties": { "road_id": "LEO-ROAD-113", "segment_id": "LEO-113-9130023800346838003453" }, "geometry": { "type": "LineString", "coordinates": [ [ -84.338764961338768, 42.298892034408809 ], [ -84.336447274994796, 42.298882295709099 ], [ -84.327469895100634, 42.299055027610166 ] ] } },
{ "type": "Feature", "properties": { "road_id": "LEO-ROAD-114", "segment_id": "LEO-114-8986093800346838003177" }, "geometry": { "type": "LineString", "coordinates": [ [ -84.338764961338768, 42.298892034408809 ], [ -84.338805711170835, 42.300456262638171 ], [ -84.338800997700716, 42.302758846385771 ], [ -84.338829963710168, 42.306386165362127 ] ] } },
{ "type": "Feature", "properties": { "road_id": "LEO-ROAD-115", "segment_id": "LEO-115-9187093802537938025380" }, "geometry": { "type": "LineString", "coordinates": [ [ -84.294427551510296, 42.298218832246455 ], [ -84.294436531289222, 42.298675960030813 ], [ -84.294442584143255, 42.298984065097493 ] ] } },
{ "type": "Feature", "properties": { "road_id": "LEO-ROAD-116", "segment_id": "LEO-116-9130023800347038003468" }, "geometry": { "type": "LineString", "coordinates": [ [ -84.339679824265872, 42.29889051693452 ], [ -84.338764961338768, 42.298892034408809 ] ] } },
{ "type": "Feature", "properties": { "road_id": "LEO-ROAD-117", "segment_id": "LEO-117-33814093802022138021381" }, "geometry": { "type": "LineString", "coordinates": [ [ -84.252200805478481, 42.297146160422727 ], [ -84.252228994659248, 42.297892106517381 ], [ -84.252233742215594, 42.297942101658705 ] ] } },
{ "type": "Feature", "properties": { "road_id": "LEO-ROAD-118", "segment_id": "LEO-118-33809863800344138020221" }, "geometry": { "type": "LineString", "coordinates": [ [ -84.25624903310856, 42.298025774018896 ], [ -84.25618284769196, 42.297889528043832 ], [ -84.256193241367214, 42.297770080669039 ], [ -84.256208206437975, 42.297489490538482 ], [ -84.256218452535563, 42.297375241277351 ], [ -84.256212925287372, 42.297323150557247 ], [ -84.256172093742705, 42.297280908700813 ], [ -84.256096105452016, 42.297243316645748 ], [ -84.255991667314333, 42.297220881860952 ], [ -84.255320076989349, 42.29718957643351 ], [ -84.254872694411276, 42.297156575004479 ], [ -84.254312101670919, 42.297163403399047 ], [ -84.25382137974178, 42.297176523411551 ], [ -84.253597467923058, 42.29716781718394 ], [ -84.253212955379979, 42.2971409941023 ], [ -84.253023905313242, 42.297138033163684 ], [ -84.252701227835288, 42.297153780344978 ], [ -84.252200805478481, 42.297146160422727 ] ] } },
{ "type": "Feature", "properties": { "road_id": "LEO-ROAD-119", "segment_id": "LEO-119-9130023800350938003470" }, "geometry": { "type": "LineString", "coordinates": [ [ -84.358510355224794, 42.298665256835818 ], [ -84.352690095720448, 42.298656279296104 ], [ -84.349277082077364, 42.29869739714232 ], [ -84.347009627087658, 42.298785666763997 ], [ -84.344443575441801, 42.298845756912129 ], [ -84.339679824265872, 42.29889051693452 ] ] } },
{ "type": "Feature", "properties": { "road_id": "LEO-ROAD-120", "segment_id": "LEO-120-9129103800350938003105" }, "geometry": { "type": "LineString", "coordinates": [ [ -84.358510355224794, 42.298665256835818 ], [ -84.358524318026909, 42.302015311329356 ], [ -84.358504373573808, 42.304272095769974 ], [ -84.358470060892259, 42.306573590243481 ], [ -84.358512984342184, 42.308510774109678 ] ] } },
{ "type": "Feature", "properties": { "road_id": "LEO-ROAD-121", "segment_id": "LEO-121-33814103802022138020225" }, "geometry": { "type": "LineString", "coordinates": [ [ -84.252200805478481, 42.297146160422727 ], [ -84.252189613274609, 42.296547607048382 ] ] } },
{ "type": "Feature", "properties": { "road_id": "LEO-ROAD-122", "segment_id": "LEO-122-33800433801907838003462" }, "geometry": { "type": "LineString", "coordinates": [ [ -84.260033100949883, 42.295734330428871 ], [ -84.260033233461769, 42.297755406444089 ] ] } },
{ "type": "Feature", "properties": { "road_id": "LEO-ROAD-123", "segment_id": "LEO-123-9021073800355438003435" }, "geometry": { "type": "LineString", "coordinates": [ [ -84.317826436277997, 42.296526401461556 ], [ -84.31762759079102, 42.296733255448437 ], [ -84.317366465613176, 42.297117213822311 ], [ -84.317210701129454, 42.297403258993022 ], [ -84.31700872056085, 42.297743234373236 ], [ -84.316717502841357, 42.298358288091698 ], [ -84.316552766090169, 42.298586096661992 ], [ -84.316439967930918, 42.298738549144758 ], [ -84.316245647324365, 42.298866295547953 ], [ -84.315885674543097, 42.299059266958466 ] ] } },
{ "type": "Feature", "properties": { "road_id": "LEO-ROAD-124", "segment_id": "LEO-124-9187103800360038003133" }, "geometry": { "type": "LineString", "coordinates": [ [ -84.271284994356662, 42.294489380210855 ], [ -84.271282775870716, 42.294768224196737 ], [ -84.271332802703327, 42.295115201601156 ], [ -84.271390207548876, 42.295478218869903 ], [ -84.271468890587613, 42.295814236077369 ], [ -84.271578115662919, 42.296100190857437 ], [ -84.271716936938986, 42.29635923655826 ], [ -84.271901031227145, 42.296624221979926 ], [ -84.272158122046633, 42.296894221679224 ], [ -84.272386174107808, 42.297093201813681 ], [ -84.272621111990432, 42.297341235769949 ], [ -84.272746928132634, 42.297533652432527 ], [ -84.272793614439408, 42.297736625879331 ], [ -84.272794259288432, 42.297962223536011 ], [ -84.272743476210394, 42.298277778108599 ], [ -84.272688406760167, 42.298497325784062 ], [ -84.272600172164744, 42.298654129501806 ], [ -84.272409296830972, 42.298841320084854 ], [ -84.272082609787901, 42.299095469592274 ], [ -84.271872661856634, 42.299261881009095 ], [ -84.27166685599741, 42.299490834127333 ], [ -84.271591028864094, 42.299703540357037 ], [ -84.271509551026668, 42.300117079560977 ], [ -84.271340804043064, 42.300529264941019 ], [ -84.27120425070062, 42.300728067659193 ], [ -84.271015333857193, 42.300926058327377 ], [ -84.270677327750093, 42.301147661277007 ], [ -84.270400772891009, 42.301357254573333 ], [ -84.270099677191084, 42.301508135104996 ], [ -84.269947487326405, 42.301641880125047 ], [ -84.269890017042172, 42.301822464124491 ], [ -84.269883633150329, 42.302049210280053 ], [ -84.269948261574697, 42.306635459908115 ] ] } },
{ "type": "Feature", "properties": { "road_id": "LEO-ROAD-125", "segment_id": "LEO-125-9187093800371838025379" }, "geometry": { "type": "LineString", "coordinates": [ [ -84.294369784014052, 42.294445259786912 ], [ -84.294362567922434, 42.294910792343337 ], [ -84.294427551510296, 42.298218832246455 ] ] } },
{ "type": "Feature", "properties": { "road_id": "LEO-ROAD-126", "segment_id": "LEO-126-9129103800363738003509" }, "geometry": { "type": "LineString", "coordinates": [ [ -84.358422483886343, 42.294996231871345 ], [ -84.358510355224794, 42.298665256835818 ] ] } },
{ "type": "Feature", "properties": { "road_id": "LEO-ROAD-127", "segment_id": "LEO-127-9129083800363538003637" }, "geometry": { "type": "LineString", "coordinates": [ [ -84.361786896442425, 42.295055290133035 ], [ -84.358422483886343, 42.294996231871345 ] ] } },
{ "type": "Feature", "properties": { "road_id": "LEO-ROAD-128", "segment_id": "LEO-128-33807713800371838003751" }, "geometry": { "type": "LineString", "coordinates": [ [ -84.294369784014052, 42.294445259786912 ], [ -84.295109210100776, 42.294381837948386 ], [ -84.295702157350192, 42.294377142996289 ], [ -84.296162029542558, 42.29439903846189 ], [ -84.296803083278888, 42.294505452307135 ], [ -84.297046224380011, 42.294521554733073 ], [ -84.298336475200756, 42.294561079910309 ], [ -84.299512742941147, 42.294577663472431 ], [ -84.299626647829299, 42.294569502387141 ], [ -84.299728975743079, 42.294527253561888 ], [ -84.300748276022944, 42.293861987207386 ] ] } },
{ "type": "Feature", "properties": { "road_id": "LEO-ROAD-129", "segment_id": "LEO-129-9129083800365338003635" }, "geometry": { "type": "LineString", "coordinates": [ [ -84.364944333098322, 42.294785266687519 ], [ -84.364813718315702, 42.294787285625155 ], [ -84.364421364773975, 42.294822411769722 ], [ -84.36298603110599, 42.294969226366824 ], [ -84.362468144606197, 42.295017295506632 ], [ -84.361786896442425, 42.295055290133035 ] ] } },
{ "type": "Feature", "properties": { "road_id": "LEO-ROAD-130", "segment_id": "LEO-130-33800433800366238019078" }, "geometry": { "type": "LineString", "coordinates": [ [ -84.26003291749528, 42.29291263454207 ], [ -84.260033100949883, 42.295734330428871 ] ] } },
{ "type": "Feature", "properties": { "road_id": "LEO-ROAD-131", "segment_id": "LEO-131-8977053800367238025377" }, "geometry": { "type": "LineString", "coordinates": [ [ -84.309133779825373, 42.293640260974357 ], [ -84.309190853260645, 42.298935548859866 ], [ -84.309206102644865, 42.298981110673843 ] ] } },
{ "type": "Feature", "properties": { "road_id": "LEO-ROAD-132", "segment_id": "LEO-132-33800433800369838003662" }, "geometry": { "type": "LineString", "coordinates": [ [ -84.260051329247702, 42.292519535848591 ], [ -84.26003291749528, 42.29291263454207 ] ] } },
{ "type": "Feature", "properties": { "road_id": "LEO-ROAD-133", "segment_id": "LEO-133-9188053800366238003699" }, "geometry": { "type": "LineString", "coordinates": [ [ -84.26003291749528, 42.29291263454207 ], [ -84.259774114170128, 42.292885974789968 ], [ -84.259164893045181, 42.292713632243718 ], [ -84.25859525065907, 42.292563615109486 ], [ -84.258032533567658, 42.292427273226522 ], [ -84.257468743578983, 42.292328906559341 ], [ -84.257119293339699, 42.292277309324795 ], [ -84.256089788891728, 42.292213731977796 ], [ -84.255251216678261, 42.292219289764702 ], [ -84.253751576272521, 42.292236155347858 ], [ -84.25036543541728, 42.292348403445729 ] ] } },
{ "type": "Feature", "properties": { "road_id": "LEO-ROAD-134", "segment_id": "LEO-134-9129103800371738003637" }, "geometry": { "type": "LineString", "coordinates": [ [ -84.358397253233193, 42.293514102607254 ], [ -84.358422483886343, 42.294996231871345 ] ] } },
{ "type": "Feature", "properties": { "road_id": "LEO-ROAD-135", "segment_id": "LEO-135-8978093800372438003715" }, "geometry": { "type": "LineString", "coordinates": [ [ -84.256778642618272, 42.291915422366216 ], [ -84.250349036380328, 42.292011169602681 ] ] } },
{ "type": "Feature", "properties": { "road_id": "LEO-ROAD-136", "segment_id": "LEO-136-8987033800372438003698" }, "geometry": { "type": "LineString", "coordinates": [ [ -84.256778642618272, 42.291915422366216 ], [ -84.257357782394593, 42.29198793381304 ], [ -84.257805189309323, 42.292065486450731 ], [ -84.258571972276684, 42.292224013739272 ], [ -84.259694598291603, 42.292466793363801 ], [ -84.260051329247702, 42.292519535848591 ] ] } },
{ "type": "Feature", "properties": { "road_id": "LEO-ROAD-137", "segment_id": "LEO-137-8978093800372838003724" }, "geometry": { "type": "LineString", "coordinates": [ [ -84.260071871145769, 42.291885627297823 ], [ -84.256778642618272, 42.291915422366216 ] ] } },
{ "type": "Feature", "properties": { "road_id": "LEO-ROAD-138", "segment_id": "LEO-138-33800433800372838003698" }, "geometry": { "type": "LineString", "coordinates": [ [ -84.260071871145769, 42.291885627297823 ], [ -84.260051329247702, 42.292519535848591 ] ] } },
{ "type": "Feature", "properties": { "road_id": "LEO-ROAD-139", "segment_id": "LEO-139-8978093800373238003728" }, "geometry": { "type": "LineString", "coordinates": [ [ -84.263000740436482, 42.291847466416584 ], [ -84.260071871145769, 42.291885627297823 ] ] } },
{ "type": "Feature", "properties": { "road_id": "LEO-ROAD-140", "segment_id": "LEO-140-8987023800369838003732" }, "geometry": { "type": "LineString", "coordinates": [ [ -84.260051329247702, 42.292519535848591 ], [ -84.261713569226515, 42.292115120238023 ], [ -84.262365599474649, 42.291970567784041 ], [ -84.263000740436482, 42.291847466416584 ] ] } },
{ "type": "Feature", "properties": { "road_id": "LEO-ROAD-141", "segment_id": "LEO-141-8971073800376038003726" }, "geometry": { "type": "LineString", "coordinates": [ [ -84.260103383583726, 42.29142612544964 ], [ -84.257271722157441, 42.291603374726137 ], [ -84.256106066491668, 42.291655796859253 ], [ -84.254247337851254, 42.291700058094051 ], [ -84.252657817798692, 42.291702512375473 ], [ -84.251395414388085, 42.291728983851172 ], [ -84.250353068111238, 42.291742367361827 ] ] } },
{ "type": "Feature", "properties": { "road_id": "LEO-ROAD-142", "segment_id": "LEO-142-33800433800376038003728" }, "geometry": { "type": "LineString", "coordinates": [ [ -84.260103383583726, 42.29142612544964 ], [ -84.260071871145769, 42.291885627297823 ] ] } },
{ "type": "Feature", "properties": { "road_id": "LEO-ROAD-143", "segment_id": "LEO-143-9187093800375638003718" }, "geometry": { "type": "LineString", "coordinates": [ [ -84.294327731297955, 42.291950972923395 ], [ -84.294330630412617, 42.292047227610524 ], [ -84.294369784014052, 42.294445259786912 ] ] } },
{ "type": "Feature", "properties": { "road_id": "LEO-ROAD-144", "segment_id": "LEO-144-9130013800375638003758" }, "geometry": { "type": "LineString", "coordinates": [ [ -84.294327731297955, 42.291950972923395 ], [ -84.289875990812035, 42.291977661215562 ], [ -84.288919614427456, 42.291987281331018 ], [ -84.288850658240221, 42.291987974833248 ], [ -84.28704833664392, 42.29200608377451 ], [ -84.287041149524583, 42.292006155290629 ], [ -84.286445948448062, 42.292012128917108 ], [ -84.286053330353326, 42.29202086326849 ], [ -84.285691884037647, 42.292010551443859 ], [ -84.285430094632048, 42.291985134273965 ], [ -84.28523949883683, 42.291932291047203 ], [ -84.285020766744452, 42.291855247542735 ], [ -84.284842037434672, 42.291752468521189 ] ] } },
{ "type": "Feature", "properties": { "road_id": "LEO-ROAD-145", "segment_id": "LEO-145-33817523800377238003727" }, "geometry": { "type": "LineString", "coordinates": [ [ -84.253197972339748, 42.291058565222386 ], [ -84.252804165591712, 42.29115563766296 ], [ -84.252379450545774, 42.291281040805131 ], [ -84.251971382471922, 42.291396078130305 ], [ -84.251662525892158, 42.291473204351973 ], [ -84.251345578501443, 42.291547166228057 ], [ -84.251070020594014, 42.291603561682862 ], [ -84.250852543363891, 42.291630509711261 ], [ -84.250350420591204, 42.291667890045311 ] ] } },
{ "type": "Feature", "properties": { "road_id": "LEO-ROAD-146", "segment_id": "LEO-146-9130013802036638003756" }, "geometry": { "type": "LineString", "coordinates": [ [ -84.30379446005621, 42.291882521927008 ], [ -84.302646892196734, 42.291905226475208 ], [ -84.301773770063733, 42.291872064967976 ], [ -84.301400978853948, 42.291819641215838 ], [ -84.30099286867376, 42.291779662060577 ], [ -84.300563063626228, 42.291765317374733 ], [ -84.300160797973291, 42.291766973365377 ], [ -84.299758028226364, 42.291786796814975 ], [ -84.299018025049961, 42.291882214500319 ], [ -84.298453890716061, 42.291940880641803 ], [ -84.294327731297955, 42.291950972923395 ] ] } },
{ "type": "Feature", "properties": { "road_id": "LEO-ROAD-147", "segment_id": "LEO-147-9130013800376638020366" }, "geometry": { "type": "LineString", "coordinates": [ [ -84.305823047946106, 42.291842356783498 ], [ -84.30379446005621, 42.291882521927008 ] ] } },
{ "type": "Feature", "properties": { "road_id": "LEO-ROAD-148", "segment_id": "LEO-148-9130013800377038003766" }, "geometry": { "type": "LineString", "coordinates": [ [ -84.309091201394352, 42.291823531516641 ], [ -84.305823047946106, 42.291842356783498 ] ] } },
{ "type": "Feature", "properties": { "road_id": "LEO-ROAD-149", "segment_id": "LEO-149-8977053800377038003672" }, "geometry": { "type": "LineString", "coordinates": [ [ -84.309091201394352, 42.291823531516641 ], [ -84.309133779825373, 42.293640260974357 ] ] } },
{ "type": "Feature", "properties": { "road_id": "LEO-ROAD-150", "segment_id": "LEO-150-9192043800377438003753" }, "geometry": { "type": "LineString", "coordinates": [ [ -84.252698576572556, 42.290936095505721 ], [ -84.25197198997536, 42.291126061980471 ], [ -84.251558173921367, 42.291225130766975 ], [ -84.251178763411843, 42.291295950031049 ], [ -84.250683519894693, 42.291349596786802 ], [ -84.250360390747304, 42.291350123106348 ] ] } },
{ "type": "Feature", "properties": { "road_id": "LEO-ROAD-151", "segment_id": "LEO-151-9192043800377238003774" }, "geometry": { "type": "LineString", "coordinates": [ [ -84.253197972339748, 42.291058565222386 ], [ -84.252698576572556, 42.290936095505721 ] ] } },
{ "type": "Feature", "properties": { "road_id": "LEO-ROAD-152", "segment_id": "LEO-152-9130013800377538003770" }, "geometry": { "type": "LineString", "coordinates": [ [ -84.313230714862897, 42.291809488235053 ], [ -84.312331240154876, 42.291812552195822 ], [ -84.31220322199124, 42.291812988465544 ], [ -84.309091201394352, 42.291823531516641 ] ] } },
{ "type": "Feature", "properties": { "road_id": "LEO-ROAD-153", "segment_id": "LEO-153-8971073800377738003760" }, "geometry": { "type": "LineString", "coordinates": [ [ -84.26356091020277, 42.290981232068361 ], [ -84.262745358441819, 42.291125560554221 ], [ -84.261358537374349, 42.291302881035101 ], [ -84.260103383583726, 42.29142612544964 ] ] } },
{ "type": "Feature", "properties": { "road_id": "LEO-ROAD-154", "segment_id": "LEO-154-9130013800378238003775" }, "geometry": { "type": "LineString", "coordinates": [ [ -84.31958596903776, 42.291752066389641 ], [ -84.318718582153963, 42.291755036570947 ], [ -84.313230714862897, 42.291809488235053 ] ] } },
{ "type": "Feature", "properties": { "road_id": "LEO-ROAD-155", "segment_id": "LEO-155-9021073800378238003554" }, "geometry": { "type": "LineString", "coordinates": [ [ -84.31958596903776, 42.291752066389641 ], [ -84.31939985433219, 42.291783413918651 ], [ -84.319264793084514, 42.291831030655338 ], [ -84.319176799688407, 42.291869426878137 ], [ -84.319118820074181, 42.291910759402917 ], [ -84.319066779278259, 42.291979490357853 ], [ -84.319021358808115, 42.292079886344965 ], [ -84.31898727921444, 42.292318426373015 ], [ -84.318986072940262, 42.294156437881817 ], [ -84.318998539559118, 42.295084387891983 ], [ -84.318934259660878, 42.295357528811039 ], [ -84.318804890845371, 42.295587517207927 ], [ -84.318347999094499, 42.296023417749026 ], [ -84.318110496407897, 42.296272235039332 ], [ -84.317826436277997, 42.296526401461556 ] ] } },
{ "type": "Feature", "properties": { "road_id": "LEO-ROAD-156", "segment_id": "LEO-156-33800433800380538003760" }, "geometry": { "type": "LineString", "coordinates": [ [ -84.260146530061078, 42.290710481385752 ], [ -84.260103383583726, 42.29142612544964 ] ] } },
{ "type": "Feature", "properties": { "road_id": "LEO-ROAD-157", "segment_id": "LEO-157-8977083800377738003805" }, "geometry": { "type": "LineString", "coordinates": [ [ -84.26356091020277, 42.290981232068361 ], [ -84.262822082046085, 42.291023285094653 ], [ -84.262312243534282, 42.291035102430278 ], [ -84.261856809803263, 42.29100541984166 ], [ -84.26111104593187, 42.290889340141696 ], [ -84.260146530061078, 42.290710481385752 ] ] } },
{ "type": "Feature", "properties": { "road_id": "LEO-ROAD-158", "segment_id": "LEO-158-8978093800381438003732" }, "geometry": { "type": "LineString", "coordinates": [ [ -84.269860952089928, 42.290568697189514 ], [ -84.269776308082541, 42.290596845809617 ], [ -84.269142006641417, 42.290792419496483 ], [ -84.26844083460864, 42.290980725693309 ], [ -84.267706487431752, 42.291156062940502 ], [ -84.266736434723398, 42.291365080598794 ], [ -84.2659861944895, 42.291509035736304 ], [ -84.264998116252514, 42.291654747184367 ], [ -84.264275987766965, 42.29173747213072 ], [ -84.263000740436482, 42.291847466416584 ] ] } },
{ "type": "Feature", "properties": { "road_id": "LEO-ROAD-159", "segment_id": "LEO-159-8971073800384838003777" }, "geometry": { "type": "LineString", "coordinates": [ [ -84.26987252835977, 42.289707303399005 ], [ -84.268956332459751, 42.289942962876744 ], [ -84.267648288809283, 42.290246337024293 ], [ -84.266391741242415, 42.290506923624598 ], [ -84.26356091020277, 42.290981232068361 ] ] } },
{ "type": "Feature", "properties": { "road_id": "LEO-ROAD-160", "segment_id": "LEO-160-33810933802560238018813" }, "geometry": { "type": "LineString", "coordinates": [ [ -84.266429292382085, 42.289519216093417 ], [ -84.266372796635054, 42.289763832315209 ] ] } },
{ "type": "Feature", "properties": { "road_id": "LEO-ROAD-161", "segment_id": "LEO-161-33814873802560338018817" }, "geometry": { "type": "LineString", "coordinates": [ [ -84.268082941954745, 42.289307604417949 ], [ -84.267696904917941, 42.289317974196322 ] ] } },
{ "type": "Feature", "properties": { "road_id": "LEO-ROAD-162", "segment_id": "LEO-162-8978093802013338003814" }, "geometry": { "type": "LineString", "coordinates": [ [ -84.273042431351115, 42.289331358689658 ], [ -84.272641013323053, 42.289495903281235 ], [ -84.271478589627151, 42.289988319840923 ], [ -84.269860952089928, 42.290568697189514 ] ] } },
{ "type": "Feature", "properties": { "road_id": "LEO-ROAD-163", "segment_id": "LEO-163-8971073802013438003848" }, "geometry": { "type": "LineString", "coordinates": [ [ -84.272808187395128, 42.288850288780829 ], [ -84.272794785408223, 42.28885488520779 ], [ -84.270421056534971, 42.289564335306821 ], [ -84.26987252835977, 42.289707303399005 ] ] } },
{ "type": "Feature", "properties": { "road_id": "LEO-ROAD-164", "segment_id": "LEO-164-33813733802013438020133" }, "geometry": { "type": "LineString", "coordinates": [ [ -84.272808187395128, 42.288850288780829 ], [ -84.273042431351115, 42.289331358689658 ] ] } },
{ "type": "Feature", "properties": { "road_id": "LEO-ROAD-165", "segment_id": "LEO-165-33817513800388438003772" }, "geometry": { "type": "LineString", "coordinates": [ [ -84.260079717923489, 42.288646577942536 ], [ -84.259328831969697, 42.288859360473815 ], [ -84.254330839792516, 42.290669528161573 ], [ -84.253760801721555, 42.290873111090789 ], [ -84.253197972339748, 42.291058565222386 ] ] } },
{ "type": "Feature", "properties": { "road_id": "LEO-ROAD-166", "segment_id": "LEO-166-33800433800388438003805" }, "geometry": { "type": "LineString", "coordinates": [ [ -84.260079717923489, 42.288646577942536 ], [ -84.260139865905913, 42.288872038595436 ], [ -84.260164269488897, 42.289043535494038 ], [ -84.260165396910509, 42.289736305105926 ], [ -84.260146530061078, 42.290710481385752 ] ] } },
{ "type": "Feature", "properties": { "road_id": "LEO-ROAD-167", "segment_id": "LEO-167-33800423800390138003774" }, "geometry": { "type": "LineString", "coordinates": [ [ -84.260631052354583, 42.288484644290087 ], [ -84.257533907591963, 42.288458323948142 ], [ -84.257045296659101, 42.288451398720731 ], [ -84.256918197454695, 42.288461182204763 ], [ -84.256794100900436, 42.288489323467999 ], [ -84.256659032675785, 42.288531678279661 ], [ -84.255938877435611, 42.289019264162306 ], [ -84.255870352271245, 42.28906565848505 ], [ -84.254375542936984, 42.290077688653909 ], [ -84.25398558350858, 42.290305850579777 ], [ -84.253560838693275, 42.290562299059829 ], [ -84.253088491156191, 42.290785563603826 ], [ -84.252698576572556, 42.290936095505721 ] ] } },
{ "type": "Feature", "properties": { "road_id": "LEO-ROAD-168", "segment_id": "LEO-168-33817513800390138003884" }, "geometry": { "type": "LineString", "coordinates": [ [ -84.260631052354583, 42.288484644290087 ], [ -84.260079717923489, 42.288646577942536 ] ] } },
{ "type": "Feature", "properties": { "road_id": "LEO-ROAD-169", "segment_id": "LEO-169-33810933801881438025602" }, "geometry": { "type": "LineString", "coordinates": [ [ -84.266483592558799, 42.288570816586237 ], [ -84.266429292382085, 42.289519216093417 ] ] } },
{ "type": "Feature", "properties": { "road_id": "LEO-ROAD-170", "segment_id": "LEO-170-33817513800390838003901" }, "geometry": { "type": "LineString", "coordinates": [ [ -84.261183688773301, 42.288361204140834 ], [ -84.260631052354583, 42.288484644290087 ] ] } },
{ "type": "Feature", "properties": { "road_id": "LEO-ROAD-171", "segment_id": "LEO-171-33810943801881538018814" }, "geometry": { "type": "LineString", "coordinates": [ [ -84.268980312043524, 42.288457723432792 ], [ -84.266483592558799, 42.288570816586237 ] ] } },
{ "type": "Feature", "properties": { "road_id": "LEO-ROAD-172", "segment_id": "LEO-172-33814873801881538025603" }, "geometry": { "type": "LineString", "coordinates": [ [ -84.268980312043524, 42.288457723432792 ], [ -84.268990061438998, 42.289087900571822 ], [ -84.268965574669238, 42.289203736713283 ], [ -84.268878334082473, 42.289287082495093 ], [ -84.268731266662215, 42.289328133684087 ], [ -84.268082941954745, 42.289307604417949 ] ] } },
{ "type": "Feature", "properties": { "road_id": "LEO-ROAD-173", "segment_id": "LEO-173-33817513802022938003908" }, "geometry": { "type": "LineString", "coordinates": [ [ -84.263763132058131, 42.287905587128762 ], [ -84.261872898170935, 42.288221729817565 ], [ -84.261183688773301, 42.288361204140834 ] ] } },
{ "type": "Feature", "properties": { "road_id": "LEO-ROAD-174", "segment_id": "LEO-174-33817513802549138020229" }, "geometry": { "type": "LineString", "coordinates": [ [ -84.263900175166384, 42.287887674196469 ], [ -84.263763132058131, 42.287905587128762 ] ] } },
{ "type": "Feature", "properties": { "road_id": "LEO-ROAD-175", "segment_id": "LEO-175-33817513801881238025491" }, "geometry": { "type": "LineString", "coordinates": [ [ -84.266500199454271, 42.287485293789018 ], [ -84.263977095892699, 42.28787761972518 ], [ -84.263900175166384, 42.287887674196469 ] ] } },
{ "type": "Feature", "properties": { "road_id": "LEO-ROAD-176", "segment_id": "LEO-176-33810933801881238018814" }, "geometry": { "type": "LineString", "coordinates": [ [ -84.266500199454271, 42.287485293789018 ], [ -84.266483592558799, 42.288570816586237 ] ] } },
{ "type": "Feature", "properties": { "road_id": "LEO-ROAD-177", "segment_id": "LEO-177-8977073802023138003758" }, "geometry": { "type": "LineString", "coordinates": [ [ -84.284657681255865, 42.287547249595669 ], [ -84.284572447053705, 42.291287440136244 ], [ -84.284612866760497, 42.291444926332133 ], [ -84.284664477378769, 42.291545543365935 ], [ -84.284751021012113, 42.29165620510534 ], [ -84.284842037434672, 42.291752468521189 ] ] } },
{ "type": "Feature", "properties": { "road_id": "LEO-ROAD-178", "segment_id": "LEO-178-33814143802023138020233" }, "geometry": { "type": "LineString", "coordinates": [ [ -84.284657681255865, 42.287547249595669 ], [ -84.285997474835312, 42.287532029631755 ], [ -84.286090121745872, 42.287532498531242 ] ] } },
{ "type": "Feature", "properties": { "road_id": "LEO-ROAD-179", "segment_id": "LEO-179-33814143802023338020232" }, "geometry": { "type": "LineString", "coordinates": [ [ -84.286090121745872, 42.287532498531242 ], [ -84.286508509091348, 42.287534616384761 ], [ -84.286898623521679, 42.287545883728065 ], [ -84.287195759418267, 42.287582075171805 ], [ -84.287415138159318, 42.287606529772638 ], [ -84.288082571408168, 42.287600970296332 ], [ -84.288715553151192, 42.287557983340136 ], [ -84.289746477537349, 42.287500015599974 ] ] } },
{ "type": "Feature", "properties": { "road_id": "LEO-ROAD-180", "segment_id": "LEO-180-33814873801881638018815" }, "geometry": { "type": "LineString", "coordinates": [ [ -84.269112675709323, 42.287156140626607 ], [ -84.269074951425551, 42.287220320170803 ], [ -84.268980312043524, 42.288457723432792 ] ] } },
{ "type": "Feature", "properties": { "road_id": "LEO-ROAD-181", "segment_id": "LEO-181-9159093800396238018816" }, "geometry": { "type": "LineString", "coordinates": [ [ -84.269916840545648, 42.28709528516481 ], [ -84.269177636710154, 42.28717238737574 ], [ -84.269112675709323, 42.287156140626607 ] ] } },
{ "type": "Feature", "properties": { "road_id": "LEO-ROAD-182", "segment_id": "LEO-182-33817513800395238018812" }, "geometry": { "type": "LineString", "coordinates": [ [ -84.269001633642901, 42.286984888046895 ], [ -84.267427509182241, 42.287318929627908 ], [ -84.266500199454271, 42.287485293789018 ] ] } },
{ "type": "Feature", "properties": { "road_id": "LEO-ROAD-183", "segment_id": "LEO-183-33814873800395238018816" }, "geometry": { "type": "LineString", "coordinates": [ [ -84.269001633642901, 42.286984888046895 ], [ -84.269112675709323, 42.287156140626607 ] ] } },
{ "type": "Feature", "properties": { "road_id": "LEO-ROAD-184", "segment_id": "LEO-184-9159093800396538003962" }, "geometry": { "type": "LineString", "coordinates": [ [ -84.272657335549155, 42.286963996733455 ], [ -84.269916840545648, 42.28709528516481 ] ] } },
{ "type": "Feature", "properties": { "road_id": "LEO-ROAD-185", "segment_id": "LEO-185-9188043800396538003912" }, "geometry": { "type": "LineString", "coordinates": [ [ -84.272657335549155, 42.286963996733455 ], [ -84.272630681813624, 42.288413270891851 ] ] } },
{ "type": "Feature", "properties": { "road_id": "LEO-ROAD-186", "segment_id": "LEO-186-9159093800397138003965" }, "geometry": { "type": "LineString", "coordinates": [ [ -84.274825581285938, 42.286882013858985 ], [ -84.272657335549155, 42.286963996733455 ] ] } },
{ "type": "Feature", "properties": { "road_id": "LEO-ROAD-187", "segment_id": "LEO-187-9159093800397438003971" }, "geometry": { "type": "LineString", "coordinates": [ [ -84.275778199121618, 42.286870657140362 ], [ -84.274825581285938, 42.286882013858985 ] ] } },
{ "type": "Feature", "properties": { "road_id": "LEO-ROAD-188", "segment_id": "LEO-188-33817513800397538003952" }, "geometry": { "type": "LineString", "coordinates": [ [ -84.269926483949519, 42.286739917061098 ], [ -84.269307782076282, 42.286911539101901 ], [ -84.269188421115047, 42.286939506828318 ], [ -84.269001633642901, 42.286984888046895 ] ] } },
{ "type": "Feature", "properties": { "road_id": "LEO-ROAD-189", "segment_id": "LEO-189-9187103800397938003600" }, "geometry": { "type": "LineString", "coordinates": [ [ -84.28467704705028, 42.286697401842055 ], [ -84.281329542320151, 42.286772166098537 ], [ -84.280304671293024, 42.286803821568618 ], [ -84.279807358236852, 42.286893143503647 ], [ -84.279258941965423, 42.287111001901287 ], [ -84.278575088403286, 42.287406375031438 ], [ -84.278563443909547, 42.287411403729102 ], [ -84.27729756393633, 42.287958150014525 ], [ -84.276792438840403, 42.288168185555946 ], [ -84.276239073181472, 42.288410851851097 ], [ -84.275267310951406, 42.28882071258279 ], [ -84.274384956416696, 42.289192995169536 ], [ -84.273553571328492, 42.289541161838478 ], [ -84.273144857293133, 42.289765150009643 ], [ -84.272870223591156, 42.289991213063566 ], [ -84.272644119193998, 42.290280275634501 ], [ -84.272424120340602, 42.290650354569593 ], [ -84.272301009516411, 42.291152655690013 ], [ -84.272121152083727, 42.292004223815084 ], [ -84.272007124529992, 42.292405221672404 ], [ -84.271569687527332, 42.293307549939264 ], [ -84.27140973629804, 42.293628759789705 ], [ -84.27128020453442, 42.294075178947097 ], [ -84.271285927392924, 42.294372225468003 ], [ -84.271284994356662, 42.294489380210855 ] ] } },
{ "type": "Feature", "properties": { "road_id": "LEO-ROAD-190", "segment_id": "LEO-190-8977073800397938020231" }, "geometry": { "type": "LineString", "coordinates": [ [ -84.28467704705028, 42.286697401842055 ], [ -84.284657681255865, 42.287547249595669 ] ] } },
{ "type": "Feature", "properties": { "road_id": "LEO-ROAD-191", "segment_id": "LEO-191-33814163802022938020230" }, "geometry": { "type": "LineString", "coordinates": [ [ -84.263763132058131, 42.287905587128762 ], [ -84.263598159079635, 42.287343512039726 ], [ -84.263434980711637, 42.286851403286121 ], [ -84.263338881984126, 42.286785563701663 ], [ -84.263211785762309, 42.286750013193775 ], [ -84.263113870246599, 42.286748487952579 ], [ -84.262838321825171, 42.286766576117493 ], [ -84.262334285325309, 42.286870622875512 ], [ -84.262133659750617, 42.286903863983063 ], [ -84.262031978686849, 42.286902279131503 ], [ -84.261930691726505, 42.286886712403309 ], [ -84.261811603549347, 42.286834501088563 ], [ -84.261750033120833, 42.286746817530428 ], [ -84.261726833770851, 42.28663455421848 ], [ -84.261741532104224, 42.286514489675014 ], [ -84.261789806725119, 42.286406138544216 ], [ -84.261875267066102, 42.286315152945292 ], [ -84.261882877955131, 42.286312473640457 ] ] } },
{ "type": "Feature", "properties": { "road_id": "LEO-ROAD-192", "segment_id": "LEO-192-33807703800390838003991" }, "geometry": { "type": "LineString", "coordinates": [ [ -84.261183688773301, 42.288361204140834 ], [ -84.261127018887706, 42.288178227814733 ], [ -84.261119485589461, 42.288006293378551 ], [ -84.261210574981874, 42.287415559945785 ], [ -84.261249375103702, 42.287066394645855 ], [ -84.261252497821374, 42.28695598930701 ], [ -84.261239012378496, 42.286848394075299 ], [ -84.261196529106257, 42.286743413935056 ], [ -84.261149480694456, 42.286653703547536 ], [ -84.261036436368414, 42.286559895710411 ], [ -84.260865046119832, 42.286483586894775 ], [ -84.259571157408956, 42.286081187636121 ], [ -84.258992543065986, 42.285868404514723 ], [ -84.258459156110916, 42.285723292709754 ], [ -84.258095241945853, 42.285695194155586 ], [ -84.25779625886895, 42.285696073137885 ], [ -84.257592878803749, 42.28574910743697 ], [ -84.257336880677002, 42.285890677804488 ], [ -84.25728971069158, 42.285911739581948 ], [ -84.257128628754231, 42.285912638806764 ], [ -84.256818303324195, 42.285902663245416 ], [ -84.256505968185536, 42.285882404076077 ], [ -84.256193438269094, 42.285868975537554 ], [ -84.256135798946772, 42.28587319892457 ], [ -84.25608476771329, 42.285887776972608 ], [ -84.256005364001979, 42.285929244881913 ], [ -84.255706171130583, 42.28611766794338 ] ] } },
{ "type": "Feature", "properties": { "road_id": "LEO-ROAD-193", "segment_id": "LEO-193-33814153802023338003756" }, "geometry": { "type": "LineString", "coordinates": [ [ -84.286090121745872, 42.287532498531242 ], [ -84.286045163247053, 42.286607176940265 ], [ -84.286031557522932, 42.28616303004992 ], [ -84.286063728333346, 42.285941555916615 ], [ -84.286197411694673, 42.285808500170411 ], [ -84.286447482883403, 42.285696535467331 ], [ -84.288790820329282, 42.285558824713704 ], [ -84.29061412297915, 42.285496192994728 ], [ -84.291190751636478, 42.285583210270303 ], [ -84.291567889811034, 42.285745341984089 ], [ -84.291904207514406, 42.285955706010618 ], [ -84.292172311639192, 42.286252969213884 ], [ -84.292466636031762, 42.28658028284088 ], [ -84.293105639111616, 42.287439341859269 ], [ -84.293858018786224, 42.28905398937394 ], [ -84.294174156314085, 42.289518104231007 ], [ -84.294349926062694, 42.289823720481941 ], [ -84.294368644949429, 42.290097617874693 ], [ -84.294327731297955, 42.291950972923395 ] ] } },
{ "type": "Feature", "properties": { "road_id": "LEO-ROAD-194", "segment_id": "LEO-194-33817513800402338003975" }, "geometry": { "type": "LineString", "coordinates": [ [ -84.274833704670613, 42.28501496995311 ], [ -84.273533953925948, 42.285561162226351 ], [ -84.272761821062943, 42.285856270555833 ], [ -84.272118151391155, 42.286081113039046 ], [ -84.271476082383572, 42.286286661453254 ], [ -84.269926483949519, 42.286739917061098 ] ] } },
{ "type": "Feature", "properties": { "road_id": "LEO-ROAD-195", "segment_id": "LEO-195-9159023800402338003971" }, "geometry": { "type": "LineString", "coordinates": [ [ -84.274833704670613, 42.28501496995311 ], [ -84.274825581285938, 42.286882013858985 ] ] } },
{ "type": "Feature", "properties": { "road_id": "LEO-ROAD-196", "segment_id": "LEO-196-8978093800403538020133" }, "geometry": { "type": "LineString", "coordinates": [ [ -84.284700860180251, 42.284363874499647 ], [ -84.283407505482515, 42.284931374554816 ], [ -84.282691961948188, 42.28522360911046 ], [ -84.280368513134164, 42.286219895938864 ], [ -84.27677380574589, 42.287735726356281 ], [ -84.276348667309591, 42.287915943419378 ], [ -84.275569372397484, 42.288245897297905 ], [ -84.273972593353804, 42.288950069722212 ], [ -84.273042431351115, 42.289331358689658 ] ] } },
{ "type": "Feature", "properties": { "road_id": "LEO-ROAD-197", "segment_id": "LEO-197-8977073800403538003979" }, "geometry": { "type": "LineString", "coordinates": [ [ -84.284700860180251, 42.284363874499647 ], [ -84.28467704705028, 42.286697401842055 ] ] } },
{ "type": "Feature", "properties": { "road_id": "LEO-ROAD-198", "segment_id": "LEO-198-8971073800404138020134" }, "geometry": { "type": "LineString", "coordinates": [ [ -84.284711249208499, 42.284066900469341 ], [ -84.282855846417547, 42.28487307915389 ], [ -84.280189287274908, 42.28597611213879 ], [ -84.276670084696548, 42.287468846934743 ], [ -84.276026958505724, 42.287703483681049 ], [ -84.275378396440388, 42.287968883059264 ], [ -84.272808187395128, 42.288850288780829 ] ] } },
{ "type": "Feature", "properties": { "road_id": "LEO-ROAD-199", "segment_id": "LEO-199-8977073800404138004035" }, "geometry": { "type": "LineString", "coordinates": [ [ -84.284711249208499, 42.284066900469341 ], [ -84.284700860180251, 42.284363874499647 ] ] } },
{ "type": "Feature", "properties": { "road_id": "LEO-ROAD-200", "segment_id": "LEO-200-9021073800405438003782" }, "geometry": { "type": "LineString", "coordinates": [ [ -84.338771018405311, 42.284266565971393 ], [ -84.337915820226357, 42.284271211928321 ], [ -84.334551599531096, 42.28432823706742 ], [ -84.332473845334917, 42.284372231191654 ], [ -84.331356900649325, 42.284402230015807 ], [ -84.330787803879161, 42.284411222594436 ], [ -84.329831604187135, 42.284804196367688 ], [ -84.328499677787363, 42.285485866926322 ], [ -84.328189826081342, 42.285741270883854 ], [ -84.327730391710958, 42.28627556791573 ], [ -84.326842948048082, 42.287232172145508 ], [ -84.32622980077754, 42.28784849581934 ], [ -84.325468311171818, 42.288350130678744 ], [ -84.324407921271799, 42.289051091099388 ], [ -84.323587903494499, 42.289615089799192 ], [ -84.322812880326609, 42.290264101817264 ], [ -84.322077419236166, 42.290850449159414 ], [ -84.321575382724319, 42.291208367679253 ], [ -84.32101944687335, 42.291460044989428 ], [ -84.320408076673274, 42.291661683674775 ], [ -84.319970487549753, 42.291739428005457 ], [ -84.31958596903776, 42.291752066389641 ] ] } },
{ "type": "Feature", "properties": { "road_id": "LEO-ROAD-201", "segment_id": "LEO-201-8986093800405438003468" }, "geometry": { "type": "LineString", "coordinates": [ [ -84.338771018405311, 42.284266565971393 ], [ -84.338753875290749, 42.285192232564278 ], [ -84.338666944279126, 42.291387289507448 ], [ -84.338702186090259, 42.292915276842209 ], [ -84.338714462080645, 42.295005298106076 ], [ -84.338764594238029, 42.29686430337852 ], [ -84.338758277110074, 42.298047246127815 ], [ -84.338764961338768, 42.298892034408809 ] ] } },
{ "type": "Feature", "properties": { "road_id": "LEO-ROAD-202", "segment_id": "LEO-202-9021073800406538004054" }, "geometry": { "type": "LineString", "coordinates": [ [ -84.35257379972893, 42.284127008406443 ], [ -84.350703898458192, 42.284151200819394 ], [ -84.347295274760356, 42.284192024631402 ], [ -84.344919096959941, 42.284191221993161 ], [ -84.338771018405311, 42.284266565971393 ] ] } },
{ "type": "Feature", "properties": { "road_id": "LEO-ROAD-203", "segment_id": "LEO-203-9021073800406838004065" }, "geometry": { "type": "LineString", "coordinates": [ [ -84.358817493208647, 42.284092495711477 ], [ -84.356253456172752, 42.284106709279854 ], [ -84.35257379972893, 42.284127008406443 ] ] } },
{ "type": "Feature", "properties": { "road_id": "LEO-ROAD-204", "segment_id": "LEO-204-9021073800407038004068" }, "geometry": { "type": "LineString", "coordinates": [ [ -84.359925729226759, 42.284070277003885 ], [ -84.358817493208647, 42.284092495711477 ] ] } },
{ "type": "Feature", "properties": { "road_id": "LEO-ROAD-205", "segment_id": "LEO-205-9129103800407038003717" }, "geometry": { "type": "LineString", "coordinates": [ [ -84.359925729226759, 42.284070277003885 ], [ -84.359555683391278, 42.285071251803657 ], [ -84.358987610275946, 42.286329271534527 ], [ -84.358502545505488, 42.287366007140335 ], [ -84.35836600813623, 42.287870041786313 ], [ -84.358359066097805, 42.28919128482584 ], [ -84.358349502469736, 42.291672181009439 ], [ -84.358397253233193, 42.293514102607254 ] ] } },
{ "type": "Feature", "properties": { "road_id": "LEO-ROAD-206", "segment_id": "LEO-206-9021073801705038004070" }, "geometry": { "type": "LineString", "coordinates": [ [ -84.364921746237272, 42.283966844595128 ], [ -84.364640717393172, 42.283976201766286 ], [ -84.360883717229257, 42.284057267287899 ], [ -84.359925729226759, 42.284070277003885 ] ] } },
{ "type": "Feature", "properties": { "road_id": "LEO-ROAD-207", "segment_id": "LEO-207-9021073800407438017050" }, "geometry": { "type": "LineString", "coordinates": [ [ -84.365128111611753, 42.28396526294275 ], [ -84.364921746237272, 42.283966844595128 ] ] } },
{ "type": "Feature", "properties": { "road_id": "LEO-ROAD-208", "segment_id": "LEO-208-9130033800407838017050" }, "geometry": { "type": "LineString", "coordinates": [ [ -84.36493092524988, 42.283791200441868 ], [ -84.364921746237272, 42.283966844595128 ] ] } },
{ "type": "Feature", "properties": { "road_id": "LEO-ROAD-209", "segment_id": "LEO-209-33811503801945738019458" }, "geometry": { "type": "LineString", "coordinates": [ [ -84.284782808688107, 42.282055324226761 ], [ -84.284226812935458, 42.282046766280523 ], [ -84.284052022822948, 42.282062193442179 ], [ -84.283915831503009, 42.282089034358371 ], [ -84.283797177260155, 42.282162250710243 ], [ -84.283720553519657, 42.282274249309623 ], [ -84.283669485678246, 42.282389042980753 ], [ -84.283601555170378, 42.282753429908908 ], [ -84.283525629427217, 42.282950940056637 ], [ -84.2834290075741, 42.283144401133057 ], [ -84.283302280444488, 42.283336548074466 ], [ -84.283148622882962, 42.283490153034158 ], [ -84.282990395244909, 42.283640221054647 ], [ -84.282189559323314, 42.28414857462505 ] ] } },
{ "type": "Feature", "properties": { "road_id": "LEO-ROAD-210", "segment_id": "LEO-210-8977073801945738004041" }, "geometry": { "type": "LineString", "coordinates": [ [ -84.284782808688107, 42.282055324226761 ], [ -84.284711249208499, 42.284066900469341 ] ] } },
{ "type": "Feature", "properties": { "road_id": "LEO-ROAD-211", "segment_id": "LEO-211-8978093800412138004035" }, "geometry": { "type": "LineString", "coordinates": [ [ -84.294306112332947, 42.281551066595917 ], [ -84.29353261667778, 42.28159508465631 ], [ -84.292745246326163, 42.281688417106288 ], [ -84.292074534672423, 42.281789731574108 ], [ -84.29118529548839, 42.281943487017351 ], [ -84.290361605226565, 42.282141637965118 ], [ -84.289713677924922, 42.282323882352017 ], [ -84.288459737570889, 42.282774376011261 ], [ -84.284700860180251, 42.284363874499647 ] ] } },
{ "type": "Feature", "properties": { "road_id": "LEO-ROAD-212", "segment_id": "LEO-212-8978093802013138004121" }, "geometry": { "type": "LineString", "coordinates": [ [ -84.300320478876628, 42.281466907099549 ], [ -84.299337300633454, 42.281510240914628 ], [ -84.294306112332947, 42.281551066595917 ] ] } },
{ "type": "Feature", "properties": { "road_id": "LEO-ROAD-213", "segment_id": "LEO-213-8977053800413738003770" }, "geometry": { "type": "LineString", "coordinates": [ [ -84.309254258774388, 42.281503995871859 ], [ -84.309263753619746, 42.281905711301206 ], [ -84.309268481140052, 42.283062110761222 ], [ -84.309091201394352, 42.291823531516641 ] ] } },
{ "type": "Feature", "properties": { "road_id": "LEO-ROAD-214", "segment_id": "LEO-214-33814933802040738020409" }, "geometry": { "type": "LineString", "coordinates": [ [ -84.338822108434201, 42.281824520603088 ], [ -84.334528850287953, 42.281896496409566 ] ] } },
{ "type": "Feature", "properties": { "road_id": "LEO-ROAD-215", "segment_id": "LEO-215-8986093802040738004054" }, "geometry": { "type": "LineString", "coordinates": [ [ -84.338822108434201, 42.281824520603088 ], [ -84.338778121689032, 42.283339226200447 ], [ -84.338771018405311, 42.284266565971393 ] ] } },
{ "type": "Feature", "properties": { "road_id": "LEO-ROAD-216", "segment_id": "LEO-216-8971073800416038004041" }, "geometry": { "type": "LineString", "coordinates": [ [ -84.29506365273609, 42.28060433991844 ], [ -84.293973285905992, 42.28074769571684 ], [ -84.293147290218201, 42.280889202277955 ], [ -84.292407241319921, 42.281052180193754 ], [ -84.291260145574952, 42.281346230134432 ], [ -84.289885047930753, 42.281862538667511 ], [ -84.288519024221614, 42.282451597644517 ], [ -84.285889711399349, 42.283550324913996 ], [ -84.284711249208499, 42.284066900469341 ] ] } },
{ "type": "Feature", "properties": { "road_id": "LEO-ROAD-217", "segment_id": "LEO-217-8978093800416438020131" }, "geometry": { "type": "LineString", "coordinates": [ [ -84.305440489942413, 42.28067387521925 ], [ -84.30476651456523, 42.280825210653205 ], [ -84.304138731618693, 42.280959165992535 ], [ -84.302944500584871, 42.281187068723391 ], [ -84.301637526007141, 42.2813531402902 ], [ -84.300382157112352, 42.281464187940188 ], [ -84.300320478876628, 42.281466907099549 ] ] } },
{ "type": "Feature", "properties": { "road_id": "LEO-ROAD-218", "segment_id": "LEO-218-8977053800416338004137" }, "geometry": { "type": "LineString", "coordinates": [ [ -84.308939796035034, 42.280698970933187 ], [ -84.309103028037114, 42.280985971357538 ], [ -84.309171756020532, 42.281150194485861 ], [ -84.309218586927742, 42.281327114561002 ], [ -84.309254258774388, 42.281503995871859 ] ] } },
{ "type": "Feature", "properties": { "road_id": "LEO-ROAD-219", "segment_id": "LEO-219-8971073802013238004160" }, "geometry": { "type": "LineString", "coordinates": [ [ -84.300311245951335, 42.280523626503751 ], [ -84.299750435816378, 42.280527686978324 ], [ -84.298430371197824, 42.280519868889726 ], [ -84.296902292034858, 42.280527353723521 ], [ -84.29506365273609, 42.28060433991844 ] ] } },
{ "type": "Feature", "properties": { "road_id": "LEO-ROAD-220", "segment_id": "LEO-220-33813723802013238020131" }, "geometry": { "type": "LineString", "coordinates": [ [ -84.300311245951335, 42.280523626503751 ], [ -84.300320478876628, 42.281466907099549 ] ] } },
{ "type": "Feature", "properties": { "road_id": "LEO-ROAD-221", "segment_id": "LEO-221-33817513800416738004023" }, "geometry": { "type": "LineString", "coordinates": [ [ -84.284888611195043, 42.280239210832207 ], [ -84.282368211111574, 42.281446137749654 ], [ -84.279748126791787, 42.282690054939636 ], [ -84.277394995695246, 42.283799077474178 ], [ -84.275568119437409, 42.28467342638352 ], [ -84.274833704670613, 42.28501496995311 ] ] } },
{ "type": "Feature", "properties": { "road_id": "LEO-ROAD-222", "segment_id": "LEO-222-8977073800416738019457" }, "geometry": { "type": "LineString", "coordinates": [ [ -84.284888611195043, 42.280239210832207 ], [ -84.284933882516185, 42.280704171766153 ], [ -84.2848906064836, 42.281240593759954 ], [ -84.284782808688107, 42.282055324226761 ] ] } },
{ "type": "Feature", "properties": { "road_id": "LEO-ROAD-223", "segment_id": "LEO-223-8987013800416438004137" }, "geometry": { "type": "LineString", "coordinates": [ [ -84.305440489942413, 42.28067387521925 ], [ -84.306197812127067, 42.280554562140466 ], [ -84.306423820715381, 42.280535882166653 ], [ -84.306679163483608, 42.280533445128647 ], [ -84.306882864005971, 42.280552337623384 ], [ -84.307140892886437, 42.280606809474847 ], [ -84.307394061903125, 42.280683322711795 ], [ -84.307706528195325, 42.280819223966098 ], [ -84.307964677181303, 42.28096823314187 ], [ -84.308251908499599, 42.281167240534316 ], [ -84.308561779068086, 42.281360163610572 ], [ -84.308717436920844, 42.281449043309642 ], [ -84.308869410488256, 42.281492422778193 ], [ -84.309009407876829, 42.281507185281029 ], [ -84.309254258774388, 42.281503995871859 ] ] } },
{ "type": "Feature", "properties": { "road_id": "LEO-ROAD-224", "segment_id": "LEO-224-8977053800417238004163" }, "geometry": { "type": "LineString", "coordinates": [ [ -84.308745912733642, 42.2803760526212 ], [ -84.308939796035034, 42.280698970933187 ] ] } },
{ "type": "Feature", "properties": { "road_id": "LEO-ROAD-225", "segment_id": "LEO-225-8971073800419638020132" }, "geometry": { "type": "LineString", "coordinates": [ [ -84.305464362110087, 42.280200504322771 ], [ -84.305155399965514, 42.280252397255282 ], [ -84.303963208640127, 42.280425407193157 ], [ -84.302748493405318, 42.280511735112178 ], [ -84.300572661442857, 42.280521732590046 ], [ -84.300311245951335, 42.280523626503751 ] ] } },
{ "type": "Feature", "properties": { "road_id": "LEO-ROAD-226", "segment_id": "LEO-226-8986093800420638020407" }, "geometry": { "type": "LineString", "coordinates": [ [ -84.338482582962342, 42.280307237344033 ], [ -84.338613326628163, 42.280474438896697 ], [ -84.338697556605922, 42.280633912846596 ], [ -84.338770780239798, 42.28079116868728 ], [ -84.338801791114818, 42.28097450626089 ], [ -84.338836155564451, 42.28134076876065 ], [ -84.338822108434201, 42.281824520603088 ] ] } },
{ "type": "Feature", "properties": { "road_id": "LEO-ROAD-227", "segment_id": "LEO-227-8978093800421838004164" }, "geometry": { "type": "LineString", "coordinates": [ [ -84.308325204964234, 42.279734906939325 ], [ -84.307163721153429, 42.280146514939176 ], [ -84.306243293977431, 42.280433110814897 ], [ -84.305440489942413, 42.28067387521925 ] ] } },
{ "type": "Feature", "properties": { "road_id": "LEO-ROAD-228", "segment_id": "LEO-228-8977053800421838004172" }, "geometry": { "type": "LineString", "coordinates": [ [ -84.308325204964234, 42.279734906939325 ], [ -84.308745912733642, 42.2803760526212 ] ] } },
{ "type": "Feature", "properties": { "road_id": "LEO-ROAD-229", "segment_id": "LEO-229-33816093802155338021554" }, "geometry": { "type": "LineString", "coordinates": [ [ -84.259070173026103, 42.279275559310669 ], [ -84.259070709313036, 42.279322509499202 ], [ -84.25905797179513, 42.279385371723308 ], [ -84.259008557967789, 42.279479185498417 ], [ -84.258970456414247, 42.279525383710244 ], [ -84.258927879138071, 42.2795664223759 ], [ -84.258894599749581, 42.279592346305172 ], [ -84.25885625670486, 42.279620336906085 ], [ -84.258832654876002, 42.279627591981111 ], [ -84.258808016287475, 42.279632604930207 ], [ -84.258778068848187, 42.279634936094965 ], [ -84.258743443228894, 42.279635446597091 ], [ -84.258702080527868, 42.279628151647437 ], [ -84.258658296337714, 42.27961752365794 ], [ -84.258037336141257, 42.279393840716608 ], [ -84.257977310332208, 42.279360100354282 ], [ -84.257956930627429, 42.279345425539148 ], [ -84.257936598526612, 42.279326930177668 ], [ -84.257927419256049, 42.279311904277684 ], [ -84.257920550146281, 42.279295919064175 ], [ -84.257915039852136, 42.279283652054275 ], [ -84.257911323419208, 42.279270109583344 ], [ -84.257909030577096, 42.279233167085863 ], [ -84.257906237879823, 42.278855815993637 ] ] } },
{ "type": "Feature", "properties": { "road_id": "LEO-ROAD-230", "segment_id": "LEO-230-33816183802155338021554" }, "geometry": { "type": "LineString", "coordinates": [ [ -84.259070173026103, 42.279275559310669 ], [ -84.258975686958919, 42.279278207867996 ], [ -84.258895565727727, 42.279273409274737 ], [ -84.258748264135974, 42.279245566997048 ], [ -84.258642941190061, 42.279219798968143 ], [ -84.258549097951828, 42.279193500297929 ], [ -84.258483866430097, 42.279169068156811 ], [ -84.258332139490165, 42.279095037741364 ], [ -84.258145183872543, 42.278985836368925 ], [ -84.258005845169492, 42.278908989398843 ], [ -84.257906237879823, 42.278855815993637 ] ] } },
{ "type": "Feature", "properties": { "road_id": "LEO-ROAD-231", "segment_id": "LEO-231-33807763800421538004214" }, "geometry": { "type": "LineString", "coordinates": [ [ -84.316292212440558, 42.279751251999336 ], [ -84.316253964487245, 42.279767422604429 ], [ -84.316206084447757, 42.27977953808616 ], [ -84.315875068728303, 42.279770234372393 ], [ -84.315622464332236, 42.279761296567422 ] ] } },
{ "type": "Feature", "properties": { "road_id": "LEO-ROAD-232", "segment_id": "LEO-232-33816073802155538021554" }, "geometry": { "type": "LineString", "coordinates": [ [ -84.258137072314895, 42.278855490435475 ], [ -84.257906237879823, 42.278855815993637 ] ] } },
{ "type": "Feature", "properties": { "road_id": "LEO-ROAD-233", "segment_id": "LEO-233-33815653800421638021391" }, "geometry": { "type": "LineString", "coordinates": [ [ -84.314983170977825, 42.279701329397369 ], [ -84.314712943636067, 42.279826898507558 ], [ -84.314668339976123, 42.279926061294212 ], [ -84.314650422147793, 42.280058297468749 ], [ -84.314579061582947, 42.280210345479034 ], [ -84.314552133406863, 42.280468210006461 ], [ -84.314525289237309, 42.2806268912775 ], [ -84.314400502364791, 42.280778914498889 ], [ -84.314266832065144, 42.280904485113076 ], [ -84.314257761358192, 42.281102847492704 ], [ -84.314266443987762, 42.28136734029296 ], [ -84.314292958033931, 42.281605392116433 ] ] } },
{ "type": "Feature", "properties": { "road_id": "LEO-ROAD-234", "segment_id": "LEO-234-33807763800421438004216" }, "geometry": { "type": "LineString", "coordinates": [ [ -84.315622464332236, 42.279761296567422 ], [ -84.315512948612039, 42.279747196725026 ], [ -84.315068451188495, 42.279730237297422 ], [ -84.315021187020776, 42.279719892714972 ], [ -84.314983170977825, 42.279701329397369 ] ] } },
{ "type": "Feature", "properties": { "road_id": "LEO-ROAD-235", "segment_id": "LEO-235-33816073802155638021555" }, "geometry": { "type": "LineString", "coordinates": [ [ -84.258367731792873, 42.278751452762471 ], [ -84.258324440802866, 42.278800562232689 ], [ -84.258233380356316, 42.278834923065787 ], [ -84.258137072314895, 42.278855490435475 ] ] } },
{ "type": "Feature", "properties": { "road_id": "LEO-ROAD-236", "segment_id": "LEO-236-8971073800423138004196" }, "geometry": { "type": "LineString", "coordinates": [ [ -84.308182847795464, 42.279494464480337 ], [ -84.308022711936673, 42.279545565908229 ], [ -84.307459664616417, 42.279721246178781 ], [ -84.306837919233473, 42.279901150068845 ], [ -84.306196068926184, 42.280060274940894 ], [ -84.305464362110087, 42.280200504322771 ] ] } },
{ "type": "Feature", "properties": { "road_id": "LEO-ROAD-237", "segment_id": "LEO-237-8977053800423138004218" }, "geometry": { "type": "LineString", "coordinates": [ [ -84.308182847795464, 42.279494464480337 ], [ -84.308325204964234, 42.279734906939325 ] ] } },
{ "type": "Feature", "properties": { "road_id": "LEO-ROAD-238", "segment_id": "LEO-238-9186033802138738004163" }, "geometry": { "type": "LineString", "coordinates": [ [ -84.310574606964565, 42.279503678345961 ], [ -84.310101141822656, 42.280072085264258 ], [ -84.309915982696666, 42.280233304048217 ], [ -84.309751797524626, 42.280362035954418 ], [ -84.309563934366807, 42.280475495431183 ], [ -84.309371779589497, 42.280554187558792 ], [ -84.309205716757731, 42.280616420305165 ], [ -84.308939796035034, 42.280698970933187 ] ] } },
{ "type": "Feature", "properties": { "road_id": "LEO-ROAD-239", "segment_id": "LEO-239-33815643802138738021390" }, "geometry": { "type": "LineString", "coordinates": [ [ -84.310574606964565, 42.279503678345961 ], [ -84.310975774657265, 42.279732363408087 ] ] } },
{ "type": "Feature", "properties": { "road_id": "LEO-ROAD-240", "segment_id": "LEO-240-33817533802563338025634" }, "geometry": { "type": "LineString", "coordinates": [ [ -84.308135677545707, 42.279423931685074 ], [ -84.307178609443923, 42.279693052180356 ], [ -84.30685498136755, 42.279767851511956 ] ] } },
{ "type": "Feature", "properties": { "road_id": "LEO-ROAD-241", "segment_id": "LEO-241-8977053802563338004231" }, "geometry": { "type": "LineString", "coordinates": [ [ -84.308135677545707, 42.279423931685074 ], [ -84.308182847795464, 42.279494464480337 ] ] } },
{ "type": "Feature", "properties": { "road_id": "LEO-ROAD-242", "segment_id": "LEO-242-33817533802563238025633" }, "geometry": { "type": "LineString", "coordinates": [ [ -84.308621928353674, 42.279329110960838 ], [ -84.308218336096104, 42.279401056035958 ], [ -84.308135677545707, 42.279423931685074 ] ] } },
{ "type": "Feature", "properties": { "road_id": "LEO-ROAD-243", "segment_id": "LEO-243-8971073802563238004231" }, "geometry": { "type": "LineString", "coordinates": [ [ -84.308621928353674, 42.279329110960838 ], [ -84.308182847795464, 42.279494464480337 ] ] } },
{ "type": "Feature", "properties": { "road_id": "LEO-ROAD-244", "segment_id": "LEO-244-8977053800425738025633" }, "geometry": { "type": "LineString", "coordinates": [ [ -84.307855146700277, 42.278985742252644 ], [ -84.308135677545707, 42.279423931685074 ] ] } },
{ "type": "Feature", "properties": { "road_id": "LEO-ROAD-245", "segment_id": "LEO-245-33816073802155438021557" }, "geometry": { "type": "LineString", "coordinates": [ [ -84.257906237879823, 42.278855815993637 ], [ -84.257677821805203, 42.27884802373724 ], [ -84.257355106962237, 42.278850758855036 ], [ -84.257121954451591, 42.27887200783362 ], [ -84.256917457874835, 42.278917041035442 ], [ -84.256779884894613, 42.278966231665343 ], [ -84.256622627816441, 42.279044673932894 ], [ -84.256362205392577, 42.279214852211908 ], [ -84.25613475797438, 42.279404214296783 ], [ -84.255881894130482, 42.279529390249095 ], [ -84.255602423265017, 42.279632368415626 ], [ -84.255442440288675, 42.279648452972268 ], [ -84.255313784919579, 42.279615406603696 ], [ -84.255216596067086, 42.279570322947237 ], [ -84.255166271558252, 42.279497968710828 ], [ -84.255135193012933, 42.279411913245518 ], [ -84.255189364428986, 42.278003219577656 ] ] } },
{ "type": "Feature", "properties": { "road_id": "LEO-ROAD-246", "segment_id": "LEO-246-33816193802155838021557" }, "geometry": { "type": "LineString", "coordinates": [ [ -84.258182712318003, 42.277975312185944 ], [ -84.257481046759281, 42.277985452596276 ], [ -84.255189364428986, 42.278003219577656 ] ] } },
{ "type": "Feature", "properties": { "road_id": "LEO-ROAD-247", "segment_id": "LEO-247-33816083802155838021555" }, "geometry": { "type": "LineString", "coordinates": [ [ -84.258182712318003, 42.277975312185944 ], [ -84.258158032409042, 42.278495854856978 ], [ -84.258137072314895, 42.278855490435475 ] ] } },
{ "type": "Feature", "properties": { "road_id": "LEO-ROAD-248", "segment_id": "LEO-248-8978093800424638004218" }, "geometry": { "type": "LineString", "coordinates": [ [ -84.311092049266705, 42.278710999435752 ], [ -84.308325204964234, 42.279734906939325 ] ] } },
{ "type": "Feature", "properties": { "road_id": "LEO-ROAD-249", "segment_id": "LEO-249-8986103800417238004246" }, "geometry": { "type": "LineString", "coordinates": [ [ -84.308745912733642, 42.2803760526212 ], [ -84.309105497456372, 42.280204045843952 ], [ -84.309428960750211, 42.280028800900894 ], [ -84.309683653818283, 42.27985251163733 ], [ -84.310091470914472, 42.279506457510379 ], [ -84.310326866701402, 42.279312035379917 ], [ -84.310479660942107, 42.279159271964723 ], [ -84.310635403435228, 42.279045323043867 ], [ -84.310827684963542, 42.278917016859253 ], [ -84.311092049266705, 42.278710999435752 ] ] } },
{ "type": "Feature", "properties": { "road_id": "LEO-ROAD-250", "segment_id": "LEO-250-9186033801701138021387" }, "geometry": { "type": "LineString", "coordinates": [ [ -84.3118969881656, 42.278714431796637 ], [ -84.311113602715096, 42.279034680192467 ], [ -84.310961956569017, 42.279145709275305 ], [ -84.310768692184297, 42.279309788177166 ], [ -84.310574606964565, 42.279503678345961 ] ] } },
{ "type": "Feature", "properties": { "road_id": "LEO-ROAD-251", "segment_id": "LEO-251-33807723801701138017012" }, "geometry": { "type": "LineString", "coordinates": [ [ -84.3118969881656, 42.278714431796637 ], [ -84.312687374364373, 42.27991041314376 ] ] } },
{ "type": "Feature", "properties": { "road_id": "LEO-ROAD-252", "segment_id": "LEO-252-9130033800426238004078" }, "geometry": { "type": "LineString", "coordinates": [ [ -84.364917495662098, 42.279367358755145 ], [ -84.36493092524988, 42.283791200441868 ] ] } },
{ "type": "Feature", "properties": { "road_id": "LEO-ROAD-253", "segment_id": "LEO-253-33816203802155938021556" }, "geometry": { "type": "LineString", "coordinates": [ [ -84.259437080045728, 42.277627297271131 ], [ -84.259196670339435, 42.277749835402425 ], [ -84.259102481362007, 42.277837053320248 ], [ -84.25902433701215, 42.277937162039308 ], [ -84.258922075002175, 42.278129153553884 ], [ -84.258673081030338, 42.278636890317458 ], [ -84.258612189188497, 42.278682954068856 ], [ -84.258499576252248, 42.278714381414382 ], [ -84.258367731792873, 42.278751452762471 ] ] } },
{ "type": "Feature", "properties": { "road_id": "LEO-ROAD-254", "segment_id": "LEO-254-33816093802155938021553" }, "geometry": { "type": "LineString", "coordinates": [ [ -84.259437080045728, 42.277627297271131 ], [ -84.259496801726286, 42.277723214972234 ], [ -84.259527486058715, 42.277774866972337 ], [ -84.259545402052467, 42.27781700694392 ], [ -84.259557340821146, 42.277859169809354 ], [ -84.259560846279697, 42.277878975048758 ], [ -84.259559127978179, 42.277905909819523 ], [ -84.259543719516842, 42.277943982130843 ], [ -84.259499206874125, 42.278010246223637 ], [ -84.259360861799948, 42.278217369819792 ], [ -84.259205011090586, 42.278501332971629 ], [ -84.259163064563722, 42.278599299086792 ], [ -84.259141061936205, 42.278667777413823 ], [ -84.259137608554866, 42.278867249190746 ], [ -84.259112553294486, 42.27896603393355 ], [ -84.259089837188171, 42.279025987443099 ], [ -84.259073291970495, 42.279070427866998 ], [ -84.259063108836756, 42.279126319785362 ], [ -84.259070173026103, 42.279275559310669 ] ] } },
{ "type": "Feature", "properties": { "road_id": "LEO-ROAD-255", "segment_id": "LEO-255-33816073802155738021560" }, "geometry": { "type": "LineString", "coordinates": [ [ -84.255189364428986, 42.278003219577656 ], [ -84.255185206611699, 42.277870895726529 ], [ -84.255138876211106, 42.277731704338947 ], [ -84.254986983326489, 42.277547298864413 ] ] } },
{ "type": "Feature", "properties": { "road_id": "LEO-ROAD-256", "segment_id": "LEO-256-33816213802156138021560" }, "geometry": { "type": "LineString", "coordinates": [ [ -84.258178294721588, 42.277551554126909 ], [ -84.254986983326489, 42.277547298864413 ] ] } },
{ "type": "Feature", "properties": { "road_id": "LEO-ROAD-257", "segment_id": "LEO-257-33816083802156138021558" }, "geometry": { "type": "LineString", "coordinates": [ [ -84.258178294721588, 42.277551554126909 ], [ -84.258182712318003, 42.277975312185944 ] ] } },
{ "type": "Feature", "properties": { "road_id": "LEO-ROAD-258", "segment_id": "LEO-258-33816073802156238021556" }, "geometry": { "type": "LineString", "coordinates": [ [ -84.259367802477399, 42.277475800073567 ], [ -84.259140703658247, 42.277497102544785 ], [ -84.258877137870144, 42.277556774909229 ], [ -84.25865854151219, 42.277656043835087 ], [ -84.258520202428514, 42.277806351712222 ], [ -84.25840787844497, 42.278073750176937 ], [ -84.25838579541923, 42.27826165719182 ], [ -84.258395193599981, 42.278521622658097 ], [ -84.258394667119816, 42.278688085416341 ], [ -84.258367731792873, 42.278751452762471 ] ] } },
{ "type": "Feature", "properties": { "road_id": "LEO-ROAD-259", "segment_id": "LEO-259-33816093802156238021559" }, "geometry": { "type": "LineString", "coordinates": [ [ -84.259367802477399, 42.277475800073567 ], [ -84.259437080045728, 42.277627297271131 ] ] } },
{ "type": "Feature", "properties": { "road_id": "LEO-ROAD-260", "segment_id": "LEO-260-9186033802138838017011" }, "geometry": { "type": "LineString", "coordinates": [ [ -84.313213900928389, 42.278260647430834 ], [ -84.3118969881656, 42.278714431796637 ] ] } },
{ "type": "Feature", "properties": { "road_id": "LEO-ROAD-261", "segment_id": "LEO-261-33815633802138838021389" }, "geometry": { "type": "LineString", "coordinates": [ [ -84.313213900928389, 42.278260647430834 ], [ -84.313605736870514, 42.278804965408682 ] ] } },
{ "type": "Feature", "properties": { "road_id": "LEO-ROAD-262", "segment_id": "LEO-262-33807753800428138004214" }, "geometry": { "type": "LineString", "coordinates": [ [ -84.315625622621027, 42.278207435562777 ], [ -84.315622464332236, 42.279761296567422 ] ] } },
{ "type": "Feature", "properties": { "road_id": "LEO-ROAD-263", "segment_id": "LEO-263-33807743800428138004215" }, "geometry": { "type": "LineString", "coordinates": [ [ -84.315625622621027, 42.278207435562777 ], [ -84.316214440856953, 42.278218636770433 ], [ -84.316255774976185, 42.278229861410765 ], [ -84.316283878308298, 42.278256456531956 ], [ -84.316305252444948, 42.27829484511706 ], [ -84.316325746878817, 42.278352230179379 ], [ -84.316292212440558, 42.279751251999336 ] ] } },
{ "type": "Feature", "properties": { "road_id": "LEO-ROAD-264", "segment_id": "LEO-264-33807733800428038004216" }, "geometry": { "type": "LineString", "coordinates": [ [ -84.314958043402228, 42.27818406174012 ], [ -84.314954730285521, 42.278915232084515 ], [ -84.314935121380259, 42.279627108213177 ], [ -84.314959901388917, 42.279669212158566 ], [ -84.314983170977825, 42.279701329397369 ] ] } },
{ "type": "Feature", "properties": { "road_id": "LEO-ROAD-265", "segment_id": "LEO-265-33807743800428038004281" }, "geometry": { "type": "LineString", "coordinates": [ [ -84.314958043402228, 42.27818406174012 ], [ -84.315625622621027, 42.278207435562777 ] ] } },
{ "type": "Feature", "properties": { "road_id": "LEO-ROAD-266", "segment_id": "LEO-266-33816073802156038021564" }, "geometry": { "type": "LineString", "coordinates": [ [ -84.254986983326489, 42.277547298864413 ], [ -84.254796540730354, 42.277318726888311 ], [ -84.2547113056211, 42.277147810110911 ] ] } },
{ "type": "Feature", "properties": { "road_id": "LEO-ROAD-267", "segment_id": "LEO-267-33816173802156538021564" }, "geometry": { "type": "LineString", "coordinates": [ [ -84.258165002087253, 42.27715226964331 ], [ -84.2547113056211, 42.277147810110911 ] ] } },
{ "type": "Feature", "properties": { "road_id": "LEO-ROAD-268", "segment_id": "LEO-268-33816083802156538021561" }, "geometry": { "type": "LineString", "coordinates": [ [ -84.258165002087253, 42.27715226964331 ], [ -84.258169793711403, 42.277320159561292 ], [ -84.258178294721588, 42.277551554126909 ] ] } },
{ "type": "Feature", "properties": { "road_id": "LEO-ROAD-269", "segment_id": "LEO-269-33816173802156638021565" }, "geometry": { "type": "LineString", "coordinates": [ [ -84.26008055316963, 42.277159872427376 ], [ -84.258165002087253, 42.27715226964331 ] ] } },
{ "type": "Feature", "properties": { "road_id": "LEO-ROAD-270", "segment_id": "LEO-270-9188033802156638021562" }, "geometry": { "type": "LineString", "coordinates": [ [ -84.26008055316963, 42.277159872427376 ], [ -84.259970144317251, 42.277281348382331 ], [ -84.259800201750537, 42.27734944375679 ], [ -84.259612509359528, 42.277435813328708 ], [ -84.259367802477399, 42.277475800073567 ] ] } },
{ "type": "Feature", "properties": { "road_id": "LEO-ROAD-271", "segment_id": "LEO-271-33817543800431238020132" }, "geometry": { "type": "LineString", "coordinates": [ [ -84.30648170845204, 42.27774749352259 ], [ -84.306105724734422, 42.277987810678539 ], [ -84.305574410257293, 42.278421925022805 ], [ -84.304839466361528, 42.279258560837 ], [ -84.304401747419618, 42.279707393578413 ], [ -84.303929998228142, 42.280031739658831 ], [ -84.303356913406731, 42.280253373278889 ], [ -84.302742577005063, 42.280380227333353 ], [ -84.302152281608102, 42.280424534642599 ], [ -84.300311245951335, 42.280523626503751 ] ] } },
{ "type": "Feature", "properties": { "road_id": "LEO-ROAD-272", "segment_id": "LEO-272-33817533802563438004312" }, "geometry": { "type": "LineString", "coordinates": [ [ -84.30685498136755, 42.279767851511956 ], [ -84.306835428552731, 42.279772370989711 ], [ -84.30659425897646, 42.279788567458432 ], [ -84.306402197928207, 42.27976975856587 ], [ -84.306256081866962, 42.279733771257412 ], [ -84.306052296271076, 42.279655195757208 ], [ -84.305862699447744, 42.279547042210943 ], [ -84.305722269195201, 42.279401898364256 ], [ -84.305628438894928, 42.279215751882411 ], [ -84.305600581986965, 42.278965062955557 ], [ -84.305660020221055, 42.27874946767971 ], [ -84.305807631226486, 42.278537198649246 ], [ -84.30648170845204, 42.27774749352259 ] ] } },
{ "type": "Feature", "properties": { "road_id": "LEO-ROAD-273", "segment_id": "LEO-273-8977053800431238004257" }, "geometry": { "type": "LineString", "coordinates": [ [ -84.30648170845204, 42.27774749352259 ], [ -84.306992659637388, 42.278024537336698 ], [ -84.307305510677381, 42.27829618816039 ], [ -84.307582660245643, 42.278587603605374 ], [ -84.307855146700277, 42.278985742252644 ] ] } },
{ "type": "Feature", "properties": { "road_id": "LEO-ROAD-274", "segment_id": "LEO-274-9186033800429438018565" }, "geometry": { "type": "LineString", "coordinates": [ [ -84.31700469547917, 42.277943799156041 ], [ -84.316950978819506, 42.277872103727702 ], [ -84.316884916757047, 42.277819204478384 ] ] } },
{ "type": "Feature", "properties": { "road_id": "LEO-ROAD-275", "segment_id": "LEO-275-9186033800429938021388" }, "geometry": { "type": "LineString", "coordinates": [ [ -84.314887438110944, 42.277765662931706 ], [ -84.314310154826231, 42.277904854755 ], [ -84.313709186745427, 42.278089975081549 ], [ -84.313213900928389, 42.278260647430834 ] ] } },
{ "type": "Feature", "properties": { "road_id": "LEO-ROAD-276", "segment_id": "LEO-276-33807733800429938004280" }, "geometry": { "type": "LineString", "coordinates": [ [ -84.314887438110944, 42.277765662931706 ], [ -84.314958043402228, 42.27818406174012 ] ] } },
{ "type": "Feature", "properties": { "road_id": "LEO-ROAD-277", "segment_id": "LEO-277-33817513800429738004167" }, "geometry": { "type": "LineString", "coordinates": [ [ -84.295094066188142, 42.277446491619656 ], [ -84.293773331334179, 42.277547229771663 ], [ -84.292537232636448, 42.277730214012394 ], [ -84.29205417198807, 42.277824849892077 ], [ -84.290870984580792, 42.278058807190483 ], [ -84.289729371438312, 42.278356900640617 ], [ -84.288981828912725, 42.278568207761445 ], [ -84.28824286532182, 42.278800223682872 ], [ -84.287894056479857, 42.278920544410418 ], [ -84.28615896462604, 42.279647000616926 ], [ -84.284888611195043, 42.280239210832207 ] ] } },
{ "type": "Feature", "properties": { "road_id": "LEO-ROAD-278", "segment_id": "LEO-278-33817513800429838004297" }, "geometry": { "type": "LineString", "coordinates": [ [ -84.295507991715851, 42.277409548284751 ], [ -84.295094066188142, 42.277446491619656 ] ] } },
{ "type": "Feature", "properties": { "road_id": "LEO-ROAD-279", "segment_id": "LEO-279-8978093800431038004246" }, "geometry": { "type": "LineString", "coordinates": [ [ -84.313992689029334, 42.277671505586646 ], [ -84.312918976241463, 42.278045192487923 ], [ -84.311911957382634, 42.278422227710863 ], [ -84.311092049266705, 42.278710999435752 ] ] } },
{ "type": "Feature", "properties": { "road_id": "LEO-ROAD-280", "segment_id": "LEO-280-33816073802156438021568" }, "geometry": { "type": "LineString", "coordinates": [ [ -84.2547113056211, 42.277147810110911 ], [ -84.254670754918536, 42.276952700296249 ], [ -84.254674839294239, 42.276734951543219 ] ] } },
{ "type": "Feature", "properties": { "road_id": "LEO-ROAD-281", "segment_id": "LEO-281-33816163802156938021568" }, "geometry": { "type": "LineString", "coordinates": [ [ -84.258154690745187, 42.276744180225521 ], [ -84.254674839294239, 42.276734951543219 ] ] } },
{ "type": "Feature", "properties": { "road_id": "LEO-ROAD-282", "segment_id": "LEO-282-33816083802156938021565" }, "geometry": { "type": "LineString", "coordinates": [ [ -84.258154690745187, 42.276744180225521 ], [ -84.258165002087253, 42.27715226964331 ] ] } },
{ "type": "Feature", "properties": { "road_id": "LEO-ROAD-283", "segment_id": "LEO-283-33816163802157038021569" }, "geometry": { "type": "LineString", "coordinates": [ [ -84.260079454263405, 42.2767542314471 ], [ -84.258154690745187, 42.276744180225521 ] ] } },
{ "type": "Feature", "properties": { "road_id": "LEO-ROAD-284", "segment_id": "LEO-284-9188033802157038021566" }, "geometry": { "type": "LineString", "coordinates": [ [ -84.260079454263405, 42.2767542314471 ], [ -84.26008055316963, 42.277159872427376 ] ] } },
{ "type": "Feature", "properties": { "road_id": "LEO-ROAD-285", "segment_id": "LEO-285-33817513802040238004298" }, "geometry": { "type": "LineString", "coordinates": [ [ -84.298501323109775, 42.277336333944838 ], [ -84.295507991715851, 42.277409548284751 ] ] } },
{ "type": "Feature", "properties": { "road_id": "LEO-ROAD-286", "segment_id": "LEO-286-9186033801856538004299" }, "geometry": { "type": "LineString", "coordinates": [ [ -84.316884916757047, 42.277819204478384 ], [ -84.316838303307435, 42.277781877706737 ], [ -84.31664857535641, 42.277690984365563 ], [ -84.316438720910924, 42.277633093024846 ], [ -84.316202531977282, 42.27760097352261 ], [ -84.315949680187174, 42.277592392887293 ], [ -84.315696175199548, 42.277607593097684 ], [ -84.315435874353682, 42.277636964202635 ], [ -84.314887438110944, 42.277765662931706 ] ] } },
{ "type": "Feature", "properties": { "road_id": "LEO-ROAD-287", "segment_id": "LEO-287-9187083802177138004297" }, "geometry": { "type": "LineString", "coordinates": [ [ -84.290127342110992, 42.277174381345588 ], [ -84.290181979721808, 42.277217149049498 ], [ -84.290321878152213, 42.27729420641959 ], [ -84.290563879560381, 42.277327227096038 ], [ -84.29199024107524, 42.277386183028327 ], [ -84.294234746434455, 42.277368971479987 ], [ -84.295094066188142, 42.277446491619656 ] ] } },
{ "type": "Feature", "properties": { "road_id": "LEO-ROAD-288", "segment_id": "LEO-288-33817513800430838020402" }, "geometry": { "type": "LineString", "coordinates": [ [ -84.303690601357644, 42.277209224518778 ], [ -84.298501323109775, 42.277336333944838 ] ] } },
{ "type": "Feature", "properties": { "road_id": "LEO-ROAD-289", "segment_id": "LEO-289-33817513800431238004308" }, "geometry": { "type": "LineString", "coordinates": [ [ -84.30648170845204, 42.27774749352259 ], [ -84.305884752089369, 42.277472691425871 ], [ -84.30540877317523, 42.277332487125001 ], [ -84.304902692896647, 42.277245009455164 ], [ -84.30428045811027, 42.277214265767611 ], [ -84.303690601357644, 42.277209224518778 ] ] } },
{ "type": "Feature", "properties": { "road_id": "LEO-ROAD-290", "segment_id": "LEO-290-8986093801701038004206" }, "geometry": { "type": "LineString", "coordinates": [ [ -84.338852753344611, 42.277645776022851 ], [ -84.338856359835034, 42.277754054282369 ], [ -84.338867608174795, 42.277976453261282 ], [ -84.33887274554894, 42.279203167810365 ], [ -84.338863498748324, 42.27961747907954 ], [ -84.338856217903583, 42.279886610921274 ], [ -84.338833990024312, 42.280070046962997 ], [ -84.338774035442924, 42.280158899623707 ], [ -84.338726164618819, 42.280226563663192 ], [ -84.338638486741289, 42.28027654009832 ], [ -84.338482582962342, 42.280307237344033 ] ] } },
{ "type": "Feature", "properties": { "road_id": "LEO-ROAD-291", "segment_id": "LEO-291-33816073802156838021571" }, "geometry": { "type": "LineString", "coordinates": [ [ -84.254674839294239, 42.276734951543219 ], [ -84.25475424242191, 42.276594616615924 ], [ -84.254941622278565, 42.276354724567589 ] ] } },
{ "type": "Feature", "properties": { "road_id": "LEO-ROAD-292", "segment_id": "LEO-292-33817513800431738004312" }, "geometry": { "type": "LineString", "coordinates": [ [ -84.310912867908797, 42.277167405740954 ], [ -84.309351704337047, 42.277158166886231 ], [ -84.308618895867525, 42.277168775102723 ], [ -84.308128427969763, 42.277161327304661 ], [ -84.307761712738497, 42.277195509234453 ], [ -84.307322849957586, 42.277307313903151 ], [ -84.307010572835082, 42.277425319550041 ], [ -84.306649173776194, 42.277630638350558 ], [ -84.30648170845204, 42.27774749352259 ] ] } },
{ "type": "Feature", "properties": { "road_id": "LEO-ROAD-293", "segment_id": "LEO-293-33816153802157238021571" }, "geometry": { "type": "LineString", "coordinates": [ [ -84.258154369628343, 42.276353653445483 ], [ -84.254941622278565, 42.276354724567589 ] ] } },
{ "type": "Feature", "properties": { "road_id": "LEO-ROAD-294", "segment_id": "LEO-294-33816083802157238021569" }, "geometry": { "type": "LineString", "coordinates": [ [ -84.258154369628343, 42.276353653445483 ], [ -84.258154690745187, 42.276744180225521 ] ] } },
{ "type": "Feature", "properties": { "road_id": "LEO-ROAD-295", "segment_id": "LEO-295-8978093800431838017572" }, "geometry": { "type": "LineString", "coordinates": [ [ -84.321266752038866, 42.277388076172905 ], [ -84.318266164490367, 42.277248500157583 ] ] } },
{ "type": "Feature", "properties": { "road_id": "LEO-ROAD-296", "segment_id": "LEO-296-33816153802157338021572" }, "geometry": { "type": "LineString", "coordinates": [ [ -84.260078558979316, 42.276352968907091 ], [ -84.258154369628343, 42.276353653445483 ] ] } },
{ "type": "Feature", "properties": { "road_id": "LEO-ROAD-297", "segment_id": "LEO-297-9188033802157338021570" }, "geometry": { "type": "LineString", "coordinates": [ [ -84.260078558979316, 42.276352968907091 ], [ -84.260079454263405, 42.2767542314471 ] ] } },
{ "type": "Feature", "properties": { "road_id": "LEO-ROAD-298", "segment_id": "LEO-298-8978093801757238004310" }, "geometry": { "type": "LineString", "coordinates": [ [ -84.318266164490367, 42.277248500157583 ], [ -84.317350215813008, 42.277222426604844 ], [ -84.31659575447469, 42.277230835450979 ], [ -84.316163061040385, 42.277262031901664 ], [ -84.315770479086964, 42.277299187652119 ], [ -84.315471653010604, 42.277344627758339 ], [ -84.314952734720052, 42.277437932647828 ], [ -84.314491105501034, 42.277532862385968 ], [ -84.313992689029334, 42.277671505586646 ] ] } },
{ "type": "Feature", "properties": { "road_id": "LEO-ROAD-299", "segment_id": "LEO-299-8978093800432538004318" }, "geometry": { "type": "LineString", "coordinates": [ [ -84.335786181456342, 42.277423039437465 ], [ -84.332225158815902, 42.277469304169458 ], [ -84.329878709450696, 42.277497144443352 ], [ -84.327438280631398, 42.277489877479901 ], [ -84.324393193784019, 42.277454112678846 ], [ -84.321266752038866, 42.277388076172905 ] ] } },
{ "type": "Feature", "properties": { "road_id": "LEO-ROAD-300", "segment_id": "LEO-300-8977013800432538004206" }, "geometry": { "type": "LineString", "coordinates": [ [ -84.335786181456342, 42.277423039437465 ], [ -84.335796425474001, 42.277594234730998 ], [ -84.335798695661836, 42.277920415977341 ], [ -84.335841964326804, 42.278234118542038 ], [ -84.335970846264857, 42.278527131670195 ], [ -84.336163237236633, 42.278796378220889 ], [ -84.336430450783908, 42.279033789932612 ], [ -84.337027964517119, 42.279393492083685 ], [ -84.337323285049379, 42.279538933046979 ], [ -84.337620614491101, 42.279711213860018 ], [ -84.337885758399025, 42.279854237249019 ], [ -84.338091776652149, 42.279970250632033 ], [ -84.338268699662805, 42.280103243777958 ], [ -84.338482582962342, 42.280307237344033 ] ] } },
{ "type": "Feature", "properties": { "road_id": "LEO-ROAD-301", "segment_id": "LEO-301-8971073800432338004322" }, "geometry": { "type": "LineString", "coordinates": [ [ -84.321361776832831, 42.277288011618538 ], [ -84.318323177425896, 42.277147189403948 ] ] } },
{ "type": "Feature", "properties": { "road_id": "LEO-ROAD-302", "segment_id": "LEO-302-8971073800432238025632" }, "geometry": { "type": "LineString", "coordinates": [ [ -84.318323177425896, 42.277147189403948 ], [ -84.316292515098851, 42.277110455729883 ], [ -84.315922654492653, 42.277118821456938 ], [ -84.315539504763095, 42.277154900218321 ], [ -84.315155844371517, 42.277209580711023 ], [ -84.31483506165435, 42.277255905838942 ], [ -84.314547042621214, 42.277317183833119 ], [ -84.314243973503849, 42.277374341848599 ], [ -84.31395812106571, 42.277434953040476 ], [ -84.313720952001901, 42.277503213340282 ], [ -84.313371524905989, 42.277613342049023 ], [ -84.312379984267139, 42.277961229391664 ], [ -84.311993907351393, 42.278095356611054 ], [ -84.310898030365465, 42.278501369496126 ], [ -84.31017209130404, 42.278760858983993 ], [ -84.308621928353674, 42.279329110960838 ] ] } },
{ "type": "Feature", "properties": { "road_id": "LEO-ROAD-303", "segment_id": "LEO-303-33800443800406538004328" }, "geometry": { "type": "LineString", "coordinates": [ [ -84.35257379972893, 42.284127008406443 ], [ -84.352587277888944, 42.280735248832855 ], [ -84.352545113297765, 42.280356234353569 ], [ -84.352473371472939, 42.279932205050265 ], [ -84.352327289486823, 42.279574216592245 ], [ -84.352217250347778, 42.279260212469289 ], [ -84.352100298733276, 42.278985226785515 ], [ -84.351968110123423, 42.278726193775519 ], [ -84.351874250338639, 42.278440227488964 ], [ -84.351897231772753, 42.278104163387603 ], [ -84.351929680248276, 42.277537890930262 ], [ -84.351929519870922, 42.277531574836921 ] ] } },
{ "type": "Feature", "properties": { "road_id": "LEO-ROAD-304", "segment_id": "LEO-304-8971073800433138004323" }, "geometry": { "type": "LineString", "coordinates": [ [ -84.335782674583086, 42.277290646125721 ], [ -84.33218897182914, 42.277331627992467 ], [ -84.330197133708637, 42.27734996069703 ], [ -84.327449987548263, 42.277389961029876 ], [ -84.32577012847932, 42.277374729337794 ], [ -84.323906236451919, 42.277353366068539 ], [ -84.321361776832831, 42.277288011618538 ] ] } },
{ "type": "Feature", "properties": { "road_id": "LEO-ROAD-305", "segment_id": "LEO-305-8977013800433138004325" }, "geometry": { "type": "LineString", "coordinates": [ [ -84.335782674583086, 42.277290646125721 ], [ -84.335786181456342, 42.277423039437465 ] ] } },
{ "type": "Feature", "properties": { "road_id": "LEO-ROAD-306", "segment_id": "LEO-306-33816073802157138021575" }, "geometry": { "type": "LineString", "coordinates": [ [ -84.254941622278565, 42.276354724567589 ], [ -84.255067390754277, 42.276190341570121 ], [ -84.25528672503583, 42.275939787874194 ] ] } },
{ "type": "Feature", "properties": { "road_id": "LEO-ROAD-307", "segment_id": "LEO-307-33816143802157638021575" }, "geometry": { "type": "LineString", "coordinates": [ [ -84.258160472799815, 42.27593536997712 ], [ -84.25528672503583, 42.275939787874194 ] ] } },
{ "type": "Feature", "properties": { "road_id": "LEO-ROAD-308", "segment_id": "LEO-308-33816083802157638021572" }, "geometry": { "type": "LineString", "coordinates": [ [ -84.258160472799815, 42.27593536997712 ], [ -84.258154362375507, 42.276344018136975 ], [ -84.258154369628343, 42.276353653445483 ] ] } },
{ "type": "Feature", "properties": { "road_id": "LEO-ROAD-309", "segment_id": "LEO-309-33816143802157738021576" }, "geometry": { "type": "LineString", "coordinates": [ [ -84.260077355674298, 42.275951146624877 ], [ -84.258160472799815, 42.27593536997712 ] ] } },
{ "type": "Feature", "properties": { "road_id": "LEO-ROAD-310", "segment_id": "LEO-310-9188033802157738021573" }, "geometry": { "type": "LineString", "coordinates": [ [ -84.260077355674298, 42.275951146624877 ], [ -84.260078558979316, 42.276352968907091 ] ] } },
{ "type": "Feature", "properties": { "road_id": "LEO-ROAD-311", "segment_id": "LEO-311-9188033802157838021577" }, "geometry": { "type": "LineString", "coordinates": [ [ -84.260077469683097, 42.275792115495726 ], [ -84.260077355674298, 42.275951146624877 ] ] } },
{ "type": "Feature", "properties": { "road_id": "LEO-ROAD-312", "segment_id": "LEO-312-33816333802157938021578" }, "geometry": { "type": "LineString", "coordinates": [ [ -84.260564339025336, 42.275792315335266 ], [ -84.260077469683097, 42.275792115495726 ] ] } },
{ "type": "Feature", "properties": { "road_id": "LEO-ROAD-313", "segment_id": "LEO-313-33816223802157938021563" }, "geometry": { "type": "LineString", "coordinates": [ [ -84.260564339025336, 42.275792315335266 ], [ -84.260578385005161, 42.276117558207588 ], [ -84.260587973395985, 42.276415357338315 ], [ -84.260591680065872, 42.276602700512854 ], [ -84.260560227405918, 42.276759395966202 ], [ -84.260501103458481, 42.27693906931794 ], [ -84.26049433172021, 42.277019228673581 ], [ -84.260549067874749, 42.277153858314328 ], [ -84.260654000311931, 42.277295730852259 ], [ -84.2606791942097, 42.277329795717193 ] ] } },
{ "type": "Feature", "properties": { "road_id": "LEO-ROAD-314", "segment_id": "LEO-314-33816333802158038021579" }, "geometry": { "type": "LineString", "coordinates": [ [ -84.260689898295979, 42.275779229673553 ], [ -84.260564339025336, 42.275792315335266 ] ] } },
{ "type": "Feature", "properties": { "road_id": "LEO-ROAD-315", "segment_id": "LEO-315-33816333802158238021580" }, "geometry": { "type": "LineString", "coordinates": [ [ -84.261213943432438, 42.275674461966794 ], [ -84.260845170529365, 42.275764699460879 ], [ -84.260689898295979, 42.275779229673553 ] ] } },
{ "type": "Feature", "properties": { "road_id": "LEO-ROAD-316", "segment_id": "LEO-316-33816233802158238021567" }, "geometry": { "type": "LineString", "coordinates": [ [ -84.261213943432438, 42.275674461966794 ], [ -84.261230587918206, 42.27582673793372 ], [ -84.26122885166329, 42.276047440092874 ], [ -84.261192046938717, 42.27623415138649 ], [ -84.261184993744109, 42.276324339739944 ], [ -84.26121798004506, 42.276431873629555 ], [ -84.261331976025829, 42.276695195154247 ], [ -84.261344796980282, 42.276724812331345 ], [ -84.261286690268392, 42.276771352389055 ], [ -84.261049898723513, 42.276961008805436 ] ] } },
{ "type": "Feature", "properties": { "road_id": "LEO-ROAD-317", "segment_id": "LEO-317-33816073802157538021583" }, "geometry": { "type": "LineString", "coordinates": [ [ -84.25528672503583, 42.275939787874194 ], [ -84.255419639694395, 42.275736891744465 ], [ -84.255547489278172, 42.275513300882864 ] ] } },
{ "type": "Feature", "properties": { "road_id": "LEO-ROAD-318", "segment_id": "LEO-318-8977013800434738004331" }, "geometry": { "type": "LineString", "coordinates": [ [ -84.335755693963705, 42.276736940343142 ], [ -84.335782674583086, 42.277290646125721 ] ] } },
{ "type": "Feature", "properties": { "road_id": "LEO-ROAD-319", "segment_id": "LEO-319-33817513800436138004317" }, "geometry": { "type": "LineString", "coordinates": [ [ -84.321307849724064, 42.276509409286248 ], [ -84.320695666795814, 42.276633846166206 ], [ -84.31996274256224, 42.276721075736027 ], [ -84.319469166296614, 42.276733155455069 ], [ -84.318810991225405, 42.276770203550946 ], [ -84.318152823502516, 42.276768230343976 ], [ -84.317362096855334, 42.276766235381039 ], [ -84.316800002972769, 42.276748232732871 ], [ -84.316394016739224, 42.276746200967949 ], [ -84.316061002220579, 42.276767159757 ], [ -84.315152348200712, 42.2769030579326 ], [ -84.314216409044292, 42.277084952066133 ], [ -84.313665245271224, 42.277169477467112 ], [ -84.313261331782712, 42.277204636160164 ], [ -84.311211689860883, 42.277167136850487 ], [ -84.310912867908797, 42.277167405740954 ] ] } },
{ "type": "Feature", "properties": { "road_id": "LEO-ROAD-320", "segment_id": "LEO-320-8978093800435638004325" }, "geometry": { "type": "LineString", "coordinates": [ [ -84.358653001496975, 42.277039785612018 ], [ -84.352831980083849, 42.277149056063372 ], [ -84.351938264851867, 42.277167321911278 ], [ -84.350416678241814, 42.277197911307425 ], [ -84.342689778067324, 42.277342586463696 ], [ -84.335786181456342, 42.277423039437465 ] ] } },
{ "type": "Feature", "properties": { "road_id": "LEO-ROAD-321", "segment_id": "LEO-321-33816133802158438021583" }, "geometry": { "type": "LineString", "coordinates": [ [ -84.258166839613452, 42.275509489458074 ], [ -84.255547489278172, 42.275513300882864 ] ] } },
{ "type": "Feature", "properties": { "road_id": "LEO-ROAD-322", "segment_id": "LEO-322-33816083802158438021576" }, "geometry": { "type": "LineString", "coordinates": [ [ -84.258166839613452, 42.275509489458074 ], [ -84.258160472799815, 42.27593536997712 ] ] } },
{ "type": "Feature", "properties": { "road_id": "LEO-ROAD-323", "segment_id": "LEO-323-8978093800435738004356" }, "geometry": { "type": "LineString", "coordinates": [ [ -84.358891801602695, 42.277031496425188 ], [ -84.358653001496975, 42.277039785612018 ] ] } },
{ "type": "Feature", "properties": { "road_id": "LEO-ROAD-324", "segment_id": "LEO-324-33816133802158538021584" }, "geometry": { "type": "LineString", "coordinates": [ [ -84.260076309767058, 42.275514442438208 ], [ -84.258166839613452, 42.275509489458074 ] ] } },
{ "type": "Feature", "properties": { "road_id": "LEO-ROAD-325", "segment_id": "LEO-325-9188033802158538021578" }, "geometry": { "type": "LineString", "coordinates": [ [ -84.260076309767058, 42.275514442438208 ], [ -84.260077469683097, 42.275792115495726 ] ] } },
{ "type": "Feature", "properties": { "road_id": "LEO-ROAD-326", "segment_id": "LEO-326-9183103801966238004347" }, "geometry": { "type": "LineString", "coordinates": [ [ -84.34612934045424, 42.276812599943895 ], [ -84.346009831073985, 42.276846552128113 ], [ -84.345839815751248, 42.276887688943305 ], [ -84.34561840574267, 42.276921314769695 ], [ -84.345435575382325, 42.276942261825788 ], [ -84.343793998693769, 42.27697464624022 ], [ -84.339388677752311, 42.276978484010947 ], [ -84.338565552394044, 42.276970858966934 ], [ -84.338010592502798, 42.276896233285996 ], [ -84.337609868214713, 42.276806800570121 ], [ -84.337252434716589, 42.276747536799405 ], [ -84.336709183883357, 42.276697481527073 ], [ -84.335755693963705, 42.276736940343142 ] ] } },
{ "type": "Feature", "properties": { "road_id": "LEO-ROAD-327", "segment_id": "LEO-327-8971073800435838004331" }, "geometry": { "type": "LineString", "coordinates": [ [ -84.355729140612951, 42.276939902890938 ], [ -84.35194086849053, 42.277030978174331 ], [ -84.350037263988369, 42.277088292607438 ], [ -84.342228031550263, 42.277210053600619 ], [ -84.335782674583086, 42.277290646125721 ] ] } },
{ "type": "Feature", "properties": { "road_id": "LEO-ROAD-328", "segment_id": "LEO-328-8978093800436038004357" }, "geometry": { "type": "LineString", "coordinates": [ [ -84.361017547920682, 42.27697467803381 ], [ -84.358891801602695, 42.277031496425188 ] ] } },
{ "type": "Feature", "properties": { "road_id": "LEO-ROAD-329", "segment_id": "LEO-329-8984073800436038004357" }, "geometry": { "type": "LineString", "coordinates": [ [ -84.361017547920682, 42.27697467803381 ], [ -84.361577641249426, 42.277236270799499 ], [ -84.361839574171952, 42.27747005816839 ], [ -84.361971097639881, 42.277683058449824 ], [ -84.362049223959303, 42.277877077499362 ], [ -84.362056444095487, 42.278157390016318 ], [ -84.361931311147231, 42.278439393917431 ], [ -84.361668536295767, 42.278737566963407 ], [ -84.361409352018242, 42.278901148004472 ], [ -84.361127131078689, 42.279009802633432 ], [ -84.360786904425495, 42.279088490288103 ], [ -84.360409238780235, 42.279101122910106 ], [ -84.36004360448328, 42.279030233757446 ], [ -84.359659932868581, 42.278900852612416 ], [ -84.359299843954659, 42.278622616490239 ], [ -84.359053782073516, 42.278295114646184 ], [ -84.358961418688651, 42.277900735666954 ], [ -84.358917942445842, 42.277510716605434 ], [ -84.358891801602695, 42.277031496425188 ] ] } },
{ "type": "Feature", "properties": { "road_id": "LEO-ROAD-330", "segment_id": "LEO-330-8990033800435638004359" }, "geometry": { "type": "LineString", "coordinates": [ [ -84.358653001496975, 42.277039785612018 ], [ -84.358720391449708, 42.277751620620108 ], [ -84.358820021668066, 42.278240721611922 ], [ -84.358959775424324, 42.27851207181272 ], [ -84.359226112978021, 42.27881439990756 ], [ -84.359519666230796, 42.27901523538106 ], [ -84.359863276334011, 42.279176777947598 ], [ -84.36007264599229, 42.279227170189699 ], [ -84.360277700335345, 42.279255663990824 ], [ -84.360527132244044, 42.279273895203552 ], [ -84.360777439847453, 42.279259386599996 ], [ -84.36105801132635, 42.279212570922759 ], [ -84.361334753118413, 42.279125670261308 ], [ -84.361597380707053, 42.279016725802343 ], [ -84.361816601297605, 42.278881669077961 ], [ -84.362401946032918, 42.278431763505608 ], [ -84.362840781444234, 42.278038951896832 ], [ -84.363329429394668, 42.277693074985343 ], [ -84.363605740766815, 42.27751912202406 ], [ -84.363966231610576, 42.277334538758261 ], [ -84.364507308927585, 42.277135234597239 ], [ -84.364922904814179, 42.277026034403832 ] ] } },
{ "type": "Feature", "properties": { "road_id": "LEO-ROAD-331", "segment_id": "LEO-331-9130033800435938004262" }, "geometry": { "type": "LineString", "coordinates": [ [ -84.364922904814179, 42.277026034403832 ], [ -84.364917495662098, 42.279367358755145 ] ] } },
{ "type": "Feature", "properties": { "road_id": "LEO-ROAD-332", "segment_id": "LEO-332-33816333802158638021582" }, "geometry": { "type": "LineString", "coordinates": [ [ -84.261780578669146, 42.275443322992544 ], [ -84.261234588892123, 42.275666040592618 ], [ -84.261213943432438, 42.275674461966794 ] ] } },
{ "type": "Feature", "properties": { "road_id": "LEO-ROAD-333", "segment_id": "LEO-333-33816243802158638021574" }, "geometry": { "type": "LineString", "coordinates": [ [ -84.261780578669146, 42.275443322992544 ], [ -84.261814133047324, 42.275574976067077 ], [ -84.261866602738209, 42.27578983475626 ], [ -84.26188177146895, 42.275890402956165 ], [ -84.261851267412638, 42.276013668717447 ], [ -84.26186719461883, 42.276087493440308 ], [ -84.261978843607096, 42.276279864148052 ] ] } },
{ "type": "Feature", "properties": { "road_id": "LEO-ROAD-334", "segment_id": "LEO-334-8971073800436538004358" }, "geometry": { "type": "LineString", "coordinates": [ [ -84.358655103977611, 42.276890840462102 ], [ -84.355729140612951, 42.276939902890938 ] ] } },
{ "type": "Feature", "properties": { "road_id": "LEO-ROAD-335", "segment_id": "LEO-335-8991093800436538004356" }, "geometry": { "type": "LineString", "coordinates": [ [ -84.358655103977611, 42.276890840462102 ], [ -84.358653001496975, 42.277039785612018 ] ] } },
{ "type": "Feature", "properties": { "road_id": "LEO-ROAD-336", "segment_id": "LEO-336-8971073800436738004365" }, "geometry": { "type": "LineString", "coordinates": [ [ -84.358888288545756, 42.276891310736794 ], [ -84.358655103977611, 42.276890840462102 ] ] } },
{ "type": "Feature", "properties": { "road_id": "LEO-ROAD-337", "segment_id": "LEO-337-8991103800436738004357" }, "geometry": { "type": "LineString", "coordinates": [ [ -84.358888288545756, 42.276891310736794 ], [ -84.358891801602695, 42.277031496425188 ] ] } },
{ "type": "Feature", "properties": { "road_id": "LEO-ROAD-338", "segment_id": "LEO-338-8978093800437338004360" }, "geometry": { "type": "LineString", "coordinates": [ [ -84.364921204490756, 42.276892520931042 ], [ -84.361017547920682, 42.27697467803381 ] ] } },
{ "type": "Feature", "properties": { "road_id": "LEO-ROAD-339", "segment_id": "LEO-339-9130033800437338004359" }, "geometry": { "type": "LineString", "coordinates": [ [ -84.364921204490756, 42.276892520931042 ], [ -84.364922904814179, 42.277026034403832 ] ] } },
{ "type": "Feature", "properties": { "road_id": "LEO-ROAD-340", "segment_id": "LEO-340-8971073800437638004367" }, "geometry": { "type": "LineString", "coordinates": [ [ -84.361990344418203, 42.276826699381573 ], [ -84.358888288545756, 42.276891310736794 ] ] } },
{ "type": "Feature", "properties": { "road_id": "LEO-ROAD-341", "segment_id": "LEO-341-8971073800438038004376" }, "geometry": { "type": "LineString", "coordinates": [ [ -84.364922931982022, 42.276759010073647 ], [ -84.361990344418203, 42.276826699381573 ] ] } },
{ "type": "Feature", "properties": { "road_id": "LEO-ROAD-342", "segment_id": "LEO-342-9130033800438038004373" }, "geometry": { "type": "LineString", "coordinates": [ [ -84.364922931982022, 42.276759010073647 ], [ -84.364921204490756, 42.276892520931042 ] ] } },
{ "type": "Feature", "properties": { "road_id": "LEO-ROAD-343", "segment_id": "LEO-343-33816073802158338021587" }, "geometry": { "type": "LineString", "coordinates": [ [ -84.255547489278172, 42.275513300882864 ], [ -84.255626161397757, 42.275324723873531 ], [ -84.255802479978456, 42.275091000105782 ] ] } },
{ "type": "Feature", "properties": { "road_id": "LEO-ROAD-344", "segment_id": "LEO-344-33816123802158838021587" }, "geometry": { "type": "LineString", "coordinates": [ [ -84.258173094261139, 42.27509116235354 ], [ -84.255802479978456, 42.275091000105782 ] ] } },
{ "type": "Feature", "properties": { "road_id": "LEO-ROAD-345", "segment_id": "LEO-345-33816083802158838021584" }, "geometry": { "type": "LineString", "coordinates": [ [ -84.258173094261139, 42.27509116235354 ], [ -84.258166839613452, 42.275509489458074 ] ] } },
{ "type": "Feature", "properties": { "road_id": "LEO-ROAD-346", "segment_id": "LEO-346-33816123802158938021588" }, "geometry": { "type": "LineString", "coordinates": [ [ -84.260075653107791, 42.275104533840093 ], [ -84.258173094261139, 42.27509116235354 ] ] } },
{ "type": "Feature", "properties": { "road_id": "LEO-ROAD-347", "segment_id": "LEO-347-9188033802158938021585" }, "geometry": { "type": "LineString", "coordinates": [ [ -84.260075653107791, 42.275104533840093 ], [ -84.260076309767058, 42.275514442438208 ] ] } },
{ "type": "Feature", "properties": { "road_id": "LEO-ROAD-348", "segment_id": "LEO-348-33816333802159038021586" }, "geometry": { "type": "LineString", "coordinates": [ [ -84.262360461889656, 42.275124397320376 ], [ -84.261780578669146, 42.275443322992544 ] ] } },
{ "type": "Feature", "properties": { "road_id": "LEO-ROAD-349", "segment_id": "LEO-349-33816253802159038021581" }, "geometry": { "type": "LineString", "coordinates": [ [ -84.262360461889656, 42.275124397320376 ], [ -84.26242827067216, 42.275196602019236 ], [ -84.262493050943206, 42.27529459863748 ], [ -84.262544421616184, 42.275389042373504 ], [ -84.262555657512323, 42.275469482483011 ], [ -84.262588929067334, 42.275566987963053 ], [ -84.262658966274941, 42.275638311102846 ], [ -84.2627776689705, 42.275740492615071 ] ] } },
{ "type": "Feature", "properties": { "road_id": "LEO-ROAD-350", "segment_id": "LEO-350-33817513800438738004361" }, "geometry": { "type": "LineString", "coordinates": [ [ -84.323325213686033, 42.275924342541799 ], [ -84.322833149407728, 42.276096011458563 ], [ -84.3220693742864, 42.276343975014044 ], [ -84.321307849724064, 42.276509409286248 ] ] } },
{ "type": "Feature", "properties": { "road_id": "LEO-ROAD-351", "segment_id": "LEO-351-33816073802158738021591" }, "geometry": { "type": "LineString", "coordinates": [ [ -84.255802479978456, 42.275091000105782 ], [ -84.256133630772482, 42.274691671054889 ] ] } },
{ "type": "Feature", "properties": { "road_id": "LEO-ROAD-352", "segment_id": "LEO-352-33816333802161538021590" }, "geometry": { "type": "LineString", "coordinates": [ [ -84.262817645686056, 42.274788351857154 ], [ -84.26268955065305, 42.274913548073634 ], [ -84.262360461889656, 42.275124397320376 ] ] } },
{ "type": "Feature", "properties": { "road_id": "LEO-ROAD-353", "segment_id": "LEO-353-33816103802161538021619" }, "geometry": { "type": "LineString", "coordinates": [ [ -84.262817645686056, 42.274788351857154 ], [ -84.263041642608144, 42.274781479141836 ], [ -84.263140012448886, 42.274791384944585 ], [ -84.263226227409291, 42.274832499427404 ], [ -84.263294888556004, 42.274896366272294 ], [ -84.263361775692388, 42.275023002596107 ], [ -84.263457114482591, 42.275240092146014 ] ] } },
{ "type": "Feature", "properties": { "road_id": "LEO-ROAD-354", "segment_id": "LEO-354-33816343802159238021591" }, "geometry": { "type": "LineString", "coordinates": [ [ -84.258179116203991, 42.274688326631953 ], [ -84.258178430847522, 42.274688327634962 ], [ -84.256133630772482, 42.274691671054889 ] ] } },
{ "type": "Feature", "properties": { "road_id": "LEO-ROAD-355", "segment_id": "LEO-355-33816083802159238021588" }, "geometry": { "type": "LineString", "coordinates": [ [ -84.258179116203991, 42.274688326631953 ], [ -84.258173094261139, 42.27509116235354 ] ] } },
{ "type": "Feature", "properties": { "road_id": "LEO-ROAD-356", "segment_id": "LEO-356-33816343802159338021592" }, "geometry": { "type": "LineString", "coordinates": [ [ -84.260074981381791, 42.274686027530436 ], [ -84.258179116203991, 42.274688326631953 ] ] } },
{ "type": "Feature", "properties": { "road_id": "LEO-ROAD-357", "segment_id": "LEO-357-9188033802159338021589" }, "geometry": { "type": "LineString", "coordinates": [ [ -84.260074981381791, 42.274686027530436 ], [ -84.260074984134576, 42.274686959023498 ], [ -84.260075653107791, 42.275104533840093 ] ] } },
{ "type": "Feature", "properties": { "road_id": "LEO-ROAD-358", "segment_id": "LEO-358-33816073802159138021594" }, "geometry": { "type": "LineString", "coordinates": [ [ -84.256133630772482, 42.274691671054889 ], [ -84.256208545765872, 42.274609863493779 ] ] } },
{ "type": "Feature", "properties": { "road_id": "LEO-ROAD-359", "segment_id": "LEO-359-33817513800439938004387" }, "geometry": { "type": "LineString", "coordinates": [ [ -84.32396330720411, 42.275630165034883 ], [ -84.323325213686033, 42.275924342541799 ] ] } },
{ "type": "Feature", "properties": { "road_id": "LEO-ROAD-360", "segment_id": "LEO-360-9185083800440538004317" }, "geometry": { "type": "LineString", "coordinates": [ [ -84.310921727064695, 42.275377172278397 ], [ -84.310919818016757, 42.277013224774947 ], [ -84.310912867908797, 42.277167405740954 ] ] } },
{ "type": "Feature", "properties": { "road_id": "LEO-ROAD-361", "segment_id": "LEO-361-33814913802040238020404" }, "geometry": { "type": "LineString", "coordinates": [ [ -84.298501323109775, 42.277336333944838 ], [ -84.298455234620221, 42.276588067573954 ], [ -84.298463329100443, 42.276467860525116 ], [ -84.298499907339874, 42.276351626860063 ], [ -84.298583729340478, 42.276250271823983 ], [ -84.298724028731073, 42.2761745532977 ], [ -84.299259543636964, 42.275938528495573 ], [ -84.299351912359185, 42.275872694539181 ], [ -84.299396547542685, 42.275809672125291 ], [ -84.29944167096653, 42.275728960667657 ], [ -84.299458899395816, 42.275623049258286 ], [ -84.299437920564884, 42.275172453844675 ] ] } },
{ "type": "Feature", "properties": { "road_id": "LEO-ROAD-362", "segment_id": "LEO-362-9019083800441138004361" }, "geometry": { "type": "LineString", "coordinates": [ [ -84.320832793679216, 42.275430538837504 ], [ -84.320950206227081, 42.275695061381178 ], [ -84.321071071308694, 42.275896233306945 ], [ -84.32120403987598, 42.276211212820975 ], [ -84.321307849724064, 42.276509409286248 ] ] } },
{ "type": "Feature", "properties": { "road_id": "LEO-ROAD-363", "segment_id": "LEO-363-9185103802550738004408" }, "geometry": { "type": "LineString", "coordinates": [ [ -84.318275161447474, 42.275405887553546 ], [ -84.318375958963912, 42.275411735151252 ], [ -84.319523242997846, 42.27540246491894 ] ] } },
{ "type": "Feature", "properties": { "road_id": "LEO-ROAD-364", "segment_id": "LEO-364-9185103800440838004411" }, "geometry": { "type": "LineString", "coordinates": [ [ -84.319523242997846, 42.27540246491894 ], [ -84.320832793679216, 42.275430538837504 ] ] } },
{ "type": "Feature", "properties": { "road_id": "LEO-ROAD-365", "segment_id": "LEO-365-33816323802159438021595" }, "geometry": { "type": "LineString", "coordinates": [ [ -84.256208545765872, 42.274609863493779 ], [ -84.256751524154538, 42.274265944760032 ] ] } },
{ "type": "Feature", "properties": { "road_id": "LEO-ROAD-366", "segment_id": "LEO-366-33816283802159638021595" }, "geometry": { "type": "LineString", "coordinates": [ [ -84.258185211632977, 42.274280667224659 ], [ -84.258184357677251, 42.274280668295958 ], [ -84.256751524154538, 42.274265944760032 ] ] } },
{ "type": "Feature", "properties": { "road_id": "LEO-ROAD-367", "segment_id": "LEO-367-33816083802159638021592" }, "geometry": { "type": "LineString", "coordinates": [ [ -84.258185211632977, 42.274280667224659 ], [ -84.258179116203991, 42.274688326631953 ] ] } },
{ "type": "Feature", "properties": { "road_id": "LEO-ROAD-368", "segment_id": "LEO-368-33816283802159738021596" }, "geometry": { "type": "LineString", "coordinates": [ [ -84.260074330234005, 42.274278325071442 ], [ -84.258185211632977, 42.274280667224659 ] ] } },
{ "type": "Feature", "properties": { "road_id": "LEO-ROAD-369", "segment_id": "LEO-369-9188033802159738021593" }, "geometry": { "type": "LineString", "coordinates": [ [ -84.260074330234005, 42.274278325071442 ], [ -84.260074981381791, 42.274686027530436 ] ] } },
{ "type": "Feature", "properties": { "road_id": "LEO-ROAD-370", "segment_id": "LEO-370-9186023800441738004405" }, "geometry": { "type": "LineString", "coordinates": [ [ -84.31754866466639, 42.275141370322842 ], [ -84.317246817044506, 42.275272784859901 ], [ -84.316988325920207, 42.275356462266203 ], [ -84.31675961176397, 42.275392266969817 ], [ -84.316464488053583, 42.275402907747257 ], [ -84.314901243645537, 42.275411333078928 ], [ -84.311106471982967, 42.275377207981919 ], [ -84.310921727064695, 42.275377172278397 ] ] } },
{ "type": "Feature", "properties": { "road_id": "LEO-ROAD-371", "segment_id": "LEO-371-9185103800441738025507" }, "geometry": { "type": "LineString", "coordinates": [ [ -84.31754866466639, 42.275141370322842 ], [ -84.317764004099942, 42.275274117005189 ], [ -84.317925147813597, 42.275341350473681 ], [ -84.318119540038751, 42.275396859998679 ], [ -84.318258708200872, 42.275404933788778 ], [ -84.318275161447474, 42.275405887553546 ] ] } },
{ "type": "Feature", "properties": { "road_id": "LEO-ROAD-372", "segment_id": "LEO-372-9188033802159938021597" }, "geometry": { "type": "LineString", "coordinates": [ [ -84.260074176006228, 42.274181841002282 ], [ -84.260074330234005, 42.274278325071442 ] ] } },
{ "type": "Feature", "properties": { "road_id": "LEO-ROAD-373", "segment_id": "LEO-373-33816113802159938021600" }, "geometry": { "type": "LineString", "coordinates": [ [ -84.260074176006228, 42.274181841002282 ], [ -84.260687162544926, 42.274183542140776 ] ] } },
{ "type": "Feature", "properties": { "road_id": "LEO-ROAD-374", "segment_id": "LEO-374-33816263802160038021580" }, "geometry": { "type": "LineString", "coordinates": [ [ -84.260687162544926, 42.274183542140776 ], [ -84.260689898295979, 42.275779229673553 ] ] } },
{ "type": "Feature", "properties": { "road_id": "LEO-ROAD-375", "segment_id": "LEO-375-33816353802160138021582" }, "geometry": { "type": "LineString", "coordinates": [ [ -84.261247286241286, 42.274188874588013 ], [ -84.261213943432438, 42.275674461966794 ] ] } },
{ "type": "Feature", "properties": { "road_id": "LEO-ROAD-376", "segment_id": "LEO-376-33816113802160138021586" }, "geometry": { "type": "LineString", "coordinates": [ [ -84.261247286241286, 42.274188874588013 ], [ -84.261328805054632, 42.274191982774674 ], [ -84.261454719649691, 42.274214815832877 ], [ -84.26157089573536, 42.274252097410034 ], [ -84.261652169445924, 42.274295283611934 ], [ -84.261743823013674, 42.274369775715812 ], [ -84.261798934557888, 42.274460589293902 ], [ -84.261785543878688, 42.274730241487873 ], [ -84.261780578669146, 42.275443322992544 ] ] } },
{ "type": "Feature", "properties": { "road_id": "LEO-ROAD-377", "segment_id": "LEO-377-33816113802160038021601" }, "geometry": { "type": "LineString", "coordinates": [ [ -84.260687162544926, 42.274183542140776 ], [ -84.261140391795166, 42.274184798519606 ], [ -84.261247286241286, 42.274188874588013 ] ] } },
{ "type": "Feature", "properties": { "road_id": "LEO-ROAD-378", "segment_id": "LEO-378-33816273802160238021598" }, "geometry": { "type": "LineString", "coordinates": [ [ -84.262989578787227, 42.274206296901887 ], [ -84.262306290994033, 42.274257193129849 ] ] } },
{ "type": "Feature", "properties": { "road_id": "LEO-ROAD-379", "segment_id": "LEO-379-33816333802160238021615" }, "geometry": { "type": "LineString", "coordinates": [ [ -84.262989578787227, 42.274206296901887 ], [ -84.262972035891593, 42.274445998814272 ], [ -84.262866781406743, 42.274740328136488 ], [ -84.262817645686056, 42.274788351857154 ] ] } },
{ "type": "Feature", "properties": { "road_id": "LEO-ROAD-380", "segment_id": "LEO-380-9130033800442038004380" }, "geometry": { "type": "LineString", "coordinates": [ [ -84.364908369326471, 42.275689205355512 ], [ -84.364922931982022, 42.276759010073647 ] ] } },
{ "type": "Feature", "properties": { "road_id": "LEO-ROAD-381", "segment_id": "LEO-381-33816323802159538021603" }, "geometry": { "type": "LineString", "coordinates": [ [ -84.256751524154538, 42.274265944760032 ], [ -84.257168236684365, 42.273982272279483 ] ] } },
{ "type": "Feature", "properties": { "road_id": "LEO-ROAD-382", "segment_id": "LEO-382-33816293802160438021603" }, "geometry": { "type": "LineString", "coordinates": [ [ -84.258189572499376, 42.27398896430973 ], [ -84.257168236684365, 42.273982272279483 ] ] } },
{ "type": "Feature", "properties": { "road_id": "LEO-ROAD-383", "segment_id": "LEO-383-33816083802160438021596" }, "geometry": { "type": "LineString", "coordinates": [ [ -84.258189572499376, 42.27398896430973 ], [ -84.258185211632977, 42.274280667224659 ] ] } },
{ "type": "Feature", "properties": { "road_id": "LEO-ROAD-384", "segment_id": "LEO-384-33816293800444338021604" }, "geometry": { "type": "LineString", "coordinates": [ [ -84.260073587257992, 42.273982660918314 ], [ -84.258189572499376, 42.27398896430973 ] ] } },
{ "type": "Feature", "properties": { "road_id": "LEO-ROAD-385", "segment_id": "LEO-385-9188033800444338021599" }, "geometry": { "type": "LineString", "coordinates": [ [ -84.260073587257992, 42.273982660918314 ], [ -84.260074176006228, 42.274181841002282 ] ] } },
{ "type": "Feature", "properties": { "road_id": "LEO-ROAD-386", "segment_id": "LEO-386-9183103801966138019662" }, "geometry": { "type": "LineString", "coordinates": [ [ -84.348107791139753, 42.275274637883562 ], [ -84.348013891112132, 42.275360168346204 ], [ -84.347954785937304, 42.275410169475336 ], [ -84.347291490553289, 42.275973093384664 ], [ -84.346810884995151, 42.276389731143766 ], [ -84.346491457514702, 42.276631048771442 ], [ -84.346307701076924, 42.276733124180872 ], [ -84.34616779768163, 42.276801674300323 ], [ -84.34612934045424, 42.276812599943895 ] ] } },
{ "type": "Feature", "properties": { "road_id": "LEO-ROAD-387", "segment_id": "LEO-387-33816323802160338021620" }, "geometry": { "type": "LineString", "coordinates": [ [ -84.257168236684365, 42.273982272279483 ], [ -84.257569910968542, 42.273718245355923 ] ] } },
{ "type": "Feature", "properties": { "road_id": "LEO-ROAD-388", "segment_id": "LEO-388-33816313802155038021620" }, "geometry": { "type": "LineString", "coordinates": [ [ -84.260088691878067, 42.273721404168015 ], [ -84.258244834007556, 42.273713433665442 ], [ -84.257569910968542, 42.273718245355923 ] ] } },
{ "type": "Feature", "properties": { "road_id": "LEO-ROAD-389", "segment_id": "LEO-389-9188033802155038004443" }, "geometry": { "type": "LineString", "coordinates": [ [ -84.260088691878067, 42.273721404168015 ], [ -84.260073587257992, 42.273982660918314 ] ] } },
{ "type": "Feature", "properties": { "road_id": "LEO-ROAD-390", "segment_id": "LEO-390-9019093800445238004399" }, "geometry": { "type": "LineString", "coordinates": [ [ -84.334428861098061, 42.274811998108248 ], [ -84.334119738640084, 42.275000686688117 ], [ -84.334052494484524, 42.275071037071484 ], [ -84.334034649776939, 42.275162107304517 ], [ -84.334070049470284, 42.275273954031306 ], [ -84.334111584801946, 42.275442978409188 ], [ -84.334259665725867, 42.275972181360565 ], [ -84.334389967070166, 42.276406875795359 ], [ -84.33441444757932, 42.27668849241919 ], [ -84.334389706591509, 42.27677063703625 ], [ -84.334339804509881, 42.276854123111285 ], [ -84.334274257886975, 42.276928950802805 ], [ -84.334191026433032, 42.276986668831292 ], [ -84.334108526948825, 42.277017442944718 ], [ -84.333971879605173, 42.277037298923162 ], [ -84.333826389903862, 42.277048598997524 ], [ -84.324467798448524, 42.277126088975976 ], [ -84.324277819261198, 42.277121759620904 ], [ -84.3241595787417, 42.277100863528482 ], [ -84.324079185814426, 42.277071713440698 ], [ -84.324040401126553, 42.277041719323613 ], [ -84.3240062960611, 42.276985325376664 ], [ -84.323982930984172, 42.276898211549195 ], [ -84.32397786126225, 42.276793726217292 ], [ -84.32404476612426, 42.275919045045313 ], [ -84.32403368342716, 42.27577731628471 ], [ -84.32396330720411, 42.275630165034883 ] ] } },
{ "type": "Feature", "properties": { "road_id": "LEO-ROAD-391", "segment_id": "LEO-391-8977013800445238004347" }, "geometry": { "type": "LineString", "coordinates": [ [ -84.334428861098061, 42.274811998108248 ], [ -84.335205215148449, 42.27579043146693 ], [ -84.335561658526444, 42.276252445174784 ], [ -84.33567088363246, 42.276476711887192 ], [ -84.335755693963705, 42.276736940343142 ] ] } },
{ "type": "Feature", "properties": { "road_id": "LEO-ROAD-392", "segment_id": "LEO-392-9185083800445838004405" }, "geometry": { "type": "LineString", "coordinates": [ [ -84.3109297233121, 42.274426348767093 ], [ -84.310921727064695, 42.275377172278397 ] ] } },
{ "type": "Feature", "properties": { "road_id": "LEO-ROAD-393", "segment_id": "LEO-393-9186013800445738004458" }, "geometry": { "type": "LineString", "coordinates": [ [ -84.312413230333092, 42.274435456321122 ], [ -84.3109297233121, 42.274426348767093 ] ] } },
{ "type": "Feature", "properties": { "road_id": "LEO-ROAD-394", "segment_id": "LEO-394-9186013800445638004457" }, "geometry": { "type": "LineString", "coordinates": [ [ -84.317399465332258, 42.274448027051569 ], [ -84.312413230333092, 42.274435456321122 ] ] } },
{ "type": "Feature", "properties": { "road_id": "LEO-ROAD-395", "segment_id": "LEO-395-9185103800445638004417" }, "geometry": { "type": "LineString", "coordinates": [ [ -84.317399465332258, 42.274448027051569 ], [ -84.317395831202049, 42.274549220455825 ], [ -84.317427716636629, 42.27480932539283 ], [ -84.317471289309466, 42.274961590779327 ], [ -84.31754866466639, 42.275141370322842 ] ] } },
{ "type": "Feature", "properties": { "road_id": "LEO-ROAD-396", "segment_id": "LEO-396-33816073802159438021621" }, "geometry": { "type": "LineString", "coordinates": [ [ -84.256208545765872, 42.274609863493779 ], [ -84.256140155065651, 42.274561697865039 ], [ -84.256025985846179, 42.274339805843681 ], [ -84.255495418245616, 42.273698167977798 ], [ -84.255267265362633, 42.27345035125888 ], [ -84.255256939143806, 42.273446902556557 ] ] } },
{ "type": "Feature", "properties": { "road_id": "LEO-ROAD-397", "segment_id": "LEO-397-9186093800446538004308" }, "geometry": { "type": "LineString", "coordinates": [ [ -84.304228132297865, 42.274122946940828 ], [ -84.303894327039259, 42.276015065645041 ], [ -84.303690601357644, 42.277209224518778 ] ] } },
{ "type": "Feature", "properties": { "road_id": "LEO-ROAD-398", "segment_id": "LEO-398-8991103800446238004367" }, "geometry": { "type": "LineString", "coordinates": [ [ -84.358630127490684, 42.274866487000992 ], [ -84.358888288545756, 42.276891310736794 ] ] } },
{ "type": "Feature", "properties": { "road_id": "LEO-ROAD-399", "segment_id": "LEO-399-8976053800437638004462" }, "geometry": { "type": "LineString", "coordinates": [ [ -84.361990344418203, 42.276826699381573 ], [ -84.361201530563235, 42.276637850531564 ], [ -84.360721877238063, 42.276501578926961 ], [ -84.360316653781993, 42.276329075362604 ], [ -84.35991258282364, 42.276113518253347 ], [ -84.359551947231566, 42.275864144256985 ], [ -84.359246648855546, 42.275569644927344 ], [ -84.358630127490684, 42.274866487000992 ] ] } },
{ "type": "Feature", "properties": { "road_id": "LEO-ROAD-400", "segment_id": "LEO-400-33808043800441138004473" }, "geometry": { "type": "LineString", "coordinates": [ [ -84.320832793679216, 42.275430538837504 ], [ -84.320936474860744, 42.275388231685575 ], [ -84.321006406165409, 42.275347308255483 ], [ -84.32114911070812, 42.275161470608928 ], [ -84.321260639515387, 42.275037216890574 ], [ -84.321365461367293, 42.274978567869034 ], [ -84.321474747243641, 42.274936411379237 ], [ -84.321577111082036, 42.274877725123254 ], [ -84.321657365644455, 42.274818704697658 ], [ -84.321743630719425, 42.274719622143849 ], [ -84.321794805317765, 42.274645563107136 ], [ -84.321885287991847, 42.2745356685408 ], [ -84.322052954244811, 42.274265860508777 ] ] } },
{ "type": "Feature", "properties": { "road_id": "LEO-ROAD-401", "segment_id": "LEO-401-9188033802161138021550" }, "geometry": { "type": "LineString", "coordinates": [ [ -84.260095670144821, 42.273305682685105 ], [ -84.260088691878067, 42.273721404168015 ] ] } },
{ "type": "Feature", "properties": { "road_id": "LEO-ROAD-402", "segment_id": "LEO-402-33816323802162038021622" }, "geometry": { "type": "LineString", "coordinates": [ [ -84.257569910968542, 42.273718245355923 ], [ -84.257902220414437, 42.27352290280087 ], [ -84.258329873790316, 42.273267259628547 ] ] } },
{ "type": "Feature", "properties": { "road_id": "LEO-ROAD-403", "segment_id": "LEO-403-33816483802161138021622" }, "geometry": { "type": "LineString", "coordinates": [ [ -84.260095670144821, 42.273305682685105 ], [ -84.258329873790316, 42.273267259628547 ] ] } },
{ "type": "Feature", "properties": { "road_id": "LEO-ROAD-404", "segment_id": "LEO-404-9209013800447438004408" }, "geometry": { "type": "LineString", "coordinates": [ [ -84.319230506632337, 42.274168624126141 ], [ -84.319466103663203, 42.27447383780234 ], [ -84.319509902270568, 42.274586401694343 ], [ -84.319530287113338, 42.274820463847675 ], [ -84.319523242997846, 42.27540246491894 ] ] } },
{ "type": "Feature", "properties": { "road_id": "LEO-ROAD-405", "segment_id": "LEO-405-9183103802041038019661" }, "geometry": { "type": "LineString", "coordinates": [ [ -84.350465166623238, 42.274556837152112 ], [ -84.349839140041098, 42.274645880367309 ], [ -84.34928202815648, 42.274702460196707 ], [ -84.348858839936028, 42.274796390247822 ], [ -84.348565688480122, 42.274924667816059 ], [ -84.348343544155227, 42.275068734430818 ], [ -84.348107791139753, 42.275274637883562 ] ] } },
{ "type": "Feature", "properties": { "road_id": "LEO-ROAD-406", "segment_id": "LEO-406-33814943802041038020412" }, "geometry": { "type": "LineString", "coordinates": [ [ -84.350465166623238, 42.274556837152112 ], [ -84.350540716114708, 42.274729606360196 ], [ -84.350547232205685, 42.274810324728882 ], [ -84.350540639867447, 42.274894072830776 ], [ -84.350518610961274, 42.275229130442263 ], [ -84.350521392676853, 42.275287219363506 ], [ -84.35054656929681, 42.275319841146604 ], [ -84.350589542787375, 42.275336602263963 ], [ -84.350658820021664, 42.275344078483698 ], [ -84.35089867915319, 42.275305708797625 ], [ -84.350985405577191, 42.275310218448361 ], [ -84.351053903607877, 42.275346706733181 ], [ -84.351100177782996, 42.275402214111303 ], [ -84.351130747400362, 42.275557459870313 ], [ -84.351135470029888, 42.276028357469627 ], [ -84.351119850622212, 42.276124871351279 ], [ -84.351087041448707, 42.276214681762987 ], [ -84.351033135901389, 42.276281604663851 ], [ -84.350949103710434, 42.276338407539626 ], [ -84.350511414528469, 42.276542270957158 ] ] } },
{ "type": "Feature", "properties": { "road_id": "LEO-ROAD-407", "segment_id": "LEO-407-33808043800447338004491" }, "geometry": { "type": "LineString", "coordinates": [ [ -84.322052954244811, 42.274265860508777 ], [ -84.322149830963554, 42.274204175170198 ], [ -84.322223863843092, 42.274166881818083 ], [ -84.322300504465588, 42.274145442300131 ], [ -84.322437716803762, 42.274133952960781 ], [ -84.322547376822769, 42.274128827048081 ], [ -84.322735793032251, 42.274136183307881 ], [ -84.322891807474122, 42.27410464264382 ], [ -84.322998795345782, 42.274085919792952 ], [ -84.323198245920565, 42.274064826369738 ] ] } },
{ "type": "Feature", "properties": { "road_id": "LEO-ROAD-408", "segment_id": "LEO-408-8976083801747438004358" }, "geometry": { "type": "LineString", "coordinates": [ [ -84.358384237467277, 42.274582627761433 ], [ -84.358241556767439, 42.274895213447309 ], [ -84.35813988785219, 42.275333476517361 ], [ -84.357911735648486, 42.275736473632882 ], [ -84.357617336482548, 42.276093959928033 ], [ -84.357219823061499, 42.276383123893332 ], [ -84.356752539653755, 42.276617481417425 ], [ -84.356326385448028, 42.276776846527177 ], [ -84.355729140612951, 42.276939902890938 ] ] } },
{ "type": "Feature", "properties": { "road_id": "LEO-ROAD-409", "segment_id": "LEO-409-8991093801747438004365" }, "geometry": { "type": "LineString", "coordinates": [ [ -84.358384237467277, 42.274582627761433 ], [ -84.358655103977611, 42.276890840462102 ] ] } },
{ "type": "Feature", "properties": { "road_id": "LEO-ROAD-410", "segment_id": "LEO-410-33801353800447438004492" }, "geometry": { "type": "LineString", "coordinates": [ [ -84.319230506632337, 42.274168624126141 ], [ -84.319541869823965, 42.274029853328408 ], [ -84.319710716215269, 42.273977691982026 ], [ -84.31986515599236, 42.273962614668044 ], [ -84.320092957544119, 42.273958590467856 ], [ -84.320467890656602, 42.273961758975453 ], [ -84.320845288157543, 42.273962276299038 ] ] } },
{ "type": "Feature", "properties": { "road_id": "LEO-ROAD-411", "segment_id": "LEO-411-9019083800449238004411" }, "geometry": { "type": "LineString", "coordinates": [ [ -84.320845288157543, 42.273962276299038 ], [ -84.320811808338618, 42.274464658936957 ], [ -84.320832793679216, 42.275430538837504 ] ] } },
{ "type": "Feature", "properties": { "road_id": "LEO-ROAD-412", "segment_id": "LEO-412-33801353800449238004473" }, "geometry": { "type": "LineString", "coordinates": [ [ -84.320845288157543, 42.273962276299038 ], [ -84.321189040068077, 42.273961502406465 ], [ -84.321438335662535, 42.273967519263515 ], [ -84.321502319416467, 42.273963965144823 ], [ -84.321572199635142, 42.2739672775405 ], [ -84.321644812115039, 42.273981928112462 ], [ -84.321716931021896, 42.274014645028025 ], [ -84.322052954244811, 42.274265860508777 ] ] } },
{ "type": "Feature", "properties": { "road_id": "LEO-ROAD-413", "segment_id": "LEO-413-33816323802162238025525" }, "geometry": { "type": "LineString", "coordinates": [ [ -84.258329873790316, 42.273267259628547 ], [ -84.258993607227396, 42.272887216698159 ] ] } },
{ "type": "Feature", "properties": { "road_id": "LEO-ROAD-414", "segment_id": "LEO-414-33816323802552538021609" }, "geometry": { "type": "LineString", "coordinates": [ [ -84.258993607227396, 42.272887216698159 ], [ -84.258994745213812, 42.272886565158721 ], [ -84.259011683642342, 42.272886829682385 ], [ -84.259179102416354, 42.272887266801234 ] ] } },
{ "type": "Feature", "properties": { "road_id": "LEO-ROAD-415", "segment_id": "LEO-415-33816323802160938021612" }, "geometry": { "type": "LineString", "coordinates": [ [ -84.259179102416354, 42.272887266801234 ], [ -84.259196151383009, 42.27288731142135 ], [ -84.259739192034232, 42.272888729119281 ] ] } },
{ "type": "Feature", "properties": { "road_id": "LEO-ROAD-416", "segment_id": "LEO-416-33816323802161238021551" }, "geometry": { "type": "LineString", "coordinates": [ [ -84.259739192034232, 42.272888729119281 ], [ -84.259753056068618, 42.272888765376472 ], [ -84.260102692786845, 42.272887317951401 ] ] } },
{ "type": "Feature", "properties": { "road_id": "LEO-ROAD-417", "segment_id": "LEO-417-9188033802155138021611" }, "geometry": { "type": "LineString", "coordinates": [ [ -84.260102692786845, 42.272887317951401 ], [ -84.260095670144821, 42.273305682685105 ] ] } },
{ "type": "Feature", "properties": { "road_id": "LEO-ROAD-418", "segment_id": "LEO-418-9183103800451238020410" }, "geometry": { "type": "LineString", "coordinates": [ [ -84.351911977851714, 42.274063050184431 ], [ -84.351846242730829, 42.274201863379069 ], [ -84.351792153227365, 42.274261862133258 ], [ -84.351734076500307, 42.274314007180692 ], [ -84.351604088791035, 42.27440223009885 ], [ -84.351209061807921, 42.274468714946849 ], [ -84.350552226972596, 42.274544453942724 ], [ -84.350465166623238, 42.274556837152112 ] ] } },
{ "type": "Feature", "properties": { "road_id": "LEO-ROAD-419", "segment_id": "LEO-419-8976093800451238004371" }, "geometry": { "type": "LineString", "coordinates": [ [ -84.351911977851714, 42.274063050184431 ], [ -84.351921851828749, 42.274423187556607 ], [ -84.351936643040986, 42.276700203360186 ], [ -84.351939984036932, 42.276961761886049 ] ] } },
{ "type": "Feature", "properties": { "road_id": "LEO-ROAD-420", "segment_id": "LEO-420-9209033800451338004457" }, "geometry": { "type": "LineString", "coordinates": [ [ -84.313447583998297, 42.273485682464361 ], [ -84.312943367546538, 42.273504274655757 ], [ -84.312797234713059, 42.27352543365528 ], [ -84.312668074099975, 42.273573143343064 ], [ -84.312550068531465, 42.273644394320918 ], [ -84.312472950958607, 42.273730872197 ], [ -84.312416737355306, 42.273843961402754 ], [ -84.312408393395458, 42.274004520725498 ], [ -84.31240486375961, 42.274204593183981 ], [ -84.312413230333092, 42.274435456321122 ] ] } },
{ "type": "Feature", "properties": { "road_id": "LEO-ROAD-421", "segment_id": "LEO-421-9209033800451438004513" }, "geometry": { "type": "LineString", "coordinates": [ [ -84.317149053525014, 42.273502566952573 ], [ -84.313447583998297, 42.273485682464361 ] ] } },
{ "type": "Feature", "properties": { "road_id": "LEO-ROAD-422", "segment_id": "LEO-422-9185103800451438004456" }, "geometry": { "type": "LineString", "coordinates": [ [ -84.317149053525014, 42.273502566952573 ], [ -84.317258524758145, 42.2736345420101 ], [ -84.317329935256325, 42.273772469213796 ], [ -84.317369223007148, 42.273887797999649 ], [ -84.317396880479436, 42.274020380835722 ], [ -84.317403728606294, 42.274340160042861 ], [ -84.317399465332258, 42.274448027051569 ] ] } },
{ "type": "Feature", "properties": { "road_id": "LEO-ROAD-423", "segment_id": "LEO-423-33810403800452438004504" }, "geometry": { "type": "LineString", "coordinates": [ [ -84.310868755070757, 42.273351930262315 ], [ -84.310344135311311, 42.273544977041787 ] ] } },
{ "type": "Feature", "properties": { "road_id": "LEO-ROAD-424", "segment_id": "LEO-424-9185083800452438004458" }, "geometry": { "type": "LineString", "coordinates": [ [ -84.310868755070757, 42.273351930262315 ], [ -84.3109297233121, 42.274426348767093 ] ] } },
{ "type": "Feature", "properties": { "road_id": "LEO-ROAD-425", "segment_id": "LEO-425-33816373802162138021623" }, "geometry": { "type": "LineString", "coordinates": [ [ -84.255256939143806, 42.273446902556557 ], [ -84.255308635919889, 42.273286634433433 ], [ -84.255530852139515, 42.273011448253293 ], [ -84.255651828227627, 42.272840835230063 ], [ -84.25574658136405, 42.272649907228931 ], [ -84.255790079656535, 42.272499289966269 ] ] } },
{ "type": "Feature", "properties": { "road_id": "LEO-ROAD-426", "segment_id": "LEO-426-8977073800453538004167" }, "geometry": { "type": "LineString", "coordinates": [ [ -84.284780927848885, 42.272831969386203 ], [ -84.284765586468467, 42.274059217965252 ], [ -84.284815636808034, 42.276952151060172 ], [ -84.284829707787907, 42.277934928507754 ], [ -84.284875238310363, 42.278994642191961 ], [ -84.284878193874832, 42.279063430751322 ], [ -84.284897293134549, 42.279507943175005 ], [ -84.284888611195043, 42.280239210832207 ] ] } },
{ "type": "Feature", "properties": { "road_id": "LEO-ROAD-427", "segment_id": "LEO-427-9159083800454238004535" }, "geometry": { "type": "LineString", "coordinates": [ [ -84.289702449790795, 42.272846878012665 ], [ -84.285485760297107, 42.272872421312734 ], [ -84.285035269042183, 42.272854567756575 ], [ -84.284780927848885, 42.272831969386203 ] ] } },
{ "type": "Feature", "properties": { "road_id": "LEO-ROAD-428", "segment_id": "LEO-428-9187083800454238021771" }, "geometry": { "type": "LineString", "coordinates": [ [ -84.289702449790795, 42.272846878012665 ], [ -84.28973758884834, 42.275441208248182 ], [ -84.28973864669247, 42.275519356720963 ], [ -84.289751308771059, 42.276454112876728 ], [ -84.289792967105285, 42.276688170606505 ], [ -84.28989486657315, 42.276952152750333 ], [ -84.290033793281168, 42.277101156301789 ], [ -84.290127342110992, 42.277174381345588 ] ] } },
{ "type": "Feature", "properties": { "road_id": "LEO-ROAD-429", "segment_id": "LEO-429-33816073802162138021614" }, "geometry": { "type": "LineString", "coordinates": [ [ -84.255256939143806, 42.273446902556557 ], [ -84.255128993538165, 42.273404165890078 ], [ -84.255045142584976, 42.273394333566912 ], [ -84.254953082316277, 42.273404252963282 ], [ -84.254858789014321, 42.273425497617822 ], [ -84.254744777761857, 42.273467734409309 ], [ -84.254652354776326, 42.273490427871785 ], [ -84.254558140615046, 42.273508833224717 ], [ -84.254473886707061, 42.273513194758905 ], [ -84.254347907569965, 42.273505541750758 ], [ -84.254211266185507, 42.273469321384411 ], [ -84.254096012001824, 42.273420655781358 ], [ -84.253893728203579, 42.273339385635616 ], [ -84.253681445372621, 42.273273578792562 ], [ -84.253265351041122, 42.273180438390085 ], [ -84.253107889528323, 42.273136790207246 ], [ -84.253008450586307, 42.273069910695888 ], [ -84.252965202865767, 42.272976930112193 ], [ -84.252959921600038, 42.272489773622759 ], [ -84.253042570478783, 42.272407285726025 ], [ -84.253158491652016, 42.272365081455533 ], [ -84.253289612515204, 42.272365258449398 ], [ -84.253503922611557, 42.27236861578897 ], [ -84.253749449896873, 42.272360138407485 ], [ -84.253858911703034, 42.272343392242256 ], [ -84.253944334039787, 42.272297868318475 ], [ -84.254003482488997, 42.272234892888392 ], [ -84.254019358493238, 42.27214709949461 ] ] } },
{ "type": "Feature", "properties": { "road_id": "LEO-ROAD-430", "segment_id": "LEO-430-33816383802162338021614" }, "geometry": { "type": "LineString", "coordinates": [ [ -84.255790079656535, 42.272499289966269 ], [ -84.255710108101312, 42.272420421141184 ], [ -84.255648914820142, 42.272394590180916 ], [ -84.255579816143609, 42.272375415091091 ], [ -84.255338528837996, 42.272378274037813 ], [ -84.254940522559025, 42.272402002790926 ], [ -84.254614099654262, 42.27240674445509 ], [ -84.25439967433428, 42.272399408450049 ], [ -84.254305119355593, 42.272382958970837 ], [ -84.254213396454034, 42.272360661471119 ], [ -84.254163926344759, 42.27232557354435 ], [ -84.254096294961656, 42.272273617029626 ], [ -84.254019358493238, 42.27214709949461 ] ] } },
{ "type": "Feature", "properties": { "road_id": "LEO-ROAD-431", "segment_id": "LEO-431-9188033802155238021551" }, "geometry": { "type": "LineString", "coordinates": [ [ -84.260099760725453, 42.272065971611177 ], [ -84.260111577690907, 42.272357996417142 ], [ -84.260102692786845, 42.272887317951401 ] ] } },
{ "type": "Feature", "properties": { "road_id": "LEO-ROAD-432", "segment_id": "LEO-432-33816333802155238021602" }, "geometry": { "type": "LineString", "coordinates": [ [ -84.260099760725453, 42.272065971611177 ], [ -84.260460363142229, 42.272076463556616 ], [ -84.260473236169631, 42.272076838288775 ], [ -84.260906886971568, 42.272073169996894 ], [ -84.2609695019475, 42.272125647711711 ], [ -84.260965709424738, 42.272158274887971 ], [ -84.260946427112557, 42.272324135269884 ], [ -84.260925674025685, 42.272440526564459 ], [ -84.260918732716135, 42.272583069796227 ], [ -84.260967345068977, 42.273333829304313 ], [ -84.261073816954124, 42.273376556846429 ], [ -84.261156106487817, 42.2733903330193 ], [ -84.261653159646826, 42.273473538666678 ], [ -84.261932397050771, 42.273501890517139 ], [ -84.262308983863676, 42.273515760591231 ], [ -84.262532812715762, 42.273599240542829 ], [ -84.262776366155151, 42.273747021804517 ], [ -84.262910676651302, 42.273949093578693 ], [ -84.262989578787227, 42.274206296901887 ] ] } },
{ "type": "Feature", "properties": { "road_id": "LEO-ROAD-433", "segment_id": "LEO-433-9209023800459738004596" }, "geometry": { "type": "LineString", "coordinates": [ [ -84.317132959910822, 42.272564973368745 ], [ -84.315473015021695, 42.272548536698942 ] ] } },
{ "type": "Feature", "properties": { "road_id": "LEO-ROAD-434", "segment_id": "LEO-434-9185103800459738004514" }, "geometry": { "type": "LineString", "coordinates": [ [ -84.317132959910822, 42.272564973368745 ], [ -84.317149053525014, 42.273502566952573 ] ] } },
{ "type": "Feature", "properties": { "road_id": "LEO-ROAD-435", "segment_id": "LEO-435-9208103800459438004513" }, "geometry": { "type": "LineString", "coordinates": [ [ -84.313718633704283, 42.272500212405262 ], [ -84.313635462394899, 42.272646147480536 ], [ -84.313467969449036, 42.272970556240992 ], [ -84.313452406827892, 42.273075168663382 ], [ -84.313447583998297, 42.273485682464361 ] ] } },
{ "type": "Feature", "properties": { "road_id": "LEO-ROAD-436", "segment_id": "LEO-436-9209023800459638004594" }, "geometry": { "type": "LineString", "coordinates": [ [ -84.315473015021695, 42.272548536698942 ], [ -84.314537468191645, 42.272539196434408 ], [ -84.314204480809664, 42.272538198072944 ], [ -84.314057616994802, 42.272532170118666 ], [ -84.313903827233759, 42.272517223598889 ], [ -84.313718633704283, 42.272500212405262 ] ] } },
{ "type": "Feature", "properties": { "road_id": "LEO-ROAD-437", "segment_id": "LEO-437-9188033802161038021552" }, "geometry": { "type": "LineString", "coordinates": [ [ -84.260109528639759, 42.271331701407242 ], [ -84.260099760725453, 42.272065971611177 ] ] } },
{ "type": "Feature", "properties": { "road_id": "LEO-ROAD-438", "segment_id": "LEO-438-33816463802162438021612" }, "geometry": { "type": "LineString", "coordinates": [ [ -84.259801522343366, 42.271324199421507 ], [ -84.259739192034232, 42.272888729119281 ] ] } },
{ "type": "Feature", "properties": { "road_id": "LEO-ROAD-439", "segment_id": "LEO-439-33816303802161038021624" }, "geometry": { "type": "LineString", "coordinates": [ [ -84.260109528639759, 42.271331701407242 ], [ -84.259801522343366, 42.271324199421507 ] ] } },
{ "type": "Feature", "properties": { "road_id": "LEO-ROAD-440", "segment_id": "LEO-440-33816073802161438021625" }, "geometry": { "type": "LineString", "coordinates": [ [ -84.254019358493238, 42.27214709949461 ], [ -84.253962474116577, 42.271995683677829 ], [ -84.253838277561655, 42.27179067303851 ], [ -84.253795432514579, 42.271683499370234 ], [ -84.253751643042506, 42.271542229113479 ], [ -84.253750665724169, 42.271374648825287 ], [ -84.253786858111937, 42.271223975449011 ] ] } },
{ "type": "Feature", "properties": { "road_id": "LEO-ROAD-441", "segment_id": "LEO-441-33816303802161738021626" }, "geometry": { "type": "LineString", "coordinates": [ [ -84.259232500312919, 42.271308336788081 ], [ -84.258673928009614, 42.271300171739014 ] ] } },
{ "type": "Feature", "properties": { "road_id": "LEO-ROAD-442", "segment_id": "LEO-442-33816363802161738021609" }, "geometry": { "type": "LineString", "coordinates": [ [ -84.259232500312919, 42.271308336788081 ], [ -84.259179102416354, 42.272887266801234 ] ] } },
{ "type": "Feature", "properties": { "road_id": "LEO-ROAD-443", "segment_id": "LEO-443-33816303802162438021617" }, "geometry": { "type": "LineString", "coordinates": [ [ -84.259801522343366, 42.271324199421507 ], [ -84.259232500312919, 42.271308336788081 ] ] } },
{ "type": "Feature", "properties": { "road_id": "LEO-ROAD-444", "segment_id": "LEO-444-33816303802162638021627" }, "geometry": { "type": "LineString", "coordinates": [ [ -84.258673928009614, 42.271300171739014 ], [ -84.258114077406233, 42.271288237471097 ] ] } },
{ "type": "Feature", "properties": { "road_id": "LEO-ROAD-445", "segment_id": "LEO-445-33816303802162738021628" }, "geometry": { "type": "LineString", "coordinates": [ [ -84.258114077406233, 42.271288237471097 ], [ -84.257565014116722, 42.271276531227372 ] ] } },
{ "type": "Feature", "properties": { "road_id": "LEO-ROAD-446", "segment_id": "LEO-446-33816303802162838021629" }, "geometry": { "type": "LineString", "coordinates": [ [ -84.257565014116722, 42.271276531227372 ], [ -84.257010576262317, 42.271264707695543 ] ] } },
{ "type": "Feature", "properties": { "road_id": "LEO-ROAD-447", "segment_id": "LEO-447-33816303802163038021625" }, "geometry": { "type": "LineString", "coordinates": [ [ -84.256406675970254, 42.271251825949761 ], [ -84.253786858111937, 42.271223975449011 ] ] } },
{ "type": "Feature", "properties": { "road_id": "LEO-ROAD-448", "segment_id": "LEO-448-33816373802162338021630" }, "geometry": { "type": "LineString", "coordinates": [ [ -84.255790079656535, 42.272499289966269 ], [ -84.255825761799386, 42.272366884865178 ], [ -84.255895028725703, 42.272164803987849 ], [ -84.256017489228185, 42.27191767805283 ], [ -84.256078076054308, 42.271736233370376 ], [ -84.256132962750016, 42.271544620179206 ], [ -84.256167765245735, 42.271421034684266 ], [ -84.25619246345174, 42.271388877857625 ], [ -84.256222142392232, 42.27135772768068 ], [ -84.256284817892691, 42.271311453498257 ], [ -84.256406675970254, 42.271251825949761 ] ] } },
{ "type": "Feature", "properties": { "road_id": "LEO-ROAD-449", "segment_id": "LEO-449-33816303802162938021630" }, "geometry": { "type": "LineString", "coordinates": [ [ -84.257010576262317, 42.271264707695543 ], [ -84.256406675970254, 42.271251825949761 ] ] } },
{ "type": "Feature", "properties": { "road_id": "LEO-ROAD-450", "segment_id": "LEO-450-9185103800461338004597" }, "geometry": { "type": "LineString", "coordinates": [ [ -84.31771116098858, 42.272162939980241 ], [ -84.317132959910822, 42.272564973368745 ] ] } },
{ "type": "Feature", "properties": { "road_id": "LEO-ROAD-451", "segment_id": "LEO-451-9209013800461338004474" }, "geometry": { "type": "LineString", "coordinates": [ [ -84.31771116098858, 42.272162939980241 ], [ -84.318003428209707, 42.272360212253979 ], [ -84.318254698924676, 42.272560655315267 ], [ -84.318344079497919, 42.272666288972133 ], [ -84.318393195498743, 42.272777273471434 ], [ -84.318416537987972, 42.272950439047577 ], [ -84.318411580691816, 42.273278112988628 ], [ -84.318455708284333, 42.27342477615742 ], [ -84.318587328491219, 42.273599576399675 ], [ -84.319230506632337, 42.274168624126141 ] ] } },
{ "type": "Feature", "properties": { "road_id": "LEO-ROAD-452", "segment_id": "LEO-452-33811943801966138019663" }, "geometry": { "type": "LineString", "coordinates": [ [ -84.348107791139753, 42.275274637883562 ], [ -84.348049765430446, 42.275191882139893 ], [ -84.348029309124684, 42.27514936515346 ], [ -84.348016966803058, 42.275101058404353 ], [ -84.348010961259391, 42.274901720686202 ], [ -84.34800534706099, 42.274856890887193 ], [ -84.347969788611053, 42.274744722183648 ], [ -84.347804709821304, 42.27418752891694 ], [ -84.347769106582803, 42.274023548870289 ], [ -84.347798171279223, 42.273934825062007 ], [ -84.347976699075232, 42.273744304599553 ], [ -84.348102825507823, 42.273518335267319 ], [ -84.348162152234309, 42.273296327202189 ], [ -84.348142746075368, 42.27224666382304 ] ] } },
{ "type": "Feature", "properties": { "road_id": "LEO-ROAD-453", "segment_id": "LEO-453-33811943801966438019662" }, "geometry": { "type": "LineString", "coordinates": [ [ -84.347012171533294, 42.272214876590603 ], [ -84.346945263031031, 42.273199233251113 ], [ -84.346909180323166, 42.273538818281011 ], [ -84.346857209210555, 42.273718110800033 ], [ -84.34655601219545, 42.274148792274111 ], [ -84.346241212094597, 42.274584272170642 ], [ -84.345790145738675, 42.275077748845284 ], [ -84.345610255844718, 42.275255139988069 ], [ -84.345566897368883, 42.275364535084442 ], [ -84.345521384409878, 42.275553925518508 ], [ -84.345527439169203, 42.275829113638231 ], [ -84.345553287424821, 42.276119600576628 ], [ -84.345585737184635, 42.276165099549772 ], [ -84.34612934045424, 42.276812599943895 ] ] } },
{ "type": "Feature", "properties": { "road_id": "LEO-ROAD-454", "segment_id": "LEO-454-33811953801966338019664" }, "geometry": { "type": "LineString", "coordinates": [ [ -84.348142746075368, 42.27224666382304 ], [ -84.348130618994873, 42.272246683842965 ], [ -84.348118490435482, 42.272246713748508 ], [ -84.348106361633825, 42.272246752657253 ], [ -84.348094231377473, 42.272246800551095 ], [ -84.348082100903071, 42.272246856547689 ], [ -84.348069968998232, 42.27224692062898 ], [ -84.348057836899542, 42.272246991912532 ], [ -84.34804570339459, 42.272247070380374 ], [ -84.348033569695815, 42.272247156050469 ], [ -84.348021435827434, 42.272247248022403 ], [ -84.348009300601191, 42.272247345377728 ], [ -84.347997164017187, 42.272247448116424 ], [ -84.34798502852442, 42.272247555374086 ], [ -84.347972891673777, 42.272247668015069 ], [ -84.34796075472623, 42.27224778425655 ], [ -84.347948617681723, 42.272247904098563 ], [ -84.347936479352057, 42.27224802662262 ], [ -84.347924342137887, 42.272248152765158 ], [ -84.34791220366273, 42.272248280689269 ], [ -84.347900065139143, 42.272248410413027 ], [ -84.347887926566997, 42.272248541936392 ], [ -84.347875787970565, 42.27224867435887 ], [ -84.347863648137476, 42.272248807662542 ], [ -84.347851509540945, 42.272248940082463 ], [ -84.34783937092017, 42.272249073401554 ], [ -84.347827232347768, 42.272249204918488 ], [ -84.34781509377531, 42.272249336434129 ], [ -84.347802955275498, 42.27224946524715 ], [ -84.3477908167999, 42.272249593158442 ], [ -84.347778679633521, 42.272249717484655 ], [ -84.347766541327417, 42.2722498390903 ], [ -84.347754404306372, 42.272249958011272 ], [ -84.347742267382145, 42.272250073329211 ], [ -84.34773013060331, 42.272250183243202 ], [ -84.347717995133763, 42.272250289572092 ], [ -84.347705859809551, 42.272250390497078 ], [ -84.347693724630673, 42.272250486018095 ], [ -84.347681590833787, 42.272250575252755 ], [ -84.347669457206507, 42.272250658182983 ], [ -84.347657323773063, 42.272250733908407 ], [ -84.347645191721568, 42.272250803347426 ], [ -84.347633059888182, 42.272250864681162 ], [ -84.347620929485259, 42.272250917927607 ], [ -84.347608800537031, 42.272250962186348 ], [ -84.347596671806897, 42.2722509983398 ], [ -84.347584543343331, 42.272251024587099 ], [ -84.34757241759533, 42.272251040063779 ], [ -84.347560292089682, 42.272251046534727 ], [ -84.347548166874759, 42.272251042199116 ], [ -84.34753604318739, 42.272251026174395 ], [ -84.34752392223983, 42.27225099847864 ], [ -84.347511800394912, 42.272250959057821 ], [ -84.347499681314076, 42.272250907065576 ], [ -84.347487562572567, 42.272250842465759 ], [ -84.347475445407056, 42.272250764376032 ], [ -84.347463331054058, 42.27225067191393 ], [ -84.347451217064673, 42.272250565943878 ], [ -84.347439104699717, 42.27225044468301 ], [ -84.347426992722561, 42.272250309013778 ], [ -84.347414883582275, 42.272250158071706 ], [ -84.34740277611489, 42.272249990037935 ], [ -84.347390670272006, 42.272249806713333 ], [ -84.347378566102122, 42.272249606297024 ], [ -84.347366463629385, 42.272249387888529 ], [ -84.347354362829662, 42.272249152388369 ], [ -84.347342264939584, 42.272248898914043 ], [ -84.347330167534324, 42.272248627429583 ], [ -84.34731807308718, 42.272248336170094 ], [ -84.347305980385769, 42.272248025117541 ], [ -84.347293889405876, 42.272247695172403 ], [ -84.347281809676005, 42.272247262701448 ], [ -84.34726974657849, 42.272246662926648 ], [ -84.347257699822649, 42.272245906653417 ], [ -84.34724566906921, 42.27224500648795 ], [ -84.34723365039018, 42.272243973181538 ], [ -84.347221645919603, 42.27224281757556 ], [ -84.347209651680998, 42.272241552222241 ], [ -84.347197668620154, 42.272240187044432 ], [ -84.347185693973032, 42.272238734612316 ], [ -84.347173727424519, 42.272237206631672 ], [ -84.347161767471462, 42.272235613889869 ], [ -84.347149813822966, 42.272233967192207 ], [ -84.347137863714906, 42.272232279108884 ], [ -84.347125916856442, 42.272230560445216 ], [ -84.347113972932462, 42.272228822907024 ], [ -84.347102029203057, 42.27222707816405 ], [ -84.34709008418919, 42.272225336103141 ], [ -84.34707813873969, 42.272223610248957 ], [ -84.347066190163019, 42.2722219104704 ], [ -84.347054236907425, 42.272220249355691 ], [ -84.347042279918668, 42.272218636827667 ], [ -84.34703031522011, 42.272217085438527 ], [ -84.347012171533294, 42.272214876590603 ] ] } },
{ "type": "Feature", "properties": { "road_id": "LEO-ROAD-455", "segment_id": "LEO-455-9159083800453538019077" }, "geometry": { "type": "LineString", "coordinates": [ [ -84.284780927848885, 42.272831969386203 ], [ -84.284370281056255, 42.272676860926602 ], [ -84.284078240758902, 42.272543727725434 ], [ -84.281706640240174, 42.271470227365107 ], [ -84.280334609667122, 42.270850575318583 ], [ -84.279799346956949, 42.27061530085102 ] ] } },
{ "type": "Feature", "properties": { "road_id": "LEO-ROAD-456", "segment_id": "LEO-456-9209053800466738004596" }, "geometry": { "type": "LineString", "coordinates": [ [ -84.315838473821898, 42.271141759315455 ], [ -84.315775600850785, 42.271213367056291 ], [ -84.315576178115293, 42.271560804359204 ], [ -84.315496304885016, 42.271745507438254 ], [ -84.315474421924776, 42.271913992866125 ], [ -84.31547699748505, 42.272117097923775 ], [ -84.315473015021695, 42.272548536698942 ] ] } },
{ "type": "Feature", "properties": { "road_id": "LEO-ROAD-457", "segment_id": "LEO-457-9209013800466738004613" }, "geometry": { "type": "LineString", "coordinates": [ [ -84.315838473821898, 42.271141759315455 ], [ -84.316035276021879, 42.271196868585641 ], [ -84.316421252656625, 42.27137200389663 ], [ -84.316884007293169, 42.271642018479625 ], [ -84.317598598819799, 42.272080600079278 ], [ -84.31771116098858, 42.272162939980241 ] ] } },
{ "type": "Feature", "properties": { "road_id": "LEO-ROAD-458", "segment_id": "LEO-458-9159083801907738019076" }, "geometry": { "type": "LineString", "coordinates": [ [ -84.279799346956949, 42.27061530085102 ], [ -84.27919130174179, 42.270456551449243 ] ] } },
{ "type": "Feature", "properties": { "road_id": "LEO-ROAD-459", "segment_id": "LEO-459-33816423802163138021627" }, "geometry": { "type": "LineString", "coordinates": [ [ -84.258151832407876, 42.269965033452621 ], [ -84.258131905804589, 42.270037705002245 ], [ -84.258114077406233, 42.271288237471097 ] ] } },
{ "type": "Feature", "properties": { "road_id": "LEO-ROAD-460", "segment_id": "LEO-460-33816433802161738021632" }, "geometry": { "type": "LineString", "coordinates": [ [ -84.259232500312919, 42.271308336788081 ], [ -84.259265552650305, 42.270068682735626 ], [ -84.259214792789905, 42.269968367167237 ] ] } },
{ "type": "Feature", "properties": { "road_id": "LEO-ROAD-461", "segment_id": "LEO-461-33816473802163338021626" }, "geometry": { "type": "LineString", "coordinates": [ [ -84.258694657191299, 42.269953532600624 ], [ -84.258673928009614, 42.271300171739014 ] ] } },
{ "type": "Feature", "properties": { "road_id": "LEO-ROAD-462", "segment_id": "LEO-462-33816443802163238021633" }, "geometry": { "type": "LineString", "coordinates": [ [ -84.259214792789905, 42.269968367167237 ], [ -84.258694657191299, 42.269953532600624 ] ] } },
{ "type": "Feature", "properties": { "road_id": "LEO-ROAD-463", "segment_id": "LEO-463-9159023800476738004023" }, "geometry": { "type": "LineString", "coordinates": [ [ -84.269959271902124, 42.270127506574383 ], [ -84.270002061104108, 42.27366247839889 ], [ -84.269973350514917, 42.274435940834813 ], [ -84.270026539160867, 42.275014618934726 ], [ -84.270106799958327, 42.275371862271356 ], [ -84.27025818347559, 42.275634190835483 ], [ -84.270390072944821, 42.275844183538581 ], [ -84.27058661976433, 42.276096463807654 ], [ -84.270863648769065, 42.27637420894289 ], [ -84.271199457351727, 42.276605159419951 ], [ -84.271493453818465, 42.276832218450686 ], [ -84.271846540734572, 42.277092152087995 ], [ -84.272467558543781, 42.277595602077888 ], [ -84.274237042596397, 42.278978276505953 ], [ -84.274569186233592, 42.279317593164656 ], [ -84.274718567396036, 42.279507856616974 ], [ -84.274775691022739, 42.279679717855323 ], [ -84.274806923677261, 42.280051507670294 ], [ -84.274800318741669, 42.280880652566275 ], [ -84.274833704670613, 42.28501496995311 ] ] } },
{ "type": "Feature", "properties": { "road_id": "LEO-ROAD-464", "segment_id": "LEO-464-33816443802163338021631" }, "geometry": { "type": "LineString", "coordinates": [ [ -84.258694657191299, 42.269953532600624 ], [ -84.258206347501627, 42.269932710613809 ], [ -84.258151832407876, 42.269965033452621 ] ] } },
{ "type": "Feature", "properties": { "road_id": "LEO-ROAD-465", "segment_id": "LEO-465-9208103800469138004594" }, "geometry": { "type": "LineString", "coordinates": [ [ -84.314639194803718, 42.270791409087494 ], [ -84.314549903770626, 42.270947301644462 ], [ -84.314376731589959, 42.271260659273658 ], [ -84.314165449567071, 42.271696196923827 ], [ -84.313963534720259, 42.272036167547725 ], [ -84.313791640154164, 42.272371169429199 ], [ -84.313718633704283, 42.272500212405262 ] ] } },
{ "type": "Feature", "properties": { "road_id": "LEO-ROAD-466", "segment_id": "LEO-466-9209013800469138004667" }, "geometry": { "type": "LineString", "coordinates": [ [ -84.314639194803718, 42.270791409087494 ], [ -84.315838473821898, 42.271141759315455 ] ] } },
{ "type": "Feature", "properties": { "road_id": "LEO-ROAD-467", "segment_id": "LEO-467-33816393802162838021634" }, "geometry": { "type": "LineString", "coordinates": [ [ -84.257565014116722, 42.271276531227372 ], [ -84.257579428287698, 42.269838162359214 ] ] } },
{ "type": "Feature", "properties": { "road_id": "LEO-ROAD-468", "segment_id": "LEO-468-33816403802162938021618" }, "geometry": { "type": "LineString", "coordinates": [ [ -84.257010576262317, 42.271264707695543 ], [ -84.2570257443505, 42.269796332344271 ] ] } },
{ "type": "Feature", "properties": { "road_id": "LEO-ROAD-469", "segment_id": "LEO-469-33816413802162438021635" }, "geometry": { "type": "LineString", "coordinates": [ [ -84.259801522343366, 42.271324199421507 ], [ -84.259814762094436, 42.269830858024434 ] ] } },
{ "type": "Feature", "properties": { "road_id": "LEO-ROAD-470", "segment_id": "LEO-470-9188033802160838021610" }, "geometry": { "type": "LineString", "coordinates": [ [ -84.260124478694678, 42.269833982658717 ], [ -84.260147618323614, 42.270248154812649 ], [ -84.260112969174315, 42.271073146928671 ], [ -84.260109528639759, 42.271331701407242 ] ] } },
{ "type": "Feature", "properties": { "road_id": "LEO-ROAD-471", "segment_id": "LEO-471-9159083801907638019075" }, "geometry": { "type": "LineString", "coordinates": [ [ -84.27919130174179, 42.270456551449243 ], [ -84.277517857515292, 42.270019625636358 ], [ -84.27749067680648, 42.270012533161371 ] ] } },
{ "type": "Feature", "properties": { "road_id": "LEO-ROAD-472", "segment_id": "LEO-472-33816453800476738021608" }, "geometry": { "type": "LineString", "coordinates": [ [ -84.269959271902124, 42.270127506574383 ], [ -84.269723030405473, 42.270069601897731 ], [ -84.269721596884011, 42.27006925354663 ], [ -84.269613203591064, 42.270050621856583 ], [ -84.269529760039561, 42.2700300659208 ], [ -84.26935820815504, 42.269970390283845 ], [ -84.269218449837979, 42.269960516326393 ], [ -84.269058774153734, 42.26995803670772 ], [ -84.267538933992086, 42.269964470723885 ], [ -84.265886094531638, 42.26997883088702 ], [ -84.265306188680654, 42.269980593097948 ], [ -84.265098664908692, 42.269982756538298 ], [ -84.264871876346731, 42.269969211165851 ], [ -84.264689781757312, 42.26995250832816 ], [ -84.264354297145999, 42.269957589549257 ], [ -84.263479973140463, 42.26998436513486 ], [ -84.262766621809249, 42.269978202733235 ], [ -84.262506782361669, 42.269970120846921 ], [ -84.262444513584228, 42.269934481200643 ], [ -84.262383999550451, 42.269873444961711 ], [ -84.262323319566647, 42.269781588966183 ], [ -84.262290704853314, 42.2697610489559 ], [ -84.262250421990885, 42.269755028661365 ], [ -84.262131652968861, 42.269773207771649 ], [ -84.261844800542235, 42.269829599384892 ], [ -84.261489920218082, 42.269849337856293 ], [ -84.260728211906198, 42.269845311024412 ], [ -84.260124478694678, 42.269833982658717 ] ] } },
{ "type": "Feature", "properties": { "road_id": "LEO-ROAD-473", "segment_id": "LEO-473-33810973800471238018819" }, "geometry": { "type": "LineString", "coordinates": [ [ -84.277248708600794, 42.269949765013195 ], [ -84.276970092608181, 42.271016238001877 ], [ -84.27697904663431, 42.271234757486738 ], [ -84.277027093247909, 42.271403485920516 ], [ -84.277193210025558, 42.271663631411244 ], [ -84.27839968285889, 42.273413796992358 ] ] } },
{ "type": "Feature", "properties": { "road_id": "LEO-ROAD-474", "segment_id": "LEO-474-9159083801907538004712" }, "geometry": { "type": "LineString", "coordinates": [ [ -84.27749067680648, 42.270012533161371 ], [ -84.277248708600794, 42.269949765013195 ] ] } },
{ "type": "Feature", "properties": { "road_id": "LEO-ROAD-475", "segment_id": "LEO-475-9130033800471838004420" }, "geometry": { "type": "LineString", "coordinates": [ [ -84.364932345401073, 42.271106251189394 ], [ -84.364908369326471, 42.275689205355512 ] ] } },
{ "type": "Feature", "properties": { "road_id": "LEO-ROAD-476", "segment_id": "LEO-476-9159083800471238004768" }, "geometry": { "type": "LineString", "coordinates": [ [ -84.277248708600794, 42.269949765013195 ], [ -84.27702307141827, 42.269893732026688 ], [ -84.277015195260759, 42.269891776190462 ], [ -84.275975049506258, 42.269633469948594 ] ] } },
{ "type": "Feature", "properties": { "road_id": "LEO-ROAD-477", "segment_id": "LEO-477-33811943801966538019664" }, "geometry": { "type": "LineString", "coordinates": [ [ -84.344867934990887, 42.27056243810528 ], [ -84.344861156333224, 42.270569905875462 ], [ -84.344854362107171, 42.270577366207377 ], [ -84.344847553500898, 42.270584820019458 ], [ -84.344840736503414, 42.270592270103187 ], [ -84.344833912351376, 42.270599715576097 ], [ -84.344827083372493, 42.270607160076061 ], [ -84.344820254416305, 42.270614603675128 ], [ -84.344813427834694, 42.270622049110749 ], [ -84.344806606052501, 42.270629496418984 ], [ -84.34479979263395, 42.270636948355111 ], [ -84.344792991216281, 42.270644404973389 ], [ -84.344786204151376, 42.270651869011111 ], [ -84.344779433864062, 42.270659340504331 ], [ -84.344772685131034, 42.270666822226531 ], [ -84.344765959140346, 42.27067431509613 ], [ -84.34475926069311, 42.270681820986191 ], [ -84.344752590977322, 42.27068934081516 ], [ -84.344745953581651, 42.270696876437995 ], [ -84.344739347317926, 42.270704426936213 ], [ -84.344732585334981, 42.270711949896096 ], [ -84.344725645955464, 42.270719439590486 ], [ -84.344718613512086, 42.270726917090983 ], [ -84.344711568724804, 42.270734402514712 ], [ -84.344704595926331, 42.27074191693346 ], [ -84.34469777826142, 42.270749480500385 ], [ -84.344691197638141, 42.270757114251239 ], [ -84.34468493717705, 42.270764839239661 ], [ -84.344679081259571, 42.270772674736605 ], [ -84.344673710557174, 42.270780642660213 ], [ -84.344668909427256, 42.270788763181798 ], [ -84.344664713707417, 42.270797056652064 ], [ -84.344660795860023, 42.270805525406921 ], [ -84.34465710547461, 42.270814149779994 ], [ -84.34465367475309, 42.270822905027543 ], [ -84.344650539461441, 42.270831769161433 ], [ -84.344647731777243, 42.270840718338384 ], [ -84.34464528749082, 42.270849729669699 ], [ -84.34464324118035, 42.27085878024873 ], [ -84.344641625023286, 42.270867846232214 ], [ -84.344640474785962, 42.270876905631965 ], [ -84.344639822645931, 42.270885934604713 ], [ -84.344639705581841, 42.270894911180264 ], [ -84.344640154607575, 42.270903809696485 ], [ -84.344641102702241, 42.270912641768 ], [ -84.34464227617967, 42.270921481694991 ], [ -84.344643651956048, 42.270930330935805 ], [ -84.344645221593311, 42.270939187563322 ], [ -84.344646976653394, 42.270948049650514 ], [ -84.34464890748589, 42.270956915252199 ], [ -84.344651005676823, 42.270965781540838 ], [ -84.344653263976326, 42.270974647507877 ], [ -84.344655671570081, 42.270983509389225 ], [ -84.344658221232294, 42.270992365275838 ], [ -84.344660903312544, 42.271001213222561 ], [ -84.34466370934841, 42.27101005220274 ], [ -84.344666630950357, 42.271018878488462 ], [ -84.344669659680179, 42.271027690152515 ], [ -84.344672785887425, 42.271036485249923 ], [ -84.34467600115822, 42.271045260953116 ], [ -84.344679298242511, 42.27105401625338 ], [ -84.344682666301694, 42.271062748287207 ], [ -84.344686098109946, 42.271071455145538 ], [ -84.344689584041078, 42.271080133982771 ], [ -84.344693115656838, 42.271088782871871 ], [ -84.344696684519121, 42.27109739988569 ], [ -84.34470028209266, 42.271105986698984 ], [ -84.344703900399111, 42.271114569316403 ], [ -84.344707538153401, 42.271123150421253 ], [ -84.344711196567843, 42.271131730031534 ], [ -84.344714874454311, 42.271140307228805 ], [ -84.344718574237646, 42.271148882049133 ], [ -84.344722294705491, 42.271157454474441 ], [ -84.344726035857775, 42.271166024504772 ], [ -84.344729798931198, 42.271174591257697 ], [ -84.344733582713403, 42.271183154715196 ], [ -84.344737388441047, 42.271191713994746 ], [ -84.344741216089886, 42.271200269996974 ], [ -84.34474506689655, 42.271208821839316 ], [ -84.344748938436283, 42.271217369485747 ], [ -84.344752833133853, 42.271225912972383 ], [ -84.344756751013605, 42.271234451398691 ], [ -84.344760690887369, 42.271242983846285 ], [ -84.344764653919043, 42.271251512134 ], [ -84.34476864015717, 42.271260034460951 ], [ -84.344772650838365, 42.2712685499448 ], [ -84.344776683489371, 42.271277060350286 ], [ -84.344780740583531, 42.271285563912613 ], [ -84.344784822096543, 42.271294061532231 ], [ -84.34478892807698, 42.271302551408219 ], [ -84.344793058476256, 42.271311035341498 ], [ -84.344797213367301, 42.271319510630725 ], [ -84.344801392701498, 42.271327979076759 ], [ -84.344805596527451, 42.271336438878755 ], [ -84.344809826033227, 42.271344890955106 ], [ -84.344814081243129, 42.271353334405447 ], [ -84.344818362157199, 42.271361769229735 ], [ -84.34482266877545, 42.271370195427977 ], [ -84.344827001122127, 42.271378612099731 ], [ -84.344831359197201, 42.271387019245005 ], [ -84.344835744213128, 42.271395416881774 ], [ -84.344840156169965, 42.271403805010046 ], [ -84.344844593903787, 42.271412181810966 ], [ -84.34484905979086, 42.27142054912143 ], [ -84.344853551454989, 42.27142890510445 ], [ -84.3448580713209, 42.271437249796165 ], [ -84.344862619364434, 42.271445584096959 ], [ -84.344867194421653, 42.271453906187908 ], [ -84.34487179646834, 42.271462216969518 ], [ -84.344876427953537, 42.271470515577263 ], [ -84.344881100758585, 42.271478811195998 ], [ -84.344885859111074, 42.271487127904081 ], [ -84.344890714165359, 42.271495456859355 ], [ -84.344895672250445, 42.271503788246996 ], [ -84.344900738555765, 42.271512109532985 ], [ -84.344905919434581, 42.271520410002061 ], [ -84.344911220052083, 42.27152867802053 ], [ -84.344916646737232, 42.271536903773651 ], [ -84.344922207128477, 42.271545073862889 ], [ -84.344927905130106, 42.271553178437486 ], [ -84.34493374830771, 42.271561206800193 ], [ -84.344939741850794, 42.271569146416908 ], [ -84.344945890900121, 42.271576986554372 ], [ -84.344952203021421, 42.27158471651542 ], [ -84.344958684616458, 42.271592323783871 ], [ -84.344965340801863, 42.271599798527056 ], [ -84.344972176742715, 42.27160712911116 ], [ -84.344979200028945, 42.271614303938634 ], [ -84.344986415801415, 42.271621312276089 ], [ -84.344993830437616, 42.271628142508014 ], [ -84.345001664475191, 42.271634712336521 ], [ -84.345010182607766, 42.271640921203542 ], [ -84.345019312891239, 42.271646783352978 ], [ -84.345028978604688, 42.271652310255305 ], [ -84.345039105354743, 42.27165751701898 ], [ -84.345049617632824, 42.271662415132532 ], [ -84.345060439833162, 42.271667019686298 ], [ -84.345071496447048, 42.271671342169043 ], [ -84.345082711868727, 42.271675397671146 ], [ -84.345094011777562, 42.271679198599713 ], [ -84.345105319403984, 42.271682758226433 ], [ -84.3451165591906, 42.27168608984087 ], [ -84.345127782468822, 42.271689268972906 ], [ -84.345139088120519, 42.27169236195035 ], [ -84.345150470107995, 42.271695367782655 ], [ -84.345161924842529, 42.271698284614835 ], [ -84.345173446237823, 42.271701113257151 ], [ -84.345185029517026, 42.27170385093622 ], [ -84.345196672279542, 42.271706496715552 ], [ -84.34520836608705, 42.271709048668008 ], [ -84.345220109702822, 42.271711507676038 ], [ -84.345231895925266, 42.271713870930171 ], [ -84.345243721117058, 42.27171613837632 ], [ -84.345255580477101, 42.271718308141445 ], [ -84.345267469179987, 42.271720379253139 ], [ -84.345279382400349, 42.271722350738735 ], [ -84.345291314124651, 42.271724220707299 ], [ -84.345303260715554, 42.271725989104681 ], [ -84.345315218584403, 42.271727654076038 ], [ -84.345327180481036, 42.271729214612741 ], [ -84.345339142792355, 42.27173066976026 ], [ -84.345351101905408, 42.271732018564116 ], [ -84.345363060050801, 42.271733268263908 ], [ -84.345375034783672, 42.271734442541423 ], [ -84.345387027170787, 42.271735546817396 ], [ -84.345399035975447, 42.271736581974245 ], [ -84.345411059839591, 42.271737553396527 ], [ -84.345423097526592, 42.271738461966784 ], [ -84.345435150103199, 42.27173931310557 ], [ -84.345447213859401, 42.271740109460218 ], [ -84.345459289934723, 42.271740853750025 ], [ -84.34547137701972, 42.271741549558847 ], [ -84.345483475017332, 42.271742200488355 ], [ -84.345495580217559, 42.27174280918581 ], [ -84.345507694972355, 42.271743378388621 ], [ -84.345519816735575, 42.271743912563004 ], [ -84.345531945434431, 42.271744414410207 ], [ -84.345544078547078, 42.27174488749597 ], [ -84.345556217213044, 42.271745334539681 ], [ -84.345568360122968, 42.271745759125118 ], [ -84.345580504779207, 42.27174616391747 ], [ -84.345592652272799, 42.271746553437112 ], [ -84.345604801342873, 42.271746929466765 ], [ -84.345616949443297, 42.271747296472711 ], [ -84.345629098950297, 42.271747656291829 ], [ -84.345641244868787, 42.271748014254726 ], [ -84.345653389599292, 42.271748371297875 ], [ -84.345665530595682, 42.271748731887435 ], [ -84.345677667760896, 42.271749099625254 ], [ -84.345689801046419, 42.271749476312145 ], [ -84.345701926669591, 42.271749867296712 ], [ -84.345714047030881, 42.271750273515487 ], [ -84.345726158396033, 42.2717506985162 ], [ -84.345738272259496, 42.271751075810116 ], [ -84.345750393034692, 42.271751376637141 ], [ -84.345762518078431, 42.27175160906522 ], [ -84.34577464833626, 42.271751783017237 ], [ -84.345786782304643, 42.271751909280518 ], [ -84.345798919789431, 42.271751995058573 ], [ -84.345811058074815, 42.271752051120743 ], [ -84.345823196893889, 42.271752087371823 ], [ -84.345835337240729, 42.2717521119339 ], [ -84.345847476399413, 42.271752135576229 ], [ -84.345859612939208, 42.271752166384758 ], [ -84.34587174778153, 42.271752215182907 ], [ -84.345883879495602, 42.271752290056568 ], [ -84.345896006577945, 42.271752401793087 ], [ -84.345908128786078, 42.271752559396923 ], [ -84.34592024468931, 42.271752770953995 ], [ -84.345932353972302, 42.271753048170098 ], [ -84.345944455204389, 42.271753399131242 ], [ -84.34595654690645, 42.271753833724219 ], [ -84.345968629878556, 42.271754367274646 ], [ -84.34598069078325, 42.271755134704925 ], [ -84.345992729062729, 42.271756156725239 ], [ -84.346004744596328, 42.271757392797682 ], [ -84.346016737190425, 42.271758805085518 ], [ -84.346028710288593, 42.271760355806279 ], [ -84.34604066250904, 42.271762006204753 ], [ -84.346052596131443, 42.271763716679516 ], [ -84.346064510962108, 42.271765449393953 ], [ -84.346076416676269, 42.271767160352383 ], [ -84.346088365407581, 42.271768805289199 ], [ -84.346100345152962, 42.271770424562241 ], [ -84.346112326474824, 42.271772075385577 ], [ -84.346124279935822, 42.271773814973287 ], [ -84.346136176122755, 42.271775699639058 ], [ -84.346147984385752, 42.271777786578966 ], [ -84.346159676524223, 42.271780132124697 ], [ -84.346171223125054, 42.271782792589995 ], [ -84.346182599891605, 42.271785814455704 ], [ -84.346193963225389, 42.271788929804295 ], [ -84.346205384561827, 42.271792008179652 ], [ -84.346216852601302, 42.271795063826829 ], [ -84.346228352503886, 42.271798107334931 ], [ -84.346239874230861, 42.271801151166102 ], [ -84.34625140527011, 42.271804209547263 ], [ -84.34626293320666, 42.271807293103677 ], [ -84.346274444340281, 42.271810415143911 ], [ -84.346285928632255, 42.271813588129952 ], [ -84.346297372382367, 42.271816825370458 ], [ -84.346308763175642, 42.2718201374906 ], [ -84.346320089712421, 42.271823538735454 ], [ -84.346331339553501, 42.271827040630633 ], [ -84.346342500211065, 42.271830656502786 ], [ -84.346353558033542, 42.271834397859521 ], [ -84.346364504170324, 42.271838278081418 ], [ -84.346375322544986, 42.271842308640231 ], [ -84.346386004307007, 42.27184650291656 ], [ -84.3463965345681, 42.271850873300494 ], [ -84.346406902077163, 42.271855432236258 ], [ -84.346417094370736, 42.27186019214993 ], [ -84.346427100197744, 42.271865165485707 ], [ -84.346436977171805, 42.271870284638418 ], [ -84.346446825267947, 42.271875440294203 ], [ -84.346456645795556, 42.27188062886939 ], [ -84.346466439991332, 42.27188584948145 ], [ -84.346476209067689, 42.271891102148523 ], [ -84.346485951836485, 42.271896385952076 ], [ -84.346495670770963, 42.27190169912722 ], [ -84.346505365871224, 42.271907041674048 ], [ -84.346515038373866, 42.271912412710087 ], [ -84.34652468832742, 42.271917810434402 ], [ -84.346534315731915, 42.271923234847122 ], [ -84.346543923012121, 42.271928685984214 ], [ -84.346553509028354, 42.271934161126275 ], [ -84.346563076205527, 42.2719396603094 ], [ -84.346572624567827, 42.271945182633118 ], [ -84.346582154115296, 42.271950728097508 ], [ -84.346591667345479, 42.271956294037167 ], [ -84.346601163021703, 42.271961881334569 ], [ -84.346610642404883, 42.271967488206798 ], [ -84.346620105519321, 42.271973113753518 ], [ -84.346629554813987, 42.271978757110176 ], [ -84.346638990288966, 42.271984418276887 ], [ -84.346648411992732, 42.271990095452729 ], [ -84.346657821137697, 42.271995788655687 ], [ -84.34666721777235, 42.272001496084897 ], [ -84.346676604321459, 42.272007217776363 ], [ -84.346685978408829, 42.27201295189321 ], [ -84.346695343671541, 42.272018698489411 ], [ -84.346704700133955, 42.272024456664596 ], [ -84.346714047820228, 42.272030225518279 ], [ -84.346723386778933, 42.272036003249575 ], [ -84.346732719434883, 42.272041789894516 ], [ -84.346742045812249, 42.272047584552645 ], [ -84.346751365935347, 42.272053386323563 ], [ -84.346760681040834, 42.272059194324747 ], [ -84.346769992365267, 42.272065007673845 ], [ -84.34677929872062, 42.272070825452346 ], [ -84.346788603768275, 42.272076646813915 ], [ -84.346797905107678, 42.272082470821978 ], [ -84.346807205187929, 42.272088296612161 ], [ -84.346816504008984, 42.272094124184477 ], [ -84.346825804044173, 42.272099951774052 ], [ -84.346835102868596, 42.272105779344848 ], [ -84.346844404192368, 42.272111604249581 ], [ -84.346853706754445, 42.272117428271102 ], [ -84.346863011864301, 42.272123247825647 ], [ -84.346872320685833, 42.272129064732098 ], [ -84.346881632079302, 42.272134876271167 ], [ -84.346890949706307, 42.272140681596369 ], [ -84.346900271141905, 42.272146480671708 ], [ -84.346909600047596, 42.272152272650793 ], [ -84.346918935235294, 42.272158056615147 ], [ -84.34692827675336, 42.272163830763844 ], [ -84.346937628214846, 42.272169596051377 ], [ -84.346946987267657, 42.27217534974038 ], [ -84.346956355124163, 42.272181091848907 ], [ -84.346965734209277, 42.272186822412934 ], [ -84.346975124595588, 42.27219253873109 ], [ -84.346984525046523, 42.272198241685864 ], [ -84.346993939272039, 42.272203928629942 ], [ -84.347012171533294, 42.272214876590603 ] ] } },
{ "type": "Feature", "properties": { "road_id": "LEO-ROAD-478", "segment_id": "LEO-478-9208103800475338004691" }, "geometry": { "type": "LineString", "coordinates": [ [ -84.31510168710318, 42.269925397484826 ], [ -84.314639194803718, 42.270791409087494 ] ] } },
{ "type": "Feature", "properties": { "road_id": "LEO-ROAD-479", "segment_id": "LEO-479-9185103800475338004613" }, "geometry": { "type": "LineString", "coordinates": [ [ -84.31510168710318, 42.269925397484826 ], [ -84.31538663270473, 42.269981725155937 ], [ -84.315653518885654, 42.270065405958562 ], [ -84.316016079976706, 42.270171664001673 ], [ -84.316469941466408, 42.270300430436009 ], [ -84.316936736619866, 42.270456149971629 ], [ -84.317500494853192, 42.270778695975231 ], [ -84.318316295969169, 42.271268856580001 ], [ -84.318418832085555, 42.271356771763784 ], [ -84.31847062477739, 42.271433388447122 ], [ -84.318485042215329, 42.271528399254052 ], [ -84.318450974070728, 42.271633210275397 ], [ -84.318349091915096, 42.271728572081216 ], [ -84.318167077220323, 42.271850107470257 ], [ -84.31771116098858, 42.272162939980241 ] ] } },
{ "type": "Feature", "properties": { "road_id": "LEO-ROAD-480", "segment_id": "LEO-480-9185103802550638004753" }, "geometry": { "type": "LineString", "coordinates": [ [ -84.314954395095768, 42.269910083051919 ], [ -84.314989711165509, 42.26991375488376 ], [ -84.31510168710318, 42.269925397484826 ] ] } },
{ "type": "Feature", "properties": { "road_id": "LEO-ROAD-481", "segment_id": "LEO-481-9185083800476638004524" }, "geometry": { "type": "LineString", "coordinates": [ [ -84.313983153444553, 42.269809095879012 ], [ -84.313769448970376, 42.270044227881279 ], [ -84.313244750487542, 42.270989187986935 ], [ -84.312871369824109, 42.271758141272507 ], [ -84.312759552497241, 42.271939141901761 ], [ -84.312617679951643, 42.272242162289849 ], [ -84.31246930140513, 42.272543231870898 ], [ -84.312368931973964, 42.272703902213308 ], [ -84.312203828646133, 42.27281198412836 ], [ -84.310868755070757, 42.273351930262315 ] ] } },
{ "type": "Feature", "properties": { "road_id": "LEO-ROAD-482", "segment_id": "LEO-482-9185103800476638025506" }, "geometry": { "type": "LineString", "coordinates": [ [ -84.313983153444553, 42.269809095879012 ], [ -84.314954395095768, 42.269910083051919 ] ] } },
{ "type": "Feature", "properties": { "road_id": "LEO-ROAD-483", "segment_id": "LEO-483-33811943801966338019665" }, "geometry": { "type": "LineString", "coordinates": [ [ -84.348142746075368, 42.27224666382304 ], [ -84.348142637862594, 42.27223765688651 ], [ -84.348142552782534, 42.272228646690031 ], [ -84.348142490835244, 42.272219633233561 ], [ -84.348142449571682, 42.272210617381653 ], [ -84.348142429015994, 42.272201598233757 ], [ -84.348142427907391, 42.272192577572909 ], [ -84.348142443845205, 42.272183554462487 ], [ -84.348142476829437, 42.272174528902724 ], [ -84.348142525623473, 42.272165501775859 ], [ -84.348142587826686, 42.272156472145561 ], [ -84.34814266339059, 42.272147441812706 ], [ -84.3481427511513, 42.272138408958433 ], [ -84.348142849847918, 42.272129375365658 ], [ -84.3481429582922, 42.272120340115855 ], [ -84.348143075247549, 42.27211130409156 ], [ -84.348143199501592, 42.272102267274782 ], [ -84.348143329866062, 42.272093228747032 ], [ -84.348143463843527, 42.27208419117369 ], [ -84.348143602718991, 42.272075151871398 ], [ -84.348143744019268, 42.272066112605074 ], [ -84.348143886531929, 42.272057073356734 ], [ -84.348144030256947, 42.272048034126385 ], [ -84.348144171581311, 42.272038993959569 ], [ -84.348144311644816, 42.272029955575697 ], [ -84.348144448095283, 42.272020916237317 ], [ -84.348144579647595, 42.272011878627872 ], [ -84.34814470635024, 42.272002840946442 ], [ -84.348144825730003, 42.271993804957958 ], [ -84.348144936598587, 42.271984769743966 ], [ -84.348145038956119, 42.271975735304459 ], [ -84.348145130353473, 42.271966702503903 ], [ -84.348145210814934, 42.27195767044185 ], [ -84.348145277867218, 42.271948640883181 ], [ -84.348145331534525, 42.27193961292754 ], [ -84.348145370604527, 42.271930586556806 ], [ -84.348145392628126, 42.271921562635569 ], [ -84.348145397605421, 42.271912541163751 ], [ -84.348145384348086, 42.271903521222946 ], [ -84.348145350383007, 42.271894504578022 ], [ -84.348145295734341, 42.271885490328607 ], [ -84.348145219189774, 42.271876478456612 ], [ -84.348145119488336, 42.271867470745015 ], [ -84.348144995466171, 42.271858465374919 ], [ -84.348144844674223, 42.271849463210764 ], [ -84.348144668324935, 42.271840464270539 ], [ -84.348144462756892, 42.271831469400723 ], [ -84.348144229206639, 42.271822477718892 ], [ -84.348143965201047, 42.271813490989899 ], [ -84.348143668363676, 42.271804507376942 ], [ -84.348143339882796, 42.271795527798368 ], [ -84.348142977309323, 42.271786553118702 ], [ -84.348142579455157, 42.271777582419482 ], [ -84.348142146296013, 42.271768616601207 ], [ -84.348141674194736, 42.271759655609792 ], [ -84.34814116433958, 42.271750700363754 ], [ -84.348140615566535, 42.271741749044168 ], [ -84.348140024189888, 42.271732803398059 ], [ -84.348139391446438, 42.271723862542807 ], [ -84.348138716075269, 42.271714928261424 ], [ -84.348137995700071, 42.271705998716982 ], [ -84.348137229060029, 42.271697075692387 ], [ -84.348136416179301, 42.271688158287226 ], [ -84.348135555845559, 42.27167924648348 ], [ -84.348134583583544, 42.27167034743163 ], [ -84.348133096925537, 42.271661498397748 ], [ -84.348131060542642, 42.271652705163149 ], [ -84.348128519390727, 42.271643964791807 ], [ -84.348125520826372, 42.271635275283941 ], [ -84.348122108568816, 42.271626634585878 ], [ -84.348118329974596, 42.271618040698023 ], [ -84.348114228762824, 42.271609491566615 ], [ -84.34810984988944, 42.271600984255564 ], [ -84.348105241899006, 42.271592517683636 ], [ -84.348100447298208, 42.271584089779168 ], [ -84.348095513491899, 42.271575696741628 ], [ -84.348090484150717, 42.271567338318242 ], [ -84.348085406679374, 42.271559010708465 ], [ -84.348080325985165, 42.271550712777142 ], [ -84.34807528699946, 42.271542442488567 ], [ -84.348070334653755, 42.271534197807256 ], [ -84.348065449816062, 42.271525968540338 ], [ -84.348060540562088, 42.271517745216471 ], [ -84.348055606916063, 42.271509526935219 ], [ -84.348050648877987, 42.271501313696518 ], [ -84.348045666423687, 42.271493106400882 ], [ -84.348040659577322, 42.271484904147819 ], [ -84.348035628290518, 42.271476708738213 ], [ -84.348030571375077, 42.271468519253624 ], [ -84.348025492443952, 42.271460336648538 ], [ -84.348020387884262, 42.271452159968426 ], [ -84.348015258859888, 42.271443991032271 ], [ -84.348010106607418, 42.271435828957515 ], [ -84.348004929890394, 42.271427674626672 ], [ -84.34799972873293, 42.271419527139251 ], [ -84.347994503086625, 42.271411388296187 ], [ -84.347989254188036, 42.27140325721502 ], [ -84.347983980824893, 42.271395133877689 ], [ -84.347978682948636, 42.271387020085143 ], [ -84.347973361820181, 42.27137891405448 ], [ -84.347968017391125, 42.271370817586579 ], [ -84.347962648448956, 42.271362730663398 ], [ -84.347957255018017, 42.27135465238451 ], [ -84.347951838262219, 42.271346584568825 ], [ -84.347946398230008, 42.271338525415459 ], [ -84.347940933636352, 42.271330477607755 ], [ -84.347935445742081, 42.271322439362734 ], [ -84.347929934498694, 42.271314412481324 ], [ -84.347924398742336, 42.271306395144663 ], [ -84.347918840825116, 42.271298390090067 ], [ -84.347913258370681, 42.271290395480627 ], [ -84.347907652567216, 42.271282412234768 ], [ -84.347902023390461, 42.271274441252963 ], [ -84.347896369652346, 42.271266481616742 ], [ -84.347890693729084, 42.271258535163049 ], [ -84.34788499445682, 42.271250600072911 ], [ -84.347879271787107, 42.271242678147274 ], [ -84.347873505642241, 42.27123474927042 ], [ -84.347867665882063, 42.271226806689391 ], [ -84.347861739946524, 42.271218866432264 ], [ -84.347855711590043, 42.271210946273911 ], [ -84.347849569440655, 42.271203063160833 ], [ -84.347843297277066, 42.271195233967475 ], [ -84.347836881302612, 42.271187475604407 ], [ -84.347830308933027, 42.271179805000017 ], [ -84.347823565135045, 42.271172239947198 ], [ -84.347816636136344, 42.271164796456098 ], [ -84.347809508116015, 42.27115749233743 ], [ -84.347802166064966, 42.2711503444838 ], [ -84.347794597399059, 42.271143369823598 ], [ -84.347786787084928, 42.27113658614968 ], [ -84.347778721350181, 42.271130009472124 ], [ -84.347770344546873, 42.271123679501031 ], [ -84.3477615581088, 42.271117653325511 ], [ -84.347752402989826, 42.271111896422006 ], [ -84.347742931152283, 42.271106370827205 ], [ -84.347733193394404, 42.271101036758907 ], [ -84.347723240441923, 42.271095857136189 ], [ -84.347713124305557, 42.271090792194812 ], [ -84.347702894522882, 42.271085803935499 ], [ -84.347692601867962, 42.271080853476626 ], [ -84.347682299563985, 42.271075901071917 ], [ -84.347672037100082, 42.271070910523072 ], [ -84.347661865298775, 42.271065841147532 ], [ -84.347651834910153, 42.271060654964124 ], [ -84.347641997920647, 42.271055313109159 ], [ -84.347632405104534, 42.271049776701084 ], [ -84.347623107187459, 42.271044008659153 ], [ -84.347614132708742, 42.271037985085407 ], [ -84.347605261137829, 42.27103187836294 ], [ -84.347596417016675, 42.271025743221514 ], [ -84.347587602769934, 42.27101957969716 ], [ -84.347578817112634, 42.271013390473179 ], [ -84.347570058880805, 42.271007173730702 ], [ -84.347561330450773, 42.27100093130661 ], [ -84.347552628136867, 42.2709946649478 ], [ -84.347543953200031, 42.2709883728714 ], [ -84.347535306779903, 42.270982057796765 ], [ -84.347526686475959, 42.270975718787419 ], [ -84.347518092263897, 42.270969356743883 ], [ -84.347509524095358, 42.270962973466972 ], [ -84.347500983182641, 42.27095656897469 ], [ -84.347492467101063, 42.270950143231097 ], [ -84.347483975826322, 42.270943697136609 ], [ -84.347475510546587, 42.270937231609729 ], [ -84.347467068812847, 42.270930747514839 ], [ -84.347458653049856, 42.270924244887937 ], [ -84.347450260808671, 42.270917724593545 ], [ -84.347441892064992, 42.270911187532064 ], [ -84.347433546818863, 42.270904633703523 ], [ -84.347425225046038, 42.27089806400835 ], [ -84.347416926722246, 42.270891479346993 ], [ -84.347408650610888, 42.27088488060194 ], [ -84.347400396736219, 42.270878266872685 ], [ -84.347392165025553, 42.270871640860612 ], [ -84.347383955503048, 42.270865001665257 ], [ -84.347375766932146, 42.270858350169092 ], [ -84.347367599288532, 42.270851687272597 ], [ -84.347359453760433, 42.270845013894117 ], [ -84.347351327923064, 42.270838329997765 ], [ -84.347343222988783, 42.270831635601468 ], [ -84.347335144025223, 42.270824922673306 ], [ -84.347327093481454, 42.270818190348763 ], [ -84.347319067744522, 42.270811437673458 ], [ -84.347311067978325, 42.270804666466269 ], [ -84.347303090497292, 42.27079787847407 ], [ -84.347295136537966, 42.270791072814461 ], [ -84.347287204815331, 42.270784252170735 ], [ -84.347279292928775, 42.270777415606453 ], [ -84.347271399593254, 42.270770565804952 ], [ -84.347263524832982, 42.270763701865867 ], [ -84.347255667387159, 42.270756825572022 ], [ -84.347247826019043, 42.270749937805839 ], [ -84.347239999492132, 42.270743039449826 ], [ -84.347232186569698, 42.270736131386371 ], [ -84.347224386039485, 42.270729213597505 ], [ -84.347216596616292, 42.270722288766571 ], [ -84.347208817111991, 42.270715355975113 ], [ -84.347201047478151, 42.270708417024025 ], [ -84.34719328650236, 42.270701471895293 ], [ -84.347185531711347, 42.270694522353772 ], [ -84.347177783080909, 42.270687569300051 ], [ -84.347170038162076, 42.270680613598415 ], [ -84.347162298167163, 42.270673655266954 ], [ -84.347154559434841, 42.270666695152023 ], [ -84.34714682310468, 42.27065973597302 ], [ -84.347139086800524, 42.270652775893055 ], [ -84.347131349212944, 42.270645818495908 ], [ -84.347123609178055, 42.270638861962645 ], [ -84.347115866598983, 42.270631909895059 ], [ -84.34710812031166, 42.270624960474258 ], [ -84.347100367794468, 42.270618017266074 ], [ -84.347092609095924, 42.270611078469514 ], [ -84.347084841718498, 42.270604146749946 ], [ -84.347077066874576, 42.27059722212541 ], [ -84.347069282090885, 42.270590306360724 ], [ -84.347061486155084, 42.270583399437925 ], [ -84.347053677830559, 42.270576502239479 ], [ -84.347045855856436, 42.270569616548208 ], [ -84.34703802025696, 42.27056274146365 ], [ -84.347030168534658, 42.270555879651198 ], [ -84.347022300689517, 42.270549031110811 ], [ -84.347014414272522, 42.270542196706913 ], [ -84.347006510447585, 42.270535378258408 ], [ -84.346998585601867, 42.270528574810861 ], [ -84.34699063966255, 42.27052178906554 ], [ -84.346982671417308, 42.270515021004471 ], [ -84.346974680866168, 42.270508270627701 ], [ -84.346966664299188, 42.27050154058243 ], [ -84.346958622928796, 42.270494830886754 ], [ -84.346950555518404, 42.270488142423048 ], [ -84.346942459643245, 42.270481475155357 ], [ -84.34693433401813, 42.270474831766947 ], [ -84.346926179879802, 42.270468211375423 ], [ -84.346917993518289, 42.270461616628047 ], [ -84.346909774957965, 42.270455046624406 ], [ -84.346901522937827, 42.270448503147321 ], [ -84.346893226401107, 42.270441991437458 ], [ -84.346884701091213, 42.270435597938075 ], [ -84.346875890147842, 42.270429362340778 ], [ -84.346866811562762, 42.270423292119197 ], [ -84.346857482115368, 42.27041739472886 ], [ -84.346847917372543, 42.270411677607342 ], [ -84.346838137726579, 42.270406149164671 ], [ -84.346828157556189, 42.270400815919906 ], [ -84.346817994828839, 42.270395686247177 ], [ -84.346807666323784, 42.270390767601974 ], [ -84.346797190008445, 42.270386068358349 ], [ -84.346786582710607, 42.270381594170999 ], [ -84.346775861160893, 42.27037735429645 ], [ -84.346765043351027, 42.270373356208317 ], [ -84.346754146084393, 42.270369606461706 ], [ -84.346743164462538, 42.270366016705097 ], [ -84.346732092132285, 42.270362507573374 ], [ -84.346720931494062, 42.27035908000294 ], [ -84.346709688464259, 42.270355739486476 ], [ -84.346698366631543, 42.27035248787886 ], [ -84.346686971984894, 42.270349327971488 ], [ -84.346675506852208, 42.27034626340204 ], [ -84.346663977246706, 42.270343296061448 ], [ -84.34665238668434, 42.270340430505996 ], [ -84.346640741154062, 42.270337669526974 ], [ -84.346629044220421, 42.270335015879702 ], [ -84.346617301896515, 42.270332471455106 ], [ -84.34660551646175, 42.270330041691864 ], [ -84.346593692741308, 42.270327727562496 ], [ -84.346581837912254, 42.27032553277671 ], [ -84.346569953090096, 42.270323460954316 ], [ -84.346558045476087, 42.27032151490468 ], [ -84.346546118658964, 42.270319696482744 ], [ -84.346534177342576, 42.270318011163162 ], [ -84.346522225164051, 42.270316458999964 ], [ -84.346510266827224, 42.270315045467804 ], [ -84.346498306817892, 42.270313739105319 ], [ -84.346486341377613, 42.270312454280138 ], [ -84.34647437067612, 42.270311184689213 ], [ -84.346462393501028, 42.270309930314554 ], [ -84.346450412252764, 42.270308692092613 ], [ -84.346438425743273, 42.270307469104907 ], [ -84.346426435184867, 42.270306261369441 ], [ -84.346414438177121, 42.270305067949785 ], [ -84.34640243714469, 42.270303888881962 ], [ -84.346390432063373, 42.270302725066358 ], [ -84.346378421769231, 42.27030157468419 ], [ -84.346366407450446, 42.270300438653798 ], [ -84.346354389131193, 42.270299316074741 ], [ -84.346342365599099, 42.270298206929034 ], [ -84.346330339278964, 42.270297111252766 ], [ -84.346318308958359, 42.270296029027833 ], [ -84.346306273473431, 42.270294958435336 ], [ -84.346294235200403, 42.270293901312229 ], [ -84.346282192951136, 42.270292856740006 ], [ -84.34627014796223, 42.270291823836317 ], [ -84.34625809899714, 42.270290803483483 ], [ -84.346246047292382, 42.270289794799176 ], [ -84.346233991659901, 42.270288796864875 ], [ -84.346221933287779, 42.270287810599058 ], [ -84.346209872175962, 42.270286836001688 ], [ -84.346197808348819, 42.27028587217238 ], [ -84.346185741830467, 42.270284918210635 ], [ -84.346173671384364, 42.270283974998939 ], [ -84.346161599435192, 42.270283042573276 ], [ -84.346149526031454, 42.270282119132766 ], [ -84.346137448724207, 42.270281205541842 ], [ -84.346125369938164, 42.270280301836472 ], [ -84.346113289673298, 42.270279408016712 ], [ -84.346101206765738, 42.270278522263695 ], [ -84.346089122379354, 42.270277646396202 ], [ -84.346077035350277, 42.270276778595424 ], [ -84.346064948103233, 42.270275918897376 ], [ -84.346052858189239, 42.27027506816647 ], [ -84.346040766844936, 42.270274225520261 ], [ -84.346028675306883, 42.270273390076312 ], [ -84.346016582362765, 42.270272561816647 ], [ -84.346004487988296, 42.270271741641686 ], [ -84.345992392207748, 42.270270928650973 ], [ -84.345980296257707, 42.270270121962071 ], [ -84.345968198901531, 42.270269322457473 ], [ -84.345956101375933, 42.270268529254636 ], [ -84.345944003680785, 42.270267742353653 ], [ -84.345931904628074, 42.270266960836089 ], [ -84.34591980540587, 42.270266185620308 ], [ -84.345907707250774, 42.270265415823943 ], [ -84.345895607713814, 42.27026465231139 ], [ -84.345883509268248, 42.270263893317797 ], [ -84.34587140948932, 42.270263138807124 ], [ -84.345859310801742, 42.270262388815404 ], [ -84.345847213181301, 42.270261644243114 ], [ -84.345835115464141, 42.270260903271272 ], [ -84.345823017625946, 42.270260166800426 ], [ -84.345810922115774, 42.270259433966082 ], [ -84.34579882650884, 42.270258704732214 ], [ -84.345786730829417, 42.270257978198444 ], [ -84.345774637453729, 42.270257256201575 ], [ -84.345762545242181, 42.270256536022423 ], [ -84.345750454170485, 42.270255818561296 ], [ -84.345738364214441, 42.270255104718714 ], [ -84.345726275446737, 42.270254391793301 ], [ -84.345714187818928, 42.270253681585942 ], [ -84.345702102567614, 42.270252973214255 ], [ -84.34569001969281, 42.270252266678206 ], [ -84.345677938006347, 42.270251561059339 ], [ -84.345665858696435, 42.270250857276167 ], [ -84.345653765905084, 42.27025015869615 ], [ -84.34564164229522, 42.270249478573717 ], [ -84.345629491358366, 42.270248822365588 ], [ -84.345617317725754, 42.270248198247813 ], [ -84.34560512486452, 42.27024761257757 ], [ -84.345592918618223, 42.27024707354893 ], [ -84.345580701217543, 42.270246588401413 ], [ -84.345568478554483, 42.270246163528256 ], [ -84.345556255284393, 42.270245806205125 ], [ -84.345544033613635, 42.270245524571976 ], [ -84.345531819434214, 42.270245325022103 ], [ -84.345519617401436, 42.270245214831021 ], [ -84.345507430958378, 42.270245201256387 ], [ -84.34549526354796, 42.270245291555852 ], [ -84.345483121037859, 42.27024549302304 ], [ -84.345471006871065, 42.270245812915569 ], [ -84.3454589244906, 42.270246258491007 ], [ -84.345446881000683, 42.270246836160659 ], [ -84.345434877395334, 42.270247554046527 ], [ -84.345422919542202, 42.270248419442282 ], [ -84.345411012120863, 42.27024943872312 ], [ -84.345399157216292, 42.270250624531286 ], [ -84.34538732868765, 42.270252091781188 ], [ -84.345375520860301, 42.270253871015832 ], [ -84.34536374270597, 42.270255944352563 ], [ -84.345352003293385, 42.270258290306749 ], [ -84.345340311618656, 42.270260890095393 ], [ -84.345328677914353, 42.270263724052811 ], [ -84.345317109988471, 42.270266772477463 ], [ -84.345305618049466, 42.270270016604144 ], [ -84.345294208717121, 42.270273435812889 ], [ -84.345282894648989, 42.270277010474061 ], [ -84.345271681228297, 42.270280720850117 ], [ -84.345260581064025, 42.270284549112375 ], [ -84.345249600800372, 42.270288473740358 ], [ -84.345238749457778, 42.270292475050518 ], [ -84.345228037123448, 42.270296538779895 ], [ -84.345217443499806, 42.270300788037055 ], [ -84.34520696351791, 42.270305275894096 ], [ -84.345196610829291, 42.27030999084355 ], [ -84.345186393023567, 42.270314921287834 ], [ -84.345176322539842, 42.270320055701397 ], [ -84.345166409392505, 42.270325382522735 ], [ -84.345156663644573, 42.270330888389367 ], [ -84.345147096498536, 42.270336562658308 ], [ -84.34513771799314, 42.270342392867512 ], [ -84.34512853814276, 42.270348367455462 ], [ -84.34511956817434, 42.270354474878644 ], [ -84.345110818150886, 42.270360701774663 ], [ -84.345102253520153, 42.270367025109785 ], [ -84.345093760198452, 42.270373402651863 ], [ -84.345085326183423, 42.270379829718422 ], [ -84.345076950335482, 42.270386303590165 ], [ -84.345068627877879, 42.270392821493623 ], [ -84.345060356458717, 42.27039938069148 ], [ -84.345052132513629, 42.270405978428315 ], [ -84.345043952478321, 42.270412611948714 ], [ -84.345035813976565, 42.270419279415826 ], [ -84.345027711067786, 42.270425976237242 ], [ -84.345019643776283, 42.270432701512583 ], [ -84.345011606137248, 42.270439451549947 ], [ -84.345003595798744, 42.270446223611962 ], [ -84.344995609196445, 42.270453014943172 ], [ -84.34498764395407, 42.270459823706695 ], [ -84.344979695319253, 42.270466646228698 ], [ -84.344971760940041, 42.270473479771709 ], [ -84.344963836015438, 42.270480322462817 ], [ -84.344955919430134, 42.270487170682244 ], [ -84.344948005195079, 42.270494021638477 ], [ -84.344940092170674, 42.270500872612182 ], [ -84.344932176768324, 42.270507721748352 ], [ -84.344924254211364, 42.270514566273633 ], [ -84.344916322196369, 42.270521401649745 ], [ -84.344908378298555, 42.2705282278406 ], [ -84.344900416601661, 42.270535039353376 ], [ -84.344892435917615, 42.270541835269682 ], [ -84.344884431469637, 42.270548612816 ], [ -84.344876400930133, 42.270555368354593 ], [ -84.344867934990887, 42.27056243810528 ] ] } },
{ "type": "Feature", "properties": { "road_id": "LEO-ROAD-484", "segment_id": "LEO-484-9188033802161338021608" }, "geometry": { "type": "LineString", "coordinates": [ [ -84.260171615049103, 42.268718586958059 ], [ -84.260120927325914, 42.269758153610056 ], [ -84.260124478694678, 42.269833982658717 ] ] } },
{ "type": "Feature", "properties": { "road_id": "LEO-ROAD-485", "segment_id": "LEO-485-33816073802162538021613" }, "geometry": { "type": "LineString", "coordinates": [ [ -84.253786858111937, 42.271223975449011 ], [ -84.253790992713704, 42.270591062634146 ], [ -84.253795546300125, 42.270430693567441 ], [ -84.253838446415656, 42.270364346878601 ], [ -84.253927060444113, 42.270325116594378 ], [ -84.254134160930775, 42.270308413900224 ], [ -84.254633637855576, 42.270336139165344 ], [ -84.255178702009673, 42.270331401991342 ], [ -84.255298131455518, 42.270285655342043 ], [ -84.255346667967842, 42.270213302247512 ], [ -84.2553650842368, 42.270142509137948 ], [ -84.255358793511249, 42.269689522364359 ], [ -84.255308950467921, 42.269036826804253 ], [ -84.255337005109354, 42.268915412281466 ], [ -84.255378828513159, 42.26886648994499 ], [ -84.255427114625562, 42.268823401573179 ], [ -84.255492728357268, 42.268790375389436 ], [ -84.255554509395282, 42.268766499220938 ], [ -84.255604306731982, 42.26876154468696 ], [ -84.255812806524176, 42.268762230626805 ], [ -84.256117768629863, 42.268767188010543 ], [ -84.256569199751709, 42.268758001577773 ], [ -84.257117771841919, 42.268736196410202 ], [ -84.257403315421413, 42.268747294876952 ], [ -84.257813489246999, 42.268773610473119 ], [ -84.258056378561221, 42.268769064503147 ], [ -84.258207333853946, 42.26874908371591 ], [ -84.258673464475763, 42.268703563269746 ], [ -84.259146816428967, 42.268692677764875 ], [ -84.260171615049103, 42.268718586958059 ] ] } },
{ "type": "Feature", "properties": { "road_id": "LEO-ROAD-486", "segment_id": "LEO-486-8991093800479138017474" }, "geometry": { "type": "LineString", "coordinates": [ [ -84.357873144569837, 42.270064557030352 ], [ -84.358215146328902, 42.273080109227514 ], [ -84.3582845107982, 42.273881316566886 ], [ -84.358384237467277, 42.274582627761433 ] ] } },
{ "type": "Feature", "properties": { "road_id": "LEO-ROAD-487", "segment_id": "LEO-487-8991103800479038004462" }, "geometry": { "type": "LineString", "coordinates": [ [ -84.358100892470233, 42.270030916795591 ], [ -84.3584502377267, 42.272977811135242 ], [ -84.358630127490684, 42.274866487000992 ] ] } },
{ "type": "Feature", "properties": { "road_id": "LEO-ROAD-488", "segment_id": "LEO-488-33811963801966538019666" }, "geometry": { "type": "LineString", "coordinates": [ [ -84.344867934990887, 42.27056243810528 ], [ -84.344857062470012, 42.270558448030478 ], [ -84.344846192375229, 42.270554457990663 ], [ -84.344835322330411, 42.270550466148904 ], [ -84.344824452311201, 42.270546473405702 ], [ -84.344813583530012, 42.270542479779039 ], [ -84.344802714750244, 42.270538486151345 ], [ -84.344791845996056, 42.270534491622193 ], [ -84.34478097845566, 42.270530497110023 ], [ -84.344770109704214, 42.27052650257879 ], [ -84.344759242190833, 42.270522507164124 ], [ -84.344748374654529, 42.270518512648806 ], [ -84.344737505931505, 42.270514517214039 ], [ -84.344726637161287, 42.270510523579127 ], [ -84.344715769629104, 42.270506529060746 ], [ -84.344704899649287, 42.270502535405747 ], [ -84.344694030858903, 42.270498542668157 ], [ -84.34468316083327, 42.270494550811947 ], [ -84.344672289548072, 42.270490560737578 ], [ -84.344661418264295, 42.270486570662193 ], [ -84.344650545745154, 42.270482581468158 ], [ -84.344639673154617, 42.270478594974414 ], [ -84.344628799328788, 42.270474609362083 ], [ -84.344617924267666, 42.270470624631088 ], [ -84.344607047922736, 42.270466642582349 ], [ -84.344596170318198, 42.270462662315509 ], [ -84.344585291454123, 42.270458683830412 ], [ -84.344574411330541, 42.270454707127179 ], [ -84.34456352871068, 42.270450733088161 ], [ -84.344552642285166, 42.27044676529718 ], [ -84.344541670918971, 42.270442889024778 ], [ -84.34453060326382, 42.270439120316674 ], [ -84.344519460706763, 42.270435430665216 ], [ -84.344508270599903, 42.270431795254574 ], [ -84.34449705673083, 42.270428186513548 ], [ -84.344485842863122, 42.270424577771401 ], [ -84.344474655160553, 42.270420943293985 ], [ -84.344463518623357, 42.270417255528059 ], [ -84.344452455802539, 42.270413487785014 ], [ -84.344441494074459, 42.270409614348566 ], [ -84.344430656014509, 42.270405607629634 ], [ -84.344419967810964, 42.270401440993517 ], [ -84.3444094519907, 42.270397088652032 ], [ -84.34439913597862, 42.270392523088098 ], [ -84.344389043513942, 42.270387718531573 ], [ -84.344379160995146, 42.27038263964883 ], [ -84.344369465459934, 42.270377283395945 ], [ -84.344359962436172, 42.270371669672912 ], [ -84.344350657451656, 42.270365818379759 ], [ -84.344341557222293, 42.270359750334784 ], [ -84.344332667300222, 42.270353484537587 ], [ -84.34432399558932, 42.270347042725113 ], [ -84.344315547617356, 42.27034044479722 ], [ -84.344307328936438, 42.270333709753444 ], [ -84.344299346262261, 42.270326858412375 ], [ -84.344291605122635, 42.270319910673756 ], [ -84.344284112257554, 42.270312886455706 ], [ -84.344276808673385, 42.270305769567173 ], [ -84.344269657005015, 42.270298551345142 ], [ -84.344262648547257, 42.27029123976746 ], [ -84.344255775831684, 42.270283841929448 ], [ -84.344249027776854, 42.270276363971931 ], [ -84.344242396841551, 42.270268815691686 ], [ -84.344235874393377, 42.270261202365113 ], [ -84.344229450514803, 42.270253531951958 ], [ -84.344223117737343, 42.270245811547603 ], [ -84.34421686614354, 42.270238049111732 ], [ -84.344210687052481, 42.270230251721756 ], [ -84.344204570595167, 42.270222425536481 ], [ -84.344198510442695, 42.270214580370691 ], [ -84.344192495562268, 42.270206720564218 ], [ -84.344186517200185, 42.270198855895735 ], [ -84.344180566699876, 42.270190992542176 ], [ -84.34417463661714, 42.270183136698407 ], [ -84.344168712573449, 42.270175281844892 ], [ -84.34416279347785, 42.270167423461487 ], [ -84.34415688049414, 42.270159563366995 ], [ -84.344150972434178, 42.270151700642998 ], [ -84.344145069298094, 42.270143835289531 ], [ -84.344139171061471, 42.270135968206951 ], [ -84.344133277724353, 42.270128099395322 ], [ -84.344127389311083, 42.270120227954187 ], [ -84.344121505797276, 42.270112354783954 ], [ -84.344115627183029, 42.270104479884687 ], [ -84.344109752280133, 42.270096602337894 ], [ -84.344103882252497, 42.270088723962473 ], [ -84.344098015936311, 42.270080842939478 ], [ -84.34409215330723, 42.270072960169422 ], [ -84.34408629557764, 42.270065075670288 ], [ -84.344080441535212, 42.270057189424065 ], [ -84.344074591179876, 42.270049301430738 ], [ -84.344068745724087, 42.270041411708384 ], [ -84.344062902718747, 42.270033521121334 ], [ -84.344057063424813, 42.270025627886774 ], [ -84.34405122779377, 42.270017733805524 ], [ -84.34404539461319, 42.270009838859615 ], [ -84.344039565144001, 42.270001941266145 ], [ -84.344033739337647, 42.269994042826035 ], [ -84.344027915981798, 42.269986143521237 ], [ -84.34402209631304, 42.269978242469392 ], [ -84.344016279094774, 42.269970340552867 ], [ -84.344010464351243, 42.269962436871175 ], [ -84.344004652058231, 42.269954532324824 ], [ -84.34399884221564, 42.269946626913793 ], [ -84.343993034823541, 42.269938720638095 ], [ -84.343987229906219, 42.269930812597252 ], [ -84.34398142743936, 42.269922903691743 ], [ -84.343975627398621, 42.269914994821974 ], [ -84.343969828620331, 42.269907084169105 ], [ -84.343964031080134, 42.269899172633465 ], [ -84.343958237178484, 42.26989126115167 ], [ -84.343952443302541, 42.269883348769127 ], [ -84.343946651877104, 42.269875435521911 ], [ -84.343940861689717, 42.269867521391966 ], [ -84.343935072740479, 42.269859606379306 ], [ -84.343929285005018, 42.269851691384375 ], [ -84.343923498507678, 42.26984377550675 ], [ -84.343917713224187, 42.269835859646825 ], [ -84.343911929178745, 42.269827942904229 ], [ -84.343906145134767, 42.269820026161327 ], [ -84.343900362328867, 42.269812108535696 ], [ -84.343894579524445, 42.269804190909788 ], [ -84.343888797933815, 42.269796273301566 ], [ -84.343883017557019, 42.269788355711135 ], [ -84.34387723599356, 42.269780437201888 ], [ -84.343871455643907, 42.269772518710361 ], [ -84.343865675271445, 42.269764601118972 ], [ -84.343859894924748, 42.269756682626863 ], [ -84.343854114579429, 42.269748764134448 ], [ -84.343848334211316, 42.269740846542206 ], [ -84.343842552656568, 42.269732928031132 ], [ -84.343836771078969, 42.26972501042021 ], [ -84.343830989502806, 42.269717092809003 ], [ -84.343825206715792, 42.269709175179429 ], [ -84.343819423930142, 42.269701257549556 ], [ -84.343813639909342, 42.269693340801801 ], [ -84.343807855865691, 42.269685424954183 ], [ -84.343802069398777, 42.269677509070164 ], [ -84.343796282933312, 42.269669593185888 ], [ -84.343790495232668, 42.269661678183667 ], [ -84.343784705084417, 42.269653764045536 ], [ -84.343778914937616, 42.269645849907128 ], [ -84.343773122343265, 42.269637936632719 ], [ -84.343767328513735, 42.269630024240477 ], [ -84.343761533449012, 42.269622112730282 ], [ -84.343755735936725, 42.269614202084171 ], [ -84.343749935976888, 42.269606292302143 ], [ -84.343744134781801, 42.269598383402197 ], [ -84.343738331163522, 42.269590474465879 ], [ -84.343732525073335, 42.269582567294044 ], [ -84.343726717748012, 42.269574661004299 ], [ -84.343720906738454, 42.269566756461067 ], [ -84.34371509330559, 42.269558851881435 ], [ -84.343708406929522, 42.269549766870362 ] ] } },
{ "type": "Feature", "properties": { "road_id": "LEO-ROAD-489", "segment_id": "LEO-489-9187073800481438004465" }, "geometry": { "type": "LineString", "coordinates": [ [ -84.308265778731155, 42.269002750209232 ], [ -84.308191175932777, 42.269088185200381 ], [ -84.307982342954929, 42.269340161968486 ], [ -84.307811378256972, 42.269587173669009 ], [ -84.3075613556978, 42.270003441102439 ], [ -84.307360663248332, 42.270480212117462 ], [ -84.307245851831212, 42.270865418647105 ], [ -84.307101983321346, 42.271296617640424 ], [ -84.306929059235756, 42.271773809014633 ], [ -84.30674035445837, 42.272141207959336 ], [ -84.306491813980372, 42.272515268286426 ], [ -84.306237686323499, 42.272913834420535 ], [ -84.305868358813413, 42.273404204695716 ], [ -84.305496343629727, 42.273964157633415 ], [ -84.305389154924299, 42.274113502390875 ], [ -84.305304963278218, 42.274172120265241 ], [ -84.305215918005317, 42.274197862057896 ], [ -84.305138704157912, 42.274212375898465 ], [ -84.305013778491556, 42.274216179151736 ], [ -84.304228132297865, 42.274122946940828 ] ] } },
{ "type": "Feature", "properties": { "road_id": "LEO-ROAD-490", "segment_id": "LEO-490-9188033801815638021613" }, "geometry": { "type": "LineString", "coordinates": [ [ -84.260194259241757, 42.268254141781149 ], [ -84.260171615049103, 42.268718586958059 ] ] } },
{ "type": "Feature", "properties": { "road_id": "LEO-ROAD-491", "segment_id": "LEO-491-9187083800480238004542" }, "geometry": { "type": "LineString", "coordinates": [ [ -84.289660269355323, 42.268705194212039 ], [ -84.289660730573559, 42.270075483759349 ], [ -84.289702449790795, 42.272846878012665 ] ] } },
{ "type": "Feature", "properties": { "road_id": "LEO-ROAD-492", "segment_id": "LEO-492-33814313801705638020258" }, "geometry": { "type": "LineString", "coordinates": [ [ -84.304586994075166, 42.268911032862754 ], [ -84.303765921555268, 42.268970400884442 ], [ -84.303238093064436, 42.269012432195254 ], [ -84.303050969581406, 42.269075297957393 ], [ -84.302896587586147, 42.269173085928792 ], [ -84.302782766827704, 42.269327819567089 ], [ -84.302625943748765, 42.269666530445114 ], [ -84.302414516818928, 42.270151489375415 ] ] } },
{ "type": "Feature", "properties": { "road_id": "LEO-ROAD-493", "segment_id": "LEO-493-9186093801705638004465" }, "geometry": { "type": "LineString", "coordinates": [ [ -84.304586994075166, 42.268911032862754 ], [ -84.30452052549073, 42.269183295519724 ], [ -84.304505868927123, 42.269714485610429 ], [ -84.304544343478341, 42.270334194705391 ], [ -84.304533357232316, 42.270984106460219 ], [ -84.304527778212702, 42.271438043909086 ], [ -84.304547557135621, 42.271980077616085 ], [ -84.304451108447623, 42.27270607817438 ], [ -84.304287606380512, 42.27359615799957 ], [ -84.304228132297865, 42.274122946940828 ] ] } },
{ "type": "Feature", "properties": { "road_id": "LEO-ROAD-494", "segment_id": "LEO-494-9187063800481438017056" }, "geometry": { "type": "LineString", "coordinates": [ [ -84.308265778731155, 42.269002750209232 ], [ -84.308091378600295, 42.268957737869115 ], [ -84.307611028547626, 42.268951181925345 ], [ -84.304586994075166, 42.268911032862754 ] ] } },
{ "type": "Feature", "properties": { "road_id": "LEO-ROAD-495", "segment_id": "LEO-495-9159023800482938004767" }, "geometry": { "type": "LineString", "coordinates": [ [ -84.269953382618041, 42.268170976369518 ], [ -84.269959271902124, 42.270127506574383 ] ] } },
{ "type": "Feature", "properties": { "road_id": "LEO-ROAD-496", "segment_id": "LEO-496-9159083800476838004829" }, "geometry": { "type": "LineString", "coordinates": [ [ -84.275975049506258, 42.269633469948594 ], [ -84.269953382618041, 42.268170976369518 ] ] } },
{ "type": "Feature", "properties": { "road_id": "LEO-ROAD-497", "segment_id": "LEO-497-8976093800482838004512" }, "geometry": { "type": "LineString", "coordinates": [ [ -84.35219565424353, 42.269385818051738 ], [ -84.351928582462065, 42.269744153244282 ], [ -84.351801704505959, 42.270106216878716 ], [ -84.351826070974994, 42.271152210615391 ], [ -84.351911977851714, 42.274063050184431 ] ] } },
{ "type": "Feature", "properties": { "road_id": "LEO-ROAD-498", "segment_id": "LEO-498-9187073800482238004838" }, "geometry": { "type": "LineString", "coordinates": [ [ -84.309619113798675, 42.26882812042048 ], [ -84.309526005039942, 42.268716414585498 ], [ -84.309429706322987, 42.268614072838673 ], [ -84.309305063123205, 42.268541292411925 ], [ -84.309187563139545, 42.268495950927878 ] ] } },
{ "type": "Feature", "properties": { "road_id": "LEO-ROAD-499", "segment_id": "LEO-499-9187073800483838004814" }, "geometry": { "type": "LineString", "coordinates": [ [ -84.309187563139545, 42.268495950927878 ], [ -84.309020277513895, 42.268485165354448 ], [ -84.308830535929687, 42.268501184568571 ], [ -84.308651126213533, 42.2686267910615 ], [ -84.308500075157909, 42.2687799072663 ], [ -84.308265778731155, 42.269002750209232 ] ] } },
{ "type": "Feature", "properties": { "road_id": "LEO-ROAD-500", "segment_id": "LEO-500-9208193800483838017057" }, "geometry": { "type": "LineString", "coordinates": [ [ -84.309187563139545, 42.268495950927878 ], [ -84.309344170043602, 42.268152773792863 ] ] } },
{ "type": "Feature", "properties": { "road_id": "LEO-ROAD-501", "segment_id": "LEO-501-9185083802540638004766" }, "geometry": { "type": "LineString", "coordinates": [ [ -84.317618833990878, 42.268033818108904 ], [ -84.317471897914331, 42.268033726014586 ], [ -84.315346516846702, 42.268032373259004 ], [ -84.315240109015392, 42.268002318718217 ], [ -84.315107453190123, 42.267979831957298 ], [ -84.315028015037456, 42.26797180379495 ], [ -84.314940735163518, 42.267970483279349 ], [ -84.314853079748374, 42.267982810611123 ], [ -84.314786362690853, 42.268013658298678 ], [ -84.314734428062266, 42.268064072754626 ], [ -84.314687149237884, 42.268112282191417 ], [ -84.314659277559528, 42.268178989783671 ], [ -84.314621103063587, 42.268453754969691 ], [ -84.314551569041143, 42.268774898559236 ], [ -84.314447022245361, 42.269062474068569 ], [ -84.3143623586475, 42.269320141710232 ], [ -84.314268973857494, 42.269484541525195 ], [ -84.314171647384811, 42.269606707428352 ], [ -84.313983153444553, 42.269809095879012 ] ] } },
{ "type": "Feature", "properties": { "road_id": "LEO-ROAD-502", "segment_id": "LEO-502-9186093801924738017056" }, "geometry": { "type": "LineString", "coordinates": [ [ -84.305317442063043, 42.267364324764984 ], [ -84.30491405169883, 42.268170127813129 ], [ -84.304625071501121, 42.268752553084809 ], [ -84.304586994075166, 42.268911032862754 ] ] } },
{ "type": "Feature", "properties": { "road_id": "LEO-ROAD-503", "segment_id": "LEO-503-33817513800490938004399" }, "geometry": { "type": "LineString", "coordinates": [ [ -84.331985585909322, 42.267607969078618 ], [ -84.331577975305521, 42.268033209885175 ], [ -84.330996098637982, 42.268667161269171 ], [ -84.330270121537197, 42.269515140107849 ], [ -84.329973167118766, 42.26984819132614 ], [ -84.329690064420504, 42.270168206819108 ], [ -84.329176962714911, 42.270755158924331 ], [ -84.328708185065963, 42.271386185818223 ], [ -84.328522058294055, 42.271615220341175 ], [ -84.328123937746966, 42.272066170216121 ], [ -84.327499125517406, 42.272806591141425 ], [ -84.327050023782235, 42.273334243883944 ], [ -84.326218241768345, 42.274114155885705 ], [ -84.32574988969678, 42.274513213228502 ], [ -84.325164218065083, 42.274940215741552 ], [ -84.324482010469069, 42.275340195376714 ], [ -84.32396330720411, 42.275630165034883 ] ] } },
{ "type": "Feature", "properties": { "road_id": "LEO-ROAD-504", "segment_id": "LEO-504-8977013800490938004452" }, "geometry": { "type": "LineString", "coordinates": [ [ -84.331985585909322, 42.267607969078618 ], [ -84.331973279141678, 42.26777416025611 ], [ -84.331953892999294, 42.268348180541111 ], [ -84.331945298780411, 42.268890923373121 ], [ -84.331970076812908, 42.269503167952124 ], [ -84.332096216894712, 42.270104634870158 ], [ -84.332494283950595, 42.271116158994616 ], [ -84.33329674831711, 42.273221952934882 ], [ -84.33353951515781, 42.273622164743394 ], [ -84.333715493296026, 42.273919207967012 ], [ -84.334428861098061, 42.274811998108248 ] ] } },
{ "type": "Feature", "properties": { "road_id": "LEO-ROAD-505", "segment_id": "LEO-505-9159023800492638004829" }, "geometry": { "type": "LineString", "coordinates": [ [ -84.269912491791928, 42.266623243461801 ], [ -84.269953382618041, 42.268170976369518 ] ] } },
{ "type": "Feature", "properties": { "road_id": "LEO-ROAD-506", "segment_id": "LEO-506-9185083800491638025406" }, "geometry": { "type": "LineString", "coordinates": [ [ -84.320705780433443, 42.267397840143289 ], [ -84.320628773142019, 42.267580534188966 ], [ -84.320523066424286, 42.267796680230532 ], [ -84.320368303317565, 42.267981973107048 ], [ -84.320183377312802, 42.26812974877344 ], [ -84.320008815467475, 42.268240617572921 ], [ -84.319819427167673, 42.268323467025709 ], [ -84.319590080172276, 42.268384864877028 ], [ -84.319380895866018, 42.268393289939731 ], [ -84.319104076567299, 42.268365948632088 ], [ -84.318166655930781, 42.268090044510018 ], [ -84.317887222694949, 42.268033986157548 ], [ -84.317618833990878, 42.268033818108904 ] ] } },
{ "type": "Feature", "properties": { "road_id": "LEO-ROAD-507", "segment_id": "LEO-507-33810413800490938004920" }, "geometry": { "type": "LineString", "coordinates": [ [ -84.331985585909322, 42.267607969078618 ], [ -84.331914132542622, 42.267574047931525 ], [ -84.33176176950289, 42.267558325968004 ], [ -84.330485260241801, 42.267580387252494 ], [ -84.330439601639213, 42.267579801702887 ] ] } },
{ "type": "Feature", "properties": { "road_id": "LEO-ROAD-508", "segment_id": "LEO-508-9186093800492138019247" }, "geometry": { "type": "LineString", "coordinates": [ [ -84.305481502044387, 42.266985119009625 ], [ -84.305384095357738, 42.267231179774832 ], [ -84.305317442063043, 42.267364324764984 ] ] } },
{ "type": "Feature", "properties": { "road_id": "LEO-ROAD-509", "segment_id": "LEO-509-33814923800492138020406" }, "geometry": { "type": "LineString", "coordinates": [ [ -84.305481502044387, 42.266985119009625 ], [ -84.307670058653486, 42.267179250375378 ] ] } },
{ "type": "Feature", "properties": { "road_id": "LEO-ROAD-510", "segment_id": "LEO-510-8976093800493738004828" }, "geometry": { "type": "LineString", "coordinates": [ [ -84.353514591700858, 42.267525145425623 ], [ -84.353498073529423, 42.267725308075988 ], [ -84.353465996678821, 42.267842098247066 ], [ -84.353418348365082, 42.267950839972386 ], [ -84.353325827000049, 42.268064780209208 ], [ -84.352939988780435, 42.268492181557541 ], [ -84.35219565424353, 42.269385818051738 ] ] } },
{ "type": "Feature", "properties": { "road_id": "LEO-ROAD-511", "segment_id": "LEO-511-9209093800494138004938" }, "geometry": { "type": "LineString", "coordinates": [ [ -84.360093026264281, 42.267598128509533 ], [ -84.359383489528753, 42.267590465624409 ] ] } },
{ "type": "Feature", "properties": { "road_id": "LEO-ROAD-512", "segment_id": "LEO-512-9209093800494238004941" }, "geometry": { "type": "LineString", "coordinates": [ [ -84.361253502822592, 42.267591530773927 ], [ -84.360093026264281, 42.267598128509533 ] ] } },
{ "type": "Feature", "properties": { "road_id": "LEO-ROAD-513", "segment_id": "LEO-513-9209093800493938004942" }, "geometry": { "type": "LineString", "coordinates": [ [ -84.361818961100312, 42.267588457623326 ], [ -84.361253502822592, 42.267591530773927 ] ] } },
{ "type": "Feature", "properties": { "road_id": "LEO-ROAD-514", "segment_id": "LEO-514-9183093800494438004937" }, "geometry": { "type": "LineString", "coordinates": [ [ -84.356241978694314, 42.267456197167789 ], [ -84.356198379965463, 42.267496319921506 ], [ -84.356149108342578, 42.267523916085167 ], [ -84.356086457392522, 42.267533289546684 ], [ -84.356026808776477, 42.267532130103085 ], [ -84.353698854944511, 42.267533173322754 ], [ -84.353514591700858, 42.267525145425623 ] ] } },
{ "type": "Feature", "properties": { "road_id": "LEO-ROAD-515", "segment_id": "LEO-515-33816993800494438021743" }, "geometry": { "type": "LineString", "coordinates": [ [ -84.356241978694314, 42.267456197167789 ], [ -84.356253964788564, 42.267771439695416 ], [ -84.356273984339936, 42.267956275517236 ], [ -84.356303460600842, 42.268010588740466 ] ] } },
{ "type": "Feature", "properties": { "road_id": "LEO-ROAD-516", "segment_id": "LEO-516-9188033800498338018156" }, "geometry": { "type": "LineString", "coordinates": [ [ -84.260878851796235, 42.265715418332178 ], [ -84.260780750367914, 42.266322361449042 ], [ -84.260742318225923, 42.266484606323303 ], [ -84.260697491253723, 42.26661287053669 ], [ -84.260520665168613, 42.266983114290753 ], [ -84.260321232716876, 42.267403074530442 ], [ -84.260224257419637, 42.26763889372716 ], [ -84.260194259241757, 42.268254141781149 ] ] } },
{ "type": "Feature", "properties": { "road_id": "LEO-ROAD-517", "segment_id": "LEO-517-9159083800482938004983" }, "geometry": { "type": "LineString", "coordinates": [ [ -84.269953382618041, 42.268170976369518 ], [ -84.268064793550693, 42.267709402356196 ], [ -84.266450798714416, 42.267302514863509 ], [ -84.265361606244809, 42.267006961185068 ], [ -84.26435994440601, 42.266725918328916 ], [ -84.262825927242957, 42.266269183743816 ], [ -84.261873544766004, 42.265997184283066 ], [ -84.260878851796235, 42.265715418332178 ] ] } },
{ "type": "Feature", "properties": { "road_id": "LEO-ROAD-518", "segment_id": "LEO-518-33817513800498038004909" }, "geometry": { "type": "LineString", "coordinates": [ [ -84.332920384689245, 42.266755330999494 ], [ -84.332411056673436, 42.267205202892903 ], [ -84.331985585909322, 42.267607969078618 ] ] } },
{ "type": "Feature", "properties": { "road_id": "LEO-ROAD-519", "segment_id": "LEO-519-9186093801924638004921" }, "geometry": { "type": "LineString", "coordinates": [ [ -84.30547463595353, 42.266324052557337 ], [ -84.305504091706126, 42.266515396564941 ], [ -84.305504919488726, 42.266737261507025 ], [ -84.305481502044387, 42.266985119009625 ] ] } },
{ "type": "Feature", "properties": { "road_id": "LEO-ROAD-520", "segment_id": "LEO-520-33817513800499338004980" }, "geometry": { "type": "LineString", "coordinates": [ [ -84.333059868295322, 42.266632128862923 ], [ -84.332920384689245, 42.266755330999494 ] ] } },
{ "type": "Feature", "properties": { "road_id": "LEO-ROAD-521", "segment_id": "LEO-521-8991093802014838004791" }, "geometry": { "type": "LineString", "coordinates": [ [ -84.357521352582495, 42.266716636963622 ], [ -84.357802122919097, 42.26946684784523 ], [ -84.357873144569837, 42.270064557030352 ] ] } },
{ "type": "Feature", "properties": { "road_id": "LEO-ROAD-522", "segment_id": "LEO-522-9185083800501538004916" }, "geometry": { "type": "LineString", "coordinates": [ [ -84.321188561614008, 42.266160825991975 ], [ -84.321095122857614, 42.266539400607307 ], [ -84.320973818503646, 42.266832121264997 ], [ -84.320879434424782, 42.267013128390346 ], [ -84.320705780433443, 42.267397840143289 ] ] } },
{ "type": "Feature", "properties": { "road_id": "LEO-ROAD-523", "segment_id": "LEO-523-33813813802014738020148" }, "geometry": { "type": "LineString", "coordinates": [ [ -84.357740341616349, 42.266702507623627 ], [ -84.357521352582495, 42.266716636963622 ] ] } },
{ "type": "Feature", "properties": { "road_id": "LEO-ROAD-524", "segment_id": "LEO-524-8991103802014738004790" }, "geometry": { "type": "LineString", "coordinates": [ [ -84.357740341616349, 42.266702507623627 ], [ -84.358014495532871, 42.269374726097517 ], [ -84.358100892470233, 42.270030916795591 ] ] } },
{ "type": "Feature", "properties": { "road_id": "LEO-ROAD-525", "segment_id": "LEO-525-33817513800501838004993" }, "geometry": { "type": "LineString", "coordinates": [ [ -84.33349023107111, 42.266277600031849 ], [ -84.333287064885383, 42.266432156799475 ], [ -84.333059868295322, 42.266632128862923 ] ] } },
{ "type": "Feature", "properties": { "road_id": "LEO-ROAD-526", "segment_id": "LEO-526-9019053800503138005015" }, "geometry": { "type": "LineString", "coordinates": [ [ -84.328768940760554, 42.266123730997215 ], [ -84.321188561614008, 42.266160825991975 ] ] } },
{ "type": "Feature", "properties": { "road_id": "LEO-ROAD-527", "segment_id": "LEO-527-9186093800503738019246" }, "geometry": { "type": "LineString", "coordinates": [ [ -84.305227897463467, 42.26573131605489 ], [ -84.305407443277531, 42.266145985332216 ], [ -84.30547463595353, 42.266324052557337 ] ] } },
{ "type": "Feature", "properties": { "road_id": "LEO-ROAD-528", "segment_id": "LEO-528-33800473800504938005037" }, "geometry": { "type": "LineString", "coordinates": [ [ -84.307682215060268, 42.265737909889502 ], [ -84.306851055537564, 42.265735307059899 ], [ -84.305227897463467, 42.26573131605489 ] ] } },
{ "type": "Feature", "properties": { "road_id": "LEO-ROAD-529", "segment_id": "LEO-529-9208083800504938004986" }, "geometry": { "type": "LineString", "coordinates": [ [ -84.307682215060268, 42.265737909889502 ], [ -84.307698013414424, 42.265872861129125 ], [ -84.307702158878271, 42.266201329947705 ] ] } },
{ "type": "Feature", "properties": { "road_id": "LEO-ROAD-530", "segment_id": "LEO-530-9019053800501838005031" }, "geometry": { "type": "LineString", "coordinates": [ [ -84.33349023107111, 42.266277600031849 ], [ -84.333380973652638, 42.266207110425881 ], [ -84.333298523461551, 42.266165641582667 ], [ -84.333214026369717, 42.266142534721865 ], [ -84.333055176901425, 42.266121762874484 ], [ -84.332880575568936, 42.266111101614158 ], [ -84.328768940760554, 42.266123730997215 ] ] } },
{ "type": "Feature", "properties": { "road_id": "LEO-ROAD-531", "segment_id": "LEO-531-8976093800505038004937" }, "geometry": { "type": "LineString", "coordinates": [ [ -84.353497006077646, 42.266210555187953 ], [ -84.353514591700858, 42.267525145425623 ] ] } },
{ "type": "Feature", "properties": { "road_id": "LEO-ROAD-532", "segment_id": "LEO-532-9183083800505338005050" }, "geometry": { "type": "LineString", "coordinates": [ [ -84.356235614684138, 42.266183665769333 ], [ -84.353497006077646, 42.266210555187953 ] ] } },
{ "type": "Feature", "properties": { "road_id": "LEO-ROAD-533", "segment_id": "LEO-533-9192023800505338004944" }, "geometry": { "type": "LineString", "coordinates": [ [ -84.356235614684138, 42.266183665769333 ], [ -84.356241978694314, 42.267456197167789 ] ] } },
{ "type": "Feature", "properties": { "road_id": "LEO-ROAD-534", "segment_id": "LEO-534-9159083800498338005070" }, "geometry": { "type": "LineString", "coordinates": [ [ -84.260878851796235, 42.265715418332178 ], [ -84.260426098641148, 42.265576511678546 ], [ -84.259776267449709, 42.265423977072622 ], [ -84.257741127420942, 42.265056518877095 ], [ -84.255403300633887, 42.264582849210939 ], [ -84.254917977276335, 42.264497799848435 ], [ -84.254633890862706, 42.26443338886326 ], [ -84.254342603064828, 42.264355450209308 ] ] } },
{ "type": "Feature", "properties": { "road_id": "LEO-ROAD-535", "segment_id": "LEO-535-9186093800509138005037" }, "geometry": { "type": "LineString", "coordinates": [ [ -84.30477995443006, 42.265015670773757 ], [ -84.304885271275509, 42.265200203661152 ], [ -84.305227897463467, 42.26573131605489 ] ] } },
{ "type": "Feature", "properties": { "road_id": "LEO-ROAD-536", "segment_id": "LEO-536-9192013800508238004941" }, "geometry": { "type": "LineString", "coordinates": [ [ -84.360054128311319, 42.26582241232807 ], [ -84.360093886007121, 42.267460154615428 ], [ -84.360093026264281, 42.267598128509533 ] ] } },
{ "type": "Feature", "properties": { "road_id": "LEO-ROAD-537", "segment_id": "LEO-537-9191103800508583027268" }, "geometry": { "type": "LineString", "coordinates": [ [ -84.361760675707202, 42.265829200541546 ], [ -84.361762705428575, 42.266310416847496 ] ] } },
{ "type": "Feature", "properties": { "road_id": "LEO-ROAD-538", "segment_id": "LEO-538-9209073800508438005082" }, "geometry": { "type": "LineString", "coordinates": [ [ -84.361107048052332, 42.265816908643274 ], [ -84.360299074968424, 42.265820192751612 ], [ -84.360054128311319, 42.26582241232807 ] ] } },
{ "type": "Feature", "properties": { "road_id": "LEO-ROAD-539", "segment_id": "LEO-539-9209083800508438004942" }, "geometry": { "type": "LineString", "coordinates": [ [ -84.361107048052332, 42.265816908643274 ], [ -84.361102348275338, 42.266000865054586 ], [ -84.361106944242891, 42.266268191514229 ], [ -84.361125363573095, 42.266457286068416 ], [ -84.361212371046278, 42.266714205842412 ], [ -84.361234931850788, 42.26689464699615 ], [ -84.361245411262246, 42.267234684437597 ], [ -84.361253502822592, 42.267591530773927 ] ] } },
{ "type": "Feature", "properties": { "road_id": "LEO-ROAD-540", "segment_id": "LEO-540-9209073800508538005084" }, "geometry": { "type": "LineString", "coordinates": [ [ -84.361760675707202, 42.265829200541546 ], [ -84.361107048052332, 42.265816908643274 ] ] } },
{ "type": "Feature", "properties": { "road_id": "LEO-ROAD-541", "segment_id": "LEO-541-33817513800511238005018" }, "geometry": { "type": "LineString", "coordinates": [ [ -84.335080299093548, 42.265078037246262 ], [ -84.33451123051664, 42.265500203183272 ], [ -84.3339538727556, 42.265933166654612 ], [ -84.33349023107111, 42.266277600031849 ] ] } },
{ "type": "Feature", "properties": { "road_id": "LEO-ROAD-542", "segment_id": "LEO-542-9019063800511238004993" }, "geometry": { "type": "LineString", "coordinates": [ [ -84.335080299093548, 42.265078037246262 ], [ -84.334842938705066, 42.265412857508323 ], [ -84.334637990352178, 42.26562424529596 ], [ -84.334178791984471, 42.266054859625243 ], [ -84.333779569373391, 42.266378138694179 ], [ -84.333527665360236, 42.266489283499823 ], [ -84.333244123496655, 42.266588139136623 ], [ -84.333059868295322, 42.266632128862923 ] ] } },
{ "type": "Feature", "properties": { "road_id": "LEO-ROAD-543", "segment_id": "LEO-543-33800473800509138005049" }, "geometry": { "type": "LineString", "coordinates": [ [ -84.30477995443006, 42.265015670773757 ], [ -84.305391524531203, 42.264830427224588 ], [ -84.305939574898943, 42.264646019615078 ], [ -84.306124302601447, 42.264602961430647 ], [ -84.306318509910085, 42.264589351469127 ], [ -84.306474258374081, 42.264601912395491 ], [ -84.30661698780095, 42.264651224746302 ], [ -84.306840959586907, 42.264763073210986 ], [ -84.307145422499488, 42.264928711588432 ], [ -84.307395870779359, 42.265099434035811 ], [ -84.30754179238231, 42.265240747832003 ], [ -84.307749211304198, 42.265529048246627 ], [ -84.307758468764391, 42.265617863145565 ], [ -84.307733108288062, 42.265688764584667 ], [ -84.307682215060268, 42.265737909889502 ] ] } },
{ "type": "Feature", "properties": { "road_id": "LEO-ROAD-544", "segment_id": "LEO-544-33815663802556038021393" }, "geometry": { "type": "LineString", "coordinates": [ [ -84.338063107289429, 42.265010044391445 ], [ -84.338071160829955, 42.265049589325663 ], [ -84.338088605802753, 42.265302390890099 ] ] } },
{ "type": "Feature", "properties": { "road_id": "LEO-ROAD-545", "segment_id": "LEO-545-9186093802037738005091" }, "geometry": { "type": "LineString", "coordinates": [ [ -84.304487284201144, 42.264436880531711 ], [ -84.304489830464149, 42.26446718574288 ], [ -84.304547931801793, 42.264665200691027 ], [ -84.304665589452725, 42.264857788463686 ], [ -84.30477995443006, 42.265015670773757 ] ] } },
{ "type": "Feature", "properties": { "road_id": "LEO-ROAD-546", "segment_id": "LEO-546-33817513800513238005112" }, "geometry": { "type": "LineString", "coordinates": [ [ -84.335716964127286, 42.264634241846615 ], [ -84.335080299093548, 42.265078037246262 ] ] } },
{ "type": "Feature", "properties": { "road_id": "LEO-ROAD-547", "segment_id": "LEO-547-9159083800507038005147" }, "geometry": { "type": "LineString", "coordinates": [ [ -84.254342603064828, 42.264355450209308 ], [ -84.254161538546796, 42.264306228497929 ], [ -84.25398782491061, 42.264237910633582 ], [ -84.253866450377657, 42.264180170975287 ], [ -84.253756173210576, 42.264132757321917 ], [ -84.253376161209232, 42.263957595602491 ], [ -84.252920080275658, 42.263733863342097 ], [ -84.252420112687702, 42.263483117304212 ], [ -84.2519517614774, 42.263269934664613 ], [ -84.251559967235323, 42.263143219380304 ], [ -84.251398774382352, 42.263103592393158 ], [ -84.251162257015238, 42.263078241715441 ], [ -84.250896268688948, 42.263064793793127 ], [ -84.250359463181908, 42.263070597765207 ] ] } },
{ "type": "Feature", "properties": { "road_id": "LEO-ROAD-548", "segment_id": "LEO-548-9185083800516138005015" }, "geometry": { "type": "LineString", "coordinates": [ [ -84.320552170092299, 42.263892214452071 ], [ -84.320664689374112, 42.264240157789686 ], [ -84.321061863711549, 42.26561321941022 ], [ -84.321188561614008, 42.266160825991975 ] ] } },
{ "type": "Feature", "properties": { "road_id": "LEO-ROAD-549", "segment_id": "LEO-549-9130033800516238004718" }, "geometry": { "type": "LineString", "coordinates": [ [ -84.364942815785071, 42.264503960272073 ], [ -84.364942384899038, 42.265898023218831 ], [ -84.36493660448177, 42.266276508731956 ], [ -84.364932345401073, 42.271106251189394 ] ] } },
{ "type": "Feature", "properties": { "road_id": "LEO-ROAD-550", "segment_id": "LEO-550-9186093800520138020377" }, "geometry": { "type": "LineString", "coordinates": [ [ -84.305311434343338, 42.263557829648583 ], [ -84.305209526863933, 42.263668846590981 ], [ -84.305055815143461, 42.263768701362068 ], [ -84.304777708154134, 42.263944726387649 ], [ -84.30456263146921, 42.264121711093033 ], [ -84.30447231112133, 42.264234827915438 ], [ -84.304475127884558, 42.264292163470294 ], [ -84.304487284201144, 42.264436880531711 ] ] } },
{ "type": "Feature", "properties": { "road_id": "LEO-ROAD-551", "segment_id": "LEO-551-9187133800520138005134" }, "geometry": { "type": "LineString", "coordinates": [ [ -84.305311434343338, 42.263557829648583 ], [ -84.30564294093341, 42.263746932794945 ], [ -84.306007225599345, 42.263886617576681 ], [ -84.306834424808955, 42.26413767234429 ], [ -84.307656150002899, 42.264623482604904 ] ] } },
{ "type": "Feature", "properties": { "road_id": "LEO-ROAD-552", "segment_id": "LEO-552-9159023800518638004926" }, "geometry": { "type": "LineString", "coordinates": [ [ -84.269878305698242, 42.262962626077545 ], [ -84.269895985646571, 42.264855742257389 ], [ -84.269896066048716, 42.264864349954735 ], [ -84.269912491791928, 42.266623243461801 ] ] } },
{ "type": "Feature", "properties": { "road_id": "LEO-ROAD-553", "segment_id": "LEO-553-33817513802139238005132" }, "geometry": { "type": "LineString", "coordinates": [ [ -84.336818701731772, 42.263951839398487 ], [ -84.336483573309465, 42.264153095246058 ], [ -84.336343959805276, 42.264228130612622 ], [ -84.336039201284535, 42.264421165175122 ], [ -84.335716964127286, 42.264634241846615 ] ] } },
{ "type": "Feature", "properties": { "road_id": "LEO-ROAD-554", "segment_id": "LEO-554-33815663802139238025560" }, "geometry": { "type": "LineString", "coordinates": [ [ -84.336818701731772, 42.263951839398487 ], [ -84.336963887507181, 42.264075366930214 ], [ -84.337147968243642, 42.264225217616833 ], [ -84.33731354734509, 42.26432698403287 ], [ -84.337484972168724, 42.264395740056074 ], [ -84.337695890318628, 42.264468762646274 ], [ -84.337838101701919, 42.264538020538645 ], [ -84.337936404034139, 42.264644714197004 ], [ -84.337994246123102, 42.264750802810532 ], [ -84.338031859260511, 42.264856590287252 ], [ -84.338063107289429, 42.265010044391445 ] ] } },
{ "type": "Feature", "properties": { "road_id": "LEO-ROAD-555", "segment_id": "LEO-555-9159073800520638005186" }, "geometry": { "type": "LineString", "coordinates": [ [ -84.284605933361647, 42.262818386666922 ], [ -84.269878305698242, 42.262962626077545 ] ] } },
{ "type": "Feature", "properties": { "road_id": "LEO-ROAD-556", "segment_id": "LEO-556-9159073800520938005206" }, "geometry": { "type": "LineString", "coordinates": [ [ -84.289557539408165, 42.262779515905017 ], [ -84.284605933361647, 42.262818386666922 ] ] } },
{ "type": "Feature", "properties": { "road_id": "LEO-ROAD-557", "segment_id": "LEO-557-9187083800520938004802" }, "geometry": { "type": "LineString", "coordinates": [ [ -84.289557539408165, 42.262779515905017 ], [ -84.289660269355323, 42.268705194212039 ] ] } },
{ "type": "Feature", "properties": { "road_id": "LEO-ROAD-558", "segment_id": "LEO-558-33816713800511238021677" }, "geometry": { "type": "LineString", "coordinates": [ [ -84.335080299093548, 42.265078037246262 ], [ -84.334997578590176, 42.265009063921845 ], [ -84.334844419350901, 42.264888890849569 ], [ -84.334665794635214, 42.264635936858305 ], [ -84.33445311718279, 42.264389294022692 ], [ -84.334197870030792, 42.264167929128895 ], [ -84.333908601811189, 42.263895974087276 ], [ -84.333619328435432, 42.263642985597258 ], [ -84.333432132074591, 42.263516478218193 ], [ -84.333210867653762, 42.263427897038817 ], [ -84.332887464278954, 42.263332962148567 ], [ -84.332312855175232, 42.263172708705426 ], [ -84.332274698214576, 42.26316206698575 ] ] } },
{ "type": "Feature", "properties": { "road_id": "LEO-ROAD-559", "segment_id": "LEO-559-9185083800525638005161" }, "geometry": { "type": "LineString", "coordinates": [ [ -84.320202912439797, 42.262591505663423 ], [ -84.320236404843925, 42.262787135554433 ], [ -84.32046161024067, 42.263612176494803 ], [ -84.320552170092299, 42.263892214452071 ] ] } },
{ "type": "Feature", "properties": { "road_id": "LEO-ROAD-560", "segment_id": "LEO-560-8976093800528938005050" }, "geometry": { "type": "LineString", "coordinates": [ [ -84.353446083878609, 42.262269852688334 ], [ -84.353471398577341, 42.265923722762565 ], [ -84.353497006077646, 42.266210555187953 ] ] } },
{ "type": "Feature", "properties": { "road_id": "LEO-ROAD-561", "segment_id": "LEO-561-9185083800529038005256" }, "geometry": { "type": "LineString", "coordinates": [ [ -84.32020502818807, 42.26173962802455 ], [ -84.320202912439797, 42.262591505663423 ] ] } },
{ "type": "Feature", "properties": { "road_id": "LEO-ROAD-562", "segment_id": "LEO-562-9130033800528838005162" }, "geometry": { "type": "LineString", "coordinates": [ [ -84.364927117896016, 42.262370248215497 ], [ -84.364942815785071, 42.264503960272073 ] ] } },
{ "type": "Feature", "properties": { "road_id": "LEO-ROAD-563", "segment_id": "LEO-563-33800483800528938005293" }, "geometry": { "type": "LineString", "coordinates": [ [ -84.353446083878609, 42.262269852688334 ], [ -84.356157886097122, 42.262219727649764 ] ] } },
{ "type": "Feature", "properties": { "road_id": "LEO-ROAD-564", "segment_id": "LEO-564-9192023800529338005053" }, "geometry": { "type": "LineString", "coordinates": [ [ -84.356157886097122, 42.262219727649764 ], [ -84.356240916960616, 42.265982128273954 ], [ -84.356235614684138, 42.266183665769333 ] ] } },
{ "type": "Feature", "properties": { "road_id": "LEO-ROAD-565", "segment_id": "LEO-565-33800483800529338005294" }, "geometry": { "type": "LineString", "coordinates": [ [ -84.356157886097122, 42.262219727649764 ], [ -84.356899943726958, 42.262214637209865 ] ] } },
{ "type": "Feature", "properties": { "road_id": "LEO-ROAD-566", "segment_id": "LEO-566-8993023800530038005298" }, "geometry": { "type": "LineString", "coordinates": [ [ -84.360057152222183, 42.262198205386795 ], [ -84.357860257945234, 42.262211055068583 ] ] } },
{ "type": "Feature", "properties": { "road_id": "LEO-ROAD-567", "segment_id": "LEO-567-9192013800530038005082" }, "geometry": { "type": "LineString", "coordinates": [ [ -84.360057152222183, 42.262198205386795 ], [ -84.360054128311319, 42.26582241232807 ] ] } },
{ "type": "Feature", "properties": { "road_id": "LEO-ROAD-568", "segment_id": "LEO-568-8993023800530138005300" }, "geometry": { "type": "LineString", "coordinates": [ [ -84.361734682317149, 42.262178553582693 ], [ -84.360057152222183, 42.262198205386795 ] ] } },
{ "type": "Feature", "properties": { "road_id": "LEO-ROAD-569", "segment_id": "LEO-569-9191103800530138005085" }, "geometry": { "type": "LineString", "coordinates": [ [ -84.361734682317149, 42.262178553582693 ], [ -84.361760675707202, 42.265829200541546 ] ] } },
{ "type": "Feature", "properties": { "road_id": "LEO-ROAD-570", "segment_id": "LEO-570-8993023800530738005301" }, "geometry": { "type": "LineString", "coordinates": [ [ -84.364921891078055, 42.262152695483749 ], [ -84.361734682317149, 42.262178553582693 ] ] } },
{ "type": "Feature", "properties": { "road_id": "LEO-ROAD-571", "segment_id": "LEO-571-9130033800530738005288" }, "geometry": { "type": "LineString", "coordinates": [ [ -84.364921891078055, 42.262152695483749 ], [ -84.364927117896016, 42.262370248215497 ] ] } },
{ "type": "Feature", "properties": { "road_id": "LEO-ROAD-572", "segment_id": "LEO-572-9130033800534238005307" }, "geometry": { "type": "LineString", "coordinates": [ [ -84.36489942669516, 42.261707131742639 ], [ -84.364921891078055, 42.262152695483749 ] ] } },
{ "type": "Feature", "properties": { "road_id": "LEO-ROAD-573", "segment_id": "LEO-573-9186093800543338005201" }, "geometry": { "type": "LineString", "coordinates": [ [ -84.30551463637957, 42.260186697167718 ], [ -84.305259491777605, 42.26087041488676 ], [ -84.305116028947296, 42.261335384295784 ], [ -84.305016710438352, 42.261631767706788 ], [ -84.304949399517923, 42.261946082418987 ], [ -84.304953023889212, 42.262180139414639 ], [ -84.305060846914131, 42.262736178302362 ], [ -84.30507968424071, 42.262855514760439 ], [ -84.305111047988959, 42.263055186361747 ], [ -84.305311434343338, 42.263557829648583 ] ] } },
{ "type": "Feature", "properties": { "road_id": "LEO-ROAD-574", "segment_id": "LEO-574-9187023800543338005457" }, "geometry": { "type": "LineString", "coordinates": [ [ -84.30551463637957, 42.260186697167718 ], [ -84.304907440019321, 42.260126634496416 ], [ -84.304471368010269, 42.260067270378876 ], [ -84.304096771896837, 42.260030810648757 ], [ -84.303774964824484, 42.26001053145793 ], [ -84.303399035799401, 42.260022380564671 ], [ -84.303084823893656, 42.260048351271969 ], [ -84.302939058047386, 42.260079083992842 ], [ -84.302874935184676, 42.26011413415408 ], [ -84.302807655967058, 42.260183250052393 ], [ -84.302757448775964, 42.26031151414562 ] ] } },
{ "type": "Feature", "properties": { "road_id": "LEO-ROAD-575", "segment_id": "LEO-575-33817513800541438021392" }, "geometry": { "type": "LineString", "coordinates": [ [ -84.34480979591693, 42.260608415445702 ], [ -84.344232264317142, 42.260774172750487 ], [ -84.343121352158008, 42.261123111706773 ], [ -84.341885305282062, 42.261549139840184 ], [ -84.340826095005596, 42.261970169158388 ], [ -84.339908163746188, 42.262336128052468 ], [ -84.339457970123533, 42.262540156888981 ], [ -84.338944976172527, 42.262773169911512 ], [ -84.338185408636363, 42.263188569757659 ], [ -84.337577363299673, 42.263515748720401 ], [ -84.337294781865111, 42.263675327543211 ], [ -84.336818701731772, 42.263951839398487 ] ] } },
{ "type": "Feature", "properties": { "road_id": "LEO-ROAD-576", "segment_id": "LEO-576-9186093800542938005433" }, "geometry": { "type": "LineString", "coordinates": [ [ -84.305649380890813, 42.259734166387823 ], [ -84.305605927517121, 42.259967452258401 ], [ -84.30551463637957, 42.260186697167718 ] ] } },
{ "type": "Feature", "properties": { "road_id": "LEO-ROAD-577", "segment_id": "LEO-577-9130033800543938005342" }, "geometry": { "type": "LineString", "coordinates": [ [ -84.364916280334526, 42.260470161195578 ], [ -84.36490108065864, 42.260966966709063 ], [ -84.36489942669516, 42.261707131742639 ] ] } },
{ "type": "Feature", "properties": { "road_id": "LEO-ROAD-578", "segment_id": "LEO-578-9186093802558938005429" }, "geometry": { "type": "LineString", "coordinates": [ [ -84.305126534233153, 42.259292880458673 ], [ -84.305150337503193, 42.259317815113548 ], [ -84.305364479577605, 42.259521721094991 ], [ -84.305531981111812, 42.259665247103584 ], [ -84.305649380890813, 42.259734166387823 ] ] } },
{ "type": "Feature", "properties": { "road_id": "LEO-ROAD-579", "segment_id": "LEO-579-8991103800551138020147" }, "geometry": { "type": "LineString", "coordinates": [ [ -84.357272223628115, 42.259934517835944 ], [ -84.357403354612714, 42.2621554737064 ], [ -84.357405674344932, 42.262188979078658 ], [ -84.357637003160676, 42.265695186556513 ], [ -84.357740341616349, 42.266702507623627 ] ] } },
{ "type": "Feature", "properties": { "road_id": "LEO-ROAD-580", "segment_id": "LEO-580-33817513800546838005414" }, "geometry": { "type": "LineString", "coordinates": [ [ -84.348435257441736, 42.259718078209964 ], [ -84.346881177676465, 42.260116171551196 ], [ -84.345275302334727, 42.260497175779633 ], [ -84.34480979591693, 42.260608415445702 ] ] } },
{ "type": "Feature", "properties": { "road_id": "LEO-ROAD-581", "segment_id": "LEO-581-9019023800546838005335" }, "geometry": { "type": "LineString", "coordinates": [ [ -84.348435257441736, 42.259718078209964 ], [ -84.348464442949407, 42.261490139880259 ], [ -84.348465972517587, 42.261703322738256 ] ] } },
{ "type": "Feature", "properties": { "road_id": "LEO-ROAD-582", "segment_id": "LEO-582-9185193800529038017617" }, "geometry": { "type": "LineString", "coordinates": [ [ -84.32020502818807, 42.26173962802455 ], [ -84.31999693372606, 42.261748741427063 ], [ -84.31988352185482, 42.261758757032162 ], [ -84.319799628090692, 42.261747719175077 ], [ -84.319740418958034, 42.261699919604574 ], [ -84.319687379167689, 42.261618987579027 ], [ -84.319601316212598, 42.261096127239675 ], [ -84.319404210641622, 42.260744179118412 ], [ -84.319132309288577, 42.260363151180613 ], [ -84.318831299238795, 42.26009316748636 ], [ -84.31854414371989, 42.259828158357415 ], [ -84.318124476431379, 42.259530116768495 ], [ -84.317726050222333, 42.259248111845068 ], [ -84.317579967216076, 42.259121769246107 ] ] } },
{ "type": "Feature", "properties": { "road_id": "LEO-ROAD-583", "segment_id": "LEO-583-8991093800547838020148" }, "geometry": { "type": "LineString", "coordinates": [ [ -84.357015790357295, 42.259700022671794 ], [ -84.357142658142578, 42.2621439540303 ], [ -84.357419086863899, 42.265714860606323 ], [ -84.357521352582495, 42.266716636963622 ] ] } },
{ "type": "Feature", "properties": { "road_id": "LEO-ROAD-584", "segment_id": "LEO-584-33817513800550838005468" }, "geometry": { "type": "LineString", "coordinates": [ [ -84.350186227571342, 42.259303259050228 ], [ -84.348435257441736, 42.259718078209964 ] ] } },
{ "type": "Feature", "properties": { "road_id": "LEO-ROAD-585", "segment_id": "LEO-585-9019013800550838005445" }, "geometry": { "type": "LineString", "coordinates": [ [ -84.350186227571342, 42.259303259050228 ], [ -84.350197387739016, 42.260190850523855 ], [ -84.350197569733425, 42.260407826445757 ] ] } },
{ "type": "Feature", "properties": { "road_id": "LEO-ROAD-586", "segment_id": "LEO-586-9185193801761738005597" }, "geometry": { "type": "LineString", "coordinates": [ [ -84.317579967216076, 42.259121769246107 ], [ -84.317146150303614, 42.258785688607333 ] ] } },
{ "type": "Feature", "properties": { "road_id": "LEO-ROAD-587", "segment_id": "LEO-587-9019043801925238021392" }, "geometry": { "type": "LineString", "coordinates": [ [ -84.338688922397921, 42.258683998302281 ], [ -84.338745994400981, 42.259439160988087 ], [ -84.338683583947827, 42.260105670988658 ], [ -84.338685263814895, 42.260161567729 ], [ -84.338685535661483, 42.260170571751388 ], [ -84.338685812356886, 42.260179575846159 ], [ -84.33868609268886, 42.260188579995152 ], [ -84.338686376633163, 42.260197585098894 ], [ -84.338686664238395, 42.260206589356436 ], [ -84.338686954243713, 42.260215594550601 ], [ -84.338687247910059, 42.260224598898567 ], [ -84.338687543976391, 42.260233604183092 ], [ -84.338687843679452, 42.260242609521953 ], [ -84.338688145806884, 42.260251614896958 ], [ -84.338688449146602, 42.260260620290033 ], [ -84.338688756122991, 42.260269625737379 ], [ -84.338689065523823, 42.260278631220899 ], [ -84.338689376136884, 42.260287636722467 ], [ -84.338689689174444, 42.260296642260215 ], [ -84.338690003399918, 42.260305648716503 ], [ -84.338690320074164, 42.260314654308502 ], [ -84.338690636748524, 42.260323659900443 ], [ -84.338690955822969, 42.260332666429044 ], [ -84.338691276134057, 42.260341672075306 ], [ -84.338691596420858, 42.260350678621947 ], [ -84.338691917944317, 42.26035968428625 ], [ -84.338692240655647, 42.260368690869065 ], [ -84.338692563391504, 42.260377696551416 ], [ -84.338692886103075, 42.260386703134202 ], [ -84.338693210051233, 42.260395708834622 ], [ -84.338693532762974, 42.260404715417366 ], [ -84.33869385671133, 42.260413721117708 ], [ -84.338694179423271, 42.260422727700487 ], [ -84.33869450215964, 42.260431733382703 ], [ -84.338694823659566, 42.26044073994732 ], [ -84.338695145183948, 42.260449745611481 ], [ -84.338695465471886, 42.260458752157945 ], [ -84.338695784572081, 42.260467757785889 ], [ -84.338696102460204, 42.260476763395701 ], [ -84.338696419111855, 42.260485769887886 ], [ -84.338696734575777, 42.260494775461467 ], [ -84.338697048827598, 42.260503781016993 ], [ -84.338697360655104, 42.26051278653631 ], [ -84.338697670058352, 42.260521792019397 ], [ -84.338697978225156, 42.260530798384849 ], [ -84.338698282779873, 42.26053980379556 ], [ -84.338698586146819, 42.260548808287723 ], [ -84.338698887065135, 42.260557813644162 ], [ -84.338699184346964, 42.260566818946238 ], [ -84.338699479204536, 42.260575824212189 ], [ -84.338699771662149, 42.260584828541461 ], [ -84.338700060458933, 42.260593833716918 ], [ -84.338700345643574, 42.26060283793764 ], [ -84.338700627167441, 42.260611843004462 ], [ -84.338700905079122, 42.26062084711662 ], [ -84.338701179354345, 42.260629851174471 ], [ -84.338701449993081, 42.260638855178009 ], [ -84.338701716995345, 42.260647859127289 ], [ -84.338701979148937, 42.260656863004158 ], [ -84.33870223647817, 42.260665865908194 ], [ -84.338702490146588, 42.260674869658438 ], [ -84.338702737778505, 42.260683872417722 ], [ -84.338702981773892, 42.260692875122764 ], [ -84.338703219684078, 42.26070187863774 ], [ -84.338703452794249, 42.260710880279433 ], [ -84.33870368103139, 42.260719882749228 ], [ -84.338703903207673, 42.260728885128543 ], [ -84.338704120559584, 42.260737886535011 ], [ -84.338704331826293, 42.260746888751484 ], [ -84.338704537056472, 42.260755889977005 ], [ -84.338704736225722, 42.260764891112082 ], [ -84.338704928121928, 42.260773892138609 ], [ -84.338705115193719, 42.260782892192317 ], [ -84.338705294968122, 42.260791893037883 ], [ -84.338705467493753, 42.260800892874435 ], [ -84.338705633958483, 42.26080989262055 ], [ -84.338705793150126, 42.260818892258065 ], [ -84.338705945093025, 42.26082789088661 ], [ -84.33870608973848, 42.260836890307019 ], [ -84.338706227135177, 42.260845888718372 ], [ -84.338706357258729, 42.260854887021239 ], [ -84.338706478921353, 42.260863884297009 ], [ -84.338706587055086, 42.260872888577268 ], [ -84.338706555921718, 42.260881975454879 ], [ -84.338706221393736, 42.260891115456189 ], [ -84.338705437288269, 42.260900243342938 ], [ -84.338704053737217, 42.260909295623534 ], [ -84.338701924581898, 42.260918206159303 ], [ -84.338698902378468, 42.260926911494813 ], [ -84.338694839780274, 42.260935344572843 ], [ -84.338690222207944, 42.26094362704039 ], [ -84.338685592463733, 42.260951911127783 ], [ -84.33868095059637, 42.260960195034023 ], [ -84.338676294181468, 42.260968478722951 ], [ -84.338671623194671, 42.260976763095044 ], [ -84.338666938872464, 42.260985047267937 ], [ -84.338662240027119, 42.260993330323032 ], [ -84.338657526658523, 42.261001612260458 ], [ -84.338652798766731, 42.261009893080072 ], [ -84.338648055163858, 42.261018171863427 ], [ -84.338643297037805, 42.261026449529012 ], [ -84.338638521988457, 42.26103472514022 ], [ -84.338633731252386, 42.26104299781472 ], [ -84.338628923593063, 42.26105126843477 ], [ -84.338624100271304, 42.261059535217676 ], [ -84.338619258814148, 42.261067799928085 ], [ -84.3386144017189, 42.26107605990083 ], [ -84.338609526512514, 42.261084316900693 ], [ -84.338604633219333, 42.261092570027145 ], [ -84.33859972186373, 42.261100818379802 ], [ -84.338594792445647, 42.261109061958614 ], [ -84.338589844965128, 42.261117300763601 ], [ -84.338584878209986, 42.26112553477666 ], [ -84.338579892228864, 42.261133762196913 ], [ -84.338574886973063, 42.261141984825223 ], [ -84.338569862491312, 42.261150200860762 ], [ -84.338564817547081, 42.261158411185754 ], [ -84.338559752164585, 42.261166614899885 ], [ -84.338554666368353, 42.26117481110262 ], [ -84.338549560133899, 42.261183000694452 ], [ -84.338544432297795, 42.261191181856375 ], [ -84.338539284023469, 42.26119935640741 ], [ -84.338534112935278, 42.261207522510375 ], [ -84.338528920245381, 42.261215680183454 ], [ -84.338523705953776, 42.261223829426619 ], [ -84.338518468872635, 42.261231969321337 ], [ -84.338513208977631, 42.261240100768021 ], [ -84.338507925105134, 42.261248221947739 ], [ -84.338502618418758, 42.261256334679423 ], [ -84.338497288991533, 42.261264436261726 ], [ -84.338491935586873, 42.261272527577042 ], [ -84.338486556992621, 42.261280608607237 ], [ -84.338481154420876, 42.261288679370416 ], [ -84.338475727920468, 42.261296738065717 ], [ -84.338470275042482, 42.261304785557343 ], [ -84.338464798211476, 42.261312821881504 ], [ -84.338459295027306, 42.261320846101555 ], [ -84.338453765514359, 42.261328857317075 ], [ -84.33844821086042, 42.261336856446569 ], [ -84.338442629853319, 42.261344843471946 ], [ -84.338437022517411, 42.261352817492742 ], [ -84.338431391155311, 42.261360783047408 ], [ -84.338425736979204, 42.261368740153969 ], [ -84.338420059989019, 42.261376688812497 ], [ -84.338414361397028, 42.261384629041032 ], [ -84.338408641178873, 42.26139256174001 ], [ -84.338402899358854, 42.261400486009023 ], [ -84.3383971358883, 42.261408403648872 ], [ -84.338391352028083, 42.261416312876889 ], [ -84.338385548966016, 42.261424214611516 ], [ -84.338379725489972, 42.261432108834668 ], [ -84.338373883999964, 42.261439996483048 ], [ -84.338368023308078, 42.26144787663798 ], [ -84.338362143390057, 42.2614557502 ], [ -84.338356246694531, 42.261463616304844 ], [ -84.338350331960726, 42.261471476735274 ], [ -84.338344401637258, 42.261479330627076 ], [ -84.338338453299855, 42.261487177944012 ], [ -84.338332489348446, 42.261495019622728 ], [ -84.338326509783059, 42.261502855663203 ], [ -84.33832051462808, 42.261510685165057 ], [ -84.33831450628351, 42.261518509064857 ], [ -84.338308482324976, 42.261526327326436 ], [ -84.338302443940293, 42.261534140868307 ], [ -84.338296393578247, 42.261541948826235 ], [ -84.338290328814452, 42.261549751164033 ], [ -84.338284252024494, 42.261557549718766 ], [ -84.338278163257158, 42.261565342689565 ], [ -84.338272063700302, 42.261573130994904 ], [ -84.338265952117325, 42.2615809155172 ], [ -84.3382598285326, 42.261588695356053 ], [ -84.338253696582711, 42.261596470565571 ], [ -84.338247553818931, 42.261604242010158 ], [ -84.338241401429087, 42.261612010608346 ], [ -84.338235239461866, 42.261619774559144 ], [ -84.338229070317368, 42.261627534799274 ], [ -84.338222891571135, 42.261635291292521 ], [ -84.338216705623239, 42.261643044975514 ], [ -84.338210512473665, 42.261650795848198 ], [ -84.338204313334614, 42.261658543928817 ], [ -84.338198105806072, 42.261666288280608 ], [ -84.338191893475894, 42.261674030758762 ], [ -84.33818567636844, 42.261681770462893 ], [ -84.338179453271522, 42.261689507374825 ], [ -84.338173225372969, 42.261697242413142 ], [ -84.338166993885011, 42.261704975595919 ], [ -84.338160757595418, 42.261712706905129 ], [ -84.338154518953033, 42.261720435476413 ], [ -84.338148276696771, 42.261728163092648 ], [ -84.338142032038974, 42.261735889771856 ], [ -84.338135786240514, 42.261743613731298 ], [ -84.338129538016148, 42.261751337654211 ], [ -84.338123288602361, 42.261759060658228 ], [ -84.33811703923584, 42.261766781860999 ], [ -84.338110788655499, 42.261774503045309 ], [ -84.338104539310294, 42.261782223346962 ], [ -84.338098289987869, 42.261789942747839 ], [ -84.338092041876138, 42.261797662166359 ], [ -84.338085794950729, 42.261805382503169 ], [ -84.338079549284757, 42.261813101056795 ], [ -84.33807330720515, 42.261820821465271 ], [ -84.338067065172766, 42.2618285400725 ], [ -84.338060806362819, 42.261836251222498 ], [ -84.338054528375238, 42.261843953978527 ], [ -84.33804823002221, 42.261851647422105 ], [ -84.338041913679405, 42.261859333390341 ], [ -84.338035579371152, 42.261867010982741 ], [ -84.338029228285336, 42.261874681117853 ], [ -84.338022860446344, 42.261882342895213 ], [ -84.338016477017575, 42.261889998133888 ], [ -84.338010077999101, 42.261897646833752 ], [ -84.338003663390865, 42.261905288994889 ], [ -84.33799723561728, 42.261912924653458 ], [ -84.337990794678404, 42.261920553809482 ], [ -84.337984340525466, 42.261928178263787 ], [ -84.337977875631637, 42.261935796251777 ], [ -84.337971397523717, 42.261943409538084 ], [ -84.337964909838391, 42.261951018176966 ], [ -84.337958411363346, 42.261958622150402 ], [ -84.33795190328658, 42.261966222376849 ], [ -84.337945386844581, 42.261973817974074 ], [ -84.33793886201299, 42.261981409842406 ], [ -84.337932329979594, 42.261988998900371 ], [ -84.337925790768921, 42.26199658424769 ], [ -84.3379192455686, 42.262004166802768 ], [ -84.337912694354415, 42.262011747466055 ], [ -84.337906138362939, 42.262019325355219 ], [ -84.337899578781958, 42.262026901388843 ], [ -84.337893014399285, 42.262034475548781 ], [ -84.337886447639306, 42.262042047871255 ], [ -84.337879878453364, 42.262049620157164 ], [ -84.337873308078017, 42.262057191524107 ], [ -84.33786673530102, 42.262064761954043 ], [ -84.337860162522446, 42.262072332383553 ], [ -84.337853590978909, 42.262079901930399 ], [ -84.337847019385052, 42.262087473277724 ], [ -84.337840449001803, 42.262095044642727 ], [ -84.337833882229276, 42.262102616962146 ], [ -84.337827316643072, 42.262110190199671 ], [ -84.337820755855361, 42.26211776531013 ], [ -84.337814197466187, 42.262125341356835 ], [ -84.337807645063378, 42.262132920194986 ], [ -84.33780109743482, 42.262140501806527 ], [ -84.337794557029227, 42.262148085327141 ], [ -84.337788022585642, 42.262155672539656 ], [ -84.337781495365093, 42.262163261661286 ], [ -84.33777497170648, 42.262170853538166 ], [ -84.337768442058376, 42.26217844262284 ], [ -84.337761906420695, 42.262186028915288 ], [ -84.337755366005723, 42.26219361243362 ], [ -84.337748818388931, 42.262201193141635 ], [ -84.337742267207048, 42.262208771093647 ], [ -84.337735710011231, 42.262216347153839 ], [ -84.337729148013736, 42.2622239213404 ], [ -84.337722581238921, 42.262231492752797 ], [ -84.337716010850215, 42.262239063210053 ], [ -84.337709436896432, 42.262246630911335 ], [ -84.337702859328758, 42.262254197657462 ], [ -84.337696276959349, 42.262261762529896 ], [ -84.337689693400534, 42.262269326483427 ], [ -84.337683106252271, 42.262276888581361 ], [ -84.337676515490145, 42.26228444972417 ], [ -84.337669923562913, 42.262292009047613 ], [ -84.337663330421933, 42.262299568352532 ], [ -84.337656734879317, 42.262307126720401 ], [ -84.337650136934982, 42.262314684151271 ], [ -84.337643538989155, 42.262322241581728 ], [ -84.337636939853851, 42.262329798093276 ], [ -84.337630340716984, 42.262337354604426 ], [ -84.337623740366311, 42.262344911097095 ], [ -84.337617140014103, 42.262352467589352 ], [ -84.337610540896875, 42.262360023198866 ], [ -84.337603941753727, 42.262367579708489 ], [ -84.337597342584587, 42.262375137118113 ], [ -84.337590745838355, 42.26238269456357 ], [ -84.337584149090503, 42.262390252008672 ], [ -84.33757755471683, 42.262397811290455 ], [ -84.337570962766009, 42.262405370608029 ], [ -84.337564372001466, 42.262412930843801 ], [ -84.337557783611004, 42.262420492916263 ], [ -84.337551198831292, 42.262428055943062 ], [ -84.337544616450074, 42.262435619906164 ], [ -84.337538037655193, 42.262443185724088 ], [ -84.337531462446663, 42.262450753396784 ], [ -84.337524890848883, 42.262458322023875 ], [ -84.337518322813068, 42.262465893406208 ], [ -84.337511759600176, 42.262473465761019 ], [ -84.337505201161505, 42.262481040889178 ], [ -84.337498647521414, 42.26248861789027 ], [ -84.337492098655545, 42.262496197664724 ], [ -84.337485555776084, 42.262503780230645 ], [ -84.337479018907416, 42.262511364687562 ], [ -84.337472488000799, 42.262518952836409 ], [ -84.337465963105004, 42.262526542876316 ], [ -84.337459444171273, 42.26253413660811 ], [ -84.337452932436165, 42.26254173314949 ], [ -84.337446429111992, 42.26254933251856 ], [ -84.337439931749884, 42.262556935579489 ], [ -84.337433442774255, 42.262564542368608 ], [ -84.337426960972905, 42.262572152867726 ], [ -84.33742048755812, 42.262579767095012 ], [ -84.337414023742042, 42.262587385068478 ], [ -84.337407567100271, 42.262595006752008 ], [ -84.337401121245108, 42.262602633100293 ], [ -84.337394683776466, 42.262610263176782 ], [ -84.337388255882203, 42.262617897899901 ], [ -84.337381837562305, 42.26262553726972 ], [ -84.337375430029056, 42.262633181304324 ], [ -84.337369032070185, 42.262640829985671 ], [ -84.337362646110122, 42.262648483349864 ], [ -84.337356282888308, 42.262656147863055 ], [ -84.337349954429541, 42.262663827308018 ], [ -84.337343658284965, 42.262671522548999 ], [ -84.337337392103237, 42.262679230848512 ], [ -84.337331153459985, 42.262686952170263 ], [ -84.337324943567367, 42.262694686532399 ], [ -84.337318757625269, 42.262702432061687 ], [ -84.337312595658105, 42.262710187857579 ], [ -84.337306456453561, 42.262717953902033 ], [ -84.337300336399423, 42.262725729240287 ], [ -84.337294235495648, 42.262733513872291 ], [ -84.337288151390993, 42.262741305060601 ], [ -84.337282081636474, 42.262749103669357 ], [ -84.337276025068789, 42.26275690787967 ], [ -84.337269981687811, 42.262764717691454 ], [ -84.337263946669069, 42.262772532131869 ], [ -84.337257921249162, 42.262780350318529 ], [ -84.33725190179139, 42.26278817219724 ], [ -84.337245887156712, 42.262795995048506 ], [ -84.337239876084041, 42.26280382065503 ], [ -84.337233866222149, 42.262811646279374 ], [ -84.337227856383123, 42.262819471002949 ], [ -84.337221845330404, 42.262827295708085 ], [ -84.337215829451665, 42.262835119440034 ], [ -84.337209808820049, 42.262842939497439 ], [ -84.337203782198898, 42.262850756762688 ], [ -84.337197745975899, 42.262858570280933 ], [ -84.337191698963281, 42.26286637913369 ], [ -84.337185639997472, 42.262874181501964 ], [ -84.337179567841901, 42.262881978268048 ], [ -84.337173480096496, 42.262889768495313 ], [ -84.33716737438553, 42.262897550346629 ], [ -84.337161250733345, 42.262905322921576 ], [ -84.337155106691185, 42.262913087084378 ], [ -84.337148939907649, 42.262920840097458 ], [ -84.337142749146125, 42.262928582843166 ], [ -84.337136532030897, 42.262936313484403 ], [ -84.337130288561994, 42.262944032021203 ], [ -84.337124016339288, 42.262951737516815 ], [ -84.337117712987094, 42.262959428134181 ], [ -84.337111376080898, 42.26296710383707 ], [ -84.337105006833013, 42.26297476464358 ], [ -84.337098600418784, 42.262982409580864 ], [ -84.337092160450595, 42.262990039603665 ], [ -84.337085688067475, 42.26299765743137 ], [ -84.33707918331821, 42.263005261263146 ], [ -84.337072649766341, 42.263012853854633 ], [ -84.337066087436213, 42.263020434305396 ], [ -84.337059498703582, 42.26302800445248 ], [ -84.337052884805018, 42.263035563413588 ], [ -84.337046246904023, 42.263043113007662 ], [ -84.337039586212768, 42.26305065325289 ], [ -84.337032905131409, 42.263058185085839 ], [ -84.337026204847717, 42.263065709425149 ], [ -84.337019487810622, 42.263073225406529 ], [ -84.337012753971294, 42.263080734830858 ], [ -84.337006005729819, 42.263088238634836 ], [ -84.336999243110611, 42.26309573591795 ], [ -84.336992470889456, 42.26310322945406 ], [ -84.336985687902839, 42.263110717424141 ], [ -84.336978895314246, 42.263118201647075 ], [ -84.336972096736048, 42.263125683077796 ], [ -84.33696529216823, 42.263133161716191 ], [ -84.336958484010808, 42.263140638498996 ], [ -84.336951673476108, 42.263148113444238 ], [ -84.336944861727517, 42.263155588370978 ], [ -84.336938051213949, 42.263163062414968 ], [ -84.336931241911046, 42.263170536476686 ], [ -84.336924436218823, 42.263178011492734 ], [ -84.336917636537422, 42.263185488399799 ], [ -84.336910842842471, 42.263192968098359 ], [ -84.336904057582757, 42.263200449724138 ], [ -84.336897281921836, 42.263207935096155 ], [ -84.336890517071893, 42.263215424232556 ], [ -84.336883765457429, 42.263222917169486 ], [ -84.336877028241972, 42.263230415726056 ], [ -84.33687030540105, 42.263237920802617 ], [ -84.336863601808005, 42.263245431571221 ], [ -84.336856915014039, 42.263252948896067 ], [ -84.336850249843721, 42.263260473750073 ], [ -84.336843606272637, 42.263268007033645 ], [ -84.336836986725274, 42.263275548783007 ], [ -84.336830391152915, 42.263283100799107 ], [ -84.33682382202872, 42.263290661317264 ], [ -84.336817280491928, 42.263298233056865 ], [ -84.336810768966885, 42.263305816054242 ], [ -84.33680428866586, 42.263313410327385 ], [ -84.336797840776725, 42.263321016794947 ], [ -84.336791426487451, 42.263328636375462 ], [ -84.336785048222367, 42.263336269105125 ], [ -84.336778705957187, 42.263343915884469 ], [ -84.336772403304238, 42.263351577668224 ], [ -84.336766140263478, 42.263359254456333 ], [ -84.336759918022878, 42.263366947167484 ], [ -84.336753740194681, 42.263374656756383 ], [ -84.336747605566771, 42.263382383204963 ], [ -84.336741518987992, 42.263390126585627 ], [ -84.33673547798513, 42.263397888663071 ], [ -84.336729551819701, 42.263405709206872 ], [ -84.336723845535133, 42.263413650140549 ], [ -84.336718359350868, 42.26342170336023 ], [ -84.336713088637495, 42.263429860689435 ], [ -84.336708034851156, 42.263438113141895 ], [ -84.336703192174554, 42.263446451622663 ], [ -84.336698560802816, 42.263454868928214 ], [ -84.336694137343088, 42.263463355999818 ], [ -84.336689919614884, 42.263471903796791 ], [ -84.336685906625462, 42.263480504197155 ], [ -84.336682094981981, 42.263489148142121 ], [ -84.336678482479556, 42.263497827491413 ], [ -84.336675066913187, 42.26350653410497 ], [ -84.336671846102362, 42.263515258942071 ], [ -84.336668817866482, 42.263523992962149 ], [ -84.336665980000589, 42.263532728024906 ], [ -84.336663331536428, 42.263541455107905 ], [ -84.336660872620342, 42.263550168808457 ], [ -84.336658809009734, 42.263558928951802 ], [ -84.336657212659091, 42.263567765438957 ], [ -84.336656037795876, 42.263576666776217 ], [ -84.336655237337894, 42.263585625053707 ], [ -84.336654766651748, 42.263594631497291 ], [ -84.336654579940543, 42.263603675513799 ], [ -84.336654630146342, 42.263612748292815 ], [ -84.336654871447777, 42.263621840141667 ], [ -84.33665525797484, 42.263630943168444 ], [ -84.336655743954836, 42.263640045879619 ], [ -84.336656283493127, 42.263649141283729 ], [ -84.336656830792805, 42.263658218787661 ], [ -84.336657338795746, 42.263667269580999 ], [ -84.336657762892656, 42.26367628398917 ], [ -84.336658063023634, 42.263685308255511 ], [ -84.336658279861496, 42.263694407845989 ], [ -84.336658502729293, 42.263703553467664 ], [ -84.336658814913179, 42.263712714836757 ], [ -84.336659304523991, 42.26372186264237 ], [ -84.336660058484881, 42.263730966654954 ], [ -84.336661162506573, 42.26373999662701 ], [ -84.336662702251289, 42.263748924111752 ], [ -84.336664764666494, 42.263757717979239 ], [ -84.336667435438841, 42.263766348882292 ], [ -84.336670807552721, 42.263774786681942 ], [ -84.336675047720433, 42.263783010448108 ], [ -84.33668010439375, 42.263791042831379 ], [ -84.336685837286666, 42.263798914164738 ], [ -84.336692106064248, 42.263806656581849 ], [ -84.336698767991422, 42.263814301279943 ], [ -84.336705685157639, 42.263821880429056 ], [ -84.336712713615498, 42.263829425208236 ], [ -84.336719713029851, 42.263836967751381 ], [ -84.33672654432651, 42.263844538409714 ], [ -84.336733068382472, 42.263852169335209 ], [ -84.336739465829694, 42.263859818186418 ], [ -84.336745903794707, 42.263867448725655 ], [ -84.336752376118824, 42.263875064464123 ], [ -84.336758877952988, 42.263882665329383 ], [ -84.336765403089657, 42.26389025663353 ], [ -84.336771947892117, 42.263897838322194 ], [ -84.336778507413797, 42.263905413924711 ], [ -84.336785074332525, 42.263912985133281 ], [ -84.33679164612613, 42.263920555513479 ], [ -84.336798215496856, 42.263928125857085 ], [ -84.336804778710373, 42.263935699711517 ], [ -84.336811329681055, 42.263943277886661 ], [ -84.336818701731772, 42.263951839398487 ] ] } },
{ "type": "Feature", "properties": { "road_id": "LEO-ROAD-588", "segment_id": "LEO-588-9187013800553038005429" }, "geometry": { "type": "LineString", "coordinates": [ [ -84.306234322703617, 42.258146201460519 ], [ -84.306007727383871, 42.258625141341717 ], [ -84.30575306425736, 42.259235115995708 ], [ -84.305759996211478, 42.259417873314689 ], [ -84.305750798124222, 42.259561627707456 ], [ -84.305716987058943, 42.259648616682959 ], [ -84.305649380890813, 42.259734166387823 ] ] } },
{ "type": "Feature", "properties": { "road_id": "LEO-ROAD-589", "segment_id": "LEO-589-9186093800553338025589" }, "geometry": { "type": "LineString", "coordinates": [ [ -84.304703421000752, 42.25804507102341 ], [ -84.304796031159299, 42.258598891937083 ], [ -84.304835061224722, 42.258843521257162 ], [ -84.304869379110841, 42.258966060758311 ], [ -84.304889367537726, 42.259022373144816 ], [ -84.304954890961142, 42.25911307983187 ], [ -84.305126534233153, 42.259292880458673 ] ] } },
{ "type": "Feature", "properties": { "road_id": "LEO-ROAD-590", "segment_id": "LEO-590-9186103800553038005533" }, "geometry": { "type": "LineString", "coordinates": [ [ -84.306234322703617, 42.258146201460519 ], [ -84.305778875800812, 42.258090260598635 ], [ -84.30532661459317, 42.258062533069491 ], [ -84.304703421000752, 42.25804507102341 ] ] } },
{ "type": "Feature", "properties": { "road_id": "LEO-ROAD-591", "segment_id": "LEO-591-33817513800555438005508" }, "geometry": { "type": "LineString", "coordinates": [ [ -84.353337645506187, 42.258529726102509 ], [ -84.351187564174495, 42.259044108623662 ], [ -84.350186227571342, 42.259303259050228 ] ] } },
{ "type": "Feature", "properties": { "road_id": "LEO-ROAD-592", "segment_id": "LEO-592-8976093800555438005289" }, "geometry": { "type": "LineString", "coordinates": [ [ -84.353337645506187, 42.258529726102509 ], [ -84.353446083878609, 42.262269852688334 ] ] } },
{ "type": "Feature", "properties": { "road_id": "LEO-ROAD-593", "segment_id": "LEO-593-9130033800557738005439" }, "geometry": { "type": "LineString", "coordinates": [ [ -84.364919328078258, 42.25849631188678 ], [ -84.364904774577923, 42.259310774036692 ], [ -84.364916280334526, 42.260470161195578 ] ] } },
{ "type": "Feature", "properties": { "road_id": "LEO-ROAD-594", "segment_id": "LEO-594-33817513800561638005554" }, "geometry": { "type": "LineString", "coordinates": [ [ -84.354950246227162, 42.258148860203576 ], [ -84.353337645506187, 42.258529726102509 ] ] } },
{ "type": "Feature", "properties": { "road_id": "LEO-ROAD-595", "segment_id": "LEO-595-8977033800561638005293" }, "geometry": { "type": "LineString", "coordinates": [ [ -84.354950246227162, 42.258148860203576 ], [ -84.354971646009858, 42.260283324928835 ], [ -84.354994914441249, 42.26054551269285 ], [ -84.355046477705699, 42.260779480345789 ], [ -84.355110569356114, 42.260937538670639 ], [ -84.355214277629557, 42.261094946603187 ], [ -84.355369832525824, 42.261250670495912 ], [ -84.355537277323847, 42.261373839174979 ], [ -84.35570628324524, 42.261467174439204 ], [ -84.355802915489988, 42.261538169470768 ], [ -84.35592244449532, 42.261652879976175 ], [ -84.355991719175748, 42.261742118180592 ], [ -84.35609350733975, 42.261923769016803 ], [ -84.356125928535235, 42.262035071061895 ], [ -84.356157886097122, 42.262219727649764 ] ] } },
{ "type": "Feature", "properties": { "road_id": "LEO-ROAD-596", "segment_id": "LEO-596-9187013800565038005530" }, "geometry": { "type": "LineString", "coordinates": [ [ -84.308549878722303, 42.257251153774504 ], [ -84.307572180901687, 42.257331743903769 ], [ -84.307388058063935, 42.257385966310849 ], [ -84.307123913394747, 42.257462566192046 ], [ -84.306928665347058, 42.257536280839879 ], [ -84.306699719536837, 42.257680267022153 ], [ -84.306534647743035, 42.257811459589924 ], [ -84.306365955465381, 42.257977989878128 ], [ -84.306234322703617, 42.258146201460519 ] ] } },
{ "type": "Feature", "properties": { "road_id": "LEO-ROAD-597", "segment_id": "LEO-597-9210033801705838005650" }, "geometry": { "type": "LineString", "coordinates": [ [ -84.309070262947003, 42.257621310719607 ], [ -84.308891339595576, 42.25761364657145 ], [ -84.308802248182815, 42.257592702744098 ], [ -84.308723916652895, 42.257564085172014 ], [ -84.30865839124165, 42.257517376409645 ], [ -84.308610034985506, 42.257393271877284 ], [ -84.308549878722303, 42.257251153774504 ] ] } },
{ "type": "Feature", "properties": { "road_id": "LEO-ROAD-598", "segment_id": "LEO-598-9019043801925138019252" }, "geometry": { "type": "LineString", "coordinates": [ [ -84.338636873073156, 42.257575690256097 ], [ -84.338649947024493, 42.258168274490544 ], [ -84.338688922397921, 42.258683998302281 ] ] } },
{ "type": "Feature", "properties": { "road_id": "LEO-ROAD-599", "segment_id": "LEO-599-9187013800566838005650" }, "geometry": { "type": "LineString", "coordinates": [ [ -84.309413828822642, 42.257133319416944 ], [ -84.308549878722303, 42.257251153774504 ] ] } },
{ "type": "Feature", "properties": { "road_id": "LEO-ROAD-600", "segment_id": "LEO-600-9210053800566838017058" }, "geometry": { "type": "LineString", "coordinates": [ [ -84.309413828822642, 42.257133319416944 ], [ -84.309070262947003, 42.257621310719607 ] ] } },
{ "type": "Feature", "properties": { "road_id": "LEO-ROAD-601", "segment_id": "LEO-601-33817513800565638005616" }, "geometry": { "type": "LineString", "coordinates": [ [ -84.356250647436923, 42.257827056301046 ], [ -84.354950246227162, 42.258148860203576 ] ] } },
{ "type": "Feature", "properties": { "road_id": "LEO-ROAD-602", "segment_id": "LEO-602-9210053800569738005668" }, "geometry": { "type": "LineString", "coordinates": [ [ -84.309658586913287, 42.257094186687745 ], [ -84.309413828822642, 42.257133319416944 ] ] } },
{ "type": "Feature", "properties": { "road_id": "LEO-ROAD-603", "segment_id": "LEO-603-9210033800569738017058" }, "geometry": { "type": "LineString", "coordinates": [ [ -84.309658586913287, 42.257094186687745 ], [ -84.309897098023569, 42.25728572105924 ], [ -84.309918191078225, 42.257345132775725 ], [ -84.309896677619804, 42.257383637663743 ], [ -84.309831675707159, 42.257433301202227 ], [ -84.309634306839811, 42.257502903928049 ], [ -84.309398363394138, 42.257570231701301 ], [ -84.309158976214036, 42.257605229639523 ], [ -84.309070262947003, 42.257621310719607 ] ] } },
{ "type": "Feature", "properties": { "road_id": "LEO-ROAD-604", "segment_id": "LEO-604-33817513801721938005656" }, "geometry": { "type": "LineString", "coordinates": [ [ -84.356469565976582, 42.257777455145138 ], [ -84.356250647436923, 42.257827056301046 ] ] } },
{ "type": "Feature", "properties": { "road_id": "LEO-ROAD-605", "segment_id": "LEO-605-33800623801721938005478" }, "geometry": { "type": "LineString", "coordinates": [ [ -84.356469565976582, 42.257777455145138 ], [ -84.356599804486294, 42.258182160463072 ], [ -84.35686292492683, 42.259256906043049 ], [ -84.357015790357295, 42.259700022671794 ] ] } },
{ "type": "Feature", "properties": { "road_id": "LEO-ROAD-606", "segment_id": "LEO-606-33817513800567638017219" }, "geometry": { "type": "LineString", "coordinates": [ [ -84.356902295374184, 42.257670242794077 ], [ -84.356469565976582, 42.257777455145138 ] ] } },
{ "type": "Feature", "properties": { "road_id": "LEO-ROAD-607", "segment_id": "LEO-607-8991093800567638005478" }, "geometry": { "type": "LineString", "coordinates": [ [ -84.356902295374184, 42.257670242794077 ], [ -84.357015790357295, 42.259700022671794 ] ] } },
{ "type": "Feature", "properties": { "road_id": "LEO-ROAD-608", "segment_id": "LEO-608-9210143800568338005687" }, "geometry": { "type": "LineString", "coordinates": [ [ -84.315122598017396, 42.257029585425897 ], [ -84.315768412271694, 42.25705436395971 ] ] } },
{ "type": "Feature", "properties": { "road_id": "LEO-ROAD-609", "segment_id": "LEO-609-9210243800568338005686" }, "geometry": { "type": "LineString", "coordinates": [ [ -84.315122598017396, 42.257029585425897 ], [ -84.313516382422293, 42.256982848135266 ] ] } },
{ "type": "Feature", "properties": { "road_id": "LEO-ROAD-610", "segment_id": "LEO-610-33814823802037538020376" }, "geometry": { "type": "LineString", "coordinates": [ [ -84.320140598995607, 42.257070512529204 ], [ -84.318425147326906, 42.257074282689231 ], [ -84.317585804770914, 42.257098984597789 ], [ -84.317076201486586, 42.257128664554237 ], [ -84.316654766760607, 42.257205363508454 ], [ -84.316378072053283, 42.257305016841819 ], [ -84.316129433262574, 42.257400939244206 ], [ -84.316037509705197, 42.257490925745209 ], [ -84.31601801179383, 42.257590312998069 ], [ -84.316060675401062, 42.25766572114162 ], [ -84.316354964708225, 42.257944298398101 ], [ -84.31656747146873, 42.258146877342888 ], [ -84.316584123955522, 42.258151282744464 ] ] } },
{ "type": "Feature", "properties": { "road_id": "LEO-ROAD-611", "segment_id": "LEO-611-9185083802037538005290" }, "geometry": { "type": "LineString", "coordinates": [ [ -84.320140598995607, 42.257070512529204 ], [ -84.320148525675336, 42.258243153843601 ], [ -84.320168522429341, 42.260108164966958 ], [ -84.320194267896994, 42.26076811205418 ], [ -84.320213557882369, 42.26137317703877 ], [ -84.32020502818807, 42.26173962802455 ] ] } },
{ "type": "Feature", "properties": { "road_id": "LEO-ROAD-612", "segment_id": "LEO-612-33817513800568538005676" }, "geometry": { "type": "LineString", "coordinates": [ [ -84.35711314876626, 42.257619787175116 ], [ -84.356902295374184, 42.257670242794077 ] ] } },
{ "type": "Feature", "properties": { "road_id": "LEO-ROAD-613", "segment_id": "LEO-613-8991103800568538005511" }, "geometry": { "type": "LineString", "coordinates": [ [ -84.35711314876626, 42.257619787175116 ], [ -84.357272223628115, 42.259934517835944 ] ] } },
{ "type": "Feature", "properties": { "road_id": "LEO-ROAD-614", "segment_id": "LEO-614-9130033800569538005577" }, "geometry": { "type": "LineString", "coordinates": [ [ -84.364928765521441, 42.257629201842512 ], [ -84.364919328078258, 42.25849631188678 ] ] } },
{ "type": "Feature", "properties": { "road_id": "LEO-ROAD-615", "segment_id": "LEO-615-33811233800570638005685" }, "geometry": { "type": "LineString", "coordinates": [ [ -84.357772691234231, 42.257446878085545 ], [ -84.35711314876626, 42.257619787175116 ] ] } },
{ "type": "Feature", "properties": { "road_id": "LEO-ROAD-616", "segment_id": "LEO-616-8993093800551138005706" }, "geometry": { "type": "LineString", "coordinates": [ [ -84.357272223628115, 42.259934517835944 ], [ -84.357363933709308, 42.259239513855114 ], [ -84.35754329604211, 42.258383558094131 ], [ -84.357772691234231, 42.257446878085545 ] ] } },
{ "type": "Feature", "properties": { "road_id": "LEO-ROAD-617", "segment_id": "LEO-617-8992103801701438005715" }, "geometry": { "type": "LineString", "coordinates": [ [ -84.356094943220285, 42.257336977150715 ], [ -84.355457169424369, 42.25732891156801 ] ] } },
{ "type": "Feature", "properties": { "road_id": "LEO-ROAD-618", "segment_id": "LEO-618-8977033800570738005616" }, "geometry": { "type": "LineString", "coordinates": [ [ -84.354938510546816, 42.257318435435835 ], [ -84.354950246227162, 42.258148860203576 ] ] } },
{ "type": "Feature", "properties": { "road_id": "LEO-ROAD-619", "segment_id": "LEO-619-8992103800571538005707" }, "geometry": { "type": "LineString", "coordinates": [ [ -84.355457169424369, 42.25732891156801 ], [ -84.355427343776938, 42.257327746519231 ], [ -84.354938510546816, 42.257318435435835 ] ] } },
{ "type": "Feature", "properties": { "road_id": "LEO-ROAD-620", "segment_id": "LEO-620-8976093800570938005554" }, "geometry": { "type": "LineString", "coordinates": [ [ -84.353336983172369, 42.257284691156059 ], [ -84.353337645506187, 42.258529726102509 ] ] } },
{ "type": "Feature", "properties": { "road_id": "LEO-ROAD-621", "segment_id": "LEO-621-8992103800570738005709" }, "geometry": { "type": "LineString", "coordinates": [ [ -84.354938510546816, 42.257318435435835 ], [ -84.353336983172369, 42.257284691156059 ] ] } },
{ "type": "Feature", "properties": { "road_id": "LEO-ROAD-622", "segment_id": "LEO-622-8992103800570938005713" }, "geometry": { "type": "LineString", "coordinates": [ [ -84.353336983172369, 42.257284691156059 ], [ -84.352583550463933, 42.257215948475867 ] ] } },
{ "type": "Feature", "properties": { "road_id": "LEO-ROAD-623", "segment_id": "LEO-623-9019013800573538005508" }, "geometry": { "type": "LineString", "coordinates": [ [ -84.350179226448631, 42.25697940887666 ], [ -84.350166923751203, 42.258649296589432 ], [ -84.350186227571342, 42.259303259050228 ] ] } },
{ "type": "Feature", "properties": { "road_id": "LEO-ROAD-624", "segment_id": "LEO-624-8992103800571338005735" }, "geometry": { "type": "LineString", "coordinates": [ [ -84.352583550463933, 42.257215948475867 ], [ -84.350179226448631, 42.25697940887666 ] ] } },
{ "type": "Feature", "properties": { "road_id": "LEO-ROAD-625", "segment_id": "LEO-625-9019023800574238005468" }, "geometry": { "type": "LineString", "coordinates": [ [ -84.34844653086563, 42.256796248102312 ], [ -84.348397601477529, 42.257565390931944 ], [ -84.348435257441736, 42.259718078209964 ] ] } },
{ "type": "Feature", "properties": { "road_id": "LEO-ROAD-626", "segment_id": "LEO-626-8992103800573538005742" }, "geometry": { "type": "LineString", "coordinates": [ [ -84.350179226448631, 42.25697940887666 ], [ -84.34844653086563, 42.256796248102312 ] ] } },
{ "type": "Feature", "properties": { "road_id": "LEO-ROAD-627", "segment_id": "LEO-627-8992103800574238005750" }, "geometry": { "type": "LineString", "coordinates": [ [ -84.34844653086563, 42.256796248102312 ], [ -84.34736734670102, 42.256687417385663 ] ] } },
{ "type": "Feature", "properties": { "road_id": "LEO-ROAD-628", "segment_id": "LEO-628-9210033800575238005697" }, "geometry": { "type": "LineString", "coordinates": [ [ -84.311261056984193, 42.256106135677889 ], [ -84.310781714172094, 42.256492375178304 ], [ -84.310433058604119, 42.256780341326497 ], [ -84.310238725531264, 42.256896238908318 ], [ -84.31006431283086, 42.256967677921267 ], [ -84.309658586913287, 42.257094186687745 ] ] } },
{ "type": "Feature", "properties": { "road_id": "LEO-ROAD-629", "segment_id": "LEO-629-9019033800575738005414" }, "geometry": { "type": "LineString", "coordinates": [ [ -84.344765256434258, 42.2564070327089 ], [ -84.344775311441779, 42.258508005823238 ], [ -84.344785321604164, 42.258915529852729 ], [ -84.34480979591693, 42.260608415445702 ] ] } },
{ "type": "Feature", "properties": { "road_id": "LEO-ROAD-630", "segment_id": "LEO-630-8992103800575038005757" }, "geometry": { "type": "LineString", "coordinates": [ [ -84.34736734670102, 42.256687417385663 ], [ -84.344765256434258, 42.2564070327089 ] ] } },
{ "type": "Feature", "properties": { "road_id": "LEO-ROAD-631", "segment_id": "LEO-631-9187083801907438005209" }, "geometry": { "type": "LineString", "coordinates": [ [ -84.289478138945071, 42.2554892887077 ], [ -84.289533177903948, 42.259065817409194 ], [ -84.289557539408165, 42.262779515905017 ] ] } },
{ "type": "Feature", "properties": { "road_id": "LEO-ROAD-632", "segment_id": "LEO-632-33808033800577838005771" }, "geometry": { "type": "LineString", "coordinates": [ [ -84.320186895803772, 42.25571935181874 ], [ -84.320002131347351, 42.255737135017718 ], [ -84.318536181999235, 42.255725119496958 ], [ -84.316066915872, 42.255745094493278 ] ] } },
{ "type": "Feature", "properties": { "road_id": "LEO-ROAD-633", "segment_id": "LEO-633-9185083800577838020375" }, "geometry": { "type": "LineString", "coordinates": [ [ -84.320186895803772, 42.25571935181874 ], [ -84.320153074467527, 42.25595513262941 ], [ -84.320140428671465, 42.257000098906609 ], [ -84.320140420489565, 42.25704417550422 ], [ -84.320140598995607, 42.257070512529204 ] ] } },
{ "type": "Feature", "properties": { "road_id": "LEO-ROAD-634", "segment_id": "LEO-634-9210033802174838005752" }, "geometry": { "type": "LineString", "coordinates": [ [ -84.31210369258109, 42.255447833786747 ], [ -84.311933777131301, 42.255534162122885 ], [ -84.311582601538831, 42.255823053717386 ], [ -84.311353151568866, 42.256005910547721 ], [ -84.311261056984193, 42.256106135677889 ] ] } },
{ "type": "Feature", "properties": { "road_id": "LEO-ROAD-635", "segment_id": "LEO-635-33812703801991038019902" }, "geometry": { "type": "LineString", "coordinates": [ [ -84.313384403795709, 42.255355208916079 ], [ -84.313247882702214, 42.255363602135041 ], [ -84.31311688353955, 42.255382602148529 ], [ -84.312970883425834, 42.255401601750343 ], [ -84.312775883601418, 42.255411601875466 ], [ -84.312638883114957, 42.255416601850882 ], [ -84.31255688252233, 42.255448601977029 ], [ -84.312518882598326, 42.255482602055324 ], [ -84.312495883270486, 42.255521601959039 ], [ -84.312492864241193, 42.255535942202137 ], [ -84.312487883180083, 42.25555960225693 ], [ -84.312506883194786, 42.25565260193568 ], [ -84.312550883672245, 42.255746602027628 ], [ -84.312569482562921, 42.255767174699301 ], [ -84.312616882577018, 42.255819601480944 ], [ -84.312684883437882, 42.255872601637513 ] ] } },
{ "type": "Feature", "properties": { "road_id": "LEO-ROAD-636", "segment_id": "LEO-636-33812713801991038019902" }, "geometry": { "type": "LineString", "coordinates": [ [ -84.313384403795709, 42.255355208916079 ], [ -84.313384882891967, 42.255508602195206 ], [ -84.313370882940831, 42.255553601971549 ], [ -84.313342883848051, 42.255593601877791 ], [ -84.313302883059336, 42.255626601726554 ], [ -84.313226883421905, 42.255652601927117 ], [ -84.313106882928139, 42.25567960201969 ], [ -84.312999883399456, 42.255708601481395 ], [ -84.312949883499357, 42.255722602001079 ], [ -84.312900883068636, 42.255745601455907 ], [ -84.312777883378743, 42.255822602269333 ], [ -84.312684883437882, 42.255872601637513 ] ] } },
{ "type": "Feature", "properties": { "road_id": "LEO-ROAD-637", "segment_id": "LEO-637-9210033801991138021748" }, "geometry": { "type": "LineString", "coordinates": [ [ -84.313383578768622, 42.255152080079689 ], [ -84.312880390741356, 42.255175942534343 ], [ -84.312383621507038, 42.255305608761134 ], [ -84.31210369258109, 42.255447833786747 ] ] } },
{ "type": "Feature", "properties": { "road_id": "LEO-ROAD-638", "segment_id": "LEO-638-33812703801991138019910" }, "geometry": { "type": "LineString", "coordinates": [ [ -84.313383578768622, 42.255152080079689 ], [ -84.313384403795709, 42.255355208916079 ] ] } },
{ "type": "Feature", "properties": { "road_id": "LEO-ROAD-639", "segment_id": "LEO-639-9190063800582338005683" }, "geometry": { "type": "LineString", "coordinates": [ [ -84.314598565646847, 42.255163017146032 ], [ -84.314708103583314, 42.255669162018989 ], [ -84.314846055444022, 42.256060125476196 ], [ -84.31506626337503, 42.256755225481093 ], [ -84.315104889573632, 42.256886849410101 ], [ -84.315122598017396, 42.257029585425897 ] ] } },
{ "type": "Feature", "properties": { "road_id": "LEO-ROAD-640", "segment_id": "LEO-640-9210033800582338019911" }, "geometry": { "type": "LineString", "coordinates": [ [ -84.314598565646847, 42.255163017146032 ], [ -84.314239712819784, 42.255153988875612 ], [ -84.313529360497284, 42.255145165572515 ], [ -84.313383578768622, 42.255152080079689 ] ] } },
{ "type": "Feature", "properties": { "road_id": "LEO-ROAD-641", "segment_id": "LEO-641-8991103800583138005685" }, "geometry": { "type": "LineString", "coordinates": [ [ -84.356996912772942, 42.255591957872262 ], [ -84.35711314876626, 42.257619787175116 ] ] } },
{ "type": "Feature", "properties": { "road_id": "LEO-ROAD-642", "segment_id": "LEO-642-8993083800570638005831" }, "geometry": { "type": "LineString", "coordinates": [ [ -84.357772691234231, 42.257446878085545 ], [ -84.356996912772942, 42.255591957872262 ] ] } },
{ "type": "Feature", "properties": { "road_id": "LEO-ROAD-643", "segment_id": "LEO-643-33811233800584038005706" }, "geometry": { "type": "LineString", "coordinates": [ [ -84.364934023951605, 42.255695535539779 ], [ -84.364483298894896, 42.255832149666986 ], [ -84.362375575602371, 42.256344130922123 ], [ -84.362110580579568, 42.256408169579473 ], [ -84.358995933670272, 42.257154802189746 ], [ -84.358401359578664, 42.257291562755448 ], [ -84.357772691234231, 42.257446878085545 ] ] } },
{ "type": "Feature", "properties": { "road_id": "LEO-ROAD-644", "segment_id": "LEO-644-9130033800584038005695" }, "geometry": { "type": "LineString", "coordinates": [ [ -84.364934023951605, 42.255695535539779 ], [ -84.364928765521441, 42.257629201842512 ] ] } },
{ "type": "Feature", "properties": { "road_id": "LEO-ROAD-645", "segment_id": "LEO-645-9019043800584738019251" }, "geometry": { "type": "LineString", "coordinates": [ [ -84.338585902110765, 42.255265134748491 ], [ -84.338636873073156, 42.257575690256097 ] ] } },
{ "type": "Feature", "properties": { "road_id": "LEO-ROAD-646", "segment_id": "LEO-646-8992103800575738005847" }, "geometry": { "type": "LineString", "coordinates": [ [ -84.344765256434258, 42.2564070327089 ], [ -84.343015738771584, 42.256232897656929 ], [ -84.34187256899537, 42.256110105974273 ], [ -84.340902433218233, 42.25596204913758 ], [ -84.339971708274007, 42.255742204542983 ], [ -84.339260767210476, 42.255486161180301 ], [ -84.338585902110765, 42.255265134748491 ] ] } },
{ "type": "Feature", "properties": { "road_id": "LEO-ROAD-647", "segment_id": "LEO-647-33814283802025438020253" }, "geometry": { "type": "LineString", "coordinates": [ [ -84.305603188176732, 42.254731461642322 ], [ -84.305841664550783, 42.255168654837512 ], [ -84.306095964477137, 42.255396349550644 ] ] } },
{ "type": "Feature", "properties": { "road_id": "LEO-ROAD-648", "segment_id": "LEO-648-8992093800582538005656" }, "geometry": { "type": "LineString", "coordinates": [ [ -84.356741321647107, 42.255492577555351 ], [ -84.356644715761789, 42.256076902183914 ], [ -84.356554992127144, 42.256455027147886 ], [ -84.356393014471337, 42.257127089034135 ], [ -84.356250647436923, 42.257827056301046 ] ] } },
{ "type": "Feature", "properties": { "road_id": "LEO-ROAD-649", "segment_id": "LEO-649-8991093800582538005676" }, "geometry": { "type": "LineString", "coordinates": [ [ -84.356741321647107, 42.255492577555351 ], [ -84.356902295374184, 42.257670242794077 ] ] } },
{ "type": "Feature", "properties": { "road_id": "LEO-ROAD-650", "segment_id": "LEO-650-33814303802025738020255" }, "geometry": { "type": "LineString", "coordinates": [ [ -84.307703340145594, 42.254688813636591 ], [ -84.307692018062838, 42.255099998683612 ], [ -84.307880209049088, 42.255362980335981 ] ] } },
{ "type": "Feature", "properties": { "road_id": "LEO-ROAD-651", "segment_id": "LEO-651-9190093801758438005739" }, "geometry": { "type": "LineString", "coordinates": [ [ -84.296164816773157, 42.254437109529661 ], [ -84.296167340264731, 42.2549861395918 ], [ -84.29615835974306, 42.255360099046108 ], [ -84.296164037021683, 42.255504643655598 ], [ -84.29614003583454, 42.255613412324628 ], [ -84.296082987987688, 42.255702966385321 ], [ -84.296041857275739, 42.255823945708286 ], [ -84.295954455798167, 42.256322562186369 ] ] } },
{ "type": "Feature", "properties": { "road_id": "LEO-ROAD-652", "segment_id": "LEO-652-9187083800587938019074" }, "geometry": { "type": "LineString", "coordinates": [ [ -84.289458953119635, 42.254242525646355 ], [ -84.289478138945071, 42.2554892887077 ] ] } },
{ "type": "Feature", "properties": { "road_id": "LEO-ROAD-653", "segment_id": "LEO-653-33814293802025438020257" }, "geometry": { "type": "LineString", "coordinates": [ [ -84.305603188176732, 42.254731461642322 ], [ -84.306339396617261, 42.254541041857543 ], [ -84.306593721695705, 42.25447231725957 ], [ -84.306765484263195, 42.254444682314364 ], [ -84.306993057207194, 42.254460241111957 ], [ -84.307195545913885, 42.254499614947576 ], [ -84.307380589930858, 42.254581069686857 ], [ -84.307654668906466, 42.254682025024188 ], [ -84.307703340145594, 42.254688813636591 ] ] } },
{ "type": "Feature", "properties": { "road_id": "LEO-ROAD-654", "segment_id": "LEO-654-9190073801816638005889" }, "geometry": { "type": "LineString", "coordinates": [ [ -84.297559013718285, 42.254141564969274 ], [ -84.297562659023981, 42.254436910357995 ] ] } },
{ "type": "Feature", "properties": { "road_id": "LEO-ROAD-655", "segment_id": "LEO-655-9186093802025238005533" }, "geometry": { "type": "LineString", "coordinates": [ [ -84.304241392357966, 42.253922263683172 ], [ -84.304255827860288, 42.254450152510863 ], [ -84.304273011724476, 42.254988662310488 ], [ -84.304277334954236, 42.255407501074252 ], [ -84.304703421000752, 42.25804507102341 ] ] } },
{ "type": "Feature", "properties": { "road_id": "LEO-ROAD-656", "segment_id": "LEO-656-33814273802025238020256" }, "geometry": { "type": "LineString", "coordinates": [ [ -84.304241392357966, 42.253922263683172 ], [ -84.305135147190768, 42.253918265520177 ] ] } },
{ "type": "Feature", "properties": { "road_id": "LEO-ROAD-657", "segment_id": "LEO-657-33814283802025638020254" }, "geometry": { "type": "LineString", "coordinates": [ [ -84.305135147190768, 42.253918265520177 ], [ -84.305159561429775, 42.253918156043426 ], [ -84.305603188176732, 42.254731461642322 ] ] } },
{ "type": "Feature", "properties": { "road_id": "LEO-ROAD-658", "segment_id": "LEO-658-9130033800593438005840" }, "geometry": { "type": "LineString", "coordinates": [ [ -84.364979640807803, 42.254808584273107 ], [ -84.364934023951605, 42.255695535539779 ] ] } },
{ "type": "Feature", "properties": { "road_id": "LEO-ROAD-659", "segment_id": "LEO-659-8992103800584738005958" }, "geometry": { "type": "LineString", "coordinates": [ [ -84.338585902110765, 42.255265134748491 ], [ -84.338087965412527, 42.255087129398007 ], [ -84.337312723995311, 42.254826132016063 ], [ -84.336545800878952, 42.254582107727025 ], [ -84.336287697450885, 42.254488131421283 ], [ -84.3358075098499, 42.254338163091006 ], [ -84.335221687018731, 42.254156415909357 ] ] } },
{ "type": "Feature", "properties": { "road_id": "LEO-ROAD-660", "segment_id": "LEO-660-8992103800595838005986" }, "geometry": { "type": "LineString", "coordinates": [ [ -84.335221687018731, 42.254156415909357 ], [ -84.334960465738845, 42.254093008417648 ], [ -84.334648095804909, 42.254035329904028 ], [ -84.334406280241495, 42.254006976396916 ], [ -84.334111828114843, 42.253990201826639 ], [ -84.333687287411834, 42.253995697410964 ] ] } },
{ "type": "Feature", "properties": { "road_id": "LEO-ROAD-661", "segment_id": "LEO-661-8992103800598638019253" }, "geometry": { "type": "LineString", "coordinates": [ [ -84.333687287411834, 42.253995697410964 ], [ -84.333481418472999, 42.253996128537537 ], [ -84.333067732584823, 42.254011134746143 ], [ -84.332239435132522, 42.254009158192474 ], [ -84.331463310451738, 42.253990111759464 ], [ -84.331348531936953, 42.253991792705527 ], [ -84.330912168733306, 42.253969735091431 ], [ -84.330520619834175, 42.253924631401212 ], [ -84.330107041734166, 42.253839962019811 ] ] } },
{ "type": "Feature", "properties": { "road_id": "LEO-ROAD-662", "segment_id": "LEO-662-8992103801925338019254" }, "geometry": { "type": "LineString", "coordinates": [ [ -84.330107041734166, 42.253839962019811 ], [ -84.329779379867034, 42.253751676244896 ], [ -84.329469741363283, 42.253636574429784 ], [ -84.329222956007186, 42.253550460067451 ] ] } },
{ "type": "Feature", "properties": { "road_id": "LEO-ROAD-663", "segment_id": "LEO-663-9159023802540938005186" }, "geometry": { "type": "LineString", "coordinates": [ [ -84.269760859616724, 42.25250711000966 ], [ -84.269762169208619, 42.252626493066828 ], [ -84.269838767250945, 42.258475842791071 ], [ -84.269878305698242, 42.262962626077545 ] ] } },
{ "type": "Feature", "properties": { "road_id": "LEO-ROAD-664", "segment_id": "LEO-664-8992103801925438019255" }, "geometry": { "type": "LineString", "coordinates": [ [ -84.329222956007186, 42.253550460067451 ], [ -84.328778583622594, 42.253395395514872 ] ] } },
{ "type": "Feature", "properties": { "road_id": "LEO-ROAD-665", "segment_id": "LEO-665-9190103801705238005874" }, "geometry": { "type": "LineString", "coordinates": [ [ -84.295003403002468, 42.252813438538013 ], [ -84.295002115626005, 42.253146126027154 ], [ -84.295008999458517, 42.254394512659715 ] ] } },
{ "type": "Feature", "properties": { "road_id": "LEO-ROAD-666", "segment_id": "LEO-666-9190093800606038017584" }, "geometry": { "type": "LineString", "coordinates": [ [ -84.296153060677426, 42.25282769295076 ], [ -84.296157456201826, 42.252836090053272 ], [ -84.296164816773157, 42.254437109529661 ] ] } },
{ "type": "Feature", "properties": { "road_id": "LEO-ROAD-667", "segment_id": "LEO-667-9193023800607238006060" }, "geometry": { "type": "LineString", "coordinates": [ [ -84.29754253261811, 42.252806032467099 ], [ -84.296153060677426, 42.25282769295076 ] ] } },
{ "type": "Feature", "properties": { "road_id": "LEO-ROAD-668", "segment_id": "LEO-668-9190073800607238018166" }, "geometry": { "type": "LineString", "coordinates": [ [ -84.29754253261811, 42.252806032467099 ], [ -84.297559013718285, 42.254141564969274 ] ] } },
{ "type": "Feature", "properties": { "road_id": "LEO-ROAD-669", "segment_id": "LEO-669-9193043801705238017053" }, "geometry": { "type": "LineString", "coordinates": [ [ -84.295003403002468, 42.252813438538013 ], [ -84.294318612653058, 42.252811685559209 ], [ -84.294215364735834, 42.252790102642265 ], [ -84.293903889909586, 42.252700361535126 ] ] } },
{ "type": "Feature", "properties": { "road_id": "LEO-ROAD-670", "segment_id": "LEO-670-9210023800610338006099" }, "geometry": { "type": "LineString", "coordinates": [ [ -84.333681939580202, 42.253147773788328 ], [ -84.333587572801619, 42.253149160776417 ], [ -84.331312327011361, 42.253137138984599 ], [ -84.331169425064701, 42.253134408442371 ] ] } },
{ "type": "Feature", "properties": { "road_id": "LEO-ROAD-671", "segment_id": "LEO-671-9190053800610338005986" }, "geometry": { "type": "LineString", "coordinates": [ [ -84.333681939580202, 42.253147773788328 ], [ -84.333687287411834, 42.253995697410964 ] ] } },
{ "type": "Feature", "properties": { "road_id": "LEO-ROAD-672", "segment_id": "LEO-672-9185083800610738005778" }, "geometry": { "type": "LineString", "coordinates": [ [ -84.324529221947529, 42.253009713756235 ], [ -84.324116780574329, 42.253329708506946 ], [ -84.323912329735052, 42.25354318389207 ], [ -84.323851996579251, 42.253674506562717 ], [ -84.323814190976321, 42.25383108212543 ], [ -84.323806411340456, 42.254318407579206 ], [ -84.323822874398829, 42.254675591144839 ], [ -84.32380806667409, 42.254898182083267 ], [ -84.32374851472315, 42.255053039339607 ], [ -84.323643335904293, 42.255172597685707 ], [ -84.323498821354193, 42.25523964534765 ], [ -84.323334462475302, 42.255286924742862 ], [ -84.323141645573216, 42.255309979451887 ], [ -84.322786475847948, 42.255306793220633 ], [ -84.32085230381621, 42.255305259839105 ], [ -84.320690911585146, 42.255322039992691 ], [ -84.320497219142155, 42.255363951779138 ], [ -84.320369189894976, 42.255421799213195 ], [ -84.320257694996727, 42.255505514150386 ], [ -84.320206231631403, 42.255609131927599 ], [ -84.320186895803772, 42.25571935181874 ] ] } },
{ "type": "Feature", "properties": { "road_id": "LEO-ROAD-673", "segment_id": "LEO-673-9194083801705138005988" }, "geometry": { "type": "LineString", "coordinates": [ [ -84.361090492609264, 42.252826248451008 ], [ -84.361097466435339, 42.252960060139216 ], [ -84.36106856930104, 42.253690562523119 ], [ -84.361077804772819, 42.254529059043591 ] ] } },
{ "type": "Feature", "properties": { "road_id": "LEO-ROAD-674", "segment_id": "LEO-674-9130073800620038005934" }, "geometry": { "type": "LineString", "coordinates": [ [ -84.363750249834354, 42.252842467967866 ], [ -84.363773602946225, 42.254472150087636 ], [ -84.363769317123626, 42.254703413159362 ], [ -84.363782037245088, 42.254744667826131 ], [ -84.363814805070675, 42.254774483477831 ], [ -84.363863636219108, 42.25479426800775 ], [ -84.363918542246608, 42.254808275827408 ], [ -84.36403509695306, 42.254805590298183 ], [ -84.364234500902569, 42.254805588435993 ], [ -84.364979640807803, 42.254808584273107 ] ] } },
{ "type": "Feature", "properties": { "road_id": "LEO-ROAD-675", "segment_id": "LEO-675-9130063800620338006200" }, "geometry": { "type": "LineString", "coordinates": [ [ -84.364957898884569, 42.252853770256507 ], [ -84.363750249834354, 42.252842467967866 ] ] } },
{ "type": "Feature", "properties": { "road_id": "LEO-ROAD-676", "segment_id": "LEO-676-9130033800620338005934" }, "geometry": { "type": "LineString", "coordinates": [ [ -84.364957898884569, 42.252853770256507 ], [ -84.364955317389573, 42.253779966292996 ], [ -84.364979640807803, 42.254808584273107 ] ] } },
{ "type": "Feature", "properties": { "road_id": "LEO-ROAD-677", "segment_id": "LEO-677-9130063800620138017051" }, "geometry": { "type": "LineString", "coordinates": [ [ -84.362430977958951, 42.252813824296481 ], [ -84.361090492609264, 42.252826248451008 ] ] } },
{ "type": "Feature", "properties": { "road_id": "LEO-ROAD-678", "segment_id": "LEO-678-9130063800620038006201" }, "geometry": { "type": "LineString", "coordinates": [ [ -84.363750249834354, 42.252842467967866 ], [ -84.362430977958951, 42.252813824296481 ] ] } },
{ "type": "Feature", "properties": { "road_id": "LEO-ROAD-679", "segment_id": "LEO-679-9185083800622738006107" }, "geometry": { "type": "LineString", "coordinates": [ [ -84.325607280664599, 42.252095172093831 ], [ -84.32514781980052, 42.252470801752459 ], [ -84.324801926679811, 42.25277481978074 ], [ -84.324529221947529, 42.253009713756235 ] ] } },
{ "type": "Feature", "properties": { "road_id": "LEO-ROAD-680", "segment_id": "LEO-680-8992103801925538006227" }, "geometry": { "type": "LineString", "coordinates": [ [ -84.328778583622594, 42.253395395514872 ], [ -84.328296326044239, 42.253227108396239 ], [ -84.327972407201557, 42.253128113386936 ], [ -84.327219394247408, 42.25285109837958 ], [ -84.32700014197151, 42.252757048642756 ], [ -84.326873333155987, 42.252718000577566 ], [ -84.326699008537858, 42.252658940083776 ], [ -84.326552662752448, 42.252600299915322 ], [ -84.326370588048732, 42.252532211584111 ], [ -84.326169015201955, 42.252446005435637 ], [ -84.325968091293674, 42.252336045281197 ], [ -84.325607280664599, 42.252095172093831 ] ] } },
{ "type": "Feature", "properties": { "road_id": "LEO-ROAD-681", "segment_id": "LEO-681-9187083800631638005879" }, "geometry": { "type": "LineString", "coordinates": [ [ -84.289435588837677, 42.250768691685501 ], [ -84.289442920051258, 42.252302937512255 ], [ -84.289453994457347, 42.253485888545342 ], [ -84.289458953119635, 42.254242525646355 ] ] } },
{ "type": "Feature", "properties": { "road_id": "LEO-ROAD-682", "segment_id": "LEO-682-9130033802007138006203" }, "geometry": { "type": "LineString", "coordinates": [ [ -84.364953169643826, 42.251895719635236 ], [ -84.364951784678112, 42.252329616843141 ], [ -84.364957898884569, 42.252853770256507 ] ] } },
{ "type": "Feature", "properties": { "road_id": "LEO-ROAD-683", "segment_id": "LEO-683-8992103800631838006316" }, "geometry": { "type": "LineString", "coordinates": [ [ -84.291038945176794, 42.250777400678096 ], [ -84.289435588837677, 42.250768691685501 ] ] } },
{ "type": "Feature", "properties": { "road_id": "LEO-ROAD-684", "segment_id": "LEO-684-9190093800633438006060" }, "geometry": { "type": "LineString", "coordinates": [ [ -84.296124770589671, 42.250789587624261 ], [ -84.296153060677426, 42.25282769295076 ] ] } },
{ "type": "Feature", "properties": { "road_id": "LEO-ROAD-685", "segment_id": "LEO-685-8992103800632838006318" }, "geometry": { "type": "LineString", "coordinates": [ [ -84.294971811275943, 42.250771115524309 ], [ -84.291038945176794, 42.250777400678096 ] ] } },
{ "type": "Feature", "properties": { "road_id": "LEO-ROAD-686", "segment_id": "LEO-686-9190103800632838017052" }, "geometry": { "type": "LineString", "coordinates": [ [ -84.294971811275943, 42.250771115524309 ], [ -84.295003403002468, 42.252813438538013 ] ] } },
{ "type": "Feature", "properties": { "road_id": "LEO-ROAD-687", "segment_id": "LEO-687-8992103800633438006328" }, "geometry": { "type": "LineString", "coordinates": [ [ -84.296124770589671, 42.250789587624261 ], [ -84.294971811275943, 42.250771115524309 ] ] } },
{ "type": "Feature", "properties": { "road_id": "LEO-ROAD-688", "segment_id": "LEO-688-8992103800633338006334" }, "geometry": { "type": "LineString", "coordinates": [ [ -84.296236658476658, 42.250786279918792 ], [ -84.296124770589671, 42.250789587624261 ] ] } },
{ "type": "Feature", "properties": { "road_id": "LEO-ROAD-689", "segment_id": "LEO-689-8992103800633738006333" }, "geometry": { "type": "LineString", "coordinates": [ [ -84.297543701309223, 42.250792586152095 ], [ -84.296236658476658, 42.250786279918792 ] ] } },
{ "type": "Feature", "properties": { "road_id": "LEO-ROAD-690", "segment_id": "LEO-690-9190073800633738006072" }, "geometry": { "type": "LineString", "coordinates": [ [ -84.297543701309223, 42.250792586152095 ], [ -84.29754253261811, 42.252806032467099 ] ] } },
{ "type": "Feature", "properties": { "road_id": "LEO-ROAD-691", "segment_id": "LEO-691-8992103800631638006347" }, "geometry": { "type": "LineString", "coordinates": [ [ -84.289435588837677, 42.250768691685501 ], [ -84.289329896343318, 42.250770125022377 ], [ -84.288967491888485, 42.250773812874307 ], [ -84.288757505566608, 42.250774301193154 ], [ -84.288503267142971, 42.250748109748614 ], [ -84.288045410113327, 42.250628588533019 ], [ -84.28789325622634, 42.250578676791747 ] ] } },
{ "type": "Feature", "properties": { "road_id": "LEO-ROAD-692", "segment_id": "LEO-692-8992103800635738006337" }, "geometry": { "type": "LineString", "coordinates": [ [ -84.304163174758997, 42.25081404558771 ], [ -84.297543701309223, 42.250792586152095 ] ] } },
{ "type": "Feature", "properties": { "road_id": "LEO-ROAD-693", "segment_id": "LEO-693-9186093800635738020252" }, "geometry": { "type": "LineString", "coordinates": [ [ -84.304163174758997, 42.25081404558771 ], [ -84.304177625860902, 42.251728857123268 ], [ -84.304226649401073, 42.252849563876048 ], [ -84.304237642964523, 42.253785145670093 ], [ -84.304241392357966, 42.253922263683172 ] ] } },
{ "type": "Feature", "properties": { "road_id": "LEO-ROAD-694", "segment_id": "LEO-694-9209103800640538006201" }, "geometry": { "type": "LineString", "coordinates": [ [ -84.362431928568824, 42.251151932808078 ], [ -84.362430977958951, 42.252813824296481 ] ] } },
{ "type": "Feature", "properties": { "road_id": "LEO-ROAD-695", "segment_id": "LEO-695-9019043800641638005847" }, "geometry": { "type": "LineString", "coordinates": [ [ -84.338564086514211, 42.25078017519234 ], [ -84.338563889565222, 42.251232093552169 ], [ -84.338565492397777, 42.253164415653501 ], [ -84.338585902110765, 42.255265134748491 ] ] } },
{ "type": "Feature", "properties": { "road_id": "LEO-ROAD-696", "segment_id": "LEO-696-9130053800640638006405" }, "geometry": { "type": "LineString", "coordinates": [ [ -84.364955548631357, 42.251150336686003 ], [ -84.362431928568824, 42.251151932808078 ] ] } },
{ "type": "Feature", "properties": { "road_id": "LEO-ROAD-697", "segment_id": "LEO-697-9130033800640638020071" }, "geometry": { "type": "LineString", "coordinates": [ [ -84.364955548631357, 42.251150336686003 ], [ -84.364953169643826, 42.251895719635236 ] ] } },
{ "type": "Feature", "properties": { "road_id": "LEO-ROAD-698", "segment_id": "LEO-698-8992103800622738006436" }, "geometry": { "type": "LineString", "coordinates": [ [ -84.325607280664599, 42.252095172093831 ], [ -84.325082681363497, 42.251654413495999 ], [ -84.324626205497793, 42.251309117805597 ], [ -84.324272901479134, 42.25102106866732 ], [ -84.323890341962453, 42.250762136245612 ], [ -84.323602273172227, 42.250602099609786 ], [ -84.323241986702399, 42.250460006866454 ], [ -84.32288557427475, 42.250375673753382 ], [ -84.322369080599472, 42.25031524810516 ], [ -84.32192658503692, 42.250301998590722 ], [ -84.321448189970283, 42.250305409810274 ], [ -84.321089072714869, 42.250307764121949 ], [ -84.32063615810408, 42.250298343095935 ], [ -84.320220734695823, 42.25030107942591 ] ] } },
{ "type": "Feature", "properties": { "road_id": "LEO-ROAD-699", "segment_id": "LEO-699-9190063800644638005823" }, "geometry": { "type": "LineString", "coordinates": [ [ -84.315430397517559, 42.25014582621273 ], [ -84.315064568363468, 42.250465656466005 ], [ -84.314826567395116, 42.250676232913136 ], [ -84.31469498772185, 42.250802153319547 ], [ -84.314629345962899, 42.250899188997472 ], [ -84.314600353805503, 42.250992968073376 ], [ -84.314566133509516, 42.251084704226741 ], [ -84.314561286368232, 42.251165108669056 ], [ -84.31454044979408, 42.25134609736827 ], [ -84.314561712819, 42.252939322829981 ], [ -84.314598565646847, 42.255163017146032 ] ] } },
{ "type": "Feature", "properties": { "road_id": "LEO-ROAD-700", "segment_id": "LEO-700-8992103800643638006446" }, "geometry": { "type": "LineString", "coordinates": [ [ -84.320220734695823, 42.25030107942591 ], [ -84.31951399700209, 42.250308435417615 ], [ -84.317558045852465, 42.250261247691881 ], [ -84.316860483536459, 42.250242941094783 ], [ -84.316294131188457, 42.250209826996027 ], [ -84.315915064963761, 42.250175452524267 ], [ -84.315430397517559, 42.25014582621273 ] ] } },
{ "type": "Feature", "properties": { "road_id": "LEO-ROAD-701", "segment_id": "LEO-701-33808053800641638006447" }, "geometry": { "type": "LineString", "coordinates": [ [ -84.338564086514211, 42.25078017519234 ], [ -84.340225693506284, 42.250745656889201 ], [ -84.34494890628558, 42.250695199106694 ], [ -84.345976808099039, 42.250684710770166 ], [ -84.346713971525389, 42.25068278010653 ], [ -84.346959331385548, 42.250668708109593 ], [ -84.347135516316897, 42.250647164654005 ], [ -84.347277981380842, 42.250589685082595 ] ] } },
{ "type": "Feature", "properties": { "road_id": "LEO-ROAD-702", "segment_id": "LEO-702-8992103800644638006453" }, "geometry": { "type": "LineString", "coordinates": [ [ -84.315430397517559, 42.25014582621273 ], [ -84.315062918251456, 42.250097531888812 ] ] } },
{ "type": "Feature", "properties": { "road_id": "LEO-ROAD-703", "segment_id": "LEO-703-8992103800646338006357" }, "geometry": { "type": "LineString", "coordinates": [ [ -84.313912573624307, 42.249996581405831 ], [ -84.313635577191661, 42.249993238562908 ], [ -84.313466135015958, 42.250011944821701 ], [ -84.313357069923725, 42.250031870832323 ], [ -84.313022738360885, 42.250093165194009 ], [ -84.312690782241134, 42.250174036857622 ], [ -84.312147883896984, 42.250313905083665 ], [ -84.311510094602653, 42.250496679867872 ], [ -84.311122316687687, 42.250603515992729 ], [ -84.310788399010676, 42.250679687149095 ], [ -84.310469366660897, 42.250757565946273 ], [ -84.310178895729621, 42.250809711341354 ], [ -84.309813369377196, 42.250838755797744 ], [ -84.309334496918851, 42.250850703986259 ], [ -84.304163174758997, 42.25081404558771 ] ] } },
{ "type": "Feature", "properties": { "road_id": "LEO-ROAD-704", "segment_id": "LEO-704-8992103800645338006463" }, "geometry": { "type": "LineString", "coordinates": [ [ -84.315062918251456, 42.250097531888812 ], [ -84.313912573624307, 42.249996581405831 ] ] } },
{ "type": "Feature", "properties": { "road_id": "LEO-ROAD-705", "segment_id": "LEO-705-8992103800634738006511" }, "geometry": { "type": "LineString", "coordinates": [ [ -84.28789325622634, 42.250578676791747 ], [ -84.287464943893312, 42.250432126010317 ], [ -84.28687505684843, 42.250238087444416 ], [ -84.286409816361257, 42.250057132600894 ], [ -84.284515873397311, 42.249391933877462 ] ] } },
{ "type": "Feature", "properties": { "road_id": "LEO-ROAD-706", "segment_id": "LEO-706-9191013800647238006318" }, "geometry": { "type": "LineString", "coordinates": [ [ -84.291026180236642, 42.249443927465784 ], [ -84.291038945176794, 42.250777400678096 ] ] } },
{ "type": "Feature", "properties": { "road_id": "LEO-ROAD-707", "segment_id": "LEO-707-9193073802177038006472" }, "geometry": { "type": "LineString", "coordinates": [ [ -84.289916920705053, 42.249425259389902 ], [ -84.289979958452335, 42.249444139982373 ], [ -84.290168578886679, 42.249459172334966 ], [ -84.291026180236642, 42.249443927465784 ] ] } },
{ "type": "Feature", "properties": { "road_id": "LEO-ROAD-708", "segment_id": "LEO-708-9193073800647238006479" }, "geometry": { "type": "LineString", "coordinates": [ [ -84.291026180236642, 42.249443927465784 ], [ -84.292313479431741, 42.24943158617485 ] ] } },
{ "type": "Feature", "properties": { "road_id": "LEO-ROAD-709", "segment_id": "LEO-709-9193073800647938006482" }, "geometry": { "type": "LineString", "coordinates": [ [ -84.292313479431741, 42.24943158617485 ], [ -84.293582546515282, 42.249435990999906 ] ] } },
{ "type": "Feature", "properties": { "road_id": "LEO-ROAD-710", "segment_id": "LEO-710-9190043800649738005958" }, "geometry": { "type": "LineString", "coordinates": [ [ -84.335181888630771, 42.249991077698816 ], [ -84.335207884450597, 42.250061624289636 ], [ -84.33523800685029, 42.25149068025123 ], [ -84.335241383840511, 42.253003124575663 ], [ -84.335221687018731, 42.254156415909357 ] ] } },
{ "type": "Feature", "properties": { "road_id": "LEO-ROAD-711", "segment_id": "LEO-711-9190053800647838006103" }, "geometry": { "type": "LineString", "coordinates": [ [ -84.333649673322839, 42.249963700555782 ], [ -84.333652289603165, 42.251284235030411 ], [ -84.333681939580202, 42.253147773788328 ] ] } },
{ "type": "Feature", "properties": { "road_id": "LEO-ROAD-712", "segment_id": "LEO-712-9190133800571338006487" }, "geometry": { "type": "LineString", "coordinates": [ [ -84.352583550463933, 42.257215948475867 ], [ -84.352540729581975, 42.253471412463789 ], [ -84.352508407302423, 42.250301968707596 ], [ -84.352511899086167, 42.250216185334125 ] ] } },
{ "type": "Feature", "properties": { "road_id": "LEO-ROAD-713", "segment_id": "LEO-713-9210013800649738006478" }, "geometry": { "type": "LineString", "coordinates": [ [ -84.335181888630771, 42.249991077698816 ], [ -84.335138278606379, 42.24996547655455 ], [ -84.335053368399159, 42.249949574562756 ], [ -84.333649673322839, 42.249963700555782 ] ] } },
{ "type": "Feature", "properties": { "road_id": "LEO-ROAD-714", "segment_id": "LEO-714-9194083800657438017051" }, "geometry": { "type": "LineString", "coordinates": [ [ -84.361118416963066, 42.249610721291937 ], [ -84.361131410547642, 42.250048135893685 ], [ -84.361099568689809, 42.2511901859719 ], [ -84.361090492609264, 42.252826248451008 ] ] } },
{ "type": "Feature", "properties": { "road_id": "LEO-ROAD-715", "segment_id": "LEO-715-8984033800657738006574" }, "geometry": { "type": "LineString", "coordinates": [ [ -84.362429783702183, 42.249616482533249 ], [ -84.361118416963066, 42.249610721291937 ] ] } },
{ "type": "Feature", "properties": { "road_id": "LEO-ROAD-716", "segment_id": "LEO-716-9209103800657738006405" }, "geometry": { "type": "LineString", "coordinates": [ [ -84.362429783702183, 42.249616482533249 ], [ -84.36241151668743, 42.24981012062598 ], [ -84.362418559038773, 42.250048069770166 ], [ -84.362431928568824, 42.251151932808078 ] ] } },
{ "type": "Feature", "properties": { "road_id": "LEO-ROAD-717", "segment_id": "LEO-717-8984033800658238006577" }, "geometry": { "type": "LineString", "coordinates": [ [ -84.364939751787375, 42.249616355031293 ], [ -84.36318055630818, 42.249608158042939 ], [ -84.362429783702183, 42.249616482533249 ] ] } },
{ "type": "Feature", "properties": { "road_id": "LEO-ROAD-718", "segment_id": "LEO-718-9130033800658238006406" }, "geometry": { "type": "LineString", "coordinates": [ [ -84.364939751787375, 42.249616355031293 ], [ -84.364955548631357, 42.251150336686003 ] ] } },
{ "type": "Feature", "properties": { "road_id": "LEO-ROAD-719", "segment_id": "LEO-719-9193073800660338021770" }, "geometry": { "type": "LineString", "coordinates": [ [ -84.28987249252188, 42.24830236671604 ], [ -84.289857396089218, 42.248387287624311 ], [ -84.289862131843151, 42.249039981711725 ], [ -84.289879598128309, 42.249337862676121 ], [ -84.28988271784722, 42.249395708061918 ], [ -84.289912835962795, 42.249424035520654 ], [ -84.289916920705053, 42.249425259389902 ] ] } },
{ "type": "Feature", "properties": { "road_id": "LEO-ROAD-720", "segment_id": "LEO-720-8992103800651138006597" }, "geometry": { "type": "LineString", "coordinates": [ [ -84.284515873397311, 42.249391933877462 ], [ -84.281074188835007, 42.248163439442628 ] ] } },
{ "type": "Feature", "properties": { "road_id": "LEO-ROAD-721", "segment_id": "LEO-721-9193063800659638006479" }, "geometry": { "type": "LineString", "coordinates": [ [ -84.292316477320085, 42.248308134973996 ], [ -84.292304544304514, 42.248380161684906 ], [ -84.292303214398373, 42.249259737174967 ], [ -84.292313479431741, 42.24943158617485 ] ] } },
{ "type": "Feature", "properties": { "road_id": "LEO-ROAD-722", "segment_id": "LEO-722-9191013800659938006472" }, "geometry": { "type": "LineString", "coordinates": [ [ -84.29097168851473, 42.248276277935545 ], [ -84.291012043221798, 42.248330606694083 ], [ -84.291026180236642, 42.249443927465784 ] ] } },
{ "type": "Feature", "properties": { "road_id": "LEO-ROAD-723", "segment_id": "LEO-723-9193073800659938006603" }, "geometry": { "type": "LineString", "coordinates": [ [ -84.29097168851473, 42.248276277935545 ], [ -84.290825233133276, 42.248257588873997 ], [ -84.290330276606028, 42.248256370369802 ], [ -84.289938043785625, 42.248265229730706 ], [ -84.28987249252188, 42.24830236671604 ] ] } },
{ "type": "Feature", "properties": { "road_id": "LEO-ROAD-724", "segment_id": "LEO-724-9193053800660838006482" }, "geometry": { "type": "LineString", "coordinates": [ [ -84.293605374618423, 42.248246445468688 ], [ -84.293639467699222, 42.248331102494411 ], [ -84.293666337488489, 42.248830975006136 ], [ -84.293649031278321, 42.249349630165369 ], [ -84.293582546515282, 42.249435990999906 ] ] } },
{ "type": "Feature", "properties": { "road_id": "LEO-ROAD-725", "segment_id": "LEO-725-9193033800660838006596" }, "geometry": { "type": "LineString", "coordinates": [ [ -84.293605374618423, 42.248246445468688 ], [ -84.29340345597204, 42.248236674821243 ], [ -84.292492543867127, 42.248237849059599 ], [ -84.292390131197337, 42.248257900416974 ], [ -84.292316477320085, 42.248308134973996 ] ] } },
{ "type": "Feature", "properties": { "road_id": "LEO-ROAD-726", "segment_id": "LEO-726-9159063800662438006708" }, "geometry": { "type": "LineString", "coordinates": [ [ -84.269532702058626, 42.247759900890706 ], [ -84.266885375013729, 42.247757129530058 ] ] } },
{ "type": "Feature", "properties": { "road_id": "LEO-ROAD-727", "segment_id": "LEO-727-9159023800662438025409" }, "geometry": { "type": "LineString", "coordinates": [ [ -84.269532702058626, 42.247759900890706 ], [ -84.269611181056774, 42.248330202860338 ], [ -84.269617870780309, 42.248492696535003 ], [ -84.269673768149744, 42.248936757495812 ], [ -84.269758282135626, 42.249408356850985 ], [ -84.269753212833976, 42.251810088006856 ], [ -84.269760859616724, 42.25250711000966 ] ] } },
{ "type": "Feature", "properties": { "road_id": "LEO-ROAD-728", "segment_id": "LEO-728-9193033800663638006608" }, "geometry": { "type": "LineString", "coordinates": [ [ -84.294948487797043, 42.248056693206458 ], [ -84.293732870875417, 42.248054281289853 ], [ -84.293675581246418, 42.24808434403127 ], [ -84.293656973874704, 42.248148164839407 ], [ -84.293634117684704, 42.248213483470266 ], [ -84.293605374618423, 42.248246445468688 ] ] } },
{ "type": "Feature", "properties": { "road_id": "LEO-ROAD-729", "segment_id": "LEO-729-9190103800663638006328" }, "geometry": { "type": "LineString", "coordinates": [ [ -84.294948487797043, 42.248056693206458 ], [ -84.294962044345056, 42.249965492969885 ], [ -84.294971811275943, 42.250771115524309 ] ] } },
{ "type": "Feature", "properties": { "road_id": "LEO-ROAD-730", "segment_id": "LEO-730-9019043801925638006416" }, "geometry": { "type": "LineString", "coordinates": [ [ -84.338519208025232, 42.248426667145857 ], [ -84.338521216475883, 42.248486581116154 ], [ -84.338564086514211, 42.25078017519234 ] ] } },
{ "type": "Feature", "properties": { "road_id": "LEO-ROAD-731", "segment_id": "LEO-731-9190053800668338006478" }, "geometry": { "type": "LineString", "coordinates": [ [ -84.333632889379942, 42.24809123716787 ], [ -84.333629090013332, 42.249051830336278 ], [ -84.333649673322839, 42.249963700555782 ] ] } },
{ "type": "Feature", "properties": { "road_id": "LEO-ROAD-732", "segment_id": "LEO-732-03800671938006711" }, "geometry": { "type": "LineString", "coordinates": [ [ -84.33619996669124, 42.247758379048562 ], [ -84.333723966723909, 42.247821301917149 ] ] } },
{ "type": "Feature", "properties": { "road_id": "LEO-ROAD-733", "segment_id": "LEO-733-9019043802540738019256" }, "geometry": { "type": "LineString", "coordinates": [ [ -84.338380600350519, 42.247649690188439 ], [ -84.338397641392973, 42.247670207422125 ], [ -84.338426784854519, 42.247705295771674 ], [ -84.338460720960526, 42.247823948968339 ], [ -84.338486557688, 42.247903751841434 ], [ -84.338502064426294, 42.24798907288168 ], [ -84.338507396887323, 42.248074242923927 ], [ -84.338519208025232, 42.248426667145857 ] ] } },
{ "type": "Feature", "properties": { "road_id": "LEO-ROAD-734", "segment_id": "LEO-734-9130033800679038006582" }, "geometry": { "type": "LineString", "coordinates": [ [ -84.364927738738118, 42.247564661224196 ], [ -84.364939751787375, 42.249616355031293 ] ] } },
{ "type": "Feature", "properties": { "road_id": "LEO-ROAD-735", "segment_id": "LEO-735-33811523800640038005715" }, "geometry": { "type": "LineString", "coordinates": [ [ -84.355591740224767, 42.247410521677551 ], [ -84.355622208997957, 42.24787939534702 ], [ -84.355657225574049, 42.248749906170382 ], [ -84.355644718539168, 42.24971971375507 ], [ -84.355693083923626, 42.254606213268076 ], [ -84.355732363528162, 42.255667070980962 ], [ -84.355734787730682, 42.25665537539399 ], [ -84.355739837078886, 42.256944702680983 ], [ -84.35573862096912, 42.257126656122679 ], [ -84.35573432140805, 42.25721893580446 ], [ -84.355702348304845, 42.257252412839939 ], [ -84.355646692556576, 42.257282824875048 ], [ -84.355563808683627, 42.257306043341941 ], [ -84.355457169424369, 42.25732891156801 ] ] } },
{ "type": "Feature", "properties": { "road_id": "LEO-ROAD-736", "segment_id": "LEO-736-9190183800633338006803" }, "geometry": { "type": "LineString", "coordinates": [ [ -84.296236658476658, 42.250786279918792 ], [ -84.296231239046335, 42.24642370489557 ] ] } },
{ "type": "Feature", "properties": { "road_id": "LEO-ROAD-737", "segment_id": "LEO-737-9193113800680338006805" }, "geometry": { "type": "LineString", "coordinates": [ [ -84.296231239046335, 42.24642370489557 ], [ -84.296534073882825, 42.246420258891028 ], [ -84.297489006135393, 42.24643173113509 ] ] } },
{ "type": "Feature", "properties": { "road_id": "LEO-ROAD-738", "segment_id": "LEO-738-9190073800680538006337" }, "geometry": { "type": "LineString", "coordinates": [ [ -84.297489006135393, 42.24643173113509 ], [ -84.297543701309223, 42.250792586152095 ] ] } },
{ "type": "Feature", "properties": { "road_id": "LEO-ROAD-739", "segment_id": "LEO-739-9193113800680538006807" }, "geometry": { "type": "LineString", "coordinates": [ [ -84.297489006135393, 42.24643173113509 ], [ -84.299118961776685, 42.246410319368266 ], [ -84.299260392286328, 42.24640734834253 ] ] } },
{ "type": "Feature", "properties": { "road_id": "LEO-ROAD-740", "segment_id": "LEO-740-9194083800684838006574" }, "geometry": { "type": "LineString", "coordinates": [ [ -84.361132064372285, 42.247027971915522 ], [ -84.361118416963066, 42.249610721291937 ] ] } },
{ "type": "Feature", "properties": { "road_id": "LEO-ROAD-741", "segment_id": "LEO-741-9130043800685538006848" }, "geometry": { "type": "LineString", "coordinates": [ [ -84.364931295498295, 42.247064640583574 ], [ -84.361132064372285, 42.247027971915522 ] ] } },
{ "type": "Feature", "properties": { "road_id": "LEO-ROAD-742", "segment_id": "LEO-742-9130033800685538006790" }, "geometry": { "type": "LineString", "coordinates": [ [ -84.364931295498295, 42.247064640583574 ], [ -84.364927738738118, 42.247564661224196 ] ] } },
{ "type": "Feature", "properties": { "road_id": "LEO-ROAD-743", "segment_id": "LEO-743-8992103801815738006749" }, "geometry": { "type": "LineString", "coordinates": [ [ -84.254078274736329, 42.245224104063873 ], [ -84.252663538494105, 42.245542497629017 ], [ -84.250421520011827, 42.246147560657661 ], [ -84.250103668224668, 42.246216956463307 ] ] } },
{ "type": "Feature", "properties": { "road_id": "LEO-ROAD-744", "segment_id": "LEO-744-9159023800688538006624" }, "geometry": { "type": "LineString", "coordinates": [ [ -84.269440434335777, 42.245324206557825 ], [ -84.269532702058626, 42.247759900890706 ] ] } },
{ "type": "Feature", "properties": { "road_id": "LEO-ROAD-745", "segment_id": "LEO-745-8992103801864238018157" }, "geometry": { "type": "LineString", "coordinates": [ [ -84.256991734535191, 42.244480533629748 ], [ -84.254909973070511, 42.245003182238747 ], [ -84.254078274736329, 42.245224104063873 ] ] } },
{ "type": "Feature", "properties": { "road_id": "LEO-ROAD-746", "segment_id": "LEO-746-9194083800696938006848" }, "geometry": { "type": "LineString", "coordinates": [ [ -84.361132431691317, 42.245996482427245 ], [ -84.361119113045632, 42.246026713583746 ], [ -84.361103495456206, 42.24609634088236 ], [ -84.361098476520709, 42.24619849743636 ], [ -84.361132064372285, 42.247027971915522 ] ] } },
{ "type": "Feature", "properties": { "road_id": "LEO-ROAD-747", "segment_id": "LEO-747-8976043800698738006969" }, "geometry": { "type": "LineString", "coordinates": [ [ -84.364928034249957, 42.245965163703339 ], [ -84.36146954023944, 42.245956907191683 ], [ -84.361207674985891, 42.245973495302131 ], [ -84.361132431691317, 42.245996482427245 ] ] } },
{ "type": "Feature", "properties": { "road_id": "LEO-ROAD-748", "segment_id": "LEO-748-9130033800698738006855" }, "geometry": { "type": "LineString", "coordinates": [ [ -84.364928034249957, 42.245965163703339 ], [ -84.364931295498295, 42.247064640583574 ] ] } },
{ "type": "Feature", "properties": { "road_id": "LEO-ROAD-749", "segment_id": "LEO-749-33817393800688583027277" }, "geometry": { "type": "LineString", "coordinates": [ [ -84.269440434335777, 42.245324206557825 ], [ -84.269266318556276, 42.245312831531045 ], [ -84.269076356336186, 42.245246194879932 ], [ -84.268465094182645, 42.24492129730514 ], [ -84.267953528601197, 42.244679828557182 ], [ -84.267655891041599, 42.244523567089381 ], [ -84.267281897393005, 42.244294534201785 ] ] } },
{ "type": "Feature", "properties": { "road_id": "LEO-ROAD-750", "segment_id": "LEO-750-8992103801863538018642" }, "geometry": { "type": "LineString", "coordinates": [ [ -84.258304065341832, 42.244136331997318 ], [ -84.258002649359028, 42.244212294991222 ], [ -84.256991734535191, 42.244480533629748 ] ] } },
{ "type": "Feature", "properties": { "road_id": "LEO-ROAD-751", "segment_id": "LEO-751-33807993800696938007134" }, "geometry": { "type": "LineString", "coordinates": [ [ -84.361132431691317, 42.245996482427245 ], [ -84.361096597552347, 42.245399253470374 ] ] } },
{ "type": "Feature", "properties": { "road_id": "LEO-ROAD-752", "segment_id": "LEO-752-9159023800703238006885" }, "geometry": { "type": "LineString", "coordinates": [ [ -84.269323048437116, 42.243984182610596 ], [ -84.269440434335777, 42.245324206557825 ] ] } },
{ "type": "Feature", "properties": { "road_id": "LEO-ROAD-753", "segment_id": "LEO-753-8992103800659738007032" }, "geometry": { "type": "LineString", "coordinates": [ [ -84.281074188835007, 42.248163439442628 ], [ -84.279639604906805, 42.247659733761239 ], [ -84.274304207083901, 42.245756789609374 ], [ -84.269323048437116, 42.243984182610596 ] ] } },
{ "type": "Feature", "properties": { "road_id": "LEO-ROAD-754", "segment_id": "LEO-754-8992103801993238018635" }, "geometry": { "type": "LineString", "coordinates": [ [ -84.261019053104107, 42.24347606026307 ], [ -84.260172901060727, 42.243668343901412 ], [ -84.259039632854879, 42.243947084366589 ], [ -84.258304065341832, 42.244136331997318 ] ] } },
{ "type": "Feature", "properties": { "road_id": "LEO-ROAD-755", "segment_id": "LEO-755-9159023800708638007032" }, "geometry": { "type": "LineString", "coordinates": [ [ -84.269313572293427, 42.243590059585095 ], [ -84.269323048437116, 42.243984182610596 ] ] } },
{ "type": "Feature", "properties": { "road_id": "LEO-ROAD-756", "segment_id": "LEO-756-9190183800680338007102" }, "geometry": { "type": "LineString", "coordinates": [ [ -84.296231239046335, 42.24642370489557 ], [ -84.29620036644414, 42.243879357852194 ] ] } },
{ "type": "Feature", "properties": { "road_id": "LEO-ROAD-757", "segment_id": "LEO-757-8992103800703238007113" }, "geometry": { "type": "LineString", "coordinates": [ [ -84.269323048437116, 42.243984182610596 ], [ -84.267509942014115, 42.243427271428139 ] ] } },
{ "type": "Feature", "properties": { "road_id": "LEO-ROAD-758", "segment_id": "LEO-758-8992103800711338007119" }, "geometry": { "type": "LineString", "coordinates": [ [ -84.267509942014115, 42.243427271428139 ], [ -84.267320960110112, 42.243385663801334 ] ] } },
{ "type": "Feature", "properties": { "road_id": "LEO-ROAD-759", "segment_id": "LEO-759-8992103800711938007104" }, "geometry": { "type": "LineString", "coordinates": [ [ -84.267320960110112, 42.243385663801334 ], [ -84.267162057360807, 42.24337026206836 ], [ -84.267006412475666, 42.243365268480332 ], [ -84.266815366716258, 42.243388019828018 ], [ -84.266693600059227, 42.243409276794324 ], [ -84.266494618823714, 42.243467916468241 ] ] } },
{ "type": "Feature", "properties": { "road_id": "LEO-ROAD-760", "segment_id": "LEO-760-9190103800709638006636" }, "geometry": { "type": "LineString", "coordinates": [ [ -84.294914146520298, 42.24366186033393 ], [ -84.294911999364089, 42.243847307975351 ], [ -84.294948487797043, 42.248056693206458 ] ] } },
{ "type": "Feature", "properties": { "road_id": "LEO-ROAD-761", "segment_id": "LEO-761-8992103800710438007151" }, "geometry": { "type": "LineString", "coordinates": [ [ -84.266494618823714, 42.243467916468241 ], [ -84.266387493653525, 42.243517609370663 ], [ -84.266376803129873, 42.243521862480982 ], [ -84.266366126436267, 42.243526141028582 ], [ -84.266355463674302, 42.243530441411842 ], [ -84.266344811284469, 42.243534760872834 ], [ -84.266334168105772, 42.243539097591899 ], [ -84.266323533027787, 42.243543447948397 ], [ -84.26631290488946, 42.243547810122664 ], [ -84.266302281368638, 42.243552180475291 ], [ -84.266291661329618, 42.243556556286016 ], [ -84.266281043611244, 42.243560935735218 ], [ -84.266270424654238, 42.243565316065038 ], [ -84.266259805771881, 42.24356969369255 ], [ -84.26624918340481, 42.243574065859903 ], [ -84.266238556391926, 42.243578430747405 ], [ -84.266227923622949, 42.243582784734443 ], [ -84.266217282750276, 42.243587125082051 ], [ -84.266206633824766, 42.243591449989346 ], [ -84.266195973312335, 42.243595755798047 ], [ -84.266185301263818, 42.243600040707207 ], [ -84.266174614145143, 42.24360430105861 ], [ -84.266163913244355, 42.243608534169809 ], [ -84.266153193764865, 42.243612738164458 ], [ -84.266142457020024, 42.243616909459774 ], [ -84.266131699450511, 42.243621045297779 ], [ -84.266120921106989, 42.243625143877694 ], [ -84.266110118455614, 42.243629201541175 ], [ -84.266099291547079, 42.243633216487346 ], [ -84.266088438059256, 42.2436371850767 ], [ -84.266077556856487, 42.243641104589237 ], [ -84.266066646803054, 42.243644972304701 ], [ -84.266055705526071, 42.243648786384504 ], [ -84.266044730703442, 42.243652543189143 ], [ -84.266033715241832, 42.243656236302549 ], [ -84.266022628191692, 42.243659845424794 ], [ -84.266011468493573, 42.243663365134502 ], [ -84.266000240994885, 42.243666795507025 ], [ -84.265988948170133, 42.243670134779201 ], [ -84.26597759489205, 42.24367338212604 ], [ -84.26596618484696, 42.243676535803253 ], [ -84.26595472050937, 42.24367959404767 ], [ -84.265943207989338, 42.243682555152709 ], [ -84.265931649710595, 42.243685419156058 ], [ -84.265920050571268, 42.243688184332328 ], [ -84.265908411859428, 42.243690847999055 ], [ -84.265896740846188, 42.243693410269373 ], [ -84.265885038794195, 42.243695869361325 ], [ -84.265873309389789, 42.243698223530558 ], [ -84.265861558717688, 42.243700471971003 ], [ -84.265849788040498, 42.243702612900606 ], [ -84.265838003442866, 42.243704645513283 ], [ -84.265826206212893, 42.243706567126537 ], [ -84.265814394808729, 42.243708389427148 ], [ -84.265802541427604, 42.243710152519476 ], [ -84.265790648493279, 42.243711856441323 ], [ -84.265778717293642, 42.243713498510189 ], [ -84.265766752752427, 42.243715076100258 ], [ -84.26575475742014, 42.243716584747034 ], [ -84.265742733796728, 42.243718021786954 ], [ -84.265730685568556, 42.243719385475785 ], [ -84.265718616523401, 42.243720670467447 ], [ -84.265706530322376, 42.243721875918148 ], [ -84.265694427092313, 42.243722997325719 ], [ -84.265682314180566, 42.243724032102037 ], [ -84.265670191663347, 42.243724977545803 ], [ -84.265658063303079, 42.243725829211456 ], [ -84.265645932786256, 42.243726585354764 ], [ -84.265633803849909, 42.243727242430474 ], [ -84.265621679019347, 42.243727796874715 ], [ -84.265609560769164, 42.243728246924327 ], [ -84.265597454073628, 42.243728588152571 ], [ -84.265585360220868, 42.243728817877056 ], [ -84.265573284134476, 42.243728933471957 ], [ -84.265561227127904, 42.24372893135439 ], [ -84.265549181777871, 42.243728816813778 ], [ -84.265537113340315, 42.243728618135755 ], [ -84.265525019340899, 42.24372833708334 ], [ -84.265512904626974, 42.243727973732007 ], [ -84.26550077409685, 42.243727526356381 ], [ -84.26548863136054, 42.243726995913462 ], [ -84.265476480129962, 42.24372637975862 ], [ -84.265464325227029, 42.243725678867634 ], [ -84.26545217036356, 42.243724890595864 ], [ -84.265440019124341, 42.243724016800741 ], [ -84.265427875221093, 42.243723054837638 ], [ -84.265415744738434, 42.243722003900388 ], [ -84.265403630074786, 42.243720864927191 ], [ -84.265391536128348, 42.24371963619263 ], [ -84.265379466560006, 42.243718316852949 ], [ -84.265367425005408, 42.243716906964671 ], [ -84.265355416337385, 42.243715405702872 ], [ -84.265343444242234, 42.24371381132331 ], [ -84.265331513567446, 42.243712123901432 ], [ -84.26531962673667, 42.24371034347503 ], [ -84.265307789860003, 42.243708468337587 ], [ -84.265296004174715, 42.243706497607512 ], [ -84.265284276951903, 42.243704431398072 ], [ -84.265272610640736, 42.243702268846548 ], [ -84.265260987977712, 42.243699977254494 ], [ -84.265249393894592, 42.243697532064949 ], [ -84.265237833086488, 42.243694938756015 ], [ -84.265226306612917, 42.243692202749216 ], [ -84.265214819245159, 42.243689326821197 ], [ -84.265203370805494, 42.243686317275078 ], [ -84.265191967251724, 42.243683177806929 ], [ -84.265180609643267, 42.243679913838157 ], [ -84.265169301514192, 42.243676529027141 ], [ -84.265158045135877, 42.243673028814278 ], [ -84.265146843991502, 42.243669418658655 ], [ -84.265135700428658, 42.243665701299328 ], [ -84.265124619116975, 42.243661883114896 ], [ -84.265113599980253, 42.24365796680663 ], [ -84.265102647662857, 42.243653959653436 ], [ -84.265091764512206, 42.243649864394428 ], [ -84.265080954011523, 42.243645686488733 ], [ -84.265070217245679, 42.243641430457451 ], [ -84.265059560172389, 42.243637099996654 ], [ -84.265048982613806, 42.243632701409389 ], [ -84.265038452198723, 42.243628264819705 ], [ -84.265027925598346, 42.243623821982631 ], [ -84.265017404024633, 42.243619372917053 ], [ -84.26500688505385, 42.243614917585262 ], [ -84.264996371109632, 42.243610456024925 ], [ -84.264985860954866, 42.243605989117675 ], [ -84.264975355801269, 42.24360151688235 ], [ -84.26496485325066, 42.243597038380805 ], [ -84.264954354514799, 42.243592553631863 ], [ -84.264943859542939, 42.243588064436437 ], [ -84.264933368360502, 42.243583569894078 ], [ -84.264922880992842, 42.243579069104364 ], [ -84.264912397389182, 42.243574563868115 ], [ -84.264901916363073, 42.243570053266069 ], [ -84.264891440338204, 42.243565537336011 ], [ -84.264880965653688, 42.243561016921696 ], [ -84.264870495970385, 42.243556491179334 ], [ -84.264860028864661, 42.243551960071109 ], [ -84.264849565497542, 42.243547425416885 ], [ -84.264839104707974, 42.24354288539682 ], [ -84.264828646470605, 42.243538340911392 ], [ -84.264818191997264, 42.243533791979537 ], [ -84.264807741287925, 42.243529238601091 ], [ -84.264797293130727, 42.243524680757368 ], [ -84.26478684631391, 42.243520118429366 ], [ -84.264776404447574, 42.243515552574181 ], [ -84.264765963921491, 42.243510982234767 ], [ -84.264755525922283, 42.243506408330425 ], [ -84.264745091687047, 42.243501829979607 ], [ -84.2647346599786, 42.243497248063854 ], [ -84.264724229585141, 42.243492662564286 ], [ -84.264713802930245, 42.243488073518677 ], [ -84.264703377590351, 42.243483480889282 ], [ -84.264692955989076, 42.243478884713831 ], [ -84.264682535702747, 42.243474284954551 ], [ -84.264672117917854, 42.243469682530815 ], [ -84.264661701473244, 42.243465075622851 ], [ -84.264651288716522, 42.243460466969658 ], [ -84.264640877274758, 42.243455854732666 ], [ -84.264630467147896, 42.243451238911923 ], [ -84.264620059497091, 42.243446621327088 ], [ -84.264609654373089, 42.243442000177353 ], [ -84.264599250538637, 42.243437376344218 ], [ -84.264588847968312, 42.243432750728218 ], [ -84.264578447924833, 42.243428121547247 ], [ -84.264568049145481, 42.243423490583339 ], [ -84.264557651655693, 42.243418856936088 ], [ -84.264547256667328, 42.243414220624352 ], [ -84.26453686294316, 42.243409582529679 ], [ -84.264526470483119, 42.24340494265207 ], [ -84.264516079312656, 42.243400300091096 ], [ -84.26450568938094, 42.243395656647635 ], [ -84.26449530073883, 42.24339101052081 ], [ -84.264484913360832, 42.243386362611055 ], [ -84.264474526035244, 42.24338171289947 ], [ -84.264464141185599, 42.243377061423885 ], [ -84.264453757574728, 42.243372409065742 ], [ -84.264443374016196, 42.243367754905819 ], [ -84.264432991696467, 42.243363099863423 ], [ -84.264422610640878, 42.243358443038055 ], [ -84.264412229612205, 42.243353785311356 ], [ -84.264401849822363, 42.243349126702157 ], [ -84.264391470084774, 42.243344466291141 ], [ -84.264381091560622, 42.243339805898053 ], [ -84.264370714300568, 42.243335143722021 ], [ -84.264360337042092, 42.243330481545101 ], [ -84.264349959810559, 42.243325818466765 ], [ -84.264339582605942, 42.243321154487028 ], [ -84.264329206614676, 42.243316490525274 ], [ -84.264318830650353, 42.243311825662161 ], [ -84.264308454687537, 42.243307160798075 ], [ -84.264298078726327, 42.243302495933058 ], [ -84.264287704003834, 42.243297830185533 ], [ -84.264277328045608, 42.243293165318661 ], [ -84.264266952114326, 42.243288499550367 ], [ -84.264256577371029, 42.24328383470047 ], [ -84.264246201442802, 42.243279168930286 ], [ -84.264235825490687, 42.243274504059634 ], [ -84.264225449514768, 42.243269840088438 ], [ -84.264215073540328, 42.24326517611631 ], [ -84.264204696355577, 42.243260512124365 ], [ -84.264194319146981, 42.24325584903189 ], [ -84.264183941914425, 42.24325118683894 ], [ -84.264173563446207, 42.243246525526551 ], [ -84.264163184954157, 42.243241865113703 ], [ -84.264152805226303, 42.24323720558143 ], [ -84.26414242550004, 42.243232546048198 ], [ -84.264132044487212, 42.243227889196476 ], [ -84.264121663475933, 42.243223232343773 ], [ -84.264111281203526, 42.243218577272131 ], [ -84.264100897669991, 42.243213923981514 ], [ -84.264090512900708, 42.24320927157153 ], [ -84.264080128082199, 42.243204620961436 ], [ -84.264069740790674, 42.243199972113494 ], [ -84.264059353475275, 42.243195324165079 ], [ -84.264048964873353, 42.24319067889811 ], [ -84.264038575010346, 42.243186035412144 ], [ -84.264028182674309, 42.243181393688367 ], [ -84.264017790288989, 42.243176753764516 ], [ -84.26400739543071, 42.243172115602789 ], [ -84.263997000472315, 42.243167481041851 ], [ -84.263986603066357, 42.243162847342624 ], [ -84.263976203136636, 42.243158217206407 ], [ -84.263965803157618, 42.243153588870122 ], [ -84.263955400680217, 42.243148963196425 ], [ -84.263944996916265, 42.243144340204182 ], [ -84.263934590653903, 42.24313971987452 ], [ -84.263924181893202, 42.243135102207411 ], [ -84.263913773057766, 42.243130487240677 ], [ -84.263895121113734, 42.24312222971043 ] ] } },
{ "type": "Feature", "properties": { "road_id": "LEO-ROAD-762", "segment_id": "LEO-762-54987513800710438007165" }, "geometry": { "type": "LineString", "coordinates": [ [ -84.266494618823714, 42.243467916468241 ], [ -84.26643883473723, 42.243359011599978 ], [ -84.266414122498361, 42.243253162922024 ], [ -84.266416194904764, 42.243076254071141 ] ] } },
{ "type": "Feature", "properties": { "road_id": "LEO-ROAD-763", "segment_id": "LEO-763-8992103800715138019932" }, "geometry": { "type": "LineString", "coordinates": [ [ -84.263895121113734, 42.24312222971043 ], [ -84.263431403715828, 42.242999159818559 ], [ -84.263343036418547, 42.242990209288074 ], [ -84.263197842465843, 42.242987946163787 ], [ -84.263081981794343, 42.243003881900869 ], [ -84.262927788895979, 42.243038440869206 ], [ -84.262493095132541, 42.243141074020393 ], [ -84.261019053104107, 42.24347606026307 ] ] } },
{ "type": "Feature", "properties": { "road_id": "LEO-ROAD-764", "segment_id": "LEO-764-9019043800717338025407" }, "geometry": { "type": "LineString", "coordinates": [ [ -84.337144005629924, 42.244057532410963 ], [ -84.337160483970962, 42.245901406823009 ], [ -84.337177709565097, 42.246002289154099 ], [ -84.337193607359922, 42.246076752510966 ], [ -84.337220199205063, 42.246165571505273 ], [ -84.337293240318942, 42.246293287808889 ], [ -84.337445063023324, 42.246523270761607 ], [ -84.338380600350519, 42.247649690188439 ] ] } },
{ "type": "Feature", "properties": { "road_id": "LEO-ROAD-765", "segment_id": "LEO-765-9192203801705438007181" }, "geometry": { "type": "LineString", "coordinates": [ [ -84.270814053211367, 42.243433559094065 ], [ -84.270836351032941, 42.243423512361289 ], [ -84.27086316381282, 42.243407941577459 ], [ -84.270883614955324, 42.24338410247298 ], [ -84.271143125503258, 42.24301592623226 ] ] } },
{ "type": "Feature", "properties": { "road_id": "LEO-ROAD-766", "segment_id": "LEO-766-9159023800718838007086" }, "geometry": { "type": "LineString", "coordinates": [ [ -84.269353501238868, 42.242953258700958 ], [ -84.269313572293427, 42.243590059585095 ] ] } },
{ "type": "Feature", "properties": { "road_id": "LEO-ROAD-767", "segment_id": "LEO-767-9159043801705438007188" }, "geometry": { "type": "LineString", "coordinates": [ [ -84.270814053211367, 42.243433559094065 ], [ -84.270774316799333, 42.243432863966511 ], [ -84.270730177114146, 42.243422895851438 ], [ -84.270676390317306, 42.243403366157708 ], [ -84.270076646246778, 42.243175008843068 ], [ -84.269594370608459, 42.243010001924105 ], [ -84.269353501238868, 42.242953258700958 ] ] } },
{ "type": "Feature", "properties": { "road_id": "LEO-ROAD-768", "segment_id": "LEO-768-9183073800718638007173" }, "geometry": { "type": "LineString", "coordinates": [ [ -84.346802323421969, 42.244102147853454 ], [ -84.341988559375423, 42.244104487671613 ], [ -84.337901218266111, 42.244057328400238 ], [ -84.337144005629924, 42.244057532410963 ] ] } },
{ "type": "Feature", "properties": { "road_id": "LEO-ROAD-769", "segment_id": "LEO-769-54987513800716538018566" }, "geometry": { "type": "LineString", "coordinates": [ [ -84.266416194904764, 42.243076254071141 ], [ -84.266433284445014, 42.242804027378703 ], [ -84.266454755474271, 42.242446184992694 ] ] } },
{ "type": "Feature", "properties": { "road_id": "LEO-ROAD-770", "segment_id": "LEO-770-33812823801993238019931" }, "geometry": { "type": "LineString", "coordinates": [ [ -84.261019053104107, 42.24347606026307 ], [ -84.261016001978348, 42.243291624187123 ], [ -84.260992284535192, 42.242679992486977 ], [ -84.260987333640301, 42.242122563599935 ] ] } },
{ "type": "Feature", "properties": { "road_id": "LEO-ROAD-771", "segment_id": "LEO-771-9188023802025938006749" }, "geometry": { "type": "LineString", "coordinates": [ [ -84.250028998170507, 42.241616395874743 ], [ -84.25004273501591, 42.243467839533238 ], [ -84.250087460163854, 42.24409752420847 ], [ -84.250106402254943, 42.246043968180651 ], [ -84.250103668224668, 42.246216956463307 ] ] } },
{ "type": "Feature", "properties": { "road_id": "LEO-ROAD-772", "segment_id": "LEO-772-9139043800728038007186" }, "geometry": { "type": "LineString", "coordinates": [ [ -84.346807172359448, 42.242897086511441 ], [ -84.346863895327559, 42.243653863979645 ], [ -84.346864063699215, 42.243994939395208 ], [ -84.346845578629257, 42.244062748716487 ], [ -84.346802323421969, 42.244102147853454 ] ] } },
{ "type": "Feature", "properties": { "road_id": "LEO-ROAD-773", "segment_id": "LEO-773-9019043800730038007173" }, "geometry": { "type": "LineString", "coordinates": [ [ -84.337122971938186, 42.242471639061087 ], [ -84.337090943499234, 42.242673336522863 ], [ -84.337092661913204, 42.242971724971028 ], [ -84.337144005629924, 42.244057532410963 ] ] } },
{ "type": "Feature", "properties": { "road_id": "LEO-ROAD-774", "segment_id": "LEO-774-9183063800728038007300" }, "geometry": { "type": "LineString", "coordinates": [ [ -84.346807172359448, 42.242897086511441 ], [ -84.346659118107908, 42.242858720048922 ], [ -84.346138691961727, 42.2426705464866 ], [ -84.345933275962224, 42.242611290646423 ], [ -84.345838248236959, 42.242592129306885 ], [ -84.345695388239307, 42.242575214982779 ], [ -84.345492519197933, 42.242569241194659 ], [ -84.342045903599825, 42.242525566159365 ], [ -84.338336228749228, 42.242491446611986 ], [ -84.337122971938186, 42.242471639061087 ] ] } },
{ "type": "Feature", "properties": { "road_id": "LEO-ROAD-775", "segment_id": "LEO-775-54987513801856638007227" }, "geometry": { "type": "LineString", "coordinates": [ [ -84.266454755474271, 42.242446184992694 ], [ -84.266472730644935, 42.242146606759924 ], [ -84.266520716553671, 42.241681029116357 ], [ -84.266576950499953, 42.241417653945575 ], [ -84.26659692305077, 42.241400551719344 ], [ -84.266816104868838, 42.241212867589269 ] ] } },
{ "type": "Feature", "properties": { "road_id": "LEO-ROAD-776", "segment_id": "LEO-776-33810883801864338018642" }, "geometry": { "type": "LineString", "coordinates": [ [ -84.25855593759735, 42.240862953194714 ], [ -84.257367725887221, 42.240906064820237 ], [ -84.257254382672755, 42.240910754741968 ], [ -84.257172226247079, 42.240916393560447 ], [ -84.257108579773259, 42.240926475557465 ], [ -84.257038914403552, 42.240951695477058 ], [ -84.256959541830099, 42.24099061104193 ], [ -84.256898562672959, 42.241038123521371 ], [ -84.256850307379651, 42.241096911597566 ], [ -84.256818818310322, 42.241155962840828 ], [ -84.256781111731371, 42.241237071777945 ], [ -84.256758307698533, 42.241318413841093 ], [ -84.256730837286099, 42.241432917150618 ], [ -84.256707150330172, 42.241611176300339 ], [ -84.256683875853483, 42.241840677394485 ], [ -84.256672443220893, 42.242046824201168 ], [ -84.256667050875635, 42.242171364898716 ], [ -84.256659482173745, 42.242306949928285 ], [ -84.256660834029432, 42.242456522042588 ], [ -84.256664892487265, 42.242642139888758 ], [ -84.256668911778107, 42.242829140787364 ], [ -84.25668061790951, 42.243007954500236 ], [ -84.256705479855313, 42.243182819398839 ], [ -84.256733276536892, 42.24336506293384 ], [ -84.256818855939756, 42.243785565876053 ], [ -84.256897427320339, 42.244103898009918 ], [ -84.256991734535191, 42.244480533629748 ] ] } },
{ "type": "Feature", "properties": { "road_id": "LEO-ROAD-777", "segment_id": "LEO-777-33810873801863538018643" }, "geometry": { "type": "LineString", "coordinates": [ [ -84.258304065341832, 42.244136331997318 ], [ -84.258254011954136, 42.243669525498731 ], [ -84.258240000269382, 42.243516701807877 ], [ -84.25823729571502, 42.243353154836093 ], [ -84.258248251805213, 42.243225247329107 ], [ -84.258283944124983, 42.243130428299771 ], [ -84.258330787918155, 42.243030332649646 ], [ -84.258406804733411, 42.24293614294637 ], [ -84.258504970128755, 42.242836849339305 ], [ -84.258562348033877, 42.242753268250425 ], [ -84.258590399707984, 42.242669229734091 ], [ -84.258607452865633, 42.242585018429232 ], [ -84.258603822195397, 42.242454157922616 ], [ -84.25855593759735, 42.240862953194714 ] ] } },
{ "type": "Feature", "properties": { "road_id": "LEO-ROAD-778", "segment_id": "LEO-778-8991103800733738005831" }, "geometry": { "type": "LineString", "coordinates": [ [ -84.356055815571239, 42.242338763197338 ], [ -84.356073464086933, 42.242569011514625 ], [ -84.356267129720607, 42.245203263193822 ], [ -84.356825952922634, 42.253590815632144 ], [ -84.356953611685555, 42.255103564651158 ], [ -84.356996912772942, 42.255591957872262 ] ] } },
{ "type": "Feature", "properties": { "road_id": "LEO-ROAD-779", "segment_id": "LEO-779-8991093800744138005825" }, "geometry": { "type": "LineString", "coordinates": [ [ -84.355817553087277, 42.241761261761745 ], [ -84.355854082149676, 42.243177714919035 ], [ -84.355966422802879, 42.244684314698588 ], [ -84.356193999672598, 42.247652672686122 ], [ -84.356335274738839, 42.250048130637303 ], [ -84.356415919092711, 42.25106282019722 ], [ -84.356484788789587, 42.252287054568569 ], [ -84.356572364181631, 42.253571969230656 ], [ -84.356698646006109, 42.255110932411917 ], [ -84.356741321647107, 42.255492577555351 ] ] } },
{ "type": "Feature", "properties": { "road_id": "LEO-ROAD-780", "segment_id": "LEO-780-9159023800750438007188" }, "geometry": { "type": "LineString", "coordinates": [ [ -84.269438110666528, 42.240186824940096 ], [ -84.269353501238868, 42.242953258700958 ] ] } },
{ "type": "Feature", "properties": { "road_id": "LEO-ROAD-781", "segment_id": "LEO-781-9019043800745438007300" }, "geometry": { "type": "LineString", "coordinates": [ [ -84.337477746438111, 42.241106828946272 ], [ -84.33719793687672, 42.242001222853013 ], [ -84.337154152232955, 42.24224532417977 ], [ -84.337146781170247, 42.242368333188516 ], [ -84.337122971938186, 42.242471639061087 ] ] } },
{ "type": "Feature", "properties": { "road_id": "LEO-ROAD-782", "segment_id": "LEO-782-9183053800745638007454" }, "geometry": { "type": "LineString", "coordinates": [ [ -84.346747136749812, 42.241203461376294 ], [ -84.344967697870132, 42.241186113784202 ], [ -84.342091007295778, 42.241161362557598 ], [ -84.337776121074796, 42.241118070291812 ], [ -84.337477746438111, 42.241106828946272 ] ] } },
{ "type": "Feature", "properties": { "road_id": "LEO-ROAD-783", "segment_id": "LEO-783-9139043800745638007280" }, "geometry": { "type": "LineString", "coordinates": [ [ -84.346747136749812, 42.241203461376294 ], [ -84.346807172359448, 42.242897086511441 ] ] } },
{ "type": "Feature", "properties": { "road_id": "LEO-ROAD-784", "segment_id": "LEO-784-8993073800733738007493" }, "geometry": { "type": "LineString", "coordinates": [ [ -84.356055815571239, 42.242338763197338 ], [ -84.356186381543324, 42.241560411565615 ], [ -84.35622931098365, 42.241147000224011 ] ] } },
{ "type": "Feature", "properties": { "road_id": "LEO-ROAD-785", "segment_id": "LEO-785-8991103800751538007337" }, "geometry": { "type": "LineString", "coordinates": [ [ -84.355972978580184, 42.241009645196073 ], [ -84.356055815571239, 42.242338763197338 ] ] } },
{ "type": "Feature", "properties": { "road_id": "LEO-ROAD-786", "segment_id": "LEO-786-8991093800752838007441" }, "geometry": { "type": "LineString", "coordinates": [ [ -84.355733646483969, 42.240880153569726 ], [ -84.355817553087277, 42.241761261761745 ] ] } },
{ "type": "Feature", "properties": { "road_id": "LEO-ROAD-787", "segment_id": "LEO-787-9159023800755838007504" }, "geometry": { "type": "LineString", "coordinates": [ [ -84.269447488982209, 42.239444788499149 ], [ -84.269438110666528, 42.240186824940096 ] ] } },
{ "type": "Feature", "properties": { "road_id": "LEO-ROAD-788", "segment_id": "LEO-788-33808023800753738007401" }, "geometry": { "type": "LineString", "coordinates": [ [ -84.322499644077993, 42.240233555249837 ], [ -84.322430665796773, 42.240286855457597 ], [ -84.322351379057849, 42.240320178745627 ], [ -84.322311852483281, 42.240324300548423 ], [ -84.321120954253999, 42.24032460758972 ], [ -84.32112480566299, 42.240755529581065 ], [ -84.321024729691374, 42.240901901357958 ], [ -84.320796101346033, 42.241081643044744 ], [ -84.320664213649167, 42.241203147776766 ], [ -84.32053294082607, 42.241412288333876 ] ] } },
{ "type": "Feature", "properties": { "road_id": "LEO-ROAD-789", "segment_id": "LEO-789-9194013800753738007375" }, "geometry": { "type": "LineString", "coordinates": [ [ -84.322499644077993, 42.240233555249837 ], [ -84.322514211916953, 42.240575557984307 ], [ -84.32251554412349, 42.240616157021378 ] ] } },
{ "type": "Feature", "properties": { "road_id": "LEO-ROAD-790", "segment_id": "LEO-790-9185043800754938007547" }, "geometry": { "type": "LineString", "coordinates": [ [ -84.331833016856663, 42.240358790609953 ], [ -84.329288395816306, 42.240347709937375 ] ] } },
{ "type": "Feature", "properties": { "road_id": "LEO-ROAD-791", "segment_id": "LEO-791-9185043800755038007549" }, "geometry": { "type": "LineString", "coordinates": [ [ -84.332164927990419, 42.240355688626479 ], [ -84.331833016856663, 42.240358790609953 ] ] } },
{ "type": "Feature", "properties": { "road_id": "LEO-ROAD-792", "segment_id": "LEO-792-9185043800755438007550" }, "geometry": { "type": "LineString", "coordinates": [ [ -84.334126040678015, 42.240383340773441 ], [ -84.332978510523589, 42.240373696903085 ], [ -84.332164927990419, 42.240355688626479 ] ] } },
{ "type": "Feature", "properties": { "road_id": "LEO-ROAD-793", "segment_id": "LEO-793-9185043800755538007554" }, "geometry": { "type": "LineString", "coordinates": [ [ -84.335362771822346, 42.240402267984962 ], [ -84.334126040678015, 42.240383340773441 ] ] } },
{ "type": "Feature", "properties": { "road_id": "LEO-ROAD-794", "segment_id": "LEO-794-8992083800756138007441" }, "geometry": { "type": "LineString", "coordinates": [ [ -84.35538624571673, 42.240695242412514 ], [ -84.355817553087277, 42.241761261761745 ] ] } },
{ "type": "Feature", "properties": { "road_id": "LEO-ROAD-795", "segment_id": "LEO-795-9185043800755638007555" }, "geometry": { "type": "LineString", "coordinates": [ [ -84.337664503470762, 42.240428871995498 ], [ -84.335362771822346, 42.240402267984962 ] ] } },
{ "type": "Feature", "properties": { "road_id": "LEO-ROAD-796", "segment_id": "LEO-796-9019043800755638007454" }, "geometry": { "type": "LineString", "coordinates": [ [ -84.337664503470762, 42.240428871995498 ], [ -84.337477746438111, 42.241106828946272 ] ] } },
{ "type": "Feature", "properties": { "road_id": "LEO-ROAD-797", "segment_id": "LEO-797-9159023800757138007558" }, "geometry": { "type": "LineString", "coordinates": [ [ -84.269450364689931, 42.239344853229639 ], [ -84.269447488982209, 42.239444788499149 ] ] } },
{ "type": "Feature", "properties": { "road_id": "LEO-ROAD-798", "segment_id": "LEO-798-9139043801925738007456" }, "geometry": { "type": "LineString", "coordinates": [ [ -84.34668185323433, 42.24038084949715 ], [ -84.346706657273728, 42.240616141728964 ], [ -84.346747136749812, 42.241203461376294 ] ] } },
{ "type": "Feature", "properties": { "road_id": "LEO-ROAD-799", "segment_id": "LEO-799-9017023800758738007582" }, "geometry": { "type": "LineString", "coordinates": [ [ -84.364890615390181, 42.240501939634328 ], [ -84.363948237445314, 42.240502561378811 ] ] } },
{ "type": "Feature", "properties": { "road_id": "LEO-ROAD-800", "segment_id": "LEO-800-9130033800758738006987" }, "geometry": { "type": "LineString", "coordinates": [ [ -84.364890615390181, 42.240501939634328 ], [ -84.364902829077778, 42.244920742763711 ], [ -84.364928034249957, 42.245965163703339 ] ] } },
{ "type": "Feature", "properties": { "road_id": "LEO-ROAD-801", "segment_id": "LEO-801-9183043800761338007611" }, "geometry": { "type": "LineString", "coordinates": [ [ -84.345538719637631, 42.240057981885677 ], [ -84.344507583530117, 42.2400751787955 ], [ -84.344288976615132, 42.240079941340682 ] ] } },
{ "type": "Feature", "properties": { "road_id": "LEO-ROAD-802", "segment_id": "LEO-802-9183043800761938007613" }, "geometry": { "type": "LineString", "coordinates": [ [ -84.346623180011633, 42.240041170893804 ], [ -84.345538719637631, 42.240057981885677 ] ] } },
{ "type": "Feature", "properties": { "road_id": "LEO-ROAD-803", "segment_id": "LEO-803-9139043800761938019257" }, "geometry": { "type": "LineString", "coordinates": [ [ -84.346623180011633, 42.240041170893804 ], [ -84.346667854097461, 42.240248046057943 ], [ -84.34668185323433, 42.24038084949715 ] ] } },
{ "type": "Feature", "properties": { "road_id": "LEO-ROAD-804", "segment_id": "LEO-804-33810423801815738018638" }, "geometry": { "type": "LineString", "coordinates": [ [ -84.254078274736329, 42.245224104063873 ], [ -84.25401641348509, 42.243110984344085 ], [ -84.253988282943311, 42.241515482389474 ], [ -84.254000212443401, 42.24127252210581 ], [ -84.254009411917735, 42.241204712224622 ], [ -84.254024160089159, 42.24113823062136 ], [ -84.254076905439874, 42.241052849509124 ], [ -84.254124117906485, 42.240986427011698 ], [ -84.254176231335038, 42.240924289949916 ], [ -84.254238216825996, 42.240868511531488 ], [ -84.254325472255829, 42.240817974506676 ], [ -84.254396648552756, 42.240784956190467 ], [ -84.254493686801609, 42.240742807663224 ], [ -84.254600049555037, 42.240713327526898 ], [ -84.254686364219921, 42.240696193542107 ], [ -84.254777017178796, 42.240686173719673 ], [ -84.254921435269765, 42.240682436821515 ], [ -84.255058913276457, 42.240686848061955 ], [ -84.255224650454764, 42.240700664857584 ], [ -84.255287354753122, 42.240701580881385 ], [ -84.255377576754228, 42.240702993460211 ], [ -84.255464684302041, 42.240686918970425 ], [ -84.255561193652909, 42.24065757826105 ], [ -84.255679774392362, 42.240613826500514 ], [ -84.255787545478171, 42.240556107428844 ], [ -84.255859687012133, 42.240507989227773 ], [ -84.255926482693525, 42.240449800726992 ], [ -84.255986074658807, 42.240379851730509 ], [ -84.256031043430184, 42.240313030328885 ], [ -84.256063894481258, 42.240245587766495 ], [ -84.25608003922386, 42.240182871624718 ], [ -84.256091324572239, 42.239962345256309 ], [ -84.256084113688914, 42.238448855573026 ] ] } },
{ "type": "Feature", "properties": { "road_id": "LEO-ROAD-805", "segment_id": "LEO-805-8993073800749338007657" }, "geometry": { "type": "LineString", "coordinates": [ [ -84.35622931098365, 42.241147000224011 ], [ -84.356249579348301, 42.240804315009683 ], [ -84.35626526486017, 42.240676854781 ], [ -84.356293585849699, 42.240535899803938 ], [ -84.356339632208289, 42.240397954183329 ], [ -84.356405565210181, 42.240250246671472 ], [ -84.356476890426421, 42.240107647091655 ], [ -84.356598149301874, 42.239933862398111 ], [ -84.356728514933593, 42.23975900412939 ] ] } },
{ "type": "Feature", "properties": { "road_id": "LEO-ROAD-806", "segment_id": "LEO-806-9017023800765538007657" }, "geometry": { "type": "LineString", "coordinates": [ [ -84.357862249837396, 42.239766923130162 ], [ -84.356728514933593, 42.23975900412939 ] ] } },
{ "type": "Feature", "properties": { "road_id": "LEO-ROAD-807", "segment_id": "LEO-807-8991103800765838007515" }, "geometry": { "type": "LineString", "coordinates": [ [ -84.355862184242184, 42.239737312993668 ], [ -84.355972978580184, 42.241009645196073 ] ] } },
{ "type": "Feature", "properties": { "road_id": "LEO-ROAD-808", "segment_id": "LEO-808-9017023800765738007658" }, "geometry": { "type": "LineString", "coordinates": [ [ -84.356728514933593, 42.23975900412939 ], [ -84.355862184242184, 42.239737312993668 ] ] } },
{ "type": "Feature", "properties": { "road_id": "LEO-ROAD-809", "segment_id": "LEO-809-9017023801887738007655" }, "geometry": { "type": "LineString", "coordinates": [ [ -84.3580823799971, 42.239769196121749 ], [ -84.357862249837396, 42.239766923130162 ] ] } },
{ "type": "Feature", "properties": { "road_id": "LEO-ROAD-810", "segment_id": "LEO-810-9017023800765438018877" }, "geometry": { "type": "LineString", "coordinates": [ [ -84.358266519259757, 42.239771097850131 ], [ -84.358096751150995, 42.239769344290522 ], [ -84.3580823799971, 42.239769196121749 ] ] } },
{ "type": "Feature", "properties": { "road_id": "LEO-ROAD-811", "segment_id": "LEO-811-9017023800758238007654" }, "geometry": { "type": "LineString", "coordinates": [ [ -84.363948237445314, 42.240502561378811 ], [ -84.362810174574207, 42.240490185491332 ], [ -84.362157122818147, 42.2404542001794 ], [ -84.361662582839202, 42.240367805654522 ], [ -84.360750065015907, 42.240161071923303 ], [ -84.360132994386419, 42.240012573081003 ], [ -84.359785595446084, 42.239940153581792 ], [ -84.359106142092386, 42.239834484085691 ], [ -84.358669916678423, 42.239799511576685 ], [ -84.358266519259757, 42.239771097850131 ] ] } },
{ "type": "Feature", "properties": { "road_id": "LEO-ROAD-812", "segment_id": "LEO-812-8991093800765938007528" }, "geometry": { "type": "LineString", "coordinates": [ [ -84.355672261760645, 42.239731227749836 ], [ -84.355733646483969, 42.240880153569726 ] ] } },
{ "type": "Feature", "properties": { "road_id": "LEO-ROAD-813", "segment_id": "LEO-813-9017023800765838007659" }, "geometry": { "type": "LineString", "coordinates": [ [ -84.355862184242184, 42.239737312993668 ], [ -84.355672261760645, 42.239731227749836 ] ] } },
{ "type": "Feature", "properties": { "road_id": "LEO-ROAD-814", "segment_id": "LEO-814-8992083800766038007561" }, "geometry": { "type": "LineString", "coordinates": [ [ -84.354775579484482, 42.239702765085894 ], [ -84.35538624571673, 42.240695242412514 ] ] } },
{ "type": "Feature", "properties": { "road_id": "LEO-ROAD-815", "segment_id": "LEO-815-9017023800765938007660" }, "geometry": { "type": "LineString", "coordinates": [ [ -84.355672261760645, 42.239731227749836 ], [ -84.354775579484482, 42.239702765085894 ] ] } },
{ "type": "Feature", "properties": { "road_id": "LEO-ROAD-816", "segment_id": "LEO-816-9017023801926038007662" }, "geometry": { "type": "LineString", "coordinates": [ [ -84.354403096870797, 42.239696979111166 ], [ -84.353596816869171, 42.239687103937285 ] ] } },
{ "type": "Feature", "properties": { "road_id": "LEO-ROAD-817", "segment_id": "LEO-817-9017023800766038019260" }, "geometry": { "type": "LineString", "coordinates": [ [ -84.354775579484482, 42.239702765085894 ], [ -84.354403096870797, 42.239696979111166 ] ] } },
{ "type": "Feature", "properties": { "road_id": "LEO-ROAD-818", "segment_id": "LEO-818-33811523801946638006400" }, "geometry": { "type": "LineString", "coordinates": [ [ -84.353348707809772, 42.239680440133171 ], [ -84.353371526956195, 42.241918782385248 ], [ -84.353440091262812, 42.242092055774663 ], [ -84.353557199258617, 42.242275114162837 ], [ -84.353747488743466, 42.242459255360799 ], [ -84.35389948865479, 42.242706294204574 ], [ -84.354002944655974, 42.242943547083065 ], [ -84.3540817650658, 42.243189502891767 ], [ -84.354213911083889, 42.244632992996948 ], [ -84.35425094978865, 42.245359197910055 ], [ -84.354272674609405, 42.245492441318973 ], [ -84.354323044374652, 42.245599492321865 ], [ -84.354407773435284, 42.245707173127116 ], [ -84.354477727604106, 42.245787197686312 ], [ -84.354578980512144, 42.245857917662327 ], [ -84.354667791138837, 42.24589631458457 ], [ -84.355019574430898, 42.246054794942573 ], [ -84.355170388336205, 42.246138608019876 ], [ -84.355300982514819, 42.246232011024688 ], [ -84.355358865902872, 42.246307033652997 ], [ -84.355476768711526, 42.246501611086593 ], [ -84.355536238770867, 42.24661868415447 ], [ -84.355591740224767, 42.247410521677551 ] ] } },
{ "type": "Feature", "properties": { "road_id": "LEO-ROAD-819", "segment_id": "LEO-819-9017023800766238019466" }, "geometry": { "type": "LineString", "coordinates": [ [ -84.353596816869171, 42.239687103937285 ], [ -84.353348707809772, 42.239680440133171 ] ] } },
{ "type": "Feature", "properties": { "road_id": "LEO-ROAD-820", "segment_id": "LEO-820-9017023801946638007663" }, "geometry": { "type": "LineString", "coordinates": [ [ -84.353348707809772, 42.239680440133171 ], [ -84.352449861052122, 42.239656294328846 ] ] } },
{ "type": "Feature", "properties": { "road_id": "LEO-ROAD-821", "segment_id": "LEO-821-9017023800766338007666" }, "geometry": { "type": "LineString", "coordinates": [ [ -84.352449861052122, 42.239656294328846 ], [ -84.351765371127328, 42.2396469595623 ], [ -84.350434085586016, 42.239625592865835 ] ] } },
{ "type": "Feature", "properties": { "road_id": "LEO-ROAD-822", "segment_id": "LEO-822-33810893801864038018638" }, "geometry": { "type": "LineString", "coordinates": [ [ -84.258637426371564, 42.238225319430384 ], [ -84.256084113688914, 42.238448855573026 ] ] } },
{ "type": "Feature", "properties": { "road_id": "LEO-ROAD-823", "segment_id": "LEO-823-33810873801864338018640" }, "geometry": { "type": "LineString", "coordinates": [ [ -84.25855593759735, 42.240862953194714 ], [ -84.258559680319934, 42.239929506230695 ], [ -84.258578823593794, 42.239810873597271 ], [ -84.258612458034307, 42.239675043617531 ], [ -84.258634194558596, 42.239580642336684 ], [ -84.258652008049282, 42.239498576036688 ], [ -84.258655617784342, 42.239455246769232 ], [ -84.258654620125625, 42.239396435932164 ], [ -84.258637426371564, 42.238225319430384 ] ] } },
{ "type": "Feature", "properties": { "road_id": "LEO-ROAD-824", "segment_id": "LEO-824-9017023800766638019258" }, "geometry": { "type": "LineString", "coordinates": [ [ -84.350434085586016, 42.239625592865835 ], [ -84.349479423835547, 42.239596516382569 ], [ -84.349191497688196, 42.239589062778187 ], [ -84.348974289403898, 42.239545750022181 ] ] } },
{ "type": "Feature", "properties": { "road_id": "LEO-ROAD-825", "segment_id": "LEO-825-9159023801906538007571" }, "geometry": { "type": "LineString", "coordinates": [ [ -84.269446117670682, 42.238336477652929 ], [ -84.269450364689931, 42.239344853229639 ] ] } },
{ "type": "Feature", "properties": { "road_id": "LEO-ROAD-826", "segment_id": "LEO-826-9194023801817738007680" }, "geometry": { "type": "LineString", "coordinates": [ [ -84.319083985317491, 42.239000557305872 ], [ -84.318024074146692, 42.238980068691447 ] ] } },
{ "type": "Feature", "properties": { "road_id": "LEO-ROAD-827", "segment_id": "LEO-827-9194023800767938018177" }, "geometry": { "type": "LineString", "coordinates": [ [ -84.320103573852435, 42.239006652308824 ], [ -84.319083985317491, 42.239000557305872 ] ] } },
{ "type": "Feature", "properties": { "road_id": "LEO-ROAD-828", "segment_id": "LEO-828-33808883800758238007768" }, "geometry": { "type": "LineString", "coordinates": [ [ -84.363948237445314, 42.240502561378811 ], [ -84.363948190649623, 42.239655179966263 ] ] } },
{ "type": "Feature", "properties": { "road_id": "LEO-ROAD-829", "segment_id": "LEO-829-9194023800767838007679" }, "geometry": { "type": "LineString", "coordinates": [ [ -84.32249282477423, 42.239028739010848 ], [ -84.320103573852435, 42.239006652308824 ] ] } },
{ "type": "Feature", "properties": { "road_id": "LEO-ROAD-830", "segment_id": "LEO-830-9194013800767838007537" }, "geometry": { "type": "LineString", "coordinates": [ [ -84.32249282477423, 42.239028739010848 ], [ -84.322499644077993, 42.240233555249837 ] ] } },
{ "type": "Feature", "properties": { "road_id": "LEO-ROAD-831", "segment_id": "LEO-831-9139043800775338007619" }, "geometry": { "type": "LineString", "coordinates": [ [ -84.346615654074327, 42.238817314972316 ], [ -84.346614717674484, 42.239584009077028 ], [ -84.346623180011633, 42.240041170893804 ] ] } },
{ "type": "Feature", "properties": { "road_id": "LEO-ROAD-832", "segment_id": "LEO-832-9017023801925838007753" }, "geometry": { "type": "LineString", "coordinates": [ [ -84.348974289403898, 42.239545750022181 ], [ -84.348898737304921, 42.239536992643686 ], [ -84.348612242767487, 42.239455596164618 ], [ -84.348336105803725, 42.239382614036437 ], [ -84.347432090547827, 42.23908369464904 ], [ -84.346615654074327, 42.238817314972316 ] ] } },
{ "type": "Feature", "properties": { "road_id": "LEO-ROAD-833", "segment_id": "LEO-833-9130033801944438007587" }, "geometry": { "type": "LineString", "coordinates": [ [ -84.36485644997731, 42.239052741790964 ], [ -84.364890615390181, 42.240501939634328 ] ] } },
{ "type": "Feature", "properties": { "road_id": "LEO-ROAD-834", "segment_id": "LEO-834-9139053800779638007613" }, "geometry": { "type": "LineString", "coordinates": [ [ -84.345512458525491, 42.23844962218935 ], [ -84.345538719637631, 42.240057981885677 ] ] } },
{ "type": "Feature", "properties": { "road_id": "LEO-ROAD-835", "segment_id": "LEO-835-9017023800775338007796" }, "geometry": { "type": "LineString", "coordinates": [ [ -84.346615654074327, 42.238817314972316 ], [ -84.345512458525491, 42.23844962218935 ] ] } },
{ "type": "Feature", "properties": { "road_id": "LEO-ROAD-836", "segment_id": "LEO-836-33810423801863838018633" }, "geometry": { "type": "LineString", "coordinates": [ [ -84.256084113688914, 42.238448855573026 ], [ -84.256060325866216, 42.238281770492449 ], [ -84.25601388720851, 42.238170488555113 ], [ -84.255967355006419, 42.238062555312645 ], [ -84.255935368933152, 42.237977631688047 ], [ -84.25591305070229, 42.237872139410996 ], [ -84.255909010281272, 42.237771207652735 ], [ -84.255914810558551, 42.237053335942612 ] ] } },
{ "type": "Feature", "properties": { "road_id": "LEO-ROAD-837", "segment_id": "LEO-837-33810873801864038018637" }, "geometry": { "type": "LineString", "coordinates": [ [ -84.258637426371564, 42.238225319430384 ], [ -84.258628230578523, 42.23691486681863 ] ] } },
{ "type": "Feature", "properties": { "road_id": "LEO-ROAD-838", "segment_id": "LEO-838-9139043800783538007753" }, "geometry": { "type": "LineString", "coordinates": [ [ -84.346594918413999, 42.238017769586328 ], [ -84.346615654074327, 42.238817314972316 ] ] } },
{ "type": "Feature", "properties": { "road_id": "LEO-ROAD-839", "segment_id": "LEO-839-8992063800787438007660" }, "geometry": { "type": "LineString", "coordinates": [ [ -84.355621927404613, 42.237561427400053 ], [ -84.354775579484482, 42.239702765085894 ] ] } },
{ "type": "Feature", "properties": { "road_id": "LEO-ROAD-840", "segment_id": "LEO-840-8991093800787438007659" }, "geometry": { "type": "LineString", "coordinates": [ [ -84.355621927404613, 42.237561427400053 ], [ -84.355569637767957, 42.238057300807974 ], [ -84.355572706244644, 42.238477994154117 ], [ -84.355570179383008, 42.238840034298313 ], [ -84.35560948960584, 42.239245290225824 ], [ -84.355672261760645, 42.239731227749836 ] ] } },
{ "type": "Feature", "properties": { "road_id": "LEO-ROAD-841", "segment_id": "LEO-841-9159023800790638019065" }, "geometry": { "type": "LineString", "coordinates": [ [ -84.269382790357184, 42.236224999026049 ], [ -84.269445392639383, 42.237346406442292 ], [ -84.269445064148513, 42.238184193790254 ], [ -84.269446117670682, 42.238336477652929 ] ] } },
{ "type": "Feature", "properties": { "road_id": "LEO-ROAD-842", "segment_id": "LEO-842-9139073800789438007554" }, "geometry": { "type": "LineString", "coordinates": [ [ -84.334045586687012, 42.237183332064447 ], [ -84.334126040678015, 42.240383340773441 ] ] } },
{ "type": "Feature", "properties": { "road_id": "LEO-ROAD-843", "segment_id": "LEO-843-9194043800789138007894" }, "geometry": { "type": "LineString", "coordinates": [ [ -84.335264351563865, 42.237200885246423 ], [ -84.334605721678557, 42.237219683053915 ], [ -84.334369207377762, 42.237216143121103 ], [ -84.334105547715936, 42.237202002739444 ], [ -84.334069763845136, 42.237193822744963 ], [ -84.334045586687012, 42.237183332064447 ] ] } },
{ "type": "Feature", "properties": { "road_id": "LEO-ROAD-844", "segment_id": "LEO-844-9194033800789138007555" }, "geometry": { "type": "LineString", "coordinates": [ [ -84.335264351563865, 42.237200885246423 ], [ -84.335362771822346, 42.240402267984962 ] ] } },
{ "type": "Feature", "properties": { "road_id": "LEO-ROAD-845", "segment_id": "LEO-845-9194043800789438007896" }, "geometry": { "type": "LineString", "coordinates": [ [ -84.334045586687012, 42.237183332064447 ], [ -84.33400511999227, 42.237175017985329 ], [ -84.333962343246867, 42.237171829156537 ], [ -84.333915299094983, 42.237171559908447 ] ] } },
{ "type": "Feature", "properties": { "road_id": "LEO-ROAD-846", "segment_id": "LEO-846-9139083800789838007549" }, "geometry": { "type": "LineString", "coordinates": [ [ -84.331626517012509, 42.2371349450735 ], [ -84.331699608863417, 42.240174119687374 ], [ -84.331709792047533, 42.240234267309553 ], [ -84.331734237684927, 42.240271468857983 ], [ -84.331749501876359, 42.240294857544711 ], [ -84.331833016856663, 42.240358790609953 ] ] } },
{ "type": "Feature", "properties": { "road_id": "LEO-ROAD-847", "segment_id": "LEO-847-9194043800789638007898" }, "geometry": { "type": "LineString", "coordinates": [ [ -84.333915299094983, 42.237171559908447 ], [ -84.331626517012509, 42.2371349450735 ] ] } },
{ "type": "Feature", "properties": { "road_id": "LEO-ROAD-848", "segment_id": "LEO-848-9139093800790138007547" }, "geometry": { "type": "LineString", "coordinates": [ [ -84.329189566136037, 42.237092601879134 ], [ -84.329288395816306, 42.240347709937375 ] ] } },
{ "type": "Feature", "properties": { "road_id": "LEO-ROAD-849", "segment_id": "LEO-849-9194043800789838007901" }, "geometry": { "type": "LineString", "coordinates": [ [ -84.331626517012509, 42.2371349450735 ], [ -84.329189566136037, 42.237092601879134 ] ] } },
{ "type": "Feature", "properties": { "road_id": "LEO-ROAD-850", "segment_id": "LEO-850-9139073800796338007894" }, "geometry": { "type": "LineString", "coordinates": [ [ -84.334050488581326, 42.237026312879856 ], [ -84.334045586687012, 42.237183332064447 ] ] } },
{ "type": "Feature", "properties": { "road_id": "LEO-ROAD-851", "segment_id": "LEO-851-33815903800768238021415" }, "geometry": { "type": "LineString", "coordinates": [ [ -84.2886411831239, 42.236308173057914 ], [ -84.288665804139484, 42.23673025947749 ], [ -84.288676759002342, 42.237752616429184 ], [ -84.288675874305795, 42.238461445882535 ], [ -84.288645000477132, 42.238702244809446 ], [ -84.288595805939593, 42.238924855657842 ] ] } },
{ "type": "Feature", "properties": { "road_id": "LEO-ROAD-852", "segment_id": "LEO-852-9139043800793538007835" }, "geometry": { "type": "LineString", "coordinates": [ [ -84.346558746845787, 42.237080170893634 ], [ -84.34658971152723, 42.237570422554882 ], [ -84.346594918413999, 42.238017769586328 ] ] } },
{ "type": "Feature", "properties": { "road_id": "LEO-ROAD-853", "segment_id": "LEO-853-9140033800793638007679" }, "geometry": { "type": "LineString", "coordinates": [ [ -84.320102883557652, 42.236616455103501 ], [ -84.320083643717837, 42.23667196390091 ], [ -84.320071780241122, 42.236791161743639 ], [ -84.320095843645092, 42.237514526155579 ], [ -84.320103573852435, 42.239006652308824 ] ] } },
{ "type": "Feature", "properties": { "road_id": "LEO-ROAD-854", "segment_id": "LEO-854-54987573800793638007942" }, "geometry": { "type": "LineString", "coordinates": [ [ -84.320102883557652, 42.236616455103501 ], [ -84.322431906164709, 42.236632849429803 ] ] } },
{ "type": "Feature", "properties": { "road_id": "LEO-ROAD-855", "segment_id": "LEO-855-9194013800794238007678" }, "geometry": { "type": "LineString", "coordinates": [ [ -84.322431906164709, 42.236632849429803 ], [ -84.32249282477423, 42.239028739010848 ] ] } },
{ "type": "Feature", "properties": { "road_id": "LEO-ROAD-856", "segment_id": "LEO-856-8991103801721838007658" }, "geometry": { "type": "LineString", "coordinates": [ [ -84.355967289146989, 42.237131888383495 ], [ -84.355888048007444, 42.237374707966531 ], [ -84.355821454974986, 42.237668328983936 ], [ -84.3558019009362, 42.238353548575617 ], [ -84.355862184242184, 42.239737312993668 ] ] } },
{ "type": "Feature", "properties": { "road_id": "LEO-ROAD-857", "segment_id": "LEO-857-8993063800765738017218" }, "geometry": { "type": "LineString", "coordinates": [ [ -84.356728514933593, 42.23975900412939 ], [ -84.356626518032087, 42.239422810816791 ], [ -84.356490440022995, 42.239159768292772 ], [ -84.356348895185135, 42.238857973172806 ], [ -84.356170533519958, 42.238473456791262 ], [ -84.356079590137696, 42.238225582740469 ], [ -84.355948588554639, 42.237748510693692 ], [ -84.355967289146989, 42.237131888383495 ] ] } },
{ "type": "Feature", "properties": { "road_id": "LEO-ROAD-858", "segment_id": "LEO-858-9183033800794638007935" }, "geometry": { "type": "LineString", "coordinates": [ [ -84.350346598427308, 42.237030081130257 ], [ -84.346558746845787, 42.237080170893634 ] ] } },
{ "type": "Feature", "properties": { "road_id": "LEO-ROAD-859", "segment_id": "LEO-859-9103123800766638007946" }, "geometry": { "type": "LineString", "coordinates": [ [ -84.350434085586016, 42.239625592865835 ], [ -84.350346598427308, 42.237030081130257 ] ] } },
{ "type": "Feature", "properties": { "road_id": "LEO-ROAD-860", "segment_id": "LEO-860-54987573800794238007945" }, "geometry": { "type": "LineString", "coordinates": [ [ -84.322431906164709, 42.236632849429803 ], [ -84.324823472402599, 42.236647850664639 ] ] } },
{ "type": "Feature", "properties": { "road_id": "LEO-ROAD-861", "segment_id": "LEO-861-9140023800794538007540" }, "geometry": { "type": "LineString", "coordinates": [ [ -84.324823472402599, 42.236647850664639 ], [ -84.324912519362655, 42.240248674575 ] ] } },
{ "type": "Feature", "properties": { "road_id": "LEO-ROAD-862", "segment_id": "LEO-862-54987573800794538007947" }, "geometry": { "type": "LineString", "coordinates": [ [ -84.324823472402599, 42.236647850664639 ], [ -84.326598265636008, 42.236647115132492 ] ] } },
{ "type": "Feature", "properties": { "road_id": "LEO-ROAD-863", "segment_id": "LEO-863-54987573800794738007948" }, "geometry": { "type": "LineString", "coordinates": [ [ -84.326598265636008, 42.236647115132492 ], [ -84.327136636502658, 42.236660011084481 ], [ -84.327207508726488, 42.236659620654535 ] ] } },
{ "type": "Feature", "properties": { "road_id": "LEO-ROAD-864", "segment_id": "LEO-864-9130033800797238019444" }, "geometry": { "type": "LineString", "coordinates": [ [ -84.364843345496197, 42.236970022499534 ], [ -84.364843296114628, 42.238038232308234 ], [ -84.364843275132785, 42.238493909527136 ], [ -84.36485644997731, 42.239052741790964 ] ] } },
{ "type": "Feature", "properties": { "road_id": "LEO-ROAD-865", "segment_id": "LEO-865-9017023800779638007980" }, "geometry": { "type": "LineString", "coordinates": [ [ -84.345512458525491, 42.23844962218935 ], [ -84.339254516675922, 42.236346735660405 ] ] } },
{ "type": "Feature", "properties": { "road_id": "LEO-ROAD-866", "segment_id": "LEO-866-9103123800794638007979" }, "geometry": { "type": "LineString", "coordinates": [ [ -84.350346598427308, 42.237030081130257 ], [ -84.3503383704751, 42.236585866956133 ], [ -84.350340276314526, 42.236510742583441 ] ] } },
{ "type": "Feature", "properties": { "road_id": "LEO-ROAD-867", "segment_id": "LEO-867-9139073800800238007963" }, "geometry": { "type": "LineString", "coordinates": [ [ -84.334026873308858, 42.23613179093153 ], [ -84.334050488581326, 42.237026312879856 ] ] } },
{ "type": "Feature", "properties": { "road_id": "LEO-ROAD-868", "segment_id": "LEO-868-9194033800800238008004" }, "geometry": { "type": "LineString", "coordinates": [ [ -84.334026873308858, 42.23613179093153 ], [ -84.334233171212858, 42.236125644187538 ], [ -84.334655619276759, 42.236122267340257 ] ] } },
{ "type": "Feature", "properties": { "road_id": "LEO-ROAD-869", "segment_id": "LEO-869-9194033800800438007891" }, "geometry": { "type": "LineString", "coordinates": [ [ -84.334655619276759, 42.236122267340257 ], [ -84.335161903628901, 42.236132579889876 ], [ -84.335220094894709, 42.236140708342546 ], [ -84.33524794248892, 42.236163456087986 ], [ -84.335269350888296, 42.236196314589762 ], [ -84.335276998155948, 42.236254727726248 ], [ -84.335275773713477, 42.236338718202433 ], [ -84.335264351563865, 42.237200885246423 ] ] } },
{ "type": "Feature", "properties": { "road_id": "LEO-ROAD-870", "segment_id": "LEO-870-9019043800799538007556" }, "geometry": { "type": "LineString", "coordinates": [ [ -84.33881047377217, 42.236181827459596 ], [ -84.337664503470762, 42.240428871995498 ] ] } },
{ "type": "Feature", "properties": { "road_id": "LEO-ROAD-871", "segment_id": "LEO-871-9017023800798038007995" }, "geometry": { "type": "LineString", "coordinates": [ [ -84.339254516675922, 42.236346735660405 ], [ -84.33881047377217, 42.236181827459596 ] ] } },
{ "type": "Feature", "properties": { "road_id": "LEO-ROAD-872", "segment_id": "LEO-872-9017023800799538008023" }, "geometry": { "type": "LineString", "coordinates": [ [ -84.33881047377217, 42.236181827459596 ], [ -84.337942835557101, 42.235899446153724 ] ] } },
{ "type": "Feature", "properties": { "road_id": "LEO-ROAD-873", "segment_id": "LEO-873-9194063800804938008053" }, "geometry": { "type": "LineString", "coordinates": [ [ -84.329115488340491, 42.235462922450395 ], [ -84.328078428631684, 42.235479641988171 ], [ -84.327965406996086, 42.235450143055139 ] ] } },
{ "type": "Feature", "properties": { "road_id": "LEO-ROAD-874", "segment_id": "LEO-874-9139093800804938007901" }, "geometry": { "type": "LineString", "coordinates": [ [ -84.329115488340491, 42.235462922450395 ], [ -84.329189566136037, 42.237092601879134 ] ] } },
{ "type": "Feature", "properties": { "road_id": "LEO-ROAD-875", "segment_id": "LEO-875-33808003800802338008057" }, "geometry": { "type": "LineString", "coordinates": [ [ -84.337942835557101, 42.235899446153724 ], [ -84.33810598264121, 42.235511617401535 ] ] } },
{ "type": "Feature", "properties": { "road_id": "LEO-ROAD-876", "segment_id": "LEO-876-9194013800805238007942" }, "geometry": { "type": "LineString", "coordinates": [ [ -84.322371234915138, 42.235211592702711 ], [ -84.322431906164709, 42.236632849429803 ] ] } },
{ "type": "Feature", "properties": { "road_id": "LEO-ROAD-877", "segment_id": "LEO-877-9017023800802338008061" }, "geometry": { "type": "LineString", "coordinates": [ [ -84.337942835557101, 42.235899446153724 ], [ -84.337236987779391, 42.235655571489573 ], [ -84.336412982472737, 42.235401956423857 ] ] } },
{ "type": "Feature", "properties": { "road_id": "LEO-ROAD-878", "segment_id": "LEO-878-33808003800805738008071" }, "geometry": { "type": "LineString", "coordinates": [ [ -84.33810598264121, 42.235511617401535 ], [ -84.338175008375345, 42.235311998066244 ] ] } },
{ "type": "Feature", "properties": { "road_id": "LEO-ROAD-879", "segment_id": "LEO-879-9103123800797938021760" }, "geometry": { "type": "LineString", "coordinates": [ [ -84.350340276314526, 42.236510742583441 ], [ -84.3503485060548, 42.236223233823125 ], [ -84.350397242840998, 42.236014400582441 ], [ -84.350451287566713, 42.235854953573956 ], [ -84.350521980490655, 42.235693287881062 ], [ -84.350690299645024, 42.235478831936291 ] ] } },
{ "type": "Feature", "properties": { "road_id": "LEO-ROAD-880", "segment_id": "LEO-880-8991103800807538017218" }, "geometry": { "type": "LineString", "coordinates": [ [ -84.356837955290501, 42.235557695480487 ], [ -84.356518737571008, 42.236026631841099 ], [ -84.356238738367509, 42.236465632971381 ], [ -84.356068990133821, 42.236833927183369 ], [ -84.355967289146989, 42.237131888383495 ] ] } },
{ "type": "Feature", "properties": { "road_id": "LEO-ROAD-881", "segment_id": "LEO-881-9139073800812338008002" }, "geometry": { "type": "LineString", "coordinates": [ [ -84.333938694061771, 42.234652582199473 ], [ -84.333940268964483, 42.234661513911661 ], [ -84.333941916715474, 42.234670441309596 ], [ -84.333943628832884, 42.234679364266349 ], [ -84.333945393126712, 42.234688285301814 ], [ -84.33394719874056, 42.234697202451869 ], [ -84.333949035883265, 42.234706119173083 ], [ -84.333950892462312, 42.234715034383655 ], [ -84.33395275878425, 42.234723947938384 ], [ -84.333954622634536, 42.23473286325774 ], [ -84.333956474368392, 42.234741778395602 ], [ -84.333958303031849, 42.234750694989614 ], [ -84.33396009771964, 42.23475961287653 ], [ -84.333961847453338, 42.234768534594366 ], [ -84.333963541352034, 42.234777459079432 ], [ -84.333965169697876, 42.23478638708707 ], [ -84.333966720325009, 42.234795320236657 ], [ -84.333968183539838, 42.234804258383214 ], [ -84.333969547201093, 42.234813202245633 ], [ -84.333970801590738, 42.234822152579305 ], [ -84.333971935803504, 42.23483110922092 ], [ -84.33397293764915, 42.23484007469046 ], [ -84.333973798670229, 42.234849047960502 ], [ -84.333974506725312, 42.234858029749937 ], [ -84.333975067848385, 42.234867021050086 ], [ -84.333975599842148, 42.234876013715692 ], [ -84.333976126989313, 42.234885006308737 ], [ -84.333976649265452, 42.234893999729614 ], [ -84.33397716669495, 42.234902993077917 ], [ -84.333977680489525, 42.234911986371792 ], [ -84.333978189413003, 42.23492098049352 ], [ -84.333978693489897, 42.234929974542645 ], [ -84.333979192695736, 42.234938969419659 ], [ -84.333979689478369, 42.234947964260364 ], [ -84.333980180202616, 42.234956959010375 ], [ -84.333980667291925, 42.234965953705917 ], [ -84.333981150721939, 42.234974949247466 ], [ -84.333981629305256, 42.234983944716447 ], [ -84.33398210422925, 42.234992941031429 ], [ -84.333982575518235, 42.235001937291933 ], [ -84.333983043172324, 42.235010933498046 ], [ -84.333983505955317, 42.235019930531998 ], [ -84.333983965127757, 42.235028926611079 ], [ -84.33398442061646, 42.235037924436618 ], [ -84.333984872494582, 42.235046921307244 ], [ -84.333985319501636, 42.235055919005774 ], [ -84.33398576408544, 42.235064916667937 ], [ -84.333986205034265, 42.235073914275738 ], [ -84.333986642323751, 42.23508291272951 ], [ -84.333987075978257, 42.235091911128833 ], [ -84.33398750599774, 42.235100909473729 ], [ -84.333987932357886, 42.235109908664619 ], [ -84.333988356319196, 42.235118906918807 ], [ -84.333988776621112, 42.235127906018931 ], [ -84.333989193263591, 42.235136905965149 ], [ -84.33398960629556, 42.23514590495639 ], [ -84.333990016879781, 42.235154904811836 ], [ -84.333990425040795, 42.235163904630951 ], [ -84.333990829566801, 42.235172904395647 ], [ -84.333991230433384, 42.235181905006364 ], [ -84.333991628876703, 42.235190905580751 ], [ -84.333992024896745, 42.235199906118872 ], [ -84.33399241728182, 42.235208906602516 ], [ -84.333992807219161, 42.235217907950322 ], [ -84.333993194757625, 42.235226908361412 ], [ -84.333993578636736, 42.235235909618488 ], [ -84.333993960068128, 42.235244911739684 ], [ -84.333994340312344, 42.235253912942291 ], [ -84.333994716921552, 42.235262914090491 ], [ -84.33399509108304, 42.235271916102803 ], [ -84.333995462821235, 42.235280918078836 ], [ -84.333995832136125, 42.235289920018573 ], [ -84.333996199003337, 42.235298922822459 ], [ -84.333996563471672, 42.2353079246896 ], [ -84.333996925492301, 42.235316927420875 ], [ -84.333997286301297, 42.235325930134032 ], [ -84.333997644687003, 42.235334932810858 ], [ -84.333998000649459, 42.235343935451368 ], [ -84.333998354164109, 42.235352938956076 ], [ -84.333998706491656, 42.235361941542145 ], [ -84.333999056371425, 42.235370944992361 ], [ -84.333999405039634, 42.235379948424431 ], [ -84.333999751284537, 42.235388951820227 ], [ -84.334000095106092, 42.235397955179707 ], [ -84.334000437691643, 42.235406959421447 ], [ -84.334000779090047, 42.23541596274459 ], [ -84.334001119252392, 42.235424966950085 ], [ -84.334001456991444, 42.235433971119214 ], [ -84.33400179351888, 42.235442975270253 ], [ -84.334002127622995, 42.235451979384969 ], [ -84.334002461727252, 42.235460983499635 ], [ -84.334002793408118, 42.235469987578028 ], [ -84.334003123877409, 42.23547899163826 ], [ -84.334003453110753, 42.235487996580765 ], [ -84.334003781156824, 42.235497000604717 ], [ -84.334004109178579, 42.235506005529068 ], [ -84.334004434777015, 42.235515010417117 ], [ -84.334004759188275, 42.235524014386584 ], [ -84.334005083575192, 42.235533019256465 ], [ -84.334005405538832, 42.235542024090051 ], [ -84.334005727502486, 42.235551028923609 ], [ -84.334006048230222, 42.235560034639477 ], [ -84.334006368982372, 42.235569039454916 ], [ -84.334006688522962, 42.235578044252158 ], [ -84.33400700685192, 42.235587049031245 ], [ -84.334007325156549, 42.235596054710761 ], [ -84.334007642274003, 42.235605059471673 ], [ -84.334007958155397, 42.235614065114888 ], [ -84.334008275272978, 42.235623069875778 ], [ -84.334008591154557, 42.235632075518978 ], [ -84.334008905848975, 42.23564108024356 ], [ -84.334009220519007, 42.235650085868578 ], [ -84.334009535189182, 42.235659091493552 ], [ -84.334009849883813, 42.235668096218085 ], [ -84.334010163342441, 42.235677101824919 ], [ -84.334010478012871, 42.23568610744988 ], [ -84.334010791496112, 42.235695112156229 ], [ -84.334011104954996, 42.235704117762978 ], [ -84.334011418413979, 42.235713123369763 ], [ -84.334011731873062, 42.235722128976541 ], [ -84.334012046568333, 42.235731133700952 ], [ -84.334012360027586, 42.235740139307666 ], [ -84.334012674698684, 42.235749144932527 ], [ -84.334012988182508, 42.235758149638777 ], [ -84.334013302853734, 42.235767155263574 ], [ -84.334013617525102, 42.235776160888378 ], [ -84.334013933432615, 42.235785165630851 ], [ -84.334014249315842, 42.235794171273817 ], [ -84.334014565223569, 42.235803176016262 ], [ -84.334014882318712, 42.235812181677282 ], [ -84.334015199438284, 42.23582118643786 ], [ -84.334015516533626, 42.235830192098838 ], [ -84.334015836076858, 42.235839196895704 ], [ -84.334016154408445, 42.235848201674337 ], [ -84.334016475139151, 42.235857207389707 ], [ -84.334016795894357, 42.23586621220462 ], [ -84.334017117861379, 42.235875217037659 ], [ -84.334017441040203, 42.235884221888867 ], [ -84.334017764219141, 42.235893226740011 ], [ -84.334018088634281, 42.235902230708831 ], [ -84.334018414236795, 42.235911235596234 ], [ -84.33401874226287, 42.23592024051991 ], [ -84.334019070313403, 42.235929244543151 ], [ -84.334019399551337, 42.235938249484938 ], [ -84.334019730025531, 42.235947253544403 ], [ -84.334020061711527, 42.235956257621993 ], [ -84.3340203957966, 42.235965262636292 ], [ -84.334020729906186, 42.235974266750155 ], [ -84.334021066463762, 42.235983269999814 ], [ -84.334021404208684, 42.235992274168069 ], [ -84.334021744377168, 42.236001278372569 ], [ -84.334022084570137, 42.236010281676613 ], [ -84.334022427162211, 42.236019285917358 ], [ -84.33402277220226, 42.236028289293962 ], [ -84.334023118454112, 42.236037292688657 ], [ -84.334023467129455, 42.236046296119625 ], [ -84.334023817016686, 42.236055299568726 ], [ -84.334024168140104, 42.236064302135532 ], [ -84.33402452287433, 42.236073305657165 ], [ -84.334024878844815, 42.236082308296439 ], [ -84.334025236027145, 42.236091310953931 ], [ -84.334025596844711, 42.236100313665773 ], [ -84.334025958874093, 42.236109316395783 ], [ -84.334026323351438, 42.236118318261518 ], [ -84.334026873308858, 42.23613179093153 ] ] } },
{ "type": "Feature", "properties": { "road_id": "LEO-ROAD-882", "segment_id": "LEO-882-9017023800806138008123" }, "geometry": { "type": "LineString", "coordinates": [ [ -84.336412982472737, 42.235401956423857 ], [ -84.333938694061771, 42.234652582199473 ] ] } },
{ "type": "Feature", "properties": { "road_id": "LEO-ROAD-883", "segment_id": "LEO-883-33808003800807138008139" }, "geometry": { "type": "LineString", "coordinates": [ [ -84.338175008375345, 42.235311998066244 ], [ -84.338251195302576, 42.234573384354093 ] ] } },
{ "type": "Feature", "properties": { "road_id": "LEO-ROAD-884", "segment_id": "LEO-884-9194073800817238008053" }, "geometry": { "type": "LineString", "coordinates": [ [ -84.327916866175514, 42.234097649380125 ], [ -84.327888878899358, 42.234165215968851 ], [ -84.327884591236085, 42.234519954993551 ], [ -84.327904278277131, 42.235351769213331 ], [ -84.327965406996086, 42.235450143055139 ] ] } },
{ "type": "Feature", "properties": { "road_id": "LEO-ROAD-885", "segment_id": "LEO-885-9194053800817838008172" }, "geometry": { "type": "LineString", "coordinates": [ [ -84.329085640090724, 42.234032139573571 ], [ -84.329007801909341, 42.234032714780426 ], [ -84.328097612835137, 42.234027702665138 ], [ -84.327916866175514, 42.234097649380125 ] ] } },
{ "type": "Feature", "properties": { "road_id": "LEO-ROAD-886", "segment_id": "LEO-886-9139093800817838008049" }, "geometry": { "type": "LineString", "coordinates": [ [ -84.329085640090724, 42.234032139573571 ], [ -84.329115488340491, 42.235462922450395 ] ] } },
{ "type": "Feature", "properties": { "road_id": "LEO-ROAD-887", "segment_id": "LEO-887-9017023800812338008159" }, "geometry": { "type": "LineString", "coordinates": [ [ -84.333938694061771, 42.234652582199473 ], [ -84.332027987647521, 42.234062354619859 ] ] } },
{ "type": "Feature", "properties": { "road_id": "LEO-ROAD-888", "segment_id": "LEO-888-9139083800818338007898" }, "geometry": { "type": "LineString", "coordinates": [ [ -84.331529576059793, 42.233919750841494 ], [ -84.331626517012509, 42.2371349450735 ] ] } },
{ "type": "Feature", "properties": { "road_id": "LEO-ROAD-889", "segment_id": "LEO-889-9017023800815938008183" }, "geometry": { "type": "LineString", "coordinates": [ [ -84.332027987647521, 42.234062354619859 ], [ -84.331529576059793, 42.233919750841494 ] ] } },
{ "type": "Feature", "properties": { "road_id": "LEO-ROAD-890", "segment_id": "LEO-890-9188023800818938020259" }, "geometry": { "type": "LineString", "coordinates": [ [ -84.249870180845576, 42.23260276070414 ], [ -84.249862680972782, 42.232789074400536 ], [ -84.249866801857621, 42.23309943307207 ], [ -84.24988712265386, 42.234804351222415 ], [ -84.249926245341612, 42.236526909612806 ], [ -84.249924728381103, 42.236756203883367 ], [ -84.249986043370086, 42.239157649573833 ], [ -84.250014166685432, 42.239617317210659 ], [ -84.250028998170507, 42.241616395874743 ] ] } },
{ "type": "Feature", "properties": { "road_id": "LEO-ROAD-891", "segment_id": "LEO-891-9017023800819838008189" }, "geometry": { "type": "LineString", "coordinates": [ [ -84.255721489090305, 42.232718739995114 ], [ -84.254104745545291, 42.232684300715505 ], [ -84.250646137836213, 42.232669080955013 ], [ -84.250209447530267, 42.232659819059968 ], [ -84.249970427880939, 42.232623744480215 ], [ -84.249870180845576, 42.23260276070414 ] ] } },
{ "type": "Feature", "properties": { "road_id": "LEO-ROAD-892", "segment_id": "LEO-892-9017023800820538008198" }, "geometry": { "type": "LineString", "coordinates": [ [ -84.264501868529862, 42.232742636111276 ], [ -84.259533706150194, 42.232754220211277 ], [ -84.255721489090305, 42.232718739995114 ] ] } },
{ "type": "Feature", "properties": { "road_id": "LEO-ROAD-893", "segment_id": "LEO-893-9140043800820638006463" }, "geometry": { "type": "LineString", "coordinates": [ [ -84.313765038367862, 42.233492416744582 ], [ -84.313805550854013, 42.236564880793352 ], [ -84.313814182508551, 42.240279832866356 ], [ -84.313850491493881, 42.243408239537573 ], [ -84.31385149404754, 42.243958535729043 ], [ -84.31389574002128, 42.248048917980633 ], [ -84.313912573624307, 42.249996581405831 ] ] } },
{ "type": "Feature", "properties": { "road_id": "LEO-ROAD-894", "segment_id": "LEO-894-9017023800821138008205" }, "geometry": { "type": "LineString", "coordinates": [ [ -84.26928092251687, 42.232752749041332 ], [ -84.264501868529862, 42.232742636111276 ] ] } },
{ "type": "Feature", "properties": { "road_id": "LEO-ROAD-895", "segment_id": "LEO-895-9159023800821138007906" }, "geometry": { "type": "LineString", "coordinates": [ [ -84.26928092251687, 42.232752749041332 ], [ -84.269321121995731, 42.234811510163226 ], [ -84.269382790357184, 42.236224999026049 ] ] } },
{ "type": "Feature", "properties": { "road_id": "LEO-ROAD-896", "segment_id": "LEO-896-9017023800822038008211" }, "geometry": { "type": "LineString", "coordinates": [ [ -84.275806198573221, 42.23278802867069 ], [ -84.26928092251687, 42.232752749041332 ] ] } },
{ "type": "Feature", "properties": { "road_id": "LEO-ROAD-897", "segment_id": "LEO-897-9140273800822038007924" }, "geometry": { "type": "LineString", "coordinates": [ [ -84.275806198573221, 42.23278802867069 ], [ -84.27587703732334, 42.236340188322664 ] ] } },
{ "type": "Feature", "properties": { "road_id": "LEO-ROAD-898", "segment_id": "LEO-898-9017023800822138008220" }, "geometry": { "type": "LineString", "coordinates": [ [ -84.276387326292664, 42.232791784807816 ], [ -84.275806198573221, 42.23278802867069 ] ] } },
{ "type": "Feature", "properties": { "road_id": "LEO-ROAD-899", "segment_id": "LEO-899-9017023800820638008226" }, "geometry": { "type": "LineString", "coordinates": [ [ -84.313765038367862, 42.233492416744582 ], [ -84.313657841741787, 42.233473639439012 ], [ -84.313604321224801, 42.233461393634926 ], [ -84.313516664871457, 42.233431478164562 ], [ -84.313429242596328, 42.233392989494448 ], [ -84.313330520661552, 42.23334575285854 ] ] } },
{ "type": "Feature", "properties": { "road_id": "LEO-ROAD-900", "segment_id": "LEO-900-9017023800822238008221" }, "geometry": { "type": "LineString", "coordinates": [ [ -84.278871534531135, 42.232803732123635 ], [ -84.276387326292664, 42.232791784807816 ] ] } },
{ "type": "Feature", "properties": { "road_id": "LEO-ROAD-901", "segment_id": "LEO-901-9017023800822338008222" }, "geometry": { "type": "LineString", "coordinates": [ [ -84.279004540459169, 42.232810090672629 ], [ -84.278871534531135, 42.232803732123635 ] ] } },
{ "type": "Feature", "properties": { "road_id": "LEO-ROAD-902", "segment_id": "LEO-902-33807843800821938008209" }, "geometry": { "type": "LineString", "coordinates": [ [ -84.346432416521878, 42.233815944799311 ], [ -84.343293832085422, 42.233864420454779 ] ] } },
{ "type": "Feature", "properties": { "road_id": "LEO-ROAD-903", "segment_id": "LEO-903-9139043800821938007935" }, "geometry": { "type": "LineString", "coordinates": [ [ -84.346432416521878, 42.233815944799311 ], [ -84.346558746845787, 42.237080170893634 ] ] } },
{ "type": "Feature", "properties": { "road_id": "LEO-ROAD-904", "segment_id": "LEO-904-33817133800798038008218" }, "geometry": { "type": "LineString", "coordinates": [ [ -84.339254516675922, 42.236346735660405 ], [ -84.339333990234579, 42.234356117218688 ], [ -84.339353992486863, 42.23408991620947 ], [ -84.339391783031004, 42.233876328617633 ], [ -84.339472237027806, 42.233673755992818 ] ] } },
{ "type": "Feature", "properties": { "road_id": "LEO-ROAD-905", "segment_id": "LEO-905-8991103800823738008075" }, "geometry": { "type": "LineString", "coordinates": [ [ -84.35838372170538, 42.233920121291966 ], [ -84.357685937009862, 42.234653732823013 ], [ -84.356851639606433, 42.235543108181872 ], [ -84.356837955290501, 42.235557695480487 ] ] } },
{ "type": "Feature", "properties": { "road_id": "LEO-ROAD-906", "segment_id": "LEO-906-9017023800824138008223" }, "geometry": { "type": "LineString", "coordinates": [ [ -84.288604342554294, 42.23285999361763 ], [ -84.288518857554436, 42.232859552711581 ], [ -84.279004540459169, 42.232810090672629 ] ] } },
{ "type": "Feature", "properties": { "road_id": "LEO-ROAD-907", "segment_id": "LEO-907-33815903800824138007682" }, "geometry": { "type": "LineString", "coordinates": [ [ -84.288604342554294, 42.23285999361763 ], [ -84.2886411831239, 42.236308173057914 ] ] } },
{ "type": "Feature", "properties": { "road_id": "LEO-ROAD-908", "segment_id": "LEO-908-9017023800822638008259" }, "geometry": { "type": "LineString", "coordinates": [ [ -84.313330520661552, 42.23334575285854 ], [ -84.313232112502163, 42.233287085918974 ], [ -84.313167527713233, 42.233257519787237 ], [ -84.313099020000465, 42.233230752459917 ], [ -84.312973224790881, 42.233188823603783 ] ] } },
{ "type": "Feature", "properties": { "road_id": "LEO-ROAD-909", "segment_id": "LEO-909-8991093800824538007874" }, "geometry": { "type": "LineString", "coordinates": [ [ -84.358110774601926, 42.233849933557167 ], [ -84.356856745677391, 42.235154609686219 ], [ -84.356557568838141, 42.235517664973464 ], [ -84.356231400770028, 42.235987874309068 ], [ -84.356106560972393, 42.236215399203353 ], [ -84.35594414983035, 42.236522608054706 ], [ -84.355809148850909, 42.236850426043127 ], [ -84.355700166216863, 42.237184697219959 ], [ -84.355621927404613, 42.237561427400053 ] ] } },
{ "type": "Feature", "properties": { "road_id": "LEO-ROAD-910", "segment_id": "LEO-910-9017023800825038008241" }, "geometry": { "type": "LineString", "coordinates": [ [ -84.309015584412904, 42.233111580190418 ], [ -84.308067658888532, 42.233122079184611 ], [ -84.303199332526049, 42.233101674663317 ], [ -84.29506791632059, 42.233033837958871 ], [ -84.293532205467827, 42.233015814152836 ], [ -84.292356019885219, 42.232981277726843 ], [ -84.288604342554294, 42.23285999361763 ] ] } },
{ "type": "Feature", "properties": { "road_id": "LEO-ROAD-911", "segment_id": "LEO-911-9017023800825938008250" }, "geometry": { "type": "LineString", "coordinates": [ [ -84.312973224790881, 42.233188823603783 ], [ -84.312797284918815, 42.233151851143781 ], [ -84.312413389204337, 42.233123161719462 ], [ -84.309015584412904, 42.233111580190418 ] ] } },
{ "type": "Feature", "properties": { "road_id": "LEO-ROAD-912", "segment_id": "LEO-912-8991103800825338008237" }, "geometry": { "type": "LineString", "coordinates": [ [ -84.35849715243414, 42.233795456339543 ], [ -84.35838372170538, 42.233920121291966 ] ] } },
{ "type": "Feature", "properties": { "road_id": "LEO-ROAD-913", "segment_id": "LEO-913-8991093800825738008245" }, "geometry": { "type": "LineString", "coordinates": [ [ -84.358235868995791, 42.233741735729453 ], [ -84.358110774601926, 42.233849933557167 ] ] } },
{ "type": "Feature", "properties": { "road_id": "LEO-ROAD-914", "segment_id": "LEO-914-9017023800827138008206" }, "geometry": { "type": "LineString", "coordinates": [ [ -84.319805712449124, 42.233077965788034 ], [ -84.31949203468335, 42.233092995710145 ], [ -84.31908358497121, 42.233116292605025 ], [ -84.318219547435532, 42.233229518395838 ], [ -84.316901318051066, 42.233445691769013 ], [ -84.316242201394189, 42.233529713341191 ], [ -84.3158727565378, 42.233548832577064 ], [ -84.313765038367862, 42.233492416744582 ] ] } },
{ "type": "Feature", "properties": { "road_id": "LEO-ROAD-915", "segment_id": "LEO-915-9140033800827138007936" }, "geometry": { "type": "LineString", "coordinates": [ [ -84.319805712449124, 42.233077965788034 ], [ -84.319879165072393, 42.234561517761541 ], [ -84.319896502955075, 42.234705645989607 ], [ -84.319948489391962, 42.235432676960691 ], [ -84.320013899551512, 42.235668626583717 ], [ -84.320095791638295, 42.235827393553485 ], [ -84.320168368414699, 42.235932620449738 ], [ -84.320226215920997, 42.236050974181829 ], [ -84.320226525167598, 42.236171129554705 ], [ -84.320205358168167, 42.236288291694351 ], [ -84.320147691023223, 42.236426262183912 ], [ -84.320102883557652, 42.236616455103501 ] ] } },
{ "type": "Feature", "properties": { "road_id": "LEO-ROAD-916", "segment_id": "LEO-916-9139093800826738008178" }, "geometry": { "type": "LineString", "coordinates": [ [ -84.329081612894626, 42.2332100237874 ], [ -84.329085640090724, 42.234032139573571 ] ] } },
{ "type": "Feature", "properties": { "road_id": "LEO-ROAD-917", "segment_id": "LEO-917-9017023800818338008267" }, "geometry": { "type": "LineString", "coordinates": [ [ -84.331529576059793, 42.233919750841494 ], [ -84.329081612894626, 42.2332100237874 ] ] } },
{ "type": "Feature", "properties": { "road_id": "LEO-ROAD-918", "segment_id": "LEO-918-8992173800766338008274" }, "geometry": { "type": "LineString", "coordinates": [ [ -84.352449861052122, 42.239656294328846 ], [ -84.352245604410285, 42.234682806409658 ], [ -84.352186243613502, 42.233463678506233 ] ] } },
{ "type": "Feature", "properties": { "road_id": "LEO-ROAD-919", "segment_id": "LEO-919-9017023800828038008271" }, "geometry": { "type": "LineString", "coordinates": [ [ -84.324683437598623, 42.233042104914723 ], [ -84.319805712449124, 42.233077965788034 ] ] } },
{ "type": "Feature", "properties": { "road_id": "LEO-ROAD-920", "segment_id": "LEO-920-9140023800828038007945" }, "geometry": { "type": "LineString", "coordinates": [ [ -84.324683437598623, 42.233042104914723 ], [ -84.324823472402599, 42.236647850664639 ] ] } },
{ "type": "Feature", "properties": { "road_id": "LEO-ROAD-921", "segment_id": "LEO-921-33808013800815938008303" }, "geometry": { "type": "LineString", "coordinates": [ [ -84.332027987647521, 42.234062354619859 ], [ -84.332046918428915, 42.233152286888206 ] ] } },
{ "type": "Feature", "properties": { "road_id": "LEO-ROAD-922", "segment_id": "LEO-922-9017023800828238008280" }, "geometry": { "type": "LineString", "coordinates": [ [ -84.32654955117124, 42.233068139421739 ], [ -84.324683437598623, 42.233042104914723 ] ] } },
{ "type": "Feature", "properties": { "road_id": "LEO-ROAD-923", "segment_id": "LEO-923-9140013800828238007947" }, "geometry": { "type": "LineString", "coordinates": [ [ -84.32654955117124, 42.233068139421739 ], [ -84.326598265636008, 42.236647115132492 ] ] } },
{ "type": "Feature", "properties": { "road_id": "LEO-ROAD-924", "segment_id": "LEO-924-9017023800828338008282" }, "geometry": { "type": "LineString", "coordinates": [ [ -84.326965494127464, 42.233066176133327 ], [ -84.32654955117124, 42.233068139421739 ] ] } },
{ "type": "Feature", "properties": { "road_id": "LEO-ROAD-925", "segment_id": "LEO-925-9017023800826738008283" }, "geometry": { "type": "LineString", "coordinates": [ [ -84.329081612894626, 42.2332100237874 ], [ -84.328730157229799, 42.233149533386353 ], [ -84.328399406654498, 42.23309034741326 ], [ -84.326965494127464, 42.233066176133327 ] ] } },
{ "type": "Feature", "properties": { "road_id": "LEO-ROAD-926", "segment_id": "LEO-926-9139043800832538008219" }, "geometry": { "type": "LineString", "coordinates": [ [ -84.346396243133711, 42.232975198545589 ], [ -84.346432416521878, 42.233815944799311 ] ] } },
{ "type": "Feature", "properties": { "road_id": "LEO-ROAD-927", "segment_id": "LEO-927-33817133800821838008347" }, "geometry": { "type": "LineString", "coordinates": [ [ -84.339472237027806, 42.233673755992818 ], [ -84.340183117534622, 42.232833791407508 ], [ -84.340306348265656, 42.232696000436235 ] ] } },
{ "type": "Feature", "properties": { "road_id": "LEO-ROAD-928", "segment_id": "LEO-928-18341173800812338008344" }, "geometry": { "type": "LineString", "coordinates": [ [ -84.333938694061771, 42.234652582199473 ], [ -84.333937413218251, 42.234643624262489 ], [ -84.333936038977384, 42.234634668530383 ], [ -84.333934584643401, 42.234625716103025 ], [ -84.33393306117037, 42.234616765342871 ], [ -84.333931485521987, 42.234607816503939 ], [ -84.333929867440517, 42.234598867930451 ], [ -84.333928222629183, 42.234589921659115 ], [ -84.333926564514144, 42.234580974287717 ], [ -84.333924905163471, 42.234572027798635 ], [ -84.333923257930152, 42.234563081490919 ], [ -84.333921636191533, 42.234554133763233 ], [ -84.333920054487891, 42.234545184833316 ], [ -84.333918524960467, 42.234536233982169 ], [ -84.333917062149425, 42.234527281427461 ], [ -84.333915678196092, 42.234518326450207 ], [ -84.333914386453316, 42.234509368349457 ], [ -84.333913201461343, 42.234500407342971 ], [ -84.33391213538583, 42.234491441811286 ], [ -84.333911202742499, 42.2344824728726 ], [ -84.333910414460846, 42.234473499789651 ], [ -84.333909786341621, 42.234464520997442 ], [ -84.333909331713244, 42.234455536695577 ], [ -84.333909061456424, 42.234446547947762 ], [ -84.333908991420543, 42.234437551388083 ], [ -84.333909059663242, 42.234428551493878 ], [ -84.333909133964355, 42.234419551690429 ], [ -84.333909210713173, 42.234410551022776 ], [ -84.333909289860983, 42.23440155129186 ], [ -84.333909372668245, 42.234392550714887 ], [ -84.333909457898798, 42.234383550174158 ], [ -84.333909545552743, 42.234374549669759 ], [ -84.33390963686611, 42.234365548319303 ], [ -84.333909730578384, 42.23435654790557 ], [ -84.333909826738449, 42.234347546627681 ], [ -84.333909926509079, 42.234338546304592 ], [ -84.333910028727487, 42.23432954511739 ], [ -84.333910133369244, 42.234320543966433 ], [ -84.333910240434349, 42.234311542851735 ], [ -84.333910349947146, 42.234302540872882 ], [ -84.33391046307058, 42.234293539848863 ], [ -84.333910578641749, 42.234284537960676 ], [ -84.333910695400192, 42.234275536991078 ], [ -84.333910815818001, 42.234266535175443 ], [ -84.333910939870847, 42.234257533414237 ], [ -84.333911065135368, 42.234248531671113 ], [ -84.333911192823237, 42.234239529964313 ], [ -84.333911322958741, 42.234230527393279 ], [ -84.333911456704925, 42.234221525777158 ], [ -84.333911591687155, 42.234212523278707 ], [ -84.333911729068276, 42.234203521716957 ], [ -84.333911870108778, 42.234194519309177 ], [ -84.333912012360983, 42.23418551691951 ], [ -84.333912157036494, 42.234176514566123 ], [ -84.333912304135296, 42.234167512249051 ], [ -84.333912453681833, 42.234158509067761 ], [ -84.333912605627305, 42.234149506823172 ], [ -84.333912759996096, 42.234140504614935 ], [ -84.333912916812565, 42.234131501542407 ], [ -84.333913074840723, 42.234122498488091 ], [ -84.333913236503818, 42.234113495488188 ], [ -84.333913399378602, 42.234104492506347 ], [ -84.333913564676649, 42.23409548956085 ], [ -84.333913731186357, 42.234086486633409 ], [ -84.333913901331044, 42.234077483760437 ], [ -84.333914072711764, 42.234068480005121 ], [ -84.333914246491418, 42.234059477186541 ], [ -84.333914421507103, 42.234050473485645 ], [ -84.333914598921666, 42.234041470721444 ], [ -84.333914778783935, 42.234032467093087 ], [ -84.333914961069524, 42.234023463500982 ], [ -84.333915144566745, 42.234014459927032 ], [ -84.333915330487272, 42.234005456389298 ], [ -84.333915517643803, 42.233996451969283 ], [ -84.333915707199225, 42.23398744848604 ], [ -84.333915899177981, 42.233978445038986 ], [ -84.333916092392755, 42.2339694407096 ], [ -84.333916286794775, 42.233960437298812 ], [ -84.333916483644401, 42.233951433023904 ], [ -84.333916682917419, 42.233942428785213 ], [ -84.333916882190337, 42.233933424546528 ], [ -84.333917085098236, 42.233924420362236 ], [ -84.333917289217752, 42.233915416196112 ], [ -84.333917494548899, 42.233906412048093 ], [ -84.333917702303353, 42.233897407936325 ], [ -84.33391791129381, 42.23388840294222 ], [ -84.333918121471413, 42.233879398866748 ], [ -84.333918334072393, 42.233870394827512 ], [ -84.333918547909406, 42.233861389905989 ], [ -84.333918762958007, 42.23385238500255 ], [ -84.333918980405443, 42.233843381035882 ], [ -84.333919199088925, 42.233834376186863 ], [ -84.333919418984024, 42.233825371355984 ], [ -84.333919640090741, 42.233816366543188 ], [ -84.333919863620764, 42.233807361766708 ], [ -84.333920087150673, 42.233798356990214 ], [ -84.333920313103889, 42.233789352249964 ], [ -84.333920541504796, 42.233780346645538 ], [ -84.333920769881232, 42.233771341941569 ], [ -84.333920999469257, 42.233762337255712 ], [ -84.33392123150503, 42.233753331705721 ], [ -84.333921463516262, 42.233744327056087 ], [ -84.333921697975214, 42.233735321542298 ], [ -84.33392193362134, 42.233726316947113 ], [ -84.333922169291824, 42.233717311451478 ], [ -84.333922407385614, 42.233708305992067 ], [ -84.333922646690951, 42.233699300550789 ], [ -84.333922887207962, 42.233690295127701 ], [ -84.333923128936547, 42.233681289722661 ], [ -84.333923370665048, 42.233672284317663 ], [ -84.33392361481684, 42.23366327894891 ], [ -84.333923858968532, 42.233654273580157 ], [ -84.333924105543531, 42.23364526824767 ], [ -84.333924352118416, 42.233636262915162 ], [ -84.333924599929333, 42.233627256700345 ], [ -84.333924848927481, 42.233618251404089 ], [ -84.333925099137161, 42.233609246125937 ], [ -84.333925350582916, 42.233600239965504 ], [ -84.333925602004143, 42.233591234705493 ], [ -84.333925855873062, 42.233582228581341 ], [ -84.333926108530235, 42.23357322243897 ], [ -84.333926363586272, 42.233564217233337 ], [ -84.333926619878298, 42.233555211145394 ], [ -84.333926876170295, 42.233546205057436 ], [ -84.333927133649468, 42.233537199888026 ], [ -84.333927391152955, 42.233528193818195 ], [ -84.333927649868073, 42.233519187766476 ], [ -84.333927909794738, 42.233510181732903 ], [ -84.333928169721332, 42.233501175699288 ], [ -84.33392843085953, 42.233492169683828 ], [ -84.333928693209359, 42.233483163686486 ], [ -84.333928955559088, 42.233474157689109 ], [ -84.333929219120378, 42.233465151709893 ], [ -84.33392948268164, 42.233456145730642 ], [ -84.333929746242831, 42.23344713975137 ], [ -84.333930012227256, 42.233438133808356 ], [ -84.333930277024336, 42.233429126946788 ], [ -84.333930543008634, 42.233420121003761 ], [ -84.333930810204492, 42.233411115078866 ], [ -84.333931077400322, 42.233402109153943 ], [ -84.333931344620439, 42.233393102328606 ], [ -84.333931613027758, 42.233384096421801 ], [ -84.333931881434992, 42.23337509051499 ], [ -84.33393214986657, 42.233366083707715 ], [ -84.333932419485308, 42.233357077819022 ], [ -84.333932689128417, 42.23334807102983 ], [ -84.333932958747013, 42.233339065141095 ], [ -84.333933229577198, 42.233330059270529 ], [ -84.333933500431712, 42.233321052499456 ], [ -84.333933771261755, 42.233312046628811 ], [ -84.333934043327815, 42.233303039875906 ], [ -84.333934314157688, 42.233294034005247 ], [ -84.333934586223563, 42.233285027252286 ], [ -84.333934858264968, 42.233276021399739 ], [ -84.333935130330687, 42.233267014646728 ], [ -84.333935402371935, 42.233258008794145 ], [ -84.333935674437512, 42.233249002041134 ], [ -84.333935947714664, 42.233239995306221 ], [ -84.333936219755685, 42.233230989453617 ], [ -84.333936493032709, 42.233221982718668 ], [ -84.333936766285234, 42.233212976884161 ], [ -84.333937038350456, 42.233203970131051 ], [ -84.333937311602824, 42.233194964296516 ], [ -84.333937584879521, 42.23318595756156 ], [ -84.333937856944473, 42.233176950808385 ], [ -84.333938130196657, 42.233167944973829 ], [ -84.333938402261467, 42.233158938220647 ], [ -84.333938675513465, 42.233149932386048 ], [ -84.333938947578119, 42.233140925632867 ], [ -84.333939219618259, 42.233131919780099 ], [ -84.333939491682813, 42.233122913026847 ], [ -84.33393976372281, 42.233113907174037 ], [ -84.333940035787194, 42.233104900420756 ], [ -84.333940307827049, 42.233095894567946 ], [ -84.333940578679602, 42.233086887796489 ], [ -84.33394084950767, 42.233077881925496 ], [ -84.333941120360066, 42.233068875154061 ], [ -84.333941391187977, 42.233059869283053 ], [ -84.333941660828586, 42.233050862493364 ], [ -84.333941931656355, 42.233041856622336 ], [ -84.333942200085161, 42.233032849814528 ], [ -84.333942469701086, 42.233023843925302 ], [ -84.333942738105293, 42.23301483801793 ], [ -84.333943006533858, 42.23300583121005 ], [ -84.333943273726248, 42.232996825284509 ], [ -84.333943540918611, 42.232987819358939 ], [ -84.33394380811086, 42.232978813433348 ], [ -84.333944074115806, 42.232969806589182 ], [ -84.333944340096267, 42.232960800645401 ], [ -84.333944604864996, 42.232951794683487 ], [ -84.333944869633626, 42.232942788721566 ], [ -84.333945133190568, 42.232933782741505 ], [ -84.33394539674741, 42.232924776761408 ], [ -84.333945659092521, 42.232915770763142 ], [ -84.333945920225943, 42.232906764746744 ], [ -84.333946182570898, 42.232897758748472 ], [ -84.33394644249249, 42.232888752713905 ], [ -84.333946702414011, 42.232879746679288 ], [ -84.333946961123814, 42.232870740626559 ], [ -84.333947219833505, 42.232861734573753 ], [ -84.333947477331506, 42.232852728502849 ], [ -84.333947733593376, 42.23284372331424 ], [ -84.33394798866793, 42.232834717206984 ], [ -84.333948243742356, 42.232825711099743 ], [ -84.333948497580721, 42.232816705874782 ], [ -84.333948751443359, 42.232807699749351 ], [ -84.333949002858233, 42.232798694488075 ], [ -84.33394925429748, 42.232789688326349 ], [ -84.333949504500538, 42.232780683046919 ], [ -84.333949753516364, 42.232771676848898 ], [ -84.333950001295975, 42.232762671533123 ], [ -84.333950249075556, 42.232753666217377 ], [ -84.333950494431747, 42.232744660865308 ], [ -84.333950739812309, 42.23273565461276 ], [ -84.33395098395674, 42.232726649242522 ], [ -84.333951226889383, 42.232717643854151 ], [ -84.33395146861038, 42.232708638447605 ], [ -84.33395170911966, 42.232699633022904 ], [ -84.33395194841718, 42.232690627580013 ], [ -84.333952185266924, 42.232681623001305 ], [ -84.333952422141024, 42.232672617522155 ], [ -84.333952657803422, 42.232663612024815 ], [ -84.333952892229675, 42.232654607409778 ], [ -84.333953125468625, 42.232645601876136 ], [ -84.33395335747143, 42.232636597224811 ], [ -84.333953587075328, 42.232627591636685 ], [ -84.333953816654699, 42.23261858694903 ], [ -84.333954043810763, 42.232609582225066 ], [ -84.333954269779511, 42.232600576582534 ], [ -84.333954494512085, 42.232591571822255 ], [ -84.333954782769226, 42.232579955656782 ] ] } },
{ "type": "Feature", "properties": { "road_id": "LEO-ROAD-929", "segment_id": "LEO-929-9139103800837838008283" }, "geometry": { "type": "LineString", "coordinates": [ [ -84.326955146706652, 42.232139189197774 ], [ -84.326973878109015, 42.232898940843441 ], [ -84.326965494127464, 42.233066176133327 ] ] } },
{ "type": "Feature", "properties": { "road_id": "LEO-ROAD-930", "segment_id": "LEO-930-33817133800834738018178" }, "geometry": { "type": "LineString", "coordinates": [ [ -84.340306348265656, 42.232696000436235 ], [ -84.340458082313546, 42.232480640475409 ], [ -84.340512164250498, 42.23232741296512 ] ] } },
{ "type": "Feature", "properties": { "road_id": "LEO-ROAD-931", "segment_id": "LEO-931-9140023800838338008280" }, "geometry": { "type": "LineString", "coordinates": [ [ -84.324693772324935, 42.232076605288 ], [ -84.324683437598623, 42.233042104914723 ] ] } },
{ "type": "Feature", "properties": { "road_id": "LEO-ROAD-932", "segment_id": "LEO-932-9139103800842138008378" }, "geometry": { "type": "LineString", "coordinates": [ [ -84.326955638408975, 42.232046005565557 ], [ -84.326955146706652, 42.232139189197774 ] ] } },
{ "type": "Feature", "properties": { "road_id": "LEO-ROAD-933", "segment_id": "LEO-933-9140023800840638008383" }, "geometry": { "type": "LineString", "coordinates": [ [ -84.324694661798205, 42.23199478777439 ], [ -84.324693772324935, 42.232076605288 ] ] } },
{ "type": "Feature", "properties": { "road_id": "LEO-ROAD-934", "segment_id": "LEO-934-9185033800842138008406" }, "geometry": { "type": "LineString", "coordinates": [ [ -84.326955638408975, 42.232046005565557 ], [ -84.324694661798205, 42.23199478777439 ] ] } },
{ "type": "Feature", "properties": { "road_id": "LEO-ROAD-935", "segment_id": "LEO-935-33817133801817838008409" }, "geometry": { "type": "LineString", "coordinates": [ [ -84.340512164250498, 42.23232741296512 ], [ -84.340533317604894, 42.231898231640251 ] ] } },
{ "type": "Feature", "properties": { "road_id": "LEO-ROAD-936", "segment_id": "LEO-936-9140053800844938008259" }, "geometry": { "type": "LineString", "coordinates": [ [ -84.313607591916977, 42.23113383820349 ], [ -84.313633368261719, 42.231838253389412 ], [ -84.313629110117631, 42.232402833634893 ], [ -84.313604526473796, 42.232480343122248 ], [ -84.313534209937018, 42.232587756863346 ], [ -84.313236581306938, 42.232892552543802 ], [ -84.312973224790881, 42.233188823603783 ] ] } },
{ "type": "Feature", "properties": { "road_id": "LEO-ROAD-937", "segment_id": "LEO-937-8991103802014538008253" }, "geometry": { "type": "LineString", "coordinates": [ [ -84.360417179232911, 42.231754537575199 ], [ -84.360305413866797, 42.231876398572119 ], [ -84.359161403070246, 42.233064905329286 ], [ -84.35849715243414, 42.233795456339543 ] ] } },
{ "type": "Feature", "properties": { "road_id": "LEO-ROAD-938", "segment_id": "LEO-938-9185023800846038008456" }, "geometry": { "type": "LineString", "coordinates": [ [ -84.324720917072824, 42.231126866989584 ], [ -84.317791542484017, 42.231113983087788 ], [ -84.317631289000374, 42.231095979441221 ], [ -84.31756822509287, 42.231074229023093 ], [ -84.317523090236577, 42.231044795388989 ] ] } },
{ "type": "Feature", "properties": { "road_id": "LEO-ROAD-939", "segment_id": "LEO-939-9140023800846038008406" }, "geometry": { "type": "LineString", "coordinates": [ [ -84.324720917072824, 42.231126866989584 ], [ -84.3247202488445, 42.231148937702137 ], [ -84.324694661798205, 42.23199478777439 ] ] } },
{ "type": "Feature", "properties": { "road_id": "LEO-ROAD-940", "segment_id": "LEO-940-9185023800846638008460" }, "geometry": { "type": "LineString", "coordinates": [ [ -84.326951182016046, 42.23114048785807 ], [ -84.324720917072824, 42.231126866989584 ] ] } },
{ "type": "Feature", "properties": { "road_id": "LEO-ROAD-941", "segment_id": "LEO-941-9139103800846638008421" }, "geometry": { "type": "LineString", "coordinates": [ [ -84.326951182016046, 42.23114048785807 ], [ -84.326955638408975, 42.232046005565557 ] ] } },
{ "type": "Feature", "properties": { "road_id": "LEO-ROAD-942", "segment_id": "LEO-942-8991093802014638008257" }, "geometry": { "type": "LineString", "coordinates": [ [ -84.360224723160343, 42.23161912844072 ], [ -84.358235868995791, 42.233741735729453 ] ] } },
{ "type": "Feature", "properties": { "road_id": "LEO-ROAD-943", "segment_id": "LEO-943-33813803802014538020146" }, "geometry": { "type": "LineString", "coordinates": [ [ -84.360417179232911, 42.231754537575199 ], [ -84.360224723160343, 42.23161912844072 ] ] } },
{ "type": "Feature", "properties": { "road_id": "LEO-ROAD-944", "segment_id": "LEO-944-33807803800825038008480" }, "geometry": { "type": "LineString", "coordinates": [ [ -84.309015584412904, 42.233111580190418 ], [ -84.309013112910279, 42.23294873691669 ], [ -84.308942602499812, 42.23070628249323 ] ] } },
{ "type": "Feature", "properties": { "road_id": "LEO-ROAD-945", "segment_id": "LEO-945-8991103801926838020145" }, "geometry": { "type": "LineString", "coordinates": [ [ -84.360680305388726, 42.231467644923164 ], [ -84.360417179232911, 42.231754537575199 ] ] } },
{ "type": "Feature", "properties": { "road_id": "LEO-ROAD-946", "segment_id": "LEO-946-8991093801926938020146" }, "geometry": { "type": "LineString", "coordinates": [ [ -84.360667283038566, 42.231142663475978 ], [ -84.360598483099508, 42.231220672611343 ], [ -84.360269254722439, 42.231571599943123 ], [ -84.360224723160343, 42.23161912844072 ] ] } },
{ "type": "Feature", "properties": { "road_id": "LEO-ROAD-947", "segment_id": "LEO-947-9185013800853638008449" }, "geometry": { "type": "LineString", "coordinates": [ [ -84.315516025215075, 42.230278092014039 ], [ -84.315181738147928, 42.230425460464424 ], [ -84.313994143701265, 42.230941506221328 ], [ -84.313607591916977, 42.23113383820349 ] ] } },
{ "type": "Feature", "properties": { "road_id": "LEO-ROAD-948", "segment_id": "LEO-948-9185013800853738008536" }, "geometry": { "type": "LineString", "coordinates": [ [ -84.317451540753069, 42.23016966236839 ], [ -84.316708512061595, 42.230172604300144 ], [ -84.316535985255754, 42.230169156223248 ], [ -84.31611613225013, 42.230174544431271 ], [ -84.315749952745819, 42.230218047048901 ], [ -84.315516025215075, 42.230278092014039 ] ] } },
{ "type": "Feature", "properties": { "road_id": "LEO-ROAD-949", "segment_id": "LEO-949-9206093800853738008456" }, "geometry": { "type": "LineString", "coordinates": [ [ -84.317451540753069, 42.23016966236839 ], [ -84.317469449454165, 42.230880577312483 ], [ -84.317476727497606, 42.230955135308214 ], [ -84.317491654887561, 42.231005569769302 ], [ -84.317523090236577, 42.231044795388989 ] ] } },
{ "type": "Feature", "properties": { "road_id": "LEO-ROAD-950", "segment_id": "LEO-950-9185013800854338008537" }, "geometry": { "type": "LineString", "coordinates": [ [ -84.324516413456948, 42.230194422919759 ], [ -84.322858536249541, 42.230209724763519 ], [ -84.317451540753069, 42.23016966236839 ] ] } },
{ "type": "Feature", "properties": { "road_id": "LEO-ROAD-951", "segment_id": "LEO-951-9185013800854438008543" }, "geometry": { "type": "LineString", "coordinates": [ [ -84.324737287914346, 42.230189535425147 ], [ -84.324516413456948, 42.230194422919759 ] ] } },
{ "type": "Feature", "properties": { "road_id": "LEO-ROAD-952", "segment_id": "LEO-952-9140023800854438008460" }, "geometry": { "type": "LineString", "coordinates": [ [ -84.324737287914346, 42.230189535425147 ], [ -84.324720917072824, 42.231126866989584 ] ] } },
{ "type": "Feature", "properties": { "road_id": "LEO-ROAD-953", "segment_id": "LEO-953-9185013800854638008544" }, "geometry": { "type": "LineString", "coordinates": [ [ -84.326931597785901, 42.230159842548282 ], [ -84.324737287914346, 42.230189535425147 ] ] } },
{ "type": "Feature", "properties": { "road_id": "LEO-ROAD-954", "segment_id": "LEO-954-9139103800854638008466" }, "geometry": { "type": "LineString", "coordinates": [ [ -84.326931597785901, 42.230159842548282 ], [ -84.326951182016046, 42.23114048785807 ] ] } },
{ "type": "Feature", "properties": { "road_id": "LEO-ROAD-955", "segment_id": "LEO-955-9139103800859238008546" }, "geometry": { "type": "LineString", "coordinates": [ [ -84.326942085603477, 42.229648492544968 ], [ -84.326931597785901, 42.230159842548282 ] ] } },
{ "type": "Feature", "properties": { "road_id": "LEO-ROAD-956", "segment_id": "LEO-956-54987813800859238017022" }, "geometry": { "type": "LineString", "coordinates": [ [ -84.326942085603477, 42.229648492544968 ], [ -84.32693036148099, 42.229650793514409 ], [ -84.326918654439069, 42.22965317941609 ], [ -84.326906958115075, 42.229655616824139 ], [ -84.326895263747659, 42.229658071375908 ], [ -84.326883567446359, 42.229660507881121 ], [ -84.326871860400914, 42.229662893777991 ], [ -84.326860136297739, 42.229665193839828 ], [ -84.32684838756262, 42.229667374622601 ], [ -84.326836607882115, 42.229669400899645 ], [ -84.326824789682107, 42.229671239226882 ], [ -84.326812908121553, 42.229672822570478 ], [ -84.326800878862073, 42.229673954185628 ], [ -84.326788741886446, 42.229674634673437 ], [ -84.326776555606912, 42.229674900043889 ], [ -84.326764383282011, 42.229674786379931 ], [ -84.326752284584572, 42.229674327909066 ], [ -84.32674024403012, 42.229673603670037 ], [ -84.326728214779806, 42.229672686825381 ], [ -84.326716194715161, 42.229671610673428 ], [ -84.326704180456986, 42.229670410295093 ], [ -84.326692172260934, 42.22966912082606 ], [ -84.32668016795941, 42.229667777365371 ], [ -84.326668162986095, 42.229666414075453 ], [ -84.326656158783663, 42.22966506701048 ], [ -84.326644150834753, 42.2296637685319 ], [ -84.326632138158757, 42.229662554657565 ], [ -84.326620123217424, 42.229661379482927 ], [ -84.326608108301158, 42.22966020340656 ], [ -84.326596093360749, 42.229659028229413 ], [ -84.326584079632383, 42.229657853069234 ], [ -84.326572064717368, 42.229656676989066 ], [ -84.326560049778323, 42.229655501808139 ], [ -84.326548034839718, 42.229654326625941 ], [ -84.326536019901525, 42.229653151442477 ], [ -84.326524004988315, 42.229651975357292 ], [ -84.326511991262635, 42.229650800189518 ], [ -84.326499976325763, 42.229649625002267 ], [ -84.326487961413861, 42.229648448913345 ], [ -84.326475946477942, 42.229647273723586 ], [ -84.326463931542449, 42.229646098532548 ], [ -84.326451916631882, 42.229644922439846 ], [ -84.326439902908859, 42.229643747264511 ], [ -84.326427887974674, 42.229642572069721 ], [ -84.3264158730655, 42.229641395973218 ], [ -84.326403858132224, 42.229640220775913 ], [ -84.32639184319936, 42.229639045577308 ], [ -84.326379828291508, 42.229637869477052 ], [ -84.326367814571128, 42.229636694294172 ], [ -84.326355799639657, 42.229635519091815 ], [ -84.326343784708584, 42.229634343888193 ], [ -84.326331769802479, 42.229633167782907 ], [ -84.326319754872344, 42.229631992576742 ], [ -84.326306965078416, 42.229630740856514 ] ] } },
{ "type": "Feature", "properties": { "road_id": "LEO-ROAD-957", "segment_id": "LEO-957-54987813800859038008592" }, "geometry": { "type": "LineString", "coordinates": [ [ -84.327725281176669, 42.229594647939791 ], [ -84.327715025721602, 42.229599459109259 ], [ -84.327704826191891, 42.229604353092398 ], [ -84.327694630148414, 42.229609252531937 ], [ -84.327684385200968, 42.22961407826967 ], [ -84.327674037674555, 42.229618753830529 ], [ -84.327663536366117, 42.22962320097497 ], [ -84.327652735497651, 42.229627253563876 ], [ -84.327641519776805, 42.229630738709744 ], [ -84.327630042449982, 42.229633726276617 ], [ -84.327618452037186, 42.22963637073417 ], [ -84.327606736277076, 42.229639078165306 ], [ -84.327594899941147, 42.229641450481864 ], [ -84.327582959982081, 42.22964295375553 ], [ -84.327570936361752, 42.229643121664516 ], [ -84.327558888657975, 42.22964279376238 ], [ -84.327546834874369, 42.229642377487799 ], [ -84.327534776002054, 42.229641880962944 ], [ -84.327522710559961, 42.229641314074591 ], [ -84.327510642011347, 42.229640683180442 ], [ -84.327498567688153, 42.229639997248583 ], [ -84.327486489792946, 42.229639264419362 ], [ -84.327474408105317, 42.229638492796838 ], [ -84.327462322404699, 42.22963769048507 ], [ -84.327450234893803, 42.229636865624443 ], [ -84.327438144116016, 42.229636027201195 ], [ -84.32742605108686, 42.229635182437171 ], [ -84.32741395558584, 42.229634339436295 ], [ -84.327401859766582, 42.229633508139962 ], [ -84.327389762270499, 42.229632693932636 ], [ -84.32737766401506, 42.229631907637838 ], [ -84.32736556482881, 42.229631155558714 ], [ -84.32735346565363, 42.229630447618419 ], [ -84.327341367529669, 42.229629790138212 ], [ -84.327329268975717, 42.229629193004847 ], [ -84.327317172243369, 42.229628662557822 ], [ -84.327305074212433, 42.229628179833206 ], [ -84.327292971664718, 42.229627729468696 ], [ -84.32728086704789, 42.22962731060035 ], [ -84.327268758012295, 42.22962692049034 ], [ -84.327256648192588, 42.229626559193285 ], [ -84.327244535190204, 42.229626225772392 ], [ -84.327232421501733, 42.229625917562728 ], [ -84.327220305915617, 42.229625634546068 ], [ -84.327208188505367, 42.229625374021019 ], [ -84.327196071669562, 42.229625136924547 ], [ -84.327183953083178, 42.229624919618388 ], [ -84.327171835169295, 42.229624722138986 ], [ -84.327159717952384, 42.229624543585842 ], [ -84.327147600269939, 42.229624382139868 ], [ -84.327135484594038, 42.229624236036678 ], [ -84.327123369713206, 42.229624105257997 ], [ -84.327111255676385, 42.229623988002942 ], [ -84.32709912483503, 42.229623909228991 ], [ -84.327086978705594, 42.229623902289113 ], [ -84.327074828546046, 42.229623998880989 ], [ -84.327062690607889, 42.229624225372575 ], [ -84.327050574937516, 42.229624613443505 ], [ -84.327038496550273, 42.229625190343867 ], [ -84.327026467940229, 42.229625986889246 ], [ -84.327014466189169, 42.229627221633017 ], [ -84.327002529658486, 42.229629043786368 ], [ -84.326990759536429, 42.229631387309432 ], [ -84.326979259459236, 42.229634185298586 ], [ -84.32696820557365, 42.229637734968456 ], [ -84.326957532110285, 42.229642047941887 ], [ -84.326942085603477, 42.229648492544968 ] ] } },
{ "type": "Feature", "properties": { "road_id": "LEO-ROAD-958", "segment_id": "LEO-958-9139043800861538008325" }, "geometry": { "type": "LineString", "coordinates": [ [ -84.346342497875426, 42.229747551517406 ], [ -84.346367194797295, 42.230730797086508 ], [ -84.346396243133711, 42.232975198545589 ] ] } },
{ "type": "Feature", "properties": { "road_id": "LEO-ROAD-959", "segment_id": "LEO-959-9139043800862438008615" }, "geometry": { "type": "LineString", "coordinates": [ [ -84.346337017906848, 42.229625736362792 ], [ -84.346342497875426, 42.229747551517406 ] ] } },
{ "type": "Feature", "properties": { "road_id": "LEO-ROAD-960", "segment_id": "LEO-960-9139103800862838008592" }, "geometry": { "type": "LineString", "coordinates": [ [ -84.326947734495846, 42.229235066662888 ], [ -84.326942085603477, 42.229648492544968 ] ] } },
{ "type": "Feature", "properties": { "road_id": "LEO-ROAD-961", "segment_id": "LEO-961-9207143800863038008631" }, "geometry": { "type": "LineString", "coordinates": [ [ -84.305575657758425, 42.228885190293035 ], [ -84.306032453707715, 42.228897689694904 ] ] } },
{ "type": "Feature", "properties": { "road_id": "LEO-ROAD-962", "segment_id": "LEO-962-9207143800863238008630" }, "geometry": { "type": "LineString", "coordinates": [ [ -84.301847769995348, 42.228802976599702 ], [ -84.301889661281677, 42.228835388427356 ], [ -84.301944348337528, 42.228859072790613 ], [ -84.302033220291477, 42.228869568047429 ], [ -84.302125101737474, 42.22888239451477 ], [ -84.302221881830135, 42.228882424697936 ], [ -84.30360282402016, 42.228865002618427 ], [ -84.305160939400295, 42.228888735522517 ], [ -84.305575657758425, 42.228885190293035 ] ] } },
{ "type": "Feature", "properties": { "road_id": "LEO-ROAD-963", "segment_id": "LEO-963-9139103800864438008628" }, "geometry": { "type": "LineString", "coordinates": [ [ -84.326952682458085, 42.229105121980716 ], [ -84.326947734495846, 42.229235066662888 ] ] } },
{ "type": "Feature", "properties": { "road_id": "LEO-ROAD-964", "segment_id": "LEO-964-9012033800864238008543" }, "geometry": { "type": "LineString", "coordinates": [ [ -84.32234180633705, 42.228996306424463 ], [ -84.323626766106202, 42.229821187250337 ], [ -84.323771846533901, 42.229919445444416 ], [ -84.32388832979025, 42.229986435133071 ], [ -84.323987209010625, 42.230040037401253 ], [ -84.32410638623999, 42.230093058857221 ], [ -84.324189884706627, 42.230124283680723 ], [ -84.324311110402078, 42.230157308845719 ], [ -84.324516413456948, 42.230194422919759 ] ] } },
{ "type": "Feature", "properties": { "road_id": "LEO-ROAD-965", "segment_id": "LEO-965-9139103800865638008644" }, "geometry": { "type": "LineString", "coordinates": [ [ -84.326956361734588, 42.228960023634819 ], [ -84.326952682458085, 42.229105121980716 ] ] } },
{ "type": "Feature", "properties": { "road_id": "LEO-ROAD-966", "segment_id": "LEO-966-9195183800859038008668" }, "geometry": { "type": "LineString", "coordinates": [ [ -84.327725281176669, 42.229594647939791 ], [ -84.327757329908721, 42.229487373249064 ], [ -84.327767699283314, 42.228861090124724 ] ] } },
{ "type": "Feature", "properties": { "road_id": "LEO-ROAD-967", "segment_id": "LEO-967-9207023800869038008632" }, "geometry": { "type": "LineString", "coordinates": [ [ -84.303127067876758, 42.228150326146149 ], [ -84.302999004130982, 42.228187369607006 ], [ -84.30282915795874, 42.228214484882017 ], [ -84.30257690313357, 42.228219779472617 ], [ -84.302398088959833, 42.228237617650109 ], [ -84.302315011152487, 42.228254881516406 ], [ -84.302134280623321, 42.228327279765651 ], [ -84.302017481757204, 42.228437463090664 ], [ -84.301946906176696, 42.228543781498814 ], [ -84.301910452031663, 42.22863919523607 ], [ -84.301880710518091, 42.228714146529825 ], [ -84.301847769995348, 42.228802976599702 ] ] } },
{ "type": "Feature", "properties": { "road_id": "LEO-ROAD-968", "segment_id": "LEO-968-9184093800862838008642" }, "geometry": { "type": "LineString", "coordinates": [ [ -84.326947734495846, 42.229235066662888 ], [ -84.32664025853002, 42.22920062913105 ], [ -84.326262213229157, 42.229152038728174 ], [ -84.326015512230924, 42.229125853439719 ], [ -84.325455313029437, 42.229057653211633 ], [ -84.325050480533974, 42.228965901207047 ], [ -84.324885687993628, 42.228958522085499 ], [ -84.324689519429114, 42.229048722300362 ], [ -84.324349156180929, 42.229040145837651 ], [ -84.324227993309748, 42.229050241842351 ], [ -84.324108744545072, 42.22903574366179 ], [ -84.323990188281513, 42.228995850092794 ], [ -84.323063590837094, 42.228397339318995 ], [ -84.322942342885838, 42.228373894402949 ], [ -84.322792661404918, 42.228379050514434 ], [ -84.322613855272195, 42.228487163064258 ], [ -84.322535103251695, 42.228571212999782 ], [ -84.322479356270051, 42.228652769391395 ], [ -84.322453483218723, 42.228760345738301 ], [ -84.322412943705032, 42.228844971609753 ], [ -84.322380046680578, 42.22892971357723 ], [ -84.32234180633705, 42.228996306424463 ] ] } },
{ "type": "Feature", "properties": { "road_id": "LEO-ROAD-969", "segment_id": "LEO-969-9012033801870938008642" }, "geometry": { "type": "LineString", "coordinates": [ [ -84.321307355807406, 42.228328933665402 ], [ -84.32234180633705, 42.228996306424463 ] ] } },
{ "type": "Feature", "properties": { "road_id": "LEO-ROAD-970", "segment_id": "LEO-970-9159023800859938008211" }, "geometry": { "type": "LineString", "coordinates": [ [ -84.269148922245009, 42.227427167737403 ], [ -84.26928092251687, 42.232752749041332 ] ] } },
{ "type": "Feature", "properties": { "road_id": "LEO-ROAD-971", "segment_id": "LEO-971-33807793800872338008670" }, "geometry": { "type": "LineString", "coordinates": [ [ -84.320787923332276, 42.227993814511976 ], [ -84.319327719966736, 42.228635675838902 ] ] } },
{ "type": "Feature", "properties": { "road_id": "LEO-ROAD-972", "segment_id": "LEO-972-9012033800872338018709" }, "geometry": { "type": "LineString", "coordinates": [ [ -84.320787923332276, 42.227993814511976 ], [ -84.321307355807406, 42.228328933665402 ] ] } },
{ "type": "Feature", "properties": { "road_id": "LEO-ROAD-973", "segment_id": "LEO-973-9139103802141238008656" }, "geometry": { "type": "LineString", "coordinates": [ [ -84.326938397568341, 42.227924914726465 ], [ -84.326935742742748, 42.228069914997313 ], [ -84.326956361734588, 42.228960023634819 ] ] } },
{ "type": "Feature", "properties": { "road_id": "LEO-ROAD-974", "segment_id": "LEO-974-33815773802141238021413" }, "geometry": { "type": "LineString", "coordinates": [ [ -84.326938397568341, 42.227924914726465 ], [ -84.327235180239626, 42.227924857159891 ] ] } },
{ "type": "Feature", "properties": { "road_id": "LEO-ROAD-975", "segment_id": "LEO-975-33815773802141338008737" }, "geometry": { "type": "LineString", "coordinates": [ [ -84.327235180239626, 42.227924857159891 ], [ -84.328414315147697, 42.227937493345884 ] ] } },
{ "type": "Feature", "properties": { "road_id": "LEO-ROAD-976", "segment_id": "LEO-976-9195063800873738008740" }, "geometry": { "type": "LineString", "coordinates": [ [ -84.328414315147697, 42.227937493345884 ], [ -84.328420702012764, 42.228122648106314 ] ] } },
{ "type": "Feature", "properties": { "road_id": "LEO-ROAD-977", "segment_id": "LEO-977-9195173800873738008761" }, "geometry": { "type": "LineString", "coordinates": [ [ -84.328414315147697, 42.227937493345884 ], [ -84.328607947808422, 42.227957379655443 ], [ -84.32904418208183, 42.227960535294216 ] ] } },
{ "type": "Feature", "properties": { "road_id": "LEO-ROAD-978", "segment_id": "LEO-978-9207023800874438008690" }, "geometry": { "type": "LineString", "coordinates": [ [ -84.305507302974149, 42.22756611669805 ], [ -84.304265567639007, 42.227874154143421 ], [ -84.303127067876758, 42.228150326146149 ] ] } },
{ "type": "Feature", "properties": { "road_id": "LEO-ROAD-979", "segment_id": "LEO-979-9207023800863038008744" }, "geometry": { "type": "LineString", "coordinates": [ [ -84.305575657758425, 42.228885190293035 ], [ -84.305588726799428, 42.228785200091245 ], [ -84.305593959950258, 42.228595298739236 ], [ -84.305581293309942, 42.228211690159647 ], [ -84.305545318662681, 42.227661924617848 ], [ -84.305507302974149, 42.22756611669805 ] ] } },
{ "type": "Feature", "properties": { "road_id": "LEO-ROAD-980", "segment_id": "LEO-980-9190013800874538008591" }, "geometry": { "type": "LineString", "coordinates": [ [ -84.299003534883013, 42.227465734368167 ], [ -84.298991503312081, 42.22800919510626 ] ] } },
{ "type": "Feature", "properties": { "road_id": "LEO-ROAD-981", "segment_id": "LEO-981-9012033800874338008723" }, "geometry": { "type": "LineString", "coordinates": [ [ -84.320332349248247, 42.22769086641194 ], [ -84.320787923332276, 42.227993814511976 ] ] } },
{ "type": "Feature", "properties": { "road_id": "LEO-ROAD-982", "segment_id": "LEO-982-33801103800875838008745" }, "geometry": { "type": "LineString", "coordinates": [ [ -84.301075074299362, 42.227359879092717 ], [ -84.300705672628695, 42.227400979229408 ], [ -84.2998915433121, 42.22746196617436 ], [ -84.299396805523969, 42.227463963012291 ], [ -84.299003534883013, 42.227465734368167 ] ] } },
{ "type": "Feature", "properties": { "road_id": "LEO-ROAD-983", "segment_id": "LEO-983-9189103800875838008694" }, "geometry": { "type": "LineString", "coordinates": [ [ -84.301075074299362, 42.227359879092717 ], [ -84.301044603809387, 42.227905688779572 ] ] } },
{ "type": "Feature", "properties": { "road_id": "LEO-ROAD-984", "segment_id": "LEO-984-33815903800875638008241" }, "geometry": { "type": "LineString", "coordinates": [ [ -84.288477564082925, 42.227116395039893 ], [ -84.288529535766358, 42.229219292840945 ], [ -84.288604342554294, 42.23285999361763 ] ] } },
{ "type": "Feature", "properties": { "road_id": "LEO-ROAD-985", "segment_id": "LEO-985-33801103800874538008756" }, "geometry": { "type": "LineString", "coordinates": [ [ -84.299003534883013, 42.227465734368167 ], [ -84.293524376744486, 42.227356655816763 ], [ -84.292573502907018, 42.22732194455169 ], [ -84.288765283030671, 42.227126977028185 ], [ -84.288477564082925, 42.227116395039893 ] ] } },
{ "type": "Feature", "properties": { "road_id": "LEO-ROAD-986", "segment_id": "LEO-986-9139103800878538021412" }, "geometry": { "type": "LineString", "coordinates": [ [ -84.326946701877816, 42.227471459504756 ], [ -84.326938397568341, 42.227924914726465 ] ] } },
{ "type": "Feature", "properties": { "road_id": "LEO-ROAD-987", "segment_id": "LEO-987-33801103800877038008758" }, "geometry": { "type": "LineString", "coordinates": [ [ -84.303120921696177, 42.227075420757487 ], [ -84.302771301093074, 42.227149201806363 ], [ -84.302451300527281, 42.227203501932273 ], [ -84.302040452559609, 42.22725218889839 ], [ -84.301075074299362, 42.227359879092717 ] ] } },
{ "type": "Feature", "properties": { "road_id": "LEO-ROAD-988", "segment_id": "LEO-988-9189093800877038008690" }, "geometry": { "type": "LineString", "coordinates": [ [ -84.303120921696177, 42.227075420757487 ], [ -84.303127067876758, 42.228150326146149 ] ] } },
{ "type": "Feature", "properties": { "road_id": "LEO-ROAD-989", "segment_id": "LEO-989-9139103800879338008785" }, "geometry": { "type": "LineString", "coordinates": [ [ -84.326945329780443, 42.227162789070299 ], [ -84.326946701877816, 42.227471459504756 ] ] } },
{ "type": "Feature", "properties": { "road_id": "LEO-ROAD-990", "segment_id": "LEO-990-9184073800879838008793" }, "geometry": { "type": "LineString", "coordinates": [ [ -84.328368865306018, 42.227172803649331 ], [ -84.327839472305797, 42.227182906202245 ], [ -84.327292213311921, 42.227170260615821 ], [ -84.326945329780443, 42.227162789070299 ] ] } },
{ "type": "Feature", "properties": { "road_id": "LEO-ROAD-991", "segment_id": "LEO-991-9195063800879838008737" }, "geometry": { "type": "LineString", "coordinates": [ [ -84.328368865306018, 42.227172803649331 ], [ -84.328414315147697, 42.227937493345884 ] ] } },
{ "type": "Feature", "properties": { "road_id": "LEO-ROAD-992", "segment_id": "LEO-992-33801103800881238008770" }, "geometry": { "type": "LineString", "coordinates": [ [ -84.305096624168783, 42.226554021759846 ], [ -84.303120921696177, 42.227075420757487 ] ] } },
{ "type": "Feature", "properties": { "road_id": "LEO-ROAD-993", "segment_id": "LEO-993-9189083800881238008744" }, "geometry": { "type": "LineString", "coordinates": [ [ -84.305096624168783, 42.226554021759846 ], [ -84.305117855354197, 42.226933017239183 ], [ -84.305131611084278, 42.227229161279581 ], [ -84.305343082775167, 42.227376275112377 ], [ -84.305453437481233, 42.227481125045607 ], [ -84.305507302974149, 42.22756611669805 ] ] } },
{ "type": "Feature", "properties": { "road_id": "LEO-ROAD-994", "segment_id": "LEO-994-9139103800881938008793" }, "geometry": { "type": "LineString", "coordinates": [ [ -84.326946574193798, 42.226825452590695 ], [ -84.326945329780443, 42.227162789070299 ] ] } },
{ "type": "Feature", "properties": { "road_id": "LEO-ROAD-995", "segment_id": "LEO-995-8991103800882538019268" }, "geometry": { "type": "LineString", "coordinates": [ [ -84.362685355451944, 42.227325945281144 ], [ -84.362580530065571, 42.228015535142994 ], [ -84.362385260576858, 42.228722509101715 ], [ -84.36220672802294, 42.229280782604725 ], [ -84.361876226855017, 42.229902901519623 ], [ -84.36171207469431, 42.230172663114899 ], [ -84.361331209723076, 42.230721133593342 ], [ -84.361074232982375, 42.231038130481856 ], [ -84.360680305388726, 42.231467644923164 ] ] } },
{ "type": "Feature", "properties": { "road_id": "LEO-ROAD-996", "segment_id": "LEO-996-9184063800881938008828" }, "geometry": { "type": "LineString", "coordinates": [ [ -84.326946574193798, 42.226825452590695 ], [ -84.326829490444666, 42.226786097509965 ] ] } },
{ "type": "Feature", "properties": { "road_id": "LEO-ROAD-997", "segment_id": "LEO-997-8991093800882738019269" }, "geometry": { "type": "LineString", "coordinates": [ [ -84.362445317702111, 42.227313657685798 ], [ -84.362335783609041, 42.227840120259636 ], [ -84.36224467886943, 42.228290911596957 ], [ -84.362137378684437, 42.22866460207598 ], [ -84.36192679347414, 42.229232916425886 ], [ -84.36167130977374, 42.229739490663292 ], [ -84.361377246520078, 42.23022119395285 ], [ -84.361030101370787, 42.230731276976094 ], [ -84.360667283038566, 42.231142663475978 ] ] } },
{ "type": "Feature", "properties": { "road_id": "LEO-ROAD-998", "segment_id": "LEO-998-33807783800874338008840" }, "geometry": { "type": "LineString", "coordinates": [ [ -84.320332349248247, 42.22769086641194 ], [ -84.320639743521923, 42.22737910909651 ], [ -84.320588317578071, 42.227113985805516 ], [ -84.320556112029905, 42.226816450196843 ], [ -84.32054681228766, 42.226662189177247 ] ] } },
{ "type": "Feature", "properties": { "road_id": "LEO-ROAD-999", "segment_id": "LEO-999-9012033802051638008743" }, "geometry": { "type": "LineString", "coordinates": [ [ -84.318489433648821, 42.226478264302543 ], [ -84.320332349248247, 42.22769086641194 ] ] } },
{ "type": "Feature", "properties": { "road_id": "LEO-ROAD-1000", "segment_id": "LEO-1000-8991103800884338008825" }, "geometry": { "type": "LineString", "coordinates": [ [ -84.362690763388017, 42.227110097869506 ], [ -84.362685355451944, 42.227325945281144 ] ] } },
{ "type": "Feature", "properties": { "road_id": "LEO-ROAD-1001", "segment_id": "LEO-1001-8991093800884838008827" }, "geometry": { "type": "LineString", "coordinates": [ [ -84.36248077539544, 42.227082384153142 ], [ -84.362445317702111, 42.227313657685798 ] ] } },
{ "type": "Feature", "properties": { "road_id": "LEO-ROAD-1002", "segment_id": "LEO-1002-9184043800886238008729" }, "geometry": { "type": "LineString", "coordinates": [ [ -84.325944105546171, 42.226437866917429 ], [ -84.326332047477422, 42.228339174982878 ] ] } },
{ "type": "Feature", "properties": { "road_id": "LEO-ROAD-1003", "segment_id": "LEO-1003-9184063800882838008862" }, "geometry": { "type": "LineString", "coordinates": [ [ -84.326829490444666, 42.226786097509965 ], [ -84.325944105546171, 42.226437866917429 ] ] } },
{ "type": "Feature", "properties": { "road_id": "LEO-ROAD-1004", "segment_id": "LEO-1004-9140173800822138008885" }, "geometry": { "type": "LineString", "coordinates": [ [ -84.276387326292664, 42.232791784807816 ], [ -84.276383292849061, 42.232654757322052 ], [ -84.276272165521419, 42.228361892748381 ], [ -84.276230675393776, 42.225726950315611 ], [ -84.276233302521575, 42.225545681658261 ] ] } },
{ "type": "Feature", "properties": { "road_id": "LEO-ROAD-1005", "segment_id": "LEO-1005-33801103802176938008812" }, "geometry": { "type": "LineString", "coordinates": [ [ -84.307069847642609, 42.225991362412685 ], [ -84.306150628965, 42.226246675601033 ], [ -84.305096624168783, 42.226554021759846 ] ] } },
{ "type": "Feature", "properties": { "road_id": "LEO-ROAD-1006", "segment_id": "LEO-1006-33815223802051638020508" }, "geometry": { "type": "LineString", "coordinates": [ [ -84.318489433648821, 42.226478264302543 ], [ -84.318894792507109, 42.226098091911417 ] ] } },
{ "type": "Feature", "properties": { "road_id": "LEO-ROAD-1007", "segment_id": "LEO-1007-9184073800889038008798" }, "geometry": { "type": "LineString", "coordinates": [ [ -84.33319940676779, 42.226256918954803 ], [ -84.328864549285726, 42.227114986114124 ], [ -84.328694715288421, 42.227130929031425 ], [ -84.328368865306018, 42.227172803649331 ] ] } },
{ "type": "Feature", "properties": { "road_id": "LEO-ROAD-1008", "segment_id": "LEO-1008-33815923800889038017026" }, "geometry": { "type": "LineString", "coordinates": [ [ -84.33319940676779, 42.226256918954803 ], [ -84.333266928219231, 42.226655404573634 ] ] } },
{ "type": "Feature", "properties": { "road_id": "LEO-ROAD-1009", "segment_id": "LEO-1009-9139103800889638008819" }, "geometry": { "type": "LineString", "coordinates": [ [ -84.326928805981979, 42.226111435471871 ], [ -84.326946574193798, 42.226825452590695 ] ] } },
{ "type": "Feature", "properties": { "road_id": "LEO-ROAD-1010", "segment_id": "LEO-1010-33801103800890638021769" }, "geometry": { "type": "LineString", "coordinates": [ [ -84.310766518022874, 42.225791928310315 ], [ -84.308103772831359, 42.225801008670736 ], [ -84.307787721358238, 42.225826835682803 ], [ -84.307513305413153, 42.225868188160497 ], [ -84.307069847642609, 42.225991362412685 ] ] } },
{ "type": "Feature", "properties": { "road_id": "LEO-ROAD-1011", "segment_id": "LEO-1011-9184043800891238008862" }, "geometry": { "type": "LineString", "coordinates": [ [ -84.32655094008723, 42.226012228903002 ], [ -84.325944105546171, 42.226437866917429 ] ] } },
{ "type": "Feature", "properties": { "road_id": "LEO-ROAD-1012", "segment_id": "LEO-1012-33801103800891038008906" }, "geometry": { "type": "LineString", "coordinates": [ [ -84.311787981268154, 42.225787953381015 ], [ -84.311568152712113, 42.225791442519252 ], [ -84.310766518022874, 42.225791928310315 ] ] } },
{ "type": "Feature", "properties": { "road_id": "LEO-ROAD-1013", "segment_id": "LEO-1013-33801103800891438008910" }, "geometry": { "type": "LineString", "coordinates": [ [ -84.313516076862911, 42.225776994192621 ], [ -84.311787981268154, 42.225787953381015 ] ] } },
{ "type": "Feature", "properties": { "road_id": "LEO-ROAD-1014", "segment_id": "LEO-1014-9140053800891438008449" }, "geometry": { "type": "LineString", "coordinates": [ [ -84.313516076862911, 42.225776994192621 ], [ -84.3136011491479, 42.230249011879224 ], [ -84.313607591916977, 42.23113383820349 ] ] } },
{ "type": "Feature", "properties": { "road_id": "LEO-ROAD-1015", "segment_id": "LEO-1015-33801103800891738008914" }, "geometry": { "type": "LineString", "coordinates": [ [ -84.315433893622867, 42.225795068450751 ], [ -84.313516076862911, 42.225776994192621 ] ] } },
{ "type": "Feature", "properties": { "road_id": "LEO-ROAD-1016", "segment_id": "LEO-1016-9189053800891738008536" }, "geometry": { "type": "LineString", "coordinates": [ [ -84.315433893622867, 42.225795068450751 ], [ -84.315516025215075, 42.230278092014039 ] ] } },
{ "type": "Feature", "properties": { "road_id": "LEO-ROAD-1017", "segment_id": "LEO-1017-9195093800892038008886" }, "geometry": { "type": "LineString", "coordinates": [ [ -84.324707561681308, 42.225930400918145 ], [ -84.324564478307309, 42.226135349588901 ], [ -84.324545719949498, 42.22615322219108 ] ] } },
{ "type": "Feature", "properties": { "road_id": "LEO-ROAD-1018", "segment_id": "LEO-1018-9184063800886238008920" }, "geometry": { "type": "LineString", "coordinates": [ [ -84.325944105546171, 42.226437866917429 ], [ -84.324707561681308, 42.225930400918145 ] ] } },
{ "type": "Feature", "properties": { "road_id": "LEO-ROAD-1019", "segment_id": "LEO-1019-9012033802051438020516" }, "geometry": { "type": "LineString", "coordinates": [ [ -84.317492405834329, 42.225819004984416 ], [ -84.31825508597025, 42.226324062494008 ], [ -84.318489433648821, 42.226478264302543 ] ] } },
{ "type": "Feature", "properties": { "road_id": "LEO-ROAD-1020", "segment_id": "LEO-1020-33801103800892338008917" }, "geometry": { "type": "LineString", "coordinates": [ [ -84.31738094732205, 42.225746124690168 ], [ -84.317267016442713, 42.225762915688222 ], [ -84.315433893622867, 42.225795068450751 ] ] } },
{ "type": "Feature", "properties": { "road_id": "LEO-ROAD-1021", "segment_id": "LEO-1021-9206093800892338008537" }, "geometry": { "type": "LineString", "coordinates": [ [ -84.31738094732205, 42.225746124690168 ], [ -84.317361844785111, 42.225838452496824 ], [ -84.317451540753069, 42.23016966236839 ] ] } },
{ "type": "Feature", "properties": { "road_id": "LEO-ROAD-1022", "segment_id": "LEO-1022-9012033800892338020514" }, "geometry": { "type": "LineString", "coordinates": [ [ -84.31738094732205, 42.225746124690168 ], [ -84.317462304358358, 42.225799070629293 ], [ -84.317492405834329, 42.225819004984416 ] ] } },
{ "type": "Feature", "properties": { "road_id": "LEO-ROAD-1023", "segment_id": "LEO-1023-9184053801702338008896" }, "geometry": { "type": "LineString", "coordinates": [ [ -84.330153761057161, 42.225918145416969 ], [ -84.329348822493685, 42.226085969383931 ], [ -84.328249399559354, 42.226107090854583 ], [ -84.326928805981979, 42.226111435471871 ] ] } },
{ "type": "Feature", "properties": { "road_id": "LEO-ROAD-1024", "segment_id": "LEO-1024-9012033802051538008923" }, "geometry": { "type": "LineString", "coordinates": [ [ -84.317269929211122, 42.225663230250333 ], [ -84.31738094732205, 42.225746124690168 ] ] } },
{ "type": "Feature", "properties": { "road_id": "LEO-ROAD-1025", "segment_id": "LEO-1025-9184043800894338008912" }, "geometry": { "type": "LineString", "coordinates": [ [ -84.326922033357121, 42.22571864852096 ], [ -84.32655094008723, 42.226012228903002 ] ] } },
{ "type": "Feature", "properties": { "road_id": "LEO-ROAD-1026", "segment_id": "LEO-1026-9139103800894338008896" }, "geometry": { "type": "LineString", "coordinates": [ [ -84.326922033357121, 42.22571864852096 ], [ -84.326928805981979, 42.226111435471871 ] ] } },
{ "type": "Feature", "properties": { "road_id": "LEO-ROAD-1027", "segment_id": "LEO-1027-33815213802050038020514" }, "geometry": { "type": "LineString", "coordinates": [ [ -84.318110180981677, 42.225542360562088 ], [ -84.31784479237264, 42.22566809146349 ], [ -84.317575314105326, 42.225755308557552 ], [ -84.317492405834329, 42.225819004984416 ] ] } },
{ "type": "Feature", "properties": { "road_id": "LEO-ROAD-1028", "segment_id": "LEO-1028-33815203802050038020501" }, "geometry": { "type": "LineString", "coordinates": [ [ -84.318110180981677, 42.225542360562088 ], [ -84.318212614522011, 42.225574155316231 ], [ -84.318676830837518, 42.225769628613584 ] ] } },
{ "type": "Feature", "properties": { "road_id": "LEO-ROAD-1029", "segment_id": "LEO-1029-9195043800897238008890" }, "geometry": { "type": "LineString", "coordinates": [ [ -84.333237520516292, 42.225616018698361 ], [ -84.333253024952668, 42.22594641180568 ], [ -84.333236150067862, 42.226125000249958 ], [ -84.33319940676779, 42.226256918954803 ] ] } },
{ "type": "Feature", "properties": { "road_id": "LEO-ROAD-1030", "segment_id": "LEO-1030-9184053800897538017023" }, "geometry": { "type": "LineString", "coordinates": [ [ -84.331805545062693, 42.22557426485811 ], [ -84.330925286716706, 42.225766589601292 ], [ -84.330153761057161, 42.225918145416969 ] ] } },
{ "type": "Feature", "properties": { "road_id": "LEO-ROAD-1031", "segment_id": "LEO-1031-9184033800897238008975" }, "geometry": { "type": "LineString", "coordinates": [ [ -84.333237520516292, 42.225616018698361 ], [ -84.331805545062693, 42.22557426485811 ] ] } },
{ "type": "Feature", "properties": { "road_id": "LEO-ROAD-1032", "segment_id": "LEO-1032-9195053801702438017023" }, "geometry": { "type": "LineString", "coordinates": [ [ -84.330136658821445, 42.225515466124648 ], [ -84.330172240833718, 42.22558408278654 ], [ -84.330197549282403, 42.225635502748581 ], [ -84.330208239983975, 42.225733488929599 ], [ -84.330197012508762, 42.225795701832084 ], [ -84.33018403207447, 42.225852217799137 ], [ -84.330153761057161, 42.225918145416969 ] ] } },
{ "type": "Feature", "properties": { "road_id": "LEO-ROAD-1033", "segment_id": "LEO-1033-9184033800897538017024" }, "geometry": { "type": "LineString", "coordinates": [ [ -84.331805545062693, 42.22557426485811 ], [ -84.330136658821445, 42.225515466124648 ] ] } },
{ "type": "Feature", "properties": { "road_id": "LEO-ROAD-1034", "segment_id": "LEO-1034-9195103800897038017028" }, "geometry": { "type": "LineString", "coordinates": [ [ -84.322616935386662, 42.225381639490315 ], [ -84.322503874519938, 42.225626363364711 ] ] } },
{ "type": "Feature", "properties": { "road_id": "LEO-ROAD-1035", "segment_id": "LEO-1035-9196013800888638008970" }, "geometry": { "type": "LineString", "coordinates": [ [ -84.324545719949498, 42.22615322219108 ], [ -84.322616935386662, 42.225381639490315 ] ] } },
{ "type": "Feature", "properties": { "road_id": "LEO-ROAD-1036", "segment_id": "LEO-1036-33815203802051538020500" }, "geometry": { "type": "LineString", "coordinates": [ [ -84.317269929211122, 42.225663230250333 ], [ -84.317332696362413, 42.225584120950373 ], [ -84.317379241678921, 42.225484779022807 ], [ -84.317451519161239, 42.225360232995882 ], [ -84.317506432517746, 42.225298242905041 ], [ -84.31755479111051, 42.225258091298706 ], [ -84.317670419002226, 42.225254189352299 ], [ -84.317748264009182, 42.22526932605615 ], [ -84.317983276598525, 42.225375250754006 ], [ -84.318110180981677, 42.225542360562088 ] ] } },
{ "type": "Feature", "properties": { "road_id": "LEO-ROAD-1037", "segment_id": "LEO-1037-9195103800899338008970" }, "geometry": { "type": "LineString", "coordinates": [ [ -84.322751375453706, 42.225115136223394 ], [ -84.322631782552421, 42.225342548971057 ], [ -84.322616935386662, 42.225381639490315 ] ] } },
{ "type": "Feature", "properties": { "road_id": "LEO-ROAD-1038", "segment_id": "LEO-1038-9184063800892038008993" }, "geometry": { "type": "LineString", "coordinates": [ [ -84.324707561681308, 42.225930400918145 ], [ -84.322751375453706, 42.225115136223394 ] ] } },
{ "type": "Feature", "properties": { "road_id": "LEO-ROAD-1039", "segment_id": "LEO-1039-9140053800900238008914" }, "geometry": { "type": "LineString", "coordinates": [ [ -84.313494747226343, 42.224893821445747 ], [ -84.313516076862911, 42.225776994192621 ] ] } },
{ "type": "Feature", "properties": { "road_id": "LEO-ROAD-1040", "segment_id": "LEO-1040-9139103800900138008943" }, "geometry": { "type": "LineString", "coordinates": [ [ -84.326924305551501, 42.225063741407723 ], [ -84.326922033357121, 42.22571864852096 ] ] } },
{ "type": "Feature", "properties": { "road_id": "LEO-ROAD-1041", "segment_id": "LEO-1041-9184033801702438009001" }, "geometry": { "type": "LineString", "coordinates": [ [ -84.330136658821445, 42.225515466124648 ], [ -84.32951150338377, 42.225492625744131 ], [ -84.328995727647438, 42.225456209896102 ], [ -84.327805651479693, 42.225110981373682 ], [ -84.327705776692696, 42.225081042542129 ], [ -84.32762267235718, 42.225072933807461 ], [ -84.326924305551501, 42.225063741407723 ] ] } },
{ "type": "Feature", "properties": { "road_id": "LEO-ROAD-1042", "segment_id": "LEO-1042-9206083800900738009002" }, "geometry": { "type": "LineString", "coordinates": [ [ -84.31539891481772, 42.22488702098169 ], [ -84.313494747226343, 42.224893821445747 ] ] } },
{ "type": "Feature", "properties": { "road_id": "LEO-ROAD-1043", "segment_id": "LEO-1043-9189053800900738008917" }, "geometry": { "type": "LineString", "coordinates": [ [ -84.31539891481772, 42.22488702098169 ], [ -84.315433893622867, 42.225795068450751 ] ] } },
{ "type": "Feature", "properties": { "road_id": "LEO-ROAD-1044", "segment_id": "LEO-1044-9207013800900638009003" }, "geometry": { "type": "LineString", "coordinates": [ [ -84.310743426075248, 42.224809880859112 ], [ -84.310152496863196, 42.224812951862788 ] ] } },
{ "type": "Feature", "properties": { "road_id": "LEO-ROAD-1045", "segment_id": "LEO-1045-9189073800900638008906" }, "geometry": { "type": "LineString", "coordinates": [ [ -84.310743426075248, 42.224809880859112 ], [ -84.310766518022874, 42.225791928310315 ] ] } },
{ "type": "Feature", "properties": { "road_id": "LEO-ROAD-1046", "segment_id": "LEO-1046-9206083800901038009007" }, "geometry": { "type": "LineString", "coordinates": [ [ -84.316273235742912, 42.224891251897787 ], [ -84.31539891481772, 42.22488702098169 ] ] } },
{ "type": "Feature", "properties": { "road_id": "LEO-ROAD-1047", "segment_id": "LEO-1047-9012033800901038020515" }, "geometry": { "type": "LineString", "coordinates": [ [ -84.316273235742912, 42.224891251897787 ], [ -84.316937266742841, 42.225394142358418 ], [ -84.317243832181859, 42.225643745535997 ], [ -84.317269929211122, 42.225663230250333 ] ] } },
{ "type": "Feature", "properties": { "road_id": "LEO-ROAD-1048", "segment_id": "LEO-1048-9189063800901238008910" }, "geometry": { "type": "LineString", "coordinates": [ [ -84.311778050466145, 42.224808108533949 ], [ -84.311787981268154, 42.225787953381015 ] ] } },
{ "type": "Feature", "properties": { "road_id": "LEO-ROAD-1049", "segment_id": "LEO-1049-9207013800901238009006" }, "geometry": { "type": "LineString", "coordinates": [ [ -84.311778050466145, 42.224808108533949 ], [ -84.311590170188182, 42.22480368933094 ], [ -84.310743426075248, 42.224809880859112 ] ] } },
{ "type": "Feature", "properties": { "road_id": "LEO-ROAD-1050", "segment_id": "LEO-1050-9207013800905838009012" }, "geometry": { "type": "LineString", "coordinates": [ [ -84.312568418977477, 42.224803917450565 ], [ -84.311778050466145, 42.224808108533949 ] ] } },
{ "type": "Feature", "properties": { "road_id": "LEO-ROAD-1051", "segment_id": "LEO-1051-33807983800904038017044" }, "geometry": { "type": "LineString", "coordinates": [ [ -84.359935911034242, 42.225569388487216 ], [ -84.35982155751617, 42.225601035443887 ], [ -84.359646570406454, 42.225604795222168 ], [ -84.359537788610652, 42.22558759219811 ], [ -84.359471479564064, 42.225573634284629 ], [ -84.359430297853095, 42.225557220287392 ], [ -84.359366346187784, 42.225527242889513 ], [ -84.359304075727707, 42.225491952070364 ], [ -84.359151875851111, 42.225406766393121 ] ] } },
{ "type": "Feature", "properties": { "road_id": "LEO-ROAD-1052", "segment_id": "LEO-1052-9012033800905238009010" }, "geometry": { "type": "LineString", "coordinates": [ [ -84.315897690882892, 42.224564090318538 ], [ -84.316273235742912, 42.224891251897787 ] ] } },
{ "type": "Feature", "properties": { "road_id": "LEO-ROAD-1053", "segment_id": "LEO-1053-33807833800904638009048" }, "geometry": { "type": "LineString", "coordinates": [ [ -84.346214549878113, 42.224991563822719 ], [ -84.345311744043912, 42.224995212389757 ] ] } },
{ "type": "Feature", "properties": { "road_id": "LEO-ROAD-1054", "segment_id": "LEO-1054-9139043800904638008624" }, "geometry": { "type": "LineString", "coordinates": [ [ -84.346214549878113, 42.224991563822719 ], [ -84.34625457097944, 42.226156390228255 ], [ -84.346291544339891, 42.227945378717877 ], [ -84.346337017906848, 42.229625736362792 ] ] } },
{ "type": "Feature", "properties": { "road_id": "LEO-ROAD-1055", "segment_id": "LEO-1055-9195043800905738008972" }, "geometry": { "type": "LineString", "coordinates": [ [ -84.333250809623465, 42.224636746702608 ], [ -84.333237520516292, 42.225616018698361 ] ] } },
{ "type": "Feature", "properties": { "road_id": "LEO-ROAD-1056", "segment_id": "LEO-1056-8991103800905338008843" }, "geometry": { "type": "LineString", "coordinates": [ [ -84.362641651888268, 42.22499137804428 ], [ -84.362654728779788, 42.22588989071803 ], [ -84.362690763388017, 42.227110097869506 ] ] } },
{ "type": "Feature", "properties": { "road_id": "LEO-ROAD-1057", "segment_id": "LEO-1057-9189053800907838009007" }, "geometry": { "type": "LineString", "coordinates": [ [ -84.315417691557059, 42.224153667422684 ], [ -84.31539891481772, 42.22488702098169 ] ] } },
{ "type": "Feature", "properties": { "road_id": "LEO-ROAD-1058", "segment_id": "LEO-1058-9012033800907838009052" }, "geometry": { "type": "LineString", "coordinates": [ [ -84.315417691557059, 42.224153667422684 ], [ -84.315897690882892, 42.224564090318538 ] ] } },
{ "type": "Feature", "properties": { "road_id": "LEO-ROAD-1059", "segment_id": "LEO-1059-9139043800908838009046" }, "geometry": { "type": "LineString", "coordinates": [ [ -84.346228651414933, 42.224554840512617 ], [ -84.346214549878113, 42.224991563822719 ] ] } },
{ "type": "Feature", "properties": { "road_id": "LEO-ROAD-1060", "segment_id": "LEO-1060-33807983801704438017045" }, "geometry": { "type": "LineString", "coordinates": [ [ -84.359151875851111, 42.225406766393121 ], [ -84.358502128786739, 42.225230301121123 ], [ -84.358464744182598, 42.225214133787389 ], [ -84.358427484716017, 42.225193284085563 ], [ -84.358404842364195, 42.225175773243429 ], [ -84.358388499872476, 42.225158356293363 ], [ -84.358391776486428, 42.224708630188928 ] ] } },
{ "type": "Feature", "properties": { "road_id": "LEO-ROAD-1061", "segment_id": "LEO-1061-9140053800909438009002" }, "geometry": { "type": "LineString", "coordinates": [ [ -84.313473819417183, 42.224020808665777 ], [ -84.313475956179431, 42.224310209120539 ], [ -84.313494747226343, 42.224893821445747 ] ] } },
{ "type": "Feature", "properties": { "road_id": "LEO-ROAD-1062", "segment_id": "LEO-1062-33800463800909938009094" }, "geometry": { "type": "LineString", "coordinates": [ [ -84.315238704365626, 42.224022574331165 ], [ -84.313808822030438, 42.224020118565306 ], [ -84.313473819417183, 42.224020808665777 ] ] } },
{ "type": "Feature", "properties": { "road_id": "LEO-ROAD-1063", "segment_id": "LEO-1063-9012033800909938009078" }, "geometry": { "type": "LineString", "coordinates": [ [ -84.315238704365626, 42.224022574331165 ], [ -84.315417691557059, 42.224153667422684 ] ] } },
{ "type": "Feature", "properties": { "road_id": "LEO-ROAD-1064", "segment_id": "LEO-1064-9183123800908838009100" }, "geometry": { "type": "LineString", "coordinates": [ [ -84.346228651414933, 42.224554840512617 ], [ -84.346507276472735, 42.224562103125187 ], [ -84.352876244251476, 42.224575791526028 ], [ -84.352991044414026, 42.224575158538954 ] ] } },
{ "type": "Feature", "properties": { "road_id": "LEO-ROAD-1065", "segment_id": "LEO-1065-33807973801704538009102" }, "geometry": { "type": "LineString", "coordinates": [ [ -84.358391776486428, 42.224708630188928 ], [ -84.357798262279445, 42.224714297458988 ], [ -84.357289748475836, 42.224737394873081 ], [ -84.357215098301481, 42.224705684499028 ], [ -84.357154032102514, 42.224679276924185 ], [ -84.357080224146543, 42.224617663948329 ] ] } },
{ "type": "Feature", "properties": { "road_id": "LEO-ROAD-1066", "segment_id": "LEO-1066-8991093800908338008848" }, "geometry": { "type": "LineString", "coordinates": [ [ -84.362423364339094, 42.224681182015665 ], [ -84.362443561138306, 42.225974777513962 ], [ -84.362461238096742, 42.226880132811573 ], [ -84.36248077539544, 42.227082384153142 ] ] } },
{ "type": "Feature", "properties": { "road_id": "LEO-ROAD-1067", "segment_id": "LEO-1067-33807973800910338017045" }, "geometry": { "type": "LineString", "coordinates": [ [ -84.358916917793238, 42.224626102835295 ], [ -84.358850963931232, 42.224649885541453 ], [ -84.358782066810747, 42.224674231917803 ], [ -84.358700694885911, 42.224686504371192 ], [ -84.358391776486428, 42.224708630188928 ] ] } },
{ "type": "Feature", "properties": { "road_id": "LEO-ROAD-1068", "segment_id": "LEO-1068-33807963800910338017044" }, "geometry": { "type": "LineString", "coordinates": [ [ -84.358916917793238, 42.224626102835295 ], [ -84.359023775083529, 42.224647680330868 ], [ -84.359071329052327, 42.224663355267388 ], [ -84.359108119317341, 42.224683798782131 ], [ -84.359129358657597, 42.224706238725574 ], [ -84.35914198156182, 42.224725973415879 ], [ -84.359158366496786, 42.224752604350172 ], [ -84.359169283536048, 42.224786973618563 ], [ -84.359172869985741, 42.224814737195388 ], [ -84.359151875851111, 42.225406766393121 ] ] } },
{ "type": "Feature", "properties": { "road_id": "LEO-ROAD-1069", "segment_id": "LEO-1069-9012033800911038009099" }, "geometry": { "type": "LineString", "coordinates": [ [ -84.315097996363804, 42.223905350250561 ], [ -84.315238704365626, 42.224022574331165 ] ] } },
{ "type": "Feature", "properties": { "road_id": "LEO-ROAD-1070", "segment_id": "LEO-1070-9196033800911638009110" }, "geometry": { "type": "LineString", "coordinates": [ [ -84.316136197517892, 42.223875638811577 ], [ -84.316006892095444, 42.223896055894663 ], [ -84.315912286540964, 42.223907102448358 ], [ -84.3157545064619, 42.223925094844233 ], [ -84.315317710634616, 42.223917013486393 ], [ -84.315097996363804, 42.223905350250561 ] ] } },
{ "type": "Feature", "properties": { "road_id": "LEO-ROAD-1071", "segment_id": "LEO-1071-9196123800905238009116" }, "geometry": { "type": "LineString", "coordinates": [ [ -84.315897690882892, 42.224564090318538 ], [ -84.316022929109096, 42.224360040456475 ], [ -84.316136197517892, 42.223875638811577 ] ] } },
{ "type": "Feature", "properties": { "road_id": "LEO-ROAD-1072", "segment_id": "LEO-1072-9139103800911938009001" }, "geometry": { "type": "LineString", "coordinates": [ [ -84.326923088322786, 42.224007683806612 ], [ -84.326924305551501, 42.225063741407723 ] ] } },
{ "type": "Feature", "properties": { "road_id": "LEO-ROAD-1073", "segment_id": "LEO-1073-9184123800911938009057" }, "geometry": { "type": "LineString", "coordinates": [ [ -84.326923088322786, 42.224007683806612 ], [ -84.327558443555873, 42.224013091730249 ], [ -84.327917846072097, 42.224014834171378 ], [ -84.328104281544597, 42.224039593983356 ], [ -84.32829002311108, 42.224089962245088 ], [ -84.328643952655881, 42.224292907282369 ], [ -84.328886868259787, 42.224413668172147 ], [ -84.329028313319711, 42.224463369904839 ], [ -84.329242616495364, 42.224492054120219 ], [ -84.3293817012066, 42.224505273901627 ], [ -84.330028719761074, 42.224524585105854 ], [ -84.333250809623465, 42.224636746702608 ] ] } },
{ "type": "Feature", "properties": { "road_id": "LEO-ROAD-1074", "segment_id": "LEO-1074-9184123800905738017602" }, "geometry": { "type": "LineString", "coordinates": [ [ -84.333250809623465, 42.224636746702608 ], [ -84.333499826939388, 42.224631040036613 ], [ -84.333899474102182, 42.224612088362171 ], [ -84.336311172755444, 42.224106757828096 ], [ -84.33653614351276, 42.224041570931384 ], [ -84.336608539027836, 42.223994533760198 ] ] } },
{ "type": "Feature", "properties": { "road_id": "LEO-ROAD-1075", "segment_id": "LEO-1075-33807963801704938009103" }, "geometry": { "type": "LineString", "coordinates": [ [ -84.359156893164311, 42.224086870951275 ], [ -84.359168948801312, 42.224115089191521 ], [ -84.359158989990021, 42.224163280518894 ], [ -84.359094957852719, 42.224288015564511 ], [ -84.359040197295911, 42.224390328447967 ], [ -84.358963593102843, 42.224498765151829 ], [ -84.358916917793238, 42.224626102835295 ] ] } },
{ "type": "Feature", "properties": { "road_id": "LEO-ROAD-1076", "segment_id": "LEO-1076-33807953800904038009143" }, "geometry": { "type": "LineString", "coordinates": [ [ -84.359935911034242, 42.225569388487216 ], [ -84.359947737335773, 42.224864196094266 ], [ -84.35993388200626, 42.224058754975786 ], [ -84.360013572980179, 42.223981973428408 ] ] } },
{ "type": "Feature", "properties": { "road_id": "LEO-ROAD-1077", "segment_id": "LEO-1077-9195023800917638017433" }, "geometry": { "type": "LineString", "coordinates": [ [ -84.330035219112048, 42.223520511181349 ], [ -84.330027521637632, 42.22396910228003 ], [ -84.330027569559789, 42.22399151617001 ] ] } },
{ "type": "Feature", "properties": { "road_id": "LEO-ROAD-1078", "segment_id": "LEO-1078-9195133800917638009178" }, "geometry": { "type": "LineString", "coordinates": [ [ -84.330035219112048, 42.223520511181349 ], [ -84.330337740361514, 42.223497068517766 ], [ -84.331248456392771, 42.223511592924162 ] ] } },
{ "type": "Feature", "properties": { "road_id": "LEO-ROAD-1079", "segment_id": "LEO-1079-9195133800917838009179" }, "geometry": { "type": "LineString", "coordinates": [ [ -84.331248456392771, 42.223511592924162 ], [ -84.331750757904487, 42.223509446470494 ] ] } },
{ "type": "Feature", "properties": { "road_id": "LEO-ROAD-1080", "segment_id": "LEO-1080-33807923800919838017049" }, "geometry": { "type": "LineString", "coordinates": [ [ -84.358441313685759, 42.223801266423351 ], [ -84.358552754016515, 42.223835600824422 ], [ -84.358859926070025, 42.223941248344318 ], [ -84.359065215012308, 42.224020527579192 ], [ -84.359137763767393, 42.224059722988223 ], [ -84.359156893164311, 42.224086870951275 ] ] } },
{ "type": "Feature", "properties": { "road_id": "LEO-ROAD-1081", "segment_id": "LEO-1081-33815903800919638008756" }, "geometry": { "type": "LineString", "coordinates": [ [ -84.288388321023803, 42.222711696625666 ], [ -84.288423798540265, 42.224366953880022 ], [ -84.288477564082925, 42.227116395039893 ] ] } },
{ "type": "Feature", "properties": { "road_id": "LEO-ROAD-1082", "segment_id": "LEO-1082-33815903800920438009196" }, "geometry": { "type": "LineString", "coordinates": [ [ -84.288382565771499, 42.222611638292022 ], [ -84.288388321023803, 42.222711696625666 ] ] } },
{ "type": "Feature", "properties": { "road_id": "LEO-ROAD-1083", "segment_id": "LEO-1083-9140053800921438009094" }, "geometry": { "type": "LineString", "coordinates": [ [ -84.313435579688729, 42.222713775753824 ], [ -84.313473819417183, 42.224020808665777 ] ] } },
{ "type": "Feature", "properties": { "road_id": "LEO-ROAD-1084", "segment_id": "LEO-1084-9012033800921538009110" }, "geometry": { "type": "LineString", "coordinates": [ [ -84.313634936844394, 42.222713786173522 ], [ -84.315097996363804, 42.223905350250561 ] ] } },
{ "type": "Feature", "properties": { "road_id": "LEO-ROAD-1085", "segment_id": "LEO-1085-9183013800922738009229" }, "geometry": { "type": "LineString", "coordinates": [ [ -84.346192663554774, 42.223115971281999 ], [ -84.343770760857907, 42.223085038785293 ] ] } },
{ "type": "Feature", "properties": { "road_id": "LEO-ROAD-1086", "segment_id": "LEO-1086-9139043800922738009088" }, "geometry": { "type": "LineString", "coordinates": [ [ -84.346192663554774, 42.223115971281999 ], [ -84.346228651414933, 42.224554840512617 ] ] } },
{ "type": "Feature", "properties": { "road_id": "LEO-ROAD-1087", "segment_id": "LEO-1087-33807943800919838009222" }, "geometry": { "type": "LineString", "coordinates": [ [ -84.358441313685759, 42.223801266423351 ], [ -84.358294796910627, 42.22405247122196 ], [ -84.358283349498862, 42.224068675321334 ], [ -84.35825538824129, 42.224084634726324 ], [ -84.358215877977699, 42.224097695975523 ], [ -84.358178994418353, 42.224108203464432 ], [ -84.358118001286797, 42.224116980352477 ], [ -84.358032540632124, 42.224121094589492 ], [ -84.356985672593524, 42.224132985939619 ], [ -84.356757128963622, 42.224110448994018 ], [ -84.356702540665594, 42.224009582343648 ], [ -84.356704589867974, 42.223932970910745 ], [ -84.356700194822338, 42.223668917636346 ], [ -84.356685511587344, 42.223255337489356 ] ] } },
{ "type": "Feature", "properties": { "road_id": "LEO-ROAD-1088", "segment_id": "LEO-1088-33807933801704238017043" }, "geometry": { "type": "LineString", "coordinates": [ [ -84.356208562975567, 42.223248239135458 ], [ -84.356200512118534, 42.223542528835942 ] ] } },
{ "type": "Feature", "properties": { "road_id": "LEO-ROAD-1089", "segment_id": "LEO-1089-33807923801704238009222" }, "geometry": { "type": "LineString", "coordinates": [ [ -84.356208562975567, 42.223248239135458 ], [ -84.356685511587344, 42.223255337489356 ] ] } },
{ "type": "Feature", "properties": { "road_id": "LEO-ROAD-1090", "segment_id": "LEO-1090-9184063800899338009238" }, "geometry": { "type": "LineString", "coordinates": [ [ -84.322751375453706, 42.225115136223394 ], [ -84.321696793132219, 42.224686306452625 ], [ -84.320145792132621, 42.224193240704693 ], [ -84.31974868126261, 42.224019563777418 ], [ -84.319673596028053, 42.223929349151874 ], [ -84.319264942240778, 42.22340441172399 ], [ -84.318898576373172, 42.222880111524098 ], [ -84.318789125541656, 42.222657761380589 ] ] } },
{ "type": "Feature", "properties": { "road_id": "LEO-ROAD-1091", "segment_id": "LEO-1091-9140053800923138009214" }, "geometry": { "type": "LineString", "coordinates": [ [ -84.31345933301067, 42.222567922051823 ], [ -84.313435579688729, 42.222713775753824 ] ] } },
{ "type": "Feature", "properties": { "road_id": "LEO-ROAD-1092", "segment_id": "LEO-1092-9012033800923138009215" }, "geometry": { "type": "LineString", "coordinates": [ [ -84.31345933301067, 42.222567922051823 ], [ -84.313634936844394, 42.222713786173522 ] ] } },
{ "type": "Feature", "properties": { "road_id": "LEO-ROAD-1093", "segment_id": "LEO-1093-33807923800922238009224" }, "geometry": { "type": "LineString", "coordinates": [ [ -84.356685511587344, 42.223255337489356 ], [ -84.357147364001094, 42.223207283126754 ] ] } },
{ "type": "Feature", "properties": { "road_id": "LEO-ROAD-1094", "segment_id": "LEO-1094-33807923800922438009198" }, "geometry": { "type": "LineString", "coordinates": [ [ -84.357147364001094, 42.223207283126754 ], [ -84.358441313685759, 42.223801266423351 ] ] } },
{ "type": "Feature", "properties": { "road_id": "LEO-ROAD-1095", "segment_id": "LEO-1095-9139103800924338009119" }, "geometry": { "type": "LineString", "coordinates": [ [ -84.327255777097079, 42.222701583147767 ], [ -84.32716274285383, 42.222714713706459 ], [ -84.32706570057934, 42.222728736990639 ], [ -84.327009612473461, 42.222762893955363 ], [ -84.326966387276215, 42.222803356338154 ], [ -84.326935304359694, 42.22285086369692 ], [ -84.326912411145997, 42.222905297153439 ], [ -84.326923088322786, 42.224007683806612 ] ] } },
{ "type": "Feature", "properties": { "road_id": "LEO-ROAD-1096", "segment_id": "LEO-1096-33801033800924238009238" }, "geometry": { "type": "LineString", "coordinates": [ [ -84.32621173985271, 42.222657006003928 ], [ -84.320557551901629, 42.222645766327034 ], [ -84.318789125541656, 42.222657761380589 ] ] } },
{ "type": "Feature", "properties": { "road_id": "LEO-ROAD-1097", "segment_id": "LEO-1097-33801033800924338009242" }, "geometry": { "type": "LineString", "coordinates": [ [ -84.327255777097079, 42.222701583147767 ], [ -84.32621173985271, 42.222657006003928 ] ] } },
{ "type": "Feature", "properties": { "road_id": "LEO-ROAD-1098", "segment_id": "LEO-1098-33801033800924938009243" }, "geometry": { "type": "LineString", "coordinates": [ [ -84.32820129287019, 42.222624837709816 ], [ -84.32811108349533, 42.222660667884881 ], [ -84.327749963933897, 42.222717601759172 ], [ -84.327255777097079, 42.222701583147767 ] ] } },
{ "type": "Feature", "properties": { "road_id": "LEO-ROAD-1099", "segment_id": "LEO-1099-9194093800925938009249" }, "geometry": { "type": "LineString", "coordinates": [ [ -84.330033086113247, 42.222586050413419 ], [ -84.32820129287019, 42.222624837709816 ] ] } },
{ "type": "Feature", "properties": { "road_id": "LEO-ROAD-1100", "segment_id": "LEO-1100-9195023800925938009176" }, "geometry": { "type": "LineString", "coordinates": [ [ -84.330033086113247, 42.222586050413419 ], [ -84.330035219112048, 42.223520511181349 ] ] } },
{ "type": "Feature", "properties": { "road_id": "LEO-ROAD-1101", "segment_id": "LEO-1101-33815903802550438009204" }, "geometry": { "type": "LineString", "coordinates": [ [ -84.288363558480299, 42.22191969597602 ], [ -84.288382565771499, 42.222611638292022 ] ] } },
{ "type": "Feature", "properties": { "road_id": "LEO-ROAD-1102", "segment_id": "LEO-1102-9194093800926538009259" }, "geometry": { "type": "LineString", "coordinates": [ [ -84.331001709380857, 42.222498587508952 ], [ -84.33094322931349, 42.222512508809501 ], [ -84.330860538253873, 42.222532404993018 ], [ -84.330752581030978, 42.222551921143264 ], [ -84.330616325606812, 42.222566316648319 ], [ -84.330033086113247, 42.222586050413419 ] ] } },
{ "type": "Feature", "properties": { "road_id": "LEO-ROAD-1103", "segment_id": "LEO-1103-9194103800926538009178" }, "geometry": { "type": "LineString", "coordinates": [ [ -84.331001709380857, 42.222498587508952 ], [ -84.331060765962889, 42.222555514895149 ], [ -84.331127831257305, 42.222614360405956 ], [ -84.331172109378656, 42.222669462602042 ], [ -84.331215742454262, 42.222748370841359 ], [ -84.331234373451082, 42.222905158722611 ], [ -84.331248456392771, 42.223511592924162 ] ] } },
{ "type": "Feature", "properties": { "road_id": "LEO-ROAD-1104", "segment_id": "LEO-1104-9184123801760238009200" }, "geometry": { "type": "LineString", "coordinates": [ [ -84.336608539027836, 42.223994533760198 ], [ -84.336687883648864, 42.223942982873609 ], [ -84.336868512803633, 42.2237254534393 ], [ -84.337149855411568, 42.223423969919338 ], [ -84.337407988175627, 42.223264748401853 ], [ -84.337444207360335, 42.223198139477248 ], [ -84.337608403149261, 42.22253548591349 ], [ -84.337640234572703, 42.222472009246871 ], [ -84.337746704345705, 42.222462140956836 ], [ -84.338390508703128, 42.222574147297294 ], [ -84.338681410079616, 42.222558459749074 ], [ -84.33886370653002, 42.222572310689152 ], [ -84.339416101190281, 42.222631752113514 ] ] } },
{ "type": "Feature", "properties": { "road_id": "LEO-ROAD-1105", "segment_id": "LEO-1105-9182103800928038009200" }, "geometry": { "type": "LineString", "coordinates": [ [ -84.339723254941532, 42.222346980425954 ], [ -84.339640192669577, 42.222441337641072 ], [ -84.339518036554352, 42.22258009514691 ], [ -84.339465473899779, 42.222621378499383 ], [ -84.339416101190281, 42.222631752113514 ] ] } },
{ "type": "Feature", "properties": { "road_id": "LEO-ROAD-1106", "segment_id": "LEO-1106-9012033800928338009231" }, "geometry": { "type": "LineString", "coordinates": [ [ -84.312395001403587, 42.221874607346898 ], [ -84.312542264502497, 42.221915589021663 ], [ -84.31274627267257, 42.222005003047933 ], [ -84.312916166287152, 42.222115001242223 ], [ -84.313168823987965, 42.222312573693777 ], [ -84.313301399159471, 42.222423997364892 ], [ -84.31345933301067, 42.222567922051823 ] ] } },
{ "type": "Feature", "properties": { "road_id": "LEO-ROAD-1107", "segment_id": "LEO-1107-9012033800928138009282" }, "geometry": { "type": "LineString", "coordinates": [ [ -84.305235734166388, 42.22176312609281 ], [ -84.306500144207718, 42.221777067145055 ] ] } },
{ "type": "Feature", "properties": { "road_id": "LEO-ROAD-1108", "segment_id": "LEO-1108-9012033800928238009285" }, "geometry": { "type": "LineString", "coordinates": [ [ -84.306500144207718, 42.221777067145055 ], [ -84.307782932875455, 42.221795435464813 ] ] } },
{ "type": "Feature", "properties": { "road_id": "LEO-ROAD-1109", "segment_id": "LEO-1109-9012033800928538009283" }, "geometry": { "type": "LineString", "coordinates": [ [ -84.307782932875455, 42.221795435464813 ], [ -84.312395001403587, 42.221874607346898 ] ] } },
{ "type": "Feature", "properties": { "road_id": "LEO-ROAD-1110", "segment_id": "LEO-1110-9139043800930038009227" }, "geometry": { "type": "LineString", "coordinates": [ [ -84.34615975538523, 42.222210271989901 ], [ -84.346192663554774, 42.223115971281999 ] ] } },
{ "type": "Feature", "properties": { "road_id": "LEO-ROAD-1111", "segment_id": "LEO-1111-9182103800930038009280" }, "geometry": { "type": "LineString", "coordinates": [ [ -84.34615975538523, 42.222210271989901 ], [ -84.345979046303981, 42.222206598498026 ], [ -84.341425895918604, 42.222173234566995 ], [ -84.340991328744394, 42.222185608223967 ], [ -84.340652657463409, 42.222196137206204 ], [ -84.340265308930654, 42.222234874821254 ], [ -84.339991949764823, 42.222266408596788 ], [ -84.339820365769924, 42.222299461591234 ], [ -84.339723254941532, 42.222346980425954 ] ] } },
{ "type": "Feature", "properties": { "road_id": "LEO-ROAD-1112", "segment_id": "LEO-1112-8976063800905338009303" }, "geometry": { "type": "LineString", "coordinates": [ [ -84.362641651888268, 42.22499137804428 ], [ -84.362868361195723, 42.224147301313998 ], [ -84.362949346822049, 42.223905564774945 ], [ -84.363090799685708, 42.22362714474793 ], [ -84.363201889093233, 42.223466041964613 ], [ -84.363391703768471, 42.223240719011436 ], [ -84.3641622883721, 42.222519309085307 ], [ -84.364328700675273, 42.222380089026998 ] ] } },
{ "type": "Feature", "properties": { "road_id": "LEO-ROAD-1113", "segment_id": "LEO-1113-9009043801932938009303" }, "geometry": { "type": "LineString", "coordinates": [ [ -84.364735082238298, 42.222365436961432 ], [ -84.364328700675273, 42.222380089026998 ] ] } },
{ "type": "Feature", "properties": { "road_id": "LEO-ROAD-1114", "segment_id": "LEO-1114-9009043800930338009308" }, "geometry": { "type": "LineString", "coordinates": [ [ -84.364328700675273, 42.222380089026998 ], [ -84.364129462050016, 42.222373120551822 ], [ -84.363486645190847, 42.222334024957846 ] ] } },
{ "type": "Feature", "properties": { "road_id": "LEO-ROAD-1115", "segment_id": "LEO-1115-9009043800930638019329" }, "geometry": { "type": "LineString", "coordinates": [ [ -84.365261131137174, 42.222348515395808 ], [ -84.365197999944371, 42.222348979853294 ], [ -84.364941437930852, 42.222357996135869 ], [ -84.364735082238298, 42.222365436961432 ] ] } },
{ "type": "Feature", "properties": { "road_id": "LEO-ROAD-1116", "segment_id": "LEO-1116-8991103800931338009053" }, "geometry": { "type": "LineString", "coordinates": [ [ -84.362627535977154, 42.222241188555948 ], [ -84.362641651888268, 42.22499137804428 ] ] } },
{ "type": "Feature", "properties": { "road_id": "LEO-ROAD-1117", "segment_id": "LEO-1117-9009043800930838009313" }, "geometry": { "type": "LineString", "coordinates": [ [ -84.363486645190847, 42.222334024957846 ], [ -84.362627535977154, 42.222241188555948 ] ] } },
{ "type": "Feature", "properties": { "road_id": "LEO-ROAD-1118", "segment_id": "LEO-1118-8991093800931838009083" }, "geometry": { "type": "LineString", "coordinates": [ [ -84.362388598826428, 42.222221525609449 ], [ -84.362423364339094, 42.224681182015665 ] ] } },
{ "type": "Feature", "properties": { "road_id": "LEO-ROAD-1119", "segment_id": "LEO-1119-9009043800931338009318" }, "geometry": { "type": "LineString", "coordinates": [ [ -84.362627535977154, 42.222241188555948 ], [ -84.362388598826428, 42.222221525609449 ] ] } },
{ "type": "Feature", "properties": { "road_id": "LEO-ROAD-1120", "segment_id": "LEO-1120-8976073800932638009083" }, "geometry": { "type": "LineString", "coordinates": [ [ -84.361520458995102, 42.222125863455766 ], [ -84.361516870377116, 42.222496518283045 ], [ -84.361525767649482, 42.222614737196885 ], [ -84.36153941530246, 42.222717206113963 ], [ -84.361556569541634, 42.222865283252197 ], [ -84.361594168683311, 42.222998029903678 ], [ -84.361633687723213, 42.223113053505628 ], [ -84.361710492580514, 42.223304109618248 ], [ -84.361775885749424, 42.223431689677277 ], [ -84.3618792767912, 42.223608528029324 ], [ -84.36208655868333, 42.223985933640314 ], [ -84.362423364339094, 42.224681182015665 ] ] } },
{ "type": "Feature", "properties": { "road_id": "LEO-ROAD-1121", "segment_id": "LEO-1121-9009043800931838009326" }, "geometry": { "type": "LineString", "coordinates": [ [ -84.362388598826428, 42.222221525609449 ], [ -84.361520458995102, 42.222125863455766 ] ] } },
{ "type": "Feature", "properties": { "road_id": "LEO-ROAD-1122", "segment_id": "LEO-1122-33807923800932438017042" }, "geometry": { "type": "LineString", "coordinates": [ [ -84.356150828462873, 42.22170562026735 ], [ -84.356208562975567, 42.223248239135458 ] ] } },
{ "type": "Feature", "properties": { "road_id": "LEO-ROAD-1123", "segment_id": "LEO-1123-33807913801703738009324" }, "geometry": { "type": "LineString", "coordinates": [ [ -84.355946013363337, 42.22169636432433 ], [ -84.356150828462873, 42.22170562026735 ] ] } },
{ "type": "Feature", "properties": { "road_id": "LEO-ROAD-1124", "segment_id": "LEO-1124-9196163800924238025533" }, "geometry": { "type": "LineString", "coordinates": [ [ -84.32621173985271, 42.222657006003928 ], [ -84.325171459213777, 42.221674613751382 ], [ -84.324858856371165, 42.221373652017967 ], [ -84.324641066527576, 42.221160825987326 ], [ -84.324495271548685, 42.220981599524627 ], [ -84.324390666503874, 42.220829908649939 ], [ -84.324352563982018, 42.220720791870178 ] ] } },
{ "type": "Feature", "properties": { "road_id": "LEO-ROAD-1125", "segment_id": "LEO-1125-9010093801933038009306" }, "geometry": { "type": "LineString", "coordinates": [ [ -84.364737465837507, 42.221196236696464 ], [ -84.36474248991108, 42.221257261918971 ], [ -84.364813568945323, 42.22141951755507 ], [ -84.364892104477462, 42.221559767069223 ], [ -84.364984460986463, 42.221702890650931 ], [ -84.365111252642222, 42.221868590255859 ], [ -84.365192283731389, 42.221979004560822 ], [ -84.365220430917958, 42.2220629286372 ], [ -84.365232979768805, 42.222140736594604 ], [ -84.365261131137174, 42.222348515395808 ] ] } },
{ "type": "Feature", "properties": { "road_id": "LEO-ROAD-1126", "segment_id": "LEO-1126-33807873800937338009311" }, "geometry": { "type": "LineString", "coordinates": [ [ -84.358659569100695, 42.221045019390296 ], [ -84.358196566514806, 42.221465000293506 ] ] } },
{ "type": "Feature", "properties": { "road_id": "LEO-ROAD-1127", "segment_id": "LEO-1127-9189043800938538021763" }, "geometry": { "type": "LineString", "coordinates": [ [ -84.28000714861362, 42.219811025230847 ], [ -84.279918026471933, 42.22011321174832 ], [ -84.279884757983822, 42.220346328959614 ], [ -84.279904134341152, 42.22061008575227 ] ] } },
{ "type": "Feature", "properties": { "road_id": "LEO-ROAD-1128", "segment_id": "LEO-1128-33801033800938238009249" }, "geometry": { "type": "LineString", "coordinates": [ [ -84.331058398821, 42.220575467632884 ], [ -84.330936186086632, 42.220688158453264 ], [ -84.330832758283989, 42.220774270478763 ], [ -84.330695646553636, 42.220859877017375 ], [ -84.330503451582274, 42.220968192431691 ], [ -84.329813563462139, 42.221194204672024 ], [ -84.32940893501285, 42.221345179669441 ], [ -84.329226838358892, 42.221421636853179 ], [ -84.329051713984057, 42.221511852123932 ], [ -84.328897883085688, 42.221629694273666 ], [ -84.328712519488789, 42.221826254142016 ], [ -84.328611767632012, 42.222018622257714 ], [ -84.328524147654875, 42.222268534370315 ], [ -84.328454258029126, 42.22240675225688 ], [ -84.328348164900618, 42.222525309974309 ], [ -84.32820129287019, 42.222624837709816 ] ] } },
{ "type": "Feature", "properties": { "road_id": "LEO-ROAD-1129", "segment_id": "LEO-1129-9194093800938238009265" }, "geometry": { "type": "LineString", "coordinates": [ [ -84.331058398821, 42.220575467632884 ], [ -84.33108253779821, 42.222152932282263 ], [ -84.331072333154992, 42.222296036676099 ], [ -84.331057086779566, 42.222392095155918 ], [ -84.331001709380857, 42.222498587508952 ] ] } },
{ "type": "Feature", "properties": { "road_id": "LEO-ROAD-1130", "segment_id": "LEO-1130-9207063800940338021762" }, "geometry": { "type": "LineString", "coordinates": [ [ -84.281455319121562, 42.219761420291377 ], [ -84.281474161607946, 42.220186947858963 ] ] } },
{ "type": "Feature", "properties": { "road_id": "LEO-ROAD-1131", "segment_id": "LEO-1131-9157193800928238025505" }, "geometry": { "type": "LineString", "coordinates": [ [ -84.306500144207718, 42.221777067145055 ], [ -84.306488024650079, 42.22021783381161 ], [ -84.30654078161686, 42.220140116508759 ], [ -84.306547709755037, 42.220136652870295 ] ] } },
{ "type": "Feature", "properties": { "road_id": "LEO-ROAD-1132", "segment_id": "LEO-1132-9157193802550538009394" }, "geometry": { "type": "LineString", "coordinates": [ [ -84.306547709755037, 42.220136652870295 ], [ -84.306623346528511, 42.220098841377109 ], [ -84.307726065625744, 42.220106914090799 ] ] } },
{ "type": "Feature", "properties": { "road_id": "LEO-ROAD-1133", "segment_id": "LEO-1133-9197013800939438009285" }, "geometry": { "type": "LineString", "coordinates": [ [ -84.307726065625744, 42.220106914090799 ], [ -84.307782932875455, 42.221795435464813 ] ] } },
{ "type": "Feature", "properties": { "road_id": "LEO-ROAD-1134", "segment_id": "LEO-1134-33807863800937338017048" }, "geometry": { "type": "LineString", "coordinates": [ [ -84.358659569100695, 42.221045019390296 ], [ -84.358866675986803, 42.220870869944662 ] ] } },
{ "type": "Feature", "properties": { "road_id": "LEO-ROAD-1135", "segment_id": "LEO-1135-33807853800938638009345" }, "geometry": { "type": "LineString", "coordinates": [ [ -84.358126372699914, 42.220732368357417 ], [ -84.357649089594233, 42.221163290958842 ] ] } },
{ "type": "Feature", "properties": { "road_id": "LEO-ROAD-1136", "segment_id": "LEO-1136-33807923800937338009386" }, "geometry": { "type": "LineString", "coordinates": [ [ -84.358659569100695, 42.221045019390296 ], [ -84.358126372699914, 42.220732368357417 ] ] } },
{ "type": "Feature", "properties": { "road_id": "LEO-ROAD-1137", "segment_id": "LEO-1137-9196123800911638009401" }, "geometry": { "type": "LineString", "coordinates": [ [ -84.316136197517892, 42.223875638811577 ], [ -84.31628427743982, 42.22334235746635 ], [ -84.316341672911264, 42.223140008507094 ], [ -84.316325222748887, 42.223052165904349 ], [ -84.316262228369723, 42.222942596722135 ], [ -84.315964101280031, 42.222640266339027 ], [ -84.315762727385675, 42.22244954427056 ], [ -84.315537499040545, 42.222219704861097 ], [ -84.315248948828554, 42.221632654357037 ], [ -84.315163168601288, 42.221461296519962 ], [ -84.315077298512833, 42.221374032249265 ], [ -84.315030544355565, 42.22130319564959 ], [ -84.314983666348695, 42.221236881964217 ], [ -84.314934117162252, 42.221156955179275 ], [ -84.314887671978838, 42.221074812514935 ], [ -84.314867537407935, 42.220977561544551 ], [ -84.314859525291965, 42.220854813596482 ], [ -84.314931353142597, 42.220724818609391 ], [ -84.315089404258472, 42.220562300631997 ], [ -84.315215652753096, 42.220314732131683 ], [ -84.3152472728829, 42.220082129439504 ], [ -84.31525136705622, 42.220044743492643 ] ] } },
{ "type": "Feature", "properties": { "road_id": "LEO-ROAD-1138", "segment_id": "LEO-1138-33801033802007638009382" }, "geometry": { "type": "LineString", "coordinates": [ [ -84.33122190009631, 42.220275321155036 ], [ -84.331153556999325, 42.220451462893692 ], [ -84.331058398821, 42.220575467632884 ] ] } },
{ "type": "Feature", "properties": { "road_id": "LEO-ROAD-1139", "segment_id": "LEO-1139-33813533802007638020075" }, "geometry": { "type": "LineString", "coordinates": [ [ -84.33122190009631, 42.220275321155036 ], [ -84.331287828058734, 42.22027116008254 ], [ -84.331367888047367, 42.220269811585467 ], [ -84.331568882289773, 42.220280988309561 ], [ -84.331661321262501, 42.220282788932607 ], [ -84.331713886053151, 42.220286198551285 ], [ -84.331745059268712, 42.220297296521473 ], [ -84.331769069378652, 42.220315879140173 ], [ -84.331787043288429, 42.220331057143866 ], [ -84.331796201741909, 42.220350166535155 ], [ -84.331756850675703, 42.222051958700455 ] ] } },
{ "type": "Feature", "properties": { "road_id": "LEO-ROAD-1140", "segment_id": "LEO-1140-33807903801703938017037" }, "geometry": { "type": "LineString", "coordinates": [ [ -84.355586184286722, 42.220617947657274 ], [ -84.355090771757403, 42.221176232006229 ], [ -84.355089174049027, 42.22123590952836 ], [ -84.355125355977322, 42.221305572826267 ], [ -84.355274454332289, 42.221420896293964 ], [ -84.355402928890555, 42.221517061522704 ], [ -84.355603258086489, 42.221620319136306 ], [ -84.355745571405507, 42.221666667550195 ], [ -84.355946013363337, 42.22169636432433 ] ] } },
{ "type": "Feature", "properties": { "road_id": "LEO-ROAD-1141", "segment_id": "LEO-1141-33807893801703938017040" }, "geometry": { "type": "LineString", "coordinates": [ [ -84.355586184286722, 42.220617947657274 ], [ -84.355911943182022, 42.220619446554117 ] ] } },
{ "type": "Feature", "properties": { "road_id": "LEO-ROAD-1142", "segment_id": "LEO-1142-33807913801704038017037" }, "geometry": { "type": "LineString", "coordinates": [ [ -84.355911943182022, 42.220619446554117 ], [ -84.355946013363337, 42.22169636432433 ] ] } },
{ "type": "Feature", "properties": { "road_id": "LEO-ROAD-1143", "segment_id": "LEO-1143-33807893801704038009391" }, "geometry": { "type": "LineString", "coordinates": [ [ -84.355911943182022, 42.220619446554117 ], [ -84.356127131976919, 42.220618479539048 ] ] } },
{ "type": "Feature", "properties": { "road_id": "LEO-ROAD-1144", "segment_id": "LEO-1144-33807923800939138009324" }, "geometry": { "type": "LineString", "coordinates": [ [ -84.356127131976919, 42.220618479539048 ], [ -84.356150828462873, 42.22170562026735 ] ] } },
{ "type": "Feature", "properties": { "road_id": "LEO-ROAD-1145", "segment_id": "LEO-1145-33807893800939138009224" }, "geometry": { "type": "LineString", "coordinates": [ [ -84.356127131976919, 42.220618479539048 ], [ -84.356322967353393, 42.220614540751811 ], [ -84.357063407224103, 42.22102891448543 ], [ -84.357147364001094, 42.223207283126754 ] ] } },
{ "type": "Feature", "properties": { "road_id": "LEO-ROAD-1146", "segment_id": "LEO-1146-33815903802550338025504" }, "geometry": { "type": "LineString", "coordinates": [ [ -84.288296985020551, 42.219496079891911 ], [ -84.288297292518948, 42.219507284572288 ], [ -84.288363245576463, 42.221908336275938 ], [ -84.288363558480299, 42.22191969597602 ] ] } },
{ "type": "Feature", "properties": { "road_id": "LEO-ROAD-1147", "segment_id": "LEO-1147-8991103800941338009313" }, "geometry": { "type": "LineString", "coordinates": [ [ -84.362608968840775, 42.220526470574725 ], [ -84.362627535977154, 42.222241188555948 ] ] } },
{ "type": "Feature", "properties": { "road_id": "LEO-ROAD-1148", "segment_id": "LEO-1148-33800733800930838009413" }, "geometry": { "type": "LineString", "coordinates": [ [ -84.363486645190847, 42.222334024957846 ], [ -84.362608968840775, 42.220526470574725 ] ] } },
{ "type": "Feature", "properties": { "road_id": "LEO-ROAD-1149", "segment_id": "LEO-1149-9207053800941938021764" }, "geometry": { "type": "LineString", "coordinates": [ [ -84.278594596869326, 42.219253634162833 ], [ -84.277989333401806, 42.219253263270986 ] ] } },
{ "type": "Feature", "properties": { "road_id": "LEO-ROAD-1150", "segment_id": "LEO-1150-9207053800942138009419" }, "geometry": { "type": "LineString", "coordinates": [ [ -84.280005311614602, 42.219245576001803 ], [ -84.278594596869326, 42.219253634162833 ] ] } },
{ "type": "Feature", "properties": { "road_id": "LEO-ROAD-1151", "segment_id": "LEO-1151-9189043800942138009385" }, "geometry": { "type": "LineString", "coordinates": [ [ -84.280005311614602, 42.219245576001803 ], [ -84.28000714861362, 42.219811025230847 ] ] } },
{ "type": "Feature", "properties": { "road_id": "LEO-ROAD-1152", "segment_id": "LEO-1152-9207053800942638009421" }, "geometry": { "type": "LineString", "coordinates": [ [ -84.281436073640663, 42.219259265792523 ], [ -84.280005311614602, 42.219245576001803 ] ] } },
{ "type": "Feature", "properties": { "road_id": "LEO-ROAD-1153", "segment_id": "LEO-1153-9207063800942638009403" }, "geometry": { "type": "LineString", "coordinates": [ [ -84.281436073640663, 42.219259265792523 ], [ -84.281455319121562, 42.219761420291377 ] ] } },
{ "type": "Feature", "properties": { "road_id": "LEO-ROAD-1154", "segment_id": "LEO-1154-9207053800942738009426" }, "geometry": { "type": "LineString", "coordinates": [ [ -84.282285494159225, 42.219259444235036 ], [ -84.281436073640663, 42.219259265792523 ] ] } },
{ "type": "Feature", "properties": { "road_id": "LEO-ROAD-1155", "segment_id": "LEO-1155-9189033800942738009396" }, "geometry": { "type": "LineString", "coordinates": [ [ -84.282285494159225, 42.219259444235036 ], [ -84.28262873307996, 42.219610418175449 ] ] } },
{ "type": "Feature", "properties": { "road_id": "LEO-ROAD-1156", "segment_id": "LEO-1156-9207053800942838009427" }, "geometry": { "type": "LineString", "coordinates": [ [ -84.283430348584375, 42.219260171789429 ], [ -84.282285494159225, 42.219259444235036 ] ] } },
{ "type": "Feature", "properties": { "road_id": "LEO-ROAD-1157", "segment_id": "LEO-1157-33807923800938638017035" }, "geometry": { "type": "LineString", "coordinates": [ [ -84.358126372699914, 42.220732368357417 ], [ -84.357507270548695, 42.220356406286669 ] ] } },
{ "type": "Feature", "properties": { "road_id": "LEO-ROAD-1158", "segment_id": "LEO-1158-33807903801703838017039" }, "geometry": { "type": "LineString", "coordinates": [ [ -84.355902180049952, 42.220264380564608 ], [ -84.355586184286722, 42.220617947657274 ] ] } },
{ "type": "Feature", "properties": { "road_id": "LEO-ROAD-1159", "segment_id": "LEO-1159-33807913801703838017040" }, "geometry": { "type": "LineString", "coordinates": [ [ -84.355902180049952, 42.220264380564608 ], [ -84.355911943182022, 42.220619446554117 ] ] } },
{ "type": "Feature", "properties": { "road_id": "LEO-ROAD-1160", "segment_id": "LEO-1160-33807883801703638017035" }, "geometry": { "type": "LineString", "coordinates": [ [ -84.357853427560684, 42.220066736080945 ], [ -84.357507270548695, 42.220356406286669 ] ] } },
{ "type": "Feature", "properties": { "road_id": "LEO-ROAD-1161", "segment_id": "LEO-1161-9009043800932638017036" }, "geometry": { "type": "LineString", "coordinates": [ [ -84.361520458995102, 42.222125863455766 ], [ -84.361386304871715, 42.222098800015438 ], [ -84.361216460435344, 42.222059479206791 ], [ -84.360936483739295, 42.221970671294336 ], [ -84.360738479106558, 42.22188921734967 ], [ -84.360424398897337, 42.221743740009131 ], [ -84.36021235379242, 42.22162602505523 ], [ -84.359959719460448, 42.22146474069654 ], [ -84.359364060833528, 42.221072174317264 ], [ -84.358962986098405, 42.220790893311076 ], [ -84.357853427560684, 42.220066736080945 ] ] } },
{ "type": "Feature", "properties": { "road_id": "LEO-ROAD-1162", "segment_id": "LEO-1162-33807913800942538017038" }, "geometry": { "type": "LineString", "coordinates": [ [ -84.356181276807249, 42.2200002067203 ], [ -84.355902180049952, 42.220264380564608 ] ] } },
{ "type": "Feature", "properties": { "road_id": "LEO-ROAD-1163", "segment_id": "LEO-1163-33807923800942538009391" }, "geometry": { "type": "LineString", "coordinates": [ [ -84.356181276807249, 42.2200002067203 ], [ -84.356123999983254, 42.220129626098235 ], [ -84.356096240922696, 42.220208641019582 ], [ -84.356102150975289, 42.220307215689694 ], [ -84.356103279748865, 42.220424781706669 ], [ -84.356105003324743, 42.220520117330302 ], [ -84.356127131976919, 42.220618479539048 ] ] } },
{ "type": "Feature", "properties": { "road_id": "LEO-ROAD-1164", "segment_id": "LEO-1164-9139043800945938009300" }, "geometry": { "type": "LineString", "coordinates": [ [ -84.346122759777558, 42.219817319450598 ], [ -84.34615975538523, 42.222210271989901 ] ] } },
{ "type": "Feature", "properties": { "road_id": "LEO-ROAD-1165", "segment_id": "LEO-1165-33807823800945938009456" }, "geometry": { "type": "LineString", "coordinates": [ [ -84.346122759777558, 42.219817319450598 ], [ -84.344955208049456, 42.219793978834346 ] ] } },
{ "type": "Feature", "properties": { "road_id": "LEO-ROAD-1166", "segment_id": "LEO-1166-33807923801703538009425" }, "geometry": { "type": "LineString", "coordinates": [ [ -84.357507270548695, 42.220356406286669 ], [ -84.357386507814311, 42.220341830112964 ], [ -84.357171329737298, 42.220248117376691 ], [ -84.356934021686939, 42.220109773641838 ], [ -84.356705115482598, 42.219976188219704 ], [ -84.356535660578956, 42.219919674137188 ], [ -84.356394585310682, 42.219920766250233 ], [ -84.356257356673169, 42.219937799923514 ], [ -84.356181276807249, 42.2200002067203 ] ] } },
{ "type": "Feature", "properties": { "road_id": "LEO-ROAD-1167", "segment_id": "LEO-1167-9197013800947038009394" }, "geometry": { "type": "LineString", "coordinates": [ [ -84.307705452357965, 42.219112153581783 ], [ -84.307715533724789, 42.219161268261075 ], [ -84.307730161802283, 42.219288077565061 ], [ -84.307726065625744, 42.220106914090799 ] ] } },
{ "type": "Feature", "properties": { "road_id": "LEO-ROAD-1168", "segment_id": "LEO-1168-9196093800946638009281" }, "geometry": { "type": "LineString", "coordinates": [ [ -84.305189090242081, 42.219065727861008 ], [ -84.305235734166388, 42.22176312609281 ] ] } },
{ "type": "Feature", "properties": { "road_id": "LEO-ROAD-1169", "segment_id": "LEO-1169-9196203800947038009471" }, "geometry": { "type": "LineString", "coordinates": [ [ -84.307705452357965, 42.219112153581783 ], [ -84.308116648556947, 42.219102318329426 ] ] } },
{ "type": "Feature", "properties": { "road_id": "LEO-ROAD-1170", "segment_id": "LEO-1170-9196203800946638009470" }, "geometry": { "type": "LineString", "coordinates": [ [ -84.305189090242081, 42.219065727861008 ], [ -84.307532744598362, 42.219088461703628 ], [ -84.307604959448497, 42.219097639292229 ], [ -84.307705452357965, 42.219112153581783 ] ] } },
{ "type": "Feature", "properties": { "road_id": "LEO-ROAD-1171", "segment_id": "LEO-1171-9184063800923838009495" }, "geometry": { "type": "LineString", "coordinates": [ [ -84.318789125541656, 42.222657761380589 ], [ -84.318476306668273, 42.222381252949425 ], [ -84.318301552644712, 42.222187916330228 ], [ -84.318193190177482, 42.222035728656863 ], [ -84.318148639170431, 42.221854396368165 ], [ -84.318127133705318, 42.221653338536306 ], [ -84.31813308011813, 42.221435968309279 ], [ -84.318122676221023, 42.221158131291631 ], [ -84.318070408397787, 42.220929844278594 ], [ -84.317970656995897, 42.220659155962672 ], [ -84.317943793662664, 42.220423537347038 ], [ -84.318019879306107, 42.220229708964112 ], [ -84.318172741958193, 42.21996895261708 ], [ -84.3184484333961, 42.219570021904211 ], [ -84.318499414034264, 42.219475557808671 ], [ -84.318505595060614, 42.219397467417686 ], [ -84.318461262961605, 42.219243437751111 ], [ -84.318401985102639, 42.219173453728217 ], [ -84.31836858147031, 42.219054985907846 ] ] } },
{ "type": "Feature", "properties": { "road_id": "LEO-ROAD-1172", "segment_id": "LEO-1172-9196143800928338009503" }, "geometry": { "type": "LineString", "coordinates": [ [ -84.312395001403587, 42.221874607346898 ], [ -84.311598610259765, 42.220270558296129 ], [ -84.311632430093368, 42.218936124498804 ] ] } },
{ "type": "Feature", "properties": { "road_id": "LEO-ROAD-1173", "segment_id": "LEO-1173-9159033800949138009480" }, "geometry": { "type": "LineString", "coordinates": [ [ -84.261870826637931, 42.218198914032058 ], [ -84.259898645537078, 42.218183398779281 ], [ -84.254250397712525, 42.21816726505952 ], [ -84.252518323308024, 42.218172212167133 ], [ -84.250414287482513, 42.218117033923804 ], [ -84.250211972513526, 42.218098779103919 ], [ -84.25003020096311, 42.21807142391765 ], [ -84.249361735729636, 42.217964242997994 ] ] } },
{ "type": "Feature", "properties": { "road_id": "LEO-ROAD-1174", "segment_id": "LEO-1174-9159033800950138009491" }, "geometry": { "type": "LineString", "coordinates": [ [ -84.268960921964151, 42.218202506305602 ], [ -84.261870826637931, 42.218198914032058 ] ] } },
{ "type": "Feature", "properties": { "road_id": "LEO-ROAD-1175", "segment_id": "LEO-1175-9159023800950138008599" }, "geometry": { "type": "LineString", "coordinates": [ [ -84.268960921964151, 42.218202506305602 ], [ -84.26902050021765, 42.221903874107383 ], [ -84.269095477321017, 42.225487997208461 ], [ -84.269148922245009, 42.227427167737403 ] ] } },
{ "type": "Feature", "properties": { "road_id": "LEO-ROAD-1176", "segment_id": "LEO-1176-33801033802141038020076" }, "geometry": { "type": "LineString", "coordinates": [ [ -84.331511618604395, 42.21910280120958 ], [ -84.33126693079447, 42.220159259980512 ], [ -84.33122190009631, 42.220275321155036 ] ] } },
{ "type": "Feature", "properties": { "road_id": "LEO-ROAD-1177", "segment_id": "LEO-1177-9189043800951438009421" }, "geometry": { "type": "LineString", "coordinates": [ [ -84.279685692135502, 42.218258304984616 ], [ -84.279675139040336, 42.218500276057647 ], [ -84.279734288892257, 42.218759590231556 ], [ -84.27981873228272, 42.21895251773072 ], [ -84.280005311614602, 42.219245576001803 ] ] } },
{ "type": "Feature", "properties": { "road_id": "LEO-ROAD-1178", "segment_id": "LEO-1178-9159033800951438009501" }, "geometry": { "type": "LineString", "coordinates": [ [ -84.279685692135502, 42.218258304984616 ], [ -84.2785651837698, 42.218245045137948 ], [ -84.277811439926779, 42.218224684462179 ], [ -84.268960921964151, 42.218202506305602 ] ] } },
{ "type": "Feature", "properties": { "road_id": "LEO-ROAD-1179", "segment_id": "LEO-1179-9159033800951638009514" }, "geometry": { "type": "LineString", "coordinates": [ [ -84.282058738608498, 42.218277596431896 ], [ -84.279685692135502, 42.218258304984616 ] ] } },
{ "type": "Feature", "properties": { "road_id": "LEO-ROAD-1180", "segment_id": "LEO-1180-9189033800951638009427" }, "geometry": { "type": "LineString", "coordinates": [ [ -84.282058738608498, 42.218277596431896 ], [ -84.282033193955797, 42.218467615337183 ], [ -84.282029589643514, 42.218708177602878 ], [ -84.282051778281328, 42.218916747718637 ], [ -84.282128149754612, 42.219079881051215 ], [ -84.282196802340849, 42.219185053197727 ], [ -84.282285494159225, 42.219259444235036 ] ] } },
{ "type": "Feature", "properties": { "road_id": "LEO-ROAD-1181", "segment_id": "LEO-1181-8984063800949838009326" }, "geometry": { "type": "LineString", "coordinates": [ [ -84.362346763803401, 42.219467312333634 ], [ -84.362222684039679, 42.220052002790709 ], [ -84.362120835317953, 42.220414014701724 ], [ -84.361520458995102, 42.222125863455766 ] ] } },
{ "type": "Feature", "properties": { "road_id": "LEO-ROAD-1182", "segment_id": "LEO-1182-8991093800949838009318" }, "geometry": { "type": "LineString", "coordinates": [ [ -84.362346763803401, 42.219467312333634 ], [ -84.362388598826428, 42.222221525609449 ] ] } },
{ "type": "Feature", "properties": { "road_id": "LEO-ROAD-1183", "segment_id": "LEO-1183-9159033800952638009525" }, "geometry": { "type": "LineString", "coordinates": [ [ -84.292564102312866, 42.21836193650531 ], [ -84.29229062306743, 42.218354168122744 ] ] } },
{ "type": "Feature", "properties": { "road_id": "LEO-ROAD-1184", "segment_id": "LEO-1184-9012033800951238009281" }, "geometry": { "type": "LineString", "coordinates": [ [ -84.29604909218213, 42.218406291178589 ], [ -84.296513728618166, 42.218911326049749 ], [ -84.298254281285864, 42.220918607219403 ], [ -84.298545217516534, 42.221250640226927 ], [ -84.298650157228579, 42.22136679808056 ], [ -84.298771645667074, 42.221471151235527 ], [ -84.29888834156958, 42.22155332304353 ], [ -84.299024399932449, 42.221619713624229 ], [ -84.299177364981404, 42.221656180319009 ], [ -84.29922166057483, 42.221667168810711 ], [ -84.299347631995218, 42.221684184877532 ], [ -84.29962865452751, 42.221703133324844 ], [ -84.30274768116567, 42.221737202915762 ], [ -84.305235734166388, 42.22176312609281 ] ] } },
{ "type": "Feature", "properties": { "road_id": "LEO-ROAD-1185", "segment_id": "LEO-1185-9159033800952338009516" }, "geometry": { "type": "LineString", "coordinates": [ [ -84.288294275387599, 42.21828422717325 ], [ -84.283479305193083, 42.218280628960166 ], [ -84.282058738608498, 42.218277596431896 ] ] } },
{ "type": "Feature", "properties": { "road_id": "LEO-ROAD-1186", "segment_id": "LEO-1186-33815903800952338025503" }, "geometry": { "type": "LineString", "coordinates": [ [ -84.288294275387599, 42.21828422717325 ], [ -84.288286809223791, 42.219125604329136 ], [ -84.288296985020551, 42.219496079891911 ] ] } },
{ "type": "Feature", "properties": { "road_id": "LEO-ROAD-1187", "segment_id": "LEO-1187-9159033800952538009523" }, "geometry": { "type": "LineString", "coordinates": [ [ -84.29229062306743, 42.218354168122744 ], [ -84.290417421554636, 42.218315225286268 ], [ -84.288294275387599, 42.21828422717325 ] ] } },
{ "type": "Feature", "properties": { "road_id": "LEO-ROAD-1188", "segment_id": "LEO-1188-9159033800951238009526" }, "geometry": { "type": "LineString", "coordinates": [ [ -84.29604909218213, 42.218406291178589 ], [ -84.295733282810232, 42.21839462838156 ], [ -84.295532521143642, 42.218387027938647 ], [ -84.294211293936968, 42.218392508730467 ], [ -84.292564102312866, 42.21836193650531 ] ] } },
{ "type": "Feature", "properties": { "road_id": "LEO-ROAD-1189", "segment_id": "LEO-1189-9196143800950338017021" }, "geometry": { "type": "LineString", "coordinates": [ [ -84.311632430093368, 42.218936124498804 ], [ -84.311722689539607, 42.218886183110087 ], [ -84.311771575170326, 42.218803752038383 ], [ -84.311817820916289, 42.218732542947123 ], [ -84.3118505627763, 42.218643801731623 ], [ -84.311862151905103, 42.218530623800007 ] ] } },
{ "type": "Feature", "properties": { "road_id": "LEO-ROAD-1190", "segment_id": "LEO-1190-9196163802553338020242" }, "geometry": { "type": "LineString", "coordinates": [ [ -84.324352563982018, 42.220720791870178 ], [ -84.324329219575944, 42.220653939335563 ], [ -84.324275740098798, 42.220476102769176 ], [ -84.324285781121034, 42.220107739850604 ], [ -84.324324568084478, 42.219735603917378 ], [ -84.324395221646014, 42.219480746842926 ], [ -84.324487106335454, 42.219246854356491 ], [ -84.324937065423313, 42.21859404779353 ] ] } },
{ "type": "Feature", "properties": { "road_id": "LEO-ROAD-1191", "segment_id": "LEO-1191-9196163802024238009530" }, "geometry": { "type": "LineString", "coordinates": [ [ -84.324937065423313, 42.21859404779353 ], [ -84.324991558252833, 42.218518315872302 ], [ -84.324997032797, 42.218449133595016 ] ] } },
{ "type": "Feature", "properties": { "road_id": "LEO-ROAD-1192", "segment_id": "LEO-1192-33801033800954638021410" }, "geometry": { "type": "LineString", "coordinates": [ [ -84.331616870683703, 42.218541558491168 ], [ -84.331598980228804, 42.218636957663804 ], [ -84.331511618604395, 42.21910280120958 ] ] } },
{ "type": "Feature", "properties": { "road_id": "LEO-ROAD-1193", "segment_id": "LEO-1193-8984053800954438009546" }, "geometry": { "type": "LineString", "coordinates": [ [ -84.33361270392848, 42.218539459022871 ], [ -84.33173121512705, 42.218548949268744 ], [ -84.331677820851255, 42.218546729783604 ], [ -84.331616870683703, 42.218541558491168 ] ] } },
{ "type": "Feature", "properties": { "road_id": "LEO-ROAD-1194", "segment_id": "LEO-1194-8984053801703138009544" }, "geometry": { "type": "LineString", "coordinates": [ [ -84.334330804448129, 42.218548600104761 ], [ -84.33361270392848, 42.218539459022871 ] ] } },
{ "type": "Feature", "properties": { "road_id": "LEO-ROAD-1195", "segment_id": "LEO-1195-9189013801703138017032" }, "geometry": { "type": "LineString", "coordinates": [ [ -84.334330804448129, 42.218548600104761 ], [ -84.334326976015603, 42.219056444541977 ] ] } },
{ "type": "Feature", "properties": { "road_id": "LEO-ROAD-1196", "segment_id": "LEO-1196-8984053801880638017031" }, "geometry": { "type": "LineString", "coordinates": [ [ -84.335783431962014, 42.218566863188848 ], [ -84.334330804448129, 42.218548600104761 ] ] } },
{ "type": "Feature", "properties": { "road_id": "LEO-ROAD-1197", "segment_id": "LEO-1197-8984053800954738018806" }, "geometry": { "type": "LineString", "coordinates": [ [ -84.337288069509995, 42.218585760966619 ], [ -84.335783431962014, 42.218566863188848 ] ] } },
{ "type": "Feature", "properties": { "road_id": "LEO-ROAD-1198", "segment_id": "LEO-1198-33815763802141038021411" }, "geometry": { "type": "LineString", "coordinates": [ [ -84.331511618604395, 42.21910280120958 ], [ -84.331119918027866, 42.219068263849763 ], [ -84.330703982181134, 42.219015401050896 ], [ -84.330355786921913, 42.218919416128408 ], [ -84.330294553115706, 42.218864268045621 ], [ -84.330265569524215, 42.218799542752151 ], [ -84.330259152264517, 42.218744412920053 ], [ -84.330291693254637, 42.218674915154971 ], [ -84.330333187679813, 42.218577168860492 ], [ -84.330419948051983, 42.218480440583683 ] ] } },
{ "type": "Feature", "properties": { "road_id": "LEO-ROAD-1199", "segment_id": "LEO-1199-8984053800954638021411" }, "geometry": { "type": "LineString", "coordinates": [ [ -84.331616870683703, 42.218541558491168 ], [ -84.331516190975194, 42.218523019564905 ], [ -84.331419058851608, 42.218514467047406 ], [ -84.330419948051983, 42.218480440583683 ] ] } },
{ "type": "Feature", "properties": { "road_id": "LEO-ROAD-1200", "segment_id": "LEO-1200-8984053802541638009547" }, "geometry": { "type": "LineString", "coordinates": [ [ -84.340261998570497, 42.218625275927444 ], [ -84.339349344044592, 42.218615080062747 ], [ -84.33762495844941, 42.218599539347231 ], [ -84.337288069509995, 42.218585760966619 ] ] } },
{ "type": "Feature", "properties": { "road_id": "LEO-ROAD-1201", "segment_id": "LEO-1201-8984053800955038025416" }, "geometry": { "type": "LineString", "coordinates": [ [ -84.346116656906531, 42.21869050133504 ], [ -84.345251707091663, 42.218680892496245 ], [ -84.340261998570497, 42.218625275927444 ] ] } },
{ "type": "Feature", "properties": { "road_id": "LEO-ROAD-1202", "segment_id": "LEO-1202-9139043800955038009459" }, "geometry": { "type": "LineString", "coordinates": [ [ -84.346116656906531, 42.21869050133504 ], [ -84.346122759777558, 42.219817319450598 ] ] } },
{ "type": "Feature", "properties": { "road_id": "LEO-ROAD-1203", "segment_id": "LEO-1203-9196093800956738009466" }, "geometry": { "type": "LineString", "coordinates": [ [ -84.305152859325759, 42.217843687110815 ], [ -84.30516552240843, 42.21843107027702 ], [ -84.305189090242081, 42.219065727861008 ] ] } },
{ "type": "Feature", "properties": { "road_id": "LEO-ROAD-1204", "segment_id": "LEO-1204-9012033800956938009512" }, "geometry": { "type": "LineString", "coordinates": [ [ -84.29503691102299, 42.217660601043413 ], [ -84.295436847793141, 42.217942786729935 ], [ -84.295758315922058, 42.218161664196927 ], [ -84.29604909218213, 42.218406291178589 ] ] } },
{ "type": "Feature", "properties": { "road_id": "LEO-ROAD-1205", "segment_id": "LEO-1205-9012033800957538009569" }, "geometry": { "type": "LineString", "coordinates": [ [ -84.29495187729448, 42.217591026117162 ], [ -84.29503691102299, 42.217660601043413 ] ] } },
{ "type": "Feature", "properties": { "road_id": "LEO-ROAD-1206", "segment_id": "LEO-1206-9196053800958038009567" }, "geometry": { "type": "LineString", "coordinates": [ [ -84.307323338226922, 42.217708335004211 ], [ -84.306767096939353, 42.218195972951634 ], [ -84.30670037474745, 42.218245972224942 ], [ -84.306645009662745, 42.21826997901605 ], [ -84.306569149409839, 42.218265816058974 ], [ -84.306350217427109, 42.21820784363188 ], [ -84.306026152672445, 42.218111842397086 ], [ -84.305152859325759, 42.217843687110815 ] ] } },
{ "type": "Feature", "properties": { "road_id": "LEO-ROAD-1207", "segment_id": "LEO-1207-33813553802007738020078" }, "geometry": { "type": "LineString", "coordinates": [ [ -84.308896569950576, 42.217551081966022 ], [ -84.308803471676413, 42.217754378710701 ], [ -84.30872023099009, 42.217939490788268 ], [ -84.30869232953107, 42.218006839995255 ], [ -84.308681100758079, 42.218059919545723 ], [ -84.308680235667524, 42.218091372954447 ], [ -84.308686521206695, 42.218164267370256 ], [ -84.308699068199687, 42.218248409094244 ] ] } },
{ "type": "Feature", "properties": { "road_id": "LEO-ROAD-1208", "segment_id": "LEO-1208-9196053800950338020077" }, "geometry": { "type": "LineString", "coordinates": [ [ -84.311632430093368, 42.218936124498804 ], [ -84.31110536006662, 42.218845448063625 ], [ -84.310963965318479, 42.218786830732505 ], [ -84.310876174274327, 42.218729027715121 ], [ -84.310736695583685, 42.218600680591727 ], [ -84.310646992933968, 42.218449836022124 ], [ -84.310565221048719, 42.218335652623018 ], [ -84.310492293292128, 42.218224924746174 ], [ -84.31044543738831, 42.218141167721043 ], [ -84.310380804012667, 42.21805381855053 ], [ -84.310315258413453, 42.217999674127718 ], [ -84.310190151366271, 42.217935587381199 ], [ -84.309419887458304, 42.217703084670028 ], [ -84.308896569950576, 42.217551081966022 ] ] } },
{ "type": "Feature", "properties": { "road_id": "LEO-ROAD-1209", "segment_id": "LEO-1209-9196183800958038009620" }, "geometry": { "type": "LineString", "coordinates": [ [ -84.307323338226922, 42.217708335004211 ], [ -84.306919471369, 42.217463147401531 ] ] } },
{ "type": "Feature", "properties": { "road_id": "LEO-ROAD-1210", "segment_id": "LEO-1210-9196053800960038009580" }, "geometry": { "type": "LineString", "coordinates": [ [ -84.308417504634619, 42.217424588673026 ], [ -84.307799877175626, 42.217552216035266 ], [ -84.307590480809068, 42.217596472833876 ], [ -84.307458828856525, 42.217631744936249 ], [ -84.307323338226922, 42.217708335004211 ] ] } },
{ "type": "Feature", "properties": { "road_id": "LEO-ROAD-1211", "segment_id": "LEO-1211-9196053802007738009600" }, "geometry": { "type": "LineString", "coordinates": [ [ -84.308896569950576, 42.217551081966022 ], [ -84.308417504634619, 42.217424588673026 ] ] } },
{ "type": "Feature", "properties": { "road_id": "LEO-ROAD-1212", "segment_id": "LEO-1212-33807813801702538009495" }, "geometry": { "type": "LineString", "coordinates": [ [ -84.316943169914168, 42.217519675294987 ], [ -84.316838314659847, 42.217606547892984 ], [ -84.316782173185558, 42.21805828615954 ], [ -84.316774633380717, 42.218188327777945 ], [ -84.316799969790267, 42.218280411645502 ], [ -84.316853393709678, 42.218364046386263 ], [ -84.316903082459447, 42.218438749740258 ], [ -84.317159156183536, 42.218833629135048 ], [ -84.317212208463474, 42.218909844331037 ], [ -84.317307776015596, 42.218963750452787 ], [ -84.317414860642117, 42.21899979715608 ], [ -84.317639690648747, 42.219006008846115 ], [ -84.317979888220933, 42.219010330105732 ], [ -84.318166168875194, 42.219025288731807 ], [ -84.31836858147031, 42.219054985907846 ] ] } },
{ "type": "Feature", "properties": { "road_id": "LEO-ROAD-1213", "segment_id": "LEO-1213-8984053802141138009610" }, "geometry": { "type": "LineString", "coordinates": [ [ -84.330419948051983, 42.218480440583683 ], [ -84.330314945931036, 42.218477654047909 ], [ -84.330115494992754, 42.218462746297973 ], [ -84.329979010917256, 42.218439305937636 ], [ -84.329915700823349, 42.218401863527198 ], [ -84.329847555411874, 42.218358891350519 ], [ -84.32969410804084, 42.218253783871617 ], [ -84.32935981951367, 42.218008204357758 ], [ -84.329048990509193, 42.217750089096533 ], [ -84.32899399859177, 42.217670339955824 ] ] } },
{ "type": "Feature", "properties": { "road_id": "LEO-ROAD-1214", "segment_id": "LEO-1214-9206063800961138009610" }, "geometry": { "type": "LineString", "coordinates": [ [ -84.331611231976623, 42.217683527572532 ], [ -84.329164892726126, 42.217683297548369 ], [ -84.329078983229138, 42.217680968653681 ], [ -84.329034338782535, 42.217677700171052 ], [ -84.32899399859177, 42.217670339955824 ] ] } },
{ "type": "Feature", "properties": { "road_id": "LEO-ROAD-1215", "segment_id": "LEO-1215-33801033800961138009546" }, "geometry": { "type": "LineString", "coordinates": [ [ -84.331611231976623, 42.217683527572532 ], [ -84.331616870683703, 42.218541558491168 ] ] } },
{ "type": "Feature", "properties": { "road_id": "LEO-ROAD-1216", "segment_id": "LEO-1216-9206063800961038017033" }, "geometry": { "type": "LineString", "coordinates": [ [ -84.32899399859177, 42.217670339955824 ], [ -84.328949862407853, 42.217648374532537 ], [ -84.328920730128843, 42.217640143995645 ], [ -84.328896290487819, 42.217639257125995 ], [ -84.328870283519166, 42.217644581255477 ], [ -84.32881489725375, 42.217676482235966 ], [ -84.328704414067403, 42.217755354612187 ], [ -84.328500326958263, 42.217904584109704 ] ] } },
{ "type": "Feature", "properties": { "road_id": "LEO-ROAD-1217", "segment_id": "LEO-1217-9196163800953038009658" }, "geometry": { "type": "LineString", "coordinates": [ [ -84.324997032797, 42.218449133595016 ], [ -84.324995675936719, 42.218440132926716 ], [ -84.324994461691034, 42.218431101975938 ], [ -84.324992296659801, 42.218422273808287 ], [ -84.324988541092935, 42.218413777518222 ], [ -84.32498439404111, 42.218405327581685 ], [ -84.324980003709499, 42.218396910915949 ], [ -84.324975354874582, 42.218388552514682 ], [ -84.324970429890286, 42.218380277335022 ], [ -84.324965214720109, 42.218372111289355 ], [ -84.324959691668823, 42.218364081135654 ], [ -84.324953848033985, 42.218356208302303 ], [ -84.324947835145451, 42.218348409489955 ], [ -84.324941739247024, 42.218340632848701 ], [ -84.324935559004729, 42.218332882862654 ], [ -84.324929290686299, 42.218325163078809 ], [ -84.324922932957662, 42.218317477981209 ], [ -84.32491648329804, 42.218309831135052 ], [ -84.324909939137427, 42.21830222790657 ], [ -84.324903297930476, 42.218294672761594 ], [ -84.32489655839214, 42.218287168383085 ], [ -84.324889716741211, 42.218279720119099 ], [ -84.324882771643587, 42.218272332453566 ], [ -84.324875719367057, 42.218265008933528 ], [ -84.324868559788953, 42.21825775406122 ], [ -84.324861289226106, 42.218250569582828 ], [ -84.324853907948366, 42.218243445593394 ], [ -84.324846427029911, 42.218236375953893 ], [ -84.324838857495777, 42.218229356326226 ], [ -84.324831206785959, 42.218222380516686 ], [ -84.324823488397314, 42.218215442422689 ], [ -84.32481570974528, 42.218208536751106 ], [ -84.324807881904022, 42.218201657362783 ], [ -84.324800014687114, 42.218194799901532 ], [ -84.324792119168691, 42.218187958228256 ], [ -84.324784204000167, 42.21818112616748 ], [ -84.324776280206549, 42.218174299381175 ], [ -84.32476835767504, 42.218167470811707 ], [ -84.32476044743072, 42.218160636120864 ], [ -84.324752558149456, 42.218153788232918 ], [ -84.324744699644953, 42.218146922791391 ], [ -84.324736884202594, 42.218140033675674 ], [ -84.324729120449206, 42.218133115610669 ], [ -84.324721412068044, 42.218126166850269 ], [ -84.324713716023126, 42.218119210167728 ], [ -84.324706022402552, 42.218112253521113 ], [ -84.324698330068742, 42.218105294190913 ], [ -84.32469064015929, 42.218098334896659 ], [ -84.324682952747921, 42.218091372936968 ], [ -84.324675268996884, 42.218084410131048 ], [ -84.324667586532527, 42.218077444641501 ], [ -84.324659907753031, 42.218070477405313 ], [ -84.324652232658408, 42.218063508422404 ], [ -84.324644561248675, 42.218056537692775 ], [ -84.324636893572915, 42.218049563415548 ], [ -84.324629230793335, 42.218042587409883 ], [ -84.324621571723156, 42.218035608757049 ], [ -84.324613917598342, 42.218028626574934 ], [ -84.324606268394319, 42.218021641763855 ], [ -84.324598624111047, 42.218014654323916 ], [ -84.324590984773081, 42.218007663354612 ], [ -84.324583351591812, 42.218000668874225 ], [ -84.324575724567225, 42.21799367088272 ], [ -84.324568103699335, 42.217986669380132 ], [ -84.32456048898807, 42.217979664366432 ], [ -84.324552880458072, 42.217972654941192 ], [ -84.324545279296117, 42.21796564202311 ], [ -84.324537685526749, 42.21795862471172 ], [ -84.324530093019476, 42.217951605617138 ], [ -84.32452247722803, 42.217944596080386 ], [ -84.324514838152282, 42.217937596101486 ], [ -84.324507180711493, 42.217930603051997 ], [ -84.324499512247357, 42.21792361434003 ], [ -84.324491836467601, 42.217916627318971 ], [ -84.324484161925525, 42.217909639415218 ], [ -84.324476491117323, 42.217902647963847 ], [ -84.324468831384934, 42.217895650373002 ], [ -84.324461188834206, 42.217888644933019 ], [ -84.324453568433341, 42.217881627214609 ], [ -84.324445976263689, 42.217874596408599 ], [ -84.324438417268851, 42.217867548986106 ], [ -84.324430898815208, 42.217860481454821 ], [ -84.324423424536846, 42.217853393869447 ], [ -84.324416000637854, 42.217846280918621 ], [ -84.324408634435457, 42.217839140910826 ], [ -84.324401330824202, 42.217831972118205 ], [ -84.324394093536299, 42.21782477099363 ], [ -84.324386931124963, 42.217817534963608 ], [ -84.324379848484767, 42.217810262300112 ], [ -84.324372867435883, 42.21780290829097 ], [ -84.324366103178903, 42.217795336846159 ], [ -84.324359669483798, 42.21778755328242 ], [ -84.324353677280499, 42.21777957818756 ], [ -84.324348235027173, 42.217771433913896 ], [ -84.324343454914057, 42.217763139266594 ], [ -84.324339445448231, 42.217754714797174 ], [ -84.324336204574763, 42.217746146962419 ], [ -84.324333258477111, 42.217737301611344 ], [ -84.324330626103944, 42.217728239384051 ], [ -84.324328412934847, 42.217719047446799 ], [ -84.324326719579233, 42.217709813793213 ], [ -84.324325649093822, 42.217700625553043 ], [ -84.324325304510495, 42.217691570756493 ], [ -84.324325787699181, 42.217682735614588 ], [ -84.324327201667103, 42.217674209057883 ], [ -84.324330327274055, 42.217665886641143 ], [ -84.324335864521217, 42.217657696031516 ], [ -84.324343257920674, 42.217649920727425 ], [ -84.324351943407279, 42.217642847701434 ], [ -84.324361355680324, 42.217636764808489 ], [ -84.324371061083554, 42.217631842978307 ], [ -84.324381485116831, 42.217627543624666 ], [ -84.324392592657802, 42.21762377703763 ], [ -84.324404215679891, 42.217620572215012 ], [ -84.324416186230351, 42.217617955453456 ], [ -84.324428337469499, 42.217615956669825 ], [ -84.32444050146924, 42.217614601260337 ], [ -84.324452556855263, 42.217613807224453 ], [ -84.324464596879167, 42.217613087723812 ], [ -84.324476640119698, 42.217612383584196 ], [ -84.324488687837231, 42.217611693023017 ], [ -84.32450073879599, 42.217611016922454 ], [ -84.324512794231765, 42.217610354400314 ], [ -84.324524851721961, 42.217609705420053 ], [ -84.324536913713715, 42.217609069117771 ], [ -84.324548978995807, 42.217608445475236 ], [ -84.324561046356777, 42.217607834474165 ], [ -84.324573118268518, 42.217607234350169 ], [ -84.324585192283692, 42.217606645967159 ], [ -84.324597268402371, 42.217606069325228 ], [ -84.324609347885016, 42.217605502641597 ], [ -84.32462143070704, 42.217604946816863 ], [ -84.324633515706154, 42.217604400031753 ], [ -84.3246456028333, 42.217603864087259 ], [ -84.324657692162162, 42.217603336281982 ], [ -84.324669784879518, 42.217602817534654 ], [ -84.3246818785626, 42.217602307808725 ], [ -84.324693975683289, 42.217601805339818 ], [ -84.324706073794331, 42.217601310991896 ], [ -84.324718174107048, 42.21760082478324 ], [ -84.32473027667055, 42.217600344912917 ], [ -84.32474238027342, 42.217599871362616 ], [ -84.324754484915744, 42.2175994041325 ], [ -84.324766591808839, 42.217598943240674 ], [ -84.32477870100179, 42.217598486886317 ], [ -84.324790810022847, 42.217598036833792 ], [ -84.324802921343732, 42.217597591318672 ], [ -84.324815033777696, 42.217597149422339 ], [ -84.324827146088722, 42.217596712026946 ], [ -84.324839260724232, 42.217596278268559 ], [ -84.324851375261417, 42.217595848110669 ], [ -84.324863490960752, 42.217595419770625 ], [ -84.324875607773109, 42.217594995049318 ], [ -84.324887724536239, 42.217594572127631 ], [ -84.324899841250144, 42.217594151005599 ], [ -84.324911959150683, 42.217593730800942 ], [ -84.324924077001995, 42.217593312395906 ], [ -84.324936194828595, 42.217592894890025 ], [ -84.324948313890971, 42.217592476500677 ], [ -84.324960431717287, 42.217592058992217 ], [ -84.324972549567988, 42.217591640582071 ], [ -84.324984667443005, 42.217591221270183 ], [ -84.324996785342464, 42.217590801056581 ], [ -84.325008902079432, 42.217590379022539 ], [ -84.325021018840772, 42.217589956086776 ], [ -84.325033134488706, 42.217589529529725 ], [ -84.325045250185582, 42.217589101170454 ], [ -84.325057364769023, 42.217588669189915 ], [ -84.325069478239087, 42.217588233588096 ], [ -84.32508159057123, 42.217587795265374 ], [ -84.325093703050342, 42.217587351538711 ], [ -84.325105813204743, 42.217586904172464 ], [ -84.325117922294794, 42.217586451384072 ], [ -84.325130030320508, 42.217585993173458 ], [ -84.325142136045997, 42.21758553042288 ], [ -84.325154240756206, 42.217585060449188 ], [ -84.325166344402007, 42.217584585053295 ], [ -84.325178445845694, 42.217584101515641 ], [ -84.325196492176374, 42.217583368758291 ] ] } },
{ "type": "Feature", "properties": { "road_id": "LEO-ROAD-1218", "segment_id": "LEO-1218-9184063800949538017025" }, "geometry": { "type": "LineString", "coordinates": [ [ -84.31836858147031, 42.219054985907846 ], [ -84.318321487900064, 42.218522314998587 ], [ -84.318291673573484, 42.217973529179972 ], [ -84.318274821510713, 42.217899621789776 ], [ -84.318198096067803, 42.2177721989937 ], [ -84.318059767865648, 42.217654366570812 ], [ -84.317892760406707, 42.217550130683271 ], [ -84.317785818099964, 42.217492396628998 ], [ -84.317631137494971, 42.217454985643712 ], [ -84.317274198108876, 42.217477316595094 ], [ -84.317169909574815, 42.217493336068507 ], [ -84.317096746661903, 42.217499514516788 ], [ -84.316943169914168, 42.217519675294987 ] ] } },
{ "type": "Feature", "properties": { "road_id": "LEO-ROAD-1219", "segment_id": "LEO-1219-9196053800956738019881" }, "geometry": { "type": "LineString", "coordinates": [ [ -84.305152859325759, 42.217843687110815 ], [ -84.304226490421598, 42.217366403248448 ], [ -84.303980342686799, 42.217233380282451 ] ] } },
{ "type": "Feature", "properties": { "road_id": "LEO-ROAD-1220", "segment_id": "LEO-1220-9009043801703638009628" }, "geometry": { "type": "LineString", "coordinates": [ [ -84.357853427560684, 42.220066736080945 ], [ -84.357512933610636, 42.219834683591102 ], [ -84.356918469807056, 42.219469848485787 ], [ -84.356825902598985, 42.219417372368916 ], [ -84.356361160520407, 42.219178442950906 ], [ -84.355995356555354, 42.219017153101596 ], [ -84.354548659300505, 42.218411062748778 ], [ -84.353913866707728, 42.218306030004918 ], [ -84.353518451115548, 42.218287381150567 ], [ -84.352466796034662, 42.218243952709003 ], [ -84.352142484758232, 42.218212781768585 ], [ -84.351968922173171, 42.218181646017364 ], [ -84.351813441726549, 42.218137595526763 ], [ -84.351699150880634, 42.218100745659839 ], [ -84.351558855996657, 42.218041539447874 ], [ -84.351398409927896, 42.217962258832216 ], [ -84.35122685242068, 42.217865873499093 ] ] } },
{ "type": "Feature", "properties": { "road_id": "LEO-ROAD-1221", "segment_id": "LEO-1221-9189023800962238009544" }, "geometry": { "type": "LineString", "coordinates": [ [ -84.333561146152817, 42.21755511582132 ], [ -84.33359789880231, 42.217817750353539 ], [ -84.333618575139369, 42.218192408089628 ], [ -84.33361270392848, 42.218539459022871 ] ] } },
{ "type": "Feature", "properties": { "road_id": "LEO-ROAD-1222", "segment_id": "LEO-1222-33810928302734438009622" }, "geometry": { "type": "LineString", "coordinates": [ [ -84.334131087985043, 42.217552081201781 ], [ -84.333869670105017, 42.217550310987335 ], [ -84.333561146152817, 42.21755511582132 ] ] } },
{ "type": "Feature", "properties": { "road_id": "LEO-ROAD-1223", "segment_id": "LEO-1223-33811003801880838018806" }, "geometry": { "type": "LineString", "coordinates": [ [ -84.335730896716356, 42.217570022483692 ], [ -84.335783431962014, 42.218566863188848 ] ] } },
{ "type": "Feature", "properties": { "road_id": "LEO-ROAD-1224", "segment_id": "LEO-1224-33810923801880883027344" }, "geometry": { "type": "LineString", "coordinates": [ [ -84.335730896716356, 42.217570022483692 ], [ -84.335647577838628, 42.217562336887333 ], [ -84.334131087985043, 42.217552081201781 ] ] } },
{ "type": "Feature", "properties": { "road_id": "LEO-ROAD-1225", "segment_id": "LEO-1225-9009043800962838009635" }, "geometry": { "type": "LineString", "coordinates": [ [ -84.35122685242068, 42.217865873499093 ], [ -84.351145886020745, 42.21779198753871 ] ] } },
{ "type": "Feature", "properties": { "road_id": "LEO-ROAD-1226", "segment_id": "LEO-1226-33812663801988538019881" }, "geometry": { "type": "LineString", "coordinates": [ [ -84.304010874368245, 42.217065595486559 ], [ -84.30399052817215, 42.217144312721757 ], [ -84.303976204053896, 42.217199593161716 ], [ -84.303980342686799, 42.217233380282451 ] ] } },
{ "type": "Feature", "properties": { "road_id": "LEO-ROAD-1227", "segment_id": "LEO-1227-33812653801988538019884" }, "geometry": { "type": "LineString", "coordinates": [ [ -84.304010874368245, 42.217065595486559 ], [ -84.304070874312472, 42.217081595806405 ], [ -84.304145873767354, 42.21708659589958 ], [ -84.304439874271367, 42.217074595518731 ] ] } },
{ "type": "Feature", "properties": { "road_id": "LEO-ROAD-1228", "segment_id": "LEO-1228-9010093800964238019330" }, "geometry": { "type": "LineString", "coordinates": [ [ -84.364768060517022, 42.217681038723548 ], [ -84.364728362768801, 42.21786273604306 ], [ -84.364708759840241, 42.218599159036145 ], [ -84.364711180175121, 42.218675177774408 ], [ -84.364689715637013, 42.220648553303782 ], [ -84.364720150675069, 42.220985927253061 ], [ -84.364737465837507, 42.221196236696464 ] ] } },
{ "type": "Feature", "properties": { "road_id": "LEO-ROAD-1229", "segment_id": "LEO-1229-33801033800965638009611" }, "geometry": { "type": "LineString", "coordinates": [ [ -84.331617982277606, 42.217161967534466 ], [ -84.331611231976623, 42.217683527572532 ] ] } },
{ "type": "Feature", "properties": { "road_id": "LEO-ROAD-1230", "segment_id": "LEO-1230-9207173801819838009638" }, "geometry": { "type": "LineString", "coordinates": [ [ -84.311109649367822, 42.216835570590149 ], [ -84.311365640430282, 42.21692897152991 ] ] } },
{ "type": "Feature", "properties": { "road_id": "LEO-ROAD-1231", "segment_id": "LEO-1231-33810923800965538009656" }, "geometry": { "type": "LineString", "coordinates": [ [ -84.332947641506067, 42.217159932689974 ], [ -84.331617982277606, 42.217161967534466 ] ] } },
{ "type": "Feature", "properties": { "road_id": "LEO-ROAD-1232", "segment_id": "LEO-1232-33810923800962238009655" }, "geometry": { "type": "LineString", "coordinates": [ [ -84.333561146152817, 42.21755511582132 ], [ -84.333190973465179, 42.217284510602134 ], [ -84.332947641506067, 42.217159932689974 ] ] } },
{ "type": "Feature", "properties": { "road_id": "LEO-ROAD-1233", "segment_id": "LEO-1233-8984053800965138009550" }, "geometry": { "type": "LineString", "coordinates": [ [ -84.350794518628661, 42.217366206747577 ], [ -84.350605773594367, 42.217516014865339 ], [ -84.350476519823061, 42.217628985434764 ], [ -84.349709022174068, 42.218367813511925 ], [ -84.349545240761429, 42.218524032117088 ], [ -84.349477306093263, 42.218575324120259 ], [ -84.349420225295347, 42.218611935406273 ], [ -84.349366146650894, 42.218642936830236 ], [ -84.349299585048016, 42.21867107484028 ], [ -84.349204997286478, 42.218688084367983 ], [ -84.349110824147999, 42.218697101669768 ], [ -84.349058417482283, 42.218701270982947 ], [ -84.349011462904258, 42.218699941583345 ], [ -84.346116656906531, 42.21869050133504 ] ] } },
{ "type": "Feature", "properties": { "road_id": "LEO-ROAD-1234", "segment_id": "LEO-1234-9009043800963538009651" }, "geometry": { "type": "LineString", "coordinates": [ [ -84.351145886020745, 42.21779198753871 ], [ -84.350988198845442, 42.217638572652014 ], [ -84.350794518628661, 42.217366206747577 ] ] } },
{ "type": "Feature", "properties": { "road_id": "LEO-ROAD-1235", "segment_id": "LEO-1235-9196053801988138009681" }, "geometry": { "type": "LineString", "coordinates": [ [ -84.303980342686799, 42.217233380282451 ], [ -84.303111279623096, 42.216763713776373 ], [ -84.303054703327803, 42.216605556908377 ] ] } },
{ "type": "Feature", "properties": { "road_id": "LEO-ROAD-1236", "segment_id": "LEO-1236-9196053800968138019888" }, "geometry": { "type": "LineString", "coordinates": [ [ -84.303054703327803, 42.216605556908377 ], [ -84.303000853347626, 42.216456249807841 ] ] } },
{ "type": "Feature", "properties": { "road_id": "LEO-ROAD-1237", "segment_id": "LEO-1237-33812653801988838019885" }, "geometry": { "type": "LineString", "coordinates": [ [ -84.303000853347626, 42.216456249807841 ], [ -84.303209873440196, 42.216427596085055 ], [ -84.303239873052391, 42.216433596185354 ], [ -84.303266873062967, 42.216455595987817 ], [ -84.30330187414846, 42.216500595925545 ], [ -84.303338873117738, 42.216556595613817 ], [ -84.303396873298439, 42.216671595850173 ], [ -84.303446873408362, 42.216728596312244 ], [ -84.303888873452209, 42.217003595725409 ], [ -84.304010874368245, 42.217065595486559 ] ] } },
{ "type": "Feature", "properties": { "road_id": "LEO-ROAD-1238", "segment_id": "LEO-1238-9206043800967338009610" }, "geometry": { "type": "LineString", "coordinates": [ [ -84.329398529820381, 42.216768870276333 ], [ -84.329256628972971, 42.216784359284588 ], [ -84.329129750676543, 42.216830587982884 ], [ -84.329040087126188, 42.216892848819334 ], [ -84.328974599678176, 42.217014045579468 ], [ -84.328943201662639, 42.217188589006916 ], [ -84.328945755561676, 42.217584887298372 ], [ -84.32899399859177, 42.217670339955824 ] ] } },
{ "type": "Feature", "properties": { "road_id": "LEO-ROAD-1239", "segment_id": "LEO-1239-9206043800967438009673" }, "geometry": { "type": "LineString", "coordinates": [ [ -84.331613543984659, 42.216800058730179 ], [ -84.329398529820381, 42.216768870276333 ] ] } },
{ "type": "Feature", "properties": { "road_id": "LEO-ROAD-1240", "segment_id": "LEO-1240-33801033800967438009656" }, "geometry": { "type": "LineString", "coordinates": [ [ -84.331613543984659, 42.216800058730179 ], [ -84.331617982277606, 42.217161967534466 ] ] } },
{ "type": "Feature", "properties": { "road_id": "LEO-ROAD-1241", "segment_id": "LEO-1241-9196073800967538009600" }, "geometry": { "type": "LineString", "coordinates": [ [ -84.308972991974514, 42.21643940474101 ], [ -84.308417504634619, 42.217424588673026 ] ] } },
{ "type": "Feature", "properties": { "road_id": "LEO-ROAD-1242", "segment_id": "LEO-1242-9207173800967538018198" }, "geometry": { "type": "LineString", "coordinates": [ [ -84.308972991974514, 42.21643940474101 ], [ -84.30911131311764, 42.216428454437157 ], [ -84.30933521097613, 42.216442440681817 ], [ -84.309932107352552, 42.216504613046965 ], [ -84.31010494656519, 42.216544108305925 ], [ -84.311065290704192, 42.216819386170066 ], [ -84.311109649367822, 42.216835570590149 ] ] } },
{ "type": "Feature", "properties": { "road_id": "LEO-ROAD-1243", "segment_id": "LEO-1243-9012033801701938009575" }, "geometry": { "type": "LineString", "coordinates": [ [ -84.292747323051827, 42.215799285236542 ], [ -84.293494450427644, 42.216424358147634 ], [ -84.294116459321657, 42.216973329379634 ], [ -84.294584177866255, 42.217330259572051 ], [ -84.29495187729448, 42.217591026117162 ] ] } },
{ "type": "Feature", "properties": { "road_id": "LEO-ROAD-1244", "segment_id": "LEO-1244-9196053801988838009737" }, "geometry": { "type": "LineString", "coordinates": [ [ -84.303000853347626, 42.216456249807841 ], [ -84.30277399757945, 42.215827247350489 ] ] } },
{ "type": "Feature", "properties": { "road_id": "LEO-ROAD-1245", "segment_id": "LEO-1245-9207273800967538009715" }, "geometry": { "type": "LineString", "coordinates": [ [ -84.308972991974514, 42.21643940474101 ], [ -84.307647120317483, 42.215867781632674 ], [ -84.307639988169953, 42.215867008371255 ] ] } },
{ "type": "Feature", "properties": { "road_id": "LEO-ROAD-1246", "segment_id": "LEO-1246-8991093800974538009498" }, "geometry": { "type": "LineString", "coordinates": [ [ -84.362317347248748, 42.216275374112534 ], [ -84.362314114811298, 42.21696826365288 ], [ -84.362350849391106, 42.218853107746327 ], [ -84.36235076442064, 42.219157026601238 ], [ -84.362346763803401, 42.219467312333634 ] ] } },
{ "type": "Feature", "properties": { "road_id": "LEO-ROAD-1247", "segment_id": "LEO-1247-8991103800974838009413" }, "geometry": { "type": "LineString", "coordinates": [ [ -84.362561517876145, 42.216176402484336 ], [ -84.362571118080723, 42.217089799843826 ], [ -84.362569874286635, 42.217985533753151 ], [ -84.362608968840775, 42.220526470574725 ] ] } },
{ "type": "Feature", "properties": { "road_id": "LEO-ROAD-1248", "segment_id": "LEO-1248-8991093800975838009745" }, "geometry": { "type": "LineString", "coordinates": [ [ -84.362319080048053, 42.216124765500489 ], [ -84.362317347248748, 42.216275374112534 ] ] } },
{ "type": "Feature", "properties": { "road_id": "LEO-ROAD-1249", "segment_id": "LEO-1249-8991103800976138009748" }, "geometry": { "type": "LineString", "coordinates": [ [ -84.362561555528359, 42.21606682236537 ], [ -84.362561517876145, 42.216176402484336 ] ] } },
{ "type": "Feature", "properties": { "road_id": "LEO-ROAD-1250", "segment_id": "LEO-1250-9208153800965538009765" }, "geometry": { "type": "LineString", "coordinates": [ [ -84.332947641506067, 42.217159932689974 ], [ -84.332959912437701, 42.217009175995521 ], [ -84.332969336576141, 42.215707170803732 ], [ -84.332971521807053, 42.215447273285008 ] ] } },
{ "type": "Feature", "properties": { "road_id": "LEO-ROAD-1251", "segment_id": "LEO-1251-33811003801880738018808" }, "geometry": { "type": "LineString", "coordinates": [ [ -84.335652669929587, 42.215421825348884 ], [ -84.335658496478814, 42.216984471017497 ], [ -84.335684118643186, 42.217223412571819 ], [ -84.335730896716356, 42.217570022483692 ] ] } },
{ "type": "Feature", "properties": { "road_id": "LEO-ROAD-1252", "segment_id": "LEO-1252-33811023801881038018809" }, "geometry": { "type": "LineString", "coordinates": [ [ -84.334401917541456, 42.215391176639798 ], [ -84.334056908781207, 42.215391974509444 ] ] } },
{ "type": "Feature", "properties": { "road_id": "LEO-ROAD-1253", "segment_id": "LEO-1253-33811013801881038018811" }, "geometry": { "type": "LineString", "coordinates": [ [ -84.334401917541456, 42.215391176639798 ], [ -84.334386561192744, 42.216846153788261 ] ] } },
{ "type": "Feature", "properties": { "road_id": "LEO-ROAD-1254", "segment_id": "LEO-1254-33811023801880738018810" }, "geometry": { "type": "LineString", "coordinates": [ [ -84.335652669929587, 42.215421825348884 ], [ -84.334401917541456, 42.215391176639798 ] ] } },
{ "type": "Feature", "properties": { "road_id": "LEO-ROAD-1255", "segment_id": "LEO-1255-9208143800967338009784" }, "geometry": { "type": "LineString", "coordinates": [ [ -84.329398529820381, 42.216768870276333 ], [ -84.329401569171367, 42.216478708142787 ], [ -84.329411082669637, 42.216052339838448 ], [ -84.32937690346337, 42.215988918086268 ], [ -84.329311445957572, 42.215944089673428 ], [ -84.329202253186892, 42.2159043236732 ], [ -84.327877871464835, 42.215615680717313 ], [ -84.327811506519353, 42.215568892020336 ], [ -84.327750180936476, 42.215512550203442 ], [ -84.327720617353989, 42.215470812392347 ], [ -84.327708488235686, 42.214979626493424 ] ] } },
{ "type": "Feature", "properties": { "road_id": "LEO-ROAD-1256", "segment_id": "LEO-1256-9188203800954738009699" }, "geometry": { "type": "LineString", "coordinates": [ [ -84.337288069509995, 42.218585760966619 ], [ -84.337283960792007, 42.218032265576547 ], [ -84.337276748508287, 42.217993220986195 ], [ -84.337187984586649, 42.217767499568204 ], [ -84.337107481660212, 42.217599053709492 ], [ -84.337022345970652, 42.214955288073789 ], [ -84.337023414278534, 42.214939182167846 ] ] } },
{ "type": "Feature", "properties": { "road_id": "LEO-ROAD-1257", "segment_id": "LEO-1257-9208013800982738009809" }, "geometry": { "type": "LineString", "coordinates": [ [ -84.324895081804698, 42.214362439545127 ], [ -84.324887761166622, 42.214587091346417 ] ] } },
{ "type": "Feature", "properties": { "road_id": "LEO-ROAD-1258", "segment_id": "LEO-1258-9206033800983338009827" }, "geometry": { "type": "LineString", "coordinates": [ [ -84.326129198326313, 42.214386908371822 ], [ -84.324895081804698, 42.214362439545127 ] ] } },
{ "type": "Feature", "properties": { "road_id": "LEO-ROAD-1259", "segment_id": "LEO-1259-9206033800983138009833" }, "geometry": { "type": "LineString", "coordinates": [ [ -84.326710828195033, 42.214389991778908 ], [ -84.326528038454725, 42.214386435231283 ], [ -84.326129198326313, 42.214386908371822 ] ] } },
{ "type": "Feature", "properties": { "road_id": "LEO-ROAD-1260", "segment_id": "LEO-1260-9206033800983038009831" }, "geometry": { "type": "LineString", "coordinates": [ [ -84.326837571256377, 42.21439020716894 ], [ -84.326710828195033, 42.214389991778908 ] ] } },
{ "type": "Feature", "properties": { "road_id": "LEO-ROAD-1261", "segment_id": "LEO-1261-9206033800982938009830" }, "geometry": { "type": "LineString", "coordinates": [ [ -84.327428753010366, 42.214404182737653 ], [ -84.326837571256377, 42.21439020716894 ] ] } },
{ "type": "Feature", "properties": { "road_id": "LEO-ROAD-1262", "segment_id": "LEO-1262-9206033800983838009829" }, "geometry": { "type": "LineString", "coordinates": [ [ -84.328426791293282, 42.214395037758273 ], [ -84.327867041424156, 42.214399182273141 ], [ -84.327428753010366, 42.214404182737653 ] ] } },
{ "type": "Feature", "properties": { "road_id": "LEO-ROAD-1263", "segment_id": "LEO-1263-33814223802024238020243" }, "geometry": { "type": "LineString", "coordinates": [ [ -84.324937065423313, 42.21859404779353 ], [ -84.324666708316073, 42.218588076514017 ], [ -84.324466320805158, 42.218585059023695 ], [ -84.32267179792818, 42.218579309093208 ], [ -84.32227121672355, 42.218566173971304 ], [ -84.322175988848613, 42.218557642319126 ], [ -84.322081534135378, 42.218520738394318 ], [ -84.322035177968303, 42.218470368268321 ], [ -84.322017449113972, 42.218420428940497 ], [ -84.321976126586549, 42.218185640995586 ], [ -84.321988516623165, 42.217731690659356 ], [ -84.321953058194595, 42.217631812855444 ], [ -84.32188020559974, 42.217502988107562 ], [ -84.321619998233558, 42.217243610420049 ], [ -84.321425813258159, 42.21701361290026 ], [ -84.321139307526607, 42.216668686593763 ], [ -84.320898383719296, 42.216402502351151 ], [ -84.320769640704029, 42.216223162266019 ], [ -84.320679452464063, 42.216030211538609 ], [ -84.320536470158757, 42.215673258143312 ], [ -84.32049476742101, 42.215452655190852 ], [ -84.320584470552106, 42.214964392003729 ], [ -84.320707882206264, 42.214639843234565 ], [ -84.320692673940371, 42.214497695190701 ], [ -84.320646901823778, 42.214426045084018 ], [ -84.32053414755697, 42.214360480560032 ], [ -84.320354794042132, 42.214286813905332 ], [ -84.320127346553704, 42.214226612338628 ] ] } },
{ "type": "Feature", "properties": { "road_id": "LEO-ROAD-1264", "segment_id": "LEO-1264-9012033801729038017019" }, "geometry": { "type": "LineString", "coordinates": [ [ -84.289958605259315, 42.213667517446922 ], [ -84.291337959744482, 42.214545415675786 ], [ -84.291976255216454, 42.215017393641894 ], [ -84.292747323051827, 42.215799285236542 ] ] } },
{ "type": "Feature", "properties": { "road_id": "LEO-ROAD-1265", "segment_id": "LEO-1265-9206033800985038009838" }, "geometry": { "type": "LineString", "coordinates": [ [ -84.331593325637428, 42.214180470035181 ], [ -84.331117302683538, 42.214185485231212 ], [ -84.33059161674619, 42.214236062333171 ], [ -84.329799688641785, 42.214276143382477 ], [ -84.329493699651792, 42.214281293078685 ], [ -84.329148402780788, 42.214285851586219 ], [ -84.328775135428899, 42.214354948544781 ], [ -84.328426791293282, 42.214395037758273 ] ] } },
{ "type": "Feature", "properties": { "road_id": "LEO-ROAD-1266", "segment_id": "LEO-1266-33801033800985038009674" }, "geometry": { "type": "LineString", "coordinates": [ [ -84.331593325637428, 42.214180470035181 ], [ -84.331613543984659, 42.216800058730179 ] ] } },
{ "type": "Feature", "properties": { "road_id": "LEO-ROAD-1267", "segment_id": "LEO-1267-33809843801702038021772" }, "geometry": { "type": "LineString", "coordinates": [ [ -84.296224865284117, 42.213018645819247 ], [ -84.297458396447894, 42.213106312109637 ], [ -84.2979496804506, 42.213134309618717 ], [ -84.298228728269123, 42.213150281728417 ], [ -84.298452122538777, 42.213185887094113 ] ] } },
{ "type": "Feature", "properties": { "road_id": "LEO-ROAD-1268", "segment_id": "LEO-1268-33809843801701938017020" }, "geometry": { "type": "LineString", "coordinates": [ [ -84.292747323051827, 42.215799285236542 ], [ -84.294050736488245, 42.215026202941317 ], [ -84.294474998875558, 42.214802503064725 ], [ -84.294679708944869, 42.214679028582779 ], [ -84.294846682645982, 42.214520446202151 ], [ -84.294882421117435, 42.21434834263642 ], [ -84.294825297348964, 42.214174816555413 ], [ -84.294699962838422, 42.213948450788436 ], [ -84.294618827146863, 42.213803331738987 ], [ -84.294500594975574, 42.213600094190987 ], [ -84.294405100274091, 42.213414470100638 ], [ -84.294440200100667, 42.213265377408945 ], [ -84.294522688198583, 42.213082479488577 ], [ -84.29472787101777, 42.21294174791911 ], [ -84.295031260063425, 42.212888844475899 ], [ -84.295339994841896, 42.212922348981145 ], [ -84.295729514328983, 42.212973870141695 ], [ -84.295869141905698, 42.212986491715924 ], [ -84.295910102838633, 42.212990194233861 ], [ -84.296224865284117, 42.213018645819247 ] ] } },
{ "type": "Feature", "properties": { "road_id": "LEO-ROAD-1269", "segment_id": "LEO-1269-9208013800991938009827" }, "geometry": { "type": "LineString", "coordinates": [ [ -84.324896289750768, 42.21294234248019 ], [ -84.324882512088976, 42.212988413631841 ], [ -84.324872375073312, 42.213029395930988 ], [ -84.324865844603494, 42.213085176213411 ], [ -84.324864191529869, 42.213240623416972 ], [ -84.324895081804698, 42.214362439545127 ] ] } },
{ "type": "Feature", "properties": { "road_id": "LEO-ROAD-1270", "segment_id": "LEO-1270-9184013800991938017034" }, "geometry": { "type": "LineString", "coordinates": [ [ -84.324896289750768, 42.21294234248019 ], [ -84.324471988824456, 42.212929326664039 ] ] } },
{ "type": "Feature", "properties": { "road_id": "LEO-ROAD-1271", "segment_id": "LEO-1271-9207093800992138009829" }, "geometry": { "type": "LineString", "coordinates": [ [ -84.327388904004067, 42.212964577324122 ], [ -84.327428753010366, 42.214404182737653 ] ] } },
{ "type": "Feature", "properties": { "road_id": "LEO-ROAD-1272", "segment_id": "LEO-1272-9207103800992038009833" }, "geometry": { "type": "LineString", "coordinates": [ [ -84.326115987748494, 42.212940726921097 ], [ -84.326129198326313, 42.214386908371822 ] ] } },
{ "type": "Feature", "properties": { "road_id": "LEO-ROAD-1273", "segment_id": "LEO-1273-9184013800992138009920" }, "geometry": { "type": "LineString", "coordinates": [ [ -84.327388904004067, 42.212964577324122 ], [ -84.326115987748494, 42.212940726921097 ] ] } },
{ "type": "Feature", "properties": { "road_id": "LEO-ROAD-1274", "segment_id": "LEO-1274-9184013800992038009919" }, "geometry": { "type": "LineString", "coordinates": [ [ -84.326115987748494, 42.212940726921097 ], [ -84.325265906733293, 42.212923262570641 ], [ -84.325174200765005, 42.212927555378855 ], [ -84.324896289750768, 42.21294234248019 ] ] } },
{ "type": "Feature", "properties": { "road_id": "LEO-ROAD-1275", "segment_id": "LEO-1275-9207083800992338009838" }, "geometry": { "type": "LineString", "coordinates": [ [ -84.32839287181389, 42.212965237451371 ], [ -84.328426791293282, 42.214395037758273 ] ] } },
{ "type": "Feature", "properties": { "road_id": "LEO-ROAD-1276", "segment_id": "LEO-1276-9184013800992238009921" }, "geometry": { "type": "LineString", "coordinates": [ [ -84.327915121360547, 42.212950453841238 ], [ -84.327388904004067, 42.212964577324122 ] ] } },
{ "type": "Feature", "properties": { "road_id": "LEO-ROAD-1277", "segment_id": "LEO-1277-9184013800992338009922" }, "geometry": { "type": "LineString", "coordinates": [ [ -84.32839287181389, 42.212965237451371 ], [ -84.327915121360547, 42.212950453841238 ] ] } },
{ "type": "Feature", "properties": { "road_id": "LEO-ROAD-1278", "segment_id": "LEO-1278-9184013800992438009923" }, "geometry": { "type": "LineString", "coordinates": [ [ -84.331585993470185, 42.212990572268133 ], [ -84.32839287181389, 42.212965237451371 ] ] } },
{ "type": "Feature", "properties": { "road_id": "LEO-ROAD-1279", "segment_id": "LEO-1279-33801033800992438009850" }, "geometry": { "type": "LineString", "coordinates": [ [ -84.331585993470185, 42.212990572268133 ], [ -84.331593325637428, 42.214180470035181 ] ] } },
{ "type": "Feature", "properties": { "road_id": "LEO-ROAD-1280", "segment_id": "LEO-1280-9208013801820038009919" }, "geometry": { "type": "LineString", "coordinates": [ [ -84.325142172538534, 42.21231833135019 ], [ -84.32504321157262, 42.212485724947804 ], [ -84.324956171557133, 42.212690740432144 ], [ -84.324896289750768, 42.21294234248019 ] ] } },
{ "type": "Feature", "properties": { "road_id": "LEO-ROAD-1281", "segment_id": "LEO-1281-33815893800998238009979" }, "geometry": { "type": "LineString", "coordinates": [ [ -84.256693080034779, 42.210855532809305 ], [ -84.254481158779143, 42.210856209833899 ], [ -84.254238186510904, 42.210856280819542 ] ] } },
{ "type": "Feature", "properties": { "road_id": "LEO-ROAD-1282", "segment_id": "LEO-1282-33810803800998538009982" }, "geometry": { "type": "LineString", "coordinates": [ [ -84.261879900588482, 42.210898231643299 ], [ -84.259089152543453, 42.210893087322212 ], [ -84.256693080034779, 42.210855532809305 ] ] } },
{ "type": "Feature", "properties": { "road_id": "LEO-ROAD-1283", "segment_id": "LEO-1283-33810803800998938009985" }, "geometry": { "type": "LineString", "coordinates": [ [ -84.268817405284523, 42.210941514712189 ], [ -84.263990591000351, 42.210939571996121 ], [ -84.261879900588482, 42.210898231643299 ] ] } },
{ "type": "Feature", "properties": { "road_id": "LEO-ROAD-1284", "segment_id": "LEO-1284-9159023800998938009501" }, "geometry": { "type": "LineString", "coordinates": [ [ -84.268817405284523, 42.210941514712189 ], [ -84.268822764422964, 42.211344254744475 ], [ -84.268905466601609, 42.214473759891561 ], [ -84.268960921964151, 42.218202506305602 ] ] } },
{ "type": "Feature", "properties": { "road_id": "LEO-ROAD-1285", "segment_id": "LEO-1285-33810803800999738009989" }, "geometry": { "type": "LineString", "coordinates": [ [ -84.277618251736072, 42.210990459993056 ], [ -84.275755824191222, 42.211001644877811 ], [ -84.273534603920822, 42.210981184018486 ], [ -84.269220879165445, 42.210943931944314 ], [ -84.268817405284523, 42.210941514712189 ] ] } },
{ "type": "Feature", "properties": { "road_id": "LEO-ROAD-1286", "segment_id": "LEO-1286-9208233801820538009996" }, "geometry": { "type": "LineString", "coordinates": [ [ -84.327029245565598, 42.211742203137646 ], [ -84.326804521638621, 42.211740416953248 ], [ -84.3267182774525, 42.211738928795604 ] ] } },
{ "type": "Feature", "properties": { "road_id": "LEO-ROAD-1287", "segment_id": "LEO-1287-9208233800999538018205" }, "geometry": { "type": "LineString", "coordinates": [ [ -84.327896144971945, 42.211749087743875 ], [ -84.327090612019802, 42.211742689984845 ], [ -84.327029245565598, 42.211742203137646 ] ] } },
{ "type": "Feature", "properties": { "road_id": "LEO-ROAD-1288", "segment_id": "LEO-1288-9208023800999538009922" }, "geometry": { "type": "LineString", "coordinates": [ [ -84.327896144971945, 42.211749087743875 ], [ -84.327915121360547, 42.212950453841238 ] ] } },
{ "type": "Feature", "properties": { "road_id": "LEO-ROAD-1289", "segment_id": "LEO-1289-33810803800999938009997" }, "geometry": { "type": "LineString", "coordinates": [ [ -84.279268536051902, 42.211005636906457 ], [ -84.277618251736072, 42.210990459993056 ] ] } },
{ "type": "Feature", "properties": { "road_id": "LEO-ROAD-1290", "segment_id": "LEO-1290-9208133800999538018206" }, "geometry": { "type": "LineString", "coordinates": [ [ -84.327896144971945, 42.211749087743875 ], [ -84.328642545733786, 42.211756120116647 ], [ -84.328663360604537, 42.211756315739898 ] ] } },
{ "type": "Feature", "properties": { "road_id": "LEO-ROAD-1291", "segment_id": "LEO-1291-9208133801820638009993" }, "geometry": { "type": "LineString", "coordinates": [ [ -84.328663360604537, 42.211756315739898 ], [ -84.328923282251282, 42.211758763948417 ] ] } },
{ "type": "Feature", "properties": { "road_id": "LEO-ROAD-1292", "segment_id": "LEO-1292-9012033800999938017290" }, "geometry": { "type": "LineString", "coordinates": [ [ -84.279268536051902, 42.211005636906457 ], [ -84.280929535779606, 42.211010670769959 ], [ -84.284151005457787, 42.211038591908199 ], [ -84.2847241107755, 42.21105705611928 ], [ -84.285300280780774, 42.211092175007906 ], [ -84.285672836847397, 42.211162958740985 ], [ -84.28600288962852, 42.211252041144981 ], [ -84.286205035484784, 42.211335441258591 ], [ -84.28661537734996, 42.211519750082026 ], [ -84.287073099518466, 42.211772841158471 ], [ -84.288304088797034, 42.212583025154977 ], [ -84.289958605259315, 42.213667517446922 ] ] } },
{ "type": "Feature", "properties": { "road_id": "LEO-ROAD-1293", "segment_id": "LEO-1293-33809853801729038017287" }, "geometry": { "type": "LineString", "coordinates": [ [ -84.289958605259315, 42.213667517446922 ], [ -84.291310732746652, 42.212538051762074 ], [ -84.291495534980328, 42.212384905046655 ], [ -84.291689053614078, 42.212232548512766 ], [ -84.291785683009422, 42.212128176364317 ], [ -84.291847935879616, 42.212052467858456 ], [ -84.291887920144831, 42.211982387378285 ], [ -84.291924022951832, 42.211890882457986 ], [ -84.291963757089107, 42.211741906560384 ], [ -84.292016198825678, 42.211534485526116 ], [ -84.292079318568412, 42.211218544658443 ], [ -84.292079710529265, 42.211054895073076 ] ] } },
{ "type": "Feature", "properties": { "road_id": "LEO-ROAD-1294", "segment_id": "LEO-1294-9208013801002638018200" }, "geometry": { "type": "LineString", "coordinates": [ [ -84.325621474711269, 42.21154664616968 ], [ -84.325468165319492, 42.211847886239831 ], [ -84.325143008377509, 42.212316917939361 ], [ -84.325142172538534, 42.21231833135019 ] ] } },
{ "type": "Feature", "properties": { "road_id": "LEO-ROAD-1295", "segment_id": "LEO-1295-33817413800998238010030" }, "geometry": { "type": "LineString", "coordinates": [ [ -84.256693080034779, 42.210855532809305 ], [ -84.256626133823204, 42.210796730725029 ], [ -84.256562880651359, 42.210712233392456 ], [ -84.256558844910259, 42.210597213109963 ], [ -84.256553411094302, 42.21048000173387 ], [ -84.256534347554762, 42.210313466280176 ] ] } },
{ "type": "Feature", "properties": { "road_id": "LEO-ROAD-1296", "segment_id": "LEO-1296-17734063801003038017016" }, "geometry": { "type": "LineString", "coordinates": [ [ -84.256534347554762, 42.210313466280176 ], [ -84.255176364695487, 42.210280455638902 ], [ -84.255040703013648, 42.210270465159255 ], [ -84.254993950023433, 42.210260993694831 ], [ -84.254926834701507, 42.210234948540631 ] ] } },
{ "type": "Feature", "properties": { "road_id": "LEO-ROAD-1297", "segment_id": "LEO-1297-33801033801004538009924" }, "geometry": { "type": "LineString", "coordinates": [ [ -84.331546889485736, 42.211288440386269 ], [ -84.331560169950365, 42.211647146444754 ], [ -84.331584966132638, 42.212856483902591 ], [ -84.331585993470185, 42.212990572268133 ] ] } },
{ "type": "Feature", "properties": { "road_id": "LEO-ROAD-1298", "segment_id": "LEO-1298-33811033802005938018822" }, "geometry": { "type": "LineString", "coordinates": [ [ -84.281017504751603, 42.210468026452858 ], [ -84.281345700339116, 42.210470111642287 ] ] } },
{ "type": "Feature", "properties": { "road_id": "LEO-ROAD-1299", "segment_id": "LEO-1299-9009043800965138010053" }, "geometry": { "type": "LineString", "coordinates": [ [ -84.350794518628661, 42.217366206747577 ], [ -84.350738719542647, 42.217206087914114 ], [ -84.350421401244247, 42.215748867433447 ], [ -84.350233882864899, 42.214863343577271 ], [ -84.350155556415245, 42.214679170861643 ], [ -84.350038386142444, 42.214475152494508 ], [ -84.349961632465138, 42.214350641195566 ], [ -84.349866881947989, 42.214238890330925 ], [ -84.3495693719738, 42.21395425975507 ], [ -84.34862570599536, 42.213135714577511 ], [ -84.348452660400426, 42.212989062544445 ], [ -84.348347321659162, 42.212848939633325 ], [ -84.348242618964179, 42.212685168927386 ], [ -84.348114010744965, 42.212396003040197 ], [ -84.347814416550818, 42.211413474365671 ] ] } },
{ "type": "Feature", "properties": { "road_id": "LEO-ROAD-1300", "segment_id": "LEO-1300-33806603801006638009997" }, "geometry": { "type": "LineString", "coordinates": [ [ -84.278464514656946, 42.210292206605303 ], [ -84.278400400406696, 42.210410366875308 ], [ -84.278297338011171, 42.210546380096133 ], [ -84.278230808522835, 42.210623128785024 ], [ -84.27814807752334, 42.210703615746752 ], [ -84.27807663067361, 42.210764334633069 ], [ -84.278002669422023, 42.210819031286299 ], [ -84.277915523028469, 42.210865546222337 ], [ -84.27780139515373, 42.210917627045781 ], [ -84.277618251736072, 42.210990459993056 ] ] } },
{ "type": "Feature", "properties": { "road_id": "LEO-ROAD-1301", "segment_id": "LEO-1301-9012033801006638009999" }, "geometry": { "type": "LineString", "coordinates": [ [ -84.278464514656946, 42.210292206605303 ], [ -84.278518332010805, 42.210509911338214 ], [ -84.278556044341158, 42.210600237646553 ], [ -84.278612471180438, 42.21069284862223 ], [ -84.278696325550783, 42.210763944840082 ], [ -84.278796269900241, 42.210835290637206 ], [ -84.278893867382735, 42.210894634364358 ], [ -84.279005206569167, 42.210942224720888 ], [ -84.279268536051902, 42.211005636906457 ] ] } },
{ "type": "Feature", "properties": { "road_id": "LEO-ROAD-1302", "segment_id": "LEO-1302-8991093801006438009758" }, "geometry": { "type": "LineString", "coordinates": [ [ -84.363810931776939, 42.211578416316705 ], [ -84.363645310690629, 42.211876167875793 ], [ -84.363043257383339, 42.212936718251648 ], [ -84.362791852665822, 42.21357586517049 ], [ -84.362621678277236, 42.21412420916667 ], [ -84.362479488187532, 42.214721983493249 ], [ -84.362365543889325, 42.215495645825463 ], [ -84.362319080048053, 42.216124765500489 ] ] } },
{ "type": "Feature", "properties": { "road_id": "LEO-ROAD-1303", "segment_id": "LEO-1303-8991103801006338009761" }, "geometry": { "type": "LineString", "coordinates": [ [ -84.364080830026808, 42.211580195691226 ], [ -84.363827329601563, 42.21199359192115 ], [ -84.363598985182009, 42.212373282091335 ], [ -84.363251380959809, 42.213011877818751 ], [ -84.363070209408946, 42.213441781626393 ], [ -84.362912951028761, 42.213884053167043 ], [ -84.362790640587605, 42.214375622442631 ], [ -84.362641059138468, 42.215250778637355 ], [ -84.362561555528359, 42.21606682236537 ] ] } },
{ "type": "Feature", "properties": { "road_id": "LEO-ROAD-1304", "segment_id": "LEO-1304-33811043802006038018823" }, "geometry": { "type": "LineString", "coordinates": [ [ -84.284853996854764, 42.210244021645522 ], [ -84.284864108052048, 42.210250739949558 ], [ -84.284920500260711, 42.210314307200626 ], [ -84.285038702629379, 42.210458788520782 ] ] } },
{ "type": "Feature", "properties": { "road_id": "LEO-ROAD-1305", "segment_id": "LEO-1305-33800453801701638010099" }, "geometry": { "type": "LineString", "coordinates": [ [ -84.254926834701507, 42.210234948540631 ], [ -84.254897526459459, 42.210179081774953 ], [ -84.254886646242113, 42.210065301782087 ], [ -84.254883112368589, 42.209941150286468 ], [ -84.254891791314506, 42.209351065503128 ] ] } },
{ "type": "Feature", "properties": { "road_id": "LEO-ROAD-1306", "segment_id": "LEO-1306-17734053801009738010099" }, "geometry": { "type": "LineString", "coordinates": [ [ -84.256508221242029, 42.209360040629321 ], [ -84.254891791314506, 42.209351065503128 ] ] } },
{ "type": "Feature", "properties": { "road_id": "LEO-ROAD-1307", "segment_id": "LEO-1307-33817413801003038010097" }, "geometry": { "type": "LineString", "coordinates": [ [ -84.256534347554762, 42.210313466280176 ], [ -84.256508221242029, 42.209360040629321 ] ] } },
{ "type": "Feature", "properties": { "road_id": "LEO-ROAD-1308", "segment_id": "LEO-1308-9012033801888738010066" }, "geometry": { "type": "LineString", "coordinates": [ [ -84.278425957273143, 42.208927726516777 ], [ -84.278464514656946, 42.210292206605303 ] ] } },
{ "type": "Feature", "properties": { "road_id": "LEO-ROAD-1309", "segment_id": "LEO-1309-33811053801888638018887" }, "geometry": { "type": "LineString", "coordinates": [ [ -84.279200301280127, 42.208928496812355 ], [ -84.278425957273143, 42.208927726516777 ] ] } },
{ "type": "Feature", "properties": { "road_id": "LEO-ROAD-1310", "segment_id": "LEO-1310-33811033801888638020059" }, "geometry": { "type": "LineString", "coordinates": [ [ -84.279200301280127, 42.208928496812355 ], [ -84.279237193968086, 42.210028689121359 ], [ -84.279258144212918, 42.210148732078487 ], [ -84.279319336336741, 42.210242291058094 ], [ -84.279390270709911, 42.210313412298468 ], [ -84.27947094731509, 42.210362094881923 ], [ -84.279581806941991, 42.210418020748854 ], [ -84.279702535019027, 42.210446992175171 ], [ -84.279854077361904, 42.210460628235396 ], [ -84.281017504751603, 42.210468026452858 ] ] } },
{ "type": "Feature", "properties": { "road_id": "LEO-ROAD-1311", "segment_id": "LEO-1311-33800453801009938010165" }, "geometry": { "type": "LineString", "coordinates": [ [ -84.254891791314506, 42.209351065503128 ], [ -84.254890349600132, 42.209224025368876 ], [ -84.25489087930103, 42.209017570696759 ], [ -84.254887516278501, 42.20875301070344 ], [ -84.254912330216868, 42.208358725309019 ] ] } },
{ "type": "Feature", "properties": { "road_id": "LEO-ROAD-1312", "segment_id": "LEO-1312-17734103801016838010169" }, "geometry": { "type": "LineString", "coordinates": [ [ -84.252413711758606, 42.208313691526854 ], [ -84.252125821693383, 42.208316748331427 ], [ -84.251890063816674, 42.208319250656842 ], [ -84.251767240581188, 42.208316488737736 ] ] } },
{ "type": "Feature", "properties": { "road_id": "LEO-ROAD-1313", "segment_id": "LEO-1313-17734103801016738010168" }, "geometry": { "type": "LineString", "coordinates": [ [ -84.253642735387444, 42.208331369570132 ], [ -84.252413711758606, 42.208313691526854 ] ] } },
{ "type": "Feature", "properties": { "road_id": "LEO-ROAD-1314", "segment_id": "LEO-1314-17734103801016538010167" }, "geometry": { "type": "LineString", "coordinates": [ [ -84.254912330216868, 42.208358725309019 ], [ -84.253642735387444, 42.208331369570132 ] ] } },
{ "type": "Feature", "properties": { "road_id": "LEO-ROAD-1315", "segment_id": "LEO-1315-33811043801888638020060" }, "geometry": { "type": "LineString", "coordinates": [ [ -84.279200301280127, 42.208928496812355 ], [ -84.279226186062033, 42.208848411489008 ], [ -84.27927611686934, 42.208776607085312 ], [ -84.27932922746453, 42.208718048039465 ], [ -84.279400079272463, 42.208659763157144 ], [ -84.279483092202952, 42.208610902364029 ], [ -84.279590685599899, 42.208571659353453 ], [ -84.279697872052708, 42.208546924100524 ], [ -84.279803240067693, 42.208532620168207 ], [ -84.282457733369313, 42.208534918628743 ], [ -84.282573548127644, 42.208546002813662 ], [ -84.282673032483757, 42.208566131506643 ], [ -84.282789706322845, 42.208610433228202 ], [ -84.282905788760758, 42.208675976227667 ], [ -84.283006472960892, 42.208781127016749 ], [ -84.283276645362108, 42.209145254354731 ], [ -84.283461641245509, 42.209338373430306 ], [ -84.283625840590403, 42.209498732762526 ], [ -84.283813175212458, 42.209663771567534 ], [ -84.284010196287582, 42.209804516313717 ], [ -84.284270387651404, 42.20995404266688 ], [ -84.284482366321186, 42.210069734479504 ], [ -84.284692471867629, 42.210158064134859 ], [ -84.284784159554476, 42.210197619652121 ], [ -84.284853996854764, 42.210244021645522 ] ] } },
{ "type": "Feature", "properties": { "road_id": "LEO-ROAD-1316", "segment_id": "LEO-1316-33817413801009738010219" }, "geometry": { "type": "LineString", "coordinates": [ [ -84.256508221242029, 42.209360040629321 ], [ -84.256521479184599, 42.207955112935878 ] ] } },
{ "type": "Feature", "properties": { "road_id": "LEO-ROAD-1317", "segment_id": "LEO-1317-9012033802006138018887" }, "geometry": { "type": "LineString", "coordinates": [ [ -84.278386513125838, 42.20729309363746 ], [ -84.278396932219195, 42.208062011146133 ], [ -84.278425957273143, 42.208927726516777 ] ] } },
{ "type": "Feature", "properties": { "road_id": "LEO-ROAD-1318", "segment_id": "LEO-1318-33800453801016538010261" }, "geometry": { "type": "LineString", "coordinates": [ [ -84.254912330216868, 42.208358725309019 ], [ -84.255114541719067, 42.206832941463496 ] ] } },
{ "type": "Feature", "properties": { "road_id": "LEO-ROAD-1319", "segment_id": "LEO-1319-33813463802006138020064" }, "geometry": { "type": "LineString", "coordinates": [ [ -84.278386513125838, 42.20729309363746 ], [ -84.277615406016764, 42.207298554505257 ], [ -84.277500066284091, 42.207295237757329 ], [ -84.277405759442402, 42.207276921423627 ], [ -84.277293167282096, 42.207249126413387 ], [ -84.276976850738365, 42.207135425724424 ], [ -84.276872329288679, 42.207113885339702 ], [ -84.276775533786576, 42.20711085486802 ], [ -84.274032000188612, 42.207110578562379 ] ] } },
{ "type": "Feature", "properties": { "road_id": "LEO-ROAD-1320", "segment_id": "LEO-1320-17735023801030738010168" }, "geometry": { "type": "LineString", "coordinates": [ [ -84.252372671947498, 42.205895758960132 ], [ -84.252361694974198, 42.205947212656639 ], [ -84.252358147220235, 42.205986182950497 ], [ -84.252413711758606, 42.208313691526854 ] ] } },
{ "type": "Feature", "properties": { "road_id": "LEO-ROAD-1321", "segment_id": "LEO-1321-17735013801031638010167" }, "geometry": { "type": "LineString", "coordinates": [ [ -84.253559630003338, 42.205834411374255 ], [ -84.253642735387444, 42.208331369570132 ] ] } },
{ "type": "Feature", "properties": { "road_id": "LEO-ROAD-1322", "segment_id": "LEO-1322-33817403801030738010316" }, "geometry": { "type": "LineString", "coordinates": [ [ -84.252372671947498, 42.205895758960132 ], [ -84.252383999131425, 42.205863681407195 ], [ -84.252424297540315, 42.205832351207334 ], [ -84.252493957922894, 42.205818350721486 ], [ -84.25256803088709, 42.205817036515981 ], [ -84.253559630003338, 42.205834411374255 ] ] } },
{ "type": "Feature", "properties": { "road_id": "LEO-ROAD-1323", "segment_id": "LEO-1323-33817403801031638010318" }, "geometry": { "type": "LineString", "coordinates": [ [ -84.253559630003338, 42.205834411374255 ], [ -84.255186116061253, 42.205853850852719 ] ] } },
{ "type": "Feature", "properties": { "road_id": "LEO-ROAD-1324", "segment_id": "LEO-1324-33800453801026138010318" }, "geometry": { "type": "LineString", "coordinates": [ [ -84.255114541719067, 42.206832941463496 ], [ -84.255186116061253, 42.205853850852719 ] ] } },
{ "type": "Feature", "properties": { "road_id": "LEO-ROAD-1325", "segment_id": "LEO-1325-33817403801031838010320" }, "geometry": { "type": "LineString", "coordinates": [ [ -84.255186116061253, 42.205853850852719 ], [ -84.256062448841604, 42.205860617736434 ], [ -84.257115553394513, 42.205874357699649 ] ] } },
{ "type": "Feature", "properties": { "road_id": "LEO-ROAD-1326", "segment_id": "LEO-1326-17734093801032038010261" }, "geometry": { "type": "LineString", "coordinates": [ [ -84.257115553394513, 42.205874357699649 ], [ -84.25710084739805, 42.206418038303028 ], [ -84.257063422170845, 42.206473434905355 ], [ -84.256989552332172, 42.206549588353035 ], [ -84.256173053966265, 42.206766068853319 ], [ -84.255760858640031, 42.206853675511908 ], [ -84.25561275850562, 42.206857689729382 ], [ -84.255453438742734, 42.206853434919921 ], [ -84.255299548389871, 42.206843027568517 ], [ -84.255114541719067, 42.206832941463496 ] ] } },
{ "type": "Feature", "properties": { "road_id": "LEO-ROAD-1327", "segment_id": "LEO-1327-33817403801032038018187" }, "geometry": { "type": "LineString", "coordinates": [ [ -84.257115553394513, 42.205874357699649 ], [ -84.25726780228787, 42.205865247426132 ], [ -84.257951313367542, 42.205870915537801 ] ] } },
{ "type": "Feature", "properties": { "road_id": "LEO-ROAD-1328", "segment_id": "LEO-1328-33817403801818738010321" }, "geometry": { "type": "LineString", "coordinates": [ [ -84.257951313367542, 42.205870915537801 ], [ -84.258448826127648, 42.205875039419531 ] ] } },
{ "type": "Feature", "properties": { "road_id": "LEO-ROAD-1329", "segment_id": "LEO-1329-33800453801031838010358" }, "geometry": { "type": "LineString", "coordinates": [ [ -84.255186116061253, 42.205853850852719 ], [ -84.255217244298223, 42.205482487698198 ] ] } },
{ "type": "Feature", "properties": { "road_id": "LEO-ROAD-1330", "segment_id": "LEO-1330-9012033802171738020061" }, "geometry": { "type": "LineString", "coordinates": [ [ -84.278365007562883, 42.205046575675937 ], [ -84.278386513125838, 42.20729309363746 ] ] } },
{ "type": "Feature", "properties": { "road_id": "LEO-ROAD-1331", "segment_id": "LEO-1331-33816903802171738021718" }, "geometry": { "type": "LineString", "coordinates": [ [ -84.278365007562883, 42.205046575675937 ], [ -84.27805996468166, 42.205040738152753 ], [ -84.277598589555609, 42.20503197048216 ], [ -84.277218906231042, 42.205039218919673 ], [ -84.277077379414237, 42.205048906187685 ], [ -84.276915581507197, 42.205077173537923 ], [ -84.27679994924668, 42.205106473229939 ], [ -84.276664221224095, 42.205150379472748 ], [ -84.276547152586716, 42.205211317232163 ], [ -84.276448883249373, 42.205276632077108 ], [ -84.276364804817902, 42.205363908065252 ], [ -84.276196329359806, 42.205549938705197 ] ] } },
{ "type": "Feature", "properties": { "road_id": "LEO-ROAD-1332", "segment_id": "LEO-1332-9159023801042238009989" }, "geometry": { "type": "LineString", "coordinates": [ [ -84.26590432101834, 42.204696710771053 ], [ -84.266008459687981, 42.204857720310379 ], [ -84.266085697780554, 42.204971045110049 ], [ -84.266276853567973, 42.205224748295393 ], [ -84.26637665649713, 42.205349317067387 ], [ -84.266406348890996, 42.205431140667102 ], [ -84.266531871031788, 42.205577683723206 ], [ -84.266706821035072, 42.205739825532355 ], [ -84.266931512430162, 42.205906449073098 ], [ -84.267176768526767, 42.206051147048669 ], [ -84.267708201063641, 42.206304104269165 ], [ -84.268016589850745, 42.206509101374095 ], [ -84.268283644246495, 42.206765357963199 ], [ -84.268504693295839, 42.207061680022825 ], [ -84.268670320250109, 42.207383400005149 ], [ -84.268765583342258, 42.207714531216254 ], [ -84.268796496038135, 42.208033848279548 ], [ -84.268817405284523, 42.210941514712189 ] ] } },
{ "type": "Feature", "properties": { "road_id": "LEO-ROAD-1333", "segment_id": "LEO-1333-9012033802006238021717" }, "geometry": { "type": "LineString", "coordinates": [ [ -84.278338095884322, 42.203719669561814 ], [ -84.278365007562883, 42.205046575675937 ] ] } },
{ "type": "Feature", "properties": { "road_id": "LEO-ROAD-1334", "segment_id": "LEO-1334-33813473802006238020065" }, "geometry": { "type": "LineString", "coordinates": [ [ -84.278338095884322, 42.203719669561814 ], [ -84.277596504855993, 42.203715378796218 ], [ -84.276974759706093, 42.203711610343895 ], [ -84.276613236492267, 42.203691383157285 ], [ -84.276333918934554, 42.203687058901707 ], [ -84.276026734924883, 42.203694006927527 ], [ -84.275146797192249, 42.203710967748492 ] ] } },
{ "type": "Feature", "properties": { "road_id": "LEO-ROAD-1335", "segment_id": "LEO-1335-9159023801054738010422" }, "geometry": { "type": "LineString", "coordinates": [ [ -84.264879023832691, 42.202736025597801 ], [ -84.265358716851338, 42.20381322439551 ], [ -84.265800727015915, 42.204553414558838 ], [ -84.26590432101834, 42.204696710771053 ] ] } },
{ "type": "Feature", "properties": { "road_id": "LEO-ROAD-1336", "segment_id": "LEO-1336-9169113801064438010668" }, "geometry": { "type": "LineString", "coordinates": [ [ -84.249125392625501, 42.200956587106823 ], [ -84.249370707697423, 42.200891244736091 ], [ -84.249636114335914, 42.20075563890299 ], [ -84.249882439222617, 42.200616318448844 ] ] } },
{ "type": "Feature", "properties": { "road_id": "LEO-ROAD-1337", "segment_id": "LEO-1337-18341183801054738010788" }, "geometry": { "type": "LineString", "coordinates": [ [ -84.264879023832691, 42.202736025597801 ], [ -84.261673605919952, 42.202696521376154 ], [ -84.259141936905706, 42.202643829690736 ], [ -84.259024628349891, 42.202601327613699 ], [ -84.258953601800741, 42.202538464107242 ], [ -84.258909228548191, 42.202480761072195 ], [ -84.258912451849, 42.202366792929396 ], [ -84.258917045026308, 42.20220438854701 ], [ -84.258899854045268, 42.201998886382384 ], [ -84.258880327483453, 42.201876010913068 ], [ -84.258823205375165, 42.201726893651809 ], [ -84.258811825981041, 42.201587043216563 ], [ -84.258793829631131, 42.201410033504231 ], [ -84.258802012999112, 42.201256235949735 ], [ -84.258769455560838, 42.199696522538389 ], [ -84.258729238385001, 42.199627483400342 ], [ -84.258668814487848, 42.199595183178474 ], [ -84.258504042597707, 42.19959260638808 ], [ -84.257910985180388, 42.199551974533449 ], [ -84.257786865198014, 42.199501318249851 ], [ -84.257735079916912, 42.199400998240343 ], [ -84.257704220518534, 42.199272244671377 ], [ -84.257704556734211, 42.199142080231091 ], [ -84.257720745176428, 42.198954911270704 ], [ -84.257576156825323, 42.198844833416196 ], [ -84.257168603444569, 42.198854066054103 ], [ -84.25667746175786, 42.19884949949607 ], [ -84.256161226142623, 42.198841416475894 ], [ -84.254926856619804, 42.198837690336859 ], [ -84.254177143113736, 42.198838110584916 ] ] } },
{ "type": "Feature", "properties": { "road_id": "LEO-ROAD-1338", "segment_id": "LEO-1338-9159023802532738010547" }, "geometry": { "type": "LineString", "coordinates": [ [ -84.263591045676336, 42.197567099138979 ], [ -84.263590738482677, 42.197590316936456 ], [ -84.263591903286539, 42.197635910973929 ], [ -84.263595674937577, 42.197783438045668 ], [ -84.263589288822899, 42.198009843128638 ], [ -84.263581692565623, 42.198156438907368 ], [ -84.263561199519486, 42.198269371192211 ], [ -84.263566132510377, 42.198415196669771 ], [ -84.263566862844698, 42.198436765003621 ], [ -84.263447988236663, 42.199209952066248 ], [ -84.263459720660023, 42.199428082659246 ], [ -84.263487725179729, 42.199573933725937 ], [ -84.263492922054809, 42.19963691725939 ], [ -84.263515421535232, 42.199763226260245 ], [ -84.263569664183564, 42.199919099277963 ], [ -84.263673616844031, 42.200160525760282 ], [ -84.263949731173341, 42.200771271052375 ], [ -84.264491859444647, 42.20196790994607 ], [ -84.264879023832691, 42.202736025597801 ] ] } },
{ "type": "Feature", "properties": { "road_id": "LEO-ROAD-1339", "segment_id": "LEO-1339-9012033801093538020062" }, "geometry": { "type": "LineString", "coordinates": [ [ -84.278163058083479, 42.197124163371917 ], [ -84.278191132287333, 42.197297403019064 ], [ -84.278257568243376, 42.200516223618926 ], [ -84.27831915516299, 42.202321607358478 ], [ -84.278338095884322, 42.203719669561814 ] ] } },
{ "type": "Feature", "properties": { "road_id": "LEO-ROAD-1340", "segment_id": "LEO-1340-9011073801096638010979" }, "geometry": { "type": "LineString", "coordinates": [ [ -84.280996944977929, 42.196841651980776 ], [ -84.28080839346255, 42.196782678537673 ] ] } },
{ "type": "Feature", "properties": { "road_id": "LEO-ROAD-1341", "segment_id": "LEO-1341-9159023801098938025327" }, "geometry": { "type": "LineString", "coordinates": [ [ -84.26459035932163, 42.196426816498217 ], [ -84.264306084276583, 42.196555586917476 ], [ -84.26403088692139, 42.196715201296591 ], [ -84.263924007783459, 42.196802675901317 ], [ -84.263795288701715, 42.196978950933932 ], [ -84.263697293488079, 42.197126099061101 ], [ -84.263615440226843, 42.197328162330294 ], [ -84.263592667105868, 42.197444501158756 ], [ -84.263591045676336, 42.197567099138979 ] ] } },
{ "type": "Feature", "properties": { "road_id": "LEO-ROAD-1342", "segment_id": "LEO-1342-33806613801100138010935" }, "geometry": { "type": "LineString", "coordinates": [ [ -84.278153415955899, 42.196504014075344 ], [ -84.278163058083479, 42.197124163371917 ] ] } },
{ "type": "Feature", "properties": { "road_id": "LEO-ROAD-1343", "segment_id": "LEO-1343-9012033801100038010935" }, "geometry": { "type": "LineString", "coordinates": [ [ -84.277102052175493, 42.196478081965388 ], [ -84.27742178874577, 42.196532146334746 ], [ -84.277634070979573, 42.196609325442296 ], [ -84.277786177014605, 42.196687518022323 ], [ -84.277878378590543, 42.196757004957263 ], [ -84.278005816909342, 42.196875651143301 ], [ -84.278056030774636, 42.196950322152816 ], [ -84.278163058083479, 42.197124163371917 ] ] } },
{ "type": "Feature", "properties": { "road_id": "LEO-ROAD-1344", "segment_id": "LEO-1344-9011073801100138011000" }, "geometry": { "type": "LineString", "coordinates": [ [ -84.278153415955899, 42.196504014075344 ], [ -84.277287024003812, 42.196479073752144 ], [ -84.277102052175493, 42.196478081965388 ] ] } },
{ "type": "Feature", "properties": { "road_id": "LEO-ROAD-1345", "segment_id": "LEO-1345-9011073801097938021426" }, "geometry": { "type": "LineString", "coordinates": [ [ -84.28080839346255, 42.196782678537673 ], [ -84.2802714117786, 42.196586068467653 ], [ -84.279830781088179, 42.196495395228993 ] ] } },
{ "type": "Feature", "properties": { "road_id": "LEO-ROAD-1346", "segment_id": "LEO-1346-9011073802142638011001" }, "geometry": { "type": "LineString", "coordinates": [ [ -84.279830781088179, 42.196495395228993 ], [ -84.279829118818981, 42.196495053348869 ], [ -84.278153415955899, 42.196504014075344 ] ] } },
{ "type": "Feature", "properties": { "road_id": "LEO-ROAD-1347", "segment_id": "LEO-1347-9011073802142538010966" }, "geometry": { "type": "LineString", "coordinates": [ [ -84.283931120728965, 42.196522713988749 ], [ -84.283457878222478, 42.196576834081206 ], [ -84.283201390309756, 42.196672793630349 ], [ -84.282937595765063, 42.196763088987801 ], [ -84.28263602530221, 42.196869454526706 ], [ -84.282436868001227, 42.196937501950543 ], [ -84.282270829539499, 42.196970480987979 ], [ -84.282100899195598, 42.19698724424331 ], [ -84.281948252157832, 42.197007505300284 ], [ -84.281666296997898, 42.196990228653981 ], [ -84.280996944977929, 42.196841651980776 ] ] } },
{ "type": "Feature", "properties": { "road_id": "LEO-ROAD-1348", "segment_id": "LEO-1348-9011073801100838021425" }, "geometry": { "type": "LineString", "coordinates": [ [ -84.285728729887268, 42.196533960435161 ], [ -84.283945552911916, 42.196521063682944 ], [ -84.283931120728965, 42.196522713988749 ] ] } },
{ "type": "Feature", "properties": { "road_id": "LEO-ROAD-1349", "segment_id": "LEO-1349-9011073801101638011008" }, "geometry": { "type": "LineString", "coordinates": [ [ -84.287973425583857, 42.196546073793776 ], [ -84.285728729887268, 42.196533960435161 ] ] } }
]
}
