road_id,segment_id,road_name,from_street,to_street,jurisdiction,latitude,longitude,road_length_miles,lanes,surface_type,functional_class,pci,condition_date,traffic_level,adt,age_years,freeze_thaw,recommended_treatment,treatment_cost_per_lane_mile,data_status,data_source,data_updated_at
LEO-ROAD-1,LEO-1-33813973802018538025295,Sherwood Rd,,,Leoni Township,42.35005979682404,-84.26125356482281,0.078767,2,Asphalt,Local,65,2026-08-16,Medium,1000,10,Moderate,Crack Seal,1,provisional,Michigan GIS Open Data + Paventra rehearsal assumptions,2026-08-16
LEO-ROAD-2,LEO-2-33813973802529538020180,Sherwood Rd,,,Leoni Township,42.350118124097605,-84.25974752732725,0.046241,2,Asphalt,Local,65,2026-08-16,Medium,1000,10,Moderate,Crack Seal,1,provisional,Michigan GIS Open Data + Paventra rehearsal assumptions,2026-08-16
LEO-ROAD-3,LEO-3-9188083800179838001796,Dunn Rd,,,Leoni Township,42.34983514677192,-84.26348048546191,0.006556,2,Asphalt,Local,65,2026-08-16,Medium,1000,10,Moderate,Crack Seal,1,provisional,Michigan GIS Open Data + Paventra rehearsal assumptions,2026-08-16
LEO-ROAD-4,LEO-4-33813973802018038020181,Sherwood Rd,,,Leoni Township,42.349817314387174,-84.25894154849661,0.045926,2,Asphalt,Local,65,2026-08-16,Medium,1000,10,Moderate,Crack Seal,1,provisional,Michigan GIS Open Data + Paventra rehearsal assumptions,2026-08-16
LEO-ROAD-5,LEO-5-33813973802017838020185,Sherwood Rd,,,Leoni Township,42.3488520462485,-84.26224077945362,0.102076,2,Asphalt,Local,65,2026-08-16,Medium,1000,10,Moderate,Crack Seal,1,provisional,Michigan GIS Open Data + Paventra rehearsal assumptions,2026-08-16
LEO-ROAD-6,LEO-6-9188083802017838001798,Dunn Rd,,,Leoni Township,42.3488520462485,-84.26224077945362,0.092877,2,Asphalt,Local,65,2026-08-16,Medium,1000,10,Moderate,Crack Seal,1,provisional,Michigan GIS Open Data + Paventra rehearsal assumptions,2026-08-16
LEO-ROAD-7,LEO-7-33813983802529338020181,Deerview Way,,,Leoni Township,42.34800325256346,-84.25758673810445,0.110415,2,Asphalt,Local,65,2026-08-16,Medium,1000,10,Moderate,Crack Seal,1,provisional,Michigan GIS Open Data + Paventra rehearsal assumptions,2026-08-16
LEO-ROAD-8,LEO-8-33817083802529238025293,Dunn Rd,,,Leoni Township,42.34795993878658,-84.25817177038964,0.03012,2,Asphalt,Local,65,2026-08-16,Medium,1000,10,Moderate,Crack Seal,1,provisional,Michigan GIS Open Data + Paventra rehearsal assumptions,2026-08-16
LEO-ROAD-9,LEO-9-33813983802018038025292,Deerview Way,,,Leoni Township,42.349817314387174,-84.25894154849661,0.135096,2,Asphalt,Local,65,2026-08-16,Medium,1000,10,Moderate,Crack Seal,1,provisional,Michigan GIS Open Data + Paventra rehearsal assumptions,2026-08-16
LEO-ROAD-10,LEO-10-33817083802529638025292,Dunn Rd,,,Leoni Township,42.34780756099744,-84.25862897472457,0.025972,2,Asphalt,Local,65,2026-08-16,Medium,1000,10,Moderate,Crack Seal,1,provisional,Michigan GIS Open Data + Paventra rehearsal assumptions,2026-08-16
LEO-ROAD-11,LEO-11-33817073802529538025296,Dunn Rd,,,Leoni Township,42.350118124097605,-84.25974752732725,0.170605,2,Asphalt,Local,65,2026-08-16,Medium,1000,10,Moderate,Crack Seal,1,provisional,Michigan GIS Open Data + Paventra rehearsal assumptions,2026-08-16
LEO-ROAD-12,LEO-12-33813973802018138020188,Sherwood Rd,,,Leoni Township,42.34952691291729,-84.2581356123061,0.385456,2,Asphalt,Local,65,2026-08-16,Medium,1000,10,Moderate,Crack Seal,1,provisional,Michigan GIS Open Data + Paventra rehearsal assumptions,2026-08-16
LEO-ROAD-13,LEO-13-33813983802529238025294,Deerview Way,,,Leoni Township,42.34795993878658,-84.25817177038964,0.091023,2,Asphalt,Local,65,2026-08-16,Medium,1000,10,Moderate,Crack Seal,1,provisional,Michigan GIS Open Data + Paventra rehearsal assumptions,2026-08-16
LEO-ROAD-14,LEO-14-33817073802529638025294,Dunn Rd,,,Leoni Township,42.34780756099744,-84.25862897472457,0.099296,2,Asphalt,Local,65,2026-08-16,Medium,1000,10,Moderate,Crack Seal,1,provisional,Michigan GIS Open Data + Paventra rehearsal assumptions,2026-08-16
LEO-ROAD-15,LEO-15-33813983802529438025293,Deerview Way,,,Leoni Township,42.34666119858757,-84.25790415224901,0.121468,2,Asphalt,Local,65,2026-08-16,Medium,1000,10,Moderate,Crack Seal,1,provisional,Michigan GIS Open Data + Paventra rehearsal assumptions,2026-08-16
LEO-ROAD-16,LEO-16-33813993802018838020189,Keane St,,,Leoni Township,42.34687455072322,-84.25219352933583,0.148369,2,Asphalt,Local,65,2026-08-16,Medium,1000,10,Moderate,Crack Seal,1,provisional,Michigan GIS Open Data + Paventra rehearsal assumptions,2026-08-16
LEO-ROAD-17,LEO-17-33813973802018838020189,Sherwood Rd,,,Leoni Township,42.34687455072322,-84.25219352933583,0.072935,2,Asphalt,Local,65,2026-08-16,Medium,1000,10,Moderate,Crack Seal,1,provisional,Michigan GIS Open Data + Paventra rehearsal assumptions,2026-08-16
LEO-ROAD-18,LEO-18-33813973802018938020191,Keane St,,,Leoni Township,42.346205951568706,-84.25120642687098,0.166134,2,Asphalt,Local,65,2026-08-16,Medium,1000,10,Moderate,Crack Seal,1,provisional,Michigan GIS Open Data + Paventra rehearsal assumptions,2026-08-16
LEO-ROAD-19,LEO-19-33814003802019238020191,Lester Cir,,,Leoni Township,42.34308521993849,-84.25257779360767,0.150395,2,Asphalt,Local,65,2026-08-16,Medium,1000,10,Moderate,Crack Seal,1,provisional,Michigan GIS Open Data + Paventra rehearsal assumptions,2026-08-16
LEO-ROAD-20,LEO-20-33813973802019138001949,Keane St,,,Leoni Township,42.34430919611261,-84.25111324254334,0.104546,2,Asphalt,Local,65,2026-08-16,Medium,1000,10,Moderate,Crack Seal,1,provisional,Michigan GIS Open Data + Paventra rehearsal assumptions,2026-08-16
LEO-ROAD-21,LEO-21-33814003800194938020192,Lester Cir,,,Leoni Township,42.342944282975466,-84.2507704829315,0.097717,2,Asphalt,Local,65,2026-08-16,Medium,1000,10,Moderate,Crack Seal,1,provisional,Michigan GIS Open Data + Paventra rehearsal assumptions,2026-08-16
LEO-ROAD-22,LEO-22-33814013802019238020193,Lester Cir,,,Leoni Township,42.34308521993849,-84.25257779360767,0.04378,2,Asphalt,Local,65,2026-08-16,Medium,1000,10,Moderate,Crack Seal,1,provisional,Michigan GIS Open Data + Paventra rehearsal assumptions,2026-08-16
LEO-ROAD-23,LEO-23-9188063801834338001949,Welch Lake Rd,,,Leoni Township,42.34245610163142,-84.25041143730334,0.038991,2,Asphalt,Local,65,2026-08-16,Medium,1000,10,Moderate,Crack Seal,1,provisional,Michigan GIS Open Data + Paventra rehearsal assumptions,2026-08-16
LEO-ROAD-24,LEO-24-33816773802168938021690,Maple Dr,,,Leoni Township,42.34048057039177,-84.27655490899102,0.036439,2,Asphalt,Local,65,2026-08-16,Medium,1000,10,Moderate,Crack Seal,1,provisional,Michigan GIS Open Data + Paventra rehearsal assumptions,2026-08-16
LEO-ROAD-25,LEO-25-33816753802142438021689,Hickory Dr,,,Leoni Township,42.34028457750654,-84.27688246218383,0.021542,2,Asphalt,Local,65,2026-08-16,Medium,1000,10,Moderate,Crack Seal,1,provisional,Michigan GIS Open Data + Paventra rehearsal assumptions,2026-08-16
LEO-ROAD-26,LEO-26-33816763802168538021689,Oak Ave,,,Leoni Township,42.339676377283865,-84.27557379430807,0.074836,2,Asphalt,Local,65,2026-08-16,Medium,1000,10,Moderate,Crack Seal,1,provisional,Michigan GIS Open Data + Paventra rehearsal assumptions,2026-08-16
LEO-ROAD-27,LEO-27-9188173802168538021684,Hill Dr,,,Leoni Township,42.339676377283865,-84.27557379430807,0.02444,2,Asphalt,Local,65,2026-08-16,Medium,1000,10,Moderate,Crack Seal,1,provisional,Michigan GIS Open Data + Paventra rehearsal assumptions,2026-08-16
LEO-ROAD-28,LEO-28-33816753802168438021424,Hickory Dr,,,Leoni Township,42.339645811989946,-84.2760489154651,0.063875,2,Asphalt,Local,65,2026-08-16,Medium,1000,10,Moderate,Crack Seal,1,provisional,Michigan GIS Open Data + Paventra rehearsal assumptions,2026-08-16
LEO-ROAD-29,LEO-29-9188173802168438021424,Hill Dr,,,Leoni Township,42.339645811989946,-84.2760489154651,0.111075,2,Asphalt,Local,65,2026-08-16,Medium,1000,10,Moderate,Crack Seal,1,provisional,Michigan GIS Open Data + Paventra rehearsal assumptions,2026-08-16
LEO-ROAD-30,LEO-30-9188083800205038020178,Dunn Rd,,,Leoni Township,42.3390458153643,-84.25565001100951,0.77182,2,Asphalt,Local,65,2026-08-16,Medium,1000,10,Moderate,Crack Seal,1,provisional,Michigan GIS Open Data + Paventra rehearsal assumptions,2026-08-16
LEO-ROAD-31,LEO-31-9188173800205038002051,Cutler Rd,,,Leoni Township,42.3390458153643,-84.25565001100951,0.008086,2,Asphalt,Local,65,2026-08-16,Medium,1000,10,Moderate,Crack Seal,1,provisional,Michigan GIS Open Data + Paventra rehearsal assumptions,2026-08-16
LEO-ROAD-32,LEO-32-33816783802168638021690,Woods Dr,,,Leoni Township,42.33931963861905,-84.2744108426881,0.117168,2,Asphalt,Local,65,2026-08-16,Medium,1000,10,Moderate,Crack Seal,1,provisional,Michigan GIS Open Data + Paventra rehearsal assumptions,2026-08-16
LEO-ROAD-33,LEO-33-9188173802168638021685,Hill Dr,,,Leoni Township,42.33931963861905,-84.2744108426881,0.069133,2,Asphalt,Local,65,2026-08-16,Medium,1000,10,Moderate,Crack Seal,1,provisional,Michigan GIS Open Data + Paventra rehearsal assumptions,2026-08-16
LEO-ROAD-34,LEO-34-33816773802169038021687,Maple Dr,,,Leoni Township,42.340549323169704,-84.27598721392708,0.201394,2,Asphalt,Local,65,2026-08-16,Medium,1000,10,Moderate,Crack Seal,1,provisional,Michigan GIS Open Data + Paventra rehearsal assumptions,2026-08-16
LEO-ROAD-35,LEO-35-9188173802168738025522,Cutler Rd,,,Leoni Township,42.33923721648265,-84.27317739185706,0.010723,2,Asphalt,Local,65,2026-08-16,Medium,1000,10,Moderate,Crack Seal,1,provisional,Michigan GIS Open Data + Paventra rehearsal assumptions,2026-08-16
LEO-ROAD-36,LEO-36-9188173802552238002052,Cutler Rd,,,Leoni Township,42.33923795160188,-84.27338687986452,0.014482,2,Asphalt,Local,65,2026-08-16,Medium,1000,10,Moderate,Crack Seal,1,provisional,Michigan GIS Open Data + Paventra rehearsal assumptions,2026-08-16
LEO-ROAD-37,LEO-37-9188173800205238021686,Hill Dr,,,Leoni Township,42.339238944244435,-84.27366979818058,0.038338,2,Asphalt,Local,65,2026-08-16,Medium,1000,10,Moderate,Crack Seal,1,provisional,Michigan GIS Open Data + Paventra rehearsal assumptions,2026-08-16
LEO-ROAD-38,LEO-38-9188173800205138017582,Cutler Rd,,,Leoni Township,42.3390471653657,-84.25580797130466,0.47071,2,Asphalt,Local,65,2026-08-16,Medium,1000,10,Moderate,Crack Seal,1,provisional,Michigan GIS Open Data + Paventra rehearsal assumptions,2026-08-16
LEO-ROAD-39,LEO-39-9188173801758238002063,Cutler Rd,,,Leoni Township,42.33895892498399,-84.26489823434758,0.22673,2,Asphalt,Local,65,2026-08-16,Medium,1000,10,Moderate,Crack Seal,1,provisional,Michigan GIS Open Data + Paventra rehearsal assumptions,2026-08-16
LEO-ROAD-40,LEO-40-33816793800205238021692,McCombe Dr,,,Leoni Township,42.339238944244435,-84.27366979818058,0.021332,2,Asphalt,Local,65,2026-08-16,Medium,1000,10,Moderate,Crack Seal,1,provisional,Michigan GIS Open Data + Paventra rehearsal assumptions,2026-08-16
LEO-ROAD-41,LEO-41-9188173800206338021687,Cutler Rd,,,Leoni Township,42.338942837560076,-84.26931218306318,0.200129,2,Asphalt,Local,65,2026-08-16,Medium,1000,10,Moderate,Crack Seal,1,provisional,Michigan GIS Open Data + Paventra rehearsal assumptions,2026-08-16
LEO-ROAD-42,LEO-42-9188063800204738018343,Welch Lake Rd,,,Leoni Township,42.33852608110142,-84.25041049118083,0.271149,2,Asphalt,Local,65,2026-08-16,Medium,1000,10,Moderate,Crack Seal,1,provisional,Michigan GIS Open Data + Paventra rehearsal assumptions,2026-08-16
LEO-ROAD-43,LEO-43-9188173800204738002050,Cutler Rd,,,Leoni Township,42.33852608110142,-84.25041049118083,0.287883,2,Asphalt,Local,65,2026-08-16,Medium,1000,10,Moderate,Crack Seal,1,provisional,Michigan GIS Open Data + Paventra rehearsal assumptions,2026-08-16
LEO-ROAD-44,LEO-44-33816793802169238021688,McCombe Dr,,,Leoni Township,42.339009944268376,-84.27394979757388,0.17263,2,Asphalt,Local,65,2026-08-16,Medium,1000,10,Moderate,Crack Seal,1,provisional,Michigan GIS Open Data + Paventra rehearsal assumptions,2026-08-16
LEO-ROAD-45,LEO-45-33816793802168838021693,McCombe Dr,,,Leoni Township,42.33809521085137,-84.2766806665859,0.047562,2,Asphalt,Local,65,2026-08-16,Medium,1000,10,Moderate,Crack Seal,1,provisional,Michigan GIS Open Data + Paventra rehearsal assumptions,2026-08-16
LEO-ROAD-46,LEO-46-33816803802169238021691,Darin Dr,,,Leoni Township,42.339009944268376,-84.27394979757388,0.119793,2,Asphalt,Local,65,2026-08-16,Medium,1000,10,Moderate,Crack Seal,1,provisional,Michigan GIS Open Data + Paventra rehearsal assumptions,2026-08-16
LEO-ROAD-47,LEO-47-9186043800237238002366,Wooster Rd,,,Leoni Township,42.33156058991855,-84.30648578317114,0.010965,2,Asphalt,Local,65,2026-08-16,Medium,1000,10,Moderate,Crack Seal,1,provisional,Michigan GIS Open Data + Paventra rehearsal assumptions,2026-08-16
LEO-ROAD-48,LEO-48-9186043800266538002372,Wooster Rd,,,Leoni Township,42.32344316025343,-84.30361381373667,0.591145,2,Asphalt,Local,65,2026-08-16,Medium,1000,10,Moderate,Crack Seal,1,provisional,Michigan GIS Open Data + Paventra rehearsal assumptions,2026-08-16
LEO-ROAD-49,LEO-49-9188063800270038002047,Welch Lake Rd,,,Leoni Township,42.32107038237339,-84.25030808339882,1.212708,2,Asphalt,Local,65,2026-08-16,Medium,1000,10,Moderate,Crack Seal,1,provisional,Michigan GIS Open Data + Paventra rehearsal assumptions,2026-08-16
LEO-ROAD-50,LEO-50-9186073800270138002700,Seymour Rd,,,Leoni Township,42.32107149880102,-84.26018012338912,0.50591,2,Asphalt,Local,65,2026-08-16,Medium,1000,10,Moderate,Crack Seal,1,provisional,Michigan GIS Open Data + Paventra rehearsal assumptions,2026-08-16
LEO-ROAD-51,LEO-51-9186073800270438002701,Seymour Rd,,,Leoni Township,42.32122102057811,-84.27004399199035,0.505146,2,Asphalt,Local,65,2026-08-16,Medium,1000,10,Moderate,Crack Seal,1,provisional,Michigan GIS Open Data + Paventra rehearsal assumptions,2026-08-16
LEO-ROAD-52,LEO-52-9186043800272538002665,Wooster Rd,,,Leoni Township,42.32115643785758,-84.30360809076984,0.157888,2,Asphalt,Local,65,2026-08-16,Medium,1000,10,Moderate,Crack Seal,1,provisional,Michigan GIS Open Data + Paventra rehearsal assumptions,2026-08-16
LEO-ROAD-53,LEO-53-9186073800272838002711,Seymour Rd,,,Leoni Township,42.32103557593414,-84.3029590725169,0.753889,2,Asphalt,Local,65,2026-08-16,Medium,1000,10,Moderate,Crack Seal,1,provisional,Michigan GIS Open Data + Paventra rehearsal assumptions,2026-08-16
LEO-ROAD-54,LEO-54-9186073800274138002728,Seymour Rd,,,Leoni Township,42.320808127760344,-84.3036048220011,0.036799,2,Asphalt,Local,65,2026-08-16,Medium,1000,10,Moderate,Crack Seal,1,provisional,Michigan GIS Open Data + Paventra rehearsal assumptions,2026-08-16
LEO-ROAD-55,LEO-55-9186043800274138002725,Wooster Rd,,,Leoni Township,42.320808127760344,-84.3036048220011,0.024032,2,Asphalt,Local,65,2026-08-16,Medium,1000,10,Moderate,Crack Seal,1,provisional,Michigan GIS Open Data + Paventra rehearsal assumptions,2026-08-16
LEO-ROAD-56,LEO-56-9186073800275838002704,Seymour Rd,,,Leoni Township,42.320072608207845,-84.28240980116483,0.643829,2,Asphalt,Local,65,2026-08-16,Medium,1000,10,Moderate,Crack Seal,1,provisional,Michigan GIS Open Data + Paventra rehearsal assumptions,2026-08-16
LEO-ROAD-57,LEO-57-9186073800271138002758,Seymour Rd,,,Leoni Township,42.321201879362626,-84.28823699655342,0.316085,2,Asphalt,Local,65,2026-08-16,Medium,1000,10,Moderate,Crack Seal,1,provisional,Michigan GIS Open Data + Paventra rehearsal assumptions,2026-08-16
LEO-ROAD-58,LEO-58-9208073801816238002769,Sandhill Ct,,,Leoni Township,42.31968601665254,-84.28684841496168,0.007405,2,Asphalt,Local,65,2026-08-16,Medium,1000,10,Moderate,Crack Seal,1,provisional,Michigan GIS Open Data + Paventra rehearsal assumptions,2026-08-16
LEO-ROAD-59,LEO-59-9208073801816438018162,Sandhill Ct,,,Leoni Township,42.319639375033816,-84.28695856932916,0.006494,2,Asphalt,Local,65,2026-08-16,Medium,1000,10,Moderate,Crack Seal,1,provisional,Michigan GIS Open Data + Paventra rehearsal assumptions,2026-08-16
LEO-ROAD-60,LEO-60-9208073800278138018164,Sandhill Ct,,,Leoni Township,42.31935544615478,-84.28762912091555,0.039529,2,Asphalt,Local,65,2026-08-16,Medium,1000,10,Moderate,Crack Seal,1,provisional,Michigan GIS Open Data + Paventra rehearsal assumptions,2026-08-16
LEO-ROAD-61,LEO-61-9192053800278138002711,Fairlane Rd,,,Leoni Township,42.31935544615478,-84.28762912091555,0.135293,2,Asphalt,Local,65,2026-08-16,Medium,1000,10,Moderate,Crack Seal,1,provisional,Michigan GIS Open Data + Paventra rehearsal assumptions,2026-08-16
LEO-ROAD-62,LEO-62-9208063801816338002779,Crane Ct,,,Leoni Township,42.31905222814387,-84.28572244110651,0.011421,2,Asphalt,Local,65,2026-08-16,Medium,1000,10,Moderate,Crack Seal,1,provisional,Michigan GIS Open Data + Paventra rehearsal assumptions,2026-08-16
LEO-ROAD-63,LEO-63-9208063800280438018163,Crane Ct,,,Leoni Township,42.3183036196026,-84.28584797845446,0.053563,2,Asphalt,Local,65,2026-08-16,Medium,1000,10,Moderate,Crack Seal,1,provisional,Michigan GIS Open Data + Paventra rehearsal assumptions,2026-08-16
LEO-ROAD-64,LEO-64-9192053800280438002781,Fairlane Rd,,,Leoni Township,42.3183036196026,-84.28584797845446,0.11923,2,Asphalt,Local,65,2026-08-16,Medium,1000,10,Moderate,Crack Seal,1,provisional,Michigan GIS Open Data + Paventra rehearsal assumptions,2026-08-16
LEO-ROAD-65,LEO-65-33814073800280438002828,Seymour Rd,,,Leoni Township,42.3183036196026,-84.28584797845446,0.067752,2,Asphalt,Local,65,2026-08-16,Medium,1000,10,Moderate,Crack Seal,1,provisional,Michigan GIS Open Data + Paventra rehearsal assumptions,2026-08-16
LEO-ROAD-66,LEO-66-33814073800282838020234,Seymour Rd,,,Leoni Township,42.31741961597374,-84.2854167011048,0.207399,2,Asphalt,Local,65,2026-08-16,Medium,1000,10,Moderate,Crack Seal,1,provisional,Michigan GIS Open Data + Paventra rehearsal assumptions,2026-08-16
LEO-ROAD-67,LEO-67-9186043800289238002741,Seymour Rd,,,Leoni Township,42.314763961884175,-84.30844850923368,0.486329,2,Asphalt,Local,65,2026-08-16,Medium,1000,10,Moderate,Crack Seal,1,provisional,Michigan GIS Open Data + Paventra rehearsal assumptions,2026-08-16
LEO-ROAD-68,LEO-68-9186043800292038002892,Seymour Rd,,,Leoni Township,42.313679388570755,-84.3093303305157,0.087507,2,Asphalt,Local,65,2026-08-16,Medium,1000,10,Moderate,Crack Seal,1,provisional,Michigan GIS Open Data + Paventra rehearsal assumptions,2026-08-16
LEO-ROAD-69,LEO-69-9186163800292038002916,Saint John Rd,,,Leoni Township,42.313679388570755,-84.3093303305157,0.159864,2,Asphalt,Local,65,2026-08-16,Medium,1000,10,Moderate,Crack Seal,1,provisional,Michigan GIS Open Data + Paventra rehearsal assumptions,2026-08-16
LEO-ROAD-70,LEO-70-9186163800291638002919,Saint John Rd,,,Leoni Township,42.313657155418184,-84.31245210143261,0.087278,2,Asphalt,Local,65,2026-08-16,Medium,1000,10,Moderate,Crack Seal,1,provisional,Michigan GIS Open Data + Paventra rehearsal assumptions,2026-08-16
LEO-ROAD-71,LEO-71-9186163800291938002914,Saint John Rd,,,Leoni Township,42.31365736045911,-84.31415651917384,0.072858,2,Asphalt,Local,65,2026-08-16,Medium,1000,10,Moderate,Crack Seal,1,provisional,Michigan GIS Open Data + Paventra rehearsal assumptions,2026-08-16
LEO-ROAD-72,LEO-72-8986093800293438002743,Hawkins Rd,,,Leoni Township,42.3134442757566,-84.33893323692627,0.532717,2,Asphalt,Local,65,2026-08-16,Medium,1000,10,Moderate,Crack Seal,1,provisional,Michigan GIS Open Data + Paventra rehearsal assumptions,2026-08-16
LEO-ROAD-73,LEO-73-9129103800294238002934,Dalton Rd,,,Leoni Township,42.313328396891166,-84.34883404993266,0.507086,2,Asphalt,Local,65,2026-08-16,Medium,1000,10,Moderate,Crack Seal,1,provisional,Michigan GIS Open Data + Paventra rehearsal assumptions,2026-08-16
LEO-ROAD-74,LEO-74-9129103800294438002942,Dalton Rd,,,Leoni Township,42.313296595327216,-84.35106270572912,0.114144,2,Asphalt,Local,65,2026-08-16,Medium,1000,10,Moderate,Crack Seal,1,provisional,Michigan GIS Open Data + Paventra rehearsal assumptions,2026-08-16
LEO-ROAD-75,LEO-75-9129103802550838002944,Dalton Rd,,,Leoni Township,42.313171996195734,-84.35826261532864,0.370134,2,Asphalt,Local,65,2026-08-16,Medium,1000,10,Moderate,Crack Seal,1,provisional,Michigan GIS Open Data + Paventra rehearsal assumptions,2026-08-16
LEO-ROAD-76,LEO-76-9186043800294938002920,Seymour Rd,,,Leoni Township,42.31239406903963,-84.30937796243902,0.088713,2,Asphalt,Local,65,2026-08-16,Medium,1000,10,Moderate,Crack Seal,1,provisional,Michigan GIS Open Data + Paventra rehearsal assumptions,2026-08-16
LEO-ROAD-77,LEO-77-9188063800299438002700,Welch Lake Rd,,,Leoni Township,42.310127248828834,-84.25034700073303,0.755065,2,Asphalt,Local,65,2026-08-16,Medium,1000,10,Moderate,Crack Seal,1,provisional,Michigan GIS Open Data + Paventra rehearsal assumptions,2026-08-16
LEO-ROAD-78,LEO-78-33800433800299238002701,Race Rd,,,Leoni Township,42.31026033592531,-84.26009800523101,0.745927,2,Asphalt,Local,65,2026-08-16,Medium,1000,10,Moderate,Crack Seal,1,provisional,Michigan GIS Open Data + Paventra rehearsal assumptions,2026-08-16
LEO-ROAD-79,LEO-79-9188013800299238002994,Glenn Rd,,,Leoni Township,42.31026033592531,-84.26009800523101,0.586627,2,Asphalt,Local,65,2026-08-16,Medium,1000,10,Moderate,Crack Seal,1,provisional,Michigan GIS Open Data + Paventra rehearsal assumptions,2026-08-16
LEO-ROAD-80,LEO-80-9188013800301238002992,Glenn Rd,,,Leoni Township,42.3094932711147,-84.26999925550824,0.519172,2,Asphalt,Local,65,2026-08-16,Medium,1000,10,Moderate,Crack Seal,1,provisional,Michigan GIS Open Data + Paventra rehearsal assumptions,2026-08-16
LEO-ROAD-81,LEO-81-9187103800301238002704,Updyke Rd,,,Leoni Township,42.3094932711147,-84.26999925550824,0.80916,2,Asphalt,Local,65,2026-08-16,Medium,1000,10,Moderate,Crack Seal,1,provisional,Michigan GIS Open Data + Paventra rehearsal assumptions,2026-08-16
LEO-ROAD-82,LEO-82-9129103800310538025508,Dalton Rd,,,Leoni Township,42.30851077410968,-84.35851298434218,0.326173,2,Asphalt,Local,65,2026-08-16,Medium,1000,10,Moderate,Crack Seal,1,provisional,Michigan GIS Open Data + Paventra rehearsal assumptions,2026-08-16
LEO-ROAD-83,LEO-83-9187103800313338003012,Updyke Rd,,,Leoni Township,42.306635459908115,-84.2699482615747,0.197189,2,Asphalt,Local,65,2026-08-16,Medium,1000,10,Moderate,Crack Seal,1,provisional,Michigan GIS Open Data + Paventra rehearsal assumptions,2026-08-16
LEO-ROAD-84,LEO-84-9186053800313838003133,Smith Rd,,,Leoni Township,42.306574574043616,-84.28699225664894,0.872884,2,Asphalt,Local,65,2026-08-16,Medium,1000,10,Moderate,Crack Seal,1,provisional,Michigan GIS Open Data + Paventra rehearsal assumptions,2026-08-16
LEO-ROAD-85,LEO-85-9186053800314538003138,Smith Rd,,,Leoni Township,42.306516706409276,-84.29459058357065,0.389153,2,Asphalt,Local,65,2026-08-16,Medium,1000,10,Moderate,Crack Seal,1,provisional,Michigan GIS Open Data + Paventra rehearsal assumptions,2026-08-16
LEO-ROAD-86,LEO-86-9186043800316338002949,Seymour Rd,,,Leoni Township,42.306434636208174,-84.30936443751791,0.411409,2,Asphalt,Local,65,2026-08-16,Medium,1000,10,Moderate,Crack Seal,1,provisional,Michigan GIS Open Data + Paventra rehearsal assumptions,2026-08-16
LEO-ROAD-87,LEO-87-9186053800316338003145,Smith Rd,,,Leoni Township,42.306434636208174,-84.30936443751791,0.756883,2,Asphalt,Local,65,2026-08-16,Medium,1000,10,Moderate,Crack Seal,1,provisional,Michigan GIS Open Data + Paventra rehearsal assumptions,2026-08-16
LEO-ROAD-88,LEO-88-8986093800317738002934,Hawkins Rd,,,Leoni Township,42.30638616536213,-84.33882996371017,0.486995,2,Asphalt,Local,65,2026-08-16,Medium,1000,10,Moderate,Crack Seal,1,provisional,Michigan GIS Open Data + Paventra rehearsal assumptions,2026-08-16
LEO-ROAD-89,LEO-89-9186043800320938003163,Seymour Rd,,,Leoni Township,42.305451187393444,-84.31055132953665,0.091238,2,Asphalt,Local,65,2026-08-16,Medium,1000,10,Moderate,Crack Seal,1,provisional,Michigan GIS Open Data + Paventra rehearsal assumptions,2026-08-16
LEO-ROAD-90,LEO-90-33814083802022838020227,Kentucky Dr,,,Leoni Township,42.30284031391643,-84.25400886529678,0.050685,2,Asphalt,Local,65,2026-08-16,Medium,1000,10,Moderate,Crack Seal,1,provisional,Michigan GIS Open Data + Paventra rehearsal assumptions,2026-08-16
LEO-ROAD-91,LEO-91-33807773800326938020228,Lakeshore Dr,,,Leoni Township,42.30247550838205,-84.25393250120608,0.02622,2,Asphalt,Local,65,2026-08-16,Medium,1000,10,Moderate,Crack Seal,1,provisional,Michigan GIS Open Data + Paventra rehearsal assumptions,2026-08-16
LEO-ROAD-92,LEO-92-33807773802154738003269,Lakeshore Dr,,,Leoni Township,42.30157981277881,-84.25400441061382,0.063028,2,Asphalt,Local,65,2026-08-16,Medium,1000,10,Moderate,Crack Seal,1,provisional,Michigan GIS Open Data + Paventra rehearsal assumptions,2026-08-16
LEO-ROAD-93,LEO-93-33807773800330938021547,Lakeshore Dr,,,Leoni Township,42.301322058112866,-84.25934681543352,0.275093,2,Asphalt,Local,65,2026-08-16,Medium,1000,10,Moderate,Crack Seal,1,provisional,Michigan GIS Open Data + Paventra rehearsal assumptions,2026-08-16
LEO-ROAD-94,LEO-94-33800433800330938002992,Race Rd,,,Leoni Township,42.301322058112866,-84.25934681543352,0.618866,2,Asphalt,Local,65,2026-08-16,Medium,1000,10,Moderate,Crack Seal,1,provisional,Michigan GIS Open Data + Paventra rehearsal assumptions,2026-08-16
LEO-ROAD-95,LEO-95-33816053802154738021465,Lakeshore Dr,,,Leoni Township,42.30157981277881,-84.25400441061382,0.06042,2,Asphalt,Local,65,2026-08-16,Medium,1000,10,Moderate,Crack Seal,1,provisional,Michigan GIS Open Data + Paventra rehearsal assumptions,2026-08-16
LEO-ROAD-96,LEO-96-33814093802022638020224,Lakewood Dr,,,Leoni Township,42.29934184509116,-84.25201068347808,0.027003,2,Asphalt,Local,65,2026-08-16,Medium,1000,10,Moderate,Crack Seal,1,provisional,Michigan GIS Open Data + Paventra rehearsal assumptions,2026-08-16
LEO-ROAD-97,LEO-97-33817013802174938021750,Michael Ct,,,Leoni Township,42.29998258605603,-84.2944622005452,0.146981,2,Asphalt,Local,65,2026-08-16,Medium,1000,10,Moderate,Crack Seal,1,provisional,Michigan GIS Open Data + Paventra rehearsal assumptions,2026-08-16
LEO-ROAD-98,LEO-98-9187093802174938003145,Walz Rd,,,Leoni Township,42.29998258605603,-84.2944622005452,0.450862,2,Asphalt,Local,65,2026-08-16,Medium,1000,10,Moderate,Crack Seal,1,provisional,Michigan GIS Open Data + Paventra rehearsal assumptions,2026-08-16
LEO-ROAD-99,LEO-99-33814093802138238020226,Chicago Dr,,,Leoni Township,42.299202358850806,-84.25219080408012,0.013998,2,Asphalt,Local,65,2026-08-16,Medium,1000,10,Moderate,Crack Seal,1,provisional,Michigan GIS Open Data + Paventra rehearsal assumptions,2026-08-16
LEO-ROAD-100,LEO-100-33815603802138238021383,Lovers Ln,,,Leoni Township,42.299202358850806,-84.25219080408012,0.026525,2,Asphalt,Local,65,2026-08-16,Medium,1000,10,Moderate,Crack Seal,1,provisional,Michigan GIS Open Data + Paventra rehearsal assumptions,2026-08-16
LEO-ROAD-101,LEO-101-33800433801908038003309,Race Rd,,,Leoni Township,42.299187679143515,-84.25949139471095,0.149749,2,Asphalt,Local,65,2026-08-16,Medium,1000,10,Moderate,Crack Seal,1,provisional,Michigan GIS Open Data + Paventra rehearsal assumptions,2026-08-16
LEO-ROAD-102,LEO-102-9187093802538038021749,Walz Rd,,,Leoni Township,42.29898406509749,-84.29444258414325,0.068899,2,Asphalt,Local,65,2026-08-16,Medium,1000,10,Moderate,Crack Seal,1,provisional,Michigan GIS Open Data + Paventra rehearsal assumptions,2026-08-16
LEO-ROAD-103,LEO-103-9186043800343238003209,Seymour Rd,,,Leoni Township,42.299088796726565,-84.31483438147369,0.525797,2,Asphalt,Local,65,2026-08-16,Medium,1000,10,Moderate,Crack Seal,1,provisional,Michigan GIS Open Data + Paventra rehearsal assumptions,2026-08-16
LEO-ROAD-104,LEO-104-8977053802537738003432,Sargent Rd,,,Leoni Township,42.29898111067384,-84.30920610264486,0.292299,2,Asphalt,Local,65,2026-08-16,Medium,1000,10,Moderate,Crack Seal,1,provisional,Michigan GIS Open Data + Paventra rehearsal assumptions,2026-08-16
LEO-ROAD-105,LEO-105-9130023800343538003432,Seymour Rd,,,Leoni Township,42.299059266958466,-84.3158856745431,0.053885,2,Asphalt,Local,65,2026-08-16,Medium,1000,10,Moderate,Crack Seal,1,provisional,Michigan GIS Open Data + Paventra rehearsal assumptions,2026-08-16
LEO-ROAD-106,LEO-106-9130023802537638003435,Trumble Rd,,,Leoni Township,42.29906980356263,-84.32499891304013,0.466778,2,Asphalt,Local,65,2026-08-16,Medium,1000,10,Moderate,Crack Seal,1,provisional,Michigan GIS Open Data + Paventra rehearsal assumptions,2026-08-16
LEO-ROAD-107,LEO-107-33815613802138138021384,Highland Dr,,,Leoni Township,42.297942101658705,-84.2522337422156,0.093824,2,Asphalt,Local,65,2026-08-16,Medium,1000,10,Moderate,Crack Seal,1,provisional,Michigan GIS Open Data + Paventra rehearsal assumptions,2026-08-16
LEO-ROAD-108,LEO-108-33814093802138138021382,Chicago Dr,,,Leoni Township,42.297942101658705,-84.2522337422156,0.087263,2,Asphalt,Local,65,2026-08-16,Medium,1000,10,Moderate,Crack Seal,1,provisional,Michigan GIS Open Data + Paventra rehearsal assumptions,2026-08-16
LEO-ROAD-109,LEO-109-9130023800345338025376,Trumble Rd,,,Leoni Township,42.299055027610166,-84.32746989510063,0.126571,2,Asphalt,Local,65,2026-08-16,Medium,1000,10,Moderate,Crack Seal,1,provisional,Michigan GIS Open Data + Paventra rehearsal assumptions,2026-08-16
LEO-ROAD-110,LEO-110-03800340338003455,Unnamed Road,,,Leoni Township,42.298910376085395,-84.2503249251442,0.082548,2,Asphalt,Local,65,2026-08-16,Medium,1000,10,Moderate,Crack Seal,1,provisional,Michigan GIS Open Data + Paventra rehearsal assumptions,2026-08-16
LEO-ROAD-111,LEO-111-33809863800346238003441,Top Of The World Dr,,,Leoni Township,42.29775540644409,-84.26003323346177,0.2072,2,Asphalt,Local,65,2026-08-16,Medium,1000,10,Moderate,Crack Seal,1,provisional,Michigan GIS Open Data + Paventra rehearsal assumptions,2026-08-16
LEO-ROAD-112,LEO-112-33800433800346238019080,Race Rd,,,Leoni Township,42.29775540644409,-84.26003323346177,0.102901,2,Asphalt,Local,65,2026-08-16,Medium,1000,10,Moderate,Crack Seal,1,provisional,Michigan GIS Open Data + Paventra rehearsal assumptions,2026-08-16
LEO-ROAD-113,LEO-113-9130023800346838003453,Trumble Rd,,,Leoni Township,42.29889203440881,-84.33876496133877,0.578677,2,Asphalt,Local,65,2026-08-16,Medium,1000,10,Moderate,Crack Seal,1,provisional,Michigan GIS Open Data + Paventra rehearsal assumptions,2026-08-16
LEO-ROAD-114,LEO-114-8986093800346838003177,Hawkins Rd,,,Leoni Township,42.29889203440881,-84.33876496133877,0.517073,2,Asphalt,Local,65,2026-08-16,Medium,1000,10,Moderate,Crack Seal,1,provisional,Michigan GIS Open Data + Paventra rehearsal assumptions,2026-08-16
LEO-ROAD-115,LEO-115-9187093802537938025380,Walz Rd,,,Leoni Township,42.298218832246455,-84.2944275515103,0.052802,2,Asphalt,Local,65,2026-08-16,Medium,1000,10,Moderate,Crack Seal,1,provisional,Michigan GIS Open Data + Paventra rehearsal assumptions,2026-08-16
LEO-ROAD-116,LEO-116-9130023800347038003468,Trumble Rd,,,Leoni Township,42.29889051693452,-84.33967982426587,0.046858,2,Asphalt,Local,65,2026-08-16,Medium,1000,10,Moderate,Crack Seal,1,provisional,Michigan GIS Open Data + Paventra rehearsal assumptions,2026-08-16
LEO-ROAD-117,LEO-117-33814093802022138021381,Chicago Dr,,,Leoni Township,42.29714616042273,-84.25220080547848,0.054944,2,Asphalt,Local,65,2026-08-16,Medium,1000,10,Moderate,Crack Seal,1,provisional,Michigan GIS Open Data + Paventra rehearsal assumptions,2026-08-16
LEO-ROAD-118,LEO-118-33809863800344138020221,Chicago Dr,,,Leoni Township,42.298025774018896,-84.25624903310856,0.257479,2,Asphalt,Local,65,2026-08-16,Medium,1000,10,Moderate,Crack Seal,1,provisional,Michigan GIS Open Data + Paventra rehearsal assumptions,2026-08-16
LEO-ROAD-119,LEO-119-9130023800350938003470,Trumble Rd,,,Leoni Township,42.29866525683582,-84.3585103552248,0.964751,2,Asphalt,Local,65,2026-08-16,Medium,1000,10,Moderate,Crack Seal,1,provisional,Michigan GIS Open Data + Paventra rehearsal assumptions,2026-08-16
LEO-ROAD-120,LEO-120-9129103800350938003105,Dalton Rd,,,Leoni Township,42.29866525683582,-84.3585103552248,0.679312,2,Asphalt,Local,65,2026-08-16,Medium,1000,10,Moderate,Crack Seal,1,provisional,Michigan GIS Open Data + Paventra rehearsal assumptions,2026-08-16
LEO-ROAD-121,LEO-121-33814103802022138020225,Chicago Dr,,,Leoni Township,42.29714616042273,-84.25220080547848,0.0413,2,Asphalt,Local,65,2026-08-16,Medium,1000,10,Moderate,Crack Seal,1,provisional,Michigan GIS Open Data + Paventra rehearsal assumptions,2026-08-16
LEO-ROAD-122,LEO-122-33800433801907838003462,Race Rd,,,Leoni Township,42.29573433042887,-84.26003310094988,0.139442,2,Asphalt,Local,65,2026-08-16,Medium,1000,10,Moderate,Crack Seal,1,provisional,Michigan GIS Open Data + Paventra rehearsal assumptions,2026-08-16
LEO-ROAD-123,LEO-123-9021073800355438003435,Seymour Rd,,,Leoni Township,42.296526401461556,-84.317826436278,0.204988,2,Asphalt,Local,65,2026-08-16,Medium,1000,10,Moderate,Crack Seal,1,provisional,Michigan GIS Open Data + Paventra rehearsal assumptions,2026-08-16
LEO-ROAD-124,LEO-124-9187103800360038003133,Updyke Rd,,,Leoni Township,42.294489380210855,-84.27128499435666,0.907666,2,Asphalt,Local,65,2026-08-16,Medium,1000,10,Moderate,Crack Seal,1,provisional,Michigan GIS Open Data + Paventra rehearsal assumptions,2026-08-16
LEO-ROAD-125,LEO-125-9187093800371838025379,Walz Rd,,,Leoni Township,42.29444525978691,-84.29436978401405,0.260379,2,Asphalt,Local,65,2026-08-16,Medium,1000,10,Moderate,Crack Seal,1,provisional,Michigan GIS Open Data + Paventra rehearsal assumptions,2026-08-16
LEO-ROAD-126,LEO-126-9129103800363738003509,Dalton Rd,,,Leoni Township,42.294996231871345,-84.35842248388634,0.25318,2,Asphalt,Local,65,2026-08-16,Medium,1000,10,Moderate,Crack Seal,1,provisional,Michigan GIS Open Data + Paventra rehearsal assumptions,2026-08-16
LEO-ROAD-127,LEO-127-9129083800363538003637,McGill Rd,,,Leoni Township,42.295055290133035,-84.36178689644242,0.17238,2,Asphalt,Local,65,2026-08-16,Medium,1000,10,Moderate,Crack Seal,1,provisional,Michigan GIS Open Data + Paventra rehearsal assumptions,2026-08-16
LEO-ROAD-128,LEO-128-33807713800371838003751,Ellen Ln,,,Leoni Township,42.29444525978691,-84.29436978401405,0.346042,2,Asphalt,Local,65,2026-08-16,Medium,1000,10,Moderate,Crack Seal,1,provisional,Michigan GIS Open Data + Paventra rehearsal assumptions,2026-08-16
LEO-ROAD-129,LEO-129-9129083800365338003635,McGill Rd,,,Leoni Township,42.29478526668752,-84.36494433309832,0.162877,2,Asphalt,Local,65,2026-08-16,Medium,1000,10,Moderate,Crack Seal,1,provisional,Michigan GIS Open Data + Paventra rehearsal assumptions,2026-08-16
LEO-ROAD-130,LEO-130-33800433800366238019078,Race Rd,,,Leoni Township,42.29291263454207,-84.26003291749528,0.194679,2,Asphalt,Local,65,2026-08-16,Medium,1000,10,Moderate,Crack Seal,1,provisional,Michigan GIS Open Data + Paventra rehearsal assumptions,2026-08-16
LEO-ROAD-131,LEO-131-8977053800367238025377,Sargent Rd,,,Leoni Township,42.29364026097436,-84.30913377982537,0.368592,2,Asphalt,Local,65,2026-08-16,Medium,1000,10,Moderate,Crack Seal,1,provisional,Michigan GIS Open Data + Paventra rehearsal assumptions,2026-08-16
LEO-ROAD-132,LEO-132-33800433800369838003662,Race Rd,,,Leoni Township,42.29251953584859,-84.2600513292477,0.027138,2,Asphalt,Local,65,2026-08-16,Medium,1000,10,Moderate,Crack Seal,1,provisional,Michigan GIS Open Data + Paventra rehearsal assumptions,2026-08-16
LEO-ROAD-133,LEO-133-9188053800366238003699,Cedar Knoll Dr,,,Leoni Township,42.29291263454207,-84.26003291749528,0.502305,2,Asphalt,Local,65,2026-08-16,Medium,1000,10,Moderate,Crack Seal,1,provisional,Michigan GIS Open Data + Paventra rehearsal assumptions,2026-08-16
LEO-ROAD-134,LEO-134-9129103800371738003637,Dalton Rd,,,Leoni Township,42.293514102607254,-84.35839725323319,0.102266,2,Asphalt,Local,65,2026-08-16,Medium,1000,10,Moderate,Crack Seal,1,provisional,Michigan GIS Open Data + Paventra rehearsal assumptions,2026-08-16
LEO-ROAD-135,LEO-135-8978093800372438003715,W I 94,,,Leoni Township,42.291915422366216,-84.25677864261827,0.32942,2,Asphalt,Local,65,2026-08-16,Medium,1000,10,Moderate,Crack Seal,1,provisional,Michigan GIS Open Data + Paventra rehearsal assumptions,2026-08-16
LEO-ROAD-136,LEO-136-8987033800372438003698,Unnamed Road,,,Leoni Township,42.291915422366216,-84.25677864261827,0.17292,2,Asphalt,Local,65,2026-08-16,Medium,1000,10,Moderate,Crack Seal,1,provisional,Michigan GIS Open Data + Paventra rehearsal assumptions,2026-08-16
LEO-ROAD-137,LEO-137-8978093800372838003724,W I 94,,,Leoni Township,42.29188562729782,-84.26007187114577,0.168707,2,Asphalt,Local,65,2026-08-16,Medium,1000,10,Moderate,Crack Seal,1,provisional,Michigan GIS Open Data + Paventra rehearsal assumptions,2026-08-16
LEO-ROAD-138,LEO-138-33800433800372838003698,Race Rd,,,Leoni Township,42.29188562729782,-84.26007187114577,0.043748,2,Asphalt,Local,65,2026-08-16,Medium,1000,10,Moderate,Crack Seal,1,provisional,Michigan GIS Open Data + Paventra rehearsal assumptions,2026-08-16
LEO-ROAD-139,LEO-139-8978093800373238003728,W I 94,,,Leoni Township,42.291847466416584,-84.26300074043648,0.150053,2,Asphalt,Local,65,2026-08-16,Medium,1000,10,Moderate,Crack Seal,1,provisional,Michigan GIS Open Data + Paventra rehearsal assumptions,2026-08-16
LEO-ROAD-140,LEO-140-8987023800369838003732,Unnamed Road,,,Leoni Township,42.29251953584859,-84.2600513292477,0.158085,2,Asphalt,Local,65,2026-08-16,Medium,1000,10,Moderate,Crack Seal,1,provisional,Michigan GIS Open Data + Paventra rehearsal assumptions,2026-08-16
LEO-ROAD-141,LEO-141-8971073800376038003726,E I 94,,,Leoni Township,42.29142612544964,-84.26010338358373,0.500165,2,Asphalt,Local,65,2026-08-16,Medium,1000,10,Moderate,Crack Seal,1,provisional,Michigan GIS Open Data + Paventra rehearsal assumptions,2026-08-16
LEO-ROAD-142,LEO-142-33800433800376038003728,Race Rd,,,Leoni Township,42.29142612544964,-84.26010338358373,0.031744,2,Asphalt,Local,65,2026-08-16,Medium,1000,10,Moderate,Crack Seal,1,provisional,Michigan GIS Open Data + Paventra rehearsal assumptions,2026-08-16
LEO-ROAD-143,LEO-143-9187093800375638003718,Walz Rd,,,Leoni Township,42.291950972923395,-84.29432773129795,0.172104,2,Asphalt,Local,65,2026-08-16,Medium,1000,10,Moderate,Crack Seal,1,provisional,Michigan GIS Open Data + Paventra rehearsal assumptions,2026-08-16
LEO-ROAD-144,LEO-144-9130013800375638003758,Brills Lake Rd,,,Leoni Township,42.291950972923395,-84.29432773129795,0.490341,2,Asphalt,Local,65,2026-08-16,Medium,1000,10,Moderate,Crack Seal,1,provisional,Michigan GIS Open Data + Paventra rehearsal assumptions,2026-08-16
LEO-ROAD-145,LEO-145-33817523800377238003727,Unnamed Road,,,Leoni Township,42.291058565222386,-84.25319797233975,0.152525,2,Asphalt,Local,65,2026-08-16,Medium,1000,10,Moderate,Crack Seal,1,provisional,Michigan GIS Open Data + Paventra rehearsal assumptions,2026-08-16
LEO-ROAD-146,LEO-146-9130013802036638003756,Brills Lake Rd,,,Leoni Township,42.29188252192701,-84.30379446005621,0.486448,2,Asphalt,Local,65,2026-08-16,Medium,1000,10,Moderate,Crack Seal,1,provisional,Michigan GIS Open Data + Paventra rehearsal assumptions,2026-08-16
LEO-ROAD-147,LEO-147-9130013800376638020366,Brills Lake Rd,,,Leoni Township,42.2918423567835,-84.3058230479461,0.103951,2,Asphalt,Local,65,2026-08-16,Medium,1000,10,Moderate,Crack Seal,1,provisional,Michigan GIS Open Data + Paventra rehearsal assumptions,2026-08-16
LEO-ROAD-148,LEO-148-9130013800377038003766,Brills Lake Rd,,,Leoni Township,42.29182353151664,-84.30909120139435,0.167415,2,Asphalt,Local,65,2026-08-16,Medium,1000,10,Moderate,Crack Seal,1,provisional,Michigan GIS Open Data + Paventra rehearsal assumptions,2026-08-16
LEO-ROAD-149,LEO-149-8977053800377038003672,Sargent Rd,,,Leoni Township,42.29182353151664,-84.30909120139435,0.125362,2,Asphalt,Local,65,2026-08-16,Medium,1000,10,Moderate,Crack Seal,1,provisional,Michigan GIS Open Data + Paventra rehearsal assumptions,2026-08-16
LEO-ROAD-150,LEO-150-9192043800377438003753,Knight Rd,,,Leoni Township,42.29093609550572,-84.25269857657256,0.123962,2,Asphalt,Local,65,2026-08-16,Medium,1000,10,Moderate,Crack Seal,1,provisional,Michigan GIS Open Data + Paventra rehearsal assumptions,2026-08-16
LEO-ROAD-151,LEO-151-9192043800377238003774,Knight Rd,,,Leoni Township,42.291058565222386,-84.25319797233975,0.026941,2,Asphalt,Local,65,2026-08-16,Medium,1000,10,Moderate,Crack Seal,1,provisional,Michigan GIS Open Data + Paventra rehearsal assumptions,2026-08-16
LEO-ROAD-152,LEO-152-9130013800377538003770,Brills Lake Rd,,,Leoni Township,42.29180948823505,-84.3132307148629,0.212048,2,Asphalt,Local,65,2026-08-16,Medium,1000,10,Moderate,Crack Seal,1,provisional,Michigan GIS Open Data + Paventra rehearsal assumptions,2026-08-16
LEO-ROAD-153,LEO-153-8971073800377738003760,E I 94,,,Leoni Township,42.29098123206836,-84.26356091020277,0.179888,2,Asphalt,Local,65,2026-08-16,Medium,1000,10,Moderate,Crack Seal,1,provisional,Michigan GIS Open Data + Paventra rehearsal assumptions,2026-08-16
LEO-ROAD-154,LEO-154-9130013800378238003775,Brills Lake Rd,,,Leoni Township,42.29175206638964,-84.31958596903776,0.325572,2,Asphalt,Local,65,2026-08-16,Medium,1000,10,Moderate,Crack Seal,1,provisional,Michigan GIS Open Data + Paventra rehearsal assumptions,2026-08-16
LEO-ROAD-155,LEO-155-9021073800378238003554,Seymour Rd,,,Leoni Township,42.29175206638964,-84.31958596903776,0.365174,2,Asphalt,Local,65,2026-08-16,Medium,1000,10,Moderate,Crack Seal,1,provisional,Michigan GIS Open Data + Paventra rehearsal assumptions,2026-08-16
LEO-ROAD-156,LEO-156-33800433800380538003760,Race Rd,,,Leoni Township,42.29071048138575,-84.26014653006108,0.049424,2,Asphalt,Local,65,2026-08-16,Medium,1000,10,Moderate,Crack Seal,1,provisional,Michigan GIS Open Data + Paventra rehearsal assumptions,2026-08-16
LEO-ROAD-157,LEO-157-8977083800377738003805,Unnamed Road,,,Leoni Township,42.29098123206836,-84.26356091020277,0.177465,2,Asphalt,Local,65,2026-08-16,Medium,1000,10,Moderate,Crack Seal,1,provisional,Michigan GIS Open Data + Paventra rehearsal assumptions,2026-08-16
LEO-ROAD-158,LEO-158-8978093800381438003732,W I 94,,,Leoni Township,42.290568697189514,-84.26986095208993,0.363874,2,Asphalt,Local,65,2026-08-16,Medium,1000,10,Moderate,Crack Seal,1,provisional,Michigan GIS Open Data + Paventra rehearsal assumptions,2026-08-16
LEO-ROAD-159,LEO-159-8971073800384838003777,E I 94,,,Leoni Township,42.289707303399005,-84.26987252835977,0.335358,2,Asphalt,Local,65,2026-08-16,Medium,1000,10,Moderate,Crack Seal,1,provisional,Michigan GIS Open Data + Paventra rehearsal assumptions,2026-08-16
LEO-ROAD-160,LEO-160-33810933802560238018813,Vineyard Ave,,,Leoni Township,42.28951921609342,-84.26642929238209,0.017123,2,Asphalt,Local,65,2026-08-16,Medium,1000,10,Moderate,Crack Seal,1,provisional,Michigan GIS Open Data + Paventra rehearsal assumptions,2026-08-16
LEO-ROAD-161,LEO-161-33814873802560338018817,Hunter Ave,,,Leoni Township,42.28930760441795,-84.26808294195475,0.019788,2,Asphalt,Local,65,2026-08-16,Medium,1000,10,Moderate,Crack Seal,1,provisional,Michigan GIS Open Data + Paventra rehearsal assumptions,2026-08-16
LEO-ROAD-162,LEO-162-8978093802013338003814,W I 94,,,Leoni Township,42.28933135868966,-84.27304243135112,0.184078,2,Asphalt,Local,65,2026-08-16,Medium,1000,10,Moderate,Crack Seal,1,provisional,Michigan GIS Open Data + Paventra rehearsal assumptions,2026-08-16
LEO-ROAD-163,LEO-163-8971073802013438003848,E I 94,,,Leoni Township,42.28885028878083,-84.27280818739513,0.161617,2,Asphalt,Local,65,2026-08-16,Medium,1000,10,Moderate,Crack Seal,1,provisional,Michigan GIS Open Data + Paventra rehearsal assumptions,2026-08-16
LEO-ROAD-164,LEO-164-33813733802013438020133,I 94 Crossovers,,,Leoni Township,42.28885028878083,-84.27280818739513,0.035293,2,Asphalt,Local,65,2026-08-16,Medium,1000,10,Moderate,Crack Seal,1,provisional,Michigan GIS Open Data + Paventra rehearsal assumptions,2026-08-16
LEO-ROAD-165,LEO-165-33817513800388438003772,Ann Arbor Rd,,,Leoni Township,42.28864657794254,-84.26007971792349,0.389984,2,Asphalt,Local,65,2026-08-16,Medium,1000,10,Moderate,Crack Seal,1,provisional,Michigan GIS Open Data + Paventra rehearsal assumptions,2026-08-16
LEO-ROAD-166,LEO-166-33800433800388438003805,Race Rd,,,Leoni Township,42.28864657794254,-84.26007971792349,0.142771,2,Asphalt,Local,65,2026-08-16,Medium,1000,10,Moderate,Crack Seal,1,provisional,Michigan GIS Open Data + Paventra rehearsal assumptions,2026-08-16
LEO-ROAD-167,LEO-167-33800423800390138003774,Stull Rd,,,Leoni Township,42.28848464429009,-84.26063105235458,0.467387,2,Asphalt,Local,65,2026-08-16,Medium,1000,10,Moderate,Crack Seal,1,provisional,Michigan GIS Open Data + Paventra rehearsal assumptions,2026-08-16
LEO-ROAD-168,LEO-168-33817513800390138003884,Ann Arbor Rd,,,Leoni Township,42.28848464429009,-84.26063105235458,0.030373,2,Asphalt,Local,65,2026-08-16,Medium,1000,10,Moderate,Crack Seal,1,provisional,Michigan GIS Open Data + Paventra rehearsal assumptions,2026-08-16
LEO-ROAD-169,LEO-169-33810933801881438025602,Vineyard Ave,,,Leoni Township,42.28857081658624,-84.2664835925588,0.065493,2,Asphalt,Local,65,2026-08-16,Medium,1000,10,Moderate,Crack Seal,1,provisional,Michigan GIS Open Data + Paventra rehearsal assumptions,2026-08-16
LEO-ROAD-170,LEO-170-33817513800390838003901,Ann Arbor Rd,,,Leoni Township,42.288361204140834,-84.2611836887733,0.029563,2,Asphalt,Local,65,2026-08-16,Medium,1000,10,Moderate,Crack Seal,1,provisional,Michigan GIS Open Data + Paventra rehearsal assumptions,2026-08-16
LEO-ROAD-171,LEO-171-33810943801881538018814,Dault Ave,,,Leoni Township,42.28845772343279,-84.26898031204352,0.128138,2,Asphalt,Local,65,2026-08-16,Medium,1000,10,Moderate,Crack Seal,1,provisional,Michigan GIS Open Data + Paventra rehearsal assumptions,2026-08-16
LEO-ROAD-172,LEO-172-33814873801881538025603,Hunter Ave,,,Leoni Township,42.28845772343279,-84.26898031204352,0.100144,2,Asphalt,Local,65,2026-08-16,Medium,1000,10,Moderate,Crack Seal,1,provisional,Michigan GIS Open Data + Paventra rehearsal assumptions,2026-08-16
LEO-ROAD-173,LEO-173-33817513802022938003908,Ann Arbor Rd,,,Leoni Township,42.28790558712876,-84.26376313205813,0.135853,2,Asphalt,Local,65,2026-08-16,Medium,1000,10,Moderate,Crack Seal,1,provisional,Michigan GIS Open Data + Paventra rehearsal assumptions,2026-08-16
LEO-ROAD-174,LEO-174-33817513802549138020229,Ann Arbor Rd,,,Leoni Township,42.28788767419647,-84.26390017516638,0.007128,2,Asphalt,Local,65,2026-08-16,Medium,1000,10,Moderate,Crack Seal,1,provisional,Michigan GIS Open Data + Paventra rehearsal assumptions,2026-08-16
LEO-ROAD-175,LEO-175-33817513801881238025491,Ann Arbor Rd,,,Leoni Township,42.28748529378902,-84.26650019945427,0.136059,2,Asphalt,Local,65,2026-08-16,Medium,1000,10,Moderate,Crack Seal,1,provisional,Michigan GIS Open Data + Paventra rehearsal assumptions,2026-08-16
LEO-ROAD-176,LEO-176-33810933801881238018814,Vineyard Ave,,,Leoni Township,42.28748529378902,-84.26650019945427,0.074899,2,Asphalt,Local,65,2026-08-16,Medium,1000,10,Moderate,Crack Seal,1,provisional,Michigan GIS Open Data + Paventra rehearsal assumptions,2026-08-16
LEO-ROAD-177,LEO-177-8977073802023138003758,Whipple Rd,,,Leoni Township,42.28754724959567,-84.28465768125587,0.293519,2,Asphalt,Local,65,2026-08-16,Medium,1000,10,Moderate,Crack Seal,1,provisional,Michigan GIS Open Data + Paventra rehearsal assumptions,2026-08-16
LEO-ROAD-178,LEO-178-33814143802023138020233,Sanctuary Dr,,,Leoni Township,42.28754724959567,-84.28465768125587,0.073389,2,Asphalt,Local,65,2026-08-16,Medium,1000,10,Moderate,Crack Seal,1,provisional,Michigan GIS Open Data + Paventra rehearsal assumptions,2026-08-16
LEO-ROAD-179,LEO-179-33814143802023338020232,Sanctuary Dr,,,Leoni Township,42.28753249853124,-84.28609012174587,0.187942,2,Asphalt,Local,65,2026-08-16,Medium,1000,10,Moderate,Crack Seal,1,provisional,Michigan GIS Open Data + Paventra rehearsal assumptions,2026-08-16
LEO-ROAD-180,LEO-180-33814873801881638018815,Hunter Ave,,,Leoni Township,42.28715614062661,-84.26911267570932,0.090342,2,Asphalt,Local,65,2026-08-16,Medium,1000,10,Moderate,Crack Seal,1,provisional,Michigan GIS Open Data + Paventra rehearsal assumptions,2026-08-16
LEO-ROAD-181,LEO-181-9159093800396238018816,Shuart Rd,,,Leoni Township,42.28709528516481,-84.26991684054565,0.041752,2,Asphalt,Local,65,2026-08-16,Medium,1000,10,Moderate,Crack Seal,1,provisional,Michigan GIS Open Data + Paventra rehearsal assumptions,2026-08-16
LEO-ROAD-182,LEO-182-33817513800395238018812,Ann Arbor Rd,,,Leoni Township,42.286984888046895,-84.2690016336429,0.13274,2,Asphalt,Local,65,2026-08-16,Medium,1000,10,Moderate,Crack Seal,1,provisional,Michigan GIS Open Data + Paventra rehearsal assumptions,2026-08-16
LEO-ROAD-183,LEO-183-33814873800395238018816,Shuart Rd,,,Leoni Township,42.286984888046895,-84.2690016336429,0.013113,2,Asphalt,Local,65,2026-08-16,Medium,1000,10,Moderate,Crack Seal,1,provisional,Michigan GIS Open Data + Paventra rehearsal assumptions,2026-08-16
LEO-ROAD-184,LEO-184-9159093800396538003962,Shuart Rd,,,Leoni Township,42.286963996733455,-84.27265733554916,0.140684,2,Asphalt,Local,65,2026-08-16,Medium,1000,10,Moderate,Crack Seal,1,provisional,Michigan GIS Open Data + Paventra rehearsal assumptions,2026-08-16
LEO-ROAD-185,LEO-185-9188043800396538003912,Shuart Ct,,,Leoni Township,42.286963996733455,-84.27265733554916,0.1,2,Asphalt,Local,65,2026-08-16,Medium,1000,10,Moderate,Crack Seal,1,provisional,Michigan GIS Open Data + Paventra rehearsal assumptions,2026-08-16
LEO-ROAD-186,LEO-186-9159093800397138003965,Shuart Rd,,,Leoni Township,42.286882013858985,-84.27482558128594,0.11122,2,Asphalt,Local,65,2026-08-16,Medium,1000,10,Moderate,Crack Seal,1,provisional,Michigan GIS Open Data + Paventra rehearsal assumptions,2026-08-16
LEO-ROAD-187,LEO-187-9159093800397438003971,Shuart Rd,,,Leoni Township,42.28687065714036,-84.27577819912162,0.048808,2,Asphalt,Local,65,2026-08-16,Medium,1000,10,Moderate,Crack Seal,1,provisional,Michigan GIS Open Data + Paventra rehearsal assumptions,2026-08-16
LEO-ROAD-188,LEO-188-33817513800397538003952,Ann Arbor Rd,,,Leoni Township,42.2867399170611,-84.26992648394952,0.050315,2,Asphalt,Local,65,2026-08-16,Medium,1000,10,Moderate,Crack Seal,1,provisional,Michigan GIS Open Data + Paventra rehearsal assumptions,2026-08-16
LEO-ROAD-189,LEO-189-9187103800397938003600,Updyke Rd,,,Leoni Township,42.286697401842055,-84.28467704705028,0.989996,2,Asphalt,Local,65,2026-08-16,Medium,1000,10,Moderate,Crack Seal,1,provisional,Michigan GIS Open Data + Paventra rehearsal assumptions,2026-08-16
LEO-ROAD-190,LEO-190-8977073800397938020231,Whipple Rd,,,Leoni Township,42.286697401842055,-84.28467704705028,0.058642,2,Asphalt,Local,65,2026-08-16,Medium,1000,10,Moderate,Crack Seal,1,provisional,Michigan GIS Open Data + Paventra rehearsal assumptions,2026-08-16
LEO-ROAD-191,LEO-191-33814163802022938020230,Goose Lake Dr,,,Leoni Township,42.28790558712876,-84.26376313205813,0.201361,2,Asphalt,Local,65,2026-08-16,Medium,1000,10,Moderate,Crack Seal,1,provisional,Michigan GIS Open Data + Paventra rehearsal assumptions,2026-08-16
LEO-ROAD-192,LEO-192-33807703800390838003991,Studer Dr,,,Leoni Township,42.288361204140834,-84.2611836887733,0.423643,2,Asphalt,Local,65,2026-08-16,Medium,1000,10,Moderate,Crack Seal,1,provisional,Michigan GIS Open Data + Paventra rehearsal assumptions,2026-08-16
LEO-ROAD-193,LEO-193-33814153802023338003756,Sanctuary Dr,,,Leoni Township,42.28753249853124,-84.28609012174587,0.868289,2,Asphalt,Local,65,2026-08-16,Medium,1000,10,Moderate,Crack Seal,1,provisional,Michigan GIS Open Data + Paventra rehearsal assumptions,2026-08-16
LEO-ROAD-194,LEO-194-33817513800402338003975,Ann Arbor Rd,,,Leoni Township,42.28501496995311,-84.27483370467061,0.278582,2,Asphalt,Local,65,2026-08-16,Medium,1000,10,Moderate,Crack Seal,1,provisional,Michigan GIS Open Data + Paventra rehearsal assumptions,2026-08-16
LEO-ROAD-195,LEO-195-9159023800402338003971,Shuart Rd,,,Leoni Township,42.28501496995311,-84.27483370467061,0.128815,2,Asphalt,Local,65,2026-08-16,Medium,1000,10,Moderate,Crack Seal,1,provisional,Michigan GIS Open Data + Paventra rehearsal assumptions,2026-08-16
LEO-ROAD-196,LEO-196-8978093800403538020133,W I 94,,,Leoni Township,42.28436387449965,-84.28470086018025,0.688629,2,Asphalt,Local,65,2026-08-16,Medium,1000,10,Moderate,Crack Seal,1,provisional,Michigan GIS Open Data + Paventra rehearsal assumptions,2026-08-16
LEO-ROAD-197,LEO-197-8977073800403538003979,Whipple Rd,,,Leoni Township,42.28436387449965,-84.28470086018025,0.161003,2,Asphalt,Local,65,2026-08-16,Medium,1000,10,Moderate,Crack Seal,1,provisional,Michigan GIS Open Data + Paventra rehearsal assumptions,2026-08-16
LEO-ROAD-198,LEO-198-8971073800404138020134,E I 94,,,Leoni Township,42.28406690046934,-84.2847112492085,0.693809,2,Asphalt,Local,65,2026-08-16,Medium,1000,10,Moderate,Crack Seal,1,provisional,Michigan GIS Open Data + Paventra rehearsal assumptions,2026-08-16
LEO-ROAD-199,LEO-199-8977073800404138004035,Whipple Rd,,,Leoni Township,42.28406690046934,-84.2847112492085,0.020496,2,Asphalt,Local,65,2026-08-16,Medium,1000,10,Moderate,Crack Seal,1,provisional,Michigan GIS Open Data + Paventra rehearsal assumptions,2026-08-16
LEO-ROAD-200,LEO-200-9021073800405438003782,Seymour Rd,,,Leoni Township,42.28426656597139,-84.33877101840531,1.191746,2,Asphalt,Local,65,2026-08-16,Medium,1000,10,Moderate,Crack Seal,1,provisional,Michigan GIS Open Data + Paventra rehearsal assumptions,2026-08-16
LEO-ROAD-201,LEO-201-8986093800405438003468,Hawkins Rd,,,Leoni Township,42.28426656597139,-84.33877101840531,1.009138,2,Asphalt,Local,65,2026-08-16,Medium,1000,10,Moderate,Crack Seal,1,provisional,Michigan GIS Open Data + Paventra rehearsal assumptions,2026-08-16
LEO-ROAD-202,LEO-202-9021073800406538004054,Seymour Rd,,,Leoni Township,42.28412700840644,-84.35257379972893,0.707209,2,Asphalt,Local,65,2026-08-16,Medium,1000,10,Moderate,Crack Seal,1,provisional,Michigan GIS Open Data + Paventra rehearsal assumptions,2026-08-16
LEO-ROAD-203,LEO-203-9021073800406838004065,Seymour Rd,,,Leoni Township,42.28409249571148,-84.35881749320865,0.319879,2,Asphalt,Local,65,2026-08-16,Medium,1000,10,Moderate,Crack Seal,1,provisional,Michigan GIS Open Data + Paventra rehearsal assumptions,2026-08-16
LEO-ROAD-204,LEO-204-9021073800407038004068,Seymour Rd,,,Leoni Township,42.284070277003885,-84.35992572922676,0.056797,2,Asphalt,Local,65,2026-08-16,Medium,1000,10,Moderate,Crack Seal,1,provisional,Michigan GIS Open Data + Paventra rehearsal assumptions,2026-08-16
LEO-ROAD-205,LEO-205-9129103800407038003717,Dalton Rd,,,Leoni Township,42.284070277003885,-84.35992572922676,0.663783,2,Asphalt,Local,65,2026-08-16,Medium,1000,10,Moderate,Crack Seal,1,provisional,Michigan GIS Open Data + Paventra rehearsal assumptions,2026-08-16
LEO-ROAD-206,LEO-206-9021073801705038004070,Seymour Rd,,,Leoni Township,42.28396684459513,-84.36492174623727,0.256055,2,Asphalt,Local,65,2026-08-16,Medium,1000,10,Moderate,Crack Seal,1,provisional,Michigan GIS Open Data + Paventra rehearsal assumptions,2026-08-16
LEO-ROAD-207,LEO-207-9021073800407438017050,Seymour Rd,,,Leoni Township,42.28396526294275,-84.36512811161175,0.010573,2,Asphalt,Local,65,2026-08-16,Medium,1000,10,Moderate,Crack Seal,1,provisional,Michigan GIS Open Data + Paventra rehearsal assumptions,2026-08-16
LEO-ROAD-208,LEO-208-9130033800407838017050,N Dettman Rd,,,Leoni Township,42.28379120044187,-84.36493092524988,0.012127,2,Asphalt,Local,65,2026-08-16,Medium,1000,10,Moderate,Crack Seal,1,provisional,Michigan GIS Open Data + Paventra rehearsal assumptions,2026-08-16
LEO-ROAD-209,LEO-209-33811503801945738019458,Twin Meadows Dr,,,Leoni Township,42.28205532422676,-84.2847828086881,0.218516,2,Asphalt,Local,65,2026-08-16,Medium,1000,10,Moderate,Crack Seal,1,provisional,Michigan GIS Open Data + Paventra rehearsal assumptions,2026-08-16
LEO-ROAD-210,LEO-210-8977073801945738004041,Whipple Rd,,,Leoni Township,42.28205532422676,-84.2847828086881,0.138834,2,Asphalt,Local,65,2026-08-16,Medium,1000,10,Moderate,Crack Seal,1,provisional,Michigan GIS Open Data + Paventra rehearsal assumptions,2026-08-16
LEO-ROAD-211,LEO-211-8978093800412138004035,W I 94,,,Leoni Township,42.28155106659592,-84.29430611233295,0.535268,2,Asphalt,Local,65,2026-08-16,Medium,1000,10,Moderate,Crack Seal,1,provisional,Michigan GIS Open Data + Paventra rehearsal assumptions,2026-08-16
LEO-ROAD-212,LEO-212-8978093802013138004121,W I 94,,,Leoni Township,42.28146690709955,-84.30032047887663,0.308238,2,Asphalt,Local,65,2026-08-16,Medium,1000,10,Moderate,Crack Seal,1,provisional,Michigan GIS Open Data + Paventra rehearsal assumptions,2026-08-16
LEO-ROAD-213,LEO-213-8977053800413738003770,Sargent Rd,,,Leoni Township,42.28150399587186,-84.30925425877439,0.712055,2,Asphalt,Local,65,2026-08-16,Medium,1000,10,Moderate,Crack Seal,1,provisional,Michigan GIS Open Data + Paventra rehearsal assumptions,2026-08-16
LEO-ROAD-214,LEO-214-33814933802040738020409,West Dr,,,Leoni Township,42.28182452060309,-84.3388221084342,0.220012,2,Asphalt,Local,65,2026-08-16,Medium,1000,10,Moderate,Crack Seal,1,provisional,Michigan GIS Open Data + Paventra rehearsal assumptions,2026-08-16
LEO-ROAD-215,LEO-215-8986093802040738004054,Hawkins Rd,,,Leoni Township,42.28182452060309,-84.3388221084342,0.168511,2,Asphalt,Local,65,2026-08-16,Medium,1000,10,Moderate,Crack Seal,1,provisional,Michigan GIS Open Data + Paventra rehearsal assumptions,2026-08-16
LEO-ROAD-216,LEO-216-8971073800416038004041,E I 94,,,Leoni Township,42.28060433991844,-84.29506365273609,0.586435,2,Asphalt,Local,65,2026-08-16,Medium,1000,10,Moderate,Crack Seal,1,provisional,Michigan GIS Open Data + Paventra rehearsal assumptions,2026-08-16
LEO-ROAD-217,LEO-217-8978093800416438020131,W I 94,,,Leoni Township,42.28067387521925,-84.30544048994241,0.268583,2,Asphalt,Local,65,2026-08-16,Medium,1000,10,Moderate,Crack Seal,1,provisional,Michigan GIS Open Data + Paventra rehearsal assumptions,2026-08-16
LEO-ROAD-218,LEO-218-8977053800416338004137,Sargent Rd,,,Leoni Township,42.28069897093319,-84.30893979603503,0.058139,2,Asphalt,Local,65,2026-08-16,Medium,1000,10,Moderate,Crack Seal,1,provisional,Michigan GIS Open Data + Paventra rehearsal assumptions,2026-08-16
LEO-ROAD-219,LEO-219-8971073802013238004160,E I 94,,,Leoni Township,42.28052362650375,-84.30031124595133,0.269009,2,Asphalt,Local,65,2026-08-16,Medium,1000,10,Moderate,Crack Seal,1,provisional,Michigan GIS Open Data + Paventra rehearsal assumptions,2026-08-16
LEO-ROAD-220,LEO-220-33813723802013238020131,I 94 Crossovers,,,Leoni Township,42.28052362650375,-84.30031124595133,0.065082,2,Asphalt,Local,65,2026-08-16,Medium,1000,10,Moderate,Crack Seal,1,provisional,Michigan GIS Open Data + Paventra rehearsal assumptions,2026-08-16
LEO-ROAD-221,LEO-221-33817513800416738004023,Ann Arbor Rd,,,Leoni Township,42.28023921083221,-84.28488861119504,0.611504,2,Asphalt,Local,65,2026-08-16,Medium,1000,10,Moderate,Crack Seal,1,provisional,Michigan GIS Open Data + Paventra rehearsal assumptions,2026-08-16
LEO-ROAD-222,LEO-222-8977073800416738019457,Whipple Rd,,,Leoni Township,42.28023921083221,-84.28488861119504,0.125721,2,Asphalt,Local,65,2026-08-16,Medium,1000,10,Moderate,Crack Seal,1,provisional,Michigan GIS Open Data + Paventra rehearsal assumptions,2026-08-16
LEO-ROAD-223,LEO-223-8987013800416438004137,Unnamed Road,,,Leoni Township,42.28067387521925,-84.30544048994241,0.217003,2,Asphalt,Local,65,2026-08-16,Medium,1000,10,Moderate,Crack Seal,1,provisional,Michigan GIS Open Data + Paventra rehearsal assumptions,2026-08-16
LEO-ROAD-224,LEO-224-8977053800417238004163,Sargent Rd,,,Leoni Township,42.2803760526212,-84.30874591273364,0.024393,2,Asphalt,Local,65,2026-08-16,Medium,1000,10,Moderate,Crack Seal,1,provisional,Michigan GIS Open Data + Paventra rehearsal assumptions,2026-08-16
LEO-ROAD-225,LEO-225-8971073800419638020132,E I 94,,,Leoni Township,42.28020050432277,-84.30546436211009,0.265857,2,Asphalt,Local,65,2026-08-16,Medium,1000,10,Moderate,Crack Seal,1,provisional,Michigan GIS Open Data + Paventra rehearsal assumptions,2026-08-16
LEO-ROAD-226,LEO-226-8986093800420638020407,Hawkins Rd,,,Leoni Township,42.28030723734403,-84.33848258296234,0.108101,2,Asphalt,Local,65,2026-08-16,Medium,1000,10,Moderate,Crack Seal,1,provisional,Michigan GIS Open Data + Paventra rehearsal assumptions,2026-08-16
LEO-ROAD-227,LEO-227-8978093800421838004164,W I 94,,,Leoni Township,42.279734906939325,-84.30832520496423,0.16143,2,Asphalt,Local,65,2026-08-16,Medium,1000,10,Moderate,Crack Seal,1,provisional,Michigan GIS Open Data + Paventra rehearsal assumptions,2026-08-16
LEO-ROAD-228,LEO-228-8977053800421838004172,Sargent Rd,,,Leoni Township,42.279734906939325,-84.30832520496423,0.049207,2,Asphalt,Local,65,2026-08-16,Medium,1000,10,Moderate,Crack Seal,1,provisional,Michigan GIS Open Data + Paventra rehearsal assumptions,2026-08-16
LEO-ROAD-229,LEO-229-33816093802155338021554,Lake Landing Rd,,,Leoni Township,42.27927555931067,-84.2590701730261,0.112634,2,Asphalt,Local,65,2026-08-16,Medium,1000,10,Moderate,Crack Seal,1,provisional,Michigan GIS Open Data + Paventra rehearsal assumptions,2026-08-16
LEO-ROAD-230,LEO-230-33816183802155338021554,Lake Trail Rd,,,Leoni Township,42.27927555931067,-84.2590701730261,0.06798,2,Asphalt,Local,65,2026-08-16,Medium,1000,10,Moderate,Crack Seal,1,provisional,Michigan GIS Open Data + Paventra rehearsal assumptions,2026-08-16
LEO-ROAD-231,LEO-231-33807763800421538004214,Shady Oak Ln,,,Leoni Township,42.279751251999336,-84.31629221244056,0.034775,2,Asphalt,Local,65,2026-08-16,Medium,1000,10,Moderate,Crack Seal,1,provisional,Michigan GIS Open Data + Paventra rehearsal assumptions,2026-08-16
LEO-ROAD-232,LEO-232-33816073802155538021554,Lakeshore Rd,,,Leoni Township,42.278855490435475,-84.2581370723149,0.011827,2,Asphalt,Local,65,2026-08-16,Medium,1000,10,Moderate,Crack Seal,1,provisional,Michigan GIS Open Data + Paventra rehearsal assumptions,2026-08-16
LEO-ROAD-233,LEO-233-33815653800421638021391,Shady Oak Ln,,,Leoni Township,42.27970132939737,-84.31498317097783,0.144457,2,Asphalt,Local,65,2026-08-16,Medium,1000,10,Moderate,Crack Seal,1,provisional,Michigan GIS Open Data + Paventra rehearsal assumptions,2026-08-16
LEO-ROAD-234,LEO-234-33807763800421438004216,Shady Oak Ln,,,Leoni Township,42.27976129656742,-84.31562246433224,0.033354,2,Asphalt,Local,65,2026-08-16,Medium,1000,10,Moderate,Crack Seal,1,provisional,Michigan GIS Open Data + Paventra rehearsal assumptions,2026-08-16
LEO-ROAD-235,LEO-235-33816073802155638021555,Lakeshore Rd,,,Leoni Township,42.27875145276247,-84.25836773179287,0.014417,2,Asphalt,Local,65,2026-08-16,Medium,1000,10,Moderate,Crack Seal,1,provisional,Michigan GIS Open Data + Paventra rehearsal assumptions,2026-08-16
LEO-ROAD-236,LEO-236-8971073800423138004196,E I 94,,,Leoni Township,42.27949446448034,-84.30818284779546,0.147794,2,Asphalt,Local,65,2026-08-16,Medium,1000,10,Moderate,Crack Seal,1,provisional,Michigan GIS Open Data + Paventra rehearsal assumptions,2026-08-16
LEO-ROAD-237,LEO-237-8977053800423138004218,Sargent Rd,,,Leoni Township,42.27949446448034,-84.30818284779546,0.018122,2,Asphalt,Local,65,2026-08-16,Medium,1000,10,Moderate,Crack Seal,1,provisional,Michigan GIS Open Data + Paventra rehearsal assumptions,2026-08-16
LEO-ROAD-238,LEO-238-9186033802138738004163,Trailer Park Dr,,,Leoni Township,42.27950367834596,-84.31057460696456,0.12091,2,Asphalt,Local,65,2026-08-16,Medium,1000,10,Moderate,Crack Seal,1,provisional,Michigan GIS Open Data + Paventra rehearsal assumptions,2026-08-16
LEO-ROAD-239,LEO-239-33815643802138738021390,Enterprise Dr,,,Leoni Township,42.27950367834596,-84.31057460696456,0.025911,2,Asphalt,Local,65,2026-08-16,Medium,1000,10,Moderate,Crack Seal,1,provisional,Michigan GIS Open Data + Paventra rehearsal assumptions,2026-08-16
LEO-ROAD-240,LEO-240-33817533802563338025634,Unnamed Road,,,Leoni Township,42.27942393168507,-84.3081356775457,0.069798,2,Asphalt,Local,65,2026-08-16,Medium,1000,10,Moderate,Crack Seal,1,provisional,Michigan GIS Open Data + Paventra rehearsal assumptions,2026-08-16
LEO-ROAD-241,LEO-241-8977053802563338004231,Sargent Rd,,,Leoni Township,42.27942393168507,-84.3081356775457,0.005433,2,Asphalt,Local,65,2026-08-16,Medium,1000,10,Moderate,Crack Seal,1,provisional,Michigan GIS Open Data + Paventra rehearsal assumptions,2026-08-16
LEO-ROAD-242,LEO-242-33817533802563238025633,Unnamed Road,,,Leoni Township,42.27932911096084,-84.30862192835367,0.025785,2,Asphalt,Local,65,2026-08-16,Medium,1000,10,Moderate,Crack Seal,1,provisional,Michigan GIS Open Data + Paventra rehearsal assumptions,2026-08-16
LEO-ROAD-243,LEO-243-8971073802563238004231,E I 94,,,Leoni Township,42.27932911096084,-84.30862192835367,0.025224,2,Asphalt,Local,65,2026-08-16,Medium,1000,10,Moderate,Crack Seal,1,provisional,Michigan GIS Open Data + Paventra rehearsal assumptions,2026-08-16
LEO-ROAD-244,LEO-244-8977053800425738025633,Sargent Rd,,,Leoni Township,42.278985742252644,-84.30785514670028,0.033475,2,Asphalt,Local,65,2026-08-16,Medium,1000,10,Moderate,Crack Seal,1,provisional,Michigan GIS Open Data + Paventra rehearsal assumptions,2026-08-16
LEO-ROAD-245,LEO-245-33816073802155438021557,Lakeshore Rd,,,Leoni Township,42.27885581599364,-84.25790623787982,0.265691,2,Asphalt,Local,65,2026-08-16,Medium,1000,10,Moderate,Crack Seal,1,provisional,Michigan GIS Open Data + Paventra rehearsal assumptions,2026-08-16
LEO-ROAD-246,LEO-246-33816193802155838021557,Fourteenth Rd,,,Leoni Township,42.277975312185944,-84.258182712318,0.15338,2,Asphalt,Local,65,2026-08-16,Medium,1000,10,Moderate,Crack Seal,1,provisional,Michigan GIS Open Data + Paventra rehearsal assumptions,2026-08-16
LEO-ROAD-247,LEO-247-33816083802155838021555,Main St,,,Leoni Township,42.277975312185944,-84.258182712318,0.060772,2,Asphalt,Local,65,2026-08-16,Medium,1000,10,Moderate,Crack Seal,1,provisional,Michigan GIS Open Data + Paventra rehearsal assumptions,2026-08-16
LEO-ROAD-248,LEO-248-8978093800424638004218,W I 94,,,Leoni Township,42.27871099943575,-84.3110920492667,0.158386,2,Asphalt,Local,65,2026-08-16,Medium,1000,10,Moderate,Crack Seal,1,provisional,Michigan GIS Open Data + Paventra rehearsal assumptions,2026-08-16
LEO-ROAD-249,LEO-249-8986103800417238004246,Unnamed Road,,,Leoni Township,42.2803760526212,-84.30874591273364,0.167242,2,Asphalt,Local,65,2026-08-16,Medium,1000,10,Moderate,Crack Seal,1,provisional,Michigan GIS Open Data + Paventra rehearsal assumptions,2026-08-16
LEO-ROAD-250,LEO-250-9186033801701138021387,Trailer Park Dr,,,Leoni Township,42.27871443179664,-84.3118969881656,0.088436,2,Asphalt,Local,65,2026-08-16,Medium,1000,10,Moderate,Crack Seal,1,provisional,Michigan GIS Open Data + Paventra rehearsal assumptions,2026-08-16
LEO-ROAD-251,LEO-251-33807723801701138017012,Cisco Dr,,,Leoni Township,42.27871443179664,-84.3118969881656,0.091916,2,Asphalt,Local,65,2026-08-16,Medium,1000,10,Moderate,Crack Seal,1,provisional,Michigan GIS Open Data + Paventra rehearsal assumptions,2026-08-16
LEO-ROAD-252,LEO-252-9130033800426238004078,N Dettman Rd,,,Leoni Township,42.279367358755145,-84.3649174956621,0.305217,2,Asphalt,Local,65,2026-08-16,Medium,1000,10,Moderate,Crack Seal,1,provisional,Michigan GIS Open Data + Paventra rehearsal assumptions,2026-08-16
LEO-ROAD-253,LEO-253-33816203802155938021556,Tomahawk Rd,,,Leoni Township,42.27762729727113,-84.25943708004573,0.100003,2,Asphalt,Local,65,2026-08-16,Medium,1000,10,Moderate,Crack Seal,1,provisional,Michigan GIS Open Data + Paventra rehearsal assumptions,2026-08-16
LEO-ROAD-254,LEO-254-33816093802155938021553,Lake Landing Rd,,,Leoni Township,42.27762729727113,-84.25943708004573,0.119727,2,Asphalt,Local,65,2026-08-16,Medium,1000,10,Moderate,Crack Seal,1,provisional,Michigan GIS Open Data + Paventra rehearsal assumptions,2026-08-16
LEO-ROAD-255,LEO-255-33816073802155738021560,Lakeshore Rd,,,Leoni Township,42.278003219577656,-84.25518936442899,0.033939,2,Asphalt,Local,65,2026-08-16,Medium,1000,10,Moderate,Crack Seal,1,provisional,Michigan GIS Open Data + Paventra rehearsal assumptions,2026-08-16
LEO-ROAD-256,LEO-256-33816213802156138021560,Thirteenth Rd,,,Leoni Township,42.27755155412691,-84.25817829472159,0.163511,2,Asphalt,Local,65,2026-08-16,Medium,1000,10,Moderate,Crack Seal,1,provisional,Michigan GIS Open Data + Paventra rehearsal assumptions,2026-08-16
LEO-ROAD-257,LEO-257-33816083802156138021558,Main St,,,Leoni Township,42.27755155412691,-84.25817829472159,0.029237,2,Asphalt,Local,65,2026-08-16,Medium,1000,10,Moderate,Crack Seal,1,provisional,Michigan GIS Open Data + Paventra rehearsal assumptions,2026-08-16
LEO-ROAD-258,LEO-258-33816073802156238021556,Lakeshore Rd,,,Leoni Township,42.27747580007357,-84.2593678024774,0.117886,2,Asphalt,Local,65,2026-08-16,Medium,1000,10,Moderate,Crack Seal,1,provisional,Michigan GIS Open Data + Paventra rehearsal assumptions,2026-08-16
LEO-ROAD-259,LEO-259-33816093802156238021559,Lake Landing Rd,,,Leoni Township,42.27747580007357,-84.2593678024774,0.011039,2,Asphalt,Local,65,2026-08-16,Medium,1000,10,Moderate,Crack Seal,1,provisional,Michigan GIS Open Data + Paventra rehearsal assumptions,2026-08-16
LEO-ROAD-260,LEO-260-9186033802138838017011,Trailer Park Dr,,,Leoni Township,42.278260647430834,-84.31321390092839,0.074383,2,Asphalt,Local,65,2026-08-16,Medium,1000,10,Moderate,Crack Seal,1,provisional,Michigan GIS Open Data + Paventra rehearsal assumptions,2026-08-16
LEO-ROAD-261,LEO-261-33815633802138838021389,Yukon Dr,,,Leoni Township,42.278260647430834,-84.31321390092839,0.042584,2,Asphalt,Local,65,2026-08-16,Medium,1000,10,Moderate,Crack Seal,1,provisional,Michigan GIS Open Data + Paventra rehearsal assumptions,2026-08-16
LEO-ROAD-262,LEO-262-33807753800428138004214,Forest View Dr,,,Leoni Township,42.27820743556278,-84.31562562262103,0.107206,2,Asphalt,Local,65,2026-08-16,Medium,1000,10,Moderate,Crack Seal,1,provisional,Michigan GIS Open Data + Paventra rehearsal assumptions,2026-08-16
LEO-ROAD-263,LEO-263-33807743800428138004215,Timberline Dr,,,Leoni Township,42.27820743556278,-84.31562562262103,0.138267,2,Asphalt,Local,65,2026-08-16,Medium,1000,10,Moderate,Crack Seal,1,provisional,Michigan GIS Open Data + Paventra rehearsal assumptions,2026-08-16
LEO-ROAD-264,LEO-264-33807733800428038004216,Meadow View Dr,,,Leoni Township,42.27818406174012,-84.31495804340223,0.105258,2,Asphalt,Local,65,2026-08-16,Medium,1000,10,Moderate,Crack Seal,1,provisional,Michigan GIS Open Data + Paventra rehearsal assumptions,2026-08-16
LEO-ROAD-265,LEO-265-33807743800428038004281,Timberline Dr,,,Leoni Township,42.27818406174012,-84.31495804340223,0.034242,2,Asphalt,Local,65,2026-08-16,Medium,1000,10,Moderate,Crack Seal,1,provisional,Michigan GIS Open Data + Paventra rehearsal assumptions,2026-08-16
LEO-ROAD-266,LEO-266-33816073802156038021564,Lakeshore Rd,,,Leoni Township,42.27754729886441,-84.25498698332649,0.031119,2,Asphalt,Local,65,2026-08-16,Medium,1000,10,Moderate,Crack Seal,1,provisional,Michigan GIS Open Data + Paventra rehearsal assumptions,2026-08-16
LEO-ROAD-267,LEO-267-33816173802156538021564,Twelfth Rd,,,Leoni Township,42.27715226964331,-84.25816500208725,0.176956,2,Asphalt,Local,65,2026-08-16,Medium,1000,10,Moderate,Crack Seal,1,provisional,Michigan GIS Open Data + Paventra rehearsal assumptions,2026-08-16
LEO-ROAD-268,LEO-268-33816083802156538021561,Main St,,,Leoni Township,42.27715226964331,-84.25816500208725,0.027557,2,Asphalt,Local,65,2026-08-16,Medium,1000,10,Moderate,Crack Seal,1,provisional,Michigan GIS Open Data + Paventra rehearsal assumptions,2026-08-16
LEO-ROAD-269,LEO-269-33816173802156638021565,Twelfth Rd,,,Leoni Township,42.277159872427376,-84.26008055316963,0.098148,2,Asphalt,Local,65,2026-08-16,Medium,1000,10,Moderate,Crack Seal,1,provisional,Michigan GIS Open Data + Paventra rehearsal assumptions,2026-08-16
LEO-ROAD-270,LEO-270-9188033802156638021562,Hilton Rd,,,Leoni Township,42.277159872427376,-84.26008055316963,0.044156,2,Asphalt,Local,65,2026-08-16,Medium,1000,10,Moderate,Crack Seal,1,provisional,Michigan GIS Open Data + Paventra rehearsal assumptions,2026-08-16
LEO-ROAD-271,LEO-271-33817543800431238020132,Unnamed Road,,,Leoni Township,42.27774749352259,-84.30648170845204,0.396724,2,Asphalt,Local,65,2026-08-16,Medium,1000,10,Moderate,Crack Seal,1,provisional,Michigan GIS Open Data + Paventra rehearsal assumptions,2026-08-16
LEO-ROAD-272,LEO-272-33817533802563438004312,Unnamed Road,,,Leoni Township,42.279767851511956,-84.30685498136755,0.194855,2,Asphalt,Local,65,2026-08-16,Medium,1000,10,Moderate,Crack Seal,1,provisional,Michigan GIS Open Data + Paventra rehearsal assumptions,2026-08-16
LEO-ROAD-273,LEO-273-8977053800431238004257,Sargent Rd,,,Leoni Township,42.27774749352259,-84.30648170845204,0.112504,2,Asphalt,Local,65,2026-08-16,Medium,1000,10,Moderate,Crack Seal,1,provisional,Michigan GIS Open Data + Paventra rehearsal assumptions,2026-08-16
LEO-ROAD-274,LEO-274-9186033800429438018565,Trailer Park Dr,,,Leoni Township,42.27794379915604,-84.31700469547917,0.010638,2,Asphalt,Local,65,2026-08-16,Medium,1000,10,Moderate,Crack Seal,1,provisional,Michigan GIS Open Data + Paventra rehearsal assumptions,2026-08-16
LEO-ROAD-275,LEO-275-9186033800429938021388,Trailer Park Dr,,,Leoni Township,42.27776566293171,-84.31488743811094,0.092408,2,Asphalt,Local,65,2026-08-16,Medium,1000,10,Moderate,Crack Seal,1,provisional,Michigan GIS Open Data + Paventra rehearsal assumptions,2026-08-16
LEO-ROAD-276,LEO-276-33807733800429938004280,Meadow View Dr,,,Leoni Township,42.27776566293171,-84.31488743811094,0.029093,2,Asphalt,Local,65,2026-08-16,Medium,1000,10,Moderate,Crack Seal,1,provisional,Michigan GIS Open Data + Paventra rehearsal assumptions,2026-08-16
LEO-ROAD-277,LEO-277-33817513800429738004167,Ann Arbor Rd,,,Leoni Township,42.277446491619656,-84.29509406618814,0.563631,2,Asphalt,Local,65,2026-08-16,Medium,1000,10,Moderate,Crack Seal,1,provisional,Michigan GIS Open Data + Paventra rehearsal assumptions,2026-08-16
LEO-ROAD-278,LEO-278-33817513800429838004297,Ann Arbor Rd,,,Leoni Township,42.27740954828475,-84.29550799171585,0.021361,2,Asphalt,Local,65,2026-08-16,Medium,1000,10,Moderate,Crack Seal,1,provisional,Michigan GIS Open Data + Paventra rehearsal assumptions,2026-08-16
LEO-ROAD-279,LEO-279-8978093800431038004246,W I 94,,,Leoni Township,42.277671505586646,-84.31399268902933,0.16503,2,Asphalt,Local,65,2026-08-16,Medium,1000,10,Moderate,Crack Seal,1,provisional,Michigan GIS Open Data + Paventra rehearsal assumptions,2026-08-16
LEO-ROAD-280,LEO-280-33816073802156438021568,Lakeshore Rd,,,Leoni Township,42.27714781011091,-84.2547113056211,0.028645,2,Asphalt,Local,65,2026-08-16,Medium,1000,10,Moderate,Crack Seal,1,provisional,Michigan GIS Open Data + Paventra rehearsal assumptions,2026-08-16
LEO-ROAD-281,LEO-281-33816163802156938021568,Eleventh Rd,,,Leoni Township,42.27674418022552,-84.25815469074519,0.178298,2,Asphalt,Local,65,2026-08-16,Medium,1000,10,Moderate,Crack Seal,1,provisional,Michigan GIS Open Data + Paventra rehearsal assumptions,2026-08-16
LEO-ROAD-282,LEO-282-33816083802156938021565,Main St,,,Leoni Township,42.27674418022552,-84.25815469074519,0.02816,2,Asphalt,Local,65,2026-08-16,Medium,1000,10,Moderate,Crack Seal,1,provisional,Michigan GIS Open Data + Paventra rehearsal assumptions,2026-08-16
LEO-ROAD-283,LEO-283-33816163802157038021569,Eleventh Rd,,,Leoni Township,42.2767542314471,-84.2600794542634,0.098621,2,Asphalt,Local,65,2026-08-16,Medium,1000,10,Moderate,Crack Seal,1,provisional,Michigan GIS Open Data + Paventra rehearsal assumptions,2026-08-16
LEO-ROAD-284,LEO-284-9188033802157038021566,Hilton Rd,,,Leoni Township,42.2767542314471,-84.2600794542634,0.027987,2,Asphalt,Local,65,2026-08-16,Medium,1000,10,Moderate,Crack Seal,1,provisional,Michigan GIS Open Data + Paventra rehearsal assumptions,2026-08-16
LEO-ROAD-285,LEO-285-33817513802040238004298,Ann Arbor Rd,,,Leoni Township,42.27733633394484,-84.29850132310978,0.153451,2,Asphalt,Local,65,2026-08-16,Medium,1000,10,Moderate,Crack Seal,1,provisional,Michigan GIS Open Data + Paventra rehearsal assumptions,2026-08-16
LEO-ROAD-286,LEO-286-9186033801856538004299,Trailer Park Dr,,,Leoni Township,42.277819204478384,-84.31688491675705,0.107812,2,Asphalt,Local,65,2026-08-16,Medium,1000,10,Moderate,Crack Seal,1,provisional,Michigan GIS Open Data + Paventra rehearsal assumptions,2026-08-16
LEO-ROAD-287,LEO-287-9187083802177138004297,Fox Rd,,,Leoni Township,42.27717438134559,-84.29012734211099,0.258152,2,Asphalt,Local,65,2026-08-16,Medium,1000,10,Moderate,Crack Seal,1,provisional,Michigan GIS Open Data + Paventra rehearsal assumptions,2026-08-16
LEO-ROAD-288,LEO-288-33817513800430838020402,Ann Arbor Rd,,,Leoni Township,42.27720922451878,-84.30369060135764,0.266025,2,Asphalt,Local,65,2026-08-16,Medium,1000,10,Moderate,Crack Seal,1,provisional,Michigan GIS Open Data + Paventra rehearsal assumptions,2026-08-16
LEO-ROAD-289,LEO-289-33817513800431238004308,Ann Arbor Rd,,,Leoni Township,42.27774749352259,-84.30648170845204,0.15102,2,Asphalt,Local,65,2026-08-16,Medium,1000,10,Moderate,Crack Seal,1,provisional,Michigan GIS Open Data + Paventra rehearsal assumptions,2026-08-16
LEO-ROAD-290,LEO-290-8986093801701038004206,Hawkins Rd,,,Leoni Township,42.27764577602285,-84.33885275334461,0.193388,2,Asphalt,Local,65,2026-08-16,Medium,1000,10,Moderate,Crack Seal,1,provisional,Michigan GIS Open Data + Paventra rehearsal assumptions,2026-08-16
LEO-ROAD-291,LEO-291-33816073802156838021571,Lakeshore Rd,,,Leoni Township,42.27673495154322,-84.25467483929424,0.029636,2,Asphalt,Local,65,2026-08-16,Medium,1000,10,Moderate,Crack Seal,1,provisional,Michigan GIS Open Data + Paventra rehearsal assumptions,2026-08-16
LEO-ROAD-292,LEO-292-33817513800431738004312,Ann Arbor Rd,,,Leoni Township,42.277167405740954,-84.3109128679088,0.238429,2,Asphalt,Local,65,2026-08-16,Medium,1000,10,Moderate,Crack Seal,1,provisional,Michigan GIS Open Data + Paventra rehearsal assumptions,2026-08-16
LEO-ROAD-293,LEO-293-33816153802157238021571,Tenth Rd,,,Leoni Township,42.27635365344548,-84.25815436962834,0.164612,2,Asphalt,Local,65,2026-08-16,Medium,1000,10,Moderate,Crack Seal,1,provisional,Michigan GIS Open Data + Paventra rehearsal assumptions,2026-08-16
LEO-ROAD-294,LEO-294-33816083802157238021569,Main St,,,Leoni Township,42.27635365344548,-84.25815436962834,0.026944,2,Asphalt,Local,65,2026-08-16,Medium,1000,10,Moderate,Crack Seal,1,provisional,Michigan GIS Open Data + Paventra rehearsal assumptions,2026-08-16
LEO-ROAD-295,LEO-295-8978093800431838017572,W I 94,,,Leoni Township,42.277388076172905,-84.32126675203887,0.154041,2,Asphalt,Local,65,2026-08-16,Medium,1000,10,Moderate,Crack Seal,1,provisional,Michigan GIS Open Data + Paventra rehearsal assumptions,2026-08-16
LEO-ROAD-296,LEO-296-33816153802157338021572,Tenth Rd,,,Leoni Township,42.27635296890709,-84.26007855897932,0.09859,2,Asphalt,Local,65,2026-08-16,Medium,1000,10,Moderate,Crack Seal,1,provisional,Michigan GIS Open Data + Paventra rehearsal assumptions,2026-08-16
LEO-ROAD-297,LEO-297-9188033802157338021570,Hilton Rd,,,Leoni Township,42.27635296890709,-84.26007855897932,0.027685,2,Asphalt,Local,65,2026-08-16,Medium,1000,10,Moderate,Crack Seal,1,provisional,Michigan GIS Open Data + Paventra rehearsal assumptions,2026-08-16
LEO-ROAD-298,LEO-298-8978093801757238004310,W I 94,,,Leoni Township,42.27724850015758,-84.31826616449037,0.222972,2,Asphalt,Local,65,2026-08-16,Medium,1000,10,Moderate,Crack Seal,1,provisional,Michigan GIS Open Data + Paventra rehearsal assumptions,2026-08-16
LEO-ROAD-299,LEO-299-8978093800432538004318,W I 94,,,Leoni Township,42.277423039437465,-84.33578618145634,0.744051,2,Asphalt,Local,65,2026-08-16,Medium,1000,10,Moderate,Crack Seal,1,provisional,Michigan GIS Open Data + Paventra rehearsal assumptions,2026-08-16
LEO-ROAD-300,LEO-300-8977013800432538004206,Hawkins Rd,,,Leoni Township,42.277423039437465,-84.33578618145634,0.257388,2,Asphalt,Local,65,2026-08-16,Medium,1000,10,Moderate,Crack Seal,1,provisional,Michigan GIS Open Data + Paventra rehearsal assumptions,2026-08-16
LEO-ROAD-301,LEO-301-8971073800432338004322,E I 94,,,Leoni Township,42.27728801161854,-84.32136177683283,0.15599,2,Asphalt,Local,65,2026-08-16,Medium,1000,10,Moderate,Crack Seal,1,provisional,Michigan GIS Open Data + Paventra rehearsal assumptions,2026-08-16
LEO-ROAD-302,LEO-302-8971073800432238025632,E I 94,,,Leoni Township,42.27714718940395,-84.3183231774259,0.529291,2,Asphalt,Local,65,2026-08-16,Medium,1000,10,Moderate,Crack Seal,1,provisional,Michigan GIS Open Data + Paventra rehearsal assumptions,2026-08-16
LEO-ROAD-303,LEO-303-33800443800406538004328,Munith Rd,,,Leoni Township,42.28412700840644,-84.35257379972893,0.46,2,Asphalt,Local,65,2026-08-16,Medium,1000,10,Moderate,Crack Seal,1,provisional,Michigan GIS Open Data + Paventra rehearsal assumptions,2026-08-16
LEO-ROAD-304,LEO-304-8971073800433138004323,E I 94,,,Leoni Township,42.27729064612572,-84.33578267458309,0.739028,2,Asphalt,Local,65,2026-08-16,Medium,1000,10,Moderate,Crack Seal,1,provisional,Michigan GIS Open Data + Paventra rehearsal assumptions,2026-08-16
LEO-ROAD-305,LEO-305-8977013800433138004325,Hawkins Rd,,,Leoni Township,42.27729064612572,-84.33578267458309,0.009136,2,Asphalt,Local,65,2026-08-16,Medium,1000,10,Moderate,Crack Seal,1,provisional,Michigan GIS Open Data + Paventra rehearsal assumptions,2026-08-16
LEO-ROAD-306,LEO-306-33816073802157138021575,Lakeshore Rd,,,Leoni Township,42.27635472456759,-84.25494162227857,0.033663,2,Asphalt,Local,65,2026-08-16,Medium,1000,10,Moderate,Crack Seal,1,provisional,Michigan GIS Open Data + Paventra rehearsal assumptions,2026-08-16
LEO-ROAD-307,LEO-307-33816143802157638021575,Ninth Rd,,,Leoni Township,42.27593536997712,-84.25816047279982,0.147244,2,Asphalt,Local,65,2026-08-16,Medium,1000,10,Moderate,Crack Seal,1,provisional,Michigan GIS Open Data + Paventra rehearsal assumptions,2026-08-16
LEO-ROAD-308,LEO-308-33816083802157638021572,Main St,,,Leoni Township,42.27593536997712,-84.25816047279982,0.028861,2,Asphalt,Local,65,2026-08-16,Medium,1000,10,Moderate,Crack Seal,1,provisional,Michigan GIS Open Data + Paventra rehearsal assumptions,2026-08-16
LEO-ROAD-309,LEO-309-33816143802157738021576,Ninth Rd,,,Leoni Township,42.27595114662488,-84.2600773556743,0.098222,2,Asphalt,Local,65,2026-08-16,Medium,1000,10,Moderate,Crack Seal,1,provisional,Michigan GIS Open Data + Paventra rehearsal assumptions,2026-08-16
LEO-ROAD-310,LEO-310-9188033802157738021573,Hilton Rd,,,Leoni Township,42.27595114662488,-84.2600773556743,0.027723,2,Asphalt,Local,65,2026-08-16,Medium,1000,10,Moderate,Crack Seal,1,provisional,Michigan GIS Open Data + Paventra rehearsal assumptions,2026-08-16
LEO-ROAD-311,LEO-311-9188033802157838021577,Hilton Rd,,,Leoni Township,42.275792115495726,-84.2600774696831,0.010972,2,Asphalt,Local,65,2026-08-16,Medium,1000,10,Moderate,Crack Seal,1,provisional,Michigan GIS Open Data + Paventra rehearsal assumptions,2026-08-16
LEO-ROAD-312,LEO-312-33816333802157938021578,Woodview Rd,,,Leoni Township,42.275792315335266,-84.26056433902534,0.024946,2,Asphalt,Local,65,2026-08-16,Medium,1000,10,Moderate,Crack Seal,1,provisional,Michigan GIS Open Data + Paventra rehearsal assumptions,2026-08-16
LEO-ROAD-313,LEO-313-33816223802157938021563,Oak St,,,Leoni Township,42.275792315335266,-84.26056433902534,0.108715,2,Asphalt,Local,65,2026-08-16,Medium,1000,10,Moderate,Crack Seal,1,provisional,Michigan GIS Open Data + Paventra rehearsal assumptions,2026-08-16
LEO-ROAD-314,LEO-314-33816333802158038021579,Woodview Rd,,,Leoni Township,42.27577922967355,-84.26068989829598,0.006496,2,Asphalt,Local,65,2026-08-16,Medium,1000,10,Moderate,Crack Seal,1,provisional,Michigan GIS Open Data + Paventra rehearsal assumptions,2026-08-16
LEO-ROAD-315,LEO-315-33816333802158238021580,Woodview Rd,,,Leoni Township,42.275674461966794,-84.26121394343244,0.027913,2,Asphalt,Local,65,2026-08-16,Medium,1000,10,Moderate,Crack Seal,1,provisional,Michigan GIS Open Data + Paventra rehearsal assumptions,2026-08-16
LEO-ROAD-316,LEO-316-33816233802158238021567,Canal Rd,,,Leoni Township,42.275674461966794,-84.26121394343244,0.096082,2,Asphalt,Local,65,2026-08-16,Medium,1000,10,Moderate,Crack Seal,1,provisional,Michigan GIS Open Data + Paventra rehearsal assumptions,2026-08-16
LEO-ROAD-317,LEO-317-33816073802157538021583,Lakeshore Rd,,,Leoni Township,42.275939787874194,-84.25528672503583,0.032327,2,Asphalt,Local,65,2026-08-16,Medium,1000,10,Moderate,Crack Seal,1,provisional,Michigan GIS Open Data + Paventra rehearsal assumptions,2026-08-16
LEO-ROAD-318,LEO-318-8977013800434738004331,Hawkins Rd,,,Leoni Township,42.27673694034314,-84.3357556939637,0.038227,2,Asphalt,Local,65,2026-08-16,Medium,1000,10,Moderate,Crack Seal,1,provisional,Michigan GIS Open Data + Paventra rehearsal assumptions,2026-08-16
LEO-ROAD-319,LEO-319-33817513800436138004317,Ann Arbor Rd,,,Leoni Township,42.27650940928625,-84.32130784972406,0.537757,2,Asphalt,Local,65,2026-08-16,Medium,1000,10,Moderate,Crack Seal,1,provisional,Michigan GIS Open Data + Paventra rehearsal assumptions,2026-08-16
LEO-ROAD-320,LEO-320-8978093800435638004325,W I 94,,,Leoni Township,42.27703978561202,-84.35865300149698,1.171927,2,Asphalt,Local,65,2026-08-16,Medium,1000,10,Moderate,Crack Seal,1,provisional,Michigan GIS Open Data + Paventra rehearsal assumptions,2026-08-16
LEO-ROAD-321,LEO-321-33816133802158438021583,Eighth Rd,,,Leoni Township,42.275509489458074,-84.25816683961345,0.13421,2,Asphalt,Local,65,2026-08-16,Medium,1000,10,Moderate,Crack Seal,1,provisional,Michigan GIS Open Data + Paventra rehearsal assumptions,2026-08-16
LEO-ROAD-322,LEO-322-33816083802158438021576,Main St,,,Leoni Township,42.275509489458074,-84.25816683961345,0.029385,2,Asphalt,Local,65,2026-08-16,Medium,1000,10,Moderate,Crack Seal,1,provisional,Michigan GIS Open Data + Paventra rehearsal assumptions,2026-08-16
LEO-ROAD-323,LEO-323-8978093800435738004356,W I 94,,,Leoni Township,42.27703149642519,-84.3588918016027,0.012249,2,Asphalt,Local,65,2026-08-16,Medium,1000,10,Moderate,Crack Seal,1,provisional,Michigan GIS Open Data + Paventra rehearsal assumptions,2026-08-16
LEO-ROAD-324,LEO-324-33816133802158538021584,Eighth Rd,,,Leoni Township,42.27551444243821,-84.26007630976706,0.097838,2,Asphalt,Local,65,2026-08-16,Medium,1000,10,Moderate,Crack Seal,1,provisional,Michigan GIS Open Data + Paventra rehearsal assumptions,2026-08-16
LEO-ROAD-325,LEO-325-9188033802158538021578,Hilton Rd,,,Leoni Township,42.27551444243821,-84.26007630976706,0.019158,2,Asphalt,Local,65,2026-08-16,Medium,1000,10,Moderate,Crack Seal,1,provisional,Michigan GIS Open Data + Paventra rehearsal assumptions,2026-08-16
LEO-ROAD-326,LEO-326-9183103801966238004347,Young Rd,,,Leoni Township,42.276812599943895,-84.34612934045424,0.534884,2,Asphalt,Local,65,2026-08-16,Medium,1000,10,Moderate,Crack Seal,1,provisional,Michigan GIS Open Data + Paventra rehearsal assumptions,2026-08-16
LEO-ROAD-327,LEO-327-8971073800435838004331,E I 94,,,Leoni Township,42.27693990289094,-84.35572914061295,1.022306,2,Asphalt,Local,65,2026-08-16,Medium,1000,10,Moderate,Crack Seal,1,provisional,Michigan GIS Open Data + Paventra rehearsal assumptions,2026-08-16
LEO-ROAD-328,LEO-328-8978093800436038004357,W I 94,,,Leoni Township,42.27697467803381,-84.36101754792068,0.108987,2,Asphalt,Local,65,2026-08-16,Medium,1000,10,Moderate,Crack Seal,1,provisional,Michigan GIS Open Data + Paventra rehearsal assumptions,2026-08-16
LEO-ROAD-329,LEO-329-8984073800436038004357,Unnamed Road,,,Leoni Township,42.27697467803381,-84.36101754792068,0.401938,2,Asphalt,Local,65,2026-08-16,Medium,1000,10,Moderate,Crack Seal,1,provisional,Michigan GIS Open Data + Paventra rehearsal assumptions,2026-08-16
LEO-ROAD-330,LEO-330-8990033800435638004359,Unnamed Road,,,Leoni Township,42.27703978561202,-84.35865300149698,0.484913,2,Asphalt,Local,65,2026-08-16,Medium,1000,10,Moderate,Crack Seal,1,provisional,Michigan GIS Open Data + Paventra rehearsal assumptions,2026-08-16
LEO-ROAD-331,LEO-331-9130033800435938004262,N Dettman Rd,,,Leoni Township,42.27702603440383,-84.36492290481418,0.161536,2,Asphalt,Local,65,2026-08-16,Medium,1000,10,Moderate,Crack Seal,1,provisional,Michigan GIS Open Data + Paventra rehearsal assumptions,2026-08-16
LEO-ROAD-332,LEO-332-33816333802158638021582,Woodview Rd,,,Leoni Township,42.275443322992544,-84.26178057866915,0.033125,2,Asphalt,Local,65,2026-08-16,Medium,1000,10,Moderate,Crack Seal,1,provisional,Michigan GIS Open Data + Paventra rehearsal assumptions,2026-08-16
LEO-ROAD-333,LEO-333-33816243802158638021574,Forest Rd,,,Leoni Township,42.275443322992544,-84.26178057866915,0.05955,2,Asphalt,Local,65,2026-08-16,Medium,1000,10,Moderate,Crack Seal,1,provisional,Michigan GIS Open Data + Paventra rehearsal assumptions,2026-08-16
LEO-ROAD-334,LEO-334-8971073800436538004358,E I 94,,,Leoni Township,42.2768908404621,-84.35865510397761,0.149955,2,Asphalt,Local,65,2026-08-16,Medium,1000,10,Moderate,Crack Seal,1,provisional,Michigan GIS Open Data + Paventra rehearsal assumptions,2026-08-16
LEO-ROAD-335,LEO-335-8991093800436538004356,N US 127,,,Leoni Township,42.2768908404621,-84.35865510397761,0.010277,2,Asphalt,Local,65,2026-08-16,Medium,1000,10,Moderate,Crack Seal,1,provisional,Michigan GIS Open Data + Paventra rehearsal assumptions,2026-08-16
LEO-ROAD-336,LEO-336-8971073800436738004365,E I 94,,,Leoni Township,42.276891310736794,-84.35888828854576,0.011948,2,Asphalt,Local,65,2026-08-16,Medium,1000,10,Moderate,Crack Seal,1,provisional,Michigan GIS Open Data + Paventra rehearsal assumptions,2026-08-16
LEO-ROAD-337,LEO-337-8991103800436738004357,S US 127,,,Leoni Township,42.276891310736794,-84.35888828854576,0.009674,2,Asphalt,Local,65,2026-08-16,Medium,1000,10,Moderate,Crack Seal,1,provisional,Michigan GIS Open Data + Paventra rehearsal assumptions,2026-08-16
LEO-ROAD-338,LEO-338-8978093800437338004360,W I 94,,,Leoni Township,42.27689252093104,-84.36492120449076,0.200091,2,Asphalt,Local,65,2026-08-16,Medium,1000,10,Moderate,Crack Seal,1,provisional,Michigan GIS Open Data + Paventra rehearsal assumptions,2026-08-16
LEO-ROAD-339,LEO-339-9130033800437338004359,N Dettman Rd,,,Leoni Township,42.27689252093104,-84.36492120449076,0.009212,2,Asphalt,Local,65,2026-08-16,Medium,1000,10,Moderate,Crack Seal,1,provisional,Michigan GIS Open Data + Paventra rehearsal assumptions,2026-08-16
LEO-ROAD-340,LEO-340-8971073800437638004367,E I 94,,,Leoni Township,42.27682669938157,-84.3619903444182,0.159002,2,Asphalt,Local,65,2026-08-16,Medium,1000,10,Moderate,Crack Seal,1,provisional,Michigan GIS Open Data + Paventra rehearsal assumptions,2026-08-16
LEO-ROAD-341,LEO-341-8971073800438038004376,E I 94,,,Leoni Township,42.27675901007365,-84.36492293198202,0.150329,2,Asphalt,Local,65,2026-08-16,Medium,1000,10,Moderate,Crack Seal,1,provisional,Michigan GIS Open Data + Paventra rehearsal assumptions,2026-08-16
LEO-ROAD-342,LEO-342-9130033800438038004373,N Dettman Rd,,,Leoni Township,42.27675901007365,-84.36492293198202,0.009212,2,Asphalt,Local,65,2026-08-16,Medium,1000,10,Moderate,Crack Seal,1,provisional,Michigan GIS Open Data + Paventra rehearsal assumptions,2026-08-16
LEO-ROAD-343,LEO-343-33816073802158338021587,Lakeshore Rd,,,Leoni Township,42.275513300882864,-84.25554748927817,0.032104,2,Asphalt,Local,65,2026-08-16,Medium,1000,10,Moderate,Crack Seal,1,provisional,Michigan GIS Open Data + Paventra rehearsal assumptions,2026-08-16
LEO-ROAD-344,LEO-344-33816123802158838021587,Seventh Rd,,,Leoni Township,42.27509116235354,-84.25817309426114,0.121466,2,Asphalt,Local,65,2026-08-16,Medium,1000,10,Moderate,Crack Seal,1,provisional,Michigan GIS Open Data + Paventra rehearsal assumptions,2026-08-16
LEO-ROAD-345,LEO-345-33816083802158838021584,Main St,,,Leoni Township,42.27509116235354,-84.25817309426114,0.028864,2,Asphalt,Local,65,2026-08-16,Medium,1000,10,Moderate,Crack Seal,1,provisional,Michigan GIS Open Data + Paventra rehearsal assumptions,2026-08-16
LEO-ROAD-346,LEO-346-33816123802158938021588,Seventh Rd,,,Leoni Township,42.27510453384009,-84.26007565310779,0.097488,2,Asphalt,Local,65,2026-08-16,Medium,1000,10,Moderate,Crack Seal,1,provisional,Michigan GIS Open Data + Paventra rehearsal assumptions,2026-08-16
LEO-ROAD-347,LEO-347-9188033802158938021585,Hilton Rd,,,Leoni Township,42.27510453384009,-84.26007565310779,0.028281,2,Asphalt,Local,65,2026-08-16,Medium,1000,10,Moderate,Crack Seal,1,provisional,Michigan GIS Open Data + Paventra rehearsal assumptions,2026-08-16
LEO-ROAD-348,LEO-348-33816333802159038021586,Woodview Rd,,,Leoni Township,42.275124397320376,-84.26236046188966,0.036973,2,Asphalt,Local,65,2026-08-16,Medium,1000,10,Moderate,Crack Seal,1,provisional,Michigan GIS Open Data + Paventra rehearsal assumptions,2026-08-16
LEO-ROAD-349,LEO-349-33816253802159038021581,Maple Rd,,,Leoni Township,42.275124397320376,-84.26236046188966,0.048554,2,Asphalt,Local,65,2026-08-16,Medium,1000,10,Moderate,Crack Seal,1,provisional,Michigan GIS Open Data + Paventra rehearsal assumptions,2026-08-16
LEO-ROAD-350,LEO-350-33817513800438738004361,Ann Arbor Rd,,,Leoni Township,42.2759243425418,-84.32332521368603,0.111219,2,Asphalt,Local,65,2026-08-16,Medium,1000,10,Moderate,Crack Seal,1,provisional,Michigan GIS Open Data + Paventra rehearsal assumptions,2026-08-16
LEO-ROAD-351,LEO-351-33816073802158738021591,Lakeshore Rd,,,Leoni Township,42.27509100010578,-84.25580247997846,0.032357,2,Asphalt,Local,65,2026-08-16,Medium,1000,10,Moderate,Crack Seal,1,provisional,Michigan GIS Open Data + Paventra rehearsal assumptions,2026-08-16
LEO-ROAD-352,LEO-352-33816333802161538021590,Woodview Rd,,,Leoni Township,42.274788351857154,-84.26281764568606,0.033118,2,Asphalt,Local,65,2026-08-16,Medium,1000,10,Moderate,Crack Seal,1,provisional,Michigan GIS Open Data + Paventra rehearsal assumptions,2026-08-16
LEO-ROAD-353,LEO-353-33816103802161538021619,Lakeview Rd,,,Leoni Township,42.274788351857154,-84.26281764568606,0.052601,2,Asphalt,Local,65,2026-08-16,Medium,1000,10,Moderate,Crack Seal,1,provisional,Michigan GIS Open Data + Paventra rehearsal assumptions,2026-08-16
LEO-ROAD-354,LEO-354-33816343802159238021591,Sixth Rd,,,Leoni Township,42.27468832663195,-84.25817911620399,0.104808,2,Asphalt,Local,65,2026-08-16,Medium,1000,10,Moderate,Crack Seal,1,provisional,Michigan GIS Open Data + Paventra rehearsal assumptions,2026-08-16
LEO-ROAD-355,LEO-355-33816083802159238021588,Main St,,,Leoni Township,42.27468832663195,-84.25817911620399,0.027795,2,Asphalt,Local,65,2026-08-16,Medium,1000,10,Moderate,Crack Seal,1,provisional,Michigan GIS Open Data + Paventra rehearsal assumptions,2026-08-16
LEO-ROAD-356,LEO-356-33816343802159338021592,Sixth Rd,,,Leoni Township,42.274686027530436,-84.26007498138179,0.097142,2,Asphalt,Local,65,2026-08-16,Medium,1000,10,Moderate,Crack Seal,1,provisional,Michigan GIS Open Data + Paventra rehearsal assumptions,2026-08-16
LEO-ROAD-357,LEO-357-9188033802159338021589,Hilton Rd,,,Leoni Township,42.274686027530436,-84.26007498138179,0.028874,2,Asphalt,Local,65,2026-08-16,Medium,1000,10,Moderate,Crack Seal,1,provisional,Michigan GIS Open Data + Paventra rehearsal assumptions,2026-08-16
LEO-ROAD-358,LEO-358-33816073802159138021594,Lakeshore Rd,,,Leoni Township,42.27469167105489,-84.25613363077248,0.006826,2,Asphalt,Local,65,2026-08-16,Medium,1000,10,Moderate,Crack Seal,1,provisional,Michigan GIS Open Data + Paventra rehearsal assumptions,2026-08-16
LEO-ROAD-359,LEO-359-33817513800439938004387,Ann Arbor Rd,,,Leoni Township,42.27563016503488,-84.32396330720411,0.038482,2,Asphalt,Local,65,2026-08-16,Medium,1000,10,Moderate,Crack Seal,1,provisional,Michigan GIS Open Data + Paventra rehearsal assumptions,2026-08-16
LEO-ROAD-360,LEO-360-9185083800440538004317,Donnely Rd,,,Leoni Township,42.2753771722784,-84.3109217270647,0.12352,2,Asphalt,Local,65,2026-08-16,Medium,1000,10,Moderate,Crack Seal,1,provisional,Michigan GIS Open Data + Paventra rehearsal assumptions,2026-08-16
LEO-ROAD-361,LEO-361-33814913802040238020404,Hidden Oaks Ln,,,Leoni Township,42.27733633394484,-84.29850132310978,0.173187,2,Asphalt,Local,65,2026-08-16,Medium,1000,10,Moderate,Crack Seal,1,provisional,Michigan GIS Open Data + Paventra rehearsal assumptions,2026-08-16
LEO-ROAD-362,LEO-362-9019083800441138004361,Ponderosa Dr,,,Leoni Township,42.275430538837504,-84.32083279367922,0.078439,2,Asphalt,Local,65,2026-08-16,Medium,1000,10,Moderate,Crack Seal,1,provisional,Michigan GIS Open Data + Paventra rehearsal assumptions,2026-08-16
LEO-ROAD-363,LEO-363-9185103802550738004408,Viking Dr,,,Leoni Township,42.275405887553546,-84.31827516144747,0.063968,2,Asphalt,Local,65,2026-08-16,Medium,1000,10,Moderate,Crack Seal,1,provisional,Michigan GIS Open Data + Paventra rehearsal assumptions,2026-08-16
LEO-ROAD-364,LEO-364-9185103800440838004411,Viking Dr,,,Leoni Township,42.27540246491894,-84.31952324299785,0.067127,2,Asphalt,Local,65,2026-08-16,Medium,1000,10,Moderate,Crack Seal,1,provisional,Michigan GIS Open Data + Paventra rehearsal assumptions,2026-08-16
LEO-ROAD-365,LEO-365-33816323802159438021595,Second Rd,,,Leoni Township,42.27460986349378,-84.25620854576587,0.036566,2,Asphalt,Local,65,2026-08-16,Medium,1000,10,Moderate,Crack Seal,1,provisional,Michigan GIS Open Data + Paventra rehearsal assumptions,2026-08-16
LEO-ROAD-366,LEO-366-33816283802159638021595,Fifth Rd,,,Leoni Township,42.27428066722466,-84.25818521163298,0.073468,2,Asphalt,Local,65,2026-08-16,Medium,1000,10,Moderate,Crack Seal,1,provisional,Michigan GIS Open Data + Paventra rehearsal assumptions,2026-08-16
LEO-ROAD-367,LEO-367-33816083802159638021592,Main St,,,Leoni Township,42.27428066722466,-84.25818521163298,0.028128,2,Asphalt,Local,65,2026-08-16,Medium,1000,10,Moderate,Crack Seal,1,provisional,Michigan GIS Open Data + Paventra rehearsal assumptions,2026-08-16
LEO-ROAD-368,LEO-368-33816283802159738021596,Fifth Rd,,,Leoni Township,42.27427832507144,-84.260074330234,0.096797,2,Asphalt,Local,65,2026-08-16,Medium,1000,10,Moderate,Crack Seal,1,provisional,Michigan GIS Open Data + Paventra rehearsal assumptions,2026-08-16
LEO-ROAD-369,LEO-369-9188033802159738021593,Hilton Rd,,,Leoni Township,42.27427832507144,-84.260074330234,0.028129,2,Asphalt,Local,65,2026-08-16,Medium,1000,10,Moderate,Crack Seal,1,provisional,Michigan GIS Open Data + Paventra rehearsal assumptions,2026-08-16
LEO-ROAD-370,LEO-370-9186023800441738004405,Holly Dr,,,Leoni Township,42.27514137032284,-84.31754866466639,0.343508,2,Asphalt,Local,65,2026-08-16,Medium,1000,10,Moderate,Crack Seal,1,provisional,Michigan GIS Open Data + Paventra rehearsal assumptions,2026-08-16
LEO-ROAD-371,LEO-371-9185103800441738025507,Viking Dr,,,Leoni Township,42.27514137032284,-84.31754866466639,0.042479,2,Asphalt,Local,65,2026-08-16,Medium,1000,10,Moderate,Crack Seal,1,provisional,Michigan GIS Open Data + Paventra rehearsal assumptions,2026-08-16
LEO-ROAD-372,LEO-372-9188033802159938021597,Hilton Rd,,,Leoni Township,42.27418184100228,-84.26007417600623,0.006657,2,Asphalt,Local,65,2026-08-16,Medium,1000,10,Moderate,Crack Seal,1,provisional,Michigan GIS Open Data + Paventra rehearsal assumptions,2026-08-16
LEO-ROAD-373,LEO-373-33816113802159938021600,Slide Rd,,,Leoni Township,42.27418184100228,-84.26007417600623,0.031409,2,Asphalt,Local,65,2026-08-16,Medium,1000,10,Moderate,Crack Seal,1,provisional,Michigan GIS Open Data + Paventra rehearsal assumptions,2026-08-16
LEO-ROAD-374,LEO-374-33816263802160038021580,Sixteenth Rd,,,Leoni Township,42.274183542140776,-84.26068716254493,0.110092,2,Asphalt,Local,65,2026-08-16,Medium,1000,10,Moderate,Crack Seal,1,provisional,Michigan GIS Open Data + Paventra rehearsal assumptions,2026-08-16
LEO-ROAD-375,LEO-375-33816353802160138021582,Seventeenth Rd,,,Leoni Township,42.27418887458801,-84.26124728624129,0.10251,2,Asphalt,Local,65,2026-08-16,Medium,1000,10,Moderate,Crack Seal,1,provisional,Michigan GIS Open Data + Paventra rehearsal assumptions,2026-08-16
LEO-ROAD-376,LEO-376-33816113802160138021586,Slide Rd,,,Leoni Township,42.27418887458801,-84.26124728624129,0.104079,2,Asphalt,Local,65,2026-08-16,Medium,1000,10,Moderate,Crack Seal,1,provisional,Michigan GIS Open Data + Paventra rehearsal assumptions,2026-08-16
LEO-ROAD-377,LEO-377-33816113802160038021601,Slide Rd,,,Leoni Township,42.274183542140776,-84.26068716254493,0.028708,2,Asphalt,Local,65,2026-08-16,Medium,1000,10,Moderate,Crack Seal,1,provisional,Michigan GIS Open Data + Paventra rehearsal assumptions,2026-08-16
LEO-ROAD-378,LEO-378-33816273802160238021598,Hillside Rd,,,Leoni Township,42.27420629690189,-84.26298957878723,0.035187,2,Asphalt,Local,65,2026-08-16,Medium,1000,10,Moderate,Crack Seal,1,provisional,Michigan GIS Open Data + Paventra rehearsal assumptions,2026-08-16
LEO-ROAD-379,LEO-379-33816333802160238021615,Woodview Rd,,,Leoni Township,42.27420629690189,-84.26298957878723,0.041734,2,Asphalt,Local,65,2026-08-16,Medium,1000,10,Moderate,Crack Seal,1,provisional,Michigan GIS Open Data + Paventra rehearsal assumptions,2026-08-16
LEO-ROAD-380,LEO-380-9130033800442038004380,N Dettman Rd,,,Leoni Township,42.27568920535551,-84.36490836932647,0.073813,2,Asphalt,Local,65,2026-08-16,Medium,1000,10,Moderate,Crack Seal,1,provisional,Michigan GIS Open Data + Paventra rehearsal assumptions,2026-08-16
LEO-ROAD-381,LEO-381-33816323802159538021603,Second Rd,,,Leoni Township,42.27426594476003,-84.25675152415454,0.028965,2,Asphalt,Local,65,2026-08-16,Medium,1000,10,Moderate,Crack Seal,1,provisional,Michigan GIS Open Data + Paventra rehearsal assumptions,2026-08-16
LEO-ROAD-382,LEO-382-33816293802160438021603,Court Rd,,,Leoni Township,42.27398896430973,-84.25818957249938,0.052334,2,Asphalt,Local,65,2026-08-16,Medium,1000,10,Moderate,Crack Seal,1,provisional,Michigan GIS Open Data + Paventra rehearsal assumptions,2026-08-16
LEO-ROAD-383,LEO-383-33816083802160438021596,Main St,,,Leoni Township,42.27398896430973,-84.25818957249938,0.020127,2,Asphalt,Local,65,2026-08-16,Medium,1000,10,Moderate,Crack Seal,1,provisional,Michigan GIS Open Data + Paventra rehearsal assumptions,2026-08-16
LEO-ROAD-384,LEO-384-33816293800444338021604,Court Rd,,,Leoni Township,42.273982660918314,-84.26007358725799,0.096536,2,Asphalt,Local,65,2026-08-16,Medium,1000,10,Moderate,Crack Seal,1,provisional,Michigan GIS Open Data + Paventra rehearsal assumptions,2026-08-16
LEO-ROAD-385,LEO-385-9188033800444338021599,Hilton Rd,,,Leoni Township,42.273982660918314,-84.26007358725799,0.013742,2,Asphalt,Local,65,2026-08-16,Medium,1000,10,Moderate,Crack Seal,1,provisional,Michigan GIS Open Data + Paventra rehearsal assumptions,2026-08-16
LEO-ROAD-386,LEO-386-9183103801966138019662,Young Rd,,,Leoni Township,42.27527463788356,-84.34810779113975,0.147465,2,Asphalt,Local,65,2026-08-16,Medium,1000,10,Moderate,Crack Seal,1,provisional,Michigan GIS Open Data + Paventra rehearsal assumptions,2026-08-16
LEO-ROAD-387,LEO-387-33816323802160338021620,Second Rd,,,Leoni Township,42.27398227227948,-84.25716823668436,0.027485,2,Asphalt,Local,65,2026-08-16,Medium,1000,10,Moderate,Crack Seal,1,provisional,Michigan GIS Open Data + Paventra rehearsal assumptions,2026-08-16
LEO-ROAD-388,LEO-388-33816313802155038021620,Fourth Rd,,,Leoni Township,42.273721404168015,-84.26008869187807,0.129064,2,Asphalt,Local,65,2026-08-16,Medium,1000,10,Moderate,Crack Seal,1,provisional,Michigan GIS Open Data + Paventra rehearsal assumptions,2026-08-16
LEO-ROAD-389,LEO-389-9188033802155038004443,Hilton Rd,,,Leoni Township,42.273721404168015,-84.26008869187807,0.018042,2,Asphalt,Local,65,2026-08-16,Medium,1000,10,Moderate,Crack Seal,1,provisional,Michigan GIS Open Data + Paventra rehearsal assumptions,2026-08-16
LEO-ROAD-390,LEO-390-9019093800445238004399,Young Rd,,,Leoni Township,42.27481199810825,-84.33442886109806,0.785106,2,Asphalt,Local,65,2026-08-16,Medium,1000,10,Moderate,Crack Seal,1,provisional,Michigan GIS Open Data + Paventra rehearsal assumptions,2026-08-16
LEO-ROAD-391,LEO-391-8977013800445238004347,Hawkins Rd,,,Leoni Township,42.27481199810825,-84.33442886109806,0.150018,2,Asphalt,Local,65,2026-08-16,Medium,1000,10,Moderate,Crack Seal,1,provisional,Michigan GIS Open Data + Paventra rehearsal assumptions,2026-08-16
LEO-ROAD-392,LEO-392-9185083800445838004405,Donnely Rd,,,Leoni Township,42.27442634876709,-84.3109297233121,0.065602,2,Asphalt,Local,65,2026-08-16,Medium,1000,10,Moderate,Crack Seal,1,provisional,Michigan GIS Open Data + Paventra rehearsal assumptions,2026-08-16
LEO-ROAD-393,LEO-393-9186013800445738004458,Poplar Dr,,,Leoni Township,42.27443545632112,-84.31241323033309,0.076016,2,Asphalt,Local,65,2026-08-16,Medium,1000,10,Moderate,Crack Seal,1,provisional,Michigan GIS Open Data + Paventra rehearsal assumptions,2026-08-16
LEO-ROAD-394,LEO-394-9186013800445638004457,Poplar Dr,,,Leoni Township,42.27444802705157,-84.31739946533226,0.25549,2,Asphalt,Local,65,2026-08-16,Medium,1000,10,Moderate,Crack Seal,1,provisional,Michigan GIS Open Data + Paventra rehearsal assumptions,2026-08-16
LEO-ROAD-395,LEO-395-9185103800445638004417,Viking Dr,,,Leoni Township,42.27444802705157,-84.31739946533226,0.048766,2,Asphalt,Local,65,2026-08-16,Medium,1000,10,Moderate,Crack Seal,1,provisional,Michigan GIS Open Data + Paventra rehearsal assumptions,2026-08-16
LEO-ROAD-396,LEO-396-33816073802159438021621,Lakeshore Rd,,,Leoni Township,42.27460986349378,-84.25620854576587,0.09446,2,Asphalt,Local,65,2026-08-16,Medium,1000,10,Moderate,Crack Seal,1,provisional,Michigan GIS Open Data + Paventra rehearsal assumptions,2026-08-16
LEO-ROAD-397,LEO-397-9186093800446538004308,Gilletts Lake Rd,,,Leoni Township,42.27412294694083,-84.30422813229787,0.214707,2,Asphalt,Local,65,2026-08-16,Medium,1000,10,Moderate,Crack Seal,1,provisional,Michigan GIS Open Data + Paventra rehearsal assumptions,2026-08-16
LEO-ROAD-398,LEO-398-8991103800446238004367,S US 127,,,Leoni Township,42.27486648700099,-84.35863012749068,0.140325,2,Asphalt,Local,65,2026-08-16,Medium,1000,10,Moderate,Crack Seal,1,provisional,Michigan GIS Open Data + Paventra rehearsal assumptions,2026-08-16
LEO-ROAD-399,LEO-399-8976053800437638004462,Unnamed Road,,,Leoni Township,42.27682669938157,-84.3619903444182,0.226983,2,Asphalt,Local,65,2026-08-16,Medium,1000,10,Moderate,Crack Seal,1,provisional,Michigan GIS Open Data + Paventra rehearsal assumptions,2026-08-16
LEO-ROAD-400,LEO-400-33808043800441138004473,Ridgewood Vista Dr,,,Leoni Township,42.275430538837504,-84.32083279367922,0.104406,2,Asphalt,Local,65,2026-08-16,Medium,1000,10,Moderate,Crack Seal,1,provisional,Michigan GIS Open Data + Paventra rehearsal assumptions,2026-08-16
LEO-ROAD-401,LEO-401-9188033802161138021550,Hilton Rd,,,Leoni Township,42.273305682685105,-84.26009567014482,0.028684,2,Asphalt,Local,65,2026-08-16,Medium,1000,10,Moderate,Crack Seal,1,provisional,Michigan GIS Open Data + Paventra rehearsal assumptions,2026-08-16
LEO-ROAD-402,LEO-402-33816323802162038021622,Second Rd,,,Leoni Township,42.27371824535592,-84.25756991096854,0.049845,2,Asphalt,Local,65,2026-08-16,Medium,1000,10,Moderate,Crack Seal,1,provisional,Michigan GIS Open Data + Paventra rehearsal assumptions,2026-08-16
LEO-ROAD-403,LEO-403-33816483802161138021622,Third Rd,,,Leoni Township,42.273305682685105,-84.26009567014482,0.090518,2,Asphalt,Local,65,2026-08-16,Medium,1000,10,Moderate,Crack Seal,1,provisional,Michigan GIS Open Data + Paventra rehearsal assumptions,2026-08-16
LEO-ROAD-404,LEO-404-9209013800447438004408,Dogwood Dr,,,Leoni Township,42.27416862412614,-84.31923050663234,0.088695,2,Asphalt,Local,65,2026-08-16,Medium,1000,10,Moderate,Crack Seal,1,provisional,Michigan GIS Open Data + Paventra rehearsal assumptions,2026-08-16
LEO-ROAD-405,LEO-405-9183103802041038019661,Young Rd,,,Leoni Township,42.27455683715211,-84.35046516662324,0.135295,2,Asphalt,Local,65,2026-08-16,Medium,1000,10,Moderate,Crack Seal,1,provisional,Michigan GIS Open Data + Paventra rehearsal assumptions,2026-08-16
LEO-ROAD-406,LEO-406-33814943802041038020412,Knox Trl,,,Leoni Township,42.27455683715211,-84.35046516662324,0.179688,2,Asphalt,Local,65,2026-08-16,Medium,1000,10,Moderate,Crack Seal,1,provisional,Michigan GIS Open Data + Paventra rehearsal assumptions,2026-08-16
LEO-ROAD-407,LEO-407-33808043800447338004491,Ridgewood Vista Dr,,,Leoni Township,42.27426586050878,-84.32205295424481,0.061931,2,Asphalt,Local,65,2026-08-16,Medium,1000,10,Moderate,Crack Seal,1,provisional,Michigan GIS Open Data + Paventra rehearsal assumptions,2026-08-16
LEO-ROAD-408,LEO-408-8976083801747438004358,Unnamed Road,,,Leoni Township,42.27458262776143,-84.35838423746728,0.226979,2,Asphalt,Local,65,2026-08-16,Medium,1000,10,Moderate,Crack Seal,1,provisional,Michigan GIS Open Data + Paventra rehearsal assumptions,2026-08-16
LEO-ROAD-409,LEO-409-8991093801747438004365,N US 127,,,Leoni Township,42.27458262776143,-84.35838423746728,0.159855,2,Asphalt,Local,65,2026-08-16,Medium,1000,10,Moderate,Crack Seal,1,provisional,Michigan GIS Open Data + Paventra rehearsal assumptions,2026-08-16
LEO-ROAD-410,LEO-410-33801353800447438004492,Kapok Dr,,,Leoni Township,42.27416862412614,-84.31923050663234,0.086184,2,Asphalt,Local,65,2026-08-16,Medium,1000,10,Moderate,Crack Seal,1,provisional,Michigan GIS Open Data + Paventra rehearsal assumptions,2026-08-16
LEO-ROAD-411,LEO-411-9019083800449238004411,Ponderosa Dr,,,Leoni Township,42.27396227629904,-84.32084528815754,0.101352,2,Asphalt,Local,65,2026-08-16,Medium,1000,10,Moderate,Crack Seal,1,provisional,Michigan GIS Open Data + Paventra rehearsal assumptions,2026-08-16
LEO-ROAD-412,LEO-412-33801353800449238004473,Kapok Dr,,,Leoni Township,42.27396227629904,-84.32084528815754,0.069886,2,Asphalt,Local,65,2026-08-16,Medium,1000,10,Moderate,Crack Seal,1,provisional,Michigan GIS Open Data + Paventra rehearsal assumptions,2026-08-16
LEO-ROAD-413,LEO-413-33816323802162238025525,Second Rd,,,Leoni Township,42.27326725962855,-84.25832987379032,0.042944,2,Asphalt,Local,65,2026-08-16,Medium,1000,10,Moderate,Crack Seal,1,provisional,Michigan GIS Open Data + Paventra rehearsal assumptions,2026-08-16
LEO-ROAD-414,LEO-414-33816323802552538021609,Second Rd,,,Leoni Township,42.27288721669816,-84.2589936072274,0.00952,2,Asphalt,Local,65,2026-08-16,Medium,1000,10,Moderate,Crack Seal,1,provisional,Michigan GIS Open Data + Paventra rehearsal assumptions,2026-08-16
LEO-ROAD-415,LEO-415-33816323802160938021612,Second Rd,,,Leoni Township,42.272887266801234,-84.25917910241635,0.028699,2,Asphalt,Local,65,2026-08-16,Medium,1000,10,Moderate,Crack Seal,1,provisional,Michigan GIS Open Data + Paventra rehearsal assumptions,2026-08-16
LEO-ROAD-416,LEO-416-33816323802161238021551,Second Rd,,,Leoni Township,42.27288872911928,-84.25973919203423,0.018626,2,Asphalt,Local,65,2026-08-16,Medium,1000,10,Moderate,Crack Seal,1,provisional,Michigan GIS Open Data + Paventra rehearsal assumptions,2026-08-16
LEO-ROAD-417,LEO-417-9188033802155138021611,Hilton Rd,,,Leoni Township,42.2728873179514,-84.26010269278684,0.028867,2,Asphalt,Local,65,2026-08-16,Medium,1000,10,Moderate,Crack Seal,1,provisional,Michigan GIS Open Data + Paventra rehearsal assumptions,2026-08-16
LEO-ROAD-418,LEO-418-9183103800451238020410,Young Rd,,,Leoni Township,42.27406305018443,-84.35191197785171,0.08818,2,Asphalt,Local,65,2026-08-16,Medium,1000,10,Moderate,Crack Seal,1,provisional,Michigan GIS Open Data + Paventra rehearsal assumptions,2026-08-16
LEO-ROAD-419,LEO-419-8976093800451238004371,Munith Rd,,,Leoni Township,42.27406305018443,-84.35191197785171,0.2,2,Asphalt,Local,65,2026-08-16,Medium,1000,10,Moderate,Crack Seal,1,provisional,Michigan GIS Open Data + Paventra rehearsal assumptions,2026-08-16
LEO-ROAD-420,LEO-420-9209033800451338004457,Juniper Dr,,,Leoni Township,42.27348568246436,-84.3134475839983,0.104978,2,Asphalt,Local,65,2026-08-16,Medium,1000,10,Moderate,Crack Seal,1,provisional,Michigan GIS Open Data + Paventra rehearsal assumptions,2026-08-16
LEO-ROAD-421,LEO-421-9209033800451438004513,Juniper Dr,,,Leoni Township,42.27350256695257,-84.31714905352501,0.189665,2,Asphalt,Local,65,2026-08-16,Medium,1000,10,Moderate,Crack Seal,1,provisional,Michigan GIS Open Data + Paventra rehearsal assumptions,2026-08-16
LEO-ROAD-422,LEO-422-9185103800451438004456,Viking Dr,,,Leoni Township,42.27350256695257,-84.31714905352501,0.067865,2,Asphalt,Local,65,2026-08-16,Medium,1000,10,Moderate,Crack Seal,1,provisional,Michigan GIS Open Data + Paventra rehearsal assumptions,2026-08-16
LEO-ROAD-423,LEO-423-33810403800452438004504,Donnely Rd,,,Leoni Township,42.273351930262315,-84.31086875507076,0.03,2,Asphalt,Local,65,2026-08-16,Medium,1000,10,Moderate,Crack Seal,1,provisional,Michigan GIS Open Data + Paventra rehearsal assumptions,2026-08-16
LEO-ROAD-424,LEO-424-9185083800452438004458,Donnely Rd,,,Leoni Township,42.273351930262315,-84.31086875507076,0.074194,2,Asphalt,Local,65,2026-08-16,Medium,1000,10,Moderate,Crack Seal,1,provisional,Michigan GIS Open Data + Paventra rehearsal assumptions,2026-08-16
LEO-ROAD-425,LEO-425-33816373802162138021623,Bridge Rd,,,Leoni Township,42.27344690255656,-84.2552569391438,0.071479,2,Asphalt,Local,65,2026-08-16,Medium,1000,10,Moderate,Crack Seal,1,provisional,Michigan GIS Open Data + Paventra rehearsal assumptions,2026-08-16
LEO-ROAD-426,LEO-426-8977073800453538004167,Whipple Rd,,,Leoni Township,42.2728319693862,-84.28478092784889,0.511133,2,Asphalt,Local,65,2026-08-16,Medium,1000,10,Moderate,Crack Seal,1,provisional,Michigan GIS Open Data + Paventra rehearsal assumptions,2026-08-16
LEO-ROAD-427,LEO-427-9159083800454238004535,Greenwood Rd,,,Leoni Township,42.272846878012665,-84.2897024497908,0.252312,2,Asphalt,Local,65,2026-08-16,Medium,1000,10,Moderate,Crack Seal,1,provisional,Michigan GIS Open Data + Paventra rehearsal assumptions,2026-08-16
LEO-ROAD-428,LEO-428-9187083800454238021771,Fox Rd,,,Leoni Township,42.272846878012665,-84.2897024497908,0.303592,2,Asphalt,Local,65,2026-08-16,Medium,1000,10,Moderate,Crack Seal,1,provisional,Michigan GIS Open Data + Paventra rehearsal assumptions,2026-08-16
LEO-ROAD-429,LEO-429-33816073802162138021614,Lakeshore Rd,,,Leoni Township,42.27344690255656,-84.2552569391438,0.231146,2,Asphalt,Local,65,2026-08-16,Medium,1000,10,Moderate,Crack Seal,1,provisional,Michigan GIS Open Data + Paventra rehearsal assumptions,2026-08-16
LEO-ROAD-430,LEO-430-33816383802162338021614,Hilton Rd,,,Leoni Township,42.27249928996627,-84.25579007965653,0.102742,2,Asphalt,Local,65,2026-08-16,Medium,1000,10,Moderate,Crack Seal,1,provisional,Michigan GIS Open Data + Paventra rehearsal assumptions,2026-08-16
LEO-ROAD-431,LEO-431-9188033802155238021551,Hilton Rd,,,Leoni Township,42.27206597161118,-84.26009976072545,0.056679,2,Asphalt,Local,65,2026-08-16,Medium,1000,10,Moderate,Crack Seal,1,provisional,Michigan GIS Open Data + Paventra rehearsal assumptions,2026-08-16
LEO-ROAD-432,LEO-432-33816333802155238021602,Woodview Rd,,,Leoni Township,42.27206597161118,-84.26009976072545,0.262844,2,Asphalt,Local,65,2026-08-16,Medium,1000,10,Moderate,Crack Seal,1,provisional,Michigan GIS Open Data + Paventra rehearsal assumptions,2026-08-16
LEO-ROAD-433,LEO-433-9209023800459738004596,Larch Dr,,,Leoni Township,42.272564973368745,-84.31713295991082,0.085064,2,Asphalt,Local,65,2026-08-16,Medium,1000,10,Moderate,Crack Seal,1,provisional,Michigan GIS Open Data + Paventra rehearsal assumptions,2026-08-16
LEO-ROAD-434,LEO-434-9185103800459738004514,Viking Dr,,,Leoni Township,42.272564973368745,-84.31713295991082,0.064693,2,Asphalt,Local,65,2026-08-16,Medium,1000,10,Moderate,Crack Seal,1,provisional,Michigan GIS Open Data + Paventra rehearsal assumptions,2026-08-16
LEO-ROAD-435,LEO-435-9208103800459438004513,Cash Dr,,,Leoni Township,42.27250021240526,-84.31371863370428,0.07049,2,Asphalt,Local,65,2026-08-16,Medium,1000,10,Moderate,Crack Seal,1,provisional,Michigan GIS Open Data + Paventra rehearsal assumptions,2026-08-16
LEO-ROAD-436,LEO-436-9209023800459638004594,Larch Dr,,,Leoni Township,42.27254853669894,-84.3154730150217,0.09005,2,Asphalt,Local,65,2026-08-16,Medium,1000,10,Moderate,Crack Seal,1,provisional,Michigan GIS Open Data + Paventra rehearsal assumptions,2026-08-16
LEO-ROAD-437,LEO-437-9188033802161038021552,Hilton Rd,,,Leoni Township,42.27133170140724,-84.26010952863976,0.050662,2,Asphalt,Local,65,2026-08-16,Medium,1000,10,Moderate,Crack Seal,1,provisional,Michigan GIS Open Data + Paventra rehearsal assumptions,2026-08-16
LEO-ROAD-438,LEO-438-33816463802162438021612,First Rd,,,Leoni Township,42.27132419942151,-84.25980152234337,0.107989,2,Asphalt,Local,65,2026-08-16,Medium,1000,10,Moderate,Crack Seal,1,provisional,Michigan GIS Open Data + Paventra rehearsal assumptions,2026-08-16
LEO-ROAD-439,LEO-439-33816303802161038021624,Diamond Rd,,,Leoni Township,42.27133170140724,-84.26010952863976,0.015791,2,Asphalt,Local,65,2026-08-16,Medium,1000,10,Moderate,Crack Seal,1,provisional,Michigan GIS Open Data + Paventra rehearsal assumptions,2026-08-16
LEO-ROAD-440,LEO-440-33816073802161438021625,Lakeshore Rd,,,Leoni Township,42.27214709949461,-84.25401935849324,0.066192,2,Asphalt,Local,65,2026-08-16,Medium,1000,10,Moderate,Crack Seal,1,provisional,Michigan GIS Open Data + Paventra rehearsal assumptions,2026-08-16
LEO-ROAD-441,LEO-441-33816303802161738021626,Diamond Rd,,,Leoni Township,42.27130833678808,-84.25923250031292,0.028627,2,Asphalt,Local,65,2026-08-16,Medium,1000,10,Moderate,Crack Seal,1,provisional,Michigan GIS Open Data + Paventra rehearsal assumptions,2026-08-16
LEO-ROAD-442,LEO-442-33816363802161738021609,Silo Rd,,,Leoni Township,42.27130833678808,-84.25923250031292,0.10897,2,Asphalt,Local,65,2026-08-16,Medium,1000,10,Moderate,Crack Seal,1,provisional,Michigan GIS Open Data + Paventra rehearsal assumptions,2026-08-16
LEO-ROAD-443,LEO-443-33816303802162438021617,Diamond Rd,,,Leoni Township,42.27132419942151,-84.25980152234337,0.029178,2,Asphalt,Local,65,2026-08-16,Medium,1000,10,Moderate,Crack Seal,1,provisional,Michigan GIS Open Data + Paventra rehearsal assumptions,2026-08-16
LEO-ROAD-444,LEO-444-33816303802162638021627,Diamond Rd,,,Leoni Township,42.271300171739014,-84.25867392800961,0.028699,2,Asphalt,Local,65,2026-08-16,Medium,1000,10,Moderate,Crack Seal,1,provisional,Michigan GIS Open Data + Paventra rehearsal assumptions,2026-08-16
LEO-ROAD-445,LEO-445-33816303802162738021628,Diamond Rd,,,Leoni Township,42.2712882374711,-84.25811407740623,0.028146,2,Asphalt,Local,65,2026-08-16,Medium,1000,10,Moderate,Crack Seal,1,provisional,Michigan GIS Open Data + Paventra rehearsal assumptions,2026-08-16
LEO-ROAD-446,LEO-446-33816303802162838021629,Diamond Rd,,,Leoni Township,42.27127653122737,-84.25756501411672,0.028422,2,Asphalt,Local,65,2026-08-16,Medium,1000,10,Moderate,Crack Seal,1,provisional,Michigan GIS Open Data + Paventra rehearsal assumptions,2026-08-16
LEO-ROAD-447,LEO-447-33816303802163038021625,Diamond Rd,,,Leoni Township,42.27125182594976,-84.25640667597025,0.134257,2,Asphalt,Local,65,2026-08-16,Medium,1000,10,Moderate,Crack Seal,1,provisional,Michigan GIS Open Data + Paventra rehearsal assumptions,2026-08-16
LEO-ROAD-448,LEO-448-33816373802162338021630,Bridge Rd,,,Leoni Township,42.27249928996627,-84.25579007965653,0.094189,2,Asphalt,Local,65,2026-08-16,Medium,1000,10,Moderate,Crack Seal,1,provisional,Michigan GIS Open Data + Paventra rehearsal assumptions,2026-08-16
LEO-ROAD-449,LEO-449-33816303802162938021630,Diamond Rd,,,Leoni Township,42.27126470769554,-84.25701057626232,0.030957,2,Asphalt,Local,65,2026-08-16,Medium,1000,10,Moderate,Crack Seal,1,provisional,Michigan GIS Open Data + Paventra rehearsal assumptions,2026-08-16
LEO-ROAD-450,LEO-450-9185103800461338004597,Viking Dr,,,Leoni Township,42.27216293998024,-84.31771116098858,0.040585,2,Asphalt,Local,65,2026-08-16,Medium,1000,10,Moderate,Crack Seal,1,provisional,Michigan GIS Open Data + Paventra rehearsal assumptions,2026-08-16
LEO-ROAD-451,LEO-451-9209013800461338004474,Dogwood Dr,,,Leoni Township,42.27216293998024,-84.31771116098858,0.16586,2,Asphalt,Local,65,2026-08-16,Medium,1000,10,Moderate,Crack Seal,1,provisional,Michigan GIS Open Data + Paventra rehearsal assumptions,2026-08-16
LEO-ROAD-452,LEO-452-33811943801966138019663,Scenic Hills Dr,,,Leoni Township,42.27527463788356,-84.34810779113975,0.215814,2,Asphalt,Local,65,2026-08-16,Medium,1000,10,Moderate,Crack Seal,1,provisional,Michigan GIS Open Data + Paventra rehearsal assumptions,2026-08-16
LEO-ROAD-453,LEO-453-33811943801966438019662,Scenic Hills Dr,,,Leoni Township,42.2722148765906,-84.3470121715333,0.344624,2,Asphalt,Local,65,2026-08-16,Medium,1000,10,Moderate,Crack Seal,1,provisional,Michigan GIS Open Data + Paventra rehearsal assumptions,2026-08-16
LEO-ROAD-454,LEO-454-33811953801966338019664,Unknown,,,Leoni Township,42.27224666382304,-84.34814274607537,0.058126,2,Asphalt,Local,65,2026-08-16,Medium,1000,10,Moderate,Crack Seal,1,provisional,Michigan GIS Open Data + Paventra rehearsal assumptions,2026-08-16
LEO-ROAD-455,LEO-455-9159083800453538019077,Greenwood Rd,,,Leoni Township,42.2728319693862,-84.28478092784889,0.297633,2,Asphalt,Local,65,2026-08-16,Medium,1000,10,Moderate,Crack Seal,1,provisional,Michigan GIS Open Data + Paventra rehearsal assumptions,2026-08-16
LEO-ROAD-456,LEO-456-9209053800466738004596,Honeysuckle Dr,,,Leoni Township,42.271141759315455,-84.3158384738219,0.1008,2,Asphalt,Local,65,2026-08-16,Medium,1000,10,Moderate,Crack Seal,1,provisional,Michigan GIS Open Data + Paventra rehearsal assumptions,2026-08-16
LEO-ROAD-457,LEO-457-9209013800466738004613,Dogwood Dr,,,Leoni Township,42.271141759315455,-84.3158384738219,0.119706,2,Asphalt,Local,65,2026-08-16,Medium,1000,10,Moderate,Crack Seal,1,provisional,Michigan GIS Open Data + Paventra rehearsal assumptions,2026-08-16
LEO-ROAD-458,LEO-458-9159083801907738019076,Greenwood Rd,,,Leoni Township,42.27061530085102,-84.27979934695695,0.033026,2,Asphalt,Local,65,2026-08-16,Medium,1000,10,Moderate,Crack Seal,1,provisional,Michigan GIS Open Data + Paventra rehearsal assumptions,2026-08-16
LEO-ROAD-459,LEO-459-33816423802163138021627,Twenty Fifth Rd,,,Leoni Township,42.26996503345262,-84.25815183240788,0.0914,2,Asphalt,Local,65,2026-08-16,Medium,1000,10,Moderate,Crack Seal,1,provisional,Michigan GIS Open Data + Paventra rehearsal assumptions,2026-08-16
LEO-ROAD-460,LEO-460-33816433802161738021632,Twenty Third Rd,,,Leoni Township,42.27130833678808,-84.25923250031292,0.092938,2,Asphalt,Local,65,2026-08-16,Medium,1000,10,Moderate,Crack Seal,1,provisional,Michigan GIS Open Data + Paventra rehearsal assumptions,2026-08-16
LEO-ROAD-461,LEO-461-33816473802163338021626,Twenty Fourth Rd,,,Leoni Township,42.269953532600624,-84.2586946571913,0.092915,2,Asphalt,Local,65,2026-08-16,Medium,1000,10,Moderate,Crack Seal,1,provisional,Michigan GIS Open Data + Paventra rehearsal assumptions,2026-08-16
LEO-ROAD-462,LEO-462-33816443802163238021633,Farmview Rd,,,Leoni Township,42.26996836716724,-84.2592147927899,0.026673,2,Asphalt,Local,65,2026-08-16,Medium,1000,10,Moderate,Crack Seal,1,provisional,Michigan GIS Open Data + Paventra rehearsal assumptions,2026-08-16
LEO-ROAD-463,LEO-463-9159023800476738004023,N Portage Rd,,,Leoni Township,42.27012750657438,-84.26995927190212,1.115795,2,Asphalt,Local,65,2026-08-16,Medium,1000,10,Moderate,Crack Seal,1,provisional,Michigan GIS Open Data + Paventra rehearsal assumptions,2026-08-16
LEO-ROAD-464,LEO-464-33816443802163338021631,Farmview Rd,,,Leoni Township,42.269953532600624,-84.2586946571913,0.028638,2,Asphalt,Local,65,2026-08-16,Medium,1000,10,Moderate,Crack Seal,1,provisional,Michigan GIS Open Data + Paventra rehearsal assumptions,2026-08-16
LEO-ROAD-465,LEO-465-9208103800469138004594,Cash Dr,,,Leoni Township,42.270791409087494,-84.31463919480372,0.127026,2,Asphalt,Local,65,2026-08-16,Medium,1000,10,Moderate,Crack Seal,1,provisional,Michigan GIS Open Data + Paventra rehearsal assumptions,2026-08-16
LEO-ROAD-466,LEO-466-9209013800469138004667,Dogwood Dr,,,Leoni Township,42.270791409087494,-84.31463919480372,0.066036,2,Asphalt,Local,65,2026-08-16,Medium,1000,10,Moderate,Crack Seal,1,provisional,Michigan GIS Open Data + Paventra rehearsal assumptions,2026-08-16
LEO-ROAD-467,LEO-467-33816393802162838021634,Twenty Sixth Rd,,,Leoni Township,42.27127653122737,-84.25756501411672,0.099241,2,Asphalt,Local,65,2026-08-16,Medium,1000,10,Moderate,Crack Seal,1,provisional,Michigan GIS Open Data + Paventra rehearsal assumptions,2026-08-16
LEO-ROAD-468,LEO-468-33816403802162938021618,Twenty Seventh Rd,,,Leoni Township,42.27126470769554,-84.25701057626232,0.101311,2,Asphalt,Local,65,2026-08-16,Medium,1000,10,Moderate,Crack Seal,1,provisional,Michigan GIS Open Data + Paventra rehearsal assumptions,2026-08-16
LEO-ROAD-469,LEO-469-33816413802162438021635,Twenty Second Rd,,,Leoni Township,42.27132419942151,-84.25980152234337,0.103033,2,Asphalt,Local,65,2026-08-16,Medium,1000,10,Moderate,Crack Seal,1,provisional,Michigan GIS Open Data + Paventra rehearsal assumptions,2026-08-16
LEO-ROAD-470,LEO-470-9188033802160838021610,Hilton Rd,,,Leoni Township,42.26983398265872,-84.26012447869468,0.103386,2,Asphalt,Local,65,2026-08-16,Medium,1000,10,Moderate,Crack Seal,1,provisional,Michigan GIS Open Data + Paventra rehearsal assumptions,2026-08-16
LEO-ROAD-471,LEO-471-9159083801907638019075,Greenwood Rd,,,Leoni Township,42.27045655144924,-84.27919130174179,0.092372,2,Asphalt,Local,65,2026-08-16,Medium,1000,10,Moderate,Crack Seal,1,provisional,Michigan GIS Open Data + Paventra rehearsal assumptions,2026-08-16
LEO-ROAD-472,LEO-472-33816453800476738021608,Hilton Rd,,,Leoni Township,42.27012750657438,-84.26995927190212,0.514277,2,Asphalt,Local,65,2026-08-16,Medium,1000,10,Moderate,Crack Seal,1,provisional,Michigan GIS Open Data + Paventra rehearsal assumptions,2026-08-16
LEO-ROAD-473,LEO-473-33810973800471238018819,Penneywood Dr,,,Leoni Township,42.269949765013195,-84.2772487086008,0.257453,2,Asphalt,Local,65,2026-08-16,Medium,1000,10,Moderate,Crack Seal,1,provisional,Michigan GIS Open Data + Paventra rehearsal assumptions,2026-08-16
LEO-ROAD-474,LEO-474-9159083801907538004712,Greenwood Rd,,,Leoni Township,42.27001253316137,-84.27749067680648,0.013134,2,Asphalt,Local,65,2026-08-16,Medium,1000,10,Moderate,Crack Seal,1,provisional,Michigan GIS Open Data + Paventra rehearsal assumptions,2026-08-16
LEO-ROAD-475,LEO-475-9130033800471838004420,N Dettman Rd,,,Leoni Township,42.271106251189394,-84.36493234540107,0.316196,2,Asphalt,Local,65,2026-08-16,Medium,1000,10,Moderate,Crack Seal,1,provisional,Michigan GIS Open Data + Paventra rehearsal assumptions,2026-08-16
LEO-ROAD-476,LEO-476-9159083800471238004768,Greenwood Rd,,,Leoni Township,42.269949765013195,-84.2772487086008,0.068817,2,Asphalt,Local,65,2026-08-16,Medium,1000,10,Moderate,Crack Seal,1,provisional,Michigan GIS Open Data + Paventra rehearsal assumptions,2026-08-16
LEO-ROAD-477,LEO-477-33811943801966538019664,Scenic Hills Dr,,,Leoni Township,42.27056243810528,-84.34486793499089,0.195411,2,Asphalt,Local,65,2026-08-16,Medium,1000,10,Moderate,Crack Seal,1,provisional,Michigan GIS Open Data + Paventra rehearsal assumptions,2026-08-16
LEO-ROAD-478,LEO-478-9208103800475338004691,Cash Dr,,,Leoni Township,42.269925397484826,-84.31510168710318,0.064278,2,Asphalt,Local,65,2026-08-16,Medium,1000,10,Moderate,Crack Seal,1,provisional,Michigan GIS Open Data + Paventra rehearsal assumptions,2026-08-16
LEO-ROAD-479,LEO-479-9185103800475338004613,Viking Dr,,,Leoni Township,42.269925397484826,-84.31510168710318,0.272001,2,Asphalt,Local,65,2026-08-16,Medium,1000,10,Moderate,Crack Seal,1,provisional,Michigan GIS Open Data + Paventra rehearsal assumptions,2026-08-16
LEO-ROAD-480,LEO-480-9185103802550638004753,Viking Dr,,,Leoni Township,42.26991008305192,-84.31495439509577,0.007621,2,Asphalt,Local,65,2026-08-16,Medium,1000,10,Moderate,Crack Seal,1,provisional,Michigan GIS Open Data + Paventra rehearsal assumptions,2026-08-16
LEO-ROAD-481,LEO-481-9185083800476638004524,Donnely Rd,,,Leoni Township,42.26980909587901,-84.31398315344455,0.305878,2,Asphalt,Local,65,2026-08-16,Medium,1000,10,Moderate,Crack Seal,1,provisional,Michigan GIS Open Data + Paventra rehearsal assumptions,2026-08-16
LEO-ROAD-482,LEO-482-9185103800476638025506,Viking Dr,,,Leoni Township,42.26980909587901,-84.31398315344455,0.050254,2,Asphalt,Local,65,2026-08-16,Medium,1000,10,Moderate,Crack Seal,1,provisional,Michigan GIS Open Data + Paventra rehearsal assumptions,2026-08-16
LEO-ROAD-483,LEO-483-33811943801966338019665,Scenic Hills Dr,,,Leoni Township,42.27224666382304,-84.34814274607537,0.261972,2,Asphalt,Local,65,2026-08-16,Medium,1000,10,Moderate,Crack Seal,1,provisional,Michigan GIS Open Data + Paventra rehearsal assumptions,2026-08-16
LEO-ROAD-484,LEO-484-9188033802161338021608,Hilton Rd,,,Leoni Township,42.26871858695806,-84.2601716150491,0.077005,2,Asphalt,Local,65,2026-08-16,Medium,1000,10,Moderate,Crack Seal,1,provisional,Michigan GIS Open Data + Paventra rehearsal assumptions,2026-08-16
LEO-ROAD-485,LEO-485-33816073802162538021613,Lakeshore Rd,,,Leoni Township,42.27122397544901,-84.25378685811194,0.484306,2,Asphalt,Local,65,2026-08-16,Medium,1000,10,Moderate,Crack Seal,1,provisional,Michigan GIS Open Data + Paventra rehearsal assumptions,2026-08-16
LEO-ROAD-486,LEO-486-8991093800479138017474,N US 127,,,Leoni Township,42.27006455703035,-84.35787314456984,0.312837,2,Asphalt,Local,65,2026-08-16,Medium,1000,10,Moderate,Crack Seal,1,provisional,Michigan GIS Open Data + Paventra rehearsal assumptions,2026-08-16
LEO-ROAD-487,LEO-487-8991103800479038004462,S US 127,,,Leoni Township,42.27003091679559,-84.35810089247023,0.334735,2,Asphalt,Local,65,2026-08-16,Medium,1000,10,Moderate,Crack Seal,1,provisional,Michigan GIS Open Data + Paventra rehearsal assumptions,2026-08-16
LEO-ROAD-488,LEO-488-33811963801966538019666,Unknown,,,Leoni Township,42.27056243810528,-84.34486793499089,0.095215,2,Asphalt,Local,65,2026-08-16,Medium,1000,10,Moderate,Crack Seal,1,provisional,Michigan GIS Open Data + Paventra rehearsal assumptions,2026-08-16
LEO-ROAD-489,LEO-489-9187073800481438004465,Otney Dr,,,Leoni Township,42.26900275020923,-84.30826577873115,0.446397,2,Asphalt,Local,65,2026-08-16,Medium,1000,10,Moderate,Crack Seal,1,provisional,Michigan GIS Open Data + Paventra rehearsal assumptions,2026-08-16
LEO-ROAD-490,LEO-490-9188033801815638021613,Hilton Rd,,,Leoni Township,42.26825414178115,-84.26019425924176,0.032065,2,Asphalt,Local,65,2026-08-16,Medium,1000,10,Moderate,Crack Seal,1,provisional,Michigan GIS Open Data + Paventra rehearsal assumptions,2026-08-16
LEO-ROAD-491,LEO-491-9187083800480238004542,Fox Rd,,,Leoni Township,42.26870519421204,-84.28966026935532,0.285761,2,Asphalt,Local,65,2026-08-16,Medium,1000,10,Moderate,Crack Seal,1,provisional,Michigan GIS Open Data + Paventra rehearsal assumptions,2026-08-16
LEO-ROAD-492,LEO-492-33814313801705638020258,Belle Creek Dr,,,Leoni Township,42.26891103286275,-84.30458699407517,0.162444,2,Asphalt,Local,65,2026-08-16,Medium,1000,10,Moderate,Crack Seal,1,provisional,Michigan GIS Open Data + Paventra rehearsal assumptions,2026-08-16
LEO-ROAD-493,LEO-493-9186093801705638004465,Gilletts Lake Rd,,,Leoni Township,42.26891103286275,-84.30458699407517,0.360905,2,Asphalt,Local,65,2026-08-16,Medium,1000,10,Moderate,Crack Seal,1,provisional,Michigan GIS Open Data + Paventra rehearsal assumptions,2026-08-16
LEO-ROAD-494,LEO-494-9187063800481438017056,Roselle Rd,,,Leoni Township,42.26900275020923,-84.30826577873115,0.189066,2,Asphalt,Local,65,2026-08-16,Medium,1000,10,Moderate,Crack Seal,1,provisional,Michigan GIS Open Data + Paventra rehearsal assumptions,2026-08-16
LEO-ROAD-495,LEO-495-9159023800482938004767,N Portage Rd,,,Leoni Township,42.26817097636952,-84.26995338261804,0.134988,2,Asphalt,Local,65,2026-08-16,Medium,1000,10,Moderate,Crack Seal,1,provisional,Michigan GIS Open Data + Paventra rehearsal assumptions,2026-08-16
LEO-ROAD-496,LEO-496-9159083800476838004829,Greenwood Rd,,,Leoni Township,42.269633469948594,-84.27597504950626,0.324649,2,Asphalt,Local,65,2026-08-16,Medium,1000,10,Moderate,Crack Seal,1,provisional,Michigan GIS Open Data + Paventra rehearsal assumptions,2026-08-16
LEO-ROAD-497,LEO-497-8976093800482838004512,Munith Rd,,,Leoni Township,42.26938581805174,-84.35219565424353,0.327125,2,Asphalt,Local,65,2026-08-16,Medium,1000,10,Moderate,Crack Seal,1,provisional,Michigan GIS Open Data + Paventra rehearsal assumptions,2026-08-16
LEO-ROAD-498,LEO-498-9187073800482238004838,Otney Dr,,,Leoni Township,42.26882812042048,-84.30961911379868,0.032589,2,Asphalt,Local,65,2026-08-16,Medium,1000,10,Moderate,Crack Seal,1,provisional,Michigan GIS Open Data + Paventra rehearsal assumptions,2026-08-16
LEO-ROAD-499,LEO-499-9187073800483838004814,Otney Dr,,,Leoni Township,42.26849595092788,-84.30918756313955,0.063628,2,Asphalt,Local,65,2026-08-16,Medium,1000,10,Moderate,Crack Seal,1,provisional,Michigan GIS Open Data + Paventra rehearsal assumptions,2026-08-16
LEO-ROAD-500,LEO-500-9208193800483838017057,Otney Dr,,,Leoni Township,42.26849595092788,-84.30918756313955,0.025,2,Asphalt,Local,65,2026-08-16,Medium,1000,10,Moderate,Crack Seal,1,provisional,Michigan GIS Open Data + Paventra rehearsal assumptions,2026-08-16
LEO-ROAD-501,LEO-501-9185083802540638004766,Donnely Rd,,,Leoni Township,42.268033818108904,-84.31761883399088,0.279175,2,Asphalt,Local,65,2026-08-16,Medium,1000,10,Moderate,Crack Seal,1,provisional,Michigan GIS Open Data + Paventra rehearsal assumptions,2026-08-16
LEO-ROAD-502,LEO-502-9186093801924738017056,Gilletts Lake Rd,,,Leoni Township,42.26736432476498,-84.30531744206304,0.113246,2,Asphalt,Local,65,2026-08-16,Medium,1000,10,Moderate,Crack Seal,1,provisional,Michigan GIS Open Data + Paventra rehearsal assumptions,2026-08-16
LEO-ROAD-503,LEO-503-33817513800490938004399,Ann Arbor Rd,,,Leoni Township,42.26760796907862,-84.33198558590932,0.694302,2,Asphalt,Local,65,2026-08-16,Medium,1000,10,Moderate,Crack Seal,1,provisional,Michigan GIS Open Data + Paventra rehearsal assumptions,2026-08-16
LEO-ROAD-504,LEO-504-8977013800490938004452,Hawkins Rd,,,Leoni Township,42.26760796907862,-84.33198558590932,0.520806,2,Asphalt,Local,65,2026-08-16,Medium,1000,10,Moderate,Crack Seal,1,provisional,Michigan GIS Open Data + Paventra rehearsal assumptions,2026-08-16
LEO-ROAD-505,LEO-505-9159023800492638004829,N Portage Rd,,,Leoni Township,42.2666232434618,-84.26991249179193,0.106804,2,Asphalt,Local,65,2026-08-16,Medium,1000,10,Moderate,Crack Seal,1,provisional,Michigan GIS Open Data + Paventra rehearsal assumptions,2026-08-16
LEO-ROAD-506,LEO-506-9185083800491638025406,Donnely Rd,,,Leoni Township,42.26739784014329,-84.32070578043344,0.198865,2,Asphalt,Local,65,2026-08-16,Medium,1000,10,Moderate,Crack Seal,1,provisional,Michigan GIS Open Data + Paventra rehearsal assumptions,2026-08-16
LEO-ROAD-507,LEO-507-33810413800490938004920,Old Thrush Rd,,,Leoni Township,42.26760796907862,-84.33198558590932,0.08,2,Asphalt,Local,65,2026-08-16,Medium,1000,10,Moderate,Crack Seal,1,provisional,Michigan GIS Open Data + Paventra rehearsal assumptions,2026-08-16
LEO-ROAD-508,LEO-508-9186093800492138019247,Gilletts Lake Rd,,,Leoni Township,42.266985119009625,-84.30548150204439,0.027496,2,Asphalt,Local,65,2026-08-16,Medium,1000,10,Moderate,Crack Seal,1,provisional,Michigan GIS Open Data + Paventra rehearsal assumptions,2026-08-16
LEO-ROAD-509,LEO-509-33814923800492138020406,N Beach,,,Leoni Township,42.266985119009625,-84.30548150204439,0.112949,2,Asphalt,Local,65,2026-08-16,Medium,1000,10,Moderate,Crack Seal,1,provisional,Michigan GIS Open Data + Paventra rehearsal assumptions,2026-08-16
LEO-ROAD-510,LEO-510-8976093800493738004828,Munith Rd,,,Leoni Township,42.26752514542562,-84.35351459170086,0.147132,2,Asphalt,Local,65,2026-08-16,Medium,1000,10,Moderate,Crack Seal,1,provisional,Michigan GIS Open Data + Paventra rehearsal assumptions,2026-08-16
LEO-ROAD-511,LEO-511-9209093800494138004938,Judy Ln,,,Leoni Township,42.26759812850953,-84.36009302626428,0.036364,2,Asphalt,Local,65,2026-08-16,Medium,1000,10,Moderate,Crack Seal,1,provisional,Michigan GIS Open Data + Paventra rehearsal assumptions,2026-08-16
LEO-ROAD-512,LEO-512-9209093800494238004941,Judy Ln,,,Leoni Township,42.26759153077393,-84.36125350282259,0.05947,2,Asphalt,Local,65,2026-08-16,Medium,1000,10,Moderate,Crack Seal,1,provisional,Michigan GIS Open Data + Paventra rehearsal assumptions,2026-08-16
LEO-ROAD-513,LEO-513-9209093800493938004942,Judy Ln,,,Leoni Township,42.267588457623326,-84.36181896110031,0.028977,2,Asphalt,Local,65,2026-08-16,Medium,1000,10,Moderate,Crack Seal,1,provisional,Michigan GIS Open Data + Paventra rehearsal assumptions,2026-08-16
LEO-ROAD-514,LEO-514-9183093800494438004937,Gypsy Ln,,,Leoni Township,42.26745619716779,-84.35624197869431,0.141806,2,Asphalt,Local,65,2026-08-16,Medium,1000,10,Moderate,Crack Seal,1,provisional,Michigan GIS Open Data + Paventra rehearsal assumptions,2026-08-16
LEO-ROAD-515,LEO-515-33816993800494438021743,Fairyland Ave,,,Leoni Township,42.26745619716779,-84.35624197869431,0.038592,2,Asphalt,Local,65,2026-08-16,Medium,1000,10,Moderate,Crack Seal,1,provisional,Michigan GIS Open Data + Paventra rehearsal assumptions,2026-08-16
LEO-ROAD-516,LEO-516-9188033800498338018156,Hilton Rd,,,Leoni Township,42.26571541833218,-84.26087885179624,0.18,2,Asphalt,Local,65,2026-08-16,Medium,1000,10,Moderate,Crack Seal,1,provisional,Michigan GIS Open Data + Paventra rehearsal assumptions,2026-08-16
LEO-ROAD-517,LEO-517-9159083800482938004983,Greenwood Rd,,,Leoni Township,42.26817097636952,-84.26995338261804,0.495056,2,Asphalt,Local,65,2026-08-16,Medium,1000,10,Moderate,Crack Seal,1,provisional,Michigan GIS Open Data + Paventra rehearsal assumptions,2026-08-16
LEO-ROAD-518,LEO-518-33817513800498038004909,Ann Arbor Rd,,,Leoni Township,42.266755330999494,-84.33292038468925,0.075874,2,Asphalt,Local,65,2026-08-16,Medium,1000,10,Moderate,Crack Seal,1,provisional,Michigan GIS Open Data + Paventra rehearsal assumptions,2026-08-16
LEO-ROAD-519,LEO-519-9186093801924638004921,Gilletts Lake Rd,,,Leoni Township,42.26632405255734,-84.30547463595353,0.045737,2,Asphalt,Local,65,2026-08-16,Medium,1000,10,Moderate,Crack Seal,1,provisional,Michigan GIS Open Data + Paventra rehearsal assumptions,2026-08-16
LEO-ROAD-520,LEO-520-33817513800499338004980,Ann Arbor Rd,,,Leoni Township,42.26663212886292,-84.33305986829532,0.011106,2,Asphalt,Local,65,2026-08-16,Medium,1000,10,Moderate,Crack Seal,1,provisional,Michigan GIS Open Data + Paventra rehearsal assumptions,2026-08-16
LEO-ROAD-521,LEO-521-8991093802014838004791,N US 127,,,Leoni Township,42.26671663696362,-84.3575213525825,0.231689,2,Asphalt,Local,65,2026-08-16,Medium,1000,10,Moderate,Crack Seal,1,provisional,Michigan GIS Open Data + Paventra rehearsal assumptions,2026-08-16
LEO-ROAD-522,LEO-522-9185083800501538004916,Donnely Rd,,,Leoni Township,42.266160825991975,-84.32118856161401,0.089072,2,Asphalt,Local,65,2026-08-16,Medium,1000,10,Moderate,Crack Seal,1,provisional,Michigan GIS Open Data + Paventra rehearsal assumptions,2026-08-16
LEO-ROAD-523,LEO-523-33813813802014738020148,US 127 Crossover,,,Leoni Township,42.26670250762363,-84.35774034161635,0.011264,2,Asphalt,Local,65,2026-08-16,Medium,1000,10,Moderate,Crack Seal,1,provisional,Michigan GIS Open Data + Paventra rehearsal assumptions,2026-08-16
LEO-ROAD-524,LEO-524-8991103802014738004790,S US 127,,,Leoni Township,42.26670250762363,-84.35774034161635,0.230389,2,Asphalt,Local,65,2026-08-16,Medium,1000,10,Moderate,Crack Seal,1,provisional,Michigan GIS Open Data + Paventra rehearsal assumptions,2026-08-16
LEO-ROAD-525,LEO-525-33817513800501838004993,Ann Arbor Rd,,,Leoni Township,42.26627760003185,-84.33349023107111,0.032956,2,Asphalt,Local,65,2026-08-16,Medium,1000,10,Moderate,Crack Seal,1,provisional,Michigan GIS Open Data + Paventra rehearsal assumptions,2026-08-16
LEO-ROAD-526,LEO-526-9019053800503138005015,Thrush Rd,,,Leoni Township,42.266123730997215,-84.32876894076055,0.388469,2,Asphalt,Local,65,2026-08-16,Medium,1000,10,Moderate,Crack Seal,1,provisional,Michigan GIS Open Data + Paventra rehearsal assumptions,2026-08-16
LEO-ROAD-527,LEO-527-9186093800503738019246,Gilletts Lake Rd,,,Leoni Township,42.26573131605489,-84.30522789746347,0.042811,2,Asphalt,Local,65,2026-08-16,Medium,1000,10,Moderate,Crack Seal,1,provisional,Michigan GIS Open Data + Paventra rehearsal assumptions,2026-08-16
LEO-ROAD-528,LEO-528-33800473800504938005037,N Clover Hill Dr,,,Leoni Township,42.2657379098895,-84.30768221506027,0.125774,2,Asphalt,Local,65,2026-08-16,Medium,1000,10,Moderate,Crack Seal,1,provisional,Michigan GIS Open Data + Paventra rehearsal assumptions,2026-08-16
LEO-ROAD-529,LEO-529-9208083800504938004986,Clover Hill Pl,,,Leoni Township,42.2657379098895,-84.30768221506027,0.032009,2,Asphalt,Local,65,2026-08-16,Medium,1000,10,Moderate,Crack Seal,1,provisional,Michigan GIS Open Data + Paventra rehearsal assumptions,2026-08-16
LEO-ROAD-530,LEO-530-9019053800501838005031,Thrush Rd,,,Leoni Township,42.26627760003185,-84.33349023107111,0.245081,2,Asphalt,Local,65,2026-08-16,Medium,1000,10,Moderate,Crack Seal,1,provisional,Michigan GIS Open Data + Paventra rehearsal assumptions,2026-08-16
LEO-ROAD-531,LEO-531-8976093800505038004937,Munith Rd,,,Leoni Township,42.26621055518795,-84.35349700607765,0.090703,2,Asphalt,Local,65,2026-08-16,Medium,1000,10,Moderate,Crack Seal,1,provisional,Michigan GIS Open Data + Paventra rehearsal assumptions,2026-08-16
LEO-ROAD-532,LEO-532-9183083800505338005050,Sunnyheart St,,,Leoni Township,42.26618366576933,-84.35623561468414,0.140354,2,Asphalt,Local,65,2026-08-16,Medium,1000,10,Moderate,Crack Seal,1,provisional,Michigan GIS Open Data + Paventra rehearsal assumptions,2026-08-16
LEO-ROAD-533,LEO-533-9192023800505338004944,Fairyland Ave,,,Leoni Township,42.26618366576933,-84.35623561468414,0.087797,2,Asphalt,Local,65,2026-08-16,Medium,1000,10,Moderate,Crack Seal,1,provisional,Michigan GIS Open Data + Paventra rehearsal assumptions,2026-08-16
LEO-ROAD-534,LEO-534-9159083800498338005070,Greenwood Rd,,,Leoni Township,42.26571541833218,-84.26087885179624,0.348183,2,Asphalt,Local,65,2026-08-16,Medium,1000,10,Moderate,Crack Seal,1,provisional,Michigan GIS Open Data + Paventra rehearsal assumptions,2026-08-16
LEO-ROAD-535,LEO-535-9186093800509138005037,Gilletts Lake Rd,,,Leoni Township,42.26501567077376,-84.30477995443006,0.054461,2,Asphalt,Local,65,2026-08-16,Medium,1000,10,Moderate,Crack Seal,1,provisional,Michigan GIS Open Data + Paventra rehearsal assumptions,2026-08-16
LEO-ROAD-536,LEO-536-9192013800508238004941,Jacqueline St,,,Leoni Township,42.26582241232807,-84.36005412831132,0.122531,2,Asphalt,Local,65,2026-08-16,Medium,1000,10,Moderate,Crack Seal,1,provisional,Michigan GIS Open Data + Paventra rehearsal assumptions,2026-08-16
LEO-ROAD-537,LEO-537-9191103800508583027268,Gregory Pl,,,Leoni Township,42.265829200541546,-84.3617606757072,0.033201,2,Asphalt,Local,65,2026-08-16,Medium,1000,10,Moderate,Crack Seal,1,provisional,Michigan GIS Open Data + Paventra rehearsal assumptions,2026-08-16
LEO-ROAD-538,LEO-538-9209073800508438005082,Irene St,,,Leoni Township,42.265816908643274,-84.36110704805233,0.053959,2,Asphalt,Local,65,2026-08-16,Medium,1000,10,Moderate,Crack Seal,1,provisional,Michigan GIS Open Data + Paventra rehearsal assumptions,2026-08-16
LEO-ROAD-539,LEO-539-9209083800508438004942,Gregory Pl,,,Leoni Township,42.265816908643274,-84.36110704805233,0.12309,2,Asphalt,Local,65,2026-08-16,Medium,1000,10,Moderate,Crack Seal,1,provisional,Michigan GIS Open Data + Paventra rehearsal assumptions,2026-08-16
LEO-ROAD-540,LEO-540-9209073800508538005084,Irene St,,,Leoni Township,42.265829200541546,-84.3617606757072,0.033506,2,Asphalt,Local,65,2026-08-16,Medium,1000,10,Moderate,Crack Seal,1,provisional,Michigan GIS Open Data + Paventra rehearsal assumptions,2026-08-16
LEO-ROAD-541,LEO-541-33817513800511238005018,Ann Arbor Rd,,,Leoni Township,42.26507803724626,-84.33508029909355,0.11615,2,Asphalt,Local,65,2026-08-16,Medium,1000,10,Moderate,Crack Seal,1,provisional,Michigan GIS Open Data + Paventra rehearsal assumptions,2026-08-16
LEO-ROAD-542,LEO-542-9019063800511238004993,Sutton Rd,,,Leoni Township,42.26507803724626,-84.33508029909355,0.153229,2,Asphalt,Local,65,2026-08-16,Medium,1000,10,Moderate,Crack Seal,1,provisional,Michigan GIS Open Data + Paventra rehearsal assumptions,2026-08-16
LEO-ROAD-543,LEO-543-33800473800509138005049,S Clover Hill Dr,,,Leoni Township,42.26501567077376,-84.30477995443006,0.20161,2,Asphalt,Local,65,2026-08-16,Medium,1000,10,Moderate,Crack Seal,1,provisional,Michigan GIS Open Data + Paventra rehearsal assumptions,2026-08-16
LEO-ROAD-544,LEO-544-33815663802556038021393,Phelps Dr,,,Leoni Township,42.265010044391445,-84.33806310728943,0.020224,2,Asphalt,Local,65,2026-08-16,Medium,1000,10,Moderate,Crack Seal,1,provisional,Michigan GIS Open Data + Paventra rehearsal assumptions,2026-08-16
LEO-ROAD-545,LEO-545-9186093802037738005091,Gilletts Lake Rd,,,Leoni Township,42.26443688053171,-84.30448728420114,0.043038,2,Asphalt,Local,65,2026-08-16,Medium,1000,10,Moderate,Crack Seal,1,provisional,Michigan GIS Open Data + Paventra rehearsal assumptions,2026-08-16
LEO-ROAD-546,LEO-546-33817513800513238005112,Ann Arbor Rd,,,Leoni Township,42.264634241846615,-84.33571696412729,0.044744,2,Asphalt,Local,65,2026-08-16,Medium,1000,10,Moderate,Crack Seal,1,provisional,Michigan GIS Open Data + Paventra rehearsal assumptions,2026-08-16
LEO-ROAD-547,LEO-547-9159083800507038005147,Greenwood Rd,,,Leoni Township,42.26435545020931,-84.25434260306483,0.227889,2,Asphalt,Local,65,2026-08-16,Medium,1000,10,Moderate,Crack Seal,1,provisional,Michigan GIS Open Data + Paventra rehearsal assumptions,2026-08-16
LEO-ROAD-548,LEO-548-9185083800516138005015,Donnely Rd,,,Leoni Township,42.26389221445207,-84.3205521700923,0.159918,2,Asphalt,Local,65,2026-08-16,Medium,1000,10,Moderate,Crack Seal,1,provisional,Michigan GIS Open Data + Paventra rehearsal assumptions,2026-08-16
LEO-ROAD-549,LEO-549-9130033800516238004718,N Dettman Rd,,,Leoni Township,42.26450396027207,-84.36494281578507,0.455516,2,Asphalt,Local,65,2026-08-16,Medium,1000,10,Moderate,Crack Seal,1,provisional,Michigan GIS Open Data + Paventra rehearsal assumptions,2026-08-16
LEO-ROAD-550,LEO-550-9186093800520138020377,Gilletts Lake Rd,,,Leoni Township,42.26355782964858,-84.30531143434334,0.077946,2,Asphalt,Local,65,2026-08-16,Medium,1000,10,Moderate,Crack Seal,1,provisional,Michigan GIS Open Data + Paventra rehearsal assumptions,2026-08-16
LEO-ROAD-551,LEO-551-9187133800520138005134,Lane Dr,,,Leoni Township,42.26355782964858,-84.30531143434334,0.142045,2,Asphalt,Local,65,2026-08-16,Medium,1000,10,Moderate,Crack Seal,1,provisional,Michigan GIS Open Data + Paventra rehearsal assumptions,2026-08-16
LEO-ROAD-552,LEO-552-9159023800518638004926,N Portage Rd,,,Leoni Township,42.262962626077545,-84.26987830569824,0.252564,2,Asphalt,Local,65,2026-08-16,Medium,1000,10,Moderate,Crack Seal,1,provisional,Michigan GIS Open Data + Paventra rehearsal assumptions,2026-08-16
LEO-ROAD-553,LEO-553-33817513802139238005132,Ann Arbor Rd,,,Leoni Township,42.26395183939849,-84.33681870173177,0.073551,2,Asphalt,Local,65,2026-08-16,Medium,1000,10,Moderate,Crack Seal,1,provisional,Michigan GIS Open Data + Paventra rehearsal assumptions,2026-08-16
LEO-ROAD-554,LEO-554-33815663802139238025560,Phelps Dr,,,Leoni Township,42.26395183939849,-84.33681870173177,0.10202,2,Asphalt,Local,65,2026-08-16,Medium,1000,10,Moderate,Crack Seal,1,provisional,Michigan GIS Open Data + Paventra rehearsal assumptions,2026-08-16
LEO-ROAD-555,LEO-555-9159073800520638005186,Cain Rd,,,Leoni Township,42.26281838666692,-84.28460593336165,0.754829,2,Asphalt,Local,65,2026-08-16,Medium,1000,10,Moderate,Crack Seal,1,provisional,Michigan GIS Open Data + Paventra rehearsal assumptions,2026-08-16
LEO-ROAD-556,LEO-556-9159073800520938005206,Cain Rd,,,Leoni Township,42.26277951590502,-84.28955753940816,0.253775,2,Asphalt,Local,65,2026-08-16,Medium,1000,10,Moderate,Crack Seal,1,provisional,Michigan GIS Open Data + Paventra rehearsal assumptions,2026-08-16
LEO-ROAD-557,LEO-557-9187083800520938004802,Fox Rd,,,Leoni Township,42.26277951590502,-84.28955753940816,0.408866,2,Asphalt,Local,65,2026-08-16,Medium,1000,10,Moderate,Crack Seal,1,provisional,Michigan GIS Open Data + Paventra rehearsal assumptions,2026-08-16
LEO-ROAD-558,LEO-558-33816713800511238021677,Andrew Park Dr,,,Leoni Township,42.26507803724626,-84.33508029909355,0.201842,2,Asphalt,Local,65,2026-08-16,Medium,1000,10,Moderate,Crack Seal,1,provisional,Michigan GIS Open Data + Paventra rehearsal assumptions,2026-08-16
LEO-ROAD-559,LEO-559-9185083800525638005161,Donnely Rd,,,Leoni Township,42.26259150566342,-84.3202029124398,0.091557,2,Asphalt,Local,65,2026-08-16,Medium,1000,10,Moderate,Crack Seal,1,provisional,Michigan GIS Open Data + Paventra rehearsal assumptions,2026-08-16
LEO-ROAD-560,LEO-560-8976093800528938005050,Munith Rd,,,Leoni Township,42.262269852688334,-84.35344608387861,0.271929,2,Asphalt,Local,65,2026-08-16,Medium,1000,10,Moderate,Crack Seal,1,provisional,Michigan GIS Open Data + Paventra rehearsal assumptions,2026-08-16
LEO-ROAD-561,LEO-561-9185083800529038005256,Donnely Rd,,,Leoni Township,42.26173962802455,-84.32020502818807,0.058774,2,Asphalt,Local,65,2026-08-16,Medium,1000,10,Moderate,Crack Seal,1,provisional,Michigan GIS Open Data + Paventra rehearsal assumptions,2026-08-16
LEO-ROAD-562,LEO-562-9130033800528838005162,N Dettman Rd,,,Leoni Township,42.2623702482155,-84.36492711789602,0.147214,2,Asphalt,Local,65,2026-08-16,Medium,1000,10,Moderate,Crack Seal,1,provisional,Michigan GIS Open Data + Paventra rehearsal assumptions,2026-08-16
LEO-ROAD-563,LEO-563-33800483800528938005293,Gregory Rd,,,Leoni Township,42.262269852688334,-84.35344608387861,0.139019,2,Asphalt,Local,65,2026-08-16,Medium,1000,10,Moderate,Crack Seal,1,provisional,Michigan GIS Open Data + Paventra rehearsal assumptions,2026-08-16
LEO-ROAD-564,LEO-564-9192023800529338005053,Fairyland Ave,,,Leoni Township,42.262219727649764,-84.35615788609712,0.273523,2,Asphalt,Local,65,2026-08-16,Medium,1000,10,Moderate,Crack Seal,1,provisional,Michigan GIS Open Data + Paventra rehearsal assumptions,2026-08-16
LEO-ROAD-565,LEO-565-33800483800529338005294,Gregory Rd,,,Leoni Township,42.262219727649764,-84.35615788609712,0.038031,2,Asphalt,Local,65,2026-08-16,Medium,1000,10,Moderate,Crack Seal,1,provisional,Michigan GIS Open Data + Paventra rehearsal assumptions,2026-08-16
LEO-ROAD-566,LEO-566-8993023800530038005298,Gregory Rd,,,Leoni Township,42.262198205386795,-84.36005715222218,0.112591,2,Asphalt,Local,65,2026-08-16,Medium,1000,10,Moderate,Crack Seal,1,provisional,Michigan GIS Open Data + Paventra rehearsal assumptions,2026-08-16
LEO-ROAD-567,LEO-567-9192013800530038005082,Jacqueline St,,,Leoni Township,42.262198205386795,-84.36005715222218,0.250046,2,Asphalt,Local,65,2026-08-16,Medium,1000,10,Moderate,Crack Seal,1,provisional,Michigan GIS Open Data + Paventra rehearsal assumptions,2026-08-16
LEO-ROAD-568,LEO-568-8993023800530138005300,Gregory Rd,,,Leoni Township,42.26217855358269,-84.36173468231715,0.085982,2,Asphalt,Local,65,2026-08-16,Medium,1000,10,Moderate,Crack Seal,1,provisional,Michigan GIS Open Data + Paventra rehearsal assumptions,2026-08-16
LEO-ROAD-569,LEO-569-9191103800530138005085,Gregory Pl,,,Leoni Township,42.26217855358269,-84.36173468231715,0.251874,2,Asphalt,Local,65,2026-08-16,Medium,1000,10,Moderate,Crack Seal,1,provisional,Michigan GIS Open Data + Paventra rehearsal assumptions,2026-08-16
LEO-ROAD-570,LEO-570-8993023800530738005301,Gregory Rd,,,Leoni Township,42.26215269548375,-84.36492189107805,0.16335,2,Asphalt,Local,65,2026-08-16,Medium,1000,10,Moderate,Crack Seal,1,provisional,Michigan GIS Open Data + Paventra rehearsal assumptions,2026-08-16
LEO-ROAD-571,LEO-571-9130033800530738005288,N Dettman Rd,,,Leoni Township,42.26215269548375,-84.36492189107805,0.015012,2,Asphalt,Local,65,2026-08-16,Medium,1000,10,Moderate,Crack Seal,1,provisional,Michigan GIS Open Data + Paventra rehearsal assumptions,2026-08-16
LEO-ROAD-572,LEO-572-9130033800534238005307,N Dettman Rd,,,Leoni Township,42.26170713174264,-84.36489942669516,0.030762,2,Asphalt,Local,65,2026-08-16,Medium,1000,10,Moderate,Crack Seal,1,provisional,Michigan GIS Open Data + Paventra rehearsal assumptions,2026-08-16
LEO-ROAD-573,LEO-573-9186093800543338005201,Gilletts Lake Rd,,,Leoni Township,42.26018669716772,-84.30551463637957,0.238128,2,Asphalt,Local,65,2026-08-16,Medium,1000,10,Moderate,Crack Seal,1,provisional,Michigan GIS Open Data + Paventra rehearsal assumptions,2026-08-16
LEO-ROAD-574,LEO-574-9187023800543338005457,Champion St,,,Leoni Township,42.26018669716772,-84.30551463637957,0.152462,2,Asphalt,Local,65,2026-08-16,Medium,1000,10,Moderate,Crack Seal,1,provisional,Michigan GIS Open Data + Paventra rehearsal assumptions,2026-08-16
LEO-ROAD-575,LEO-575-33817513800541438021392,Ann Arbor Rd,,,Leoni Township,42.2606084154457,-84.34480979591693,0.472159,2,Asphalt,Local,65,2026-08-16,Medium,1000,10,Moderate,Crack Seal,1,provisional,Michigan GIS Open Data + Paventra rehearsal assumptions,2026-08-16
LEO-ROAD-576,LEO-576-9186093800542938005433,Gilletts Lake Rd,,,Leoni Township,42.25973416638782,-84.30564938089081,0.032082,2,Asphalt,Local,65,2026-08-16,Medium,1000,10,Moderate,Crack Seal,1,provisional,Michigan GIS Open Data + Paventra rehearsal assumptions,2026-08-16
LEO-ROAD-577,LEO-577-9130033800543938005342,N Dettman Rd,,,Leoni Township,42.26047016119558,-84.36491628033453,0.085352,2,Asphalt,Local,65,2026-08-16,Medium,1000,10,Moderate,Crack Seal,1,provisional,Michigan GIS Open Data + Paventra rehearsal assumptions,2026-08-16
LEO-ROAD-578,LEO-578-9186093802558938005429,Gilletts Lake Rd,,,Leoni Township,42.25929288045867,-84.30512653423315,0.040726,2,Asphalt,Local,65,2026-08-16,Medium,1000,10,Moderate,Crack Seal,1,provisional,Michigan GIS Open Data + Paventra rehearsal assumptions,2026-08-16
LEO-ROAD-579,LEO-579-8991103800551138020147,S US 127,,,Leoni Township,42.259934517835944,-84.35727222362812,0.467588,2,Asphalt,Local,65,2026-08-16,Medium,1000,10,Moderate,Crack Seal,1,provisional,Michigan GIS Open Data + Paventra rehearsal assumptions,2026-08-16
LEO-ROAD-580,LEO-580-33817513800546838005414,Ann Arbor Rd,,,Leoni Township,42.259718078209964,-84.34843525744174,0.195709,2,Asphalt,Local,65,2026-08-16,Medium,1000,10,Moderate,Crack Seal,1,provisional,Michigan GIS Open Data + Paventra rehearsal assumptions,2026-08-16
LEO-ROAD-581,LEO-581-9019023800546838005335,Sycamore St,,,Leoni Township,42.259718078209964,-84.34843525744174,0.136978,2,Asphalt,Local,65,2026-08-16,Medium,1000,10,Moderate,Crack Seal,1,provisional,Michigan GIS Open Data + Paventra rehearsal assumptions,2026-08-16
LEO-ROAD-582,LEO-582-9185193800529038017617,Pine Dr,,,Leoni Township,42.26173962802455,-84.32020502818807,0.241098,2,Asphalt,Local,65,2026-08-16,Medium,1000,10,Moderate,Crack Seal,1,provisional,Michigan GIS Open Data + Paventra rehearsal assumptions,2026-08-16
LEO-ROAD-583,LEO-583-8991093800547838020148,N US 127,,,Leoni Township,42.259700022671794,-84.3570157903573,0.48483,2,Asphalt,Local,65,2026-08-16,Medium,1000,10,Moderate,Crack Seal,1,provisional,Michigan GIS Open Data + Paventra rehearsal assumptions,2026-08-16
LEO-ROAD-584,LEO-584-33817513800550838005468,Ann Arbor Rd,,,Leoni Township,42.25930325905023,-84.35018622757134,0.094192,2,Asphalt,Local,65,2026-08-16,Medium,1000,10,Moderate,Crack Seal,1,provisional,Michigan GIS Open Data + Paventra rehearsal assumptions,2026-08-16
LEO-ROAD-585,LEO-585-9019013800550838005445,Ridgeway Ave,,,Leoni Township,42.25930325905023,-84.35018622757134,0.07621,2,Asphalt,Local,65,2026-08-16,Medium,1000,10,Moderate,Crack Seal,1,provisional,Michigan GIS Open Data + Paventra rehearsal assumptions,2026-08-16
LEO-ROAD-586,LEO-586-9185193801761738005597,Kline Dr,,,Leoni Township,42.25912176924611,-84.31757996721608,0.032125,2,Asphalt,Local,65,2026-08-16,Medium,1000,10,Moderate,Crack Seal,1,provisional,Michigan GIS Open Data + Paventra rehearsal assumptions,2026-08-16
LEO-ROAD-587,LEO-587-9019043801925238021392,N Sutton Rd,,,Leoni Township,42.25868399830228,-84.33868892239792,0.394432,2,Asphalt,Local,65,2026-08-16,Medium,1000,10,Moderate,Crack Seal,1,provisional,Michigan GIS Open Data + Paventra rehearsal assumptions,2026-08-16
LEO-ROAD-588,LEO-588-9187013800553038005429,Edgewood Ave,,,Leoni Township,42.25814620146052,-84.30623432270362,0.114721,2,Asphalt,Local,65,2026-08-16,Medium,1000,10,Moderate,Crack Seal,1,provisional,Michigan GIS Open Data + Paventra rehearsal assumptions,2026-08-16
LEO-ROAD-589,LEO-589-9186093800553338025589,Gilletts Lake Rd,,,Leoni Township,42.25804507102341,-84.30470342100075,0.090463,2,Asphalt,Local,65,2026-08-16,Medium,1000,10,Moderate,Crack Seal,1,provisional,Michigan GIS Open Data + Paventra rehearsal assumptions,2026-08-16
LEO-ROAD-590,LEO-590-9186103800553038005533,Green St,,,Leoni Township,42.25814620146052,-84.30623432270362,0.07888,2,Asphalt,Local,65,2026-08-16,Medium,1000,10,Moderate,Crack Seal,1,provisional,Michigan GIS Open Data + Paventra rehearsal assumptions,2026-08-16
LEO-ROAD-591,LEO-591-33817513800555438005508,Ann Arbor Rd,,,Leoni Township,42.25852972610251,-84.35333764550619,0.170114,2,Asphalt,Local,65,2026-08-16,Medium,1000,10,Moderate,Crack Seal,1,provisional,Michigan GIS Open Data + Paventra rehearsal assumptions,2026-08-16
LEO-ROAD-592,LEO-592-8976093800555438005289,Munith Rd,,,Leoni Township,42.25852972610251,-84.35333764550619,0.258104,2,Asphalt,Local,65,2026-08-16,Medium,1000,10,Moderate,Crack Seal,1,provisional,Michigan GIS Open Data + Paventra rehearsal assumptions,2026-08-16
LEO-ROAD-593,LEO-593-9130033800557738005439,N Dettman Rd,,,Leoni Township,42.25849631188678,-84.36491932807826,0.13619,2,Asphalt,Local,65,2026-08-16,Medium,1000,10,Moderate,Crack Seal,1,provisional,Michigan GIS Open Data + Paventra rehearsal assumptions,2026-08-16
LEO-ROAD-594,LEO-594-33817513800561638005554,Ann Arbor Rd,,,Leoni Township,42.258148860203576,-84.35495024622716,0.086725,2,Asphalt,Local,65,2026-08-16,Medium,1000,10,Moderate,Crack Seal,1,provisional,Michigan GIS Open Data + Paventra rehearsal assumptions,2026-08-16
LEO-ROAD-595,LEO-595-8977033800561638005293,Bender St,,,Leoni Township,42.258148860203576,-84.35495024622716,0.299839,2,Asphalt,Local,65,2026-08-16,Medium,1000,10,Moderate,Crack Seal,1,provisional,Michigan GIS Open Data + Paventra rehearsal assumptions,2026-08-16
LEO-ROAD-596,LEO-596-9187013800565038005530,Edgewood Ave,,,Leoni Township,42.257251153774504,-84.3085498787223,0.141894,2,Asphalt,Local,65,2026-08-16,Medium,1000,10,Moderate,Crack Seal,1,provisional,Michigan GIS Open Data + Paventra rehearsal assumptions,2026-08-16
LEO-ROAD-597,LEO-597-9210033801705838005650,Buena Vista St,,,Leoni Township,42.25762131071961,-84.309070262947,0.042296,2,Asphalt,Local,65,2026-08-16,Medium,1000,10,Moderate,Crack Seal,1,provisional,Michigan GIS Open Data + Paventra rehearsal assumptions,2026-08-16
LEO-ROAD-598,LEO-598-9019043801925138019252,N Sutton Rd,,,Leoni Township,42.2575756902561,-84.33863687307316,0.076527,2,Asphalt,Local,65,2026-08-16,Medium,1000,10,Moderate,Crack Seal,1,provisional,Michigan GIS Open Data + Paventra rehearsal assumptions,2026-08-16
LEO-ROAD-599,LEO-599-9187013800566838005650,Edgewood Ave,,,Leoni Township,42.257133319416944,-84.30941382882264,0.04502,2,Asphalt,Local,65,2026-08-16,Medium,1000,10,Moderate,Crack Seal,1,provisional,Michigan GIS Open Data + Paventra rehearsal assumptions,2026-08-16
LEO-ROAD-600,LEO-600-9210053800566838017058,Shady Ln,,,Leoni Township,42.257133319416944,-84.30941382882264,0.037995,2,Asphalt,Local,65,2026-08-16,Medium,1000,10,Moderate,Crack Seal,1,provisional,Michigan GIS Open Data + Paventra rehearsal assumptions,2026-08-16
LEO-ROAD-601,LEO-601-33817513800565638005616,Ann Arbor Rd,,,Leoni Township,42.257827056301046,-84.35625064743692,0.070249,2,Asphalt,Local,65,2026-08-16,Medium,1000,10,Moderate,Crack Seal,1,provisional,Michigan GIS Open Data + Paventra rehearsal assumptions,2026-08-16
LEO-ROAD-602,LEO-602-9210053800569738005668,Shady Ln,,,Leoni Township,42.257094186687745,-84.30965858691329,0.012832,2,Asphalt,Local,65,2026-08-16,Medium,1000,10,Moderate,Crack Seal,1,provisional,Michigan GIS Open Data + Paventra rehearsal assumptions,2026-08-16
LEO-ROAD-603,LEO-603-9210033800569738017058,Buena Vista St,,,Leoni Township,42.257094186687745,-84.30965858691329,0.071233,2,Asphalt,Local,65,2026-08-16,Medium,1000,10,Moderate,Crack Seal,1,provisional,Michigan GIS Open Data + Paventra rehearsal assumptions,2026-08-16
LEO-ROAD-604,LEO-604-33817513801721938005656,Ann Arbor Rd,,,Leoni Township,42.25777745514514,-84.35646956597658,0.01173,2,Asphalt,Local,65,2026-08-16,Medium,1000,10,Moderate,Crack Seal,1,provisional,Michigan GIS Open Data + Paventra rehearsal assumptions,2026-08-16
LEO-ROAD-605,LEO-605-33800623801721938005478,Unnamed Road,,,Leoni Township,42.25777745514514,-84.35646956597658,0.135635,2,Asphalt,Local,65,2026-08-16,Medium,1000,10,Moderate,Crack Seal,1,provisional,Michigan GIS Open Data + Paventra rehearsal assumptions,2026-08-16
LEO-ROAD-606,LEO-606-33817513800567638017219,Ann Arbor Rd,,,Leoni Township,42.25767024279408,-84.35690229537418,0.023379,2,Asphalt,Local,65,2026-08-16,Medium,1000,10,Moderate,Crack Seal,1,provisional,Michigan GIS Open Data + Paventra rehearsal assumptions,2026-08-16
LEO-ROAD-607,LEO-607-8991093800567638005478,N US 127,,,Leoni Township,42.25767024279408,-84.35690229537418,0.140162,2,Asphalt,Local,65,2026-08-16,Medium,1000,10,Moderate,Crack Seal,1,provisional,Michigan GIS Open Data + Paventra rehearsal assumptions,2026-08-16
LEO-ROAD-608,LEO-608-9210143800568338005687,Ambs Shore Dr,,,Leoni Township,42.2570295854259,-84.3151225980174,0.033144,2,Asphalt,Local,65,2026-08-16,Medium,1000,10,Moderate,Crack Seal,1,provisional,Michigan GIS Open Data + Paventra rehearsal assumptions,2026-08-16
LEO-ROAD-609,LEO-609-9210243800568338005686,Ambs Shore Dr,,,Leoni Township,42.2570295854259,-84.3151225980174,0.082386,2,Asphalt,Local,65,2026-08-16,Medium,1000,10,Moderate,Crack Seal,1,provisional,Michigan GIS Open Data + Paventra rehearsal assumptions,2026-08-16
LEO-ROAD-610,LEO-610-33814823802037538020376,Kline Dr,,,Leoni Township,42.257070512529204,-84.32014059899561,0.272955,2,Asphalt,Local,65,2026-08-16,Medium,1000,10,Moderate,Crack Seal,1,provisional,Michigan GIS Open Data + Paventra rehearsal assumptions,2026-08-16
LEO-ROAD-611,LEO-611-9185083802037538005290,Donnely Rd,,,Leoni Township,42.257070512529204,-84.32014059899561,0.322177,2,Asphalt,Local,65,2026-08-16,Medium,1000,10,Moderate,Crack Seal,1,provisional,Michigan GIS Open Data + Paventra rehearsal assumptions,2026-08-16
LEO-ROAD-612,LEO-612-33817513800568538005676,Ann Arbor Rd,,,Leoni Township,42.257619787175116,-84.35711314876626,0.011354,2,Asphalt,Local,65,2026-08-16,Medium,1000,10,Moderate,Crack Seal,1,provisional,Michigan GIS Open Data + Paventra rehearsal assumptions,2026-08-16
LEO-ROAD-613,LEO-613-8991103800568538005511,S US 127,,,Leoni Township,42.257619787175116,-84.35711314876626,0.159909,2,Asphalt,Local,65,2026-08-16,Medium,1000,10,Moderate,Crack Seal,1,provisional,Michigan GIS Open Data + Paventra rehearsal assumptions,2026-08-16
LEO-ROAD-614,LEO-614-9130033800569538005577,N Dettman Rd,,,Leoni Township,42.25762920184251,-84.36492876552144,0.059827,2,Asphalt,Local,65,2026-08-16,Medium,1000,10,Moderate,Crack Seal,1,provisional,Michigan GIS Open Data + Paventra rehearsal assumptions,2026-08-16
LEO-ROAD-615,LEO-615-33811233800570638005685,E Michigan Ave,,,Leoni Township,42.257446878085545,-84.35777269123423,0.035846,2,Asphalt,Local,65,2026-08-16,Medium,1000,10,Moderate,Crack Seal,1,provisional,Michigan GIS Open Data + Paventra rehearsal assumptions,2026-08-16
LEO-ROAD-616,LEO-616-8993093800551138005706,Unnamed Road,,,Leoni Township,42.259934517835944,-84.35727222362812,0.173632,2,Asphalt,Local,65,2026-08-16,Medium,1000,10,Moderate,Crack Seal,1,provisional,Michigan GIS Open Data + Paventra rehearsal assumptions,2026-08-16
LEO-ROAD-617,LEO-617-8992103801701438005715,E Michigan Ave,,,Leoni Township,42.257336977150715,-84.35609494322028,0.032692,2,Asphalt,Local,65,2026-08-16,Medium,1000,10,Moderate,Crack Seal,1,provisional,Michigan GIS Open Data + Paventra rehearsal assumptions,2026-08-16
LEO-ROAD-618,LEO-618-8977033800570738005616,Bender St,,,Leoni Township,42.257318435435835,-84.35493851054682,0.057297,2,Asphalt,Local,65,2026-08-16,Medium,1000,10,Moderate,Crack Seal,1,provisional,Michigan GIS Open Data + Paventra rehearsal assumptions,2026-08-16
LEO-ROAD-619,LEO-619-8992103800571538005707,E Michigan Ave,,,Leoni Township,42.25732891156801,-84.35545716942437,0.026593,2,Asphalt,Local,65,2026-08-16,Medium,1000,10,Moderate,Crack Seal,1,provisional,Michigan GIS Open Data + Paventra rehearsal assumptions,2026-08-16
LEO-ROAD-620,LEO-620-8976093800570938005554,Munith Rd,,,Leoni Township,42.25728469115606,-84.35333698317237,0.085899,2,Asphalt,Local,65,2026-08-16,Medium,1000,10,Moderate,Crack Seal,1,provisional,Michigan GIS Open Data + Paventra rehearsal assumptions,2026-08-16
LEO-ROAD-621,LEO-621-8992103800570738005709,E Michigan Ave,,,Leoni Township,42.257318435435835,-84.35493851054682,0.082116,2,Asphalt,Local,65,2026-08-16,Medium,1000,10,Moderate,Crack Seal,1,provisional,Michigan GIS Open Data + Paventra rehearsal assumptions,2026-08-16
LEO-ROAD-622,LEO-622-8992103800570938005713,E Michigan Ave,,,Leoni Township,42.25728469115606,-84.35333698317237,0.038906,2,Asphalt,Local,65,2026-08-16,Medium,1000,10,Moderate,Crack Seal,1,provisional,Michigan GIS Open Data + Paventra rehearsal assumptions,2026-08-16
LEO-ROAD-623,LEO-623-9019013800573538005508,Ridgeway Ave,,,Leoni Township,42.25697940887666,-84.35017922644863,0.160343,2,Asphalt,Local,65,2026-08-16,Medium,1000,10,Moderate,Crack Seal,1,provisional,Michigan GIS Open Data + Paventra rehearsal assumptions,2026-08-16
LEO-ROAD-624,LEO-624-8992103800571338005735,E Michigan Ave,,,Leoni Township,42.25721594847587,-84.35258355046393,0.124304,2,Asphalt,Local,65,2026-08-16,Medium,1000,10,Moderate,Crack Seal,1,provisional,Michigan GIS Open Data + Paventra rehearsal assumptions,2026-08-16
LEO-ROAD-625,LEO-625-9019023800574238005468,Sycamore St,,,Leoni Township,42.25679624810231,-84.34844653086563,0.201658,2,Asphalt,Local,65,2026-08-16,Medium,1000,10,Moderate,Crack Seal,1,provisional,Michigan GIS Open Data + Paventra rehearsal assumptions,2026-08-16
LEO-ROAD-626,LEO-626-8992103800573538005742,E Michigan Ave,,,Leoni Township,42.25697940887666,-84.35017922644863,0.0897,2,Asphalt,Local,65,2026-08-16,Medium,1000,10,Moderate,Crack Seal,1,provisional,Michigan GIS Open Data + Paventra rehearsal assumptions,2026-08-16
LEO-ROAD-627,LEO-627-8992103800574238005750,E Michigan Ave,,,Leoni Township,42.25679624810231,-84.34844653086563,0.055819,2,Asphalt,Local,65,2026-08-16,Medium,1000,10,Moderate,Crack Seal,1,provisional,Michigan GIS Open Data + Paventra rehearsal assumptions,2026-08-16
LEO-ROAD-628,LEO-628-9210033800575238005697,Shady Ln,,,Leoni Township,42.25610613567789,-84.3112610569842,0.1085,2,Asphalt,Local,65,2026-08-16,Medium,1000,10,Moderate,Crack Seal,1,provisional,Michigan GIS Open Data + Paventra rehearsal assumptions,2026-08-16
LEO-ROAD-629,LEO-629-9019033800575738005414,Hackett St,,,Leoni Township,42.2564070327089,-84.34476525643426,0.28988,2,Asphalt,Local,65,2026-08-16,Medium,1000,10,Moderate,Crack Seal,1,provisional,Michigan GIS Open Data + Paventra rehearsal assumptions,2026-08-16
LEO-ROAD-630,LEO-630-8992103800575038005757,E Michigan Ave,,,Leoni Township,42.25668741738566,-84.34736734670102,0.134761,2,Asphalt,Local,65,2026-08-16,Medium,1000,10,Moderate,Crack Seal,1,provisional,Michigan GIS Open Data + Paventra rehearsal assumptions,2026-08-16
LEO-ROAD-631,LEO-631-9187083801907438005209,Fox Rd,,,Leoni Township,42.2554892887077,-84.28947813894507,0.502996,2,Asphalt,Local,65,2026-08-16,Medium,1000,10,Moderate,Crack Seal,1,provisional,Michigan GIS Open Data + Paventra rehearsal assumptions,2026-08-16
LEO-ROAD-632,LEO-632-33808033800577838005771,Waters Dr,,,Leoni Township,42.25571935181874,-84.32018689580377,0.211256,2,Asphalt,Local,65,2026-08-16,Medium,1000,10,Moderate,Crack Seal,1,provisional,Michigan GIS Open Data + Paventra rehearsal assumptions,2026-08-16
LEO-ROAD-633,LEO-633-9185083800577838020375,Donnely Rd,,,Leoni Township,42.25571935181874,-84.32018689580377,0.093316,2,Asphalt,Local,65,2026-08-16,Medium,1000,10,Moderate,Crack Seal,1,provisional,Michigan GIS Open Data + Paventra rehearsal assumptions,2026-08-16
LEO-ROAD-634,LEO-634-9210033802174838005752,Shady Ln,,,Leoni Township,42.25544783378675,-84.31210369258109,0.063026,2,Asphalt,Local,65,2026-08-16,Medium,1000,10,Moderate,Crack Seal,1,provisional,Michigan GIS Open Data + Paventra rehearsal assumptions,2026-08-16
LEO-ROAD-635,LEO-635-33812703801991038019902,Gilletts Lake BAS,,,Leoni Township,42.25535520891608,-84.31338440379571,0.07637,2,Asphalt,Local,65,2026-08-16,Medium,1000,10,Moderate,Crack Seal,1,provisional,Michigan GIS Open Data + Paventra rehearsal assumptions,2026-08-16
LEO-ROAD-636,LEO-636-33812713801991038019902,Gilletts Lake BAS,,,Leoni Township,42.25535520891608,-84.31338440379571,0.056334,2,Asphalt,Local,65,2026-08-16,Medium,1000,10,Moderate,Crack Seal,1,provisional,Michigan GIS Open Data + Paventra rehearsal assumptions,2026-08-16
LEO-ROAD-637,LEO-637-9210033801991138021748,Shady Ln,,,Leoni Township,42.25515208007969,-84.31338357876862,0.070213,2,Asphalt,Local,65,2026-08-16,Medium,1000,10,Moderate,Crack Seal,1,provisional,Michigan GIS Open Data + Paventra rehearsal assumptions,2026-08-16
LEO-ROAD-638,LEO-638-33812703801991138019910,Gilletts Lake BAS,,,Leoni Township,42.25515208007969,-84.31338357876862,0.014015,2,Asphalt,Local,65,2026-08-16,Medium,1000,10,Moderate,Crack Seal,1,provisional,Michigan GIS Open Data + Paventra rehearsal assumptions,2026-08-16
LEO-ROAD-639,LEO-639-9190063800582338005683,Ambs Dr,,,Leoni Township,42.25516301714603,-84.31459856564685,0.131706,2,Asphalt,Local,65,2026-08-16,Medium,1000,10,Moderate,Crack Seal,1,provisional,Michigan GIS Open Data + Paventra rehearsal assumptions,2026-08-16
LEO-ROAD-640,LEO-640-9210033800582338019911,Shady Ln,,,Leoni Township,42.25516301714603,-84.31459856564685,0.062304,2,Asphalt,Local,65,2026-08-16,Medium,1000,10,Moderate,Crack Seal,1,provisional,Michigan GIS Open Data + Paventra rehearsal assumptions,2026-08-16
LEO-ROAD-641,LEO-641-8991103800583138005685,S US 127,,,Leoni Township,42.25559195787226,-84.35699691277294,0.140033,2,Asphalt,Local,65,2026-08-16,Medium,1000,10,Moderate,Crack Seal,1,provisional,Michigan GIS Open Data + Paventra rehearsal assumptions,2026-08-16
LEO-ROAD-642,LEO-642-8993083800570638005831,Unnamed Road,,,Leoni Township,42.257446878085545,-84.35777269123423,0.134011,2,Asphalt,Local,65,2026-08-16,Medium,1000,10,Moderate,Crack Seal,1,provisional,Michigan GIS Open Data + Paventra rehearsal assumptions,2026-08-16
LEO-ROAD-643,LEO-643-33811233800584038005706,E Michigan Ave,,,Leoni Township,42.25569553553978,-84.3649340239516,0.386487,2,Asphalt,Local,65,2026-08-16,Medium,1000,10,Moderate,Crack Seal,1,provisional,Michigan GIS Open Data + Paventra rehearsal assumptions,2026-08-16
LEO-ROAD-644,LEO-644-9130033800584038005695,N Dettman Rd,,,Leoni Township,42.25569553553978,-84.3649340239516,0.13341,2,Asphalt,Local,65,2026-08-16,Medium,1000,10,Moderate,Crack Seal,1,provisional,Michigan GIS Open Data + Paventra rehearsal assumptions,2026-08-16
LEO-ROAD-645,LEO-645-9019043800584738019251,N Sutton Rd,,,Leoni Township,42.25526513474849,-84.33858590211076,0.159434,2,Asphalt,Local,65,2026-08-16,Medium,1000,10,Moderate,Crack Seal,1,provisional,Michigan GIS Open Data + Paventra rehearsal assumptions,2026-08-16
LEO-ROAD-646,LEO-646-8992103800575738005847,E Michigan Ave,,,Leoni Township,42.2564070327089,-84.34476525643426,0.328786,2,Asphalt,Local,65,2026-08-16,Medium,1000,10,Moderate,Crack Seal,1,provisional,Michigan GIS Open Data + Paventra rehearsal assumptions,2026-08-16
LEO-ROAD-647,LEO-647-33814283802025438020253,MacDonough St,,,Leoni Township,42.25473146164232,-84.30560318817673,0.052958,2,Asphalt,Local,65,2026-08-16,Medium,1000,10,Moderate,Crack Seal,1,provisional,Michigan GIS Open Data + Paventra rehearsal assumptions,2026-08-16
LEO-ROAD-648,LEO-648-8992093800582538005656,Unnamed Road,,,Leoni Township,42.25549257755535,-84.3567413216471,0.163054,2,Asphalt,Local,65,2026-08-16,Medium,1000,10,Moderate,Crack Seal,1,provisional,Michigan GIS Open Data + Paventra rehearsal assumptions,2026-08-16
LEO-ROAD-649,LEO-649-8991093800582538005676,N US 127,,,Leoni Township,42.25549257755535,-84.3567413216471,0.150471,2,Asphalt,Local,65,2026-08-16,Medium,1000,10,Moderate,Crack Seal,1,provisional,Michigan GIS Open Data + Paventra rehearsal assumptions,2026-08-16
LEO-ROAD-650,LEO-650-33814303802025738020255,Douglass Ct,,,Leoni Township,42.25468881363659,-84.3077033401456,0.048923,2,Asphalt,Local,65,2026-08-16,Medium,1000,10,Moderate,Crack Seal,1,provisional,Michigan GIS Open Data + Paventra rehearsal assumptions,2026-08-16
LEO-ROAD-651,LEO-651-9190093801758438005739,N Wrenwood Ave,,,Leoni Township,42.25443710952966,-84.29616481677316,0.131402,2,Asphalt,Local,65,2026-08-16,Medium,1000,10,Moderate,Crack Seal,1,provisional,Michigan GIS Open Data + Paventra rehearsal assumptions,2026-08-16
LEO-ROAD-652,LEO-652-9187083800587938019074,Fox Rd,,,Leoni Township,42.254242525646355,-84.28945895311963,0.086024,2,Asphalt,Local,65,2026-08-16,Medium,1000,10,Moderate,Crack Seal,1,provisional,Michigan GIS Open Data + Paventra rehearsal assumptions,2026-08-16
LEO-ROAD-653,LEO-653-33814293802025438020257,Jouett Ave,,,Leoni Township,42.25473146164232,-84.30560318817673,0.114519,2,Asphalt,Local,65,2026-08-16,Medium,1000,10,Moderate,Crack Seal,1,provisional,Michigan GIS Open Data + Paventra rehearsal assumptions,2026-08-16
LEO-ROAD-654,LEO-654-9190073801816638005889,N Harvey St,,,Leoni Township,42.254141564969274,-84.29755901371828,0.020378,2,Asphalt,Local,65,2026-08-16,Medium,1000,10,Moderate,Crack Seal,1,provisional,Michigan GIS Open Data + Paventra rehearsal assumptions,2026-08-16
LEO-ROAD-655,LEO-655-9186093802025238005533,Gilletts Lake Rd,,,Leoni Township,42.25392226368317,-84.30424139235797,0.28577,2,Asphalt,Local,65,2026-08-16,Medium,1000,10,Moderate,Crack Seal,1,provisional,Michigan GIS Open Data + Paventra rehearsal assumptions,2026-08-16
LEO-ROAD-656,LEO-656-33814273802025238020256,Constitution Ave,,,Leoni Township,42.25392226368317,-84.30424139235797,0.045811,2,Asphalt,Local,65,2026-08-16,Medium,1000,10,Moderate,Crack Seal,1,provisional,Michigan GIS Open Data + Paventra rehearsal assumptions,2026-08-16
LEO-ROAD-657,LEO-657-33814283802025638020254,MacDonough St,,,Leoni Township,42.25391826552018,-84.30513514719077,0.061796,2,Asphalt,Local,65,2026-08-16,Medium,1000,10,Moderate,Crack Seal,1,provisional,Michigan GIS Open Data + Paventra rehearsal assumptions,2026-08-16
LEO-ROAD-658,LEO-658-9130033800593438005840,S Dettman Rd,,,Leoni Township,42.25480858427311,-84.3649796408078,0.061238,2,Asphalt,Local,65,2026-08-16,Medium,1000,10,Moderate,Crack Seal,1,provisional,Michigan GIS Open Data + Paventra rehearsal assumptions,2026-08-16
LEO-ROAD-659,LEO-659-8992103800584738005958,E Michigan Ave,,,Leoni Township,42.25526513474849,-84.33858590211076,0.18868,2,Asphalt,Local,65,2026-08-16,Medium,1000,10,Moderate,Crack Seal,1,provisional,Michigan GIS Open Data + Paventra rehearsal assumptions,2026-08-16
LEO-ROAD-660,LEO-660-8992103800595838005986,E Michigan Ave,,,Leoni Township,42.25415641590936,-84.33522168701873,0.080031,2,Asphalt,Local,65,2026-08-16,Medium,1000,10,Moderate,Crack Seal,1,provisional,Michigan GIS Open Data + Paventra rehearsal assumptions,2026-08-16
LEO-ROAD-661,LEO-661-8992103800598638019253,E Michigan Ave,,,Leoni Township,42.253995697410964,-84.33368728741183,0.184637,2,Asphalt,Local,65,2026-08-16,Medium,1000,10,Moderate,Crack Seal,1,provisional,Michigan GIS Open Data + Paventra rehearsal assumptions,2026-08-16
LEO-ROAD-662,LEO-662-8992103801925338019254,E Michigan Ave,,,Leoni Township,42.25383996201981,-84.33010704173417,0.049587,2,Asphalt,Local,65,2026-08-16,Medium,1000,10,Moderate,Crack Seal,1,provisional,Michigan GIS Open Data + Paventra rehearsal assumptions,2026-08-16
LEO-ROAD-663,LEO-663-9159023802540938005186,N Portage Rd,,,Leoni Township,42.25250711000966,-84.26976085961672,0.721386,2,Asphalt,Local,65,2026-08-16,Medium,1000,10,Moderate,Crack Seal,1,provisional,Michigan GIS Open Data + Paventra rehearsal assumptions,2026-08-16
LEO-ROAD-664,LEO-664-8992103801925438019255,E Michigan Ave,,,Leoni Township,42.25355046006745,-84.32922295600719,0.025164,2,Asphalt,Local,65,2026-08-16,Medium,1000,10,Moderate,Crack Seal,1,provisional,Michigan GIS Open Data + Paventra rehearsal assumptions,2026-08-16
LEO-ROAD-665,LEO-665-9190103801705238005874,N Rosewood Ave,,,Leoni Township,42.25281343853801,-84.29500340300247,0.109084,2,Asphalt,Local,65,2026-08-16,Medium,1000,10,Moderate,Crack Seal,1,provisional,Michigan GIS Open Data + Paventra rehearsal assumptions,2026-08-16
LEO-ROAD-666,LEO-666-9190093800606038017584,N Wrenwood Ave,,,Leoni Township,42.25282769295076,-84.29615306067743,0.111082,2,Asphalt,Local,65,2026-08-16,Medium,1000,10,Moderate,Crack Seal,1,provisional,Michigan GIS Open Data + Paventra rehearsal assumptions,2026-08-16
LEO-ROAD-667,LEO-667-9193023800607238006060,Belgrade Ave,,,Leoni Township,42.2528060324671,-84.29754253261811,0.071235,2,Asphalt,Local,65,2026-08-16,Medium,1000,10,Moderate,Crack Seal,1,provisional,Michigan GIS Open Data + Paventra rehearsal assumptions,2026-08-16
LEO-ROAD-668,LEO-668-9190073800607238018166,N Harvey St,,,Leoni Township,42.2528060324671,-84.29754253261811,0.092147,2,Asphalt,Local,65,2026-08-16,Medium,1000,10,Moderate,Crack Seal,1,provisional,Michigan GIS Open Data + Paventra rehearsal assumptions,2026-08-16
LEO-ROAD-669,LEO-669-9193043801705238017053,Belle Ln,,,Leoni Township,42.25281343853801,-84.29500340300247,0.057721,2,Asphalt,Local,65,2026-08-16,Medium,1000,10,Moderate,Crack Seal,1,provisional,Michigan GIS Open Data + Paventra rehearsal assumptions,2026-08-16
LEO-ROAD-670,LEO-670-9210023800610338006099,Roberts Ct,,,Leoni Township,42.25314777378833,-84.3336819395802,0.128788,2,Asphalt,Local,65,2026-08-16,Medium,1000,10,Moderate,Crack Seal,1,provisional,Michigan GIS Open Data + Paventra rehearsal assumptions,2026-08-16
LEO-ROAD-671,LEO-671-9190053800610338005986,Vista Dr,,,Leoni Township,42.25314777378833,-84.3336819395802,0.058502,2,Asphalt,Local,65,2026-08-16,Medium,1000,10,Moderate,Crack Seal,1,provisional,Michigan GIS Open Data + Paventra rehearsal assumptions,2026-08-16
LEO-ROAD-672,LEO-672-9185083800610738005778,Donnely Rd,,,Leoni Township,42.253009713756235,-84.32452922194753,0.358718,2,Asphalt,Local,65,2026-08-16,Medium,1000,10,Moderate,Crack Seal,1,provisional,Michigan GIS Open Data + Paventra rehearsal assumptions,2026-08-16
LEO-ROAD-673,LEO-673-9194083801705138005988,Sheridan Rd,,,Leoni Township,42.25282624845101,-84.36109049260926,0.117513,2,Asphalt,Local,65,2026-08-16,Medium,1000,10,Moderate,Crack Seal,1,provisional,Michigan GIS Open Data + Paventra rehearsal assumptions,2026-08-16
LEO-ROAD-674,LEO-674-9130073800620038005934,Briscoe Pl,,,Leoni Township,42.25284246796787,-84.36375024983435,0.194192,2,Asphalt,Local,65,2026-08-16,Medium,1000,10,Moderate,Crack Seal,1,provisional,Michigan GIS Open Data + Paventra rehearsal assumptions,2026-08-16
LEO-ROAD-675,LEO-675-9130063800620338006200,Hayes St,,,Leoni Township,42.25285377025651,-84.36495789888457,0.061905,2,Asphalt,Local,65,2026-08-16,Medium,1000,10,Moderate,Crack Seal,1,provisional,Michigan GIS Open Data + Paventra rehearsal assumptions,2026-08-16
LEO-ROAD-676,LEO-676-9130033800620338005934,S Dettman Rd,,,Leoni Township,42.25285377025651,-84.36495789888457,0.13488,2,Asphalt,Local,65,2026-08-16,Medium,1000,10,Moderate,Crack Seal,1,provisional,Michigan GIS Open Data + Paventra rehearsal assumptions,2026-08-16
LEO-ROAD-677,LEO-677-9130063800620138017051,Hayes St,,,Leoni Township,42.25281382429648,-84.36243097795895,0.068714,2,Asphalt,Local,65,2026-08-16,Medium,1000,10,Moderate,Crack Seal,1,provisional,Michigan GIS Open Data + Paventra rehearsal assumptions,2026-08-16
LEO-ROAD-678,LEO-678-9130063800620038006201,Hayes St,,,Leoni Township,42.25284246796787,-84.36375024983435,0.06765,2,Asphalt,Local,65,2026-08-16,Medium,1000,10,Moderate,Crack Seal,1,provisional,Michigan GIS Open Data + Paventra rehearsal assumptions,2026-08-16
LEO-ROAD-679,LEO-679-9185083800622738006107,Donnely Rd,,,Leoni Township,42.25209517209383,-84.3256072806646,0.083884,2,Asphalt,Local,65,2026-08-16,Medium,1000,10,Moderate,Crack Seal,1,provisional,Michigan GIS Open Data + Paventra rehearsal assumptions,2026-08-16
LEO-ROAD-680,LEO-680-8992103801925538006227,E Michigan Ave,,,Leoni Township,42.25339539551487,-84.3287785836226,0.186712,2,Asphalt,Local,65,2026-08-16,Medium,1000,10,Moderate,Crack Seal,1,provisional,Michigan GIS Open Data + Paventra rehearsal assumptions,2026-08-16
LEO-ROAD-681,LEO-681-9187083800631638005879,Fox Rd,,,Leoni Township,42.2507686916855,-84.28943558883768,0.239674,2,Asphalt,Local,65,2026-08-16,Medium,1000,10,Moderate,Crack Seal,1,provisional,Michigan GIS Open Data + Paventra rehearsal assumptions,2026-08-16
LEO-ROAD-682,LEO-682-9130033802007138006203,S Dettman Rd,,,Leoni Township,42.251895719635236,-84.36495316964383,0.0661,2,Asphalt,Local,65,2026-08-16,Medium,1000,10,Moderate,Crack Seal,1,provisional,Michigan GIS Open Data + Paventra rehearsal assumptions,2026-08-16
LEO-ROAD-683,LEO-683-8992103800631838006316,E Michigan Ave,,,Leoni Township,42.250777400678096,-84.2910389451768,0.082187,2,Asphalt,Local,65,2026-08-16,Medium,1000,10,Moderate,Crack Seal,1,provisional,Michigan GIS Open Data + Paventra rehearsal assumptions,2026-08-16
LEO-ROAD-684,LEO-684-9190093800633438006060,N Wrenwood Ave,,,Leoni Township,42.25078958762426,-84.29612477058967,0.140623,2,Asphalt,Local,65,2026-08-16,Medium,1000,10,Moderate,Crack Seal,1,provisional,Michigan GIS Open Data + Paventra rehearsal assumptions,2026-08-16
LEO-ROAD-685,LEO-685-8992103800632838006318,E Michigan Ave,,,Leoni Township,42.25077111552431,-84.29497181127594,0.201591,2,Asphalt,Local,65,2026-08-16,Medium,1000,10,Moderate,Crack Seal,1,provisional,Michigan GIS Open Data + Paventra rehearsal assumptions,2026-08-16
LEO-ROAD-686,LEO-686-9190103800632838017052,N Rosewood Ave,,,Leoni Township,42.25077111552431,-84.29497181127594,0.140916,2,Asphalt,Local,65,2026-08-16,Medium,1000,10,Moderate,Crack Seal,1,provisional,Michigan GIS Open Data + Paventra rehearsal assumptions,2026-08-16
LEO-ROAD-687,LEO-687-8992103800633438006328,E Michigan Ave,,,Leoni Township,42.25078958762426,-84.29612477058967,0.059112,2,Asphalt,Local,65,2026-08-16,Medium,1000,10,Moderate,Crack Seal,1,provisional,Michigan GIS Open Data + Paventra rehearsal assumptions,2026-08-16
LEO-ROAD-688,LEO-688-8992103800633338006334,E Michigan Ave,,,Leoni Township,42.25078627991879,-84.29623665847666,0.00574,2,Asphalt,Local,65,2026-08-16,Medium,1000,10,Moderate,Crack Seal,1,provisional,Michigan GIS Open Data + Paventra rehearsal assumptions,2026-08-16
LEO-ROAD-689,LEO-689-8992103800633738006333,E Michigan Ave,,,Leoni Township,42.250792586152095,-84.29754370130922,0.066998,2,Asphalt,Local,65,2026-08-16,Medium,1000,10,Moderate,Crack Seal,1,provisional,Michigan GIS Open Data + Paventra rehearsal assumptions,2026-08-16
LEO-ROAD-690,LEO-690-9190073800633738006072,N Harvey St,,,Leoni Township,42.250792586152095,-84.29754370130922,0.138914,2,Asphalt,Local,65,2026-08-16,Medium,1000,10,Moderate,Crack Seal,1,provisional,Michigan GIS Open Data + Paventra rehearsal assumptions,2026-08-16
LEO-ROAD-691,LEO-691-8992103800631638006347,E Michigan Ave,,,Leoni Township,42.2507686916855,-84.28943558883768,0.081317,2,Asphalt,Local,65,2026-08-16,Medium,1000,10,Moderate,Crack Seal,1,provisional,Michigan GIS Open Data + Paventra rehearsal assumptions,2026-08-16
LEO-ROAD-692,LEO-692-8992103800635738006337,E Michigan Ave,,,Leoni Township,42.25081404558771,-84.304163174759,0.339304,2,Asphalt,Local,65,2026-08-16,Medium,1000,10,Moderate,Crack Seal,1,provisional,Michigan GIS Open Data + Paventra rehearsal assumptions,2026-08-16
LEO-ROAD-693,LEO-693-9186093800635738020252,Gilletts Lake Rd,,,Leoni Township,42.25081404558771,-84.304163174759,0.214495,2,Asphalt,Local,65,2026-08-16,Medium,1000,10,Moderate,Crack Seal,1,provisional,Michigan GIS Open Data + Paventra rehearsal assumptions,2026-08-16
LEO-ROAD-694,LEO-694-9209103800640538006201,Lockwood St,,,Leoni Township,42.25115193280808,-84.36243192856882,0.114659,2,Asphalt,Local,65,2026-08-16,Medium,1000,10,Moderate,Crack Seal,1,provisional,Michigan GIS Open Data + Paventra rehearsal assumptions,2026-08-16
LEO-ROAD-695,LEO-695-9019043800641638005847,S Sutton Rd,,,Leoni Township,42.25078017519234,-84.33856408651421,0.309436,2,Asphalt,Local,65,2026-08-16,Medium,1000,10,Moderate,Crack Seal,1,provisional,Michigan GIS Open Data + Paventra rehearsal assumptions,2026-08-16
LEO-ROAD-696,LEO-696-9130053800640638006405,Mott St,,,Leoni Township,42.251150336686,-84.36495554863136,0.129355,2,Asphalt,Local,65,2026-08-16,Medium,1000,10,Moderate,Crack Seal,1,provisional,Michigan GIS Open Data + Paventra rehearsal assumptions,2026-08-16
LEO-ROAD-697,LEO-697-9130033800640638020071,S Dettman Rd,,,Leoni Township,42.251150336686,-84.36495554863136,0.051427,2,Asphalt,Local,65,2026-08-16,Medium,1000,10,Moderate,Crack Seal,1,provisional,Michigan GIS Open Data + Paventra rehearsal assumptions,2026-08-16
LEO-ROAD-698,LEO-698-8992103800622738006436,E Michigan Ave,,,Leoni Township,42.25209517209383,-84.3256072806646,0.322869,2,Asphalt,Local,65,2026-08-16,Medium,1000,10,Moderate,Crack Seal,1,provisional,Michigan GIS Open Data + Paventra rehearsal assumptions,2026-08-16
LEO-ROAD-699,LEO-699-9190063800644638005823,Ambs Dr,,,Leoni Township,42.25014582621273,-84.31543039751756,0.36107,2,Asphalt,Local,65,2026-08-16,Medium,1000,10,Moderate,Crack Seal,1,provisional,Michigan GIS Open Data + Paventra rehearsal assumptions,2026-08-16
LEO-ROAD-700,LEO-700-8992103800643638006446,E Michigan Ave,,,Leoni Township,42.25030107942591,-84.32022073469582,0.245941,2,Asphalt,Local,65,2026-08-16,Medium,1000,10,Moderate,Crack Seal,1,provisional,Michigan GIS Open Data + Paventra rehearsal assumptions,2026-08-16
LEO-ROAD-701,LEO-701-33808053800641638006447,Clarkway St,,,Leoni Township,42.25078017519234,-84.33856408651421,0.447887,2,Asphalt,Local,65,2026-08-16,Medium,1000,10,Moderate,Crack Seal,1,provisional,Michigan GIS Open Data + Paventra rehearsal assumptions,2026-08-16
LEO-ROAD-702,LEO-702-8992103800644638006453,E Michigan Ave,,,Leoni Township,42.25014582621273,-84.31543039751756,0.019129,2,Asphalt,Local,65,2026-08-16,Medium,1000,10,Moderate,Crack Seal,1,provisional,Michigan GIS Open Data + Paventra rehearsal assumptions,2026-08-16
LEO-ROAD-703,LEO-703-8992103800646338006357,E Michigan Ave,,,Leoni Township,42.24999658140583,-84.31391257362431,0.508911,2,Asphalt,Local,65,2026-08-16,Medium,1000,10,Moderate,Crack Seal,1,provisional,Michigan GIS Open Data + Paventra rehearsal assumptions,2026-08-16
LEO-ROAD-704,LEO-704-8992103800645338006463,E Michigan Ave,,,Leoni Township,42.25009753188881,-84.31506291825146,0.059375,2,Asphalt,Local,65,2026-08-16,Medium,1000,10,Moderate,Crack Seal,1,provisional,Michigan GIS Open Data + Paventra rehearsal assumptions,2026-08-16
LEO-ROAD-705,LEO-705-8992103800634738006511,E Michigan Ave,,,Leoni Township,42.25057867679175,-84.28789325622634,0.191539,2,Asphalt,Local,65,2026-08-16,Medium,1000,10,Moderate,Crack Seal,1,provisional,Michigan GIS Open Data + Paventra rehearsal assumptions,2026-08-16
LEO-ROAD-706,LEO-706-9191013800647238006318,Eastland Ave,,,Leoni Township,42.249443927465784,-84.29102618023664,0.092003,2,Asphalt,Local,65,2026-08-16,Medium,1000,10,Moderate,Crack Seal,1,provisional,Michigan GIS Open Data + Paventra rehearsal assumptions,2026-08-16
LEO-ROAD-707,LEO-707-9193073802177038006472,N Ardmore Ln,,,Leoni Township,42.2494252593899,-84.28991692070505,0.05718,2,Asphalt,Local,65,2026-08-16,Medium,1000,10,Moderate,Crack Seal,1,provisional,Michigan GIS Open Data + Paventra rehearsal assumptions,2026-08-16
LEO-ROAD-708,LEO-708-9193073800647238006479,N Ardmore Ln,,,Leoni Township,42.249443927465784,-84.29102618023664,0.065991,2,Asphalt,Local,65,2026-08-16,Medium,1000,10,Moderate,Crack Seal,1,provisional,Michigan GIS Open Data + Paventra rehearsal assumptions,2026-08-16
LEO-ROAD-709,LEO-709-9193073800647938006482,N Ardmore Ln,,,Leoni Township,42.24943158617485,-84.29231347943174,0.065052,2,Asphalt,Local,65,2026-08-16,Medium,1000,10,Moderate,Crack Seal,1,provisional,Michigan GIS Open Data + Paventra rehearsal assumptions,2026-08-16
LEO-ROAD-710,LEO-710-9190043800649738005958,Lumley Ave,,,Leoni Township,42.249991077698816,-84.33518188863077,0.287578,2,Asphalt,Local,65,2026-08-16,Medium,1000,10,Moderate,Crack Seal,1,provisional,Michigan GIS Open Data + Paventra rehearsal assumptions,2026-08-16
LEO-ROAD-711,LEO-711-9190053800647838006103,Vista Dr,,,Leoni Township,42.24996370055578,-84.33364967332284,0.219688,2,Asphalt,Local,65,2026-08-16,Medium,1000,10,Moderate,Crack Seal,1,provisional,Michigan GIS Open Data + Paventra rehearsal assumptions,2026-08-16
LEO-ROAD-712,LEO-712-9190133800571338006487,Curtis Ave,,,Leoni Township,42.25721594847587,-84.35258355046393,0.482955,2,Asphalt,Local,65,2026-08-16,Medium,1000,10,Moderate,Crack Seal,1,provisional,Michigan GIS Open Data + Paventra rehearsal assumptions,2026-08-16
LEO-ROAD-713,LEO-713-9210013800649738006478,Ridgewood St,,,Leoni Township,42.249991077698816,-84.33518188863077,0.079296,2,Asphalt,Local,65,2026-08-16,Medium,1000,10,Moderate,Crack Seal,1,provisional,Michigan GIS Open Data + Paventra rehearsal assumptions,2026-08-16
LEO-ROAD-714,LEO-714-9194083800657438017051,Sheridan Rd,,,Leoni Township,42.24961072129194,-84.36111841696307,0.221875,2,Asphalt,Local,65,2026-08-16,Medium,1000,10,Moderate,Crack Seal,1,provisional,Michigan GIS Open Data + Paventra rehearsal assumptions,2026-08-16
LEO-ROAD-715,LEO-715-8984033800657738006574,Mathews St,,,Leoni Township,42.24961648253325,-84.36242978370218,0.06722,2,Asphalt,Local,65,2026-08-16,Medium,1000,10,Moderate,Crack Seal,1,provisional,Michigan GIS Open Data + Paventra rehearsal assumptions,2026-08-16
LEO-ROAD-716,LEO-716-9209103800657738006405,Lockwood St,,,Leoni Township,42.24961648253325,-84.36242978370218,0.105975,2,Asphalt,Local,65,2026-08-16,Medium,1000,10,Moderate,Crack Seal,1,provisional,Michigan GIS Open Data + Paventra rehearsal assumptions,2026-08-16
LEO-ROAD-717,LEO-717-8984033800658238006577,Mathews St,,,Leoni Township,42.24961635503129,-84.36493975178738,0.128664,2,Asphalt,Local,65,2026-08-16,Medium,1000,10,Moderate,Crack Seal,1,provisional,Michigan GIS Open Data + Paventra rehearsal assumptions,2026-08-16
LEO-ROAD-718,LEO-718-9130033800658238006406,S Dettman Rd,,,Leoni Township,42.24961635503129,-84.36493975178738,0.105837,2,Asphalt,Local,65,2026-08-16,Medium,1000,10,Moderate,Crack Seal,1,provisional,Michigan GIS Open Data + Paventra rehearsal assumptions,2026-08-16
LEO-ROAD-719,LEO-719-9193073800660338021770,Ardmore Ln,,,Leoni Township,42.24830236671604,-84.28987249252188,0.078224,2,Asphalt,Local,65,2026-08-16,Medium,1000,10,Moderate,Crack Seal,1,provisional,Michigan GIS Open Data + Paventra rehearsal assumptions,2026-08-16
LEO-ROAD-720,LEO-720-8992103800651138006597,E Michigan Ave,,,Leoni Township,42.24939193387746,-84.28451587339731,0.195723,2,Asphalt,Local,65,2026-08-16,Medium,1000,10,Moderate,Crack Seal,1,provisional,Michigan GIS Open Data + Paventra rehearsal assumptions,2026-08-16
LEO-ROAD-721,LEO-721-9193063800659638006479,Midland Ave,,,Leoni Township,42.248308134973996,-84.29231647732009,0.07756,2,Asphalt,Local,65,2026-08-16,Medium,1000,10,Moderate,Crack Seal,1,provisional,Michigan GIS Open Data + Paventra rehearsal assumptions,2026-08-16
LEO-ROAD-722,LEO-722-9191013800659938006472,Eastland Ave,,,Leoni Township,42.248276277935545,-84.29097168851473,0.081096,2,Asphalt,Local,65,2026-08-16,Medium,1000,10,Moderate,Crack Seal,1,provisional,Michigan GIS Open Data + Paventra rehearsal assumptions,2026-08-16
LEO-ROAD-723,LEO-723-9193073800659938006603,S Ardmore Ln,,,Leoni Township,42.248276277935545,-84.29097168851473,0.05733,2,Asphalt,Local,65,2026-08-16,Medium,1000,10,Moderate,Crack Seal,1,provisional,Michigan GIS Open Data + Paventra rehearsal assumptions,2026-08-16
LEO-ROAD-724,LEO-724-9193053800660838006482,Westland St,,,Leoni Township,42.24824644546869,-84.29360537461842,0.083271,2,Asphalt,Local,65,2026-08-16,Medium,1000,10,Moderate,Crack Seal,1,provisional,Michigan GIS Open Data + Paventra rehearsal assumptions,2026-08-16
LEO-ROAD-725,LEO-725-9193033800660838006596,S Ardmore Ln,,,Leoni Township,42.24824644546869,-84.29360537461842,0.06762,2,Asphalt,Local,65,2026-08-16,Medium,1000,10,Moderate,Crack Seal,1,provisional,Michigan GIS Open Data + Paventra rehearsal assumptions,2026-08-16
LEO-ROAD-726,LEO-726-9159063800662438006708,College Dr,,,Leoni Township,42.247759900890706,-84.26953270205863,0.135703,2,Asphalt,Local,65,2026-08-16,Medium,1000,10,Moderate,Crack Seal,1,provisional,Michigan GIS Open Data + Paventra rehearsal assumptions,2026-08-16
LEO-ROAD-727,LEO-727-9159023800662438025409,N Portage Rd,,,Leoni Township,42.247759900890706,-84.26953270205863,0.328158,2,Asphalt,Local,65,2026-08-16,Medium,1000,10,Moderate,Crack Seal,1,provisional,Michigan GIS Open Data + Paventra rehearsal assumptions,2026-08-16
LEO-ROAD-728,LEO-728-9193033800663638006608,S Ardmore Ln,,,Leoni Township,42.24805669320646,-84.29494848779704,0.07778,2,Asphalt,Local,65,2026-08-16,Medium,1000,10,Moderate,Crack Seal,1,provisional,Michigan GIS Open Data + Paventra rehearsal assumptions,2026-08-16
LEO-ROAD-729,LEO-729-9190103800663638006328,S Rosewood Ave,,,Leoni Township,42.24805669320646,-84.29494848779704,0.187281,2,Asphalt,Local,65,2026-08-16,Medium,1000,10,Moderate,Crack Seal,1,provisional,Michigan GIS Open Data + Paventra rehearsal assumptions,2026-08-16
LEO-ROAD-730,LEO-730-9019043801925638006416,S Sutton Rd,,,Leoni Township,42.24842666714586,-84.33851920802523,0.162393,2,Asphalt,Local,65,2026-08-16,Medium,1000,10,Moderate,Crack Seal,1,provisional,Michigan GIS Open Data + Paventra rehearsal assumptions,2026-08-16
LEO-ROAD-731,LEO-731-9190053800668338006478,Vista Dr,,,Leoni Township,42.24809123716787,-84.33363288937994,0.129196,2,Asphalt,Local,65,2026-08-16,Medium,1000,10,Moderate,Crack Seal,1,provisional,Michigan GIS Open Data + Paventra rehearsal assumptions,2026-08-16
LEO-ROAD-732,LEO-732-03800671938006711,Unnamed Road,,,Leoni Township,42.24775837904856,-84.33619996669124,0.126995,2,Asphalt,Local,65,2026-08-16,Medium,1000,10,Moderate,Crack Seal,1,provisional,Michigan GIS Open Data + Paventra rehearsal assumptions,2026-08-16
LEO-ROAD-733,LEO-733-9019043802540738019256,S Sutton Rd,,,Leoni Township,42.24764969018844,-84.33838060035052,0.054685,2,Asphalt,Local,65,2026-08-16,Medium,1000,10,Moderate,Crack Seal,1,provisional,Michigan GIS Open Data + Paventra rehearsal assumptions,2026-08-16
LEO-ROAD-734,LEO-734-9130033800679038006582,S Dettman Rd,,,Leoni Township,42.247564661224196,-84.36492773873812,0.141554,2,Asphalt,Local,65,2026-08-16,Medium,1000,10,Moderate,Crack Seal,1,provisional,Michigan GIS Open Data + Paventra rehearsal assumptions,2026-08-16
LEO-ROAD-735,LEO-735-33811523800640038005715,Watts Rd,,,Leoni Township,42.24741052167755,-84.35559174022477,0.693426,2,Asphalt,Local,65,2026-08-16,Medium,1000,10,Moderate,Crack Seal,1,provisional,Michigan GIS Open Data + Paventra rehearsal assumptions,2026-08-16
LEO-ROAD-736,LEO-736-9190183800633338006803,S Wrenwood Ave,,,Leoni Township,42.25078627991879,-84.29623665847666,0.300988,2,Asphalt,Local,65,2026-08-16,Medium,1000,10,Moderate,Crack Seal,1,provisional,Michigan GIS Open Data + Paventra rehearsal assumptions,2026-08-16
LEO-ROAD-737,LEO-737-9193113800680338006805,Glendale Pl,,,Leoni Township,42.24642370489557,-84.29623123904634,0.064483,2,Asphalt,Local,65,2026-08-16,Medium,1000,10,Moderate,Crack Seal,1,provisional,Michigan GIS Open Data + Paventra rehearsal assumptions,2026-08-16
LEO-ROAD-738,LEO-738-9190073800680538006337,S Harvey St,,,Leoni Township,42.24643173113509,-84.2974890061354,0.300882,2,Asphalt,Local,65,2026-08-16,Medium,1000,10,Moderate,Crack Seal,1,provisional,Michigan GIS Open Data + Paventra rehearsal assumptions,2026-08-16
LEO-ROAD-739,LEO-739-9193113800680538006807,Glendale Pl,,,Leoni Township,42.24643173113509,-84.2974890061354,0.09082,2,Asphalt,Local,65,2026-08-16,Medium,1000,10,Moderate,Crack Seal,1,provisional,Michigan GIS Open Data + Paventra rehearsal assumptions,2026-08-16
LEO-ROAD-740,LEO-740-9194083800684838006574,Sheridan St,,,Leoni Township,42.24702797191552,-84.36113206437228,0.178193,2,Asphalt,Local,65,2026-08-16,Medium,1000,10,Moderate,Crack Seal,1,provisional,Michigan GIS Open Data + Paventra rehearsal assumptions,2026-08-16
LEO-ROAD-741,LEO-741-9130043800685538006848,Perlman Rd,,,Leoni Township,42.247064640583574,-84.3649312954983,0.194769,2,Asphalt,Local,65,2026-08-16,Medium,1000,10,Moderate,Crack Seal,1,provisional,Michigan GIS Open Data + Paventra rehearsal assumptions,2026-08-16
LEO-ROAD-742,LEO-742-9130033800685538006790,S Dettman Rd,,,Leoni Township,42.247064640583574,-84.3649312954983,0.034498,2,Asphalt,Local,65,2026-08-16,Medium,1000,10,Moderate,Crack Seal,1,provisional,Michigan GIS Open Data + Paventra rehearsal assumptions,2026-08-16
LEO-ROAD-743,LEO-743-8992103801815738006749,E Michigan Ave,,,Leoni Township,42.24522410406387,-84.25407827473633,0.215036,2,Asphalt,Local,65,2026-08-16,Medium,1000,10,Moderate,Crack Seal,1,provisional,Michigan GIS Open Data + Paventra rehearsal assumptions,2026-08-16
LEO-ROAD-744,LEO-744-9159023800688538006624,N Portage Rd,,,Leoni Township,42.245324206557825,-84.26944043433578,0.168113,2,Asphalt,Local,65,2026-08-16,Medium,1000,10,Moderate,Crack Seal,1,provisional,Michigan GIS Open Data + Paventra rehearsal assumptions,2026-08-16
LEO-ROAD-745,LEO-745-8992103801864238018157,E Michigan Ave,,,Leoni Township,42.24448053362975,-84.25699173453519,0.157922,2,Asphalt,Local,65,2026-08-16,Medium,1000,10,Moderate,Crack Seal,1,provisional,Michigan GIS Open Data + Paventra rehearsal assumptions,2026-08-16
LEO-ROAD-746,LEO-746-9194083800696938006848,Sheridan Rd,,,Leoni Township,42.245996482427245,-84.36113243169132,0.071371,2,Asphalt,Local,65,2026-08-16,Medium,1000,10,Moderate,Crack Seal,1,provisional,Michigan GIS Open Data + Paventra rehearsal assumptions,2026-08-16
LEO-ROAD-747,LEO-747-8976043800698738006969,Sparks Rd,,,Leoni Township,42.24596516370334,-84.36492803424996,0.194933,2,Asphalt,Local,65,2026-08-16,Medium,1000,10,Moderate,Crack Seal,1,provisional,Michigan GIS Open Data + Paventra rehearsal assumptions,2026-08-16
LEO-ROAD-748,LEO-748-9130033800698738006855,S Dettman Rd,,,Leoni Township,42.24596516370334,-84.36492803424996,0.075857,2,Asphalt,Local,65,2026-08-16,Medium,1000,10,Moderate,Crack Seal,1,provisional,Michigan GIS Open Data + Paventra rehearsal assumptions,2026-08-16
LEO-ROAD-749,LEO-749-33817393800688583027277,Kellogg Rd,,,Leoni Township,42.245324206557825,-84.26944043433578,0.132851,2,Asphalt,Local,65,2026-08-16,Medium,1000,10,Moderate,Crack Seal,1,provisional,Michigan GIS Open Data + Paventra rehearsal assumptions,2026-08-16
LEO-ROAD-750,LEO-750-8992103801863538018642,E Michigan Ave,,,Leoni Township,42.24413633199732,-84.25830406534183,0.071344,2,Asphalt,Local,65,2026-08-16,Medium,1000,10,Moderate,Crack Seal,1,provisional,Michigan GIS Open Data + Paventra rehearsal assumptions,2026-08-16
LEO-ROAD-751,LEO-751-33807993800696938007134,Sheridan Rd,,,Leoni Township,42.245996482427245,-84.36113243169132,0.041246,2,Asphalt,Local,65,2026-08-16,Medium,1000,10,Moderate,Crack Seal,1,provisional,Michigan GIS Open Data + Paventra rehearsal assumptions,2026-08-16
LEO-ROAD-752,LEO-752-9159023800703238006885,N Portage Rd,,,Leoni Township,42.243984182610596,-84.26932304843712,0.092648,2,Asphalt,Local,65,2026-08-16,Medium,1000,10,Moderate,Crack Seal,1,provisional,Michigan GIS Open Data + Paventra rehearsal assumptions,2026-08-16
LEO-ROAD-753,LEO-753-8992103800659738007032,E Michigan Ave,,,Leoni Township,42.24816343944263,-84.281074188835,0.667838,2,Asphalt,Local,65,2026-08-16,Medium,1000,10,Moderate,Crack Seal,1,provisional,Michigan GIS Open Data + Paventra rehearsal assumptions,2026-08-16
LEO-ROAD-754,LEO-754-8992103801993238018635,E Michigan Ave,,,Leoni Township,42.24347606026307,-84.2610190531041,0.14646,2,Asphalt,Local,65,2026-08-16,Medium,1000,10,Moderate,Crack Seal,1,provisional,Michigan GIS Open Data + Paventra rehearsal assumptions,2026-08-16
LEO-ROAD-755,LEO-755-9159023800708638007032,S Portage Rd,,,Leoni Township,42.243590059585095,-84.26931357229343,0.027196,2,Asphalt,Local,65,2026-08-16,Medium,1000,10,Moderate,Crack Seal,1,provisional,Michigan GIS Open Data + Paventra rehearsal assumptions,2026-08-16
LEO-ROAD-756,LEO-756-9190183800680338007102,S Wrenwood Ave,,,Leoni Township,42.24642370489557,-84.29623123904634,0.17555,2,Asphalt,Local,65,2026-08-16,Medium,1000,10,Moderate,Crack Seal,1,provisional,Michigan GIS Open Data + Paventra rehearsal assumptions,2026-08-16
LEO-ROAD-757,LEO-757-8992103800703238007113,E Michigan Ave,,,Leoni Township,42.243984182610596,-84.26932304843712,0.100575,2,Asphalt,Local,65,2026-08-16,Medium,1000,10,Moderate,Crack Seal,1,provisional,Michigan GIS Open Data + Paventra rehearsal assumptions,2026-08-16
LEO-ROAD-758,LEO-758-8992103800711338007119,E Michigan Ave,,,Leoni Township,42.24342727142814,-84.26750994201412,0.010104,2,Asphalt,Local,65,2026-08-16,Medium,1000,10,Moderate,Crack Seal,1,provisional,Michigan GIS Open Data + Paventra rehearsal assumptions,2026-08-16
LEO-ROAD-759,LEO-759-8992103800711938007104,E Michigan Ave,,,Leoni Township,42.243385663801334,-84.26732096011011,0.043506,2,Asphalt,Local,65,2026-08-16,Medium,1000,10,Moderate,Crack Seal,1,provisional,Michigan GIS Open Data + Paventra rehearsal assumptions,2026-08-16
LEO-ROAD-760,LEO-760-9190103800709638006636,S Rosewood Ave,,,Leoni Township,42.24366186033393,-84.2949141465203,0.30322,2,Asphalt,Local,65,2026-08-16,Medium,1000,10,Moderate,Crack Seal,1,provisional,Michigan GIS Open Data + Paventra rehearsal assumptions,2026-08-16
LEO-ROAD-761,LEO-761-8992103800710438007151,E Michigan Ave,,,Leoni Township,42.24346791646824,-84.26649461882371,0.148144,2,Asphalt,Local,65,2026-08-16,Medium,1000,10,Moderate,Crack Seal,1,provisional,Michigan GIS Open Data + Paventra rehearsal assumptions,2026-08-16
LEO-ROAD-762,LEO-762-54987513800710438007165,Mill St,,,Leoni Township,42.24346791646824,-84.26649461882371,0.027657,2,Asphalt,Local,65,2026-08-16,Medium,1000,10,Moderate,Crack Seal,1,provisional,Michigan GIS Open Data + Paventra rehearsal assumptions,2026-08-16
LEO-ROAD-763,LEO-763-8992103800715138019932,E Michigan Ave,,,Leoni Township,42.24312222971043,-84.26389512111373,0.153959,2,Asphalt,Local,65,2026-08-16,Medium,1000,10,Moderate,Crack Seal,1,provisional,Michigan GIS Open Data + Paventra rehearsal assumptions,2026-08-16
LEO-ROAD-764,LEO-764-9019043800717338025407,S Sutton Rd,,,Leoni Township,42.24405753241096,-84.33714400562992,0.264281,2,Asphalt,Local,65,2026-08-16,Medium,1000,10,Moderate,Crack Seal,1,provisional,Michigan GIS Open Data + Paventra rehearsal assumptions,2026-08-16
LEO-ROAD-765,LEO-765-9192203801705438007181,Elm St,,,Leoni Township,42.243433559094065,-84.27081405321137,0.033706,2,Asphalt,Local,65,2026-08-16,Medium,1000,10,Moderate,Crack Seal,1,provisional,Michigan GIS Open Data + Paventra rehearsal assumptions,2026-08-16
LEO-ROAD-766,LEO-766-9159023800718838007086,S Portage Rd,,,Leoni Township,42.24295325870096,-84.26935350123887,0.043982,2,Asphalt,Local,65,2026-08-16,Medium,1000,10,Moderate,Crack Seal,1,provisional,Michigan GIS Open Data + Paventra rehearsal assumptions,2026-08-16
LEO-ROAD-767,LEO-767-9159043801705438007188,Leoni St,,,Leoni Township,42.243433559094065,-84.27081405321137,0.082191,2,Asphalt,Local,65,2026-08-16,Medium,1000,10,Moderate,Crack Seal,1,provisional,Michigan GIS Open Data + Paventra rehearsal assumptions,2026-08-16
LEO-ROAD-768,LEO-768-9183073800718638007173,Franklin Rd,,,Leoni Township,42.244102147853454,-84.34680232342197,0.495143,2,Asphalt,Local,65,2026-08-16,Medium,1000,10,Moderate,Crack Seal,1,provisional,Michigan GIS Open Data + Paventra rehearsal assumptions,2026-08-16
LEO-ROAD-769,LEO-769-54987513800716538018566,Mill St,,,Leoni Township,42.24307625407114,-84.26641619490476,0.043515,2,Asphalt,Local,65,2026-08-16,Medium,1000,10,Moderate,Crack Seal,1,provisional,Michigan GIS Open Data + Paventra rehearsal assumptions,2026-08-16
LEO-ROAD-770,LEO-770-33812823801993238019931,Coolbaugh Rd,,,Leoni Township,42.24347606026307,-84.2610190531041,0.093401,2,Asphalt,Local,65,2026-08-16,Medium,1000,10,Moderate,Crack Seal,1,provisional,Michigan GIS Open Data + Paventra rehearsal assumptions,2026-08-16
LEO-ROAD-771,LEO-771-9188023802025938006749,Hayball Rd,,,Leoni Township,42.24161639587474,-84.2500289981705,0.317474,2,Asphalt,Local,65,2026-08-16,Medium,1000,10,Moderate,Crack Seal,1,provisional,Michigan GIS Open Data + Paventra rehearsal assumptions,2026-08-16
LEO-ROAD-772,LEO-772-9139043800728038007186,N Falahee Rd,,,Leoni Township,42.24289708651144,-84.34680717235945,0.084107,2,Asphalt,Local,65,2026-08-16,Medium,1000,10,Moderate,Crack Seal,1,provisional,Michigan GIS Open Data + Paventra rehearsal assumptions,2026-08-16
LEO-ROAD-773,LEO-773-9019043800730038007173,S Sutton Rd,,,Leoni Township,42.24247163906109,-84.33712297193819,0.109559,2,Asphalt,Local,65,2026-08-16,Medium,1000,10,Moderate,Crack Seal,1,provisional,Michigan GIS Open Data + Paventra rehearsal assumptions,2026-08-16
LEO-ROAD-774,LEO-774-9183063800728038007300,McArthur Rd,,,Leoni Township,42.24289708651144,-84.34680717235945,0.500994,2,Asphalt,Local,65,2026-08-16,Medium,1000,10,Moderate,Crack Seal,1,provisional,Michigan GIS Open Data + Paventra rehearsal assumptions,2026-08-16
LEO-ROAD-775,LEO-775-54987513801856638007227,Mill St,,,Leoni Township,42.242446184992694,-84.26645475547427,0.09001,2,Asphalt,Local,65,2026-08-16,Medium,1000,10,Moderate,Crack Seal,1,provisional,Michigan GIS Open Data + Paventra rehearsal assumptions,2026-08-16
LEO-ROAD-776,LEO-776-33810883801864338018642,Northwind Dr,,,Leoni Township,42.240862953194714,-84.25855593759735,0.328263,2,Asphalt,Local,65,2026-08-16,Medium,1000,10,Moderate,Crack Seal,1,provisional,Michigan GIS Open Data + Paventra rehearsal assumptions,2026-08-16
LEO-ROAD-777,LEO-777-33810873801863538018643,Willow Dr,,,Leoni Township,42.24413633199732,-84.25830406534183,0.230348,2,Asphalt,Local,65,2026-08-16,Medium,1000,10,Moderate,Crack Seal,1,provisional,Michigan GIS Open Data + Paventra rehearsal assumptions,2026-08-16
LEO-ROAD-778,LEO-778-8991103800733738005831,S US 127,,,Leoni Township,42.24233876319734,-84.35605581557124,0.915663,2,Asphalt,Local,65,2026-08-16,Medium,1000,10,Moderate,Crack Seal,1,provisional,Michigan GIS Open Data + Paventra rehearsal assumptions,2026-08-16
LEO-ROAD-779,LEO-779-8991093800744138005825,N US 127,,,Leoni Township,42.241761261761745,-84.35581755308728,0.948632,2,Asphalt,Local,65,2026-08-16,Medium,1000,10,Moderate,Crack Seal,1,provisional,Michigan GIS Open Data + Paventra rehearsal assumptions,2026-08-16
LEO-ROAD-780,LEO-780-9159023800750438007188,S Portage Rd,,,Leoni Township,42.240186824940096,-84.26943811066653,0.190914,2,Asphalt,Local,65,2026-08-16,Medium,1000,10,Moderate,Crack Seal,1,provisional,Michigan GIS Open Data + Paventra rehearsal assumptions,2026-08-16
LEO-ROAD-781,LEO-781-9019043800745438007300,S Sutton Rd,,,Leoni Township,42.24110682894627,-84.33747774643811,0.096069,2,Asphalt,Local,65,2026-08-16,Medium,1000,10,Moderate,Crack Seal,1,provisional,Michigan GIS Open Data + Paventra rehearsal assumptions,2026-08-16
LEO-ROAD-782,LEO-782-9183053800745638007454,Fairview Ave,,,Leoni Township,42.241203461376294,-84.34674713674981,0.47526,2,Asphalt,Local,65,2026-08-16,Medium,1000,10,Moderate,Crack Seal,1,provisional,Michigan GIS Open Data + Paventra rehearsal assumptions,2026-08-16
LEO-ROAD-783,LEO-783-9139043800745638007280,N Falahee Rd,,,Leoni Township,42.241203461376294,-84.34674713674981,0.116889,2,Asphalt,Local,65,2026-08-16,Medium,1000,10,Moderate,Crack Seal,1,provisional,Michigan GIS Open Data + Paventra rehearsal assumptions,2026-08-16
LEO-ROAD-784,LEO-784-8993073800733738007493,Unnamed Road,,,Leoni Township,42.24233876319734,-84.35605581557124,0.082724,2,Asphalt,Local,65,2026-08-16,Medium,1000,10,Moderate,Crack Seal,1,provisional,Michigan GIS Open Data + Paventra rehearsal assumptions,2026-08-16
LEO-ROAD-785,LEO-785-8991103800751538007337,S US 127,,,Leoni Township,42.24100964519607,-84.35597297858018,0.091798,2,Asphalt,Local,65,2026-08-16,Medium,1000,10,Moderate,Crack Seal,1,provisional,Michigan GIS Open Data + Paventra rehearsal assumptions,2026-08-16
LEO-ROAD-786,LEO-786-8991093800752838007441,N US 127,,,Leoni Township,42.24088015356973,-84.35573364648397,0.060942,2,Asphalt,Local,65,2026-08-16,Medium,1000,10,Moderate,Crack Seal,1,provisional,Michigan GIS Open Data + Paventra rehearsal assumptions,2026-08-16
LEO-ROAD-787,LEO-787-9159023800755838007504,S Portage Rd,,,Leoni Township,42.23944478849915,-84.26944748898221,0.051198,2,Asphalt,Local,65,2026-08-16,Medium,1000,10,Moderate,Crack Seal,1,provisional,Michigan GIS Open Data + Paventra rehearsal assumptions,2026-08-16
LEO-ROAD-788,LEO-788-33808023800753738007401,Ambs Rd,,,Leoni Township,42.24023355524984,-84.322499644078,0.157684,2,Asphalt,Local,65,2026-08-16,Medium,1000,10,Moderate,Crack Seal,1,provisional,Michigan GIS Open Data + Paventra rehearsal assumptions,2026-08-16
LEO-ROAD-789,LEO-789-9194013800753738007375,Gilman Rd,,,Leoni Township,42.24023355524984,-84.322499644078,0.026409,2,Asphalt,Local,65,2026-08-16,Medium,1000,10,Moderate,Crack Seal,1,provisional,Michigan GIS Open Data + Paventra rehearsal assumptions,2026-08-16
LEO-ROAD-790,LEO-790-9185043800754938007547,Showerman Rd,,,Leoni Township,42.24035879060995,-84.33183301685666,0.130456,2,Asphalt,Local,65,2026-08-16,Medium,1000,10,Moderate,Crack Seal,1,provisional,Michigan GIS Open Data + Paventra rehearsal assumptions,2026-08-16
LEO-ROAD-791,LEO-791-9185043800755038007549,Showerman Rd,,,Leoni Township,42.24035568862648,-84.33216492799042,0.017017,2,Asphalt,Local,65,2026-08-16,Medium,1000,10,Moderate,Crack Seal,1,provisional,Michigan GIS Open Data + Paventra rehearsal assumptions,2026-08-16
LEO-ROAD-792,LEO-792-9185043800755438007550,Showerman Rd,,,Leoni Township,42.24038334077344,-84.33412604067802,0.100561,2,Asphalt,Local,65,2026-08-16,Medium,1000,10,Moderate,Crack Seal,1,provisional,Michigan GIS Open Data + Paventra rehearsal assumptions,2026-08-16
LEO-ROAD-793,LEO-793-9185043800755538007554,Showerman Rd,,,Leoni Township,42.24040226798496,-84.33536277182235,0.063416,2,Asphalt,Local,65,2026-08-16,Medium,1000,10,Moderate,Crack Seal,1,provisional,Michigan GIS Open Data + Paventra rehearsal assumptions,2026-08-16
LEO-ROAD-794,LEO-794-8992083800756138007441,Unnamed Road,,,Leoni Township,42.240695242412514,-84.35538624571673,0.0768,2,Asphalt,Local,65,2026-08-16,Medium,1000,10,Moderate,Crack Seal,1,provisional,Michigan GIS Open Data + Paventra rehearsal assumptions,2026-08-16
LEO-ROAD-795,LEO-795-9185043800755638007555,Showerman Rd,,,Leoni Township,42.2404288719955,-84.33766450347076,0.118016,2,Asphalt,Local,65,2026-08-16,Medium,1000,10,Moderate,Crack Seal,1,provisional,Michigan GIS Open Data + Paventra rehearsal assumptions,2026-08-16
LEO-ROAD-796,LEO-796-9019043800755638007454,S Sutton Rd,,,Leoni Township,42.2404288719955,-84.33766450347076,0.047744,2,Asphalt,Local,65,2026-08-16,Medium,1000,10,Moderate,Crack Seal,1,provisional,Michigan GIS Open Data + Paventra rehearsal assumptions,2026-08-16
LEO-ROAD-797,LEO-797-9159023800757138007558,Portage Rd,,,Leoni Township,42.23934485322964,-84.26945036468993,0.006896,2,Asphalt,Local,65,2026-08-16,Medium,1000,10,Moderate,Crack Seal,1,provisional,Michigan GIS Open Data + Paventra rehearsal assumptions,2026-08-16
LEO-ROAD-798,LEO-798-9139043801925738007456,N Falahee Rd,,,Leoni Township,42.24038084949715,-84.34668185323433,0.056857,2,Asphalt,Local,65,2026-08-16,Medium,1000,10,Moderate,Crack Seal,1,provisional,Michigan GIS Open Data + Paventra rehearsal assumptions,2026-08-16
LEO-ROAD-799,LEO-799-9017023800758738007582,Page Ave,,,Leoni Township,42.24050193963433,-84.36489061539018,0.048312,2,Asphalt,Local,65,2026-08-16,Medium,1000,10,Moderate,Crack Seal,1,provisional,Michigan GIS Open Data + Paventra rehearsal assumptions,2026-08-16
LEO-ROAD-800,LEO-800-9130033800758738006987,S Dettman Rd,,,Leoni Township,42.24050193963433,-84.36489061539018,0.376937,2,Asphalt,Local,65,2026-08-16,Medium,1000,10,Moderate,Crack Seal,1,provisional,Michigan GIS Open Data + Paventra rehearsal assumptions,2026-08-16
LEO-ROAD-801,LEO-801-9183043800761338007611,Best Rd,,,Leoni Township,42.24005798188568,-84.34553871963763,0.064088,2,Asphalt,Local,65,2026-08-16,Medium,1000,10,Moderate,Crack Seal,1,provisional,Michigan GIS Open Data + Paventra rehearsal assumptions,2026-08-16
LEO-ROAD-802,LEO-802-9183043800761938007613,Best Rd,,,Leoni Township,42.240041170893804,-84.34662318001163,0.055609,2,Asphalt,Local,65,2026-08-16,Medium,1000,10,Moderate,Crack Seal,1,provisional,Michigan GIS Open Data + Paventra rehearsal assumptions,2026-08-16
LEO-ROAD-803,LEO-803-9139043800761938019257,N Falahee Rd,,,Leoni Township,42.240041170893804,-84.34662318001163,0.023646,2,Asphalt,Local,65,2026-08-16,Medium,1000,10,Moderate,Crack Seal,1,provisional,Michigan GIS Open Data + Paventra rehearsal assumptions,2026-08-16
LEO-ROAD-804,LEO-804-33810423801815738018638,Breezy Ln,,,Leoni Township,42.24522410406387,-84.25407827473633,0.539091,2,Asphalt,Local,65,2026-08-16,Medium,1000,10,Moderate,Crack Seal,1,provisional,Michigan GIS Open Data + Paventra rehearsal assumptions,2026-08-16
LEO-ROAD-805,LEO-805-8993073800749338007657,Unnamed Road,,,Leoni Township,42.24114700022401,-84.35622931098365,0.100665,2,Asphalt,Local,65,2026-08-16,Medium,1000,10,Moderate,Crack Seal,1,provisional,Michigan GIS Open Data + Paventra rehearsal assumptions,2026-08-16
LEO-ROAD-806,LEO-806-9017023800765538007657,Page Ave,,,Leoni Township,42.23976692313016,-84.3578622498374,0.058126,2,Asphalt,Local,65,2026-08-16,Medium,1000,10,Moderate,Crack Seal,1,provisional,Michigan GIS Open Data + Paventra rehearsal assumptions,2026-08-16
LEO-ROAD-807,LEO-807-8991103800765838007515,S US 127,,,Leoni Township,42.23973731299367,-84.35586218424218,0.087966,2,Asphalt,Local,65,2026-08-16,Medium,1000,10,Moderate,Crack Seal,1,provisional,Michigan GIS Open Data + Paventra rehearsal assumptions,2026-08-16
LEO-ROAD-808,LEO-808-9017023800765738007658,Page Ave,,,Leoni Township,42.23975900412939,-84.3567285149336,0.044439,2,Asphalt,Local,65,2026-08-16,Medium,1000,10,Moderate,Crack Seal,1,provisional,Michigan GIS Open Data + Paventra rehearsal assumptions,2026-08-16
LEO-ROAD-809,LEO-809-9017023801887738007655,Page Ave,,,Leoni Township,42.23976919612175,-84.3580823799971,0.011286,2,Asphalt,Local,65,2026-08-16,Medium,1000,10,Moderate,Crack Seal,1,provisional,Michigan GIS Open Data + Paventra rehearsal assumptions,2026-08-16
LEO-ROAD-810,LEO-810-9017023800765438018877,Page Ave,,,Leoni Township,42.23977109785013,-84.35826651925976,0.009441,2,Asphalt,Local,65,2026-08-16,Medium,1000,10,Moderate,Crack Seal,1,provisional,Michigan GIS Open Data + Paventra rehearsal assumptions,2026-08-16
LEO-ROAD-811,LEO-811-9017023800758238007654,Page Ave,,,Leoni Township,42.24050256137881,-84.36394823744531,0.29748,2,Asphalt,Local,65,2026-08-16,Medium,1000,10,Moderate,Crack Seal,1,provisional,Michigan GIS Open Data + Paventra rehearsal assumptions,2026-08-16
LEO-ROAD-812,LEO-812-8991093800765938007528,N US 127,,,Leoni Township,42.239731227749836,-84.35567226176065,0.07933,2,Asphalt,Local,65,2026-08-16,Medium,1000,10,Moderate,Crack Seal,1,provisional,Michigan GIS Open Data + Paventra rehearsal assumptions,2026-08-16
LEO-ROAD-813,LEO-813-9017023800765838007659,Page Ave,,,Leoni Township,42.23973731299367,-84.35586218424218,0.009746,2,Asphalt,Local,65,2026-08-16,Medium,1000,10,Moderate,Crack Seal,1,provisional,Michigan GIS Open Data + Paventra rehearsal assumptions,2026-08-16
LEO-ROAD-814,LEO-814-8992083800766038007561,Unnamed Road,,,Leoni Township,42.239702765085894,-84.35477557948448,0.075292,2,Asphalt,Local,65,2026-08-16,Medium,1000,10,Moderate,Crack Seal,1,provisional,Michigan GIS Open Data + Paventra rehearsal assumptions,2026-08-16
LEO-ROAD-815,LEO-815-9017023800765938007660,Page Ave,,,Leoni Township,42.239731227749836,-84.35567226176065,0.046012,2,Asphalt,Local,65,2026-08-16,Medium,1000,10,Moderate,Crack Seal,1,provisional,Michigan GIS Open Data + Paventra rehearsal assumptions,2026-08-16
LEO-ROAD-816,LEO-816-9017023801926038007662,Page Ave,,,Leoni Township,42.239696979111166,-84.3544030968708,0.041341,2,Asphalt,Local,65,2026-08-16,Medium,1000,10,Moderate,Crack Seal,1,provisional,Michigan GIS Open Data + Paventra rehearsal assumptions,2026-08-16
LEO-ROAD-817,LEO-817-9017023800766038019260,Page Ave,,,Leoni Township,42.239702765085894,-84.35477557948448,0.0191,2,Asphalt,Local,65,2026-08-16,Medium,1000,10,Moderate,Crack Seal,1,provisional,Michigan GIS Open Data + Paventra rehearsal assumptions,2026-08-16
LEO-ROAD-818,LEO-818-33811523801946638006400,Watts Rd,,,Leoni Township,42.23968044013317,-84.35334870780977,0.568975,2,Asphalt,Local,65,2026-08-16,Medium,1000,10,Moderate,Crack Seal,1,provisional,Michigan GIS Open Data + Paventra rehearsal assumptions,2026-08-16
LEO-ROAD-819,LEO-819-9017023800766238019466,Page Ave,,,Leoni Township,42.239687103937285,-84.35359681686917,0.012728,2,Asphalt,Local,65,2026-08-16,Medium,1000,10,Moderate,Crack Seal,1,provisional,Michigan GIS Open Data + Paventra rehearsal assumptions,2026-08-16
LEO-ROAD-820,LEO-820-9017023801946638007663,Page Ave,,,Leoni Township,42.23968044013317,-84.35334870780977,0.046111,2,Asphalt,Local,65,2026-08-16,Medium,1000,10,Moderate,Crack Seal,1,provisional,Michigan GIS Open Data + Paventra rehearsal assumptions,2026-08-16
LEO-ROAD-821,LEO-821-9017023800766338007666,Page Ave,,,Leoni Township,42.239656294328846,-84.35244986105212,0.103365,2,Asphalt,Local,65,2026-08-16,Medium,1000,10,Moderate,Crack Seal,1,provisional,Michigan GIS Open Data + Paventra rehearsal assumptions,2026-08-16
LEO-ROAD-822,LEO-822-33810893801864038018638,Olive Ln,,,Leoni Township,42.238225319430384,-84.25863742637156,0.131809,2,Asphalt,Local,65,2026-08-16,Medium,1000,10,Moderate,Crack Seal,1,provisional,Michigan GIS Open Data + Paventra rehearsal assumptions,2026-08-16
LEO-ROAD-823,LEO-823-33810873801864338018640,Willow Dr,,,Leoni Township,42.240862953194714,-84.25855593759735,0.182373,2,Asphalt,Local,65,2026-08-16,Medium,1000,10,Moderate,Crack Seal,1,provisional,Michigan GIS Open Data + Paventra rehearsal assumptions,2026-08-16
LEO-ROAD-824,LEO-824-9017023800766638019258,Page Ave,,,Leoni Township,42.239625592865835,-84.35043408558602,0.075283,2,Asphalt,Local,65,2026-08-16,Medium,1000,10,Moderate,Crack Seal,1,provisional,Michigan GIS Open Data + Paventra rehearsal assumptions,2026-08-16
LEO-ROAD-825,LEO-825-9159023801906538007571,S Portage Rd,,,Leoni Township,42.23833647765293,-84.26944611767068,0.069571,2,Asphalt,Local,65,2026-08-16,Medium,1000,10,Moderate,Crack Seal,1,provisional,Michigan GIS Open Data + Paventra rehearsal assumptions,2026-08-16
LEO-ROAD-826,LEO-826-9194023801817738007680,Valley Rd,,,Leoni Township,42.23900055730587,-84.31908398531749,0.054357,2,Asphalt,Local,65,2026-08-16,Medium,1000,10,Moderate,Crack Seal,1,provisional,Michigan GIS Open Data + Paventra rehearsal assumptions,2026-08-16
LEO-ROAD-827,LEO-827-9194023800767938018177,Valley Rd,,,Leoni Township,42.239006652308824,-84.32010357385244,0.052273,2,Asphalt,Local,65,2026-08-16,Medium,1000,10,Moderate,Crack Seal,1,provisional,Michigan GIS Open Data + Paventra rehearsal assumptions,2026-08-16
LEO-ROAD-828,LEO-828-33808883800758238007768,Kenwood Ct,,,Leoni Township,42.24050256137881,-84.36394823744531,0.058463,2,Asphalt,Local,65,2026-08-16,Medium,1000,10,Moderate,Crack Seal,1,provisional,Michigan GIS Open Data + Paventra rehearsal assumptions,2026-08-16
LEO-ROAD-829,LEO-829-9194023800767838007679,Valley Rd,,,Leoni Township,42.23902873901085,-84.32249282477423,0.1225,2,Asphalt,Local,65,2026-08-16,Medium,1000,10,Moderate,Crack Seal,1,provisional,Michigan GIS Open Data + Paventra rehearsal assumptions,2026-08-16
LEO-ROAD-830,LEO-830-9194013800767838007537,Gilman Rd,,,Leoni Township,42.23902873901085,-84.32249282477423,0.083125,2,Asphalt,Local,65,2026-08-16,Medium,1000,10,Moderate,Crack Seal,1,provisional,Michigan GIS Open Data + Paventra rehearsal assumptions,2026-08-16
LEO-ROAD-831,LEO-831-9139043800775338007619,N Falahee Rd,,,Leoni Township,42.238817314972316,-84.34661565407433,0.084441,2,Asphalt,Local,65,2026-08-16,Medium,1000,10,Moderate,Crack Seal,1,provisional,Michigan GIS Open Data + Paventra rehearsal assumptions,2026-08-16
LEO-ROAD-832,LEO-832-9017023801925838007753,Page Ave,,,Leoni Township,42.23954575002218,-84.3489742894039,0.131112,2,Asphalt,Local,65,2026-08-16,Medium,1000,10,Moderate,Crack Seal,1,provisional,Michigan GIS Open Data + Paventra rehearsal assumptions,2026-08-16
LEO-ROAD-833,LEO-833-9130033801944438007587,S Dettman Rd,,,Leoni Township,42.239052741790964,-84.36485644997731,0.1,2,Asphalt,Local,65,2026-08-16,Medium,1000,10,Moderate,Crack Seal,1,provisional,Michigan GIS Open Data + Paventra rehearsal assumptions,2026-08-16
LEO-ROAD-834,LEO-834-9139053800779638007613,Ronald Rd,,,Leoni Township,42.23844962218935,-84.34551245852549,0.110974,2,Asphalt,Local,65,2026-08-16,Medium,1000,10,Moderate,Crack Seal,1,provisional,Michigan GIS Open Data + Paventra rehearsal assumptions,2026-08-16
LEO-ROAD-835,LEO-835-9017023800775338007796,Page Ave,,,Leoni Township,42.238817314972316,-84.34661565407433,0.061987,2,Asphalt,Local,65,2026-08-16,Medium,1000,10,Moderate,Crack Seal,1,provisional,Michigan GIS Open Data + Paventra rehearsal assumptions,2026-08-16
LEO-ROAD-836,LEO-836-33810423801863838018633,Breezy Ln,,,Leoni Township,42.238448855573026,-84.25608411368891,0.097397,2,Asphalt,Local,65,2026-08-16,Medium,1000,10,Moderate,Crack Seal,1,provisional,Michigan GIS Open Data + Paventra rehearsal assumptions,2026-08-16
LEO-ROAD-837,LEO-837-33810873801864038018637,Willow Dr,,,Leoni Township,42.238225319430384,-84.25863742637156,0.090413,2,Asphalt,Local,65,2026-08-16,Medium,1000,10,Moderate,Crack Seal,1,provisional,Michigan GIS Open Data + Paventra rehearsal assumptions,2026-08-16
LEO-ROAD-838,LEO-838-9139043800783538007753,Falahee Rd,,,Leoni Township,42.23801776958633,-84.346594918414,0.055173,2,Asphalt,Local,65,2026-08-16,Medium,1000,10,Moderate,Crack Seal,1,provisional,Michigan GIS Open Data + Paventra rehearsal assumptions,2026-08-16
LEO-ROAD-839,LEO-839-8992063800787438007660,Unnamed Road,,,Leoni Township,42.23756142740005,-84.35562192740461,0.153978,2,Asphalt,Local,65,2026-08-16,Medium,1000,10,Moderate,Crack Seal,1,provisional,Michigan GIS Open Data + Paventra rehearsal assumptions,2026-08-16
LEO-ROAD-840,LEO-840-8991093800787438007659,N US 127,,,Leoni Township,42.23756142740005,-84.35562192740461,0.150033,2,Asphalt,Local,65,2026-08-16,Medium,1000,10,Moderate,Crack Seal,1,provisional,Michigan GIS Open Data + Paventra rehearsal assumptions,2026-08-16
LEO-ROAD-841,LEO-841-9159023800790638019065,S Portage Rd,,,Leoni Township,42.23622499902605,-84.26938279035718,0.145744,2,Asphalt,Local,65,2026-08-16,Medium,1000,10,Moderate,Crack Seal,1,provisional,Michigan GIS Open Data + Paventra rehearsal assumptions,2026-08-16
LEO-ROAD-842,LEO-842-9139073800789438007554,Hall Ave,,,Leoni Township,42.23718333206445,-84.33404558668701,0.220817,2,Asphalt,Local,65,2026-08-16,Medium,1000,10,Moderate,Crack Seal,1,provisional,Michigan GIS Open Data + Paventra rehearsal assumptions,2026-08-16
LEO-ROAD-843,LEO-843-9194043800789138007894,Center St,,,Leoni Township,42.23720088524642,-84.33526435156386,0.062828,2,Asphalt,Local,65,2026-08-16,Medium,1000,10,Moderate,Crack Seal,1,provisional,Michigan GIS Open Data + Paventra rehearsal assumptions,2026-08-16
LEO-ROAD-844,LEO-844-9194033800789138007555,Rice Ave,,,Leoni Township,42.23720088524642,-84.33526435156386,0.220931,2,Asphalt,Local,65,2026-08-16,Medium,1000,10,Moderate,Crack Seal,1,provisional,Michigan GIS Open Data + Paventra rehearsal assumptions,2026-08-16
LEO-ROAD-845,LEO-845-9194043800789438007896,Center St,,,Leoni Township,42.23718333206445,-84.33404558668701,0.006769,2,Asphalt,Local,65,2026-08-16,Medium,1000,10,Moderate,Crack Seal,1,provisional,Michigan GIS Open Data + Paventra rehearsal assumptions,2026-08-16
LEO-ROAD-846,LEO-846-9139083800789838007549,Long Ave,,,Leoni Township,42.2371349450735,-84.33162651701251,0.224695,2,Asphalt,Local,65,2026-08-16,Medium,1000,10,Moderate,Crack Seal,1,provisional,Michigan GIS Open Data + Paventra rehearsal assumptions,2026-08-16
LEO-ROAD-847,LEO-847-9194043800789638007898,Center St,,,Leoni Township,42.23717155990845,-84.33391529909498,0.117371,2,Asphalt,Local,65,2026-08-16,Medium,1000,10,Moderate,Crack Seal,1,provisional,Michigan GIS Open Data + Paventra rehearsal assumptions,2026-08-16
LEO-ROAD-848,LEO-848-9139093800790138007547,Stillwell Ave,,,Leoni Township,42.237092601879134,-84.32918956613604,0.224637,2,Asphalt,Local,65,2026-08-16,Medium,1000,10,Moderate,Crack Seal,1,provisional,Michigan GIS Open Data + Paventra rehearsal assumptions,2026-08-16
LEO-ROAD-849,LEO-849-9194043800789838007901,Center St,,,Leoni Township,42.2371349450735,-84.33162651701251,0.124974,2,Asphalt,Local,65,2026-08-16,Medium,1000,10,Moderate,Crack Seal,1,provisional,Michigan GIS Open Data + Paventra rehearsal assumptions,2026-08-16
LEO-ROAD-850,LEO-850-9139073800796338007894,Hall Ave,,,Leoni Township,42.237026312879856,-84.33405048858133,0.010836,2,Asphalt,Local,65,2026-08-16,Medium,1000,10,Moderate,Crack Seal,1,provisional,Michigan GIS Open Data + Paventra rehearsal assumptions,2026-08-16
LEO-ROAD-851,LEO-851-33815903800768238021415,Carlson Blvd,,,Leoni Township,42.236308173057914,-84.2886411831239,0.180843,2,Asphalt,Local,65,2026-08-16,Medium,1000,10,Moderate,Crack Seal,1,provisional,Michigan GIS Open Data + Paventra rehearsal assumptions,2026-08-16
LEO-ROAD-852,LEO-852-9139043800793538007835,Falahee Rd,,,Leoni Township,42.237080170893634,-84.34655874684579,0.064726,2,Asphalt,Local,65,2026-08-16,Medium,1000,10,Moderate,Crack Seal,1,provisional,Michigan GIS Open Data + Paventra rehearsal assumptions,2026-08-16
LEO-ROAD-853,LEO-853-9140033800793638007679,Hill Rd,,,Leoni Township,42.2366164551035,-84.32010288355765,0.16507,2,Asphalt,Local,65,2026-08-16,Medium,1000,10,Moderate,Crack Seal,1,provisional,Michigan GIS Open Data + Paventra rehearsal assumptions,2026-08-16
LEO-ROAD-854,LEO-854-54987573800793638007942,Lafayette Rd,,,Leoni Township,42.2366164551035,-84.32010288355765,0.119413,2,Asphalt,Local,65,2026-08-16,Medium,1000,10,Moderate,Crack Seal,1,provisional,Michigan GIS Open Data + Paventra rehearsal assumptions,2026-08-16
LEO-ROAD-855,LEO-855-9194013800794238007678,Gilman Rd,,,Leoni Township,42.2366328494298,-84.32243190616471,0.165329,2,Asphalt,Local,65,2026-08-16,Medium,1000,10,Moderate,Crack Seal,1,provisional,Michigan GIS Open Data + Paventra rehearsal assumptions,2026-08-16
LEO-ROAD-856,LEO-856-8991103801721838007658,S US 127,,,Leoni Township,42.237131888383495,-84.35596728914699,0.180588,2,Asphalt,Local,65,2026-08-16,Medium,1000,10,Moderate,Crack Seal,1,provisional,Michigan GIS Open Data + Paventra rehearsal assumptions,2026-08-16
LEO-ROAD-857,LEO-857-8993063800765738017218,Unnamed Road,,,Leoni Township,42.23975900412939,-84.3567285149336,0.187203,2,Asphalt,Local,65,2026-08-16,Medium,1000,10,Moderate,Crack Seal,1,provisional,Michigan GIS Open Data + Paventra rehearsal assumptions,2026-08-16
LEO-ROAD-858,LEO-858-9183033800794638007935,Ford Ave,,,Leoni Township,42.23703008113026,-84.35034659842731,0.19423,2,Asphalt,Local,65,2026-08-16,Medium,1000,10,Moderate,Crack Seal,1,provisional,Michigan GIS Open Data + Paventra rehearsal assumptions,2026-08-16
LEO-ROAD-859,LEO-859-9103123800766638007946,Lamoine Ave,,,Leoni Township,42.239625592865835,-84.35043408558602,0.179128,2,Asphalt,Local,65,2026-08-16,Medium,1000,10,Moderate,Crack Seal,1,provisional,Michigan GIS Open Data + Paventra rehearsal assumptions,2026-08-16
LEO-ROAD-860,LEO-860-54987573800794238007945,Lafayette Rd,,,Leoni Township,42.2366328494298,-84.32243190616471,0.122619,2,Asphalt,Local,65,2026-08-16,Medium,1000,10,Moderate,Crack Seal,1,provisional,Michigan GIS Open Data + Paventra rehearsal assumptions,2026-08-16
LEO-ROAD-861,LEO-861-9140023800794538007540,Maple Rd,,,Leoni Township,42.23664785066464,-84.3248234724026,0.248474,2,Asphalt,Local,65,2026-08-16,Medium,1000,10,Moderate,Crack Seal,1,provisional,Michigan GIS Open Data + Paventra rehearsal assumptions,2026-08-16
LEO-ROAD-862,LEO-862-54987573800794538007947,Lafayette Rd,,,Leoni Township,42.23664785066464,-84.3248234724026,0.090993,2,Asphalt,Local,65,2026-08-16,Medium,1000,10,Moderate,Crack Seal,1,provisional,Michigan GIS Open Data + Paventra rehearsal assumptions,2026-08-16
LEO-ROAD-863,LEO-863-54987573800794738007948,Lafayette Rd,,,Leoni Township,42.23664711513249,-84.32659826563601,0.03125,2,Asphalt,Local,65,2026-08-16,Medium,1000,10,Moderate,Crack Seal,1,provisional,Michigan GIS Open Data + Paventra rehearsal assumptions,2026-08-16
LEO-ROAD-864,LEO-864-9130033800797238019444,S Dettman Rd,,,Leoni Township,42.236970022499534,-84.3648433454962,0.143699,2,Asphalt,Local,65,2026-08-16,Medium,1000,10,Moderate,Crack Seal,1,provisional,Michigan GIS Open Data + Paventra rehearsal assumptions,2026-08-16
LEO-ROAD-865,LEO-865-9017023800779638007980,Page Ave,,,Leoni Township,42.23844962218935,-84.34551245852549,0.352116,2,Asphalt,Local,65,2026-08-16,Medium,1000,10,Moderate,Crack Seal,1,provisional,Michigan GIS Open Data + Paventra rehearsal assumptions,2026-08-16
LEO-ROAD-866,LEO-866-9103123800794638007979,Lamoine Ave,,,Leoni Township,42.23703008113026,-84.35034659842731,0.035835,2,Asphalt,Local,65,2026-08-16,Medium,1000,10,Moderate,Crack Seal,1,provisional,Michigan GIS Open Data + Paventra rehearsal assumptions,2026-08-16
LEO-ROAD-867,LEO-867-9139073800800238007963,Hall Ave,,,Leoni Township,42.23613179093153,-84.33402687330886,0.061728,2,Asphalt,Local,65,2026-08-16,Medium,1000,10,Moderate,Crack Seal,1,provisional,Michigan GIS Open Data + Paventra rehearsal assumptions,2026-08-16
LEO-ROAD-868,LEO-868-9194033800800238008004,Rice Ave,,,Leoni Township,42.23613179093153,-84.33402687330886,0.032245,2,Asphalt,Local,65,2026-08-16,Medium,1000,10,Moderate,Crack Seal,1,provisional,Michigan GIS Open Data + Paventra rehearsal assumptions,2026-08-16
LEO-ROAD-869,LEO-869-9194033800800438007891,Rice Ave,,,Leoni Township,42.23612226734026,-84.33465561927676,0.102974,2,Asphalt,Local,65,2026-08-16,Medium,1000,10,Moderate,Crack Seal,1,provisional,Michigan GIS Open Data + Paventra rehearsal assumptions,2026-08-16
LEO-ROAD-870,LEO-870-9019043800799538007556,S Sutton Rd,,,Leoni Township,42.236181827459596,-84.33881047377217,0.298848,2,Asphalt,Local,65,2026-08-16,Medium,1000,10,Moderate,Crack Seal,1,provisional,Michigan GIS Open Data + Paventra rehearsal assumptions,2026-08-16
LEO-ROAD-871,LEO-871-9017023800798038007995,Page Ave,,,Leoni Township,42.236346735660405,-84.33925451667592,0.025451,2,Asphalt,Local,65,2026-08-16,Medium,1000,10,Moderate,Crack Seal,1,provisional,Michigan GIS Open Data + Paventra rehearsal assumptions,2026-08-16
LEO-ROAD-872,LEO-872-9017023800799538008023,Page Ave,,,Leoni Township,42.236181827459596,-84.33881047377217,0.048563,2,Asphalt,Local,65,2026-08-16,Medium,1000,10,Moderate,Crack Seal,1,provisional,Michigan GIS Open Data + Paventra rehearsal assumptions,2026-08-16
LEO-ROAD-873,LEO-873-9194063800804938008053,Cross St,,,Leoni Township,42.235462922450395,-84.32911548834049,0.059325,2,Asphalt,Local,65,2026-08-16,Medium,1000,10,Moderate,Crack Seal,1,provisional,Michigan GIS Open Data + Paventra rehearsal assumptions,2026-08-16
LEO-ROAD-874,LEO-874-9139093800804938007901,Stillwell Ave,,,Leoni Township,42.235462922450395,-84.32911548834049,0.112501,2,Asphalt,Local,65,2026-08-16,Medium,1000,10,Moderate,Crack Seal,1,provisional,Michigan GIS Open Data + Paventra rehearsal assumptions,2026-08-16
LEO-ROAD-875,LEO-875-33808003800802338008057,Peterson Ln,,,Leoni Township,42.235899446153724,-84.3379428355571,0.028034,2,Asphalt,Local,65,2026-08-16,Medium,1000,10,Moderate,Crack Seal,1,provisional,Michigan GIS Open Data + Paventra rehearsal assumptions,2026-08-16
LEO-ROAD-876,LEO-876-9194013800805238007942,Gilman Rd,,,Leoni Township,42.23521159270271,-84.32237123491514,0.098106,2,Asphalt,Local,65,2026-08-16,Medium,1000,10,Moderate,Crack Seal,1,provisional,Michigan GIS Open Data + Paventra rehearsal assumptions,2026-08-16
LEO-ROAD-877,LEO-877-9017023800802338008061,Page Ave,,,Leoni Township,42.235899446153724,-84.3379428355571,0.085636,2,Asphalt,Local,65,2026-08-16,Medium,1000,10,Moderate,Crack Seal,1,provisional,Michigan GIS Open Data + Paventra rehearsal assumptions,2026-08-16
LEO-ROAD-878,LEO-878-33808003800805738008071,Peterson Ln,,,Leoni Township,42.235511617401535,-84.33810598264121,0.01422,2,Asphalt,Local,65,2026-08-16,Medium,1000,10,Moderate,Crack Seal,1,provisional,Michigan GIS Open Data + Paventra rehearsal assumptions,2026-08-16
LEO-ROAD-879,LEO-879-9103123800797938021760,Lamoine Ave,,,Leoni Township,42.23651074258344,-84.35034027631453,0.074665,2,Asphalt,Local,65,2026-08-16,Medium,1000,10,Moderate,Crack Seal,1,provisional,Michigan GIS Open Data + Paventra rehearsal assumptions,2026-08-16
LEO-ROAD-880,LEO-880-8991103800807538017218,S US 127,,,Leoni Township,42.23555769548049,-84.3568379552905,0.117842,2,Asphalt,Local,65,2026-08-16,Medium,1000,10,Moderate,Crack Seal,1,provisional,Michigan GIS Open Data + Paventra rehearsal assumptions,2026-08-16
LEO-ROAD-881,LEO-881-9139073800812338008002,Hall Ave,,,Leoni Township,42.23465258219947,-84.33393869406177,0.102221,2,Asphalt,Local,65,2026-08-16,Medium,1000,10,Moderate,Crack Seal,1,provisional,Michigan GIS Open Data + Paventra rehearsal assumptions,2026-08-16
LEO-ROAD-882,LEO-882-9017023800806138008123,Page Ave,,,Leoni Township,42.23540195642386,-84.33641298247274,0.13699,2,Asphalt,Local,65,2026-08-16,Medium,1000,10,Moderate,Crack Seal,1,provisional,Michigan GIS Open Data + Paventra rehearsal assumptions,2026-08-16
LEO-ROAD-883,LEO-883-33808003800807138008139,Peterson Ln,,,Leoni Township,42.235311998066244,-84.33817500837534,0.051109,2,Asphalt,Local,65,2026-08-16,Medium,1000,10,Moderate,Crack Seal,1,provisional,Michigan GIS Open Data + Paventra rehearsal assumptions,2026-08-16
LEO-ROAD-884,LEO-884-9194073800817238008053,Holmes Ave,,,Leoni Township,42.234097649380125,-84.32791686617551,0.094227,2,Asphalt,Local,65,2026-08-16,Medium,1000,10,Moderate,Crack Seal,1,provisional,Michigan GIS Open Data + Paventra rehearsal assumptions,2026-08-16
LEO-ROAD-885,LEO-885-9194053800817838008172,South St,,,Leoni Township,42.23403213957357,-84.32908564009072,0.061108,2,Asphalt,Local,65,2026-08-16,Medium,1000,10,Moderate,Crack Seal,1,provisional,Michigan GIS Open Data + Paventra rehearsal assumptions,2026-08-16
LEO-ROAD-886,LEO-886-9139093800817838008049,Stillwell Ave,,,Leoni Township,42.23403213957357,-84.32908564009072,0.098726,2,Asphalt,Local,65,2026-08-16,Medium,1000,10,Moderate,Crack Seal,1,provisional,Michigan GIS Open Data + Paventra rehearsal assumptions,2026-08-16
LEO-ROAD-887,LEO-887-9017023800812338008159,Page Ave,,,Leoni Township,42.23465258219947,-84.33393869406177,0.106091,2,Asphalt,Local,65,2026-08-16,Medium,1000,10,Moderate,Crack Seal,1,provisional,Michigan GIS Open Data + Paventra rehearsal assumptions,2026-08-16
LEO-ROAD-888,LEO-888-9139083800818338007898,Long Ave,,,Leoni Township,42.233919750841494,-84.3315295760598,0.221882,2,Asphalt,Local,65,2026-08-16,Medium,1000,10,Moderate,Crack Seal,1,provisional,Michigan GIS Open Data + Paventra rehearsal assumptions,2026-08-16
LEO-ROAD-889,LEO-889-9017023800815938008183,Page Ave,,,Leoni Township,42.23406235461986,-84.33202798764752,0.027383,2,Asphalt,Local,65,2026-08-16,Medium,1000,10,Moderate,Crack Seal,1,provisional,Michigan GIS Open Data + Paventra rehearsal assumptions,2026-08-16
LEO-ROAD-890,LEO-890-9188023800818938020259,Hayball Rd,,,Leoni Township,42.23260276070414,-84.24987018084558,0.621971,2,Asphalt,Local,65,2026-08-16,Medium,1000,10,Moderate,Crack Seal,1,provisional,Michigan GIS Open Data + Paventra rehearsal assumptions,2026-08-16
LEO-ROAD-891,LEO-891-9017023800819838008189,Page Ave,,,Leoni Township,42.232718739995114,-84.2557214890903,0.300508,2,Asphalt,Local,65,2026-08-16,Medium,1000,10,Moderate,Crack Seal,1,provisional,Michigan GIS Open Data + Paventra rehearsal assumptions,2026-08-16
LEO-ROAD-892,LEO-892-9017023800820538008198,Page Ave,,,Leoni Township,42.232742636111276,-84.26450186852986,0.450209,2,Asphalt,Local,65,2026-08-16,Medium,1000,10,Moderate,Crack Seal,1,provisional,Michigan GIS Open Data + Paventra rehearsal assumptions,2026-08-16
LEO-ROAD-893,LEO-893-9140043800820638006463,Ballard Rd,,,Leoni Township,42.23349241674458,-84.31376503836786,1.138703,2,Asphalt,Local,65,2026-08-16,Medium,1000,10,Moderate,Crack Seal,1,provisional,Michigan GIS Open Data + Paventra rehearsal assumptions,2026-08-16
LEO-ROAD-894,LEO-894-9017023800821138008205,Page Ave,,,Leoni Township,42.23275274904133,-84.26928092251687,0.245035,2,Asphalt,Local,65,2026-08-16,Medium,1000,10,Moderate,Crack Seal,1,provisional,Michigan GIS Open Data + Paventra rehearsal assumptions,2026-08-16
LEO-ROAD-895,LEO-895-9159023800821138007906,S Portage Rd,,,Leoni Township,42.23275274904133,-84.26928092251687,0.239627,2,Asphalt,Local,65,2026-08-16,Medium,1000,10,Moderate,Crack Seal,1,provisional,Michigan GIS Open Data + Paventra rehearsal assumptions,2026-08-16
LEO-ROAD-896,LEO-896-9017023800822038008211,Page Ave,,,Leoni Township,42.23278802867069,-84.27580619857322,0.334576,2,Asphalt,Local,65,2026-08-16,Medium,1000,10,Moderate,Crack Seal,1,provisional,Michigan GIS Open Data + Paventra rehearsal assumptions,2026-08-16
LEO-ROAD-897,LEO-897-9140273800822038007924,N Green Acres Rd,,,Leoni Township,42.23278802867069,-84.27580619857322,0.245101,2,Asphalt,Local,65,2026-08-16,Medium,1000,10,Moderate,Crack Seal,1,provisional,Michigan GIS Open Data + Paventra rehearsal assumptions,2026-08-16
LEO-ROAD-898,LEO-898-9017023800822138008220,Page Ave,,,Leoni Township,42.232791784807816,-84.27638732629266,0.029797,2,Asphalt,Local,65,2026-08-16,Medium,1000,10,Moderate,Crack Seal,1,provisional,Michigan GIS Open Data + Paventra rehearsal assumptions,2026-08-16
LEO-ROAD-899,LEO-899-9017023800820638008226,Page Ave,,,Leoni Township,42.23349241674458,-84.31376503836786,0.024694,2,Asphalt,Local,65,2026-08-16,Medium,1000,10,Moderate,Crack Seal,1,provisional,Michigan GIS Open Data + Paventra rehearsal assumptions,2026-08-16
LEO-ROAD-900,LEO-900-9017023800822238008221,Page Ave,,,Leoni Township,42.232803732123635,-84.27887153453113,0.127374,2,Asphalt,Local,65,2026-08-16,Medium,1000,10,Moderate,Crack Seal,1,provisional,Michigan GIS Open Data + Paventra rehearsal assumptions,2026-08-16
LEO-ROAD-901,LEO-901-9017023800822338008222,Page Ave,,,Leoni Township,42.23281009067263,-84.27900454045917,0.006834,2,Asphalt,Local,65,2026-08-16,Medium,1000,10,Moderate,Crack Seal,1,provisional,Michigan GIS Open Data + Paventra rehearsal assumptions,2026-08-16
LEO-ROAD-902,LEO-902-33807843800821938008209,Commerce St,,,Leoni Township,42.23381594479931,-84.34643241652188,0.160955,2,Asphalt,Local,65,2026-08-16,Medium,1000,10,Moderate,Crack Seal,1,provisional,Michigan GIS Open Data + Paventra rehearsal assumptions,2026-08-16
LEO-ROAD-903,LEO-903-9139043800821938007935,Falahee Rd,,,Leoni Township,42.23381594479931,-84.34643241652188,0.225302,2,Asphalt,Local,65,2026-08-16,Medium,1000,10,Moderate,Crack Seal,1,provisional,Michigan GIS Open Data + Paventra rehearsal assumptions,2026-08-16
LEO-ROAD-904,LEO-904-33817133800798038008218,Felters Rd,,,Leoni Township,42.236346735660405,-84.33925451667592,0.185229,2,Asphalt,Local,65,2026-08-16,Medium,1000,10,Moderate,Crack Seal,1,provisional,Michigan GIS Open Data + Paventra rehearsal assumptions,2026-08-16
LEO-ROAD-905,LEO-905-8991103800823738008075,S US 127,,,Leoni Township,42.233920121291966,-84.35838372170538,0.138007,2,Asphalt,Local,65,2026-08-16,Medium,1000,10,Moderate,Crack Seal,1,provisional,Michigan GIS Open Data + Paventra rehearsal assumptions,2026-08-16
LEO-ROAD-906,LEO-906-9017023800824138008223,Page Ave,,,Leoni Township,42.23285999361763,-84.2886043425543,0.492218,2,Asphalt,Local,65,2026-08-16,Medium,1000,10,Moderate,Crack Seal,1,provisional,Michigan GIS Open Data + Paventra rehearsal assumptions,2026-08-16
LEO-ROAD-907,LEO-907-33815903800824138007682,Carlson Blvd,,,Leoni Township,42.23285999361763,-84.2886043425543,0.237908,2,Asphalt,Local,65,2026-08-16,Medium,1000,10,Moderate,Crack Seal,1,provisional,Michigan GIS Open Data + Paventra rehearsal assumptions,2026-08-16
LEO-ROAD-908,LEO-908-9017023800822638008259,Page Ave,,,Leoni Township,42.23334575285854,-84.31333052066155,0.021395,2,Asphalt,Local,65,2026-08-16,Medium,1000,10,Moderate,Crack Seal,1,provisional,Michigan GIS Open Data + Paventra rehearsal assumptions,2026-08-16
LEO-ROAD-909,LEO-909-8991093800824538007874,N US 127,,,Leoni Township,42.23384993355717,-84.35811077460193,0.289893,2,Asphalt,Local,65,2026-08-16,Medium,1000,10,Moderate,Crack Seal,1,provisional,Michigan GIS Open Data + Paventra rehearsal assumptions,2026-08-16
LEO-ROAD-910,LEO-910-9017023800825038008241,Page Ave,,,Leoni Township,42.23311158019042,-84.3090155844129,1.046806,2,Asphalt,Local,65,2026-08-16,Medium,1000,10,Moderate,Crack Seal,1,provisional,Michigan GIS Open Data + Paventra rehearsal assumptions,2026-08-16
LEO-ROAD-911,LEO-911-9017023800825938008250,Page Ave,,,Leoni Township,42.23318882360378,-84.31297322479088,0.203372,2,Asphalt,Local,65,2026-08-16,Medium,1000,10,Moderate,Crack Seal,1,provisional,Michigan GIS Open Data + Paventra rehearsal assumptions,2026-08-16
LEO-ROAD-912,LEO-912-8991103800825338008237,S US 127,,,Leoni Township,42.23379545633954,-84.35849715243414,0.010383,2,Asphalt,Local,65,2026-08-16,Medium,1000,10,Moderate,Crack Seal,1,provisional,Michigan GIS Open Data + Paventra rehearsal assumptions,2026-08-16
LEO-ROAD-913,LEO-913-8991093800825738008245,N US 127,,,Leoni Township,42.23374173572945,-84.35823586899579,0.009842,2,Asphalt,Local,65,2026-08-16,Medium,1000,10,Moderate,Crack Seal,1,provisional,Michigan GIS Open Data + Paventra rehearsal assumptions,2026-08-16
LEO-ROAD-914,LEO-914-9017023800827138008206,Page Ave,,,Leoni Township,42.233077965788034,-84.31980571244912,0.312732,2,Asphalt,Local,65,2026-08-16,Medium,1000,10,Moderate,Crack Seal,1,provisional,Michigan GIS Open Data + Paventra rehearsal assumptions,2026-08-16
LEO-ROAD-915,LEO-915-9140033800827138007936,Hill Rd,,,Leoni Township,42.233077965788034,-84.31980571244912,0.24757,2,Asphalt,Local,65,2026-08-16,Medium,1000,10,Moderate,Crack Seal,1,provisional,Michigan GIS Open Data + Paventra rehearsal assumptions,2026-08-16
LEO-ROAD-916,LEO-916-9139093800826738008178,Stillwell Ave,,,Leoni Township,42.2332100237874,-84.32908161289463,0.056721,2,Asphalt,Local,65,2026-08-16,Medium,1000,10,Moderate,Crack Seal,1,provisional,Michigan GIS Open Data + Paventra rehearsal assumptions,2026-08-16
LEO-ROAD-917,LEO-917-9017023800818338008267,Page Ave,,,Leoni Township,42.233919750841494,-84.3315295760598,0.134725,2,Asphalt,Local,65,2026-08-16,Medium,1000,10,Moderate,Crack Seal,1,provisional,Michigan GIS Open Data + Paventra rehearsal assumptions,2026-08-16
LEO-ROAD-918,LEO-918-8992173800766338008274,Fairfax St,,,Leoni Township,42.239656294328846,-84.35244986105212,0.427462,2,Asphalt,Local,65,2026-08-16,Medium,1000,10,Moderate,Crack Seal,1,provisional,Michigan GIS Open Data + Paventra rehearsal assumptions,2026-08-16
LEO-ROAD-919,LEO-919-9017023800828038008271,Page Ave,,,Leoni Township,42.23304210491472,-84.32468343759862,0.250104,2,Asphalt,Local,65,2026-08-16,Medium,1000,10,Moderate,Crack Seal,1,provisional,Michigan GIS Open Data + Paventra rehearsal assumptions,2026-08-16
LEO-ROAD-920,LEO-920-9140023800828038007945,Maple Rd,,,Leoni Township,42.23304210491472,-84.32468343759862,0.248875,2,Asphalt,Local,65,2026-08-16,Medium,1000,10,Moderate,Crack Seal,1,provisional,Michigan GIS Open Data + Paventra rehearsal assumptions,2026-08-16
LEO-ROAD-921,LEO-921-33808013800815938008303,Apple Ln,,,Leoni Township,42.23406235461986,-84.33202798764752,0.062796,2,Asphalt,Local,65,2026-08-16,Medium,1000,10,Moderate,Crack Seal,1,provisional,Michigan GIS Open Data + Paventra rehearsal assumptions,2026-08-16
LEO-ROAD-922,LEO-922-9017023800828238008280,Page Ave,,,Leoni Township,42.23306813942174,-84.32654955117124,0.095697,2,Asphalt,Local,65,2026-08-16,Medium,1000,10,Moderate,Crack Seal,1,provisional,Michigan GIS Open Data + Paventra rehearsal assumptions,2026-08-16
LEO-ROAD-923,LEO-923-9140013800828238007947,Sager Rd,,,Leoni Township,42.23306813942174,-84.32654955117124,0.246937,2,Asphalt,Local,65,2026-08-16,Medium,1000,10,Moderate,Crack Seal,1,provisional,Michigan GIS Open Data + Paventra rehearsal assumptions,2026-08-16
LEO-ROAD-924,LEO-924-9017023800828338008282,Page Ave,,,Leoni Township,42.23306617613333,-84.32696549412746,0.021327,2,Asphalt,Local,65,2026-08-16,Medium,1000,10,Moderate,Crack Seal,1,provisional,Michigan GIS Open Data + Paventra rehearsal assumptions,2026-08-16
LEO-ROAD-925,LEO-925-9017023800826738008283,Page Ave,,,Leoni Township,42.2332100237874,-84.32908161289463,0.109479,2,Asphalt,Local,65,2026-08-16,Medium,1000,10,Moderate,Crack Seal,1,provisional,Michigan GIS Open Data + Paventra rehearsal assumptions,2026-08-16
LEO-ROAD-926,LEO-926-9139043800832538008219,Falahee Rd,,,Leoni Township,42.23297519854559,-84.34639624313371,0.058035,2,Asphalt,Local,65,2026-08-16,Medium,1000,10,Moderate,Crack Seal,1,provisional,Michigan GIS Open Data + Paventra rehearsal assumptions,2026-08-16
LEO-ROAD-927,LEO-927-33817133800821838008347,Felters Rd,,,Leoni Township,42.23367375599282,-84.3394722370278,0.079876,2,Asphalt,Local,65,2026-08-16,Medium,1000,10,Moderate,Crack Seal,1,provisional,Michigan GIS Open Data + Paventra rehearsal assumptions,2026-08-16
LEO-ROAD-928,LEO-928-18341173800812338008344,Factory Rd,,,Leoni Township,42.23465258219947,-84.33393869406177,0.143108,2,Asphalt,Local,65,2026-08-16,Medium,1000,10,Moderate,Crack Seal,1,provisional,Michigan GIS Open Data + Paventra rehearsal assumptions,2026-08-16
LEO-ROAD-929,LEO-929-9139103800837838008283,5th St,,,Leoni Township,42.232139189197774,-84.32695514670665,0.063972,2,Asphalt,Local,65,2026-08-16,Medium,1000,10,Moderate,Crack Seal,1,provisional,Michigan GIS Open Data + Paventra rehearsal assumptions,2026-08-16
LEO-ROAD-930,LEO-930-33817133800834738018178,Felters Rd,,,Leoni Township,42.232696000436235,-84.34030634826566,0.027701,2,Asphalt,Local,65,2026-08-16,Medium,1000,10,Moderate,Crack Seal,1,provisional,Michigan GIS Open Data + Paventra rehearsal assumptions,2026-08-16
LEO-ROAD-931,LEO-931-9140023800838338008280,6th St,,,Leoni Township,42.232076605288,-84.32469377232493,0.066615,2,Asphalt,Local,65,2026-08-16,Medium,1000,10,Moderate,Crack Seal,1,provisional,Michigan GIS Open Data + Paventra rehearsal assumptions,2026-08-16
LEO-ROAD-932,LEO-932-9139103800842138008378,5th St,,,Leoni Township,42.23204600556556,-84.32695563840898,0.006429,2,Asphalt,Local,65,2026-08-16,Medium,1000,10,Moderate,Crack Seal,1,provisional,Michigan GIS Open Data + Paventra rehearsal assumptions,2026-08-16
LEO-ROAD-933,LEO-933-9140023800840638008383,6th St,,,Leoni Township,42.23199478777439,-84.3246946617982,0.005645,2,Asphalt,Local,65,2026-08-16,Medium,1000,10,Moderate,Crack Seal,1,provisional,Michigan GIS Open Data + Paventra rehearsal assumptions,2026-08-16
LEO-ROAD-934,LEO-934-9185033800842138008406,Main St,,,Leoni Township,42.23204600556556,-84.32695563840898,0.115981,2,Asphalt,Local,65,2026-08-16,Medium,1000,10,Moderate,Crack Seal,1,provisional,Michigan GIS Open Data + Paventra rehearsal assumptions,2026-08-16
LEO-ROAD-935,LEO-935-33817133801817838008409,Felters Rd,,,Leoni Township,42.23232741296512,-84.3405121642505,0.02963,2,Asphalt,Local,65,2026-08-16,Medium,1000,10,Moderate,Crack Seal,1,provisional,Michigan GIS Open Data + Paventra rehearsal assumptions,2026-08-16
LEO-ROAD-936,LEO-936-9140053800844938008259,9th St,,,Leoni Township,42.23113383820349,-84.31360759191698,0.151786,2,Asphalt,Local,65,2026-08-16,Medium,1000,10,Moderate,Crack Seal,1,provisional,Michigan GIS Open Data + Paventra rehearsal assumptions,2026-08-16
LEO-ROAD-937,LEO-937-8991103802014538008253,S US 127,,,Leoni Township,42.2317545375752,-84.36041717923291,0.171824,2,Asphalt,Local,65,2026-08-16,Medium,1000,10,Moderate,Crack Seal,1,provisional,Michigan GIS Open Data + Paventra rehearsal assumptions,2026-08-16
LEO-ROAD-938,LEO-938-9185023800846038008456,Grand St,,,Leoni Township,42.231126866989584,-84.32472091707282,0.370251,2,Asphalt,Local,65,2026-08-16,Medium,1000,10,Moderate,Crack Seal,1,provisional,Michigan GIS Open Data + Paventra rehearsal assumptions,2026-08-16
LEO-ROAD-939,LEO-939-9140023800846038008406,6th St,,,Leoni Township,42.231126866989584,-84.32472091707282,0.059896,2,Asphalt,Local,65,2026-08-16,Medium,1000,10,Moderate,Crack Seal,1,provisional,Michigan GIS Open Data + Paventra rehearsal assumptions,2026-08-16
LEO-ROAD-940,LEO-940-9185023800846638008460,Grand St,,,Leoni Township,42.23114048785807,-84.32695118201605,0.114358,2,Asphalt,Local,65,2026-08-16,Medium,1000,10,Moderate,Crack Seal,1,provisional,Michigan GIS Open Data + Paventra rehearsal assumptions,2026-08-16
LEO-ROAD-941,LEO-941-9139103800846638008421,5th St,,,Leoni Township,42.23114048785807,-84.32695118201605,0.062475,2,Asphalt,Local,65,2026-08-16,Medium,1000,10,Moderate,Crack Seal,1,provisional,Michigan GIS Open Data + Paventra rehearsal assumptions,2026-08-16
LEO-ROAD-942,LEO-942-8991093802014638008257,N US 127,,,Leoni Township,42.23161912844072,-84.36022472316034,0.178451,2,Asphalt,Local,65,2026-08-16,Medium,1000,10,Moderate,Crack Seal,1,provisional,Michigan GIS Open Data + Paventra rehearsal assumptions,2026-08-16
LEO-ROAD-943,LEO-943-33813803802014538020146,US 127 Crossover,,,Leoni Township,42.2317545375752,-84.36041717923291,0.013589,2,Asphalt,Local,65,2026-08-16,Medium,1000,10,Moderate,Crack Seal,1,provisional,Michigan GIS Open Data + Paventra rehearsal assumptions,2026-08-16
LEO-ROAD-944,LEO-944-33807803800825038008480,Arlington Dr,,,Leoni Township,42.23311158019042,-84.3090155844129,0.165992,2,Asphalt,Local,65,2026-08-16,Medium,1000,10,Moderate,Crack Seal,1,provisional,Michigan GIS Open Data + Paventra rehearsal assumptions,2026-08-16
LEO-ROAD-945,LEO-945-8991103801926838020145,S US 127,,,Leoni Township,42.231467644923164,-84.36068030538873,0.023954,2,Asphalt,Local,65,2026-08-16,Medium,1000,10,Moderate,Crack Seal,1,provisional,Michigan GIS Open Data + Paventra rehearsal assumptions,2026-08-16
LEO-ROAD-946,LEO-946-8991093801926938020146,N US 127,,,Leoni Township,42.23114266347598,-84.36066728303857,0.039946,2,Asphalt,Local,65,2026-08-16,Medium,1000,10,Moderate,Crack Seal,1,provisional,Michigan GIS Open Data + Paventra rehearsal assumptions,2026-08-16
LEO-ROAD-947,LEO-947-9185013800853638008449,Broad St,,,Leoni Township,42.23027809201404,-84.31551602521508,0.114319,2,Asphalt,Local,65,2026-08-16,Medium,1000,10,Moderate,Crack Seal,1,provisional,Michigan GIS Open Data + Paventra rehearsal assumptions,2026-08-16
LEO-ROAD-948,LEO-948-9185013800853738008536,Broad St,,,Leoni Township,42.23016966236839,-84.31745154075307,0.100183,2,Asphalt,Local,65,2026-08-16,Medium,1000,10,Moderate,Crack Seal,1,provisional,Michigan GIS Open Data + Paventra rehearsal assumptions,2026-08-16
LEO-ROAD-949,LEO-949-9206093800853738008456,7th St,,,Leoni Township,42.23016966236839,-84.31745154075307,0.060927,2,Asphalt,Local,65,2026-08-16,Medium,1000,10,Moderate,Crack Seal,1,provisional,Michigan GIS Open Data + Paventra rehearsal assumptions,2026-08-16
LEO-ROAD-950,LEO-950-9185013800854338008537,Broad St,,,Leoni Township,42.23019442291976,-84.32451641345695,0.362269,2,Asphalt,Local,65,2026-08-16,Medium,1000,10,Moderate,Crack Seal,1,provisional,Michigan GIS Open Data + Paventra rehearsal assumptions,2026-08-16
LEO-ROAD-951,LEO-951-9185013800854438008543,Broad St,,,Leoni Township,42.23018953542515,-84.32473728791435,0.01133,2,Asphalt,Local,65,2026-08-16,Medium,1000,10,Moderate,Crack Seal,1,provisional,Michigan GIS Open Data + Paventra rehearsal assumptions,2026-08-16
LEO-ROAD-952,LEO-952-9140023800854438008460,6th St,,,Leoni Township,42.23018953542515,-84.32473728791435,0.064675,2,Asphalt,Local,65,2026-08-16,Medium,1000,10,Moderate,Crack Seal,1,provisional,Michigan GIS Open Data + Paventra rehearsal assumptions,2026-08-16
LEO-ROAD-953,LEO-953-9185013800854638008544,Broad St,,,Leoni Township,42.23015984254828,-84.3269315977859,0.112531,2,Asphalt,Local,65,2026-08-16,Medium,1000,10,Moderate,Crack Seal,1,provisional,Michigan GIS Open Data + Paventra rehearsal assumptions,2026-08-16
LEO-ROAD-954,LEO-954-9139103800854638008466,5th St,,,Leoni Township,42.23015984254828,-84.3269315977859,0.067665,2,Asphalt,Local,65,2026-08-16,Medium,1000,10,Moderate,Crack Seal,1,provisional,Michigan GIS Open Data + Paventra rehearsal assumptions,2026-08-16
LEO-ROAD-955,LEO-955-9139103800859238008546,5th St,,,Leoni Township,42.22964849254497,-84.32694208560348,0.035284,2,Asphalt,Local,65,2026-08-16,Medium,1000,10,Moderate,Crack Seal,1,provisional,Michigan GIS Open Data + Paventra rehearsal assumptions,2026-08-16
LEO-ROAD-956,LEO-956-54987813800859238017022,E Lockwood St,,,Leoni Township,42.22964849254497,-84.32694208560348,0.032985,2,Asphalt,Local,65,2026-08-16,Medium,1000,10,Moderate,Crack Seal,1,provisional,Michigan GIS Open Data + Paventra rehearsal assumptions,2026-08-16
LEO-ROAD-957,LEO-957-54987813800859038008592,W Lockwood St,,,Leoni Township,42.22959464793979,-84.32772528117667,0.041322,2,Asphalt,Local,65,2026-08-16,Medium,1000,10,Moderate,Crack Seal,1,provisional,Michigan GIS Open Data + Paventra rehearsal assumptions,2026-08-16
LEO-ROAD-958,LEO-958-9139043800861538008325,Falahee Rd,,,Leoni Township,42.229747551517406,-84.34634249787543,0.222704,2,Asphalt,Local,65,2026-08-16,Medium,1000,10,Moderate,Crack Seal,1,provisional,Michigan GIS Open Data + Paventra rehearsal assumptions,2026-08-16
LEO-ROAD-959,LEO-959-9139043800862438008615,Falahee Rd,,,Leoni Township,42.22962573636279,-84.34633701790685,0.008409,2,Asphalt,Local,65,2026-08-16,Medium,1000,10,Moderate,Crack Seal,1,provisional,Michigan GIS Open Data + Paventra rehearsal assumptions,2026-08-16
LEO-ROAD-960,LEO-960-9139103800862838008592,5th St,,,Leoni Township,42.22923506666289,-84.32694773449585,0.028525,2,Asphalt,Local,65,2026-08-16,Medium,1000,10,Moderate,Crack Seal,1,provisional,Michigan GIS Open Data + Paventra rehearsal assumptions,2026-08-16
LEO-ROAD-961,LEO-961-9207143800863038008631,Mieczewo St,,,Leoni Township,42.228885190293035,-84.30557565775842,0.023438,2,Asphalt,Local,65,2026-08-16,Medium,1000,10,Moderate,Crack Seal,1,provisional,Michigan GIS Open Data + Paventra rehearsal assumptions,2026-08-16
LEO-ROAD-962,LEO-962-9207143800863238008630,Mieczewo St,,,Leoni Township,42.2288029765997,-84.30184776999535,0.192712,2,Asphalt,Local,65,2026-08-16,Medium,1000,10,Moderate,Crack Seal,1,provisional,Michigan GIS Open Data + Paventra rehearsal assumptions,2026-08-16
LEO-ROAD-963,LEO-963-9139103800864438008628,5th St,,,Leoni Township,42.229105121980716,-84.32695268245809,0.008969,2,Asphalt,Local,65,2026-08-16,Medium,1000,10,Moderate,Crack Seal,1,provisional,Michigan GIS Open Data + Paventra rehearsal assumptions,2026-08-16
LEO-ROAD-964,LEO-964-9012033800864238008543,Napoleon Rd,,,Leoni Township,42.22899630642446,-84.32234180633705,0.140324,2,Asphalt,Local,65,2026-08-16,Medium,1000,10,Moderate,Crack Seal,1,provisional,Michigan GIS Open Data + Paventra rehearsal assumptions,2026-08-16
LEO-ROAD-965,LEO-965-9139103800865638008644,5th St,,,Leoni Township,42.22896002363482,-84.32695636173459,0.010013,2,Asphalt,Local,65,2026-08-16,Medium,1000,10,Moderate,Crack Seal,1,provisional,Michigan GIS Open Data + Paventra rehearsal assumptions,2026-08-16
LEO-ROAD-966,LEO-966-9195183800859038008668,Lourim Ave,,,Leoni Township,42.22959464793979,-84.32772528117667,0.050794,2,Asphalt,Local,65,2026-08-16,Medium,1000,10,Moderate,Crack Seal,1,provisional,Michigan GIS Open Data + Paventra rehearsal assumptions,2026-08-16
LEO-ROAD-967,LEO-967-9207023800869038008632,Poznan Dr,,,Leoni Township,42.22815032614615,-84.30312706787676,0.089545,2,Asphalt,Local,65,2026-08-16,Medium,1000,10,Moderate,Crack Seal,1,provisional,Michigan GIS Open Data + Paventra rehearsal assumptions,2026-08-16
LEO-ROAD-968,LEO-968-9184093800862838008642,N Lakeside Dr,,,Leoni Township,42.22923506666289,-84.32694773449585,0.28315,2,Asphalt,Local,65,2026-08-16,Medium,1000,10,Moderate,Crack Seal,1,provisional,Michigan GIS Open Data + Paventra rehearsal assumptions,2026-08-16
LEO-ROAD-969,LEO-969-9012033801870938008642,Napoleon Rd,,,Leoni Township,42.2283289336654,-84.3213073558074,0.070239,2,Asphalt,Local,65,2026-08-16,Medium,1000,10,Moderate,Crack Seal,1,provisional,Michigan GIS Open Data + Paventra rehearsal assumptions,2026-08-16
LEO-ROAD-970,LEO-970-9159023800859938008211,S Portage Rd,,,Leoni Township,42.2274271677374,-84.26914892224501,0.36749,2,Asphalt,Local,65,2026-08-16,Medium,1000,10,Moderate,Crack Seal,1,provisional,Michigan GIS Open Data + Paventra rehearsal assumptions,2026-08-16
LEO-ROAD-971,LEO-971-33807793800872338008670,Centralia Ave,,,Leoni Township,42.227993814511976,-84.32078792333228,0.086989,2,Asphalt,Local,65,2026-08-16,Medium,1000,10,Moderate,Crack Seal,1,provisional,Michigan GIS Open Data + Paventra rehearsal assumptions,2026-08-16
LEO-ROAD-972,LEO-972-9012033800872338018709,Napoleon Rd,,,Leoni Township,42.227993814511976,-84.32078792333228,0.03527,2,Asphalt,Local,65,2026-08-16,Medium,1000,10,Moderate,Crack Seal,1,provisional,Michigan GIS Open Data + Paventra rehearsal assumptions,2026-08-16
LEO-ROAD-973,LEO-973-9139103802141238008656,5th St,,,Leoni Township,42.227924914726465,-84.32693839756834,0.071425,2,Asphalt,Local,65,2026-08-16,Medium,1000,10,Moderate,Crack Seal,1,provisional,Michigan GIS Open Data + Paventra rehearsal assumptions,2026-08-16
LEO-ROAD-974,LEO-974-33815773802141238021413,Ian Way,,,Leoni Township,42.227924914726465,-84.32693839756834,0.015218,2,Asphalt,Local,65,2026-08-16,Medium,1000,10,Moderate,Crack Seal,1,provisional,Michigan GIS Open Data + Paventra rehearsal assumptions,2026-08-16
LEO-ROAD-975,LEO-975-33815773802141338008737,Ian Way,,,Leoni Township,42.22792485715989,-84.32723518023963,0.060468,2,Asphalt,Local,65,2026-08-16,Medium,1000,10,Moderate,Crack Seal,1,provisional,Michigan GIS Open Data + Paventra rehearsal assumptions,2026-08-16
LEO-ROAD-976,LEO-976-9195063800873738008740,4th St,,,Leoni Township,42.227937493345884,-84.3284143151477,0.012779,2,Asphalt,Local,65,2026-08-16,Medium,1000,10,Moderate,Crack Seal,1,provisional,Michigan GIS Open Data + Paventra rehearsal assumptions,2026-08-16
LEO-ROAD-977,LEO-977-9195173800873738008761,Willow St,,,Leoni Township,42.227937493345884,-84.3284143151477,0.032393,2,Asphalt,Local,65,2026-08-16,Medium,1000,10,Moderate,Crack Seal,1,provisional,Michigan GIS Open Data + Paventra rehearsal assumptions,2026-08-16
LEO-ROAD-978,LEO-978-9207023800874438008690,Poznan Dr,,,Leoni Township,42.22756611669805,-84.30550730297415,0.128534,2,Asphalt,Local,65,2026-08-16,Medium,1000,10,Moderate,Crack Seal,1,provisional,Michigan GIS Open Data + Paventra rehearsal assumptions,2026-08-16
LEO-ROAD-979,LEO-979-9207023800863038008744,Constantine Dr,,,Leoni Township,42.228885190293035,-84.30557565775842,0.091376,2,Asphalt,Local,65,2026-08-16,Medium,1000,10,Moderate,Crack Seal,1,provisional,Michigan GIS Open Data + Paventra rehearsal assumptions,2026-08-16
LEO-ROAD-980,LEO-980-9190013800874538008591,Eleanor Dr,,,Leoni Township,42.22746573436817,-84.29900353488301,0.0375,2,Asphalt,Local,65,2026-08-16,Medium,1000,10,Moderate,Crack Seal,1,provisional,Michigan GIS Open Data + Paventra rehearsal assumptions,2026-08-16
LEO-ROAD-981,LEO-981-9012033800874338008723,Napoleon Rd,,,Leoni Township,42.22769086641194,-84.32033234924825,0.031346,2,Asphalt,Local,65,2026-08-16,Medium,1000,10,Moderate,Crack Seal,1,provisional,Michigan GIS Open Data + Paventra rehearsal assumptions,2026-08-16
LEO-ROAD-982,LEO-982-33801103800875838008745,Huggins Rd,,,Leoni Township,42.22735987909272,-84.30107507429936,0.106645,2,Asphalt,Local,65,2026-08-16,Medium,1000,10,Moderate,Crack Seal,1,provisional,Michigan GIS Open Data + Paventra rehearsal assumptions,2026-08-16
LEO-ROAD-983,LEO-983-9189103800875838008694,Susan Dr,,,Leoni Township,42.22735987909272,-84.30107507429936,0.037689,2,Asphalt,Local,65,2026-08-16,Medium,1000,10,Moderate,Crack Seal,1,provisional,Michigan GIS Open Data + Paventra rehearsal assumptions,2026-08-16
LEO-ROAD-984,LEO-984-33815903800875638008241,Noon Rd,,,Leoni Township,42.22711639503989,-84.28847756408292,0.396321,2,Asphalt,Local,65,2026-08-16,Medium,1000,10,Moderate,Crack Seal,1,provisional,Michigan GIS Open Data + Paventra rehearsal assumptions,2026-08-16
LEO-ROAD-985,LEO-985-33801103800874538008756,Huggins Rd,,,Leoni Township,42.22746573436817,-84.29900353488301,0.54038,2,Asphalt,Local,65,2026-08-16,Medium,1000,10,Moderate,Crack Seal,1,provisional,Michigan GIS Open Data + Paventra rehearsal assumptions,2026-08-16
LEO-ROAD-986,LEO-986-9139103800878538021412,5th St,,,Leoni Township,42.227471459504756,-84.32694670187782,0.031288,2,Asphalt,Local,65,2026-08-16,Medium,1000,10,Moderate,Crack Seal,1,provisional,Michigan GIS Open Data + Paventra rehearsal assumptions,2026-08-16
LEO-ROAD-987,LEO-987-33801103800877038008758,Huggins Rd,,,Leoni Township,42.22707542075749,-84.30312092169618,0.106856,2,Asphalt,Local,65,2026-08-16,Medium,1000,10,Moderate,Crack Seal,1,provisional,Michigan GIS Open Data + Paventra rehearsal assumptions,2026-08-16
LEO-ROAD-988,LEO-988-9189093800877038008690,Antoinette Dr,,,Leoni Township,42.22707542075749,-84.30312092169618,0.074162,2,Asphalt,Local,65,2026-08-16,Medium,1000,10,Moderate,Crack Seal,1,provisional,Michigan GIS Open Data + Paventra rehearsal assumptions,2026-08-16
LEO-ROAD-989,LEO-989-9139103800879338008785,5th St,,,Leoni Township,42.2271627890703,-84.32694532978044,0.021296,2,Asphalt,Local,65,2026-08-16,Medium,1000,10,Moderate,Crack Seal,1,provisional,Michigan GIS Open Data + Paventra rehearsal assumptions,2026-08-16
LEO-ROAD-990,LEO-990-9184073800879838008793,N State St,,,Leoni Township,42.22717280364933,-84.32836886530602,0.073025,2,Asphalt,Local,65,2026-08-16,Medium,1000,10,Moderate,Crack Seal,1,provisional,Michigan GIS Open Data + Paventra rehearsal assumptions,2026-08-16
LEO-ROAD-991,LEO-991-9195063800879838008737,4th St,,,Leoni Township,42.22717280364933,-84.32836886530602,0.05281,2,Asphalt,Local,65,2026-08-16,Medium,1000,10,Moderate,Crack Seal,1,provisional,Michigan GIS Open Data + Paventra rehearsal assumptions,2026-08-16
LEO-ROAD-992,LEO-992-33801103800881238008770,Huggins Rd,,,Leoni Township,42.226554021759846,-84.30509662416878,0.107506,2,Asphalt,Local,65,2026-08-16,Medium,1000,10,Moderate,Crack Seal,1,provisional,Michigan GIS Open Data + Paventra rehearsal assumptions,2026-08-16
LEO-ROAD-993,LEO-993-9189083800881238008744,Constantine Dr,,,Leoni Township,42.226554021759846,-84.30509662416878,0.077133,2,Asphalt,Local,65,2026-08-16,Medium,1000,10,Moderate,Crack Seal,1,provisional,Michigan GIS Open Data + Paventra rehearsal assumptions,2026-08-16
LEO-ROAD-994,LEO-994-9139103800881938008793,5th St,,,Leoni Township,42.226825452590695,-84.3269465741938,0.023274,2,Asphalt,Local,65,2026-08-16,Medium,1000,10,Moderate,Crack Seal,1,provisional,Michigan GIS Open Data + Paventra rehearsal assumptions,2026-08-16
LEO-ROAD-995,LEO-995-8991103800882538019268,S US 127,,,Leoni Township,42.227325945281144,-84.36268535545194,0.307813,2,Asphalt,Local,65,2026-08-16,Medium,1000,10,Moderate,Crack Seal,1,provisional,Michigan GIS Open Data + Paventra rehearsal assumptions,2026-08-16
LEO-ROAD-996,LEO-996-9184063800881938008828,S Lakeside Dr,,,Leoni Township,42.226825452590695,-84.3269465741938,0.006589,2,Asphalt,Local,65,2026-08-16,Medium,1000,10,Moderate,Crack Seal,1,provisional,Michigan GIS Open Data + Paventra rehearsal assumptions,2026-08-16
LEO-ROAD-997,LEO-997-8991093800882738019269,N US 127,,,Leoni Township,42.2273136576858,-84.36244531770211,0.282429,2,Asphalt,Local,65,2026-08-16,Medium,1000,10,Moderate,Crack Seal,1,provisional,Michigan GIS Open Data + Paventra rehearsal assumptions,2026-08-16
LEO-ROAD-998,LEO-998-33807783800874338008840,Phillips Ct,,,Leoni Township,42.22769086641194,-84.32033234924825,0.076395,2,Asphalt,Local,65,2026-08-16,Medium,1000,10,Moderate,Crack Seal,1,provisional,Michigan GIS Open Data + Paventra rehearsal assumptions,2026-08-16
LEO-ROAD-999,LEO-999-9012033802051638008743,Napoleon Rd,,,Leoni Township,42.22647826430254,-84.31848943364882,0.126211,2,Asphalt,Local,65,2026-08-16,Medium,1000,10,Moderate,Crack Seal,1,provisional,Michigan GIS Open Data + Paventra rehearsal assumptions,2026-08-16
LEO-ROAD-1000,LEO-1000-8991103800884338008825,S US 127,,,Leoni Township,42.227110097869506,-84.36269076338802,0.014895,2,Asphalt,Local,65,2026-08-16,Medium,1000,10,Moderate,Crack Seal,1,provisional,Michigan GIS Open Data + Paventra rehearsal assumptions,2026-08-16
LEO-ROAD-1001,LEO-1001-8991093800884838008827,N US 127,,,Leoni Township,42.22708238415314,-84.36248077539544,0.01606,2,Asphalt,Local,65,2026-08-16,Medium,1000,10,Moderate,Crack Seal,1,provisional,Michigan GIS Open Data + Paventra rehearsal assumptions,2026-08-16
LEO-ROAD-1002,LEO-1002-9184043800886238008729,Bennett Dr,,,Leoni Township,42.22643786691743,-84.32594410554617,0.132677,2,Asphalt,Local,65,2026-08-16,Medium,1000,10,Moderate,Crack Seal,1,provisional,Michigan GIS Open Data + Paventra rehearsal assumptions,2026-08-16
LEO-ROAD-1003,LEO-1003-9184063800882838008862,S Lakeside Dr,,,Leoni Township,42.226786097509965,-84.32682949044467,0.051366,2,Asphalt,Local,65,2026-08-16,Medium,1000,10,Moderate,Crack Seal,1,provisional,Michigan GIS Open Data + Paventra rehearsal assumptions,2026-08-16
LEO-ROAD-1004,LEO-1004-9140173800822138008885,S Green Acres Rd,,,Leoni Township,42.232791784807816,-84.27638732629266,0.5,2,Asphalt,Local,65,2026-08-16,Medium,1000,10,Moderate,Crack Seal,1,provisional,Michigan GIS Open Data + Paventra rehearsal assumptions,2026-08-16
LEO-ROAD-1005,LEO-1005-33801103802176938008812,Huggins Rd,,,Leoni Township,42.225991362412685,-84.30706984764261,0.108377,2,Asphalt,Local,65,2026-08-16,Medium,1000,10,Moderate,Crack Seal,1,provisional,Michigan GIS Open Data + Paventra rehearsal assumptions,2026-08-16
LEO-ROAD-1006,LEO-1006-33815223802051638020508,West Ct,,,Leoni Township,42.22647826430254,-84.31848943364882,0.033467,2,Asphalt,Local,65,2026-08-16,Medium,1000,10,Moderate,Crack Seal,1,provisional,Michigan GIS Open Data + Paventra rehearsal assumptions,2026-08-16
LEO-ROAD-1007,LEO-1007-9184073800889038008798,N State St,,,Leoni Township,42.2262569189548,-84.33319940676779,0.255763,2,Asphalt,Local,65,2026-08-16,Medium,1000,10,Moderate,Crack Seal,1,provisional,Michigan GIS Open Data + Paventra rehearsal assumptions,2026-08-16
LEO-ROAD-1008,LEO-1008-33815923800889038017026,W State St,,,Leoni Township,42.2262569189548,-84.33319940676779,0.02771,2,Asphalt,Local,65,2026-08-16,Medium,1000,10,Moderate,Crack Seal,1,provisional,Michigan GIS Open Data + Paventra rehearsal assumptions,2026-08-16
LEO-ROAD-1009,LEO-1009-9139103800889638008819,5th St,,,Leoni Township,42.22611143547187,-84.32692880598198,0.049271,2,Asphalt,Local,65,2026-08-16,Medium,1000,10,Moderate,Crack Seal,1,provisional,Michigan GIS Open Data + Paventra rehearsal assumptions,2026-08-16
LEO-ROAD-1010,LEO-1010-33801103800890638021769,Huggins Rd,,,Leoni Township,42.225791928310315,-84.31076651802287,0.19148,2,Asphalt,Local,65,2026-08-16,Medium,1000,10,Moderate,Crack Seal,1,provisional,Michigan GIS Open Data + Paventra rehearsal assumptions,2026-08-16
LEO-ROAD-1011,LEO-1011-9184043800891238008862,Bennett Dr,,,Leoni Township,42.226012228903,-84.32655094008723,0.042786,2,Asphalt,Local,65,2026-08-16,Medium,1000,10,Moderate,Crack Seal,1,provisional,Michigan GIS Open Data + Paventra rehearsal assumptions,2026-08-16
LEO-ROAD-1012,LEO-1012-33801103800891038008906,Huggins Rd,,,Leoni Township,42.225787953381015,-84.31178798126815,0.052381,2,Asphalt,Local,65,2026-08-16,Medium,1000,10,Moderate,Crack Seal,1,provisional,Michigan GIS Open Data + Paventra rehearsal assumptions,2026-08-16
LEO-ROAD-1013,LEO-1013-33801103800891438008910,Huggins Rd,,,Leoni Township,42.22577699419262,-84.31351607686291,0.088617,2,Asphalt,Local,65,2026-08-16,Medium,1000,10,Moderate,Crack Seal,1,provisional,Michigan GIS Open Data + Paventra rehearsal assumptions,2026-08-16
LEO-ROAD-1014,LEO-1014-9140053800891438008449,9th St,,,Leoni Township,42.22577699419262,-84.31351607686291,0.369616,2,Asphalt,Local,65,2026-08-16,Medium,1000,10,Moderate,Crack Seal,1,provisional,Michigan GIS Open Data + Paventra rehearsal assumptions,2026-08-16
LEO-ROAD-1015,LEO-1015-33801103800891738008914,Huggins Rd,,,Leoni Township,42.22579506845075,-84.31543389362287,0.09835,2,Asphalt,Local,65,2026-08-16,Medium,1000,10,Moderate,Crack Seal,1,provisional,Michigan GIS Open Data + Paventra rehearsal assumptions,2026-08-16
LEO-ROAD-1016,LEO-1016-9189053800891738008536,8th St,,,Leoni Township,42.22579506845075,-84.31543389362287,0.309325,2,Asphalt,Local,65,2026-08-16,Medium,1000,10,Moderate,Crack Seal,1,provisional,Michigan GIS Open Data + Paventra rehearsal assumptions,2026-08-16
LEO-ROAD-1017,LEO-1017-9195093800892038008886,Tolle Ct,,,Leoni Township,42.225930400918145,-84.32470756168131,0.017494,2,Asphalt,Local,65,2026-08-16,Medium,1000,10,Moderate,Crack Seal,1,provisional,Michigan GIS Open Data + Paventra rehearsal assumptions,2026-08-16
LEO-ROAD-1018,LEO-1018-9184063800886238008920,S Lakeside Dr,,,Leoni Township,42.22643786691743,-84.32594410554617,0.072431,2,Asphalt,Local,65,2026-08-16,Medium,1000,10,Moderate,Crack Seal,1,provisional,Michigan GIS Open Data + Paventra rehearsal assumptions,2026-08-16
LEO-ROAD-1019,LEO-1019-9012033802051438020516,Napoleon Rd,,,Leoni Township,42.225819004984416,-84.31749240583433,0.06843,2,Asphalt,Local,65,2026-08-16,Medium,1000,10,Moderate,Crack Seal,1,provisional,Michigan GIS Open Data + Paventra rehearsal assumptions,2026-08-16
LEO-ROAD-1020,LEO-1020-33801103800892338008917,Huggins Rd,,,Leoni Township,42.22574612469017,-84.31738094732205,0.099981,2,Asphalt,Local,65,2026-08-16,Medium,1000,10,Moderate,Crack Seal,1,provisional,Michigan GIS Open Data + Paventra rehearsal assumptions,2026-08-16
LEO-ROAD-1021,LEO-1021-9206093800892338008537,7th St,,,Leoni Township,42.22574612469017,-84.31738094732205,0.305303,2,Asphalt,Local,65,2026-08-16,Medium,1000,10,Moderate,Crack Seal,1,provisional,Michigan GIS Open Data + Paventra rehearsal assumptions,2026-08-16
LEO-ROAD-1022,LEO-1022-9012033800892338020514,Napoleon Rd,,,Leoni Township,42.22574612469017,-84.31738094732205,0.007612,2,Asphalt,Local,65,2026-08-16,Medium,1000,10,Moderate,Crack Seal,1,provisional,Michigan GIS Open Data + Paventra rehearsal assumptions,2026-08-16
LEO-ROAD-1023,LEO-1023-9184053801702338008896,Orchard St,,,Leoni Township,42.22591814541697,-84.33015376105716,0.166982,2,Asphalt,Local,65,2026-08-16,Medium,1000,10,Moderate,Crack Seal,1,provisional,Michigan GIS Open Data + Paventra rehearsal assumptions,2026-08-16
LEO-ROAD-1024,LEO-1024-9012033802051538008923,Napoleon Rd,,,Leoni Township,42.22566323025033,-84.31726992921112,0.008069,2,Asphalt,Local,65,2026-08-16,Medium,1000,10,Moderate,Crack Seal,1,provisional,Michigan GIS Open Data + Paventra rehearsal assumptions,2026-08-16
LEO-ROAD-1025,LEO-1025-9184043800894338008912,Bennett Dr,,,Leoni Township,42.22571864852096,-84.32692203335712,0.027791,2,Asphalt,Local,65,2026-08-16,Medium,1000,10,Moderate,Crack Seal,1,provisional,Michigan GIS Open Data + Paventra rehearsal assumptions,2026-08-16
LEO-ROAD-1026,LEO-1026-9139103800894338008896,5th St,,,Leoni Township,42.22571864852096,-84.32692203335712,0.027102,2,Asphalt,Local,65,2026-08-16,Medium,1000,10,Moderate,Crack Seal,1,provisional,Michigan GIS Open Data + Paventra rehearsal assumptions,2026-08-16
LEO-ROAD-1027,LEO-1027-33815213802050038020514,7th St,,,Leoni Township,42.22554236056209,-84.31811018098168,0.037324,2,Asphalt,Local,65,2026-08-16,Medium,1000,10,Moderate,Crack Seal,1,provisional,Michigan GIS Open Data + Paventra rehearsal assumptions,2026-08-16
LEO-ROAD-1028,LEO-1028-33815203802050038020501,Clubhouse Ct,,,Leoni Township,42.22554236056209,-84.31811018098168,0.033051,2,Asphalt,Local,65,2026-08-16,Medium,1000,10,Moderate,Crack Seal,1,provisional,Michigan GIS Open Data + Paventra rehearsal assumptions,2026-08-16
LEO-ROAD-1029,LEO-1029-9195043800897238008890,W State St,,,Leoni Township,42.22561601869836,-84.33323752051629,0.044455,2,Asphalt,Local,65,2026-08-16,Medium,1000,10,Moderate,Crack Seal,1,provisional,Michigan GIS Open Data + Paventra rehearsal assumptions,2026-08-16
LEO-ROAD-1030,LEO-1030-9184053800897538017023,Orchard St,,,Leoni Township,42.22557426485811,-84.33180554506269,0.087969,2,Asphalt,Local,65,2026-08-16,Medium,1000,10,Moderate,Crack Seal,1,provisional,Michigan GIS Open Data + Paventra rehearsal assumptions,2026-08-16
LEO-ROAD-1031,LEO-1031-9184033800897238008975,Center St,,,Leoni Township,42.22561601869836,-84.33323752051629,0.073486,2,Asphalt,Local,65,2026-08-16,Medium,1000,10,Moderate,Crack Seal,1,provisional,Michigan GIS Open Data + Paventra rehearsal assumptions,2026-08-16
LEO-ROAD-1032,LEO-1032-9195053801702438017023,Cherry St,,,Leoni Township,42.22551546612465,-84.33013665882144,0.028726,2,Asphalt,Local,65,2026-08-16,Medium,1000,10,Moderate,Crack Seal,1,provisional,Michigan GIS Open Data + Paventra rehearsal assumptions,2026-08-16
LEO-ROAD-1033,LEO-1033-9184033800897538017024,Cherry St,,,Leoni Township,42.22557426485811,-84.33180554506269,0.085674,2,Asphalt,Local,65,2026-08-16,Medium,1000,10,Moderate,Crack Seal,1,provisional,Michigan GIS Open Data + Paventra rehearsal assumptions,2026-08-16
LEO-ROAD-1034,LEO-1034-9195103800897038017028,Addie Ct,,,Leoni Township,42.225381639490315,-84.32261693538666,0.017852,2,Asphalt,Local,65,2026-08-16,Medium,1000,10,Moderate,Crack Seal,1,provisional,Michigan GIS Open Data + Paventra rehearsal assumptions,2026-08-16
LEO-ROAD-1035,LEO-1035-9196013800888638008970,Gilmore Ct,,,Leoni Township,42.22615322219108,-84.3245457199495,0.112321,2,Asphalt,Local,65,2026-08-16,Medium,1000,10,Moderate,Crack Seal,1,provisional,Michigan GIS Open Data + Paventra rehearsal assumptions,2026-08-16
LEO-ROAD-1036,LEO-1036-33815203802051538020500,Clubhouse Ct,,,Leoni Township,42.22566323025033,-84.31726992921112,0.069185,2,Asphalt,Local,65,2026-08-16,Medium,1000,10,Moderate,Crack Seal,1,provisional,Michigan GIS Open Data + Paventra rehearsal assumptions,2026-08-16
LEO-ROAD-1037,LEO-1037-9195103800899338008970,Addie Ct,,,Leoni Township,42.225115136223394,-84.3227513754537,0.019648,2,Asphalt,Local,65,2026-08-16,Medium,1000,10,Moderate,Crack Seal,1,provisional,Michigan GIS Open Data + Paventra rehearsal assumptions,2026-08-16
LEO-ROAD-1038,LEO-1038-9184063800892038008993,S Lakeside Dr,,,Leoni Township,42.225930400918145,-84.32470756168131,0.115004,2,Asphalt,Local,65,2026-08-16,Medium,1000,10,Moderate,Crack Seal,1,provisional,Michigan GIS Open Data + Paventra rehearsal assumptions,2026-08-16
LEO-ROAD-1039,LEO-1039-9140053800900238008914,9th St,,,Leoni Township,42.22489382144575,-84.31349474722634,0.060942,2,Asphalt,Local,65,2026-08-16,Medium,1000,10,Moderate,Crack Seal,1,provisional,Michigan GIS Open Data + Paventra rehearsal assumptions,2026-08-16
LEO-ROAD-1040,LEO-1040-9139103800900138008943,5th St,,,Leoni Township,42.22506374140772,-84.3269243055515,0.045184,2,Asphalt,Local,65,2026-08-16,Medium,1000,10,Moderate,Crack Seal,1,provisional,Michigan GIS Open Data + Paventra rehearsal assumptions,2026-08-16
LEO-ROAD-1041,LEO-1041-9184033801702438009001,Cherry St,,,Leoni Township,42.22551546612465,-84.33013665882144,0.169809,2,Asphalt,Local,65,2026-08-16,Medium,1000,10,Moderate,Crack Seal,1,provisional,Michigan GIS Open Data + Paventra rehearsal assumptions,2026-08-16
LEO-ROAD-1042,LEO-1042-9206083800900738009002,Tipperary Rd,,,Leoni Township,42.22488702098169,-84.31539891481772,0.097645,2,Asphalt,Local,65,2026-08-16,Medium,1000,10,Moderate,Crack Seal,1,provisional,Michigan GIS Open Data + Paventra rehearsal assumptions,2026-08-16
LEO-ROAD-1043,LEO-1043-9189053800900738008917,8th St,,,Leoni Township,42.22488702098169,-84.31539891481772,0.062675,2,Asphalt,Local,65,2026-08-16,Medium,1000,10,Moderate,Crack Seal,1,provisional,Michigan GIS Open Data + Paventra rehearsal assumptions,2026-08-16
LEO-ROAD-1044,LEO-1044-9207013800900638009003,Kloack St,,,Leoni Township,42.22480988085911,-84.31074342607525,0.030303,2,Asphalt,Local,65,2026-08-16,Medium,1000,10,Moderate,Crack Seal,1,provisional,Michigan GIS Open Data + Paventra rehearsal assumptions,2026-08-16
LEO-ROAD-1045,LEO-1045-9189073800900638008906,Backus St,,,Leoni Township,42.22480988085911,-84.31074342607525,0.067765,2,Asphalt,Local,65,2026-08-16,Medium,1000,10,Moderate,Crack Seal,1,provisional,Michigan GIS Open Data + Paventra rehearsal assumptions,2026-08-16
LEO-ROAD-1046,LEO-1046-9206083800901038009007,Tipperary Rd,,,Leoni Township,42.22489125189779,-84.31627323574291,0.044835,2,Asphalt,Local,65,2026-08-16,Medium,1000,10,Moderate,Crack Seal,1,provisional,Michigan GIS Open Data + Paventra rehearsal assumptions,2026-08-16
LEO-ROAD-1047,LEO-1047-9012033800901038020515,Napoleon Rd,,,Leoni Township,42.22489125189779,-84.31627323574291,0.073827,2,Asphalt,Local,65,2026-08-16,Medium,1000,10,Moderate,Crack Seal,1,provisional,Michigan GIS Open Data + Paventra rehearsal assumptions,2026-08-16
LEO-ROAD-1048,LEO-1048-9189063800901238008910,Pett St,,,Leoni Township,42.22480810853395,-84.31177805046615,0.067604,2,Asphalt,Local,65,2026-08-16,Medium,1000,10,Moderate,Crack Seal,1,provisional,Michigan GIS Open Data + Paventra rehearsal assumptions,2026-08-16
LEO-ROAD-1049,LEO-1049-9207013800901238009006,Kloack St,,,Leoni Township,42.22480810853395,-84.31177805046615,0.053061,2,Asphalt,Local,65,2026-08-16,Medium,1000,10,Moderate,Crack Seal,1,provisional,Michigan GIS Open Data + Paventra rehearsal assumptions,2026-08-16
LEO-ROAD-1050,LEO-1050-9207013800905838009012,Kloack St,,,Leoni Township,42.224803917450565,-84.31256841897748,0.04053,2,Asphalt,Local,65,2026-08-16,Medium,1000,10,Moderate,Crack Seal,1,provisional,Michigan GIS Open Data + Paventra rehearsal assumptions,2026-08-16
LEO-ROAD-1051,LEO-1051-33807983800904038017044,Seneca Dr,,,Leoni Township,42.225569388487216,-84.35993591103424,0.04453,2,Asphalt,Local,65,2026-08-16,Medium,1000,10,Moderate,Crack Seal,1,provisional,Michigan GIS Open Data + Paventra rehearsal assumptions,2026-08-16
LEO-ROAD-1052,LEO-1052-9012033800905238009010,Napoleon Rd,,,Leoni Township,42.22456409031854,-84.31589769088289,0.02967,2,Asphalt,Local,65,2026-08-16,Medium,1000,10,Moderate,Crack Seal,1,provisional,Michigan GIS Open Data + Paventra rehearsal assumptions,2026-08-16
LEO-ROAD-1053,LEO-1053-33807833800904638009048,Midway Dr,,,Leoni Township,42.22499156382272,-84.34621454987811,0.046296,2,Asphalt,Local,65,2026-08-16,Medium,1000,10,Moderate,Crack Seal,1,provisional,Michigan GIS Open Data + Paventra rehearsal assumptions,2026-08-16
LEO-ROAD-1054,LEO-1054-9139043800904638008624,Falahee Rd,,,Leoni Township,42.22499156382272,-84.34621454987811,0.319789,2,Asphalt,Local,65,2026-08-16,Medium,1000,10,Moderate,Crack Seal,1,provisional,Michigan GIS Open Data + Paventra rehearsal assumptions,2026-08-16
LEO-ROAD-1055,LEO-1055-9195043800905738008972,W State St,,,Leoni Township,42.22463674670261,-84.33325080962346,0.067566,2,Asphalt,Local,65,2026-08-16,Medium,1000,10,Moderate,Crack Seal,1,provisional,Michigan GIS Open Data + Paventra rehearsal assumptions,2026-08-16
LEO-ROAD-1056,LEO-1056-8991103800905338008843,S US 127,,,Leoni Township,42.22499137804428,-84.36264165188827,0.146201,2,Asphalt,Local,65,2026-08-16,Medium,1000,10,Moderate,Crack Seal,1,provisional,Michigan GIS Open Data + Paventra rehearsal assumptions,2026-08-16
LEO-ROAD-1057,LEO-1057-9189053800907838009007,8th St,,,Leoni Township,42.224153667422684,-84.31541769155706,0.050605,2,Asphalt,Local,65,2026-08-16,Medium,1000,10,Moderate,Crack Seal,1,provisional,Michigan GIS Open Data + Paventra rehearsal assumptions,2026-08-16
LEO-ROAD-1058,LEO-1058-9012033800907838009052,Napoleon Rd,,,Leoni Township,42.224153667422684,-84.31541769155706,0.037519,2,Asphalt,Local,65,2026-08-16,Medium,1000,10,Moderate,Crack Seal,1,provisional,Michigan GIS Open Data + Paventra rehearsal assumptions,2026-08-16
LEO-ROAD-1059,LEO-1059-9139043800908838009046,Falahee Rd,,,Leoni Township,42.22455484051262,-84.34622865141493,0.03014,2,Asphalt,Local,65,2026-08-16,Medium,1000,10,Moderate,Crack Seal,1,provisional,Michigan GIS Open Data + Paventra rehearsal assumptions,2026-08-16
LEO-ROAD-1060,LEO-1060-33807983801704438017045,Seneca Dr,,,Leoni Township,42.22540676639312,-84.35915187585111,0.074251,2,Asphalt,Local,65,2026-08-16,Medium,1000,10,Moderate,Crack Seal,1,provisional,Michigan GIS Open Data + Paventra rehearsal assumptions,2026-08-16
LEO-ROAD-1061,LEO-1061-9140053800909438009002,9th St,,,Leoni Township,42.22402080866578,-84.31347381941718,0.060243,2,Asphalt,Local,65,2026-08-16,Medium,1000,10,Moderate,Crack Seal,1,provisional,Michigan GIS Open Data + Paventra rehearsal assumptions,2026-08-16
LEO-ROAD-1062,LEO-1062-33800463800909938009094,Venice Dr,,,Leoni Township,42.224022574331165,-84.31523870436563,0.090503,2,Asphalt,Local,65,2026-08-16,Medium,1000,10,Moderate,Crack Seal,1,provisional,Michigan GIS Open Data + Paventra rehearsal assumptions,2026-08-16
LEO-ROAD-1063,LEO-1063-9012033800909938009078,Napoleon Rd,,,Leoni Township,42.224022574331165,-84.31523870436563,0.012886,2,Asphalt,Local,65,2026-08-16,Medium,1000,10,Moderate,Crack Seal,1,provisional,Michigan GIS Open Data + Paventra rehearsal assumptions,2026-08-16
LEO-ROAD-1064,LEO-1064-9183123800908838009100,Myers Ct,,,Leoni Township,42.22455484051262,-84.34622865141493,0.34678,2,Asphalt,Local,65,2026-08-16,Medium,1000,10,Moderate,Crack Seal,1,provisional,Michigan GIS Open Data + Paventra rehearsal assumptions,2026-08-16
LEO-ROAD-1065,LEO-1065-33807973801704538009102,Dakota Pl,,,Leoni Township,42.22470863018893,-84.35839177648643,0.070286,2,Asphalt,Local,65,2026-08-16,Medium,1000,10,Moderate,Crack Seal,1,provisional,Michigan GIS Open Data + Paventra rehearsal assumptions,2026-08-16
LEO-ROAD-1066,LEO-1066-8991093800908338008848,N US 127,,,Leoni Township,42.224681182015665,-84.3624233643391,0.165714,2,Asphalt,Local,65,2026-08-16,Medium,1000,10,Moderate,Crack Seal,1,provisional,Michigan GIS Open Data + Paventra rehearsal assumptions,2026-08-16
LEO-ROAD-1067,LEO-1067-33807973800910338017045,Dakota Pl,,,Leoni Township,42.224626102835295,-84.35891691779324,0.027843,2,Asphalt,Local,65,2026-08-16,Medium,1000,10,Moderate,Crack Seal,1,provisional,Michigan GIS Open Data + Paventra rehearsal assumptions,2026-08-16
LEO-ROAD-1068,LEO-1068-33807963800910338017044,E Hiawatha St,,,Leoni Township,42.224626102835295,-84.35891691779324,0.061343,2,Asphalt,Local,65,2026-08-16,Medium,1000,10,Moderate,Crack Seal,1,provisional,Michigan GIS Open Data + Paventra rehearsal assumptions,2026-08-16
LEO-ROAD-1069,LEO-1069-9012033800911038009099,Napoleon Rd,,,Leoni Township,42.22390535025056,-84.3150979963638,0.010838,2,Asphalt,Local,65,2026-08-16,Medium,1000,10,Moderate,Crack Seal,1,provisional,Michigan GIS Open Data + Paventra rehearsal assumptions,2026-08-16
LEO-ROAD-1070,LEO-1070-9196033800911638009110,Venice Dr,,,Leoni Township,42.22387563881158,-84.31613619751789,0.053576,2,Asphalt,Local,65,2026-08-16,Medium,1000,10,Moderate,Crack Seal,1,provisional,Michigan GIS Open Data + Paventra rehearsal assumptions,2026-08-16
LEO-ROAD-1071,LEO-1071-9196123800905238009116,Duryeas Point Dr,,,Leoni Township,42.22456409031854,-84.31589769088289,0.049395,2,Asphalt,Local,65,2026-08-16,Medium,1000,10,Moderate,Crack Seal,1,provisional,Michigan GIS Open Data + Paventra rehearsal assumptions,2026-08-16
LEO-ROAD-1072,LEO-1072-9139103800911938009001,5th St,,,Leoni Township,42.22400768380661,-84.32692308832279,0.07286,2,Asphalt,Local,65,2026-08-16,Medium,1000,10,Moderate,Crack Seal,1,provisional,Michigan GIS Open Data + Paventra rehearsal assumptions,2026-08-16
LEO-ROAD-1073,LEO-1073-9184123800911938009057,S State St,,,Leoni Township,42.22400768380661,-84.32692308832279,0.333764,2,Asphalt,Local,65,2026-08-16,Medium,1000,10,Moderate,Crack Seal,1,provisional,Michigan GIS Open Data + Paventra rehearsal assumptions,2026-08-16
LEO-ROAD-1074,LEO-1074-9184123800905738017602,S State St,,,Leoni Township,42.22463674670261,-84.33325080962346,0.179114,2,Asphalt,Local,65,2026-08-16,Medium,1000,10,Moderate,Crack Seal,1,provisional,Michigan GIS Open Data + Paventra rehearsal assumptions,2026-08-16
LEO-ROAD-1075,LEO-1075-33807963801704938009103,E Hiawatha St,,,Leoni Township,42.224086870951275,-84.35915689316431,0.03977,2,Asphalt,Local,65,2026-08-16,Medium,1000,10,Moderate,Crack Seal,1,provisional,Michigan GIS Open Data + Paventra rehearsal assumptions,2026-08-16
LEO-ROAD-1076,LEO-1076-33807953800904038009143,W Hiawatha St,,,Leoni Township,42.225569388487216,-84.35993591103424,0.110922,2,Asphalt,Local,65,2026-08-16,Medium,1000,10,Moderate,Crack Seal,1,provisional,Michigan GIS Open Data + Paventra rehearsal assumptions,2026-08-16
LEO-ROAD-1077,LEO-1077-9195023800917638017433,Arthetta Dr,,,Leoni Township,42.22352051118135,-84.33003521911205,0.032498,2,Asphalt,Local,65,2026-08-16,Medium,1000,10,Moderate,Crack Seal,1,provisional,Michigan GIS Open Data + Paventra rehearsal assumptions,2026-08-16
LEO-ROAD-1078,LEO-1078-9195133800917638009178,Hillview Dr,,,Leoni Township,42.22352051118135,-84.33003521911205,0.06231,2,Asphalt,Local,65,2026-08-16,Medium,1000,10,Moderate,Crack Seal,1,provisional,Michigan GIS Open Data + Paventra rehearsal assumptions,2026-08-16
LEO-ROAD-1079,LEO-1079-9195133800917838009179,Hillview Dr,,,Leoni Township,42.22351159292416,-84.33124845639277,0.025758,2,Asphalt,Local,65,2026-08-16,Medium,1000,10,Moderate,Crack Seal,1,provisional,Michigan GIS Open Data + Paventra rehearsal assumptions,2026-08-16
LEO-ROAD-1080,LEO-1080-33807923800919838017049,Hiawatha Blvd,,,Leoni Township,42.22380126642335,-84.35844131368576,0.042119,2,Asphalt,Local,65,2026-08-16,Medium,1000,10,Moderate,Crack Seal,1,provisional,Michigan GIS Open Data + Paventra rehearsal assumptions,2026-08-16
LEO-ROAD-1081,LEO-1081-33815903800919638008756,Noon Rd,,,Leoni Township,42.222711696625666,-84.2883883210238,0.303927,2,Asphalt,Local,65,2026-08-16,Medium,1000,10,Moderate,Crack Seal,1,provisional,Michigan GIS Open Data + Paventra rehearsal assumptions,2026-08-16
LEO-ROAD-1082,LEO-1082-33815903800920438009196,Noon Rd,,,Leoni Township,42.22261163829202,-84.2883825657715,0.00691,2,Asphalt,Local,65,2026-08-16,Medium,1000,10,Moderate,Crack Seal,1,provisional,Michigan GIS Open Data + Paventra rehearsal assumptions,2026-08-16
LEO-ROAD-1083,LEO-1083-9140053800921438009094,9th St,,,Leoni Township,42.222713775753824,-84.31343557968873,0.090197,2,Asphalt,Local,65,2026-08-16,Medium,1000,10,Moderate,Crack Seal,1,provisional,Michigan GIS Open Data + Paventra rehearsal assumptions,2026-08-16
LEO-ROAD-1084,LEO-1084-9012033800921538009110,Napoleon Rd,,,Leoni Township,42.22271378617352,-84.3136349368444,0.111298,2,Asphalt,Local,65,2026-08-16,Medium,1000,10,Moderate,Crack Seal,1,provisional,Michigan GIS Open Data + Paventra rehearsal assumptions,2026-08-16
LEO-ROAD-1085,LEO-1085-9183013800922738009229,Sunrise Ct,,,Leoni Township,42.223115971282,-84.34619266355477,0.124214,2,Asphalt,Local,65,2026-08-16,Medium,1000,10,Moderate,Crack Seal,1,provisional,Michigan GIS Open Data + Paventra rehearsal assumptions,2026-08-16
LEO-ROAD-1086,LEO-1086-9139043800922738009088,Falahee Rd,,,Leoni Township,42.223115971282,-84.34619266355477,0.099289,2,Asphalt,Local,65,2026-08-16,Medium,1000,10,Moderate,Crack Seal,1,provisional,Michigan GIS Open Data + Paventra rehearsal assumptions,2026-08-16
LEO-ROAD-1087,LEO-1087-33807943800919838009222,Commanche Ln,,,Leoni Township,42.22380126642335,-84.35844131368576,0.158843,2,Asphalt,Local,65,2026-08-16,Medium,1000,10,Moderate,Crack Seal,1,provisional,Michigan GIS Open Data + Paventra rehearsal assumptions,2026-08-16
LEO-ROAD-1088,LEO-1088-33807933801704238017043,Mohican Dr,,,Leoni Township,42.22324823913546,-84.35620856297557,0.020308,2,Asphalt,Local,65,2026-08-16,Medium,1000,10,Moderate,Crack Seal,1,provisional,Michigan GIS Open Data + Paventra rehearsal assumptions,2026-08-16
LEO-ROAD-1089,LEO-1089-33807923801704238009222,Hiawatha Blvd,,,Leoni Township,42.22324823913546,-84.35620856297557,0.024463,2,Asphalt,Local,65,2026-08-16,Medium,1000,10,Moderate,Crack Seal,1,provisional,Michigan GIS Open Data + Paventra rehearsal assumptions,2026-08-16
LEO-ROAD-1090,LEO-1090-9184063800899338009238,S Lakeside Dr,,,Leoni Township,42.225115136223394,-84.3227513754537,0.278031,2,Asphalt,Local,65,2026-08-16,Medium,1000,10,Moderate,Crack Seal,1,provisional,Michigan GIS Open Data + Paventra rehearsal assumptions,2026-08-16
LEO-ROAD-1091,LEO-1091-9140053800923138009214,9th St,,,Leoni Township,42.22256792205182,-84.31345933301067,0.010136,2,Asphalt,Local,65,2026-08-16,Medium,1000,10,Moderate,Crack Seal,1,provisional,Michigan GIS Open Data + Paventra rehearsal assumptions,2026-08-16
LEO-ROAD-1092,LEO-1092-9012033800923138009215,Napoleon Rd,,,Leoni Township,42.22256792205182,-84.31345933301067,0.013504,2,Asphalt,Local,65,2026-08-16,Medium,1000,10,Moderate,Crack Seal,1,provisional,Michigan GIS Open Data + Paventra rehearsal assumptions,2026-08-16
LEO-ROAD-1093,LEO-1093-33807923800922238009224,Hiawatha Blvd,,,Leoni Township,42.223255337489356,-84.35668551158734,0.023915,2,Asphalt,Local,65,2026-08-16,Medium,1000,10,Moderate,Crack Seal,1,provisional,Michigan GIS Open Data + Paventra rehearsal assumptions,2026-08-16
LEO-ROAD-1094,LEO-1094-33807923800922438009198,Hiawatha Blvd,,,Leoni Township,42.223207283126754,-84.3571473640011,0.077989,2,Asphalt,Local,65,2026-08-16,Medium,1000,10,Moderate,Crack Seal,1,provisional,Michigan GIS Open Data + Paventra rehearsal assumptions,2026-08-16
LEO-ROAD-1095,LEO-1095-9139103800924338009119,5th St,,,Leoni Township,42.22270158314777,-84.32725577709708,0.100847,2,Asphalt,Local,65,2026-08-16,Medium,1000,10,Moderate,Crack Seal,1,provisional,Michigan GIS Open Data + Paventra rehearsal assumptions,2026-08-16
LEO-ROAD-1096,LEO-1096-33801033800924238009238,E Grove Ave,,,Leoni Township,42.22265700600393,-84.32621173985271,0.380642,2,Asphalt,Local,65,2026-08-16,Medium,1000,10,Moderate,Crack Seal,1,provisional,Michigan GIS Open Data + Paventra rehearsal assumptions,2026-08-16
LEO-ROAD-1097,LEO-1097-33801033800924338009242,E Grove Ave,,,Leoni Township,42.22270158314777,-84.32725577709708,0.053627,2,Asphalt,Local,65,2026-08-16,Medium,1000,10,Moderate,Crack Seal,1,provisional,Michigan GIS Open Data + Paventra rehearsal assumptions,2026-08-16
LEO-ROAD-1098,LEO-1098-33801033800924938009243,W Grove Ave,,,Leoni Township,42.222624837709816,-84.32820129287019,0.049542,2,Asphalt,Local,65,2026-08-16,Medium,1000,10,Moderate,Crack Seal,1,provisional,Michigan GIS Open Data + Paventra rehearsal assumptions,2026-08-16
LEO-ROAD-1099,LEO-1099-9194093800925938009249,Cedar Dr,,,Leoni Township,42.22258605041342,-84.33003308611325,0.093974,2,Asphalt,Local,65,2026-08-16,Medium,1000,10,Moderate,Crack Seal,1,provisional,Michigan GIS Open Data + Paventra rehearsal assumptions,2026-08-16
LEO-ROAD-1100,LEO-1100-9195023800925938009176,Arthetta Dr,,,Leoni Township,42.22258605041342,-84.33003308611325,0.064471,2,Asphalt,Local,65,2026-08-16,Medium,1000,10,Moderate,Crack Seal,1,provisional,Michigan GIS Open Data + Paventra rehearsal assumptions,2026-08-16
LEO-ROAD-1101,LEO-1101-33815903802550438009204,Noon Rd,,,Leoni Township,42.22191969597602,-84.2883635584803,0.047749,2,Asphalt,Local,65,2026-08-16,Medium,1000,10,Moderate,Crack Seal,1,provisional,Michigan GIS Open Data + Paventra rehearsal assumptions,2026-08-16
LEO-ROAD-1102,LEO-1102-9194093800926538009259,Cedar Dr,,,Leoni Township,42.22249858750895,-84.33100170938086,0.050301,2,Asphalt,Local,65,2026-08-16,Medium,1000,10,Moderate,Crack Seal,1,provisional,Michigan GIS Open Data + Paventra rehearsal assumptions,2026-08-16
LEO-ROAD-1103,LEO-1103-9194103800926538009178,Barron Dr,,,Leoni Township,42.22249858750895,-84.33100170938086,0.0733,2,Asphalt,Local,65,2026-08-16,Medium,1000,10,Moderate,Crack Seal,1,provisional,Michigan GIS Open Data + Paventra rehearsal assumptions,2026-08-16
LEO-ROAD-1104,LEO-1104-9184123801760238009200,S State St,,,Leoni Township,42.2239945337602,-84.33660853902784,0.214059,2,Asphalt,Local,65,2026-08-16,Medium,1000,10,Moderate,Crack Seal,1,provisional,Michigan GIS Open Data + Paventra rehearsal assumptions,2026-08-16
LEO-ROAD-1105,LEO-1105-9182103800928038009200,Harshbarger Dr,,,Leoni Township,42.222346980425954,-84.33972325494153,0.025773,2,Asphalt,Local,65,2026-08-16,Medium,1000,10,Moderate,Crack Seal,1,provisional,Michigan GIS Open Data + Paventra rehearsal assumptions,2026-08-16
LEO-ROAD-1106,LEO-1106-9012033800928338009231,Napoleon Rd,,,Leoni Township,42.2218746073469,-84.31239500140359,0.073646,2,Asphalt,Local,65,2026-08-16,Medium,1000,10,Moderate,Crack Seal,1,provisional,Michigan GIS Open Data + Paventra rehearsal assumptions,2026-08-16
LEO-ROAD-1107,LEO-1107-9012033800928138009282,Napoleon Rd,,,Leoni Township,42.22176312609281,-84.30523573416639,0.064848,2,Asphalt,Local,65,2026-08-16,Medium,1000,10,Moderate,Crack Seal,1,provisional,Michigan GIS Open Data + Paventra rehearsal assumptions,2026-08-16
LEO-ROAD-1108,LEO-1108-9012033800928238009285,Napoleon Rd,,,Leoni Township,42.221777067145055,-84.30650014420772,0.065795,2,Asphalt,Local,65,2026-08-16,Medium,1000,10,Moderate,Crack Seal,1,provisional,Michigan GIS Open Data + Paventra rehearsal assumptions,2026-08-16
LEO-ROAD-1109,LEO-1109-9012033800928538009283,Napoleon Rd,,,Leoni Township,42.22179543546481,-84.30778293287545,0.236576,2,Asphalt,Local,65,2026-08-16,Medium,1000,10,Moderate,Crack Seal,1,provisional,Michigan GIS Open Data + Paventra rehearsal assumptions,2026-08-16
LEO-ROAD-1110,LEO-1110-9139043800930038009227,Falahee Rd,,,Leoni Township,42.2222102719899,-84.34615975538523,0.06251,2,Asphalt,Local,65,2026-08-16,Medium,1000,10,Moderate,Crack Seal,1,provisional,Michigan GIS Open Data + Paventra rehearsal assumptions,2026-08-16
LEO-ROAD-1111,LEO-1111-9182103800930038009280,Harshbarger Dr,,,Leoni Township,42.2222102719899,-84.34615975538523,0.331737,2,Asphalt,Local,65,2026-08-16,Medium,1000,10,Moderate,Crack Seal,1,provisional,Michigan GIS Open Data + Paventra rehearsal assumptions,2026-08-16
LEO-ROAD-1112,LEO-1112-8976063800905338009303,Unnamed Road,,,Leoni Township,42.22499137804428,-84.36264165188827,0.204336,2,Asphalt,Local,65,2026-08-16,Medium,1000,10,Moderate,Crack Seal,1,provisional,Michigan GIS Open Data + Paventra rehearsal assumptions,2026-08-16
LEO-ROAD-1113,LEO-1113-9009043801932938009303,E South St,,,Leoni Township,42.22236543696143,-84.3647350822383,0.020864,2,Asphalt,Local,65,2026-08-16,Medium,1000,10,Moderate,Crack Seal,1,provisional,Michigan GIS Open Data + Paventra rehearsal assumptions,2026-08-16
LEO-ROAD-1114,LEO-1114-9009043800930338009308,E South St,,,Leoni Township,42.222380089027,-84.36432870067527,0.043303,2,Asphalt,Local,65,2026-08-16,Medium,1000,10,Moderate,Crack Seal,1,provisional,Michigan GIS Open Data + Paventra rehearsal assumptions,2026-08-16
LEO-ROAD-1115,LEO-1115-9009043800930638019329,E South St,,,Leoni Township,42.22234851539581,-84.36526113113717,0.027004,2,Asphalt,Local,65,2026-08-16,Medium,1000,10,Moderate,Crack Seal,1,provisional,Michigan GIS Open Data + Paventra rehearsal assumptions,2026-08-16
LEO-ROAD-1116,LEO-1116-8991103800931338009053,S US 127,,,Leoni Township,42.22224118855595,-84.36262753597715,0.189745,2,Asphalt,Local,65,2026-08-16,Medium,1000,10,Moderate,Crack Seal,1,provisional,Michigan GIS Open Data + Paventra rehearsal assumptions,2026-08-16
LEO-ROAD-1117,LEO-1117-9009043800930838009313,E South St,,,Leoni Township,42.222334024957846,-84.36348664519085,0.044519,2,Asphalt,Local,65,2026-08-16,Medium,1000,10,Moderate,Crack Seal,1,provisional,Michigan GIS Open Data + Paventra rehearsal assumptions,2026-08-16
LEO-ROAD-1118,LEO-1118-8991093800931838009083,N US 127,,,Leoni Township,42.22222152560945,-84.36238859882643,0.169708,2,Asphalt,Local,65,2026-08-16,Medium,1000,10,Moderate,Crack Seal,1,provisional,Michigan GIS Open Data + Paventra rehearsal assumptions,2026-08-16
LEO-ROAD-1119,LEO-1119-9009043800931338009318,E South St,,,Leoni Township,42.22224118855595,-84.36262753597715,0.012328,2,Asphalt,Local,65,2026-08-16,Medium,1000,10,Moderate,Crack Seal,1,provisional,Michigan GIS Open Data + Paventra rehearsal assumptions,2026-08-16
LEO-ROAD-1120,LEO-1120-8976073800932638009083,Unnamed Road,,,Leoni Township,42.222125863455766,-84.3615204589951,0.184236,2,Asphalt,Local,65,2026-08-16,Medium,1000,10,Moderate,Crack Seal,1,provisional,Michigan GIS Open Data + Paventra rehearsal assumptions,2026-08-16
LEO-ROAD-1121,LEO-1121-9009043800931838009326,E South St,,,Leoni Township,42.22222152560945,-84.36238859882643,0.045006,2,Asphalt,Local,65,2026-08-16,Medium,1000,10,Moderate,Crack Seal,1,provisional,Michigan GIS Open Data + Paventra rehearsal assumptions,2026-08-16
LEO-ROAD-1122,LEO-1122-33807923800932438017042,Hiawatha Blvd,,,Leoni Township,42.22170562026735,-84.35615082846287,0.106471,2,Asphalt,Local,65,2026-08-16,Medium,1000,10,Moderate,Crack Seal,1,provisional,Michigan GIS Open Data + Paventra rehearsal assumptions,2026-08-16
LEO-ROAD-1123,LEO-1123-33807913801703738009324,Hiawatha Blvd,,,Leoni Township,42.22169636432433,-84.35594601336334,0.010523,2,Asphalt,Local,65,2026-08-16,Medium,1000,10,Moderate,Crack Seal,1,provisional,Michigan GIS Open Data + Paventra rehearsal assumptions,2026-08-16
LEO-ROAD-1124,LEO-1124-9196163800924238025533,Round Lake Dr,,,Leoni Township,42.22265700600393,-84.32621173985271,0.164923,2,Asphalt,Local,65,2026-08-16,Medium,1000,10,Moderate,Crack Seal,1,provisional,Michigan GIS Open Data + Paventra rehearsal assumptions,2026-08-16
LEO-ROAD-1125,LEO-1125-9010093801933038009306,S Meridian Rd,,,Leoni Township,42.221196236696464,-84.3647374658375,0.085035,2,Asphalt,Local,65,2026-08-16,Medium,1000,10,Moderate,Crack Seal,1,provisional,Michigan GIS Open Data + Paventra rehearsal assumptions,2026-08-16
LEO-ROAD-1126,LEO-1126-33807873800937338009311,Apache Ln,,,Leoni Township,42.221045019390296,-84.3586595691007,0.037461,2,Asphalt,Local,65,2026-08-16,Medium,1000,10,Moderate,Crack Seal,1,provisional,Michigan GIS Open Data + Paventra rehearsal assumptions,2026-08-16
LEO-ROAD-1127,LEO-1127-9189043800938538021763,Greenfield Dr,,,Leoni Township,42.21981102523085,-84.28000714861362,0.055742,2,Asphalt,Local,65,2026-08-16,Medium,1000,10,Moderate,Crack Seal,1,provisional,Michigan GIS Open Data + Paventra rehearsal assumptions,2026-08-16
LEO-ROAD-1128,LEO-1128-33801033800938238009249,W Grove Ave,,,Leoni Township,42.220575467632884,-84.331058398821,0.213187,2,Asphalt,Local,65,2026-08-16,Medium,1000,10,Moderate,Crack Seal,1,provisional,Michigan GIS Open Data + Paventra rehearsal assumptions,2026-08-16
LEO-ROAD-1129,LEO-1129-9194093800938238009265,Cedar Dr,,,Leoni Township,42.220575467632884,-84.331058398821,0.133278,2,Asphalt,Local,65,2026-08-16,Medium,1000,10,Moderate,Crack Seal,1,provisional,Michigan GIS Open Data + Paventra rehearsal assumptions,2026-08-16
LEO-ROAD-1130,LEO-1130-9207063800940338021762,Olvet St,,,Leoni Township,42.21976142029138,-84.28145531912156,0.029374,2,Asphalt,Local,65,2026-08-16,Medium,1000,10,Moderate,Crack Seal,1,provisional,Michigan GIS Open Data + Paventra rehearsal assumptions,2026-08-16
LEO-ROAD-1131,LEO-1131-9157193800928238025505,Bernadette Dr,,,Leoni Township,42.221777067145055,-84.30650014420772,0.114012,2,Asphalt,Local,65,2026-08-16,Medium,1000,10,Moderate,Crack Seal,1,provisional,Michigan GIS Open Data + Paventra rehearsal assumptions,2026-08-16
LEO-ROAD-1132,LEO-1132-9157193802550538009394,Bernadette Dr,,,Leoni Township,42.220136652870295,-84.30654770975504,0.061228,2,Asphalt,Local,65,2026-08-16,Medium,1000,10,Moderate,Crack Seal,1,provisional,Michigan GIS Open Data + Paventra rehearsal assumptions,2026-08-16
LEO-ROAD-1133,LEO-1133-9197013800939438009285,Cecilia Dr,,,Leoni Township,42.2201069140908,-84.30772606562574,0.116532,2,Asphalt,Local,65,2026-08-16,Medium,1000,10,Moderate,Crack Seal,1,provisional,Michigan GIS Open Data + Paventra rehearsal assumptions,2026-08-16
LEO-ROAD-1134,LEO-1134-33807863800937338017048,Apache Ln,,,Leoni Township,42.221045019390296,-84.3586595691007,0.016036,2,Asphalt,Local,65,2026-08-16,Medium,1000,10,Moderate,Crack Seal,1,provisional,Michigan GIS Open Data + Paventra rehearsal assumptions,2026-08-16
LEO-ROAD-1135,LEO-1135-33807853800938638009345,Cherokee Trl,,,Leoni Township,42.22073236835742,-84.35812637269991,0.03851,2,Asphalt,Local,65,2026-08-16,Medium,1000,10,Moderate,Crack Seal,1,provisional,Michigan GIS Open Data + Paventra rehearsal assumptions,2026-08-16
LEO-ROAD-1136,LEO-1136-33807923800937338009386,Hiawatha Blvd,,,Leoni Township,42.221045019390296,-84.3586595691007,0.034828,2,Asphalt,Local,65,2026-08-16,Medium,1000,10,Moderate,Crack Seal,1,provisional,Michigan GIS Open Data + Paventra rehearsal assumptions,2026-08-16
LEO-ROAD-1137,LEO-1137-9196123800911638009401,Duryeas Point Dr,,,Leoni Township,42.22387563881158,-84.31613619751789,0.290188,2,Asphalt,Local,65,2026-08-16,Medium,1000,10,Moderate,Crack Seal,1,provisional,Michigan GIS Open Data + Paventra rehearsal assumptions,2026-08-16
LEO-ROAD-1138,LEO-1138-33801033802007638009382,W Grove Ave,,,Leoni Township,42.220275321155036,-84.33122190009631,0.022497,2,Asphalt,Local,65,2026-08-16,Medium,1000,10,Moderate,Crack Seal,1,provisional,Michigan GIS Open Data + Paventra rehearsal assumptions,2026-08-16
LEO-ROAD-1139,LEO-1139-33813533802007638020075,Chazs Lndg,,,Leoni Township,42.220275321155036,-84.33122190009631,0.149058,2,Asphalt,Local,65,2026-08-16,Medium,1000,10,Moderate,Crack Seal,1,provisional,Michigan GIS Open Data + Paventra rehearsal assumptions,2026-08-16
LEO-ROAD-1140,LEO-1140-33807903801703938017037,Winnebago Ln,,,Leoni Township,42.220617947657274,-84.35558618428672,0.106748,2,Asphalt,Local,65,2026-08-16,Medium,1000,10,Moderate,Crack Seal,1,provisional,Michigan GIS Open Data + Paventra rehearsal assumptions,2026-08-16
LEO-ROAD-1141,LEO-1141-33807893801703938017040,Navajo Rd,,,Leoni Township,42.220617947657274,-84.35558618428672,0.016706,2,Asphalt,Local,65,2026-08-16,Medium,1000,10,Moderate,Crack Seal,1,provisional,Michigan GIS Open Data + Paventra rehearsal assumptions,2026-08-16
LEO-ROAD-1142,LEO-1142-33807913801704038017037,Hiawatha Blvd,,,Leoni Township,42.22061944655412,-84.35591194318202,0.07432,2,Asphalt,Local,65,2026-08-16,Medium,1000,10,Moderate,Crack Seal,1,provisional,Michigan GIS Open Data + Paventra rehearsal assumptions,2026-08-16
LEO-ROAD-1143,LEO-1143-33807893801704038009391,Navajo Rd,,,Leoni Township,42.22061944655412,-84.35591194318202,0.011036,2,Asphalt,Local,65,2026-08-16,Medium,1000,10,Moderate,Crack Seal,1,provisional,Michigan GIS Open Data + Paventra rehearsal assumptions,2026-08-16
LEO-ROAD-1144,LEO-1144-33807923800939138009324,Hiawatha Blvd,,,Leoni Township,42.22061847953905,-84.35612713197692,0.075015,2,Asphalt,Local,65,2026-08-16,Medium,1000,10,Moderate,Crack Seal,1,provisional,Michigan GIS Open Data + Paventra rehearsal assumptions,2026-08-16
LEO-ROAD-1145,LEO-1145-33807893800939138009224,Navajo Rd,,,Leoni Township,42.22061847953905,-84.35612713197692,0.207931,2,Asphalt,Local,65,2026-08-16,Medium,1000,10,Moderate,Crack Seal,1,provisional,Michigan GIS Open Data + Paventra rehearsal assumptions,2026-08-16
LEO-ROAD-1146,LEO-1146-33815903802550338025504,Noon Rd,,,Leoni Township,42.21949607989191,-84.28829698502055,0.167247,2,Asphalt,Local,65,2026-08-16,Medium,1000,10,Moderate,Crack Seal,1,provisional,Michigan GIS Open Data + Paventra rehearsal assumptions,2026-08-16
LEO-ROAD-1147,LEO-1147-8991103800941338009313,S US 127,,,Leoni Township,42.220526470574725,-84.36260896884077,0.118307,2,Asphalt,Local,65,2026-08-16,Medium,1000,10,Moderate,Crack Seal,1,provisional,Michigan GIS Open Data + Paventra rehearsal assumptions,2026-08-16
LEO-ROAD-1148,LEO-1148-33800733800930838009413,Unnamed Road,,,Leoni Township,42.222334024957846,-84.36348664519085,0.132582,2,Asphalt,Local,65,2026-08-16,Medium,1000,10,Moderate,Crack Seal,1,provisional,Michigan GIS Open Data + Paventra rehearsal assumptions,2026-08-16
LEO-ROAD-1149,LEO-1149-9207053800941938021764,Dalt St,,,Leoni Township,42.21925363416283,-84.27859459686933,0.03104,2,Asphalt,Local,65,2026-08-16,Medium,1000,10,Moderate,Crack Seal,1,provisional,Michigan GIS Open Data + Paventra rehearsal assumptions,2026-08-16
LEO-ROAD-1150,LEO-1150-9207053800942138009419,Dalt St,,,Leoni Township,42.2192455760018,-84.2800053116146,0.072348,2,Asphalt,Local,65,2026-08-16,Medium,1000,10,Moderate,Crack Seal,1,provisional,Michigan GIS Open Data + Paventra rehearsal assumptions,2026-08-16
LEO-ROAD-1151,LEO-1151-9189043800942138009385,Greenfield Dr,,,Leoni Township,42.2192455760018,-84.2800053116146,0.039012,2,Asphalt,Local,65,2026-08-16,Medium,1000,10,Moderate,Crack Seal,1,provisional,Michigan GIS Open Data + Paventra rehearsal assumptions,2026-08-16
LEO-ROAD-1152,LEO-1152-9207053800942638009421,Dalt St,,,Leoni Township,42.21925926579252,-84.28143607364066,0.073381,2,Asphalt,Local,65,2026-08-16,Medium,1000,10,Moderate,Crack Seal,1,provisional,Michigan GIS Open Data + Paventra rehearsal assumptions,2026-08-16
LEO-ROAD-1153,LEO-1153-9207063800942638009403,Olvet St,,,Leoni Township,42.21925926579252,-84.28143607364066,0.034659,2,Asphalt,Local,65,2026-08-16,Medium,1000,10,Moderate,Crack Seal,1,provisional,Michigan GIS Open Data + Paventra rehearsal assumptions,2026-08-16
LEO-ROAD-1154,LEO-1154-9207053800942738009426,Dalt St,,,Leoni Township,42.219259444235036,-84.28228549415923,0.043561,2,Asphalt,Local,65,2026-08-16,Medium,1000,10,Moderate,Crack Seal,1,provisional,Michigan GIS Open Data + Paventra rehearsal assumptions,2026-08-16
LEO-ROAD-1155,LEO-1155-9189033800942738009396,Philrose Dr,,,Leoni Township,42.219259444235036,-84.28228549415923,0.029937,2,Asphalt,Local,65,2026-08-16,Medium,1000,10,Moderate,Crack Seal,1,provisional,Michigan GIS Open Data + Paventra rehearsal assumptions,2026-08-16
LEO-ROAD-1156,LEO-1156-9207053800942838009427,Dalt St,,,Leoni Township,42.21926017178943,-84.28343034858437,0.058712,2,Asphalt,Local,65,2026-08-16,Medium,1000,10,Moderate,Crack Seal,1,provisional,Michigan GIS Open Data + Paventra rehearsal assumptions,2026-08-16
LEO-ROAD-1157,LEO-1157-33807923800938638017035,Hiawatha Blvd,,,Leoni Township,42.22073236835742,-84.35812637269991,0.040998,2,Asphalt,Local,65,2026-08-16,Medium,1000,10,Moderate,Crack Seal,1,provisional,Michigan GIS Open Data + Paventra rehearsal assumptions,2026-08-16
LEO-ROAD-1158,LEO-1158-33807903801703838017039,Winnebago Ln,,,Leoni Township,42.22026438056461,-84.35590218004995,0.029286,2,Asphalt,Local,65,2026-08-16,Medium,1000,10,Moderate,Crack Seal,1,provisional,Michigan GIS Open Data + Paventra rehearsal assumptions,2026-08-16
LEO-ROAD-1159,LEO-1159-33807913801703838017040,Hiawatha Blvd,,,Leoni Township,42.22026438056461,-84.35590218004995,0.024502,2,Asphalt,Local,65,2026-08-16,Medium,1000,10,Moderate,Crack Seal,1,provisional,Michigan GIS Open Data + Paventra rehearsal assumptions,2026-08-16
LEO-ROAD-1160,LEO-1160-33807883801703638017035,Hiawatha Blvd,,,Leoni Township,42.220066736080945,-84.35785342756068,0.026731,2,Asphalt,Local,65,2026-08-16,Medium,1000,10,Moderate,Crack Seal,1,provisional,Michigan GIS Open Data + Paventra rehearsal assumptions,2026-08-16
LEO-ROAD-1161,LEO-1161-9009043800932638017036,E South St,,,Leoni Township,42.222125863455766,-84.3615204589951,0.23792,2,Asphalt,Local,65,2026-08-16,Medium,1000,10,Moderate,Crack Seal,1,provisional,Michigan GIS Open Data + Paventra rehearsal assumptions,2026-08-16
LEO-ROAD-1162,LEO-1162-33807913800942538017038,Hiawatha Blvd,,,Leoni Township,42.2200002067203,-84.35618127680725,0.023174,2,Asphalt,Local,65,2026-08-16,Medium,1000,10,Moderate,Crack Seal,1,provisional,Michigan GIS Open Data + Paventra rehearsal assumptions,2026-08-16
LEO-ROAD-1163,LEO-1163-33807923800942538009391,Hiawatha Blvd,,,Leoni Township,42.2200002067203,-84.35618127680725,0.043412,2,Asphalt,Local,65,2026-08-16,Medium,1000,10,Moderate,Crack Seal,1,provisional,Michigan GIS Open Data + Paventra rehearsal assumptions,2026-08-16
LEO-ROAD-1164,LEO-1164-9139043800945938009300,Falahee Rd,,,Leoni Township,42.2198173194506,-84.34612275977756,0.165107,2,Asphalt,Local,65,2026-08-16,Medium,1000,10,Moderate,Crack Seal,1,provisional,Michigan GIS Open Data + Paventra rehearsal assumptions,2026-08-16
LEO-ROAD-1165,LEO-1165-33807823800945938009456,Orchard Ct,,,Leoni Township,42.2198173194506,-84.34612275977756,0.059897,2,Asphalt,Local,65,2026-08-16,Medium,1000,10,Moderate,Crack Seal,1,provisional,Michigan GIS Open Data + Paventra rehearsal assumptions,2026-08-16
LEO-ROAD-1166,LEO-1166-33807923801703538009425,Hiawatha Blvd,,,Leoni Township,42.22035640628667,-84.3575072705487,0.07916,2,Asphalt,Local,65,2026-08-16,Medium,1000,10,Moderate,Crack Seal,1,provisional,Michigan GIS Open Data + Paventra rehearsal assumptions,2026-08-16
LEO-ROAD-1167,LEO-1167-9197013800947038009394,Cecilia Dr,,,Leoni Township,42.21911215358178,-84.30770545235796,0.068703,2,Asphalt,Local,65,2026-08-16,Medium,1000,10,Moderate,Crack Seal,1,provisional,Michigan GIS Open Data + Paventra rehearsal assumptions,2026-08-16
LEO-ROAD-1168,LEO-1168-9196093800946638009281,Edgewater Dr,,,Leoni Township,42.21906572786101,-84.30518909024208,0.186116,2,Asphalt,Local,65,2026-08-16,Medium,1000,10,Moderate,Crack Seal,1,provisional,Michigan GIS Open Data + Paventra rehearsal assumptions,2026-08-16
LEO-ROAD-1169,LEO-1169-9196203800947038009471,Merle Dr,,,Leoni Township,42.21911215358178,-84.30770545235796,0.021099,2,Asphalt,Local,65,2026-08-16,Medium,1000,10,Moderate,Crack Seal,1,provisional,Michigan GIS Open Data + Paventra rehearsal assumptions,2026-08-16
LEO-ROAD-1170,LEO-1170-9196203800946638009470,Merle Dr,,,Leoni Township,42.21906572786101,-84.30518909024208,0.129208,2,Asphalt,Local,65,2026-08-16,Medium,1000,10,Moderate,Crack Seal,1,provisional,Michigan GIS Open Data + Paventra rehearsal assumptions,2026-08-16
LEO-ROAD-1171,LEO-1171-9184063800923838009495,S Lakeside Dr,,,Leoni Township,42.22265776138059,-84.31878912554166,0.267178,2,Asphalt,Local,65,2026-08-16,Medium,1000,10,Moderate,Crack Seal,1,provisional,Michigan GIS Open Data + Paventra rehearsal assumptions,2026-08-16
LEO-ROAD-1172,LEO-1172-9196143800928338009503,Cooks Lndg,,,Leoni Township,42.2218746073469,-84.31239500140359,0.210046,2,Asphalt,Local,65,2026-08-16,Medium,1000,10,Moderate,Crack Seal,1,provisional,Michigan GIS Open Data + Paventra rehearsal assumptions,2026-08-16
LEO-ROAD-1173,LEO-1173-9159033800949138009480,Lee Rd,,,Leoni Township,42.21819891403206,-84.26187082663793,0.64265,2,Asphalt,Local,65,2026-08-16,Medium,1000,10,Moderate,Crack Seal,1,provisional,Michigan GIS Open Data + Paventra rehearsal assumptions,2026-08-16
LEO-ROAD-1174,LEO-1174-9159033800950138009491,Lee Rd,,,Leoni Township,42.2182025063056,-84.26896092196415,0.363611,2,Asphalt,Local,65,2026-08-16,Medium,1000,10,Moderate,Crack Seal,1,provisional,Michigan GIS Open Data + Paventra rehearsal assumptions,2026-08-16
LEO-ROAD-1175,LEO-1175-9159023800950138008599,S Portage Rd,,,Leoni Township,42.2182025063056,-84.26896092196415,0.636512,2,Asphalt,Local,65,2026-08-16,Medium,1000,10,Moderate,Crack Seal,1,provisional,Michigan GIS Open Data + Paventra rehearsal assumptions,2026-08-16
LEO-ROAD-1176,LEO-1176-33801033802141038020076,W Grove Ave,,,Leoni Township,42.21910280120958,-84.3315116186044,0.082294,2,Asphalt,Local,65,2026-08-16,Medium,1000,10,Moderate,Crack Seal,1,provisional,Michigan GIS Open Data + Paventra rehearsal assumptions,2026-08-16
LEO-ROAD-1177,LEO-1177-9189043800951438009421,Greenfield Dr,,,Leoni Township,42.218258304984616,-84.2796856921355,0.071215,2,Asphalt,Local,65,2026-08-16,Medium,1000,10,Moderate,Crack Seal,1,provisional,Michigan GIS Open Data + Paventra rehearsal assumptions,2026-08-16
LEO-ROAD-1178,LEO-1178-9159033800951438009501,Lee Rd,,,Leoni Township,42.218258304984616,-84.2796856921355,0.550048,2,Asphalt,Local,65,2026-08-16,Medium,1000,10,Moderate,Crack Seal,1,provisional,Michigan GIS Open Data + Paventra rehearsal assumptions,2026-08-16
LEO-ROAD-1179,LEO-1179-9159033800951638009514,Lee Rd,,,Leoni Township,42.218277596431896,-84.2820587386085,0.121707,2,Asphalt,Local,65,2026-08-16,Medium,1000,10,Moderate,Crack Seal,1,provisional,Michigan GIS Open Data + Paventra rehearsal assumptions,2026-08-16
LEO-ROAD-1180,LEO-1180-9189033800951638009427,Philrose Dr,,,Leoni Township,42.218277596431896,-84.2820587386085,0.071048,2,Asphalt,Local,65,2026-08-16,Medium,1000,10,Moderate,Crack Seal,1,provisional,Michigan GIS Open Data + Paventra rehearsal assumptions,2026-08-16
LEO-ROAD-1181,LEO-1181-8984063800949838009326,Unnamed Road,,,Leoni Township,42.219467312333634,-84.3623467638034,0.188407,2,Asphalt,Local,65,2026-08-16,Medium,1000,10,Moderate,Crack Seal,1,provisional,Michigan GIS Open Data + Paventra rehearsal assumptions,2026-08-16
LEO-ROAD-1182,LEO-1182-8991093800949838009318,N US 127,,,Leoni Township,42.219467312333634,-84.3623467638034,0.190033,2,Asphalt,Local,65,2026-08-16,Medium,1000,10,Moderate,Crack Seal,1,provisional,Michigan GIS Open Data + Paventra rehearsal assumptions,2026-08-16
LEO-ROAD-1183,LEO-1183-9159033800952638009525,Lee Rd,,,Leoni Township,42.21836193650531,-84.29256410231287,0.014035,2,Asphalt,Local,65,2026-08-16,Medium,1000,10,Moderate,Crack Seal,1,provisional,Michigan GIS Open Data + Paventra rehearsal assumptions,2026-08-16
LEO-ROAD-1184,LEO-1184-9012033800951238009281,Napoleon Rd,,,Leoni Township,42.21840629117859,-84.29604909218213,0.589314,2,Asphalt,Local,65,2026-08-16,Medium,1000,10,Moderate,Crack Seal,1,provisional,Michigan GIS Open Data + Paventra rehearsal assumptions,2026-08-16
LEO-ROAD-1185,LEO-1185-9159033800952338009516,Lee Rd,,,Leoni Township,42.21828422717325,-84.2882942753876,0.319785,2,Asphalt,Local,65,2026-08-16,Medium,1000,10,Moderate,Crack Seal,1,provisional,Michigan GIS Open Data + Paventra rehearsal assumptions,2026-08-16
LEO-ROAD-1186,LEO-1186-33815903800952338025503,Noon Rd,,,Leoni Township,42.21828422717325,-84.2882942753876,0.083616,2,Asphalt,Local,65,2026-08-16,Medium,1000,10,Moderate,Crack Seal,1,provisional,Michigan GIS Open Data + Paventra rehearsal assumptions,2026-08-16
LEO-ROAD-1187,LEO-1187-9159033800952538009523,Lee Rd,,,Leoni Township,42.218354168122744,-84.29229062306743,0.205008,2,Asphalt,Local,65,2026-08-16,Medium,1000,10,Moderate,Crack Seal,1,provisional,Michigan GIS Open Data + Paventra rehearsal assumptions,2026-08-16
LEO-ROAD-1188,LEO-1188-9159033800951238009526,Lee Rd,,,Leoni Township,42.21840629117859,-84.29604909218213,0.178786,2,Asphalt,Local,65,2026-08-16,Medium,1000,10,Moderate,Crack Seal,1,provisional,Michigan GIS Open Data + Paventra rehearsal assumptions,2026-08-16
LEO-ROAD-1189,LEO-1189-9196143800950338017021,Cooks Lndg,,,Leoni Township,42.2189361244988,-84.31163243009337,0.031621,2,Asphalt,Local,65,2026-08-16,Medium,1000,10,Moderate,Crack Seal,1,provisional,Michigan GIS Open Data + Paventra rehearsal assumptions,2026-08-16
LEO-ROAD-1190,LEO-1190-9196163802553338020242,Round Lake Dr,,,Leoni Township,42.22072079187018,-84.32435256398202,0.153878,2,Asphalt,Local,65,2026-08-16,Medium,1000,10,Moderate,Crack Seal,1,provisional,Michigan GIS Open Data + Paventra rehearsal assumptions,2026-08-16
LEO-ROAD-1191,LEO-1191-9196163802024238009530,Round Lake Dr,,,Leoni Township,42.21859404779353,-84.32493706542331,0.010707,2,Asphalt,Local,65,2026-08-16,Medium,1000,10,Moderate,Crack Seal,1,provisional,Michigan GIS Open Data + Paventra rehearsal assumptions,2026-08-16
LEO-ROAD-1192,LEO-1192-33801033800954638021410,W Grove Ave,,,Leoni Township,42.21854155849117,-84.3316168706837,0.039096,2,Asphalt,Local,65,2026-08-16,Medium,1000,10,Moderate,Crack Seal,1,provisional,Michigan GIS Open Data + Paventra rehearsal assumptions,2026-08-16
LEO-ROAD-1193,LEO-1193-8984053800954438009546,Flansburg Rd,,,Leoni Township,42.21853945902287,-84.33361270392848,0.102381,2,Asphalt,Local,65,2026-08-16,Medium,1000,10,Moderate,Crack Seal,1,provisional,Michigan GIS Open Data + Paventra rehearsal assumptions,2026-08-16
LEO-ROAD-1194,LEO-1194-8984053801703138009544,Flansburg Rd,,,Leoni Township,42.21854860010476,-84.33433080444813,0.036832,2,Asphalt,Local,65,2026-08-16,Medium,1000,10,Moderate,Crack Seal,1,provisional,Michigan GIS Open Data + Paventra rehearsal assumptions,2026-08-16
LEO-ROAD-1195,LEO-1195-9189013801703138017032,Montrose Rd,,,Leoni Township,42.21854860010476,-84.33433080444813,0.035038,2,Asphalt,Local,65,2026-08-16,Medium,1000,10,Moderate,Crack Seal,1,provisional,Michigan GIS Open Data + Paventra rehearsal assumptions,2026-08-16
LEO-ROAD-1196,LEO-1196-8984053801880638017031,Flansburg Rd,,,Leoni Township,42.21856686318885,-84.33578343196201,0.074507,2,Asphalt,Local,65,2026-08-16,Medium,1000,10,Moderate,Crack Seal,1,provisional,Michigan GIS Open Data + Paventra rehearsal assumptions,2026-08-16
LEO-ROAD-1197,LEO-1197-8984053800954738018806,Flansburg Rd,,,Leoni Township,42.21858576096662,-84.33728806951,0.077175,2,Asphalt,Local,65,2026-08-16,Medium,1000,10,Moderate,Crack Seal,1,provisional,Michigan GIS Open Data + Paventra rehearsal assumptions,2026-08-16
LEO-ROAD-1198,LEO-1198-33815763802141038021411,Round Lake Dr,,,Leoni Township,42.21910280120958,-84.3315116186044,0.094541,2,Asphalt,Local,65,2026-08-16,Medium,1000,10,Moderate,Crack Seal,1,provisional,Michigan GIS Open Data + Paventra rehearsal assumptions,2026-08-16
LEO-ROAD-1199,LEO-1199-8984053800954638021411,Flansburg Rd,,,Leoni Township,42.21854155849117,-84.3316168706837,0.061628,2,Asphalt,Local,65,2026-08-16,Medium,1000,10,Moderate,Crack Seal,1,provisional,Michigan GIS Open Data + Paventra rehearsal assumptions,2026-08-16
LEO-ROAD-1200,LEO-1200-8984053802541638009547,Flansburg Rd,,,Leoni Township,42.218625275927444,-84.3402619985705,0.152553,2,Asphalt,Local,65,2026-08-16,Medium,1000,10,Moderate,Crack Seal,1,provisional,Michigan GIS Open Data + Paventra rehearsal assumptions,2026-08-16
LEO-ROAD-1201,LEO-1201-8984053800955038025416,Flansburg Rd,,,Leoni Township,42.21869050133504,-84.34611665690653,0.300284,2,Asphalt,Local,65,2026-08-16,Medium,1000,10,Moderate,Crack Seal,1,provisional,Michigan GIS Open Data + Paventra rehearsal assumptions,2026-08-16
LEO-ROAD-1202,LEO-1202-9139043800955038009459,Falahee Rd,,,Leoni Township,42.21869050133504,-84.34611665690653,0.077743,2,Asphalt,Local,65,2026-08-16,Medium,1000,10,Moderate,Crack Seal,1,provisional,Michigan GIS Open Data + Paventra rehearsal assumptions,2026-08-16
LEO-ROAD-1203,LEO-1203-9196093800956738009466,Edgewater Dr,,,Leoni Township,42.217843687110815,-84.30515285932576,0.084334,2,Asphalt,Local,65,2026-08-16,Medium,1000,10,Moderate,Crack Seal,1,provisional,Michigan GIS Open Data + Paventra rehearsal assumptions,2026-08-16
LEO-ROAD-1204,LEO-1204-9012033800956938009512,Napoleon Rd,,,Leoni Township,42.21766060104341,-84.29503691102299,0.073158,2,Asphalt,Local,65,2026-08-16,Medium,1000,10,Moderate,Crack Seal,1,provisional,Michigan GIS Open Data + Paventra rehearsal assumptions,2026-08-16
LEO-ROAD-1205,LEO-1205-9012033800957538009569,Napoleon Rd,,,Leoni Township,42.21759102611716,-84.29495187729448,0.006485,2,Asphalt,Local,65,2026-08-16,Medium,1000,10,Moderate,Crack Seal,1,provisional,Michigan GIS Open Data + Paventra rehearsal assumptions,2026-08-16
LEO-ROAD-1206,LEO-1206-9196053800958038009567,Washington Dr,,,Leoni Township,42.21770833500421,-84.30732333822692,0.134423,2,Asphalt,Local,65,2026-08-16,Medium,1000,10,Moderate,Crack Seal,1,provisional,Michigan GIS Open Data + Paventra rehearsal assumptions,2026-08-16
LEO-ROAD-1207,LEO-1207-33813553802007738020078,Anchor Ln,,,Leoni Township,42.21755108196602,-84.30889656995058,0.049902,2,Asphalt,Local,65,2026-08-16,Medium,1000,10,Moderate,Crack Seal,1,provisional,Michigan GIS Open Data + Paventra rehearsal assumptions,2026-08-16
LEO-ROAD-1208,LEO-1208-9196053800950338020077,Washington Dr,,,Leoni Township,42.2189361244988,-84.31163243009337,0.179657,2,Asphalt,Local,65,2026-08-16,Medium,1000,10,Moderate,Crack Seal,1,provisional,Michigan GIS Open Data + Paventra rehearsal assumptions,2026-08-16
LEO-ROAD-1209,LEO-1209-9196183800958038009620,Madison Dr,,,Leoni Township,42.21770833500421,-84.30732333822692,0.026742,2,Asphalt,Local,65,2026-08-16,Medium,1000,10,Moderate,Crack Seal,1,provisional,Michigan GIS Open Data + Paventra rehearsal assumptions,2026-08-16
LEO-ROAD-1210,LEO-1210-9196053800960038009580,Washington Dr,,,Leoni Township,42.217424588673026,-84.30841750463462,0.059947,2,Asphalt,Local,65,2026-08-16,Medium,1000,10,Moderate,Crack Seal,1,provisional,Michigan GIS Open Data + Paventra rehearsal assumptions,2026-08-16
LEO-ROAD-1211,LEO-1211-9196053802007738009600,Washington Dr,,,Leoni Township,42.21755108196602,-84.30889656995058,0.026073,2,Asphalt,Local,65,2026-08-16,Medium,1000,10,Moderate,Crack Seal,1,provisional,Michigan GIS Open Data + Paventra rehearsal assumptions,2026-08-16
LEO-ROAD-1212,LEO-1212-33807813801702538009495,S Lakeside Dr,,,Leoni Township,42.21751967529499,-84.31694316991417,0.164476,2,Asphalt,Local,65,2026-08-16,Medium,1000,10,Moderate,Crack Seal,1,provisional,Michigan GIS Open Data + Paventra rehearsal assumptions,2026-08-16
LEO-ROAD-1213,LEO-1213-8984053802141138009610,Flansburg Rd,,,Leoni Township,42.21848044058368,-84.33041994805198,0.096473,2,Asphalt,Local,65,2026-08-16,Medium,1000,10,Moderate,Crack Seal,1,provisional,Michigan GIS Open Data + Paventra rehearsal assumptions,2026-08-16
LEO-ROAD-1214,LEO-1214-9206063800961138009610,Gale Dr,,,Leoni Township,42.21768352757253,-84.33161123197662,0.1343,2,Asphalt,Local,65,2026-08-16,Medium,1000,10,Moderate,Crack Seal,1,provisional,Michigan GIS Open Data + Paventra rehearsal assumptions,2026-08-16
LEO-ROAD-1215,LEO-1215-33801033800961138009546,Hoyer Rd,,,Leoni Township,42.21768352757253,-84.33161123197662,0.059199,2,Asphalt,Local,65,2026-08-16,Medium,1000,10,Moderate,Crack Seal,1,provisional,Michigan GIS Open Data + Paventra rehearsal assumptions,2026-08-16
LEO-ROAD-1216,LEO-1216-9206063800961038017033,Gale Dr,,,Leoni Township,42.21767033995582,-84.32899399859177,0.033092,2,Asphalt,Local,65,2026-08-16,Medium,1000,10,Moderate,Crack Seal,1,provisional,Michigan GIS Open Data + Paventra rehearsal assumptions,2026-08-16
LEO-ROAD-1217,LEO-1217-9196163800953038009658,Round Lake Dr,,,Leoni Township,42.218449133595016,-84.324997032797,0.111114,2,Asphalt,Local,65,2026-08-16,Medium,1000,10,Moderate,Crack Seal,1,provisional,Michigan GIS Open Data + Paventra rehearsal assumptions,2026-08-16
LEO-ROAD-1218,LEO-1218-9184063800949538017025,S Lakeside Dr,,,Leoni Township,42.219054985907846,-84.31836858147031,0.162226,2,Asphalt,Local,65,2026-08-16,Medium,1000,10,Moderate,Crack Seal,1,provisional,Michigan GIS Open Data + Paventra rehearsal assumptions,2026-08-16
LEO-ROAD-1219,LEO-1219-9196053800956738019881,Washington Dr,,,Leoni Township,42.217843687110815,-84.30515285932576,0.073412,2,Asphalt,Local,65,2026-08-16,Medium,1000,10,Moderate,Crack Seal,1,provisional,Michigan GIS Open Data + Paventra rehearsal assumptions,2026-08-16
LEO-ROAD-1220,LEO-1220-9009043801703638009628,E South St,,,Leoni Township,42.220066736080945,-84.35785342756068,0.38287,2,Asphalt,Local,65,2026-08-16,Medium,1000,10,Moderate,Crack Seal,1,provisional,Michigan GIS Open Data + Paventra rehearsal assumptions,2026-08-16
LEO-ROAD-1221,LEO-1221-9189023800962238009544,Marilyn Ct,,,Leoni Township,42.21755511582132,-84.33356114615282,0.068034,2,Asphalt,Local,65,2026-08-16,Medium,1000,10,Moderate,Crack Seal,1,provisional,Michigan GIS Open Data + Paventra rehearsal assumptions,2026-08-16
LEO-ROAD-1222,LEO-1222-33810928302734438009622,Feldman Ct,,,Leoni Township,42.21755208120178,-84.33413108798504,0.029233,2,Asphalt,Local,65,2026-08-16,Medium,1000,10,Moderate,Crack Seal,1,provisional,Michigan GIS Open Data + Paventra rehearsal assumptions,2026-08-16
LEO-ROAD-1223,LEO-1223-33811003801880838018806,Catsyl Ct,,,Leoni Township,42.21757002248369,-84.33573089671636,0.068828,2,Asphalt,Local,65,2026-08-16,Medium,1000,10,Moderate,Crack Seal,1,provisional,Michigan GIS Open Data + Paventra rehearsal assumptions,2026-08-16
LEO-ROAD-1224,LEO-1224-33810923801880883027344,Feldman Ct,,,Leoni Township,42.21757002248369,-84.33573089671636,0.082082,2,Asphalt,Local,65,2026-08-16,Medium,1000,10,Moderate,Crack Seal,1,provisional,Michigan GIS Open Data + Paventra rehearsal assumptions,2026-08-16
LEO-ROAD-1225,LEO-1225-9009043800962838009635,E South St,,,Leoni Township,42.21786587349909,-84.35122685242068,0.006575,2,Asphalt,Local,65,2026-08-16,Medium,1000,10,Moderate,Crack Seal,1,provisional,Michigan GIS Open Data + Paventra rehearsal assumptions,2026-08-16
LEO-ROAD-1226,LEO-1226-33812663801988538019881,Center Lake BAS,,,Leoni Township,42.21706559548656,-84.30401087436825,0.011755,2,Asphalt,Local,65,2026-08-16,Medium,1000,10,Moderate,Crack Seal,1,provisional,Michigan GIS Open Data + Paventra rehearsal assumptions,2026-08-16
LEO-ROAD-1227,LEO-1227-33812653801988538019884,Center Lake BAS,,,Leoni Township,42.21706559548656,-84.30401087436825,0.022232,2,Asphalt,Local,65,2026-08-16,Medium,1000,10,Moderate,Crack Seal,1,provisional,Michigan GIS Open Data + Paventra rehearsal assumptions,2026-08-16
LEO-ROAD-1228,LEO-1228-9010093800964238019330,S Meridian Rd,,,Leoni Township,42.21768103872355,-84.36476806051702,0.242783,2,Asphalt,Local,65,2026-08-16,Medium,1000,10,Moderate,Crack Seal,1,provisional,Michigan GIS Open Data + Paventra rehearsal assumptions,2026-08-16
LEO-ROAD-1229,LEO-1229-33801033800965638009611,Hoyer Rd,,,Leoni Township,42.217161967534466,-84.3316179822776,0.035986,2,Asphalt,Local,65,2026-08-16,Medium,1000,10,Moderate,Crack Seal,1,provisional,Michigan GIS Open Data + Paventra rehearsal assumptions,2026-08-16
LEO-ROAD-1230,LEO-1230-9207173801819838009638,Jefferson Dr,,,Leoni Township,42.21683557059015,-84.31110964936782,0.014625,2,Asphalt,Local,65,2026-08-16,Medium,1000,10,Moderate,Crack Seal,1,provisional,Michigan GIS Open Data + Paventra rehearsal assumptions,2026-08-16
LEO-ROAD-1231,LEO-1231-33810923800965538009656,Feldman Ct,,,Leoni Township,42.217159932689974,-84.33294764150607,0.068192,2,Asphalt,Local,65,2026-08-16,Medium,1000,10,Moderate,Crack Seal,1,provisional,Michigan GIS Open Data + Paventra rehearsal assumptions,2026-08-16
LEO-ROAD-1232,LEO-1232-33810923800962238009655,Feldman Ct,,,Leoni Township,42.21755511582132,-84.33356114615282,0.041779,2,Asphalt,Local,65,2026-08-16,Medium,1000,10,Moderate,Crack Seal,1,provisional,Michigan GIS Open Data + Paventra rehearsal assumptions,2026-08-16
LEO-ROAD-1233,LEO-1233-8984053800965138009550,Flansburg Rd,,,Leoni Township,42.21736620674758,-84.35079451862866,0.282152,2,Asphalt,Local,65,2026-08-16,Medium,1000,10,Moderate,Crack Seal,1,provisional,Michigan GIS Open Data + Paventra rehearsal assumptions,2026-08-16
LEO-ROAD-1234,LEO-1234-9009043800963538009651,E South St,,,Leoni Township,42.21779198753871,-84.35114588602075,0.034575,2,Asphalt,Local,65,2026-08-16,Medium,1000,10,Moderate,Crack Seal,1,provisional,Michigan GIS Open Data + Paventra rehearsal assumptions,2026-08-16
LEO-ROAD-1235,LEO-1235-9196053801988138009681,Washington Dr,,,Leoni Township,42.21723338028245,-84.3039803426868,0.066395,2,Asphalt,Local,65,2026-08-16,Medium,1000,10,Moderate,Crack Seal,1,provisional,Michigan GIS Open Data + Paventra rehearsal assumptions,2026-08-16
LEO-ROAD-1236,LEO-1236-9196053800968138019888,Washington Dr,,,Leoni Township,42.21660555690838,-84.3030547033278,0.010665,2,Asphalt,Local,65,2026-08-16,Medium,1000,10,Moderate,Crack Seal,1,provisional,Michigan GIS Open Data + Paventra rehearsal assumptions,2026-08-16
LEO-ROAD-1237,LEO-1237-33812653801988838019885,Center Lake BAS,,,Leoni Township,42.21645624980784,-84.30300085334763,0.072747,2,Asphalt,Local,65,2026-08-16,Medium,1000,10,Moderate,Crack Seal,1,provisional,Michigan GIS Open Data + Paventra rehearsal assumptions,2026-08-16
LEO-ROAD-1238,LEO-1238-9206043800967338009610,Leah St,,,Leoni Township,42.21676887027633,-84.32939852982038,0.075791,2,Asphalt,Local,65,2026-08-16,Medium,1000,10,Moderate,Crack Seal,1,provisional,Michigan GIS Open Data + Paventra rehearsal assumptions,2026-08-16
LEO-ROAD-1239,LEO-1239-9206043800967438009673,Leah St,,,Leoni Township,42.21680005873018,-84.33161354398466,0.113618,2,Asphalt,Local,65,2026-08-16,Medium,1000,10,Moderate,Crack Seal,1,provisional,Michigan GIS Open Data + Paventra rehearsal assumptions,2026-08-16
LEO-ROAD-1240,LEO-1240-33801033800967438009656,Hoyer Rd,,,Leoni Township,42.21680005873018,-84.33161354398466,0.02497,2,Asphalt,Local,65,2026-08-16,Medium,1000,10,Moderate,Crack Seal,1,provisional,Michigan GIS Open Data + Paventra rehearsal assumptions,2026-08-16
LEO-ROAD-1241,LEO-1241-9196073800967538009600,Adams Dr,,,Leoni Township,42.21643940474101,-84.30897299197451,0.073699,2,Asphalt,Local,65,2026-08-16,Medium,1000,10,Moderate,Crack Seal,1,provisional,Michigan GIS Open Data + Paventra rehearsal assumptions,2026-08-16
LEO-ROAD-1242,LEO-1242-9207173800967538018198,Jefferson Dr,,,Leoni Township,42.21643940474101,-84.30897299197451,0.114163,2,Asphalt,Local,65,2026-08-16,Medium,1000,10,Moderate,Crack Seal,1,provisional,Michigan GIS Open Data + Paventra rehearsal assumptions,2026-08-16
LEO-ROAD-1243,LEO-1243-9012033801701938009575,Napoleon Rd,,,Leoni Township,42.21579928523654,-84.29274732305183,0.167648,2,Asphalt,Local,65,2026-08-16,Medium,1000,10,Moderate,Crack Seal,1,provisional,Michigan GIS Open Data + Paventra rehearsal assumptions,2026-08-16
LEO-ROAD-1244,LEO-1244-9196053801988838009737,Washington Dr,,,Leoni Township,42.21645624980784,-84.30300085334763,0.044929,2,Asphalt,Local,65,2026-08-16,Medium,1000,10,Moderate,Crack Seal,1,provisional,Michigan GIS Open Data + Paventra rehearsal assumptions,2026-08-16
LEO-ROAD-1245,LEO-1245-9207273800967538009715,Jefferson Dr,,,Leoni Township,42.21643940474101,-84.30897299197451,0.078977,2,Asphalt,Local,65,2026-08-16,Medium,1000,10,Moderate,Crack Seal,1,provisional,Michigan GIS Open Data + Paventra rehearsal assumptions,2026-08-16
LEO-ROAD-1246,LEO-1246-8991093800974538009498,N US 127,,,Leoni Township,42.216275374112534,-84.36231734724875,0.220236,2,Asphalt,Local,65,2026-08-16,Medium,1000,10,Moderate,Crack Seal,1,provisional,Michigan GIS Open Data + Paventra rehearsal assumptions,2026-08-16
LEO-ROAD-1247,LEO-1247-8991103800974838009413,S US 127,,,Leoni Township,42.21617640248434,-84.36256151787614,0.300137,2,Asphalt,Local,65,2026-08-16,Medium,1000,10,Moderate,Crack Seal,1,provisional,Michigan GIS Open Data + Paventra rehearsal assumptions,2026-08-16
LEO-ROAD-1248,LEO-1248-8991093800975838009745,N US 127,,,Leoni Township,42.21612476550049,-84.36231908004805,0.010391,2,Asphalt,Local,65,2026-08-16,Medium,1000,10,Moderate,Crack Seal,1,provisional,Michigan GIS Open Data + Paventra rehearsal assumptions,2026-08-16
LEO-ROAD-1249,LEO-1249-8991103800976138009748,S US 127,,,Leoni Township,42.21606682236537,-84.36256155552836,0.00756,2,Asphalt,Local,65,2026-08-16,Medium,1000,10,Moderate,Crack Seal,1,provisional,Michigan GIS Open Data + Paventra rehearsal assumptions,2026-08-16
LEO-ROAD-1250,LEO-1250-9208153800965538009765,Luetta St,,,Leoni Township,42.217159932689974,-84.33294764150607,0.118182,2,Asphalt,Local,65,2026-08-16,Medium,1000,10,Moderate,Crack Seal,1,provisional,Michigan GIS Open Data + Paventra rehearsal assumptions,2026-08-16
LEO-ROAD-1251,LEO-1251-33811003801880738018808,Catsyl Ct,,,Leoni Township,42.21542182534888,-84.33565266992959,0.148383,2,Asphalt,Local,65,2026-08-16,Medium,1000,10,Moderate,Crack Seal,1,provisional,Michigan GIS Open Data + Paventra rehearsal assumptions,2026-08-16
LEO-ROAD-1252,LEO-1252-33811023801881038018809,Annadan Ct,,,Leoni Township,42.2153911766398,-84.33440191754146,0.017694,2,Asphalt,Local,65,2026-08-16,Medium,1000,10,Moderate,Crack Seal,1,provisional,Michigan GIS Open Data + Paventra rehearsal assumptions,2026-08-16
LEO-ROAD-1253,LEO-1253-33811013801881038018811,Cooper Cv,,,Leoni Township,42.2153911766398,-84.33440191754146,0.100386,2,Asphalt,Local,65,2026-08-16,Medium,1000,10,Moderate,Crack Seal,1,provisional,Michigan GIS Open Data + Paventra rehearsal assumptions,2026-08-16
LEO-ROAD-1254,LEO-1254-33811023801880738018810,Annadan Ct,,,Leoni Township,42.21542182534888,-84.33565266992959,0.064182,2,Asphalt,Local,65,2026-08-16,Medium,1000,10,Moderate,Crack Seal,1,provisional,Michigan GIS Open Data + Paventra rehearsal assumptions,2026-08-16
LEO-ROAD-1255,LEO-1255-9208143800967338009784,Allison St,,,Leoni Township,42.21676887027633,-84.32939852982038,0.182576,2,Asphalt,Local,65,2026-08-16,Medium,1000,10,Moderate,Crack Seal,1,provisional,Michigan GIS Open Data + Paventra rehearsal assumptions,2026-08-16
LEO-ROAD-1256,LEO-1256-9188203800954738009699,Catalpa Dr,,,Leoni Township,42.21858576096662,-84.33728806951,0.25303,2,Asphalt,Local,65,2026-08-16,Medium,1000,10,Moderate,Crack Seal,1,provisional,Michigan GIS Open Data + Paventra rehearsal assumptions,2026-08-16
LEO-ROAD-1257,LEO-1257-9208013800982738009809,Wanda Dr,,,Leoni Township,42.21436243954513,-84.3248950818047,0.015504,2,Asphalt,Local,65,2026-08-16,Medium,1000,10,Moderate,Crack Seal,1,provisional,Michigan GIS Open Data + Paventra rehearsal assumptions,2026-08-16
LEO-ROAD-1258,LEO-1258-9206033800983338009827,Jane Dr,,,Leoni Township,42.21438690837182,-84.32612919832631,0.063317,2,Asphalt,Local,65,2026-08-16,Medium,1000,10,Moderate,Crack Seal,1,provisional,Michigan GIS Open Data + Paventra rehearsal assumptions,2026-08-16
LEO-ROAD-1259,LEO-1259-9206033800983138009833,Jane Dr,,,Leoni Township,42.21438999177891,-84.32671082819503,0.029833,2,Asphalt,Local,65,2026-08-16,Medium,1000,10,Moderate,Crack Seal,1,provisional,Michigan GIS Open Data + Paventra rehearsal assumptions,2026-08-16
LEO-ROAD-1260,LEO-1260-9206033800983038009831,Jane Dr,,,Leoni Township,42.21439020716894,-84.32683757125638,0.0065,2,Asphalt,Local,65,2026-08-16,Medium,1000,10,Moderate,Crack Seal,1,provisional,Michigan GIS Open Data + Paventra rehearsal assumptions,2026-08-16
LEO-ROAD-1261,LEO-1261-9206033800982938009830,Jane Dr,,,Leoni Township,42.21440418273765,-84.32742875301037,0.030335,2,Asphalt,Local,65,2026-08-16,Medium,1000,10,Moderate,Crack Seal,1,provisional,Michigan GIS Open Data + Paventra rehearsal assumptions,2026-08-16
LEO-ROAD-1262,LEO-1262-9206033800983838009829,Jane Dr,,,Leoni Township,42.21439503775827,-84.32842679129328,0.051191,2,Asphalt,Local,65,2026-08-16,Medium,1000,10,Moderate,Crack Seal,1,provisional,Michigan GIS Open Data + Paventra rehearsal assumptions,2026-08-16
LEO-ROAD-1263,LEO-1263-33814223802024238020243,Oak Point Dr,,,Leoni Township,42.21859404779353,-84.32493706542331,0.482496,2,Asphalt,Local,65,2026-08-16,Medium,1000,10,Moderate,Crack Seal,1,provisional,Michigan GIS Open Data + Paventra rehearsal assumptions,2026-08-16
LEO-ROAD-1264,LEO-1264-9012033801729038017019,Napoleon Rd,,,Leoni Township,42.21366751744692,-84.28995860525932,0.206191,2,Asphalt,Local,65,2026-08-16,Medium,1000,10,Moderate,Crack Seal,1,provisional,Michigan GIS Open Data + Paventra rehearsal assumptions,2026-08-16
LEO-ROAD-1265,LEO-1265-9206033800985038009838,Jane Dr,,,Leoni Township,42.21418047003518,-84.33159332563743,0.163529,2,Asphalt,Local,65,2026-08-16,Medium,1000,10,Moderate,Crack Seal,1,provisional,Michigan GIS Open Data + Paventra rehearsal assumptions,2026-08-16
LEO-ROAD-1266,LEO-1266-33801033800985038009674,Hoyer Rd,,,Leoni Township,42.21418047003518,-84.33159332563743,0.180736,2,Asphalt,Local,65,2026-08-16,Medium,1000,10,Moderate,Crack Seal,1,provisional,Michigan GIS Open Data + Paventra rehearsal assumptions,2026-08-16
LEO-ROAD-1267,LEO-1267-33809843801702038021772,N Price Lake Dr,,,Leoni Township,42.21301864581925,-84.29622486528412,0.114898,2,Asphalt,Local,65,2026-08-16,Medium,1000,10,Moderate,Crack Seal,1,provisional,Michigan GIS Open Data + Paventra rehearsal assumptions,2026-08-16
LEO-ROAD-1268,LEO-1268-33809843801701938017020,N Price Lake Dr,,,Leoni Township,42.21579928523654,-84.29274732305183,0.336609,2,Asphalt,Local,65,2026-08-16,Medium,1000,10,Moderate,Crack Seal,1,provisional,Michigan GIS Open Data + Paventra rehearsal assumptions,2026-08-16
LEO-ROAD-1269,LEO-1269-9208013800991938009827,Wanda Dr,,,Leoni Township,42.21294234248019,-84.32489628975077,0.098132,2,Asphalt,Local,65,2026-08-16,Medium,1000,10,Moderate,Crack Seal,1,provisional,Michigan GIS Open Data + Paventra rehearsal assumptions,2026-08-16
LEO-ROAD-1270,LEO-1270-9184013800991938017034,Zygmunt Landing Dr,,,Leoni Township,42.21294234248019,-84.32489628975077,0.02178,2,Asphalt,Local,65,2026-08-16,Medium,1000,10,Moderate,Crack Seal,1,provisional,Michigan GIS Open Data + Paventra rehearsal assumptions,2026-08-16
LEO-ROAD-1271,LEO-1271-9207093800992138009829,Stella Dr,,,Leoni Township,42.21296457732412,-84.32738890400407,0.099343,2,Asphalt,Local,65,2026-08-16,Medium,1000,10,Moderate,Crack Seal,1,provisional,Michigan GIS Open Data + Paventra rehearsal assumptions,2026-08-16
LEO-ROAD-1272,LEO-1272-9207103800992038009833,Martha Dr,,,Leoni Township,42.2129407269211,-84.3261159877485,0.099778,2,Asphalt,Local,65,2026-08-16,Medium,1000,10,Moderate,Crack Seal,1,provisional,Michigan GIS Open Data + Paventra rehearsal assumptions,2026-08-16
LEO-ROAD-1273,LEO-1273-9184013800992138009920,Zygmunt Landing Dr,,,Leoni Township,42.21296457732412,-84.32738890400407,0.065307,2,Asphalt,Local,65,2026-08-16,Medium,1000,10,Moderate,Crack Seal,1,provisional,Michigan GIS Open Data + Paventra rehearsal assumptions,2026-08-16
LEO-ROAD-1274,LEO-1274-9184013800992038009919,Zygmunt Landing Dr,,,Leoni Township,42.2129407269211,-84.3261159877485,0.062619,2,Asphalt,Local,65,2026-08-16,Medium,1000,10,Moderate,Crack Seal,1,provisional,Michigan GIS Open Data + Paventra rehearsal assumptions,2026-08-16
LEO-ROAD-1275,LEO-1275-9207083800992338009838,Warsaw St,,,Leoni Township,42.21296523745137,-84.32839287181389,0.098661,2,Asphalt,Local,65,2026-08-16,Medium,1000,10,Moderate,Crack Seal,1,provisional,Michigan GIS Open Data + Paventra rehearsal assumptions,2026-08-16
LEO-ROAD-1276,LEO-1276-9184013800992238009921,Zygmunt Landing Dr,,,Leoni Township,42.21295045384124,-84.32791512136055,0.027007,2,Asphalt,Local,65,2026-08-16,Medium,1000,10,Moderate,Crack Seal,1,provisional,Michigan GIS Open Data + Paventra rehearsal assumptions,2026-08-16
LEO-ROAD-1277,LEO-1277-9184013800992338009922,Zygmunt Landing Dr,,,Leoni Township,42.21296523745137,-84.32839287181389,0.024524,2,Asphalt,Local,65,2026-08-16,Medium,1000,10,Moderate,Crack Seal,1,provisional,Michigan GIS Open Data + Paventra rehearsal assumptions,2026-08-16
LEO-ROAD-1278,LEO-1278-9184013800992438009923,Zygmunt Landing Dr,,,Leoni Township,42.21299057226813,-84.33158599347018,0.16378,2,Asphalt,Local,65,2026-08-16,Medium,1000,10,Moderate,Crack Seal,1,provisional,Michigan GIS Open Data + Paventra rehearsal assumptions,2026-08-16
LEO-ROAD-1279,LEO-1279-33801033800992438009850,Hoyer Rd,,,Leoni Township,42.21299057226813,-84.33158599347018,0.082095,2,Asphalt,Local,65,2026-08-16,Medium,1000,10,Moderate,Crack Seal,1,provisional,Michigan GIS Open Data + Paventra rehearsal assumptions,2026-08-16
LEO-ROAD-1280,LEO-1280-9208013801820038009919,Wanda Dr,,,Leoni Township,42.21231833135019,-84.32514217253853,0.045076,2,Asphalt,Local,65,2026-08-16,Medium,1000,10,Moderate,Crack Seal,1,provisional,Michigan GIS Open Data + Paventra rehearsal assumptions,2026-08-16
LEO-ROAD-1281,LEO-1281-33815893800998238009979,Dorrell Rd,,,Leoni Township,42.210855532809305,-84.25669308003478,0.125912,2,Asphalt,Local,65,2026-08-16,Medium,1000,10,Moderate,Crack Seal,1,provisional,Michigan GIS Open Data + Paventra rehearsal assumptions,2026-08-16
LEO-ROAD-1282,LEO-1282-33810803800998538009982,Dorrell Rd,,,Leoni Township,42.2108982316433,-84.26187990058848,0.266061,2,Asphalt,Local,65,2026-08-16,Medium,1000,10,Moderate,Crack Seal,1,provisional,Michigan GIS Open Data + Paventra rehearsal assumptions,2026-08-16
LEO-ROAD-1283,LEO-1283-33810803800998938009985,Dorrell Rd,,,Leoni Township,42.21094151471219,-84.26881740528452,0.355864,2,Asphalt,Local,65,2026-08-16,Medium,1000,10,Moderate,Crack Seal,1,provisional,Michigan GIS Open Data + Paventra rehearsal assumptions,2026-08-16
LEO-ROAD-1284,LEO-1284-9159023800998938009501,S Portage Rd,,,Leoni Township,42.21094151471219,-84.26881740528452,0.501014,2,Asphalt,Local,65,2026-08-16,Medium,1000,10,Moderate,Crack Seal,1,provisional,Michigan GIS Open Data + Paventra rehearsal assumptions,2026-08-16
LEO-ROAD-1285,LEO-1285-33810803800999738009989,Dorrell Rd,,,Leoni Township,42.210990459993056,-84.27761825173607,0.451424,2,Asphalt,Local,65,2026-08-16,Medium,1000,10,Moderate,Crack Seal,1,provisional,Michigan GIS Open Data + Paventra rehearsal assumptions,2026-08-16
LEO-ROAD-1286,LEO-1286-9208233801820538009996,Memory Ln,,,Leoni Township,42.211742203137646,-84.3270292455656,0.015951,2,Asphalt,Local,65,2026-08-16,Medium,1000,10,Moderate,Crack Seal,1,provisional,Michigan GIS Open Data + Paventra rehearsal assumptions,2026-08-16
LEO-ROAD-1287,LEO-1287-9208233800999538018205,Memory Ln,,,Leoni Township,42.211749087743875,-84.32789614497194,0.044465,2,Asphalt,Local,65,2026-08-16,Medium,1000,10,Moderate,Crack Seal,1,provisional,Michigan GIS Open Data + Paventra rehearsal assumptions,2026-08-16
LEO-ROAD-1288,LEO-1288-9208023800999538009922,Love Ln,,,Leoni Township,42.211749087743875,-84.32789614497194,0.082891,2,Asphalt,Local,65,2026-08-16,Medium,1000,10,Moderate,Crack Seal,1,provisional,Michigan GIS Open Data + Paventra rehearsal assumptions,2026-08-16
LEO-ROAD-1289,LEO-1289-33810803800999938009997,Dorrell Rd,,,Leoni Township,42.21100563690646,-84.2792685360519,0.08465,2,Asphalt,Local,65,2026-08-16,Medium,1000,10,Moderate,Crack Seal,1,provisional,Michigan GIS Open Data + Paventra rehearsal assumptions,2026-08-16
LEO-ROAD-1290,LEO-1290-9208133800999538018206,Memory Ln,,,Leoni Township,42.211749087743875,-84.32789614497194,0.039353,2,Asphalt,Local,65,2026-08-16,Medium,1000,10,Moderate,Crack Seal,1,provisional,Michigan GIS Open Data + Paventra rehearsal assumptions,2026-08-16
LEO-ROAD-1291,LEO-1291-9208133801820638009993,Memory Ln,,,Leoni Township,42.2117563157399,-84.32866336060454,0.013332,2,Asphalt,Local,65,2026-08-16,Medium,1000,10,Moderate,Crack Seal,1,provisional,Michigan GIS Open Data + Paventra rehearsal assumptions,2026-08-16
LEO-ROAD-1292,LEO-1292-9012033800999938017290,Napoleon Rd,,,Leoni Township,42.21100563690646,-84.2792685360519,0.610403,2,Asphalt,Local,65,2026-08-16,Medium,1000,10,Moderate,Crack Seal,1,provisional,Michigan GIS Open Data + Paventra rehearsal assumptions,2026-08-16
LEO-ROAD-1293,LEO-1293-33809853801729038017287,S Price Lake Dr,,,Leoni Township,42.21366751744692,-84.28995860525932,0.218027,2,Asphalt,Local,65,2026-08-16,Medium,1000,10,Moderate,Crack Seal,1,provisional,Michigan GIS Open Data + Paventra rehearsal assumptions,2026-08-16
LEO-ROAD-1294,LEO-1294-9208013801002638018200,Wanda Dr,,,Leoni Township,42.21154664616968,-84.32562147471127,0.058732,2,Asphalt,Local,65,2026-08-16,Medium,1000,10,Moderate,Crack Seal,1,provisional,Michigan GIS Open Data + Paventra rehearsal assumptions,2026-08-16
LEO-ROAD-1295,LEO-1295-33817413800998238010030,Sechler Dr,,,Leoni Township,42.210855532809305,-84.25669308003478,0.039548,2,Asphalt,Local,65,2026-08-16,Medium,1000,10,Moderate,Crack Seal,1,provisional,Michigan GIS Open Data + Paventra rehearsal assumptions,2026-08-16
LEO-ROAD-1296,LEO-1296-17734063801003038017016,Koko Ln,,,Leoni Township,42.210313466280176,-84.25653434755476,0.08305,2,Asphalt,Local,65,2026-08-16,Medium,1000,10,Moderate,Crack Seal,1,provisional,Michigan GIS Open Data + Paventra rehearsal assumptions,2026-08-16
LEO-ROAD-1297,LEO-1297-33801033801004538009924,Hoyer Rd,,,Leoni Township,42.21128844038627,-84.33154688948574,0.117454,2,Asphalt,Local,65,2026-08-16,Medium,1000,10,Moderate,Crack Seal,1,provisional,Michigan GIS Open Data + Paventra rehearsal assumptions,2026-08-16
LEO-ROAD-1298,LEO-1298-33811033802005938018822,Coronado Dr,,,Leoni Township,42.21046802645286,-84.2810175047516,0.016834,2,Asphalt,Local,65,2026-08-16,Medium,1000,10,Moderate,Crack Seal,1,provisional,Michigan GIS Open Data + Paventra rehearsal assumptions,2026-08-16
LEO-ROAD-1299,LEO-1299-9009043800965138010053,E South St,,,Leoni Township,42.21736620674758,-84.35079451862866,0.449107,2,Asphalt,Local,65,2026-08-16,Medium,1000,10,Moderate,Crack Seal,1,provisional,Michigan GIS Open Data + Paventra rehearsal assumptions,2026-08-16
LEO-ROAD-1300,LEO-1300-33806603801006638009997,Napoleon Rd,,,Leoni Township,42.2102922066053,-84.27846451465695,0.06679,2,Asphalt,Local,65,2026-08-16,Medium,1000,10,Moderate,Crack Seal,1,provisional,Michigan GIS Open Data + Paventra rehearsal assumptions,2026-08-16
LEO-ROAD-1301,LEO-1301-9012033801006638009999,Napoleon Rd,,,Leoni Township,42.2102922066053,-84.27846451465695,0.069693,2,Asphalt,Local,65,2026-08-16,Medium,1000,10,Moderate,Crack Seal,1,provisional,Michigan GIS Open Data + Paventra rehearsal assumptions,2026-08-16
LEO-ROAD-1302,LEO-1302-8991093801006438009758,N US 127,,,Leoni Township,42.211578416316705,-84.36381093177694,0.325465,2,Asphalt,Local,65,2026-08-16,Medium,1000,10,Moderate,Crack Seal,1,provisional,Michigan GIS Open Data + Paventra rehearsal assumptions,2026-08-16
LEO-ROAD-1303,LEO-1303-8991103801006338009761,S US 127,,,Leoni Township,42.211580195691226,-84.36408083002681,0.322015,2,Asphalt,Local,65,2026-08-16,Medium,1000,10,Moderate,Crack Seal,1,provisional,Michigan GIS Open Data + Paventra rehearsal assumptions,2026-08-16
LEO-ROAD-1304,LEO-1304-33811043802006038018823,Coronado Dr,,,Leoni Township,42.21024402164552,-84.28485399685476,0.017616,2,Asphalt,Local,65,2026-08-16,Medium,1000,10,Moderate,Crack Seal,1,provisional,Michigan GIS Open Data + Paventra rehearsal assumptions,2026-08-16
LEO-ROAD-1305,LEO-1305-33800453801701638010099,Nash Dr,,,Leoni Township,42.21023494854063,-84.25492683470151,0.061288,2,Asphalt,Local,65,2026-08-16,Medium,1000,10,Moderate,Crack Seal,1,provisional,Michigan GIS Open Data + Paventra rehearsal assumptions,2026-08-16
LEO-ROAD-1306,LEO-1306-17734053801009738010099,Bonnie Jean Ln,,,Leoni Township,42.20936004062932,-84.25650822124203,0.082911,2,Asphalt,Local,65,2026-08-16,Medium,1000,10,Moderate,Crack Seal,1,provisional,Michigan GIS Open Data + Paventra rehearsal assumptions,2026-08-16
LEO-ROAD-1307,LEO-1307-33817413801003038010097,Sechler Dr,,,Leoni Township,42.210313466280176,-84.25653434755476,0.065793,2,Asphalt,Local,65,2026-08-16,Medium,1000,10,Moderate,Crack Seal,1,provisional,Michigan GIS Open Data + Paventra rehearsal assumptions,2026-08-16
LEO-ROAD-1308,LEO-1308-9012033801888738010066,Napoleon Rd,,,Leoni Township,42.20892772651678,-84.27842595727314,0.09416,2,Asphalt,Local,65,2026-08-16,Medium,1000,10,Moderate,Crack Seal,1,provisional,Michigan GIS Open Data + Paventra rehearsal assumptions,2026-08-16
LEO-ROAD-1309,LEO-1309-33811053801888638018887,Coronado Dr,,,Leoni Township,42.208928496812355,-84.27920030128013,0.039718,2,Asphalt,Local,65,2026-08-16,Medium,1000,10,Moderate,Crack Seal,1,provisional,Michigan GIS Open Data + Paventra rehearsal assumptions,2026-08-16
LEO-ROAD-1310,LEO-1310-33811033801888638020059,Coronado Dr,,,Leoni Township,42.208928496812355,-84.27920030128013,0.183779,2,Asphalt,Local,65,2026-08-16,Medium,1000,10,Moderate,Crack Seal,1,provisional,Michigan GIS Open Data + Paventra rehearsal assumptions,2026-08-16
LEO-ROAD-1311,LEO-1311-33800453801009938010165,Nash Dr,,,Leoni Township,42.20935106550313,-84.2548917913145,0.068495,2,Asphalt,Local,65,2026-08-16,Medium,1000,10,Moderate,Crack Seal,1,provisional,Michigan GIS Open Data + Paventra rehearsal assumptions,2026-08-16
LEO-ROAD-1312,LEO-1312-17734103801016838010169,Grayling Ln,,,Leoni Township,42.208313691526854,-84.2524137117586,0.033165,2,Asphalt,Local,65,2026-08-16,Medium,1000,10,Moderate,Crack Seal,1,provisional,Michigan GIS Open Data + Paventra rehearsal assumptions,2026-08-16
LEO-ROAD-1313,LEO-1313-17734103801016738010168,Grayling Ln,,,Leoni Township,42.20833136957013,-84.25364273538744,0.063051,2,Asphalt,Local,65,2026-08-16,Medium,1000,10,Moderate,Crack Seal,1,provisional,Michigan GIS Open Data + Paventra rehearsal assumptions,2026-08-16
LEO-ROAD-1314,LEO-1314-17734103801016538010167,Grayling Ln,,,Leoni Township,42.20835872530902,-84.25491233021687,0.065148,2,Asphalt,Local,65,2026-08-16,Medium,1000,10,Moderate,Crack Seal,1,provisional,Michigan GIS Open Data + Paventra rehearsal assumptions,2026-08-16
LEO-ROAD-1315,LEO-1315-33811043801888638020060,Coronado Dr,,,Leoni Township,42.208928496812355,-84.27920030128013,0.355758,2,Asphalt,Local,65,2026-08-16,Medium,1000,10,Moderate,Crack Seal,1,provisional,Michigan GIS Open Data + Paventra rehearsal assumptions,2026-08-16
LEO-ROAD-1316,LEO-1316-33817413801009738010219,Sechler Dr,,,Leoni Township,42.20936004062932,-84.25650822124203,0.096932,2,Asphalt,Local,65,2026-08-16,Medium,1000,10,Moderate,Crack Seal,1,provisional,Michigan GIS Open Data + Paventra rehearsal assumptions,2026-08-16
LEO-ROAD-1317,LEO-1317-9012033802006138018887,Napoleon Rd,,,Leoni Township,42.20729309363746,-84.27838651312584,0.112799,2,Asphalt,Local,65,2026-08-16,Medium,1000,10,Moderate,Crack Seal,1,provisional,Michigan GIS Open Data + Paventra rehearsal assumptions,2026-08-16
LEO-ROAD-1318,LEO-1318-33800453801016538010261,Nash Dr,,,Leoni Township,42.20835872530902,-84.25491233021687,0.105778,2,Asphalt,Local,65,2026-08-16,Medium,1000,10,Moderate,Crack Seal,1,provisional,Michigan GIS Open Data + Paventra rehearsal assumptions,2026-08-16
LEO-ROAD-1319,LEO-1319-33813463802006138020064,El Cajon Ln,,,Leoni Township,42.20729309363746,-84.27838651312584,0.225839,2,Asphalt,Local,65,2026-08-16,Medium,1000,10,Moderate,Crack Seal,1,provisional,Michigan GIS Open Data + Paventra rehearsal assumptions,2026-08-16
LEO-ROAD-1320,LEO-1320-17735023801030738010168,Bellrose Dr,,,Leoni Township,42.20589575896013,-84.2523726719475,0.166895,2,Asphalt,Local,65,2026-08-16,Medium,1000,10,Moderate,Crack Seal,1,provisional,Michigan GIS Open Data + Paventra rehearsal assumptions,2026-08-16
LEO-ROAD-1321,LEO-1321-17735013801031638010167,Gaylord Dr,,,Leoni Township,42.205834411374255,-84.25355963000334,0.172324,2,Asphalt,Local,65,2026-08-16,Medium,1000,10,Moderate,Crack Seal,1,provisional,Michigan GIS Open Data + Paventra rehearsal assumptions,2026-08-16
LEO-ROAD-1322,LEO-1322-33817403801030738010316,Jennings Dr,,,Leoni Township,42.20589575896013,-84.2523726719475,0.063659,2,Asphalt,Local,65,2026-08-16,Medium,1000,10,Moderate,Crack Seal,1,provisional,Michigan GIS Open Data + Paventra rehearsal assumptions,2026-08-16
LEO-ROAD-1323,LEO-1323-33817403801031638010318,Jennings Dr,,,Leoni Township,42.205834411374255,-84.25355963000334,0.08344,2,Asphalt,Local,65,2026-08-16,Medium,1000,10,Moderate,Crack Seal,1,provisional,Michigan GIS Open Data + Paventra rehearsal assumptions,2026-08-16
LEO-ROAD-1324,LEO-1324-33800453801026138010318,Nash Dr,,,Leoni Township,42.206832941463496,-84.25511454171907,0.06765,2,Asphalt,Local,65,2026-08-16,Medium,1000,10,Moderate,Crack Seal,1,provisional,Michigan GIS Open Data + Paventra rehearsal assumptions,2026-08-16
LEO-ROAD-1325,LEO-1325-33817403801031838010320,Jennings Dr,,,Leoni Township,42.20585385085272,-84.25518611606125,0.09898,2,Asphalt,Local,65,2026-08-16,Medium,1000,10,Moderate,Crack Seal,1,provisional,Michigan GIS Open Data + Paventra rehearsal assumptions,2026-08-16
LEO-ROAD-1326,LEO-1326-17734093801032038010261,Manton Dr,,,Leoni Township,42.20587435769965,-84.25711555339451,0.147947,2,Asphalt,Local,65,2026-08-16,Medium,1000,10,Moderate,Crack Seal,1,provisional,Michigan GIS Open Data + Paventra rehearsal assumptions,2026-08-16
LEO-ROAD-1327,LEO-1327-33817403801032038018187,Jennings Dr,,,Leoni Township,42.20587435769965,-84.25711555339451,0.042897,2,Asphalt,Local,65,2026-08-16,Medium,1000,10,Moderate,Crack Seal,1,provisional,Michigan GIS Open Data + Paventra rehearsal assumptions,2026-08-16
LEO-ROAD-1328,LEO-1328-33817403801818738010321,Jennings Dr,,,Leoni Township,42.2058709155378,-84.25795131336754,0.025521,2,Asphalt,Local,65,2026-08-16,Medium,1000,10,Moderate,Crack Seal,1,provisional,Michigan GIS Open Data + Paventra rehearsal assumptions,2026-08-16
LEO-ROAD-1329,LEO-1329-33800453801031838010358,Nash Dr,,,Leoni Township,42.20585385085272,-84.25518611606125,0.025671,2,Asphalt,Local,65,2026-08-16,Medium,1000,10,Moderate,Crack Seal,1,provisional,Michigan GIS Open Data + Paventra rehearsal assumptions,2026-08-16
LEO-ROAD-1330,LEO-1330-9012033802171738020061,Napoleon Rd,,,Leoni Township,42.20504657567594,-84.27836500756288,0.154997,2,Asphalt,Local,65,2026-08-16,Medium,1000,10,Moderate,Crack Seal,1,provisional,Michigan GIS Open Data + Paventra rehearsal assumptions,2026-08-16
LEO-ROAD-1331,LEO-1331-33816903802171738021718,Jerrys Dr,,,Leoni Township,42.20504657567594,-84.27836500756288,0.125455,2,Asphalt,Local,65,2026-08-16,Medium,1000,10,Moderate,Crack Seal,1,provisional,Michigan GIS Open Data + Paventra rehearsal assumptions,2026-08-16
LEO-ROAD-1332,LEO-1332-9159023801042238009989,S Portage Rd,,,Leoni Township,42.20469671077105,-84.26590432101834,0.484828,2,Asphalt,Local,65,2026-08-16,Medium,1000,10,Moderate,Crack Seal,1,provisional,Michigan GIS Open Data + Paventra rehearsal assumptions,2026-08-16
LEO-ROAD-1333,LEO-1333-9012033802006238021717,Napoleon Rd,,,Leoni Township,42.20371966956181,-84.27833809588432,0.091557,2,Asphalt,Local,65,2026-08-16,Medium,1000,10,Moderate,Crack Seal,1,provisional,Michigan GIS Open Data + Paventra rehearsal assumptions,2026-08-16
LEO-ROAD-1334,LEO-1334-33813473802006238020065,Skit Dr,,,Leoni Township,42.20371966956181,-84.27833809588432,0.163781,2,Asphalt,Local,65,2026-08-16,Medium,1000,10,Moderate,Crack Seal,1,provisional,Michigan GIS Open Data + Paventra rehearsal assumptions,2026-08-16
LEO-ROAD-1335,LEO-1335-9159023801054738010422,S Portage Rd,,,Leoni Township,42.2027360255978,-84.26487902383269,0.145385,2,Asphalt,Local,65,2026-08-16,Medium,1000,10,Moderate,Crack Seal,1,provisional,Michigan GIS Open Data + Paventra rehearsal assumptions,2026-08-16
LEO-ROAD-1336,LEO-1336-9169113801064438010668,Highland Dr,,,Leoni Township,42.20095658710682,-84.2491253926255,0.045763,2,Asphalt,Local,65,2026-08-16,Medium,1000,10,Moderate,Crack Seal,1,provisional,Michigan GIS Open Data + Paventra rehearsal assumptions,2026-08-16
LEO-ROAD-1337,LEO-1337-18341183801054738010788,Wolf Lake Forest Rd,,,Leoni Township,42.2027360255978,-84.26487902383269,0.782616,2,Asphalt,Local,65,2026-08-16,Medium,1000,10,Moderate,Crack Seal,1,provisional,Michigan GIS Open Data + Paventra rehearsal assumptions,2026-08-16
LEO-ROAD-1338,LEO-1338-9159023802532738010547,S Portage Rd,,,Leoni Township,42.19756709913898,-84.26359104567634,0.368912,2,Asphalt,Local,65,2026-08-16,Medium,1000,10,Moderate,Crack Seal,1,provisional,Michigan GIS Open Data + Paventra rehearsal assumptions,2026-08-16
LEO-ROAD-1339,LEO-1339-9012033801093538020062,Napoleon Rd,,,Leoni Township,42.19712416337192,-84.27816305808348,0.455198,2,Asphalt,Local,65,2026-08-16,Medium,1000,10,Moderate,Crack Seal,1,provisional,Michigan GIS Open Data + Paventra rehearsal assumptions,2026-08-16
LEO-ROAD-1340,LEO-1340-9011073801096638010979,Moon Lake Rd,,,Leoni Township,42.196841651980776,-84.28099694497793,0.010494,2,Asphalt,Local,65,2026-08-16,Medium,1000,10,Moderate,Crack Seal,1,provisional,Michigan GIS Open Data + Paventra rehearsal assumptions,2026-08-16
LEO-ROAD-1341,LEO-1341-9159023801098938025327,S Portage Rd,,,Leoni Township,42.19642681649822,-84.26459035932163,0.099433,2,Asphalt,Local,65,2026-08-16,Medium,1000,10,Moderate,Crack Seal,1,provisional,Michigan GIS Open Data + Paventra rehearsal assumptions,2026-08-16
LEO-ROAD-1342,LEO-1342-33806613801100138010935,Napoleon Rd,,,Leoni Township,42.196504014075344,-84.2781534159559,0.042788,2,Asphalt,Local,65,2026-08-16,Medium,1000,10,Moderate,Crack Seal,1,provisional,Michigan GIS Open Data + Paventra rehearsal assumptions,2026-08-16
LEO-ROAD-1343,LEO-1343-9012033801100038010935,Napoleon Rd,,,Leoni Township,42.19647808196539,-84.2771020521755,0.074592,2,Asphalt,Local,65,2026-08-16,Medium,1000,10,Moderate,Crack Seal,1,provisional,Michigan GIS Open Data + Paventra rehearsal assumptions,2026-08-16
LEO-ROAD-1344,LEO-1344-9011073801100138011000,Moon Lake Rd,,,Leoni Township,42.196504014075344,-84.2781534159559,0.05397,2,Asphalt,Local,65,2026-08-16,Medium,1000,10,Moderate,Crack Seal,1,provisional,Michigan GIS Open Data + Paventra rehearsal assumptions,2026-08-16
LEO-ROAD-1345,LEO-1345-9011073801097938021426,Moon Lake Rd,,,Leoni Township,42.19678267853767,-84.28080839346255,0.054161,2,Asphalt,Local,65,2026-08-16,Medium,1000,10,Moderate,Crack Seal,1,provisional,Michigan GIS Open Data + Paventra rehearsal assumptions,2026-08-16
LEO-ROAD-1346,LEO-1346-9011073802142638011001,Moon Lake Rd,,,Leoni Township,42.19649539522899,-84.27983078108818,0.086057,2,Asphalt,Local,65,2026-08-16,Medium,1000,10,Moderate,Crack Seal,1,provisional,Michigan GIS Open Data + Paventra rehearsal assumptions,2026-08-16
LEO-ROAD-1347,LEO-1347-9011073802142538010966,Moon Lake Rd,,,Leoni Township,42.19652271398875,-84.28393112072897,0.158474,2,Asphalt,Local,65,2026-08-16,Medium,1000,10,Moderate,Crack Seal,1,provisional,Michigan GIS Open Data + Paventra rehearsal assumptions,2026-08-16
LEO-ROAD-1348,LEO-1348-9011073801100838021425,Moon Lake Rd,,,Leoni Township,42.19653396043516,-84.28572872988727,0.092234,2,Asphalt,Local,65,2026-08-16,Medium,1000,10,Moderate,Crack Seal,1,provisional,Michigan GIS Open Data + Paventra rehearsal assumptions,2026-08-16
LEO-ROAD-1349,LEO-1349-9011073801101638011008,Moon Lake Rd,,,Leoni Township,42.196546073793776,-84.28797342558386,0.11516,2,Asphalt,Local,65,2026-08-16,Medium,1000,10,Moderate,Crack Seal,1,provisional,Michigan GIS Open Data + Paventra rehearsal assumptions,2026-08-16
